molecule_id,seed,conformer_id,orientation_index,sasa_A2
target,20260928,0,0,456.956738108215
target,20260928,0,1,457.0044261629261
target,20260928,0,2,454.5728572338892
target,20260928,0,3,459.53849129842337
target,20260928,0,4,457.0772160335348
target,20260928,0,5,458.754938084798
target,20260928,0,6,454.8863533997297
target,20260928,0,7,454.18448476656556
target,20260928,0,8,456.56201713447354
target,20260928,0,9,453.1571083822538
target,20260928,0,10,458.91719974027933
target,20260928,0,11,455.4141624272878
target,20260928,0,12,457.62430809719064
target,20260928,0,13,458.47996142193347
target,20260928,0,14,448.1833968537609
target,20260928,0,15,459.35681891104065
target,20260928,0,16,451.7147179957529
target,20260928,0,17,458.4104975655778
target,20260928,0,18,449.34545468721547
target,20260928,0,19,456.74236173320315
target,20260928,0,20,454.1433834553912
target,20260928,0,21,455.12548889235734
target,20260928,0,22,454.2113907019532
target,20260928,0,23,452.49024526555485
target,20260928,1,0,457.1943324829727
target,20260928,1,1,455.0006739095242
target,20260928,1,2,453.44028855632865
target,20260928,1,3,454.05558596997537
target,20260928,1,4,458.11247232408067
target,20260928,1,5,454.55081374203996
target,20260928,1,6,455.6961634604919
target,20260928,1,7,457.4207555739074
target,20260928,1,8,456.3016982883039
target,20260928,1,9,454.65872248442093
target,20260928,1,10,456.1101287418926
target,20260928,1,11,452.9757010396465
target,20260928,1,12,455.25184208870184
target,20260928,1,13,457.9550607779588
target,20260928,1,14,459.1172533150493
target,20260928,1,15,450.2279201730864
target,20260928,1,16,456.78778897162204
target,20260928,1,17,454.8099092766518
target,20260928,1,18,456.3434247004627
target,20260928,1,19,455.12154271356985
target,20260928,1,20,454.88788121583053
target,20260928,1,21,456.6119059676603
target,20260928,1,22,455.93836343211603
target,20260928,1,23,456.8389547857016
target,20260929,2,0,454.4368690159368
target,20260929,2,1,454.2478198932734
target,20260929,2,2,453.91505193132355
target,20260929,2,3,455.7422812512978
target,20260929,2,4,456.54790661341906
target,20260929,2,5,457.33109989335253
target,20260929,2,6,454.6055996057337
target,20260929,2,7,446.675844273421
target,20260929,2,8,456.8473512726273
target,20260929,2,9,457.39211771361266
target,20260929,2,10,454.79129990854204
target,20260929,2,11,455.58803244004423
target,20260929,2,12,457.3426675673277
target,20260929,2,13,455.7771728920753
target,20260929,2,14,452.4148210731413
target,20260929,2,15,452.94628964286863
target,20260929,2,16,454.69007470758567
target,20260929,2,17,459.19108929985117
target,20260929,2,18,451.6557319611159
target,20260929,2,19,458.4612308027733
target,20260929,2,20,454.88785467992057
target,20260929,2,21,457.53108016375074
target,20260929,2,22,455.22058575920516
target,20260929,2,23,453.9262091961158
target,20260929,3,0,456.92710419342905
target,20260929,3,1,453.58816038897675
target,20260929,3,2,449.2645557598661
target,20260929,3,3,455.13694844024405
target,20260929,3,4,447.7541749598653
target,20260929,3,5,455.9794753300827
target,20260929,3,6,456.09802395503755
target,20260929,3,7,456.3175446555899
target,20260929,3,8,457.0459899591812
target,20260929,3,9,456.8302497529809
target,20260929,3,10,456.47028174561757
target,20260929,3,11,457.5519268075747
target,20260929,3,12,455.09810282146367
target,20260929,3,13,454.6833390353192
target,20260929,3,14,453.2649073768055
target,20260929,3,15,452.0705975795984
target,20260929,3,16,455.9243011183243
target,20260929,3,17,454.86698319483804
target,20260929,3,18,456.8384715450264
target,20260929,3,19,457.1806579663738
target,20260929,3,20,451.8177054969238
target,20260929,3,21,456.6655265199651
target,20260929,3,22,458.0866367363886
target,20260929,3,23,455.76355432200137
target,20260930,4,0,454.95866043104513
target,20260930,4,1,455.7897754349638
target,20260930,4,2,454.1011133639463
target,20260930,4,3,455.0834240889322
target,20260930,4,4,451.9940099552775
target,20260930,4,5,454.1605146793467
target,20260930,4,6,454.6769538516656
target,20260930,4,7,453.62221924981424
target,20260930,4,8,455.23965676555247
target,20260930,4,9,455.9027659626597
target,20260930,4,10,455.12762651302546
target,20260930,4,11,457.4112379257716
target,20260930,4,12,456.56898488756036
target,20260930,4,13,457.89437769693893
target,20260930,4,14,458.0769332427335
target,20260930,4,15,449.9330239319551
target,20260930,4,16,453.50001610809096
target,20260930,4,17,455.57835509732837
target,20260930,4,18,454.95458760566305
target,20260930,4,19,456.20350297326144
target,20260930,4,20,460.50101167645477
target,20260930,4,21,458.85789122547527
target,20260930,4,22,458.12140133739814
target,20260930,4,23,454.30526542412207
target,20260930,5,0,455.7396635881707
target,20260930,5,1,457.0509390260596
target,20260930,5,2,456.8332686592636
target,20260930,5,3,456.5636127053902
target,20260930,5,4,459.7266076214203
target,20260930,5,5,456.4476784490337
target,20260930,5,6,455.5221204393252
target,20260930,5,7,451.6433355660555
target,20260930,5,8,455.84176715492316
target,20260930,5,9,455.3555723975631
target,20260930,5,10,454.44137646726415
target,20260930,5,11,455.33282065587804
target,20260930,5,12,456.9212303123622
target,20260930,5,13,453.03185258080384
target,20260930,5,14,455.91339278168033
target,20260930,5,15,444.4793338967502
target,20260930,5,16,458.42156830405514
target,20260930,5,17,455.98139461795125
target,20260930,5,18,455.32361110800275
target,20260930,5,19,455.0279959503245
target,20260930,5,20,460.8464291443174
target,20260930,5,21,458.5789303799145
target,20260930,5,22,455.5627231649713
target,20260930,5,23,454.1975436336979
melatonin,20260928,0,0,480.25561433288044
melatonin,20260928,0,1,478.8354070968497
melatonin,20260928,0,2,481.3465328791009
melatonin,20260928,0,3,482.9235929088427
melatonin,20260928,0,4,484.2037421109283
melatonin,20260928,0,5,480.7597329748229
melatonin,20260928,0,6,481.3910002505793
melatonin,20260928,0,7,480.5837115850877
melatonin,20260928,0,8,480.3056867390153
melatonin,20260928,0,9,482.86907047261633
melatonin,20260928,0,10,480.95419229901086
melatonin,20260928,0,11,479.9306061481427
melatonin,20260928,0,12,479.6599164897486
melatonin,20260928,0,13,483.7900688160484
melatonin,20260928,0,14,481.66413397201035
melatonin,20260928,0,15,478.9445326653731
melatonin,20260928,0,16,480.7584993041662
melatonin,20260928,0,17,481.7121384822146
melatonin,20260928,0,18,480.2001646308432
melatonin,20260928,0,19,480.5284472826685
melatonin,20260928,0,20,481.18502240646137
melatonin,20260928,0,21,482.86681059866834
melatonin,20260928,0,22,483.7509754663578
melatonin,20260928,0,23,478.7751665568208
melatonin,20260928,1,0,484.8422420852759
melatonin,20260928,1,1,484.78514618196414
melatonin,20260928,1,2,487.7706110024264
melatonin,20260928,1,3,486.6153924077624
melatonin,20260928,1,4,485.3502694305312
melatonin,20260928,1,5,485.2881306724724
melatonin,20260928,1,6,484.98572490989176
melatonin,20260928,1,7,484.9942554484673
melatonin,20260928,1,8,485.813348422848
melatonin,20260928,1,9,488.2169890123715
melatonin,20260928,1,10,485.7363880717742
melatonin,20260928,1,11,484.2821490369413
melatonin,20260928,1,12,487.1106615522661
melatonin,20260928,1,13,487.717202717466
melatonin,20260928,1,14,487.2051205575085
melatonin,20260928,1,15,483.21511580552385
melatonin,20260928,1,16,486.6089492236827
melatonin,20260928,1,17,486.72333435434365
melatonin,20260928,1,18,485.40467597479767
melatonin,20260928,1,19,486.2194247881846
melatonin,20260928,1,20,485.59215277431076
melatonin,20260928,1,21,485.97822649252794
melatonin,20260928,1,22,485.3691196853018
melatonin,20260928,1,23,487.3425123646321
melatonin,20260928,2,0,469.91834915598713
melatonin,20260928,2,1,466.0356707271279
melatonin,20260928,2,2,465.8637744027027
melatonin,20260928,2,3,466.0124760733418
melatonin,20260928,2,4,467.3138772005629
melatonin,20260928,2,5,465.8092618069669
melatonin,20260928,2,6,467.1211968329773
melatonin,20260928,2,7,467.7164825450951
melatonin,20260928,2,8,466.4697023281755
melatonin,20260928,2,9,467.5066398874913
melatonin,20260928,2,10,469.70681347802713
melatonin,20260928,2,11,468.93834255149443
melatonin,20260928,2,12,465.49232911207827
melatonin,20260928,2,13,468.84131587690484
melatonin,20260928,2,14,466.9768156658217
melatonin,20260928,2,15,464.673671648664
melatonin,20260928,2,16,468.3678832064973
melatonin,20260928,2,17,468.00707023874907
melatonin,20260928,2,18,467.081557406582
melatonin,20260928,2,19,465.596310605726
melatonin,20260928,2,20,463.7532481355433
melatonin,20260928,2,21,458.79367255589887
melatonin,20260928,2,22,466.7178961135065
melatonin,20260928,2,23,466.20426892420915
melatonin,20260928,3,0,480.6466137772204
melatonin,20260928,3,1,484.5379791352635
melatonin,20260928,3,2,483.4609608339141
melatonin,20260928,3,3,481.3208089276267
melatonin,20260928,3,4,485.0302195195139
melatonin,20260928,3,5,479.3520388636672
melatonin,20260928,3,6,480.1836826282748
melatonin,20260928,3,7,481.03078963076155
melatonin,20260928,3,8,481.3855586625582
melatonin,20260928,3,9,484.1022887006324
melatonin,20260928,3,10,479.99643527607583
melatonin,20260928,3,11,480.7772566146829
melatonin,20260928,3,12,482.7979189812796
melatonin,20260928,3,13,482.14899816326533
melatonin,20260928,3,14,481.50806330820257
melatonin,20260928,3,15,474.27303495090547
melatonin,20260928,3,16,482.6429977903146
melatonin,20260928,3,17,480.77222058707264
melatonin,20260928,3,18,482.07615804964007
melatonin,20260928,3,19,480.2337235533387
melatonin,20260928,3,20,482.9757742570857
melatonin,20260928,3,21,481.7069352784242
melatonin,20260928,3,22,482.37687883057066
melatonin,20260928,3,23,480.7966606136888
melatonin,20260928,4,0,469.81254909127773
melatonin,20260928,4,1,471.78285147183817
melatonin,20260928,4,2,469.35732244380006
melatonin,20260928,4,3,470.6433946819884
melatonin,20260928,4,4,472.9459866276329
melatonin,20260928,4,5,471.29799075238384
melatonin,20260928,4,6,472.4960959097111
melatonin,20260928,4,7,472.6862825856613
melatonin,20260928,4,8,470.46354181475914
melatonin,20260928,4,9,472.4337968644154
melatonin,20260928,4,10,469.6408644941423
melatonin,20260928,4,11,469.53507249787503
melatonin,20260928,4,12,472.0458156002005
melatonin,20260928,4,13,472.5751314823025
melatonin,20260928,4,14,472.8648110582036
melatonin,20260928,4,15,473.9887220260231
melatonin,20260928,4,16,472.87305689695876
melatonin,20260928,4,17,471.08810729267367
melatonin,20260928,4,18,470.4292623984556
melatonin,20260928,4,19,471.810592711192
melatonin,20260928,4,20,472.30588646690154
melatonin,20260928,4,21,472.5431351827614
melatonin,20260928,4,22,472.30833573542816
melatonin,20260928,4,23,470.52215966828106
melatonin,20260928,5,0,479.3180840510228
melatonin,20260928,5,1,483.92312830799955
melatonin,20260928,5,2,479.6069791192745
melatonin,20260928,5,3,480.7232393081139
melatonin,20260928,5,4,479.96939196034884
melatonin,20260928,5,5,481.3621625532604
melatonin,20260928,5,6,480.9842248838425
melatonin,20260928,5,7,478.6410879303152
melatonin,20260928,5,8,480.531137982196
melatonin,20260928,5,9,479.9396633661305
melatonin,20260928,5,10,481.3705700900895
melatonin,20260928,5,11,481.53225867947594
melatonin,20260928,5,12,481.03764144508364
melatonin,20260928,5,13,480.9837538827371
melatonin,20260928,5,14,481.7655435803294
melatonin,20260928,5,15,484.7618579030282
melatonin,20260928,5,16,481.2739567345722
melatonin,20260928,5,17,481.94714031602183
melatonin,20260928,5,18,480.0671059771327
melatonin,20260928,5,19,482.8115362507108
melatonin,20260928,5,20,482.1254234909853
melatonin,20260928,5,21,481.5405923081455
melatonin,20260928,5,22,480.3315441452119
melatonin,20260928,5,23,481.01441108746303
melatonin,20260928,6,0,472.5901995274843
melatonin,20260928,6,1,469.43185999625433
melatonin,20260928,6,2,471.8315718089506
melatonin,20260928,6,3,470.9503939164555
melatonin,20260928,6,4,470.68694576528355
melatonin,20260928,6,5,473.3990012480226
melatonin,20260928,6,6,473.06813101804505
melatonin,20260928,6,7,472.4411162762016
melatonin,20260928,6,8,471.5926679161348
melatonin,20260928,6,9,473.06692474969344
melatonin,20260928,6,10,470.52034164462026
melatonin,20260928,6,11,472.1515559992107
melatonin,20260928,6,12,470.8438069457917
melatonin,20260928,6,13,471.18583101683623
melatonin,20260928,6,14,472.0952102290777
melatonin,20260928,6,15,471.95137553373206
melatonin,20260928,6,16,468.85829367604595
melatonin,20260928,6,17,471.1309586217384
melatonin,20260928,6,18,470.42990056507665
melatonin,20260928,6,19,473.88038551684144
melatonin,20260928,6,20,473.9504979006925
melatonin,20260928,6,21,475.62368465703577
melatonin,20260928,6,22,473.7350461853464
melatonin,20260928,6,23,471.6415442103641
melatonin,20260928,7,0,482.13182329171593
melatonin,20260928,7,1,478.5398898095301
melatonin,20260928,7,2,479.9226502311205
melatonin,20260928,7,3,480.17880909382865
melatonin,20260928,7,4,476.89372214325675
melatonin,20260928,7,5,477.61532661343784
melatonin,20260928,7,6,481.5390312530962
melatonin,20260928,7,7,479.20019611239263
melatonin,20260928,7,8,475.9210919451293
melatonin,20260928,7,9,479.4811110332848
melatonin,20260928,7,10,480.23602722870095
melatonin,20260928,7,11,478.14018541450736
melatonin,20260928,7,12,477.7703818247797
melatonin,20260928,7,13,478.6242951357964
melatonin,20260928,7,14,481.0100744080876
melatonin,20260928,7,15,479.418410414382
melatonin,20260928,7,16,478.69641130424833
melatonin,20260928,7,17,482.3601462295097
melatonin,20260928,7,18,478.4089523453428
melatonin,20260928,7,19,479.8598733032248
melatonin,20260928,7,20,471.537910539778
melatonin,20260928,7,21,476.2610432117515
melatonin,20260928,7,22,479.69123316535655
melatonin,20260928,7,23,480.5470447398799
melatonin,20260928,8,0,471.8740518265293
melatonin,20260928,8,1,471.64103244313276
melatonin,20260928,8,2,472.2641858691197
melatonin,20260928,8,3,472.2426260879756
melatonin,20260928,8,4,468.17810910069306
melatonin,20260928,8,5,472.2266013020679
melatonin,20260928,8,6,470.1552427968296
melatonin,20260928,8,7,471.57146492518166
melatonin,20260928,8,8,471.01528043415976
melatonin,20260928,8,9,470.62430556918787
melatonin,20260928,8,10,472.38751517660637
melatonin,20260928,8,11,472.4446123122457
melatonin,20260928,8,12,471.43883912422524
melatonin,20260928,8,13,473.9521767048693
melatonin,20260928,8,14,471.11299808834235
melatonin,20260928,8,15,470.73034570123224
melatonin,20260928,8,16,469.694714966203
melatonin,20260928,8,17,473.987700501815
melatonin,20260928,8,18,471.13354014650304
melatonin,20260928,8,19,470.93697503160774
melatonin,20260928,8,20,474.5072938595285
melatonin,20260928,8,21,472.0873174296472
melatonin,20260928,8,22,472.18746139647527
melatonin,20260928,8,23,472.597403716325
melatonin,20260928,9,0,481.1646270025944
melatonin,20260928,9,1,483.1748270186304
melatonin,20260928,9,2,474.6364735768859
melatonin,20260928,9,3,481.5937837614503
melatonin,20260928,9,4,482.2790040563112
melatonin,20260928,9,5,482.40781407388477
melatonin,20260928,9,6,481.38583422899904
melatonin,20260928,9,7,478.7570007211051
melatonin,20260928,9,8,481.81780577861986
melatonin,20260928,9,9,481.7685933706961
melatonin,20260928,9,10,481.8482733835599
melatonin,20260928,9,11,479.25289872512303
melatonin,20260928,9,12,481.52839455367604
melatonin,20260928,9,13,479.08546873501626
melatonin,20260928,9,14,479.8359774635145
melatonin,20260928,9,15,487.1689688959537
melatonin,20260928,9,16,480.54140783573104
melatonin,20260928,9,17,480.6491681114949
melatonin,20260928,9,18,480.6949821596603
melatonin,20260928,9,19,481.4195919762785
melatonin,20260928,9,20,476.60446416701575
melatonin,20260928,9,21,477.2367516982515
melatonin,20260928,9,22,482.64464396534265
melatonin,20260928,9,23,480.2102403041225
melatonin,20260928,10,0,467.3150753427207
melatonin,20260928,10,1,466.30728706770776
melatonin,20260928,10,2,462.68347008484153
melatonin,20260928,10,3,466.45855363583354
melatonin,20260928,10,4,465.74031256090007
melatonin,20260928,10,5,466.0518351760369
melatonin,20260928,10,6,466.1557171282382
melatonin,20260928,10,7,467.14580526916035
melatonin,20260928,10,8,466.29787981573037
melatonin,20260928,10,9,469.4894585176087
melatonin,20260928,10,10,467.2896531416
melatonin,20260928,10,11,468.4834256242647
melatonin,20260928,10,12,466.25337098319983
melatonin,20260928,10,13,467.00167805289345
melatonin,20260928,10,14,468.45048855589624
melatonin,20260928,10,15,462.85158476201775
melatonin,20260928,10,16,466.6664743715851
melatonin,20260928,10,17,469.6495511876551
melatonin,20260928,10,18,467.84530629144797
melatonin,20260928,10,19,467.5181848704798
melatonin,20260928,10,20,471.09036750910826
melatonin,20260928,10,21,467.08818204033156
melatonin,20260928,10,22,468.6769480717825
melatonin,20260928,10,23,465.4954743198455
melatonin,20260928,11,0,481.4382524702738
melatonin,20260928,11,1,483.61428759491116
melatonin,20260928,11,2,475.6889667648505
melatonin,20260928,11,3,482.4101998872911
melatonin,20260928,11,4,483.15105244416947
melatonin,20260928,11,5,480.8738144915166
melatonin,20260928,11,6,482.316949362087
melatonin,20260928,11,7,481.37270964429797
melatonin,20260928,11,8,479.1851946030651
melatonin,20260928,11,9,479.0490357708655
melatonin,20260928,11,10,478.9658507020515
melatonin,20260928,11,11,479.7243531245946
melatonin,20260928,11,12,482.80492425271393
melatonin,20260928,11,13,481.6871072450697
melatonin,20260928,11,14,481.24599374458205
melatonin,20260928,11,15,479.47931828600184
melatonin,20260928,11,16,482.4240831640531
melatonin,20260928,11,17,481.2848379034629
melatonin,20260928,11,18,481.29474961359153
melatonin,20260928,11,19,482.45262152913233
melatonin,20260928,11,20,485.2721390891705
melatonin,20260928,11,21,484.40866784946775
melatonin,20260928,11,22,482.90416991897536
melatonin,20260928,11,23,480.89148075086365
melatonin,20260928,12,0,469.63843988235806
melatonin,20260928,12,1,468.56519511474147
melatonin,20260928,12,2,465.6340580966309
melatonin,20260928,12,3,465.70072573194227
melatonin,20260928,12,4,467.2427067807265
melatonin,20260928,12,5,467.5573033339519
melatonin,20260928,12,6,465.77353896228226
melatonin,20260928,12,7,468.7743868327893
melatonin,20260928,12,8,466.48154966610275
melatonin,20260928,12,9,471.2614069915314
melatonin,20260928,12,10,468.06218556581166
melatonin,20260928,12,11,466.46593507444595
melatonin,20260928,12,12,468.18397897848917
melatonin,20260928,12,13,468.0807526664547
melatonin,20260928,12,14,467.2851989767742
melatonin,20260928,12,15,469.8501034261469
melatonin,20260928,12,16,468.8195685166031
melatonin,20260928,12,17,466.085585424776
melatonin,20260928,12,18,468.4300856346867
melatonin,20260928,12,19,465.80922023666443
melatonin,20260928,12,20,468.4844775690388
melatonin,20260928,12,21,469.6007918000992
melatonin,20260928,12,22,467.4812822244108
melatonin,20260928,12,23,467.3457686533974
melatonin,20260928,13,0,482.52465680355095
melatonin,20260928,13,1,480.8563795936091
melatonin,20260928,13,2,480.5363525269033
melatonin,20260928,13,3,481.2690967775386
melatonin,20260928,13,4,480.6385815797104
melatonin,20260928,13,5,478.0886819199388
melatonin,20260928,13,6,480.5824875088623
melatonin,20260928,13,7,481.7164434921299
melatonin,20260928,13,8,480.88004052794855
melatonin,20260928,13,9,481.4074555666939
melatonin,20260928,13,10,479.9375593844986
melatonin,20260928,13,11,479.6632643507829
melatonin,20260928,13,12,481.55000267156834
melatonin,20260928,13,13,480.5050481761089
melatonin,20260928,13,14,481.17719884100984
melatonin,20260928,13,15,479.70014248489537
melatonin,20260928,13,16,480.72969423529287
melatonin,20260928,13,17,480.50143746286733
melatonin,20260928,13,18,480.1681944300908
melatonin,20260928,13,19,480.0208928945133
melatonin,20260928,13,20,476.6734971505739
melatonin,20260928,13,21,474.3627697154291
melatonin,20260928,13,22,482.33701899563107
melatonin,20260928,13,23,483.1789270332067
melatonin,20260928,14,0,469.13864031082227
melatonin,20260928,14,1,468.84418685297527
melatonin,20260928,14,2,469.4454519821935
melatonin,20260928,14,3,469.23044855898695
melatonin,20260928,14,4,468.03116352674635
melatonin,20260928,14,5,467.6356997556761
melatonin,20260928,14,6,467.1953137143173
melatonin,20260928,14,7,467.4601617390224
melatonin,20260928,14,8,469.2350606857952
melatonin,20260928,14,9,467.7962490931476
melatonin,20260928,14,10,469.35016520495367
melatonin,20260928,14,11,468.94996836450474
melatonin,20260928,14,12,467.97054706522636
melatonin,20260928,14,13,468.9200361885795
melatonin,20260928,14,14,468.186397489541
melatonin,20260928,14,15,468.07833838854145
melatonin,20260928,14,16,467.1256058433471
melatonin,20260928,14,17,467.6608006587551
melatonin,20260928,14,18,469.485198525688
melatonin,20260928,14,19,470.70947886443804
melatonin,20260928,14,20,470.22911233339636
melatonin,20260928,14,21,469.12427689946975
melatonin,20260928,14,22,470.15553280298855
melatonin,20260928,14,23,468.3075997855694
melatonin,20260928,15,0,472.25417754630075
melatonin,20260928,15,1,469.8770111735048
melatonin,20260928,15,2,472.2444596258864
melatonin,20260928,15,3,471.31124392409697
melatonin,20260928,15,4,469.07916897221133
melatonin,20260928,15,5,471.3399776115405
melatonin,20260928,15,6,474.42849606799183
melatonin,20260928,15,7,471.39023534225015
melatonin,20260928,15,8,473.5994659419319
melatonin,20260928,15,9,471.68286212114566
melatonin,20260928,15,10,471.15863412894663
melatonin,20260928,15,11,468.35273020719654
melatonin,20260928,15,12,471.4133452210041
melatonin,20260928,15,13,470.3514884553767
melatonin,20260928,15,14,471.39794345105935
melatonin,20260928,15,15,471.180052556855
melatonin,20260928,15,16,471.82463641698087
melatonin,20260928,15,17,471.11822404072285
melatonin,20260928,15,18,471.86241643251105
melatonin,20260928,15,19,473.2973408798289
melatonin,20260928,15,20,471.4222968304492
melatonin,20260928,15,21,472.44748163750006
melatonin,20260928,15,22,474.13489562680303
melatonin,20260928,15,23,469.9266009242264
melatonin,20260928,16,0,487.5203942647842
melatonin,20260928,16,1,485.69921646319403
melatonin,20260928,16,2,486.9460522340043
melatonin,20260928,16,3,486.9832938312611
melatonin,20260928,16,4,486.985988682312
melatonin,20260928,16,5,487.17367019988063
melatonin,20260928,16,6,484.14141810423706
melatonin,20260928,16,7,484.8342059082474
melatonin,20260928,16,8,486.6727686792292
melatonin,20260928,16,9,485.5196549289455
melatonin,20260928,16,10,486.44809563866323
melatonin,20260928,16,11,487.23253484561644
melatonin,20260928,16,12,486.0162364554279
melatonin,20260928,16,13,486.8699932111774
melatonin,20260928,16,14,488.2058143117036
melatonin,20260928,16,15,483.98301595486544
melatonin,20260928,16,16,486.2618546651757
melatonin,20260928,16,17,488.7166074253472
melatonin,20260928,16,18,486.37390864755537
melatonin,20260928,16,19,485.9165408986733
melatonin,20260928,16,20,479.3866170458442
melatonin,20260928,16,21,480.0639724977077
melatonin,20260928,16,22,487.6330647450553
melatonin,20260928,16,23,485.75065052433666
melatonin,20260928,17,0,481.58501867405766
melatonin,20260928,17,1,479.3333777267609
melatonin,20260928,17,2,478.4373134071639
melatonin,20260928,17,3,481.4074806462522
melatonin,20260928,17,4,481.3395081621409
melatonin,20260928,17,5,480.85585759920014
melatonin,20260928,17,6,479.83500059015273
melatonin,20260928,17,7,481.9399567653997
melatonin,20260928,17,8,482.64870003966325
melatonin,20260928,17,9,481.3758811094907
melatonin,20260928,17,10,480.07303476197654
melatonin,20260928,17,11,480.86520510700944
melatonin,20260928,17,12,481.0244484048453
melatonin,20260928,17,13,481.07746987806723
melatonin,20260928,17,14,480.8654429357443
melatonin,20260928,17,15,477.6875758820749
melatonin,20260928,17,16,482.17482862334975
melatonin,20260928,17,17,480.08428354359063
melatonin,20260928,17,18,481.0013282344579
melatonin,20260928,17,19,480.1818455973909
melatonin,20260928,17,20,474.99141154226703
melatonin,20260928,17,21,480.28880456042765
melatonin,20260928,17,22,480.44872616375983
melatonin,20260928,17,23,481.43234818019505
melatonin,20260928,18,0,481.21182090621375
melatonin,20260928,18,1,478.0752217897805
melatonin,20260928,18,2,484.20639433735397
melatonin,20260928,18,3,480.9723052795195
melatonin,20260928,18,4,481.65468230045286
melatonin,20260928,18,5,481.511278379522
melatonin,20260928,18,6,480.8157298539659
melatonin,20260928,18,7,478.9536725911293
melatonin,20260928,18,8,478.67601034776743
melatonin,20260928,18,9,481.6402777638773
melatonin,20260928,18,10,478.6932527634809
melatonin,20260928,18,11,481.18254169194336
melatonin,20260928,18,12,480.35149398202987
melatonin,20260928,18,13,479.05902872129803
melatonin,20260928,18,14,480.2108889513409
melatonin,20260928,18,15,480.46823868855995
melatonin,20260928,18,16,479.24568551164725
melatonin,20260928,18,17,480.339407356321
melatonin,20260928,18,18,481.4180580569811
melatonin,20260928,18,19,478.99693917494744
melatonin,20260928,18,20,483.9436375419561
melatonin,20260928,18,21,481.3855099188719
melatonin,20260928,18,22,478.7270334118571
melatonin,20260928,18,23,480.86990339882294
melatonin,20260928,19,0,464.824106780014
melatonin,20260928,19,1,467.7475438147081
melatonin,20260928,19,2,470.230313821118
melatonin,20260928,19,3,466.0699717243852
melatonin,20260928,19,4,468.58295492811624
melatonin,20260928,19,5,468.5399679246532
melatonin,20260928,19,6,466.90506067339646
melatonin,20260928,19,7,467.75302112609484
melatonin,20260928,19,8,469.95835271770346
melatonin,20260928,19,9,468.19890176500604
melatonin,20260928,19,10,469.0294571809293
melatonin,20260928,19,11,465.16528534950993
melatonin,20260928,19,12,467.1121497353953
melatonin,20260928,19,13,467.35124390447425
melatonin,20260928,19,14,466.9862510984983
melatonin,20260928,19,15,463.47434684170895
melatonin,20260928,19,16,467.82447235156843
melatonin,20260928,19,17,467.46741249625984
melatonin,20260928,19,18,465.746129811774
melatonin,20260928,19,19,464.82555933678697
melatonin,20260928,19,20,467.0468952429004
melatonin,20260928,19,21,467.2612646283764
melatonin,20260928,19,22,467.94828277446555
melatonin,20260928,19,23,467.5424061552337
melatonin,20260929,20,0,469.87252282755514
melatonin,20260929,20,1,469.8960774183445
melatonin,20260929,20,2,467.189114748043
melatonin,20260929,20,3,467.2646108855857
melatonin,20260929,20,4,468.0202178937103
melatonin,20260929,20,5,465.82359067061014
melatonin,20260929,20,6,466.208929777619
melatonin,20260929,20,7,465.51484954348376
melatonin,20260929,20,8,467.92777398710524
melatonin,20260929,20,9,466.64610694111894
melatonin,20260929,20,10,468.9968519835181
melatonin,20260929,20,11,466.38775267333165
melatonin,20260929,20,12,466.5278374688508
melatonin,20260929,20,13,464.80793095890925
melatonin,20260929,20,14,466.6383227404605
melatonin,20260929,20,15,468.97465866270306
melatonin,20260929,20,16,466.8770865444828
melatonin,20260929,20,17,466.7226647650605
melatonin,20260929,20,18,466.8952408213521
melatonin,20260929,20,19,466.07753621278493
melatonin,20260929,20,20,465.6592454586
melatonin,20260929,20,21,466.207303908191
melatonin,20260929,20,22,469.1009666300208
melatonin,20260929,20,23,470.42348153007595
melatonin,20260929,21,0,481.19874773678566
melatonin,20260929,21,1,477.6536616139604
melatonin,20260929,21,2,483.69170160401586
melatonin,20260929,21,3,477.5796793003273
melatonin,20260929,21,4,481.3887993856451
melatonin,20260929,21,5,481.2320219359151
melatonin,20260929,21,6,480.35780471270414
melatonin,20260929,21,7,481.96677036194217
melatonin,20260929,21,8,481.2122931170467
melatonin,20260929,21,9,481.8476108041284
melatonin,20260929,21,10,483.6251109598539
melatonin,20260929,21,11,481.410123455268
melatonin,20260929,21,12,480.0168576945345
melatonin,20260929,21,13,477.213644284565
melatonin,20260929,21,14,480.2781501800986
melatonin,20260929,21,15,479.9019565501748
melatonin,20260929,21,16,478.77003639965585
melatonin,20260929,21,17,480.41809042082787
melatonin,20260929,21,18,480.48841048680293
melatonin,20260929,21,19,482.1158425268656
melatonin,20260929,21,20,479.38740947889215
melatonin,20260929,21,21,480.2356988518997
melatonin,20260929,21,22,481.7591972110105
melatonin,20260929,21,23,482.0872807508647
melatonin,20260929,22,0,480.9810264394166
melatonin,20260929,22,1,477.6504266513443
melatonin,20260929,22,2,479.3177066765596
melatonin,20260929,22,3,483.1397677104927
melatonin,20260929,22,4,478.04711799788157
melatonin,20260929,22,5,475.1678667650414
melatonin,20260929,22,6,476.8608252055876
melatonin,20260929,22,7,477.21635360520787
melatonin,20260929,22,8,476.01186777615595
melatonin,20260929,22,9,479.6963519382234
melatonin,20260929,22,10,479.70859603192855
melatonin,20260929,22,11,478.6053355329432
melatonin,20260929,22,12,479.40020498084084
melatonin,20260929,22,13,478.3596693515457
melatonin,20260929,22,14,478.2582666724682
melatonin,20260929,22,15,480.99160411173267
melatonin,20260929,22,16,480.48403195234823
melatonin,20260929,22,17,482.40604581049666
melatonin,20260929,22,18,478.9590318817361
melatonin,20260929,22,19,478.923955584622
melatonin,20260929,22,20,478.9162536523611
melatonin,20260929,22,21,478.22474998797384
melatonin,20260929,22,22,478.56107488690566
melatonin,20260929,22,23,480.39926053581956
melatonin,20260929,23,0,487.79352430783956
melatonin,20260929,23,1,485.33913169746916
melatonin,20260929,23,2,487.49535344770976
melatonin,20260929,23,3,483.04366385278524
melatonin,20260929,23,4,483.8402871175133
melatonin,20260929,23,5,483.787407294805
melatonin,20260929,23,6,487.3990801003299
melatonin,20260929,23,7,485.25508439785494
melatonin,20260929,23,8,485.3368842117893
melatonin,20260929,23,9,484.11503756186755
melatonin,20260929,23,10,486.96007423196295
melatonin,20260929,23,11,486.5457726650441
melatonin,20260929,23,12,485.6935693181797
melatonin,20260929,23,13,488.2966842731468
melatonin,20260929,23,14,484.34710108082226
melatonin,20260929,23,15,486.35876740052976
melatonin,20260929,23,16,486.7000908725782
melatonin,20260929,23,17,485.17106076990797
melatonin,20260929,23,18,484.1933502884107
melatonin,20260929,23,19,485.3111917506877
melatonin,20260929,23,20,488.6844100664672
melatonin,20260929,23,21,486.89552067853094
melatonin,20260929,23,22,486.11526145067467
melatonin,20260929,23,23,487.57728792336167
melatonin,20260929,24,0,481.3619532766809
melatonin,20260929,24,1,479.54579507953775
melatonin,20260929,24,2,480.81951380049713
melatonin,20260929,24,3,479.37321761355054
melatonin,20260929,24,4,480.26090472175537
melatonin,20260929,24,5,480.03188510835247
melatonin,20260929,24,6,478.4469222719279
melatonin,20260929,24,7,479.89898144773304
melatonin,20260929,24,8,477.0576782719559
melatonin,20260929,24,9,479.44983182249547
melatonin,20260929,24,10,479.6091808144428
melatonin,20260929,24,11,474.9089751539221
melatonin,20260929,24,12,479.70473434198334
melatonin,20260929,24,13,478.48923120826026
melatonin,20260929,24,14,478.3516307287427
melatonin,20260929,24,15,475.05024463493055
melatonin,20260929,24,16,478.8662417860006
melatonin,20260929,24,17,481.008961769262
melatonin,20260929,24,18,478.2013345286055
melatonin,20260929,24,19,479.6429648771415
melatonin,20260929,24,20,476.3700169204699
melatonin,20260929,24,21,477.19779873859176
melatonin,20260929,24,22,477.04904777602445
melatonin,20260929,24,23,479.79158413502205
melatonin,20260929,25,0,480.55571911321687
melatonin,20260929,25,1,481.11957489069067
melatonin,20260929,25,2,481.6626610073041
melatonin,20260929,25,3,479.4925286132852
melatonin,20260929,25,4,481.3146757128099
melatonin,20260929,25,5,482.893070541392
melatonin,20260929,25,6,483.17084648347657
melatonin,20260929,25,7,481.8227649053283
melatonin,20260929,25,8,482.2257263883716
melatonin,20260929,25,9,482.4450163170518
melatonin,20260929,25,10,479.7328513813975
melatonin,20260929,25,11,484.8826365238157
melatonin,20260929,25,12,480.70428975539363
melatonin,20260929,25,13,479.296929189743
melatonin,20260929,25,14,481.2295007148911
melatonin,20260929,25,15,482.97665651584515
melatonin,20260929,25,16,483.1333827601471
melatonin,20260929,25,17,479.58322829580726
melatonin,20260929,25,18,481.4060580342415
melatonin,20260929,25,19,482.12794430530664
melatonin,20260929,25,20,483.43491912592197
melatonin,20260929,25,21,480.27944957063175
melatonin,20260929,25,22,479.62381029347125
melatonin,20260929,25,23,478.6654237064032
melatonin,20260929,26,0,482.6352566499435
melatonin,20260929,26,1,482.3817361537772
melatonin,20260929,26,2,479.9462475500502
melatonin,20260929,26,3,480.32992911804746
melatonin,20260929,26,4,481.71399502756816
melatonin,20260929,26,5,481.39776891973514
melatonin,20260929,26,6,481.47227763142513
melatonin,20260929,26,7,478.048904625126
melatonin,20260929,26,8,482.59196884906896
melatonin,20260929,26,9,481.40856842497647
melatonin,20260929,26,10,478.43029011220415
melatonin,20260929,26,11,481.55736742283193
melatonin,20260929,26,12,482.55167163991223
melatonin,20260929,26,13,481.1126434658125
melatonin,20260929,26,14,481.89623261919826
melatonin,20260929,26,15,477.43556296563065
melatonin,20260929,26,16,481.89882557241515
melatonin,20260929,26,17,479.66698663672236
melatonin,20260929,26,18,480.67331981738926
melatonin,20260929,26,19,481.7119072149909
melatonin,20260929,26,20,479.85343732155445
melatonin,20260929,26,21,480.4764519020469
melatonin,20260929,26,22,479.57328102038775
melatonin,20260929,26,23,482.1209545372134
melatonin,20260929,27,0,476.27725382477206
melatonin,20260929,27,1,477.7846736946032
melatonin,20260929,27,2,477.43066001368925
melatonin,20260929,27,3,476.7611048253311
melatonin,20260929,27,4,476.24738813337297
melatonin,20260929,27,5,477.0657738458636
melatonin,20260929,27,6,477.49701510138505
melatonin,20260929,27,7,478.43809129205874
melatonin,20260929,27,8,478.2881694253325
melatonin,20260929,27,9,476.17337170490987
melatonin,20260929,27,10,478.1068590558734
melatonin,20260929,27,11,478.46805306947385
melatonin,20260929,27,12,479.5241097990993
melatonin,20260929,27,13,478.62541442530426
melatonin,20260929,27,14,476.56035523609285
melatonin,20260929,27,15,476.56250621992444
melatonin,20260929,27,16,476.1495460162454
melatonin,20260929,27,17,473.4457433406269
melatonin,20260929,27,18,480.64095249834986
melatonin,20260929,27,19,475.30529909563796
melatonin,20260929,27,20,478.0568502651153
melatonin,20260929,27,21,479.10577480905545
melatonin,20260929,27,22,477.08155418814846
melatonin,20260929,27,23,474.1811257605803
melatonin,20260929,28,0,485.1204238954653
melatonin,20260929,28,1,487.83667279174705
melatonin,20260929,28,2,484.32515657771125
melatonin,20260929,28,3,486.8014103927917
melatonin,20260929,28,4,489.8598673267281
melatonin,20260929,28,5,486.91466503525515
melatonin,20260929,28,6,487.0549734742688
melatonin,20260929,28,7,488.6051437299348
melatonin,20260929,28,8,486.127199400863
melatonin,20260929,28,9,485.1397643023951
melatonin,20260929,28,10,486.2924799026509
melatonin,20260929,28,11,487.37213224859613
melatonin,20260929,28,12,486.13273841628086
melatonin,20260929,28,13,489.4739480992982
melatonin,20260929,28,14,487.3912059989335
melatonin,20260929,28,15,483.3763467105236
melatonin,20260929,28,16,481.731771193552
melatonin,20260929,28,17,486.36205132977295
melatonin,20260929,28,18,487.0002013816032
melatonin,20260929,28,19,487.0014523445034
melatonin,20260929,28,20,484.9937293435878
melatonin,20260929,28,21,485.2807874432756
melatonin,20260929,28,22,484.6135446987207
melatonin,20260929,28,23,483.39271163527974
melatonin,20260929,29,0,485.7436229721179
melatonin,20260929,29,1,483.6046616517919
melatonin,20260929,29,2,487.9429043137944
melatonin,20260929,29,3,484.1242365661461
melatonin,20260929,29,4,487.2738830016507
melatonin,20260929,29,5,485.15731172302117
melatonin,20260929,29,6,486.089300722833
melatonin,20260929,29,7,486.715410283922
melatonin,20260929,29,8,487.6822721927568
melatonin,20260929,29,9,486.43923878617557
melatonin,20260929,29,10,487.65466403846426
melatonin,20260929,29,11,483.3771140702472
melatonin,20260929,29,12,484.5641611500985
melatonin,20260929,29,13,483.9101108648877
melatonin,20260929,29,14,485.80310188175747
melatonin,20260929,29,15,484.4411666388788
melatonin,20260929,29,16,486.4953549067764
melatonin,20260929,29,17,486.53325553288425
melatonin,20260929,29,18,485.6362086860581
melatonin,20260929,29,19,483.056229233609
melatonin,20260929,29,20,481.7542624072472
melatonin,20260929,29,21,484.30245351902664
melatonin,20260929,29,22,484.9851010369477
melatonin,20260929,29,23,488.71559950458897
melatonin,20260929,30,0,453.13673293049175
melatonin,20260929,30,1,451.3592517532104
melatonin,20260929,30,2,452.61961868683807
melatonin,20260929,30,3,450.34805269071416
melatonin,20260929,30,4,451.45314659959604
melatonin,20260929,30,5,454.68879954234495
melatonin,20260929,30,6,452.46077082293345
melatonin,20260929,30,7,453.9054926375471
melatonin,20260929,30,8,454.34308608525845
melatonin,20260929,30,9,451.15304130711263
melatonin,20260929,30,10,452.6346581406622
melatonin,20260929,30,11,453.6822620807295
melatonin,20260929,30,12,453.50607550619594
melatonin,20260929,30,13,453.97989268499066
melatonin,20260929,30,14,454.911758907653
melatonin,20260929,30,15,451.70688520683365
melatonin,20260929,30,16,455.02384128433124
melatonin,20260929,30,17,455.88125479712403
melatonin,20260929,30,18,451.56459721845226
melatonin,20260929,30,19,451.80831489358843
melatonin,20260929,30,20,453.3446520756786
melatonin,20260929,30,21,450.85585383447506
melatonin,20260929,30,22,452.9113839583548
melatonin,20260929,30,23,453.4035114097801
melatonin,20260929,31,0,481.4252388184773
melatonin,20260929,31,1,478.0705460647574
melatonin,20260929,31,2,476.977025593302
melatonin,20260929,31,3,482.12072612107266
melatonin,20260929,31,4,475.87062572704104
melatonin,20260929,31,5,479.3189170042861
melatonin,20260929,31,6,479.58180004197123
melatonin,20260929,31,7,479.93085963220113
melatonin,20260929,31,8,479.42146843056605
melatonin,20260929,31,9,481.1965905943985
melatonin,20260929,31,10,481.2081929326467
melatonin,20260929,31,11,477.97391068858855
melatonin,20260929,31,12,480.9640150601844
melatonin,20260929,31,13,483.8975114713601
melatonin,20260929,31,14,481.6027080116714
melatonin,20260929,31,15,483.17812400548274
melatonin,20260929,31,16,479.750071634578
melatonin,20260929,31,17,478.028440211272
melatonin,20260929,31,18,482.92212368339597
melatonin,20260929,31,19,480.1002743846137
melatonin,20260929,31,20,484.8579863033767
melatonin,20260929,31,21,482.9460893869886
melatonin,20260929,31,22,480.4089944742108
melatonin,20260929,31,23,482.45190330289887
melatonin,20260929,32,0,481.0184525375918
melatonin,20260929,32,1,481.1419914096334
melatonin,20260929,32,2,483.3737003592686
melatonin,20260929,32,3,480.9623558681417
melatonin,20260929,32,4,482.55693202463266
melatonin,20260929,32,5,480.97939169836195
melatonin,20260929,32,6,481.09834995144877
melatonin,20260929,32,7,482.66263980136813
melatonin,20260929,32,8,482.24603891789815
melatonin,20260929,32,9,479.9754952428437
melatonin,20260929,32,10,480.079908061778
melatonin,20260929,32,11,484.7674624542672
melatonin,20260929,32,12,483.11451514489914
melatonin,20260929,32,13,480.8736040908307
melatonin,20260929,32,14,479.76060775672005
melatonin,20260929,32,15,483.39244577515353
melatonin,20260929,32,16,483.94987585029145
melatonin,20260929,32,17,480.9295360766128
melatonin,20260929,32,18,480.67330081447267
melatonin,20260929,32,19,482.80444820071745
melatonin,20260929,32,20,479.92410847310697
melatonin,20260929,32,21,481.68845248649717
melatonin,20260929,32,22,477.77886032828525
melatonin,20260929,32,23,480.91345020275844
melatonin,20260930,33,0,477.23846375778766
melatonin,20260930,33,1,476.89580334783017
melatonin,20260930,33,2,474.47026142053335
melatonin,20260930,33,3,475.59230624433894
melatonin,20260930,33,4,476.97235843456025
melatonin,20260930,33,5,477.13276005248315
melatonin,20260930,33,6,476.34672601935176
melatonin,20260930,33,7,477.21883345713155
melatonin,20260930,33,8,476.0243763003463
melatonin,20260930,33,9,474.46228686022846
melatonin,20260930,33,10,480.157558892357
melatonin,20260930,33,11,478.05942749457256
melatonin,20260930,33,12,477.8928231006629
melatonin,20260930,33,13,476.3992362638005
melatonin,20260930,33,14,475.64462101325887
melatonin,20260930,33,15,477.92081500818074
melatonin,20260930,33,16,480.53003400631314
melatonin,20260930,33,17,477.968386588607
melatonin,20260930,33,18,476.7026248978209
melatonin,20260930,33,19,475.7125959436351
melatonin,20260930,33,20,474.8202478317705
melatonin,20260930,33,21,478.60125122266584
melatonin,20260930,33,22,477.21461143071707
melatonin,20260930,33,23,480.0769672701966
melatonin,20260930,34,0,480.153613298435
melatonin,20260930,34,1,483.1471838969174
melatonin,20260930,34,2,480.5086177091153
melatonin,20260930,34,3,478.78698927188464
melatonin,20260930,34,4,483.1347065883879
melatonin,20260930,34,5,479.22036621102956
melatonin,20260930,34,6,478.80235907392915
melatonin,20260930,34,7,480.8962924063887
melatonin,20260930,34,8,480.6505969593425
melatonin,20260930,34,9,479.32108203297565
melatonin,20260930,34,10,478.7496774920983
melatonin,20260930,34,11,485.81881809897556
melatonin,20260930,34,12,481.5346457776051
melatonin,20260930,34,13,480.91769689862855
melatonin,20260930,34,14,481.5647534501068
melatonin,20260930,34,15,473.3785311427214
melatonin,20260930,34,16,480.9248911986
melatonin,20260930,34,17,480.3969430371538
melatonin,20260930,34,18,481.03153132828646
melatonin,20260930,34,19,481.81994860635564
melatonin,20260930,34,20,483.0665907828012
melatonin,20260930,34,21,480.7923118932397
melatonin,20260930,34,22,477.58962132052386
melatonin,20260930,34,23,479.5573124810682
melatonin,20260930,35,0,485.9014091445336
melatonin,20260930,35,1,485.86823885159583
melatonin,20260930,35,2,491.50909030178224
melatonin,20260930,35,3,486.6010829509552
melatonin,20260930,35,4,483.8583437507135
melatonin,20260930,35,5,484.35681326816626
melatonin,20260930,35,6,485.9169486917196
melatonin,20260930,35,7,487.1222263273772
melatonin,20260930,35,8,486.30334878399424
melatonin,20260930,35,9,485.36216697167276
melatonin,20260930,35,10,484.2055941377566
melatonin,20260930,35,11,486.5795849493681
melatonin,20260930,35,12,486.1961125471704
melatonin,20260930,35,13,483.58963219853615
melatonin,20260930,35,14,484.339528809671
melatonin,20260930,35,15,485.9305963876455
melatonin,20260930,35,16,483.3834770823086
melatonin,20260930,35,17,486.7593456272552
melatonin,20260930,35,18,487.13487529599445
melatonin,20260930,35,19,486.6397312175704
melatonin,20260930,35,20,489.18878489480346
melatonin,20260930,35,21,486.9646410818402
melatonin,20260930,35,22,488.0341351033128
melatonin,20260930,35,23,486.0676931119906
melatonin,20260930,36,0,462.89495775448285
melatonin,20260930,36,1,466.03302523706714
melatonin,20260930,36,2,467.80764508459316
melatonin,20260930,36,3,465.3981584760504
melatonin,20260930,36,4,467.25209920639054
melatonin,20260930,36,5,467.35927296380873
melatonin,20260930,36,6,466.3607603463911
melatonin,20260930,36,7,468.1486859842635
melatonin,20260930,36,8,467.593154819337
melatonin,20260930,36,9,468.09206525020886
melatonin,20260930,36,10,464.8934324340989
melatonin,20260930,36,11,466.5002999327471
melatonin,20260930,36,12,464.8740487994604
melatonin,20260930,36,13,465.0531296552293
melatonin,20260930,36,14,464.9220913433975
melatonin,20260930,36,15,467.08328192006826
melatonin,20260930,36,16,466.8649828481239
melatonin,20260930,36,17,465.57855450525835
melatonin,20260930,36,18,465.6315250273369
melatonin,20260930,36,19,467.2276943962785
melatonin,20260930,36,20,470.9485596679129
melatonin,20260930,36,21,466.3762997839739
melatonin,20260930,36,22,467.4530560380619
melatonin,20260930,36,23,468.49879207444826
melatonin,20260930,37,0,480.84795609721283
melatonin,20260930,37,1,481.8366343711696
melatonin,20260930,37,2,478.8516384331975
melatonin,20260930,37,3,480.90642265969717
melatonin,20260930,37,4,481.4064047177042
melatonin,20260930,37,5,478.9246626092697
melatonin,20260930,37,6,482.8370490368617
melatonin,20260930,37,7,480.2974328809718
melatonin,20260930,37,8,481.409578390106
melatonin,20260930,37,9,481.0123439190391
melatonin,20260930,37,10,479.63489964485575
melatonin,20260930,37,11,482.5363352538051
melatonin,20260930,37,12,481.5632306623619
melatonin,20260930,37,13,481.352286888292
melatonin,20260930,37,14,483.2807739272068
melatonin,20260930,37,15,482.0324104600463
melatonin,20260930,37,16,481.0521767652453
melatonin,20260930,37,17,481.9601794216885
melatonin,20260930,37,18,480.5556427883913
melatonin,20260930,37,19,481.85686995513504
melatonin,20260930,37,20,472.53439755402405
melatonin,20260930,37,21,476.14887851941904
melatonin,20260930,37,22,480.71070926916315
melatonin,20260930,37,23,483.0329743189264
melatonin,20260930,38,0,477.32560690777433
melatonin,20260930,38,1,480.7314922378234
melatonin,20260930,38,2,473.29112296340014
melatonin,20260930,38,3,476.45759418829687
melatonin,20260930,38,4,479.91006175619515
melatonin,20260930,38,5,477.23772035004964
melatonin,20260930,38,6,476.4454125369708
melatonin,20260930,38,7,476.19896686992666
melatonin,20260930,38,8,476.9055938885734
melatonin,20260930,38,9,479.9060179104968
melatonin,20260930,38,10,478.4888016671845
melatonin,20260930,38,11,476.88830121582765
melatonin,20260930,38,12,477.0835483068267
melatonin,20260930,38,13,477.7424356820212
melatonin,20260930,38,14,478.16227997705386
melatonin,20260930,38,15,474.2394132218192
melatonin,20260930,38,16,475.9714507034611
melatonin,20260930,38,17,475.5205220524911
melatonin,20260930,38,18,477.72698353903326
melatonin,20260930,38,19,477.66764240696915
melatonin,20260930,38,20,480.22942582755906
melatonin,20260930,38,21,475.79946964297886
melatonin,20260930,38,22,479.22309213615483
melatonin,20260930,38,23,477.40855561937667
melatonin,20260930,39,0,481.3219991278214
melatonin,20260930,39,1,480.7671708991986
melatonin,20260930,39,2,478.3870614414502
melatonin,20260930,39,3,481.683759625367
melatonin,20260930,39,4,480.84229125603883
melatonin,20260930,39,5,481.7483449369028
melatonin,20260930,39,6,482.51781372781295
melatonin,20260930,39,7,479.75598596750086
melatonin,20260930,39,8,483.02481810947455
melatonin,20260930,39,9,479.8738706102626
melatonin,20260930,39,10,479.4306360173133
melatonin,20260930,39,11,482.609302024163
melatonin,20260930,39,12,481.56389280263716
melatonin,20260930,39,13,481.5210556717004
melatonin,20260930,39,14,480.86960657836255
melatonin,20260930,39,15,483.6189045593986
melatonin,20260930,39,16,480.3922608415185
melatonin,20260930,39,17,482.1266718099792
melatonin,20260930,39,18,481.88006871707034
melatonin,20260930,39,19,482.30020150720406
melatonin,20260930,39,20,478.0531854161097
melatonin,20260930,39,21,482.6942540006133
melatonin,20260930,39,22,482.09291148100874
melatonin,20260930,39,23,476.3864307252611
melatonin,20260930,40,0,489.0783764479571
melatonin,20260930,40,1,485.47449810929317
melatonin,20260930,40,2,485.2901372589059
melatonin,20260930,40,3,485.4575706821678
melatonin,20260930,40,4,485.693107233942
melatonin,20260930,40,5,487.12287253146934
melatonin,20260930,40,6,485.206500276644
melatonin,20260930,40,7,484.3009733687045
melatonin,20260930,40,8,486.98595988593416
melatonin,20260930,40,9,485.74620384995774
melatonin,20260930,40,10,486.4632327257082
melatonin,20260930,40,11,486.678718045661
melatonin,20260930,40,12,484.37201637632506
melatonin,20260930,40,13,487.03719936451716
melatonin,20260930,40,14,484.83899079842615
melatonin,20260930,40,15,486.6712869556906
melatonin,20260930,40,16,481.9273061946442
melatonin,20260930,40,17,485.78536217174394
melatonin,20260930,40,18,485.2032951306578
melatonin,20260930,40,19,487.13963195191695
melatonin,20260930,40,20,487.4815317462541
melatonin,20260930,40,21,486.53001116734384
melatonin,20260930,40,22,485.0512974181112
melatonin,20260930,40,23,487.9277290262768
melatonin,20260930,41,0,481.536625644366
melatonin,20260930,41,1,480.3941184209192
melatonin,20260930,41,2,484.2925177273584
melatonin,20260930,41,3,481.1475055557385
melatonin,20260930,41,4,478.7387101521396
melatonin,20260930,41,5,484.786199117377
melatonin,20260930,41,6,482.80955439181616
melatonin,20260930,41,7,482.4078210715743
melatonin,20260930,41,8,479.67630893845836
melatonin,20260930,41,9,481.847245426858
melatonin,20260930,41,10,481.44710095343834
melatonin,20260930,41,11,479.336440507626
melatonin,20260930,41,12,480.4437810969108
melatonin,20260930,41,13,481.2955372243556
melatonin,20260930,41,14,483.0965265878792
melatonin,20260930,41,15,479.82666408506645
melatonin,20260930,41,16,482.46016679399463
melatonin,20260930,41,17,481.67059992386936
melatonin,20260930,41,18,480.3677673288479
melatonin,20260930,41,19,482.3855152897627
melatonin,20260930,41,20,479.7421860208886
melatonin,20260930,41,21,479.69273427786516
melatonin,20260930,41,22,481.0450617785102
melatonin,20260930,41,23,481.5483911745392
melatonin,20260930,42,0,476.54944066752466
melatonin,20260930,42,1,477.1101386161533
melatonin,20260930,42,2,477.41102167328654
melatonin,20260930,42,3,474.1620382597081
melatonin,20260930,42,4,480.7703959101079
melatonin,20260930,42,5,477.3468431540648
melatonin,20260930,42,6,478.21004415620985
melatonin,20260930,42,7,478.3742805752588
melatonin,20260930,42,8,477.4206665950553
melatonin,20260930,42,9,478.43591034208146
melatonin,20260930,42,10,477.8558238411521
melatonin,20260930,42,11,476.5894008387195
melatonin,20260930,42,12,476.8893329947731
melatonin,20260930,42,13,476.08705797856993
melatonin,20260930,42,14,475.50421339756906
melatonin,20260930,42,15,471.5503408198668
melatonin,20260930,42,16,476.69188160569024
melatonin,20260930,42,17,475.8755344418873
melatonin,20260930,42,18,477.5537141113512
melatonin,20260930,42,19,478.42612042734004
melatonin,20260930,42,20,480.09859045767075
melatonin,20260930,42,21,481.12298966127787
melatonin,20260930,42,22,478.20933036447417
melatonin,20260930,42,23,476.4881171290781
melatonin,20260930,43,0,475.5775454764926
melatonin,20260930,43,1,477.71347675133774
melatonin,20260930,43,2,478.91307553189375
melatonin,20260930,43,3,477.68785321796963
melatonin,20260930,43,4,477.70033914947703
melatonin,20260930,43,5,479.27050276404447
melatonin,20260930,43,6,477.1850542929615
melatonin,20260930,43,7,480.56231654055716
melatonin,20260930,43,8,474.8531758648168
melatonin,20260930,43,9,478.5150471323715
melatonin,20260930,43,10,476.07540585674474
melatonin,20260930,43,11,478.2819286748342
melatonin,20260930,43,12,478.64655105631624
melatonin,20260930,43,13,479.823258909952
melatonin,20260930,43,14,479.2441584635275
melatonin,20260930,43,15,478.0408902614612
melatonin,20260930,43,16,477.65898081132707
melatonin,20260930,43,17,478.6480129490651
melatonin,20260930,43,18,478.4024499294371
melatonin,20260930,43,19,477.6250728246822
melatonin,20260930,43,20,479.0298234516011
melatonin,20260930,43,21,478.2991428287821
melatonin,20260930,43,22,479.91571989781085
melatonin,20260930,43,23,477.1110213899791
melatonin,20260930,44,0,484.87943038970326
melatonin,20260930,44,1,486.3840836568388
melatonin,20260930,44,2,487.2324888135477
melatonin,20260930,44,3,488.5633010278455
melatonin,20260930,44,4,486.9927000232049
melatonin,20260930,44,5,483.7041586595303
melatonin,20260930,44,6,485.9257145052631
melatonin,20260930,44,7,485.4484411433866
melatonin,20260930,44,8,485.89899896487873
melatonin,20260930,44,9,483.241770346178
melatonin,20260930,44,10,484.9675479267418
melatonin,20260930,44,11,480.7426682064692
melatonin,20260930,44,12,483.04564186094336
melatonin,20260930,44,13,484.99321376951826
melatonin,20260930,44,14,486.14007422245425
melatonin,20260930,44,15,490.2925293862897
melatonin,20260930,44,16,485.82127912514846
melatonin,20260930,44,17,484.91930037525196
melatonin,20260930,44,18,487.1727435050438
melatonin,20260930,44,19,486.398317608098
melatonin,20260930,44,20,486.36169304748637
melatonin,20260930,44,21,485.97828090876646
melatonin,20260930,44,22,486.8027175433245
melatonin,20260930,44,23,485.67347645943005
melatonin,20260930,45,0,486.6956439293939
melatonin,20260930,45,1,479.35355062148216
melatonin,20260930,45,2,486.1052674940379
melatonin,20260930,45,3,487.58411893491257
melatonin,20260930,45,4,488.7071352489607
melatonin,20260930,45,5,486.3215667709344
melatonin,20260930,45,6,492.0877918183519
melatonin,20260930,45,7,484.02830564803696
melatonin,20260930,45,8,488.19471374219154
melatonin,20260930,45,9,486.35333367827
melatonin,20260930,45,10,484.24263644579383
melatonin,20260930,45,11,486.00392673572145
melatonin,20260930,45,12,475.5105830404762
melatonin,20260930,45,13,480.4738650785596
melatonin,20260930,45,14,486.70451703740156
melatonin,20260930,45,15,484.55213789167385
melatonin,20260930,45,16,484.7978786245599
melatonin,20260930,45,17,487.4157755468644
melatonin,20260930,45,18,489.03092845981917
melatonin,20260930,45,19,489.19342222193444
melatonin,20260930,45,20,486.4345470171791
melatonin,20260930,45,21,485.6103923661687
melatonin,20260930,45,22,487.42156386587686
melatonin,20260930,45,23,487.09436192077936
melatonin,20260930,46,0,480.1912810726635
melatonin,20260930,46,1,480.4512368608527
melatonin,20260930,46,2,478.2971087474032
melatonin,20260930,46,3,477.3644769091455
melatonin,20260930,46,4,476.48701091890365
melatonin,20260930,46,5,475.8114921327825
melatonin,20260930,46,6,477.3418265451843
melatonin,20260930,46,7,476.83930753137753
melatonin,20260930,46,8,476.25629028386487
melatonin,20260930,46,9,477.7669427657845
melatonin,20260930,46,10,480.6873641997154
melatonin,20260930,46,11,478.57410239190756
melatonin,20260930,46,12,478.53013755958955
melatonin,20260930,46,13,475.5038044451106
melatonin,20260930,46,14,481.58345957232945
melatonin,20260930,46,15,479.0326525194262
melatonin,20260930,46,16,477.95220604869326
melatonin,20260930,46,17,474.6828716576523
melatonin,20260930,46,18,478.0760101481265
melatonin,20260930,46,19,475.889785623727
melatonin,20260930,46,20,477.38238841851506
melatonin,20260930,46,21,479.54663683399366
melatonin,20260930,46,22,478.9801951773462
melatonin,20260930,46,23,475.959803954134
melatonin,20260930,47,0,479.5739088655659
melatonin,20260930,47,1,479.19255641455766
melatonin,20260930,47,2,479.7109406973514
melatonin,20260930,47,3,481.0107883763137
melatonin,20260930,47,4,478.6866865629028
melatonin,20260930,47,5,481.0311101973335
melatonin,20260930,47,6,481.0889386506459
melatonin,20260930,47,7,479.7012459951207
melatonin,20260930,47,8,478.09780541852973
melatonin,20260930,47,9,478.1104938961996
melatonin,20260930,47,10,476.9166330592258
melatonin,20260930,47,11,479.58578527469655
melatonin,20260930,47,12,477.81214109267455
melatonin,20260930,47,13,479.6159896468043
melatonin,20260930,47,14,476.8255035741896
melatonin,20260930,47,15,480.8265159197542
melatonin,20260930,47,16,479.10982649770443
melatonin,20260930,47,17,476.9501998243315
melatonin,20260930,47,18,479.844772660492
melatonin,20260930,47,19,480.0288494837168
melatonin,20260930,47,20,478.1830955545715
melatonin,20260930,47,21,476.8436798153636
melatonin,20260930,47,22,477.64057271348645
melatonin,20260930,47,23,482.29736281390024
melatonin,20260930,48,0,473.25006294319707
melatonin,20260930,48,1,470.8453749772481
melatonin,20260930,48,2,470.9495316509596
melatonin,20260930,48,3,474.1688627799962
melatonin,20260930,48,4,472.04926174196544
melatonin,20260930,48,5,472.0721108469316
melatonin,20260930,48,6,473.2096506670454
melatonin,20260930,48,7,471.3478080010161
melatonin,20260930,48,8,468.6158623696514
melatonin,20260930,48,9,472.6627009911997
melatonin,20260930,48,10,472.9385815342441
melatonin,20260930,48,11,469.74359213998224
melatonin,20260930,48,12,469.8285812555923
melatonin,20260930,48,13,471.83986112683124
melatonin,20260930,48,14,470.70719246393975
melatonin,20260930,48,15,472.8869169356274
melatonin,20260930,48,16,473.76866021072027
melatonin,20260930,48,17,472.44954403410554
melatonin,20260930,48,18,470.6458940850087
melatonin,20260930,48,19,470.43301339491313
melatonin,20260930,48,20,472.8058337239563
melatonin,20260930,48,21,472.00173606597724
melatonin,20260930,48,22,470.6416641215576
melatonin,20260930,48,23,470.3958748909069
caffeine,20260928,0,0,368.95760252047256
caffeine,20260928,0,1,371.97645219048513
caffeine,20260928,0,2,368.2495034828249
caffeine,20260928,0,3,373.30950768700694
caffeine,20260928,0,4,371.43105873528583
caffeine,20260928,0,5,370.39827962178936
caffeine,20260928,0,6,370.7204330043846
caffeine,20260928,0,7,369.9155459826507
caffeine,20260928,0,8,369.9640541822787
caffeine,20260928,0,9,369.69736976683726
caffeine,20260928,0,10,372.43802309277237
caffeine,20260928,0,11,371.18208861093336
caffeine,20260928,0,12,371.5815903981103
caffeine,20260928,0,13,371.2333936308176
caffeine,20260928,0,14,372.7099601820251
caffeine,20260928,0,15,371.63086541914424
caffeine,20260928,0,16,370.92650713176766
caffeine,20260928,0,17,371.0971155748498
caffeine,20260928,0,18,369.53790046164943
caffeine,20260928,0,19,371.4054435280343
caffeine,20260928,0,20,370.824029509633
caffeine,20260928,0,21,371.2707886380291
caffeine,20260928,0,22,374.6724612652478
caffeine,20260928,0,23,370.2974649182582
caffeine,20260929,1,0,370.7033491510217
caffeine,20260929,1,1,371.1197264066655
caffeine,20260929,1,2,370.209795216674
caffeine,20260929,1,3,370.71840497983686
caffeine,20260929,1,4,368.1787071226278
caffeine,20260929,1,5,370.7135465125213
caffeine,20260929,1,6,369.7514329489196
caffeine,20260929,1,7,369.6073859923489
caffeine,20260929,1,8,372.81868193105083
caffeine,20260929,1,9,370.09926939042407
caffeine,20260929,1,10,371.67591263340154
caffeine,20260929,1,11,371.279383834175
caffeine,20260929,1,12,370.71951121315175
caffeine,20260929,1,13,371.6053098231038
caffeine,20260929,1,14,370.3707003469587
caffeine,20260929,1,15,370.18471458978166
caffeine,20260929,1,16,371.4033126010448
caffeine,20260929,1,17,370.630524812824
caffeine,20260929,1,18,367.7872698045828
caffeine,20260929,1,19,370.2137403595092
caffeine,20260929,1,20,364.08448033463685
caffeine,20260929,1,21,370.0826176940575
caffeine,20260929,1,22,370.6454246389482
caffeine,20260929,1,23,372.0755503628811
caffeine,20260930,2,0,370.0244797053905
caffeine,20260930,2,1,371.19680929135876
caffeine,20260930,2,2,372.1368752686374
caffeine,20260930,2,3,371.67237891840097
caffeine,20260930,2,4,369.25603043226096
caffeine,20260930,2,5,371.6723947777127
caffeine,20260930,2,6,370.8526366170614
caffeine,20260930,2,7,371.8250375027609
caffeine,20260930,2,8,371.55086787787053
caffeine,20260930,2,9,371.3004954995866
caffeine,20260930,2,10,370.632291647298
caffeine,20260930,2,11,371.2317274611439
caffeine,20260930,2,12,370.71596469296094
caffeine,20260930,2,13,370.4644871860981
caffeine,20260930,2,14,372.33448107877103
caffeine,20260930,2,15,370.4750362521565
caffeine,20260930,2,16,371.7507182111062
caffeine,20260930,2,17,372.08925029816555
caffeine,20260930,2,18,371.81755471929114
caffeine,20260930,2,19,369.1924722523486
caffeine,20260930,2,20,370.1643459485743
caffeine,20260930,2,21,367.5393842189203
caffeine,20260930,2,22,371.5850296435423
caffeine,20260930,2,23,369.4620496904112
phenylquinoline,20260928,0,0,421.6186905977706
phenylquinoline,20260928,0,1,420.48212039116964
phenylquinoline,20260928,0,2,419.7511575381081
phenylquinoline,20260928,0,3,420.56124952690226
phenylquinoline,20260928,0,4,415.040724259082
phenylquinoline,20260928,0,5,420.5960944792847
phenylquinoline,20260928,0,6,419.43016871712035
phenylquinoline,20260928,0,7,419.1738685156962
phenylquinoline,20260928,0,8,420.3039266485505
phenylquinoline,20260928,0,9,419.5384184507095
phenylquinoline,20260928,0,10,421.5869080548584
phenylquinoline,20260928,0,11,421.50234088682714
phenylquinoline,20260928,0,12,420.919663499385
phenylquinoline,20260928,0,13,420.3143748681564
phenylquinoline,20260928,0,14,423.49822764780777
phenylquinoline,20260928,0,15,420.16668311764005
phenylquinoline,20260928,0,16,422.58512515644304
phenylquinoline,20260928,0,17,420.3016879597648
phenylquinoline,20260928,0,18,420.0544187358227
phenylquinoline,20260928,0,19,421.49118377470154
phenylquinoline,20260928,0,20,423.46630488192056
phenylquinoline,20260928,0,21,419.98472342141054
phenylquinoline,20260928,0,22,420.6013546825457
phenylquinoline,20260928,0,23,419.80023095265875
phenylquinoline,20260929,1,0,421.07590364219556
phenylquinoline,20260929,1,1,420.1481768230068
phenylquinoline,20260929,1,2,412.5177292293795
phenylquinoline,20260929,1,3,416.92530326067975
phenylquinoline,20260929,1,4,416.3224041827702
phenylquinoline,20260929,1,5,419.7962586534605
phenylquinoline,20260929,1,6,419.7913946492646
phenylquinoline,20260929,1,7,419.9885413158333
phenylquinoline,20260929,1,8,419.65593106714164
phenylquinoline,20260929,1,9,420.0677547579769
phenylquinoline,20260929,1,10,419.98545852917147
phenylquinoline,20260929,1,11,417.57072949876994
phenylquinoline,20260929,1,12,420.2972233276976
phenylquinoline,20260929,1,13,425.58255874556863
phenylquinoline,20260929,1,14,420.4038566529958
phenylquinoline,20260929,1,15,411.2158070892009
phenylquinoline,20260929,1,16,420.04148724946543
phenylquinoline,20260929,1,17,421.3065252971733
phenylquinoline,20260929,1,18,419.55193135501423
phenylquinoline,20260929,1,19,419.93761248292225
phenylquinoline,20260929,1,20,423.1049530408877
phenylquinoline,20260929,1,21,423.68683068631054
phenylquinoline,20260929,1,22,420.8595110321787
phenylquinoline,20260929,1,23,420.7862947304991
phenylquinoline,20260930,2,0,419.825310584739
phenylquinoline,20260930,2,1,421.02040235380474
phenylquinoline,20260930,2,2,409.9425532290623
phenylquinoline,20260930,2,3,419.1922543545203
phenylquinoline,20260930,2,4,421.4150535508365
phenylquinoline,20260930,2,5,420.76777212508205
phenylquinoline,20260930,2,6,418.54514305364535
phenylquinoline,20260930,2,7,421.2206444461942
phenylquinoline,20260930,2,8,421.38418083968463
phenylquinoline,20260930,2,9,421.0471855399942
phenylquinoline,20260930,2,10,420.681003420502
phenylquinoline,20260930,2,11,420.32083590825374
phenylquinoline,20260930,2,12,419.02961053441743
phenylquinoline,20260930,2,13,420.8713426178244
phenylquinoline,20260930,2,14,423.9603259469763
phenylquinoline,20260930,2,15,420.8918141872745
phenylquinoline,20260930,2,16,419.3485300895155
phenylquinoline,20260930,2,17,419.82475311716786
phenylquinoline,20260930,2,18,420.87975436300155
phenylquinoline,20260930,2,19,422.5426392666722
phenylquinoline,20260930,2,20,422.4620753665087
phenylquinoline,20260930,2,21,422.1458548455889
phenylquinoline,20260930,2,22,420.31924582625373
phenylquinoline,20260930,2,23,418.7766133036241
tryptophol,20260928,0,0,362.79740348645623
tryptophol,20260928,0,1,362.914582250404
tryptophol,20260928,0,2,364.6250401257523
tryptophol,20260928,0,3,364.49080642314163
tryptophol,20260928,0,4,364.51070299349425
tryptophol,20260928,0,5,362.27549366292976
tryptophol,20260928,0,6,364.9089256553941
tryptophol,20260928,0,7,362.13823987711055
tryptophol,20260928,0,8,365.6030227164026
tryptophol,20260928,0,9,363.9122048997463
tryptophol,20260928,0,10,362.21811650241943
tryptophol,20260928,0,11,363.12156795829765
tryptophol,20260928,0,12,363.63126864210005
tryptophol,20260928,0,13,361.97695208896283
tryptophol,20260928,0,14,363.75586063568005
tryptophol,20260928,0,15,364.2236014474309
tryptophol,20260928,0,16,362.4164612725793
tryptophol,20260928,0,17,362.8594796022468
tryptophol,20260928,0,18,361.50761607826286
tryptophol,20260928,0,19,364.5953521194215
tryptophol,20260928,0,20,360.91512244182115
tryptophol,20260928,0,21,362.8265490536965
tryptophol,20260928,0,22,362.46542210907205
tryptophol,20260928,0,23,360.9528484950636
tryptophol,20260928,1,0,360.1596018163741
tryptophol,20260928,1,1,358.18591709495246
tryptophol,20260928,1,2,359.16501743320384
tryptophol,20260928,1,3,358.2062933552514
tryptophol,20260928,1,4,359.9667175351646
tryptophol,20260928,1,5,360.4327470018707
tryptophol,20260928,1,6,358.87667934026825
tryptophol,20260928,1,7,359.1998985173091
tryptophol,20260928,1,8,362.01683664778864
tryptophol,20260928,1,9,361.23563724471273
tryptophol,20260928,1,10,360.4275654018182
tryptophol,20260928,1,11,351.69431174298904
tryptophol,20260928,1,12,358.63391612307237
tryptophol,20260928,1,13,360.99962016041786
tryptophol,20260928,1,14,359.8984359315612
tryptophol,20260928,1,15,360.6978855745339
tryptophol,20260928,1,16,359.5036035045712
tryptophol,20260928,1,17,358.6660497143701
tryptophol,20260928,1,18,360.566621003352
tryptophol,20260928,1,19,358.5945919398082
tryptophol,20260928,1,20,358.9472619044366
tryptophol,20260928,1,21,359.2959689806927
tryptophol,20260928,1,22,358.93463452406513
tryptophol,20260928,1,23,359.41198991932634
tryptophol,20260928,2,0,362.3835729549113
tryptophol,20260928,2,1,361.7543212346273
tryptophol,20260928,2,2,366.83194302529523
tryptophol,20260928,2,3,363.32109127669963
tryptophol,20260928,2,4,366.5914100589558
tryptophol,20260928,2,5,363.08086635544674
tryptophol,20260928,2,6,362.4057509161642
tryptophol,20260928,2,7,363.6511299571355
tryptophol,20260928,2,8,361.872713628311
tryptophol,20260928,2,9,364.15795590707114
tryptophol,20260928,2,10,363.0317157843773
tryptophol,20260928,2,11,360.3705834526432
tryptophol,20260928,2,12,363.16102262217066
tryptophol,20260928,2,13,363.05852714071733
tryptophol,20260928,2,14,362.8760181325321
tryptophol,20260928,2,15,358.23831954681015
tryptophol,20260928,2,16,361.58604389787354
tryptophol,20260928,2,17,363.23631949924845
tryptophol,20260928,2,18,365.5779393715759
tryptophol,20260928,2,19,362.9837017257103
tryptophol,20260928,2,20,363.9512820365332
tryptophol,20260928,2,21,363.8520239098505
tryptophol,20260928,2,22,363.8494801063255
tryptophol,20260928,2,23,362.35138812345576
tryptophol,20260928,3,0,357.3060901424474
tryptophol,20260928,3,1,356.9915506268078
tryptophol,20260928,3,2,352.88056029791255
tryptophol,20260928,3,3,360.1075507856392
tryptophol,20260928,3,4,359.88541187097246
tryptophol,20260928,3,5,357.96001123294906
tryptophol,20260928,3,6,357.60713063695505
tryptophol,20260928,3,7,360.13260886906943
tryptophol,20260928,3,8,355.9676662222596
tryptophol,20260928,3,9,357.94757652652214
tryptophol,20260928,3,10,357.1659879868438
tryptophol,20260928,3,11,356.6979445266872
tryptophol,20260928,3,12,357.8747245793685
tryptophol,20260928,3,13,357.63440405238345
tryptophol,20260928,3,14,357.74669730265475
tryptophol,20260928,3,15,358.60578360389695
tryptophol,20260928,3,16,357.7959115690672
tryptophol,20260928,3,17,357.67253089094424
tryptophol,20260928,3,18,355.7683103404909
tryptophol,20260928,3,19,357.7751598389913
tryptophol,20260928,3,20,358.2741192750916
tryptophol,20260928,3,21,358.4728332861139
tryptophol,20260928,3,22,357.0594499100624
tryptophol,20260928,3,23,357.4805705685222
tryptophol,20260928,4,0,360.0847901343388
tryptophol,20260928,4,1,358.44468337261
tryptophol,20260928,4,2,358.490286062703
tryptophol,20260928,4,3,359.88603028070304
tryptophol,20260928,4,4,359.80819049876686
tryptophol,20260928,4,5,360.1931198563822
tryptophol,20260928,4,6,356.79901796867154
tryptophol,20260928,4,7,361.38748197679496
tryptophol,20260928,4,8,355.56965567408963
tryptophol,20260928,4,9,358.60783678391357
tryptophol,20260928,4,10,361.35363131784055
tryptophol,20260928,4,11,359.65568657443566
tryptophol,20260928,4,12,358.9489463416223
tryptophol,20260928,4,13,359.8100437758738
tryptophol,20260928,4,14,356.7830636673003
tryptophol,20260928,4,15,358.8252690781472
tryptophol,20260928,4,16,358.63485193620164
tryptophol,20260928,4,17,358.33128697468885
tryptophol,20260928,4,18,359.1709178062427
tryptophol,20260928,4,19,359.5111934141186
tryptophol,20260928,4,20,357.6605655235604
tryptophol,20260928,4,21,359.1464823156517
tryptophol,20260928,4,22,360.29360032019173
tryptophol,20260928,4,23,360.05992281186076
tryptophol,20260928,5,0,363.6011914430122
tryptophol,20260928,5,1,362.9291126714738
tryptophol,20260928,5,2,363.14883731969655
tryptophol,20260928,5,3,361.2904130664228
tryptophol,20260928,5,4,364.56496755956374
tryptophol,20260928,5,5,364.9646829692921
tryptophol,20260928,5,6,363.2002077884041
tryptophol,20260928,5,7,362.94426493959793
tryptophol,20260928,5,8,363.6715516539092
tryptophol,20260928,5,9,363.1858656033293
tryptophol,20260928,5,10,362.79899114573857
tryptophol,20260928,5,11,364.0686844214851
tryptophol,20260928,5,12,362.14096533966074
tryptophol,20260928,5,13,363.774287439054
tryptophol,20260928,5,14,364.5891365291157
tryptophol,20260928,5,15,364.1692946206738
tryptophol,20260928,5,16,363.7889023163644
tryptophol,20260928,5,17,364.01677006722326
tryptophol,20260928,5,18,362.1196354367648
tryptophol,20260928,5,19,360.7076314176886
tryptophol,20260928,5,20,361.0134789595332
tryptophol,20260928,5,21,362.9051345422302
tryptophol,20260928,5,22,361.56416910184527
tryptophol,20260928,5,23,361.9962985774209
tryptophol,20260928,6,0,354.9687304530232
tryptophol,20260928,6,1,357.054002479218
tryptophol,20260928,6,2,353.35513252350563
tryptophol,20260928,6,3,354.89491928044686
tryptophol,20260928,6,4,352.09018050293713
tryptophol,20260928,6,5,355.79050790308344
tryptophol,20260928,6,6,354.16111116842836
tryptophol,20260928,6,7,356.9227767774437
tryptophol,20260928,6,8,354.9735822415977
tryptophol,20260928,6,9,356.2182236520363
tryptophol,20260928,6,10,357.4837731881879
tryptophol,20260928,6,11,353.75012742704166
tryptophol,20260928,6,12,353.95901620791074
tryptophol,20260928,6,13,355.239341333432
tryptophol,20260928,6,14,355.6604038036255
tryptophol,20260928,6,15,355.18759662414027
tryptophol,20260928,6,16,356.43148712063646
tryptophol,20260928,6,17,353.25306384624605
tryptophol,20260928,6,18,356.0816194647686
tryptophol,20260928,6,19,355.36214951045486
tryptophol,20260928,6,20,355.95055843975365
tryptophol,20260928,6,21,353.4524988627611
tryptophol,20260928,6,22,355.1124411303855
tryptophol,20260928,6,23,354.59026982776
tryptophol,20260928,7,0,358.25931320046817
tryptophol,20260928,7,1,357.8445970378265
tryptophol,20260928,7,2,357.78418709982697
tryptophol,20260928,7,3,353.091051457621
tryptophol,20260928,7,4,359.3217082019558
tryptophol,20260928,7,5,354.40100845204904
tryptophol,20260928,7,6,356.1714252573835
tryptophol,20260928,7,7,357.6707641402161
tryptophol,20260928,7,8,357.00285573221174
tryptophol,20260928,7,9,356.9136570937169
tryptophol,20260928,7,10,357.185929310423
tryptophol,20260928,7,11,356.61667933724095
tryptophol,20260928,7,12,357.87838383877835
tryptophol,20260928,7,13,358.58303801773616
tryptophol,20260928,7,14,357.45295388664914
tryptophol,20260928,7,15,356.26119360938355
tryptophol,20260928,7,16,356.0454141858031
tryptophol,20260928,7,17,355.55427794397804
tryptophol,20260928,7,18,357.1121292410505
tryptophol,20260928,7,19,356.5460952169812
tryptophol,20260928,7,20,357.0851449372762
tryptophol,20260928,7,21,356.341169798084
tryptophol,20260928,7,22,357.31610391097547
tryptophol,20260928,7,23,358.5887004307298
tryptophol,20260928,8,0,357.8998288890594
tryptophol,20260928,8,1,359.5525338779946
tryptophol,20260928,8,2,360.0415653458348
tryptophol,20260928,8,3,357.12298738853326
tryptophol,20260928,8,4,358.9111285781711
tryptophol,20260928,8,5,355.7256768443371
tryptophol,20260928,8,6,358.64323570693983
tryptophol,20260928,8,7,361.398098386735
tryptophol,20260928,8,8,363.26120462596896
tryptophol,20260928,8,9,360.13593192578867
tryptophol,20260928,8,10,359.9817709715889
tryptophol,20260928,8,11,360.1396474666489
tryptophol,20260928,8,12,358.8238072544906
tryptophol,20260928,8,13,360.0315694493256
tryptophol,20260928,8,14,359.4362782090145
tryptophol,20260928,8,15,357.00090963567357
tryptophol,20260928,8,16,358.63773957944034
tryptophol,20260928,8,17,358.6286181398532
tryptophol,20260928,8,18,358.77952546748963
tryptophol,20260928,8,19,360.36531868062576
tryptophol,20260928,8,20,360.1801358081471
tryptophol,20260928,8,21,360.07792669281747
tryptophol,20260928,8,22,357.22955958741096
tryptophol,20260928,8,23,360.191394628194
tryptophol,20260928,9,0,356.2804103673664
tryptophol,20260928,9,1,356.6777091700266
tryptophol,20260928,9,2,357.2309985187744
tryptophol,20260928,9,3,357.25188662652016
tryptophol,20260928,9,4,356.4613794905752
tryptophol,20260928,9,5,354.17712770053686
tryptophol,20260928,9,6,357.9152251406695
tryptophol,20260928,9,7,354.0460287074314
tryptophol,20260928,9,8,359.24780116219694
tryptophol,20260928,9,9,357.70240971420554
tryptophol,20260928,9,10,356.1785087559533
tryptophol,20260928,9,11,358.34548355526624
tryptophol,20260928,9,12,357.64490000763897
tryptophol,20260928,9,13,354.1864824145035
tryptophol,20260928,9,14,351.7764742596077
tryptophol,20260928,9,15,356.1796294295239
tryptophol,20260928,9,16,357.6617283696108
tryptophol,20260928,9,17,355.2686354505916
tryptophol,20260928,9,18,356.2205832290051
tryptophol,20260928,9,19,356.6444849317824
tryptophol,20260928,9,20,357.1197709596397
tryptophol,20260928,9,21,354.82102469550483
tryptophol,20260928,9,22,357.5582488149971
tryptophol,20260928,9,23,355.87002403175177
tryptophol,20260929,10,0,359.4998695450162
tryptophol,20260929,10,1,356.5479107090174
tryptophol,20260929,10,2,354.76026973154677
tryptophol,20260929,10,3,358.26819095448246
tryptophol,20260929,10,4,358.80317888011695
tryptophol,20260929,10,5,359.8295591637661
tryptophol,20260929,10,6,357.7644074484186
tryptophol,20260929,10,7,355.1557179302721
tryptophol,20260929,10,8,356.58591343846814
tryptophol,20260929,10,9,357.4129561883262
tryptophol,20260929,10,10,357.34046183347846
tryptophol,20260929,10,11,359.1578975636887
tryptophol,20260929,10,12,354.37352239863236
tryptophol,20260929,10,13,356.1520712325053
tryptophol,20260929,10,14,356.16708763630936
tryptophol,20260929,10,15,359.72820593468094
tryptophol,20260929,10,16,359.1033029592494
tryptophol,20260929,10,17,358.6149610624156
tryptophol,20260929,10,18,356.2756220197652
tryptophol,20260929,10,19,357.26633649563445
tryptophol,20260929,10,20,349.1239101130017
tryptophol,20260929,10,21,354.0761468317799
tryptophol,20260929,10,22,355.6788737196341
tryptophol,20260929,10,23,359.8007203142442
tryptophol,20260929,11,0,363.118832544004
tryptophol,20260929,11,1,362.88921373914013
tryptophol,20260929,11,2,364.25808302063285
tryptophol,20260929,11,3,361.47330212765337
tryptophol,20260929,11,4,362.77165287755616
tryptophol,20260929,11,5,361.72107965152117
tryptophol,20260929,11,6,364.5031289822506
tryptophol,20260929,11,7,362.4110809965059
tryptophol,20260929,11,8,362.0863920220525
tryptophol,20260929,11,9,363.61808844128853
tryptophol,20260929,11,10,360.28696055042167
tryptophol,20260929,11,11,364.9074804069745
tryptophol,20260929,11,12,362.68991568852795
tryptophol,20260929,11,13,363.84938407885716
tryptophol,20260929,11,14,362.5253865645808
tryptophol,20260929,11,15,364.45438290797784
tryptophol,20260929,11,16,363.7903458226516
tryptophol,20260929,11,17,363.98107415726156
tryptophol,20260929,11,18,362.32158770494675
tryptophol,20260929,11,19,363.8420960651058
tryptophol,20260929,11,20,363.4805257413118
tryptophol,20260929,11,21,362.43853370392304
tryptophol,20260929,11,22,364.4832790088524
tryptophol,20260929,11,23,364.3215533505406
tryptophol,20260929,12,0,367.05828372967767
tryptophol,20260929,12,1,366.74137882969444
tryptophol,20260929,12,2,364.90785906974577
tryptophol,20260929,12,3,366.64669011101256
tryptophol,20260929,12,4,362.82661748757926
tryptophol,20260929,12,5,364.19587658649755
tryptophol,20260929,12,6,366.87371878206926
tryptophol,20260929,12,7,363.9864368044368
tryptophol,20260929,12,8,365.644524072602
tryptophol,20260929,12,9,364.16941061531867
tryptophol,20260929,12,10,362.44933707624654
tryptophol,20260929,12,11,365.8034683968647
tryptophol,20260929,12,12,364.09700491135357
tryptophol,20260929,12,13,363.63904393506084
tryptophol,20260929,12,14,364.45601557322
tryptophol,20260929,12,15,364.74997286330995
tryptophol,20260929,12,16,365.5008356427926
tryptophol,20260929,12,17,363.0379247939734
tryptophol,20260929,12,18,365.2150690765418
tryptophol,20260929,12,19,364.52041581396077
tryptophol,20260929,12,20,362.7673232048579
tryptophol,20260929,12,21,365.8260083794385
tryptophol,20260929,12,22,365.19008819068915
tryptophol,20260929,12,23,364.7056049762852
tryptophol,20260929,13,0,355.9517672456852
tryptophol,20260929,13,1,354.14466304768536
tryptophol,20260929,13,2,356.6260238025469
tryptophol,20260929,13,3,356.122572511711
tryptophol,20260929,13,4,355.179889127296
tryptophol,20260929,13,5,355.9945501241136
tryptophol,20260929,13,6,354.5772027017217
tryptophol,20260929,13,7,355.8529574108536
tryptophol,20260929,13,8,354.6786236486907
tryptophol,20260929,13,9,356.292842414861
tryptophol,20260929,13,10,355.96812739761333
tryptophol,20260929,13,11,358.2492858302158
tryptophol,20260929,13,12,355.5824749810895
tryptophol,20260929,13,13,354.49719528323305
tryptophol,20260929,13,14,354.9389677730149
tryptophol,20260929,13,15,354.73971599265985
tryptophol,20260929,13,16,355.5064372913389
tryptophol,20260929,13,17,355.82031559363264
tryptophol,20260929,13,18,355.82566607557067
tryptophol,20260929,13,19,355.33058620936265
tryptophol,20260929,13,20,356.0519093198828
tryptophol,20260929,13,21,358.60370487072447
tryptophol,20260929,13,22,355.82031948104986
tryptophol,20260929,13,23,356.521603571606
tryptophol,20260929,14,0,357.32754150505474
tryptophol,20260929,14,1,357.6040413754675
tryptophol,20260929,14,2,357.2710314424933
tryptophol,20260929,14,3,357.30055664687194
tryptophol,20260929,14,4,356.8734478554623
tryptophol,20260929,14,5,356.3941556208096
tryptophol,20260929,14,6,357.33850874806234
tryptophol,20260929,14,7,347.42613133012367
tryptophol,20260929,14,8,358.44524685891054
tryptophol,20260929,14,9,357.0096064505026
tryptophol,20260929,14,10,356.43382153069797
tryptophol,20260929,14,11,359.1709237422717
tryptophol,20260929,14,12,354.6227588426739
tryptophol,20260929,14,13,360.9285118988252
tryptophol,20260929,14,14,357.8200438437556
tryptophol,20260929,14,15,355.0915982990199
tryptophol,20260929,14,16,354.46517854063126
tryptophol,20260929,14,17,356.2893292173788
tryptophol,20260929,14,18,355.3491499376365
tryptophol,20260929,14,19,358.7698619874617
tryptophol,20260929,14,20,357.7222494913563
tryptophol,20260929,14,21,358.4494985607868
tryptophol,20260929,14,22,357.7660493789307
tryptophol,20260929,14,23,356.3572712032102
tryptophol,20260929,15,0,354.8873445505064
tryptophol,20260929,15,1,355.1562517395971
tryptophol,20260929,15,2,354.81708796520473
tryptophol,20260929,15,3,355.5786465549526
tryptophol,20260929,15,4,354.685009335486
tryptophol,20260929,15,5,354.3603338896374
tryptophol,20260929,15,6,353.1090649056898
tryptophol,20260929,15,7,357.04899709921887
tryptophol,20260929,15,8,355.1435094555067
tryptophol,20260929,15,9,356.5657760297175
tryptophol,20260929,15,10,355.0240909343948
tryptophol,20260929,15,11,355.48414733341656
tryptophol,20260929,15,12,355.93220590787985
tryptophol,20260929,15,13,355.2349700244448
tryptophol,20260929,15,14,353.70657120644387
tryptophol,20260929,15,15,354.26446272817293
tryptophol,20260929,15,16,354.4965531093353
tryptophol,20260929,15,17,355.3319243927521
tryptophol,20260929,15,18,355.8268233848526
tryptophol,20260929,15,19,358.20252076020415
tryptophol,20260929,15,20,354.76400953728285
tryptophol,20260929,15,21,356.4629594918956
tryptophol,20260929,15,22,356.0705146109023
tryptophol,20260929,15,23,355.5969237199773
tryptophol,20260929,16,0,355.846686392943
tryptophol,20260929,16,1,356.6391282887635
tryptophol,20260929,16,2,354.7515668291787
tryptophol,20260929,16,3,354.8943025267186
tryptophol,20260929,16,4,356.5476084527955
tryptophol,20260929,16,5,351.56318137717574
tryptophol,20260929,16,6,355.65903969064163
tryptophol,20260929,16,7,354.5695636993699
tryptophol,20260929,16,8,355.57954694825685
tryptophol,20260929,16,9,354.89790432718576
tryptophol,20260929,16,10,357.5568001529086
tryptophol,20260929,16,11,357.1242214729087
tryptophol,20260929,16,12,355.7022616851648
tryptophol,20260929,16,13,353.8840536195943
tryptophol,20260929,16,14,355.9518194314135
tryptophol,20260929,16,15,356.3031251436986
tryptophol,20260929,16,16,354.8857691877042
tryptophol,20260929,16,17,355.46327055358626
tryptophol,20260929,16,18,353.78977711364433
tryptophol,20260929,16,19,354.23015533267693
tryptophol,20260929,16,20,357.688512935539
tryptophol,20260929,16,21,354.36489550858295
tryptophol,20260929,16,22,356.1228732603853
tryptophol,20260929,16,23,357.23289734331377
tryptophol,20260929,17,0,357.54958590306546
tryptophol,20260929,17,1,358.4516338108405
tryptophol,20260929,17,2,354.877851867405
tryptophol,20260929,17,3,355.8692855616364
tryptophol,20260929,17,4,357.5000316543321
tryptophol,20260929,17,5,356.1998513833608
tryptophol,20260929,17,6,356.4663825772357
tryptophol,20260929,17,7,361.0249281211837
tryptophol,20260929,17,8,356.6040727571542
tryptophol,20260929,17,9,354.8571556157639
tryptophol,20260929,17,10,357.774377343428
tryptophol,20260929,17,11,356.05020919665424
tryptophol,20260929,17,12,358.60503913701115
tryptophol,20260929,17,13,357.4342141317683
tryptophol,20260929,17,14,354.6789618970304
tryptophol,20260929,17,15,357.7524414599558
tryptophol,20260929,17,16,357.4042855981615
tryptophol,20260929,17,17,356.88237850855677
tryptophol,20260929,17,18,357.12303076474257
tryptophol,20260929,17,19,356.7884038327957
tryptophol,20260929,17,20,356.62839616084585
tryptophol,20260929,17,21,357.32235804875563
tryptophol,20260929,17,22,356.8182655413426
tryptophol,20260929,17,23,357.1148516068332
tryptophol,20260929,18,0,363.98530082387043
tryptophol,20260929,18,1,363.70426836061887
tryptophol,20260929,18,2,362.431840117101
tryptophol,20260929,18,3,361.8055984246248
tryptophol,20260929,18,4,361.1349234864803
tryptophol,20260929,18,5,364.7288746182127
tryptophol,20260929,18,6,363.36200547859295
tryptophol,20260929,18,7,361.89897255967514
tryptophol,20260929,18,8,362.3608021845208
tryptophol,20260929,18,9,361.30995915494714
tryptophol,20260929,18,10,363.1699725812469
tryptophol,20260929,18,11,362.6390787060639
tryptophol,20260929,18,12,362.64052063508507
tryptophol,20260929,18,13,361.77874254816965
tryptophol,20260929,18,14,362.7759739873919
tryptophol,20260929,18,15,361.2649881916301
tryptophol,20260929,18,16,362.37784378433895
tryptophol,20260929,18,17,362.33335238901594
tryptophol,20260929,18,18,361.42072933038315
tryptophol,20260929,18,19,362.9232020548242
tryptophol,20260929,18,20,356.3093829332467
tryptophol,20260929,18,21,357.79345749636025
tryptophol,20260929,18,22,363.76247546313965
tryptophol,20260929,18,23,363.4166915679812
tryptophol,20260929,19,0,361.15765567786326
tryptophol,20260929,19,1,360.1658356182746
tryptophol,20260929,19,2,353.90781099977863
tryptophol,20260929,19,3,358.0312278258948
tryptophol,20260929,19,4,357.29876902188215
tryptophol,20260929,19,5,359.6738583739883
tryptophol,20260929,19,6,357.87494079735364
tryptophol,20260929,19,7,362.4313871186817
tryptophol,20260929,19,8,360.1148426060251
tryptophol,20260929,19,9,359.7048080823362
tryptophol,20260929,19,10,357.62521909041794
tryptophol,20260929,19,11,358.9370524643085
tryptophol,20260929,19,12,360.0089457502137
tryptophol,20260929,19,13,360.8194406226051
tryptophol,20260929,19,14,359.4652965601012
tryptophol,20260929,19,15,357.4773096242008
tryptophol,20260929,19,16,361.00529771875335
tryptophol,20260929,19,17,359.9321728313668
tryptophol,20260929,19,18,360.22987785786484
tryptophol,20260929,19,19,359.51796212730113
tryptophol,20260929,19,20,359.90259175278453
tryptophol,20260929,19,21,358.5461708324376
tryptophol,20260929,19,22,358.4732573423065
tryptophol,20260929,19,23,360.24031363958863
tryptophol,20260930,20,0,362.0765804783167
tryptophol,20260930,20,1,362.8236151146037
tryptophol,20260930,20,2,361.28925099980995
tryptophol,20260930,20,3,363.87732937453615
tryptophol,20260930,20,4,361.67227327885973
tryptophol,20260930,20,5,362.10368795760957
tryptophol,20260930,20,6,363.972096261181
tryptophol,20260930,20,7,361.38865225867204
tryptophol,20260930,20,8,363.26438004943304
tryptophol,20260930,20,9,364.36048687451495
tryptophol,20260930,20,10,362.23084399912443
tryptophol,20260930,20,11,364.17040626600266
tryptophol,20260930,20,12,363.08021617835084
tryptophol,20260930,20,13,363.5678894592455
tryptophol,20260930,20,14,363.6943970176213
tryptophol,20260930,20,15,362.67003901549305
tryptophol,20260930,20,16,362.84881612362864
tryptophol,20260930,20,17,362.3863357638764
tryptophol,20260930,20,18,361.7442358882275
tryptophol,20260930,20,19,362.6575920879145
tryptophol,20260930,20,20,363.32956157155206
tryptophol,20260930,20,21,362.0369395615631
tryptophol,20260930,20,22,364.07640303316873
tryptophol,20260930,20,23,364.9228250026181
tryptophol,20260930,21,0,364.54162799843925
tryptophol,20260930,21,1,363.3941966386828
tryptophol,20260930,21,2,362.3067654793633
tryptophol,20260930,21,3,360.94290348077607
tryptophol,20260930,21,4,363.3613431671102
tryptophol,20260930,21,5,361.5330847500916
tryptophol,20260930,21,6,364.0980653942416
tryptophol,20260930,21,7,362.7770648190416
tryptophol,20260930,21,8,363.19664352351424
tryptophol,20260930,21,9,362.9833529996366
tryptophol,20260930,21,10,362.56109432805164
tryptophol,20260930,21,11,362.2311790127554
tryptophol,20260930,21,12,363.8298165818147
tryptophol,20260930,21,13,362.5975555745241
tryptophol,20260930,21,14,360.8433200199564
tryptophol,20260930,21,15,361.05632193667105
tryptophol,20260930,21,16,363.6139044786163
tryptophol,20260930,21,17,360.7939377114467
tryptophol,20260930,21,18,362.93866360965666
tryptophol,20260930,21,19,363.4919310688163
tryptophol,20260930,21,20,360.87794528732445
tryptophol,20260930,21,21,362.4767719240855
tryptophol,20260930,21,22,361.7177600664785
tryptophol,20260930,21,23,362.44547900114316
tryptophol,20260930,22,0,358.3216218589038
tryptophol,20260930,22,1,359.4722476742391
tryptophol,20260930,22,2,362.1665946171393
tryptophol,20260930,22,3,359.68685232360446
tryptophol,20260930,22,4,358.3463441331616
tryptophol,20260930,22,5,357.80761878765844
tryptophol,20260930,22,6,361.20038896183223
tryptophol,20260930,22,7,362.3170938781868
tryptophol,20260930,22,8,358.54863752484187
tryptophol,20260930,22,9,359.48442663327177
tryptophol,20260930,22,10,361.83534708769776
tryptophol,20260930,22,11,358.66513080594336
tryptophol,20260930,22,12,364.2129109918878
tryptophol,20260930,22,13,359.80285250036013
tryptophol,20260930,22,14,358.1576224396154
tryptophol,20260930,22,15,359.33029652491996
tryptophol,20260930,22,16,358.9986916885685
tryptophol,20260930,22,17,363.0088037629128
tryptophol,20260930,22,18,351.99519072306236
tryptophol,20260930,22,19,361.36513713309137
tryptophol,20260930,22,20,358.1686795024418
tryptophol,20260930,22,21,359.13499006303334
tryptophol,20260930,22,22,358.12516841091116
tryptophol,20260930,22,23,357.8274874579609
tryptophol,20260930,23,0,362.9579086193505
tryptophol,20260930,23,1,362.75698068197045
tryptophol,20260930,23,2,366.0950256822959
tryptophol,20260930,23,3,362.95114125645586
tryptophol,20260930,23,4,361.73500526669784
tryptophol,20260930,23,5,362.7714834479284
tryptophol,20260930,23,6,362.7364407572163
tryptophol,20260930,23,7,361.6544797085727
tryptophol,20260930,23,8,363.63046815931915
tryptophol,20260930,23,9,363.11631836936374
tryptophol,20260930,23,10,363.58511143105414
tryptophol,20260930,23,11,362.068407407569
tryptophol,20260930,23,12,364.0300542089013
tryptophol,20260930,23,13,363.3402383132182
tryptophol,20260930,23,14,361.2271686833782
tryptophol,20260930,23,15,363.6134106172353
tryptophol,20260930,23,16,359.2368440551286
tryptophol,20260930,23,17,362.9757970139304
tryptophol,20260930,23,18,363.31971929172573
tryptophol,20260930,23,19,362.94504001852476
tryptophol,20260930,23,20,363.6510661659823
tryptophol,20260930,23,21,363.0866410007479
tryptophol,20260930,23,22,362.5617817514747
tryptophol,20260930,23,23,362.1776875149784
tryptophol,20260930,24,0,357.9061536232591
tryptophol,20260930,24,1,356.6542990994769
tryptophol,20260930,24,2,353.1980101875705
tryptophol,20260930,24,3,358.1200252780395
tryptophol,20260930,24,4,358.0729764544042
tryptophol,20260930,24,5,356.8276270672958
tryptophol,20260930,24,6,357.2679408603947
tryptophol,20260930,24,7,356.98536398061754
tryptophol,20260930,24,8,357.23308771807416
tryptophol,20260930,24,9,356.9205590765784
tryptophol,20260930,24,10,357.46810904085584
tryptophol,20260930,24,11,356.33184382356023
tryptophol,20260930,24,12,356.86581024777684
tryptophol,20260930,24,13,356.74959220630564
tryptophol,20260930,24,14,359.512935200366
tryptophol,20260930,24,15,357.46056630718886
tryptophol,20260930,24,16,353.68706252061133
tryptophol,20260930,24,17,357.3786479503581
tryptophol,20260930,24,18,358.63573351436304
tryptophol,20260930,24,19,355.7954086763834
tryptophol,20260930,24,20,355.3881143498973
tryptophol,20260930,24,21,357.4297174936112
tryptophol,20260930,24,22,357.7431842157229
tryptophol,20260930,24,23,356.7576331746742
tryptophol,20260930,25,0,355.2855253477581
tryptophol,20260930,25,1,353.13583470968797
tryptophol,20260930,25,2,356.2788241745767
tryptophol,20260930,25,3,356.03248848881293
tryptophol,20260930,25,4,354.51072985648483
tryptophol,20260930,25,5,354.9896880219402
tryptophol,20260930,25,6,356.5809483959752
tryptophol,20260930,25,7,358.3877909536585
tryptophol,20260930,25,8,355.82078860064564
tryptophol,20260930,25,9,355.7850287344609
tryptophol,20260930,25,10,353.4428398199332
tryptophol,20260930,25,11,355.6250766835026
tryptophol,20260930,25,12,354.3532243394171
tryptophol,20260930,25,13,354.9930749230315
tryptophol,20260930,25,14,356.57542516503446
tryptophol,20260930,25,15,357.1332144262034
tryptophol,20260930,25,16,356.5056763665583
tryptophol,20260930,25,17,355.85566267988827
tryptophol,20260930,25,18,354.8943522548787
tryptophol,20260930,25,19,353.1737749709741
tryptophol,20260930,25,20,354.764379704548
tryptophol,20260930,25,21,356.0531900926647
tryptophol,20260930,25,22,357.3387359975285
tryptophol,20260930,25,23,355.37499050132595
tryptophol,20260930,26,0,357.1086454301967
tryptophol,20260930,26,1,355.2291840015276
tryptophol,20260930,26,2,354.1566882572069
tryptophol,20260930,26,3,357.8008270621175
tryptophol,20260930,26,4,356.11416018160287
tryptophol,20260930,26,5,355.0058903262616
tryptophol,20260930,26,6,354.9806488094085
tryptophol,20260930,26,7,354.9799494330331
tryptophol,20260930,26,8,355.56097602198747
tryptophol,20260930,26,9,355.95719657894574
tryptophol,20260930,26,10,355.09671622079065
tryptophol,20260930,26,11,353.78196075514785
tryptophol,20260930,26,12,355.48513409680316
tryptophol,20260930,26,13,355.8925325849273
tryptophol,20260930,26,14,356.2278544986592
tryptophol,20260930,26,15,356.23213796546827
tryptophol,20260930,26,16,355.4692705751906
tryptophol,20260930,26,17,354.9252528209438
tryptophol,20260930,26,18,354.71007017015404
tryptophol,20260930,26,19,356.8438997329779
tryptophol,20260930,26,20,359.2828549428599
tryptophol,20260930,26,21,353.2320450277069
tryptophol,20260930,26,22,353.4356757901839
tryptophol,20260930,26,23,356.2451694883371
tryptophol,20260930,27,0,355.15371880561287
tryptophol,20260930,27,1,357.17718536731604
tryptophol,20260930,27,2,355.64337495498046
tryptophol,20260930,27,3,355.68915488249365
tryptophol,20260930,27,4,355.7410908660135
tryptophol,20260930,27,5,354.789502809016
tryptophol,20260930,27,6,355.4782950339617
tryptophol,20260930,27,7,353.5413039568036
tryptophol,20260930,27,8,356.1637988626469
tryptophol,20260930,27,9,356.18698559027473
tryptophol,20260930,27,10,356.5028551969358
tryptophol,20260930,27,11,351.7090809912614
tryptophol,20260930,27,12,355.09060637956617
tryptophol,20260930,27,13,353.15385951623836
tryptophol,20260930,27,14,353.73462041049
tryptophol,20260930,27,15,354.6524654753837
tryptophol,20260930,27,16,354.6449547640351
tryptophol,20260930,27,17,356.26342378251223
tryptophol,20260930,27,18,357.80595494030035
tryptophol,20260930,27,19,354.8982498786818
tryptophol,20260930,27,20,353.41588885484646
tryptophol,20260930,27,21,354.63397452708534
tryptophol,20260930,27,22,355.14914579227394
tryptophol,20260930,27,23,356.3706776269864
tryptophol,20260930,28,0,358.3633362924553
tryptophol,20260930,28,1,357.83842861403963
tryptophol,20260930,28,2,357.9657090632848
tryptophol,20260930,28,3,361.3524032644591
tryptophol,20260930,28,4,359.5069513236051
tryptophol,20260930,28,5,360.9471602742751
tryptophol,20260930,28,6,360.1556095121891
tryptophol,20260930,28,7,359.85078450877324
tryptophol,20260930,28,8,359.10742676202585
tryptophol,20260930,28,9,358.36300804797617
tryptophol,20260930,28,10,357.88105096505745
tryptophol,20260930,28,11,358.7215574651128
tryptophol,20260930,28,12,357.20276797779053
tryptophol,20260930,28,13,357.36419123417795
tryptophol,20260930,28,14,358.1396389646628
tryptophol,20260930,28,15,363.3103115102547
tryptophol,20260930,28,16,358.59553175871537
tryptophol,20260930,28,17,359.25297834101906
tryptophol,20260930,28,18,359.0323210317099
tryptophol,20260930,28,19,359.9009198396995
tryptophol,20260930,28,20,351.89495698755627
tryptophol,20260930,28,21,354.8317001659738
tryptophol,20260930,28,22,362.0194295487167
tryptophol,20260930,28,23,358.1962464064454
tryptophol,20260930,29,0,364.8153263725296
tryptophol,20260930,29,1,363.1768603773138
tryptophol,20260930,29,2,362.818432989673
tryptophol,20260930,29,3,365.2709501954384
tryptophol,20260930,29,4,363.99222295067955
tryptophol,20260930,29,5,362.54313493449655
tryptophol,20260930,29,6,363.2590372960076
tryptophol,20260930,29,7,363.77334040564693
tryptophol,20260930,29,8,363.5074178111261
tryptophol,20260930,29,9,363.29519148639366
tryptophol,20260930,29,10,362.34227317968254
tryptophol,20260930,29,11,362.86661165290326
tryptophol,20260930,29,12,362.249440377045
tryptophol,20260930,29,13,363.31906734082423
tryptophol,20260930,29,14,362.6783621455124
tryptophol,20260930,29,15,364.3489421809704
tryptophol,20260930,29,16,362.98665390241246
tryptophol,20260930,29,17,360.76388412721104
tryptophol,20260930,29,18,362.00672362475814
tryptophol,20260930,29,19,362.503909087399
tryptophol,20260930,29,20,356.61206213919525
tryptophol,20260930,29,21,357.2348366044518
tryptophol,20260930,29,22,364.12532775031315
tryptophol,20260930,29,23,361.3379221500349
tryptophol,20260930,30,0,362.2280514532137
tryptophol,20260930,30,1,358.7041229546601
tryptophol,20260930,30,2,365.4297852170278
tryptophol,20260930,30,3,364.3255613388977
tryptophol,20260930,30,4,363.0968413186497
tryptophol,20260930,30,5,363.97583356417
tryptophol,20260930,30,6,364.68543494758114
tryptophol,20260930,30,7,359.6871608522182
tryptophol,20260930,30,8,360.95852750387945
tryptophol,20260930,30,9,362.27963361993557
tryptophol,20260930,30,10,362.7481450070523
tryptophol,20260930,30,11,362.1006838471531
tryptophol,20260930,30,12,360.3724473556752
tryptophol,20260930,30,13,362.2644750707237
tryptophol,20260930,30,14,363.6914079196287
tryptophol,20260930,30,15,364.2413219849989
tryptophol,20260930,30,16,365.7364974196597
tryptophol,20260930,30,17,363.42914426198746
tryptophol,20260930,30,18,362.6489466981962
tryptophol,20260930,30,19,362.7822047926421
tryptophol,20260930,30,20,361.6157842997575
tryptophol,20260930,30,21,362.45499041702385
tryptophol,20260930,30,22,362.7327453107057
tryptophol,20260930,30,23,359.978651545021
tryptophol,20260930,31,0,357.38951688776984
tryptophol,20260930,31,1,359.0621253102402
tryptophol,20260930,31,2,357.0005185118803
tryptophol,20260930,31,3,345.40515275195617
tryptophol,20260930,31,4,357.181854155396
tryptophol,20260930,31,5,357.26778636923564
tryptophol,20260930,31,6,353.7595785108904
tryptophol,20260930,31,7,356.9848627935235
tryptophol,20260930,31,8,357.5421395615521
tryptophol,20260930,31,9,357.7462621117333
tryptophol,20260930,31,10,358.7270095814178
tryptophol,20260930,31,11,356.22783807864386
tryptophol,20260930,31,12,359.87773059726015
tryptophol,20260930,31,13,357.1799654784326
tryptophol,20260930,31,14,356.123692880091
tryptophol,20260930,31,15,356.62171506582257
tryptophol,20260930,31,16,357.2640442249969
tryptophol,20260930,31,17,353.4225077527678
tryptophol,20260930,31,18,356.52518907059635
tryptophol,20260930,31,19,355.683560761892
tryptophol,20260930,31,20,357.14603360959376
tryptophol,20260930,31,21,357.45389582135925
tryptophol,20260930,31,22,357.1955942724988
tryptophol,20260930,31,23,359.9548190418559
tryptophol,20260930,32,0,363.1921791031048
tryptophol,20260930,32,1,361.0215678284408
tryptophol,20260930,32,2,364.3177892967511
tryptophol,20260930,32,3,362.5170120862694
tryptophol,20260930,32,4,360.50912892541805
tryptophol,20260930,32,5,360.1670755521005
tryptophol,20260930,32,6,360.3823661087998
tryptophol,20260930,32,7,363.00164200104933
tryptophol,20260930,32,8,361.9599421657553
tryptophol,20260930,32,9,361.2545660318113
tryptophol,20260930,32,10,360.12668666110943
tryptophol,20260930,32,11,363.8880041389682
tryptophol,20260930,32,12,361.52321769797624
tryptophol,20260930,32,13,362.4000243553038
tryptophol,20260930,32,14,363.27377831221094
tryptophol,20260930,32,15,364.0209658764172
tryptophol,20260930,32,16,361.2381256538815
tryptophol,20260930,32,17,361.9495480282416
tryptophol,20260930,32,18,360.7084024202168
tryptophol,20260930,32,19,363.6385620900792
tryptophol,20260930,32,20,358.7089294780781
tryptophol,20260930,32,21,358.6257995388038
tryptophol,20260930,32,22,363.8124507173025
tryptophol,20260930,32,23,362.1167807074303
indoline,20260928,0,0,301.2481130147617
indoline,20260928,0,1,300.97558151623195
indoline,20260928,0,2,300.8054628524787
indoline,20260928,0,3,299.71452157319516
indoline,20260928,0,4,300.43265283687947
indoline,20260928,0,5,300.00239215539045
indoline,20260928,0,6,301.0577807231346
indoline,20260928,0,7,300.43304472810416
indoline,20260928,0,8,300.81828000104423
indoline,20260928,0,9,300.2563986041921
indoline,20260928,0,10,299.83894729041225
indoline,20260928,0,11,300.80680345325555
indoline,20260928,0,12,301.6103847207726
indoline,20260928,0,13,300.71438067139513
indoline,20260928,0,14,300.409247820448
indoline,20260928,0,15,295.75844795159406
indoline,20260928,0,16,299.4755264141358
indoline,20260928,0,17,301.075431514923
indoline,20260928,0,18,300.74852320452203
indoline,20260928,0,19,300.05398909096147
indoline,20260928,0,20,297.9705416530248
indoline,20260928,0,21,300.9199778924603
indoline,20260928,0,22,301.3439545895431
indoline,20260928,0,23,301.7856421129655
indoline,20260928,1,0,299.41782126421407
indoline,20260928,1,1,300.873838617726
indoline,20260928,1,2,298.4694929077713
indoline,20260928,1,3,300.53395415939406
indoline,20260928,1,4,302.48617244379216
indoline,20260928,1,5,299.5368468087584
indoline,20260928,1,6,301.1001929274191
indoline,20260928,1,7,302.68632311836876
indoline,20260928,1,8,298.641340085326
indoline,20260928,1,9,302.11023894323534
indoline,20260928,1,10,299.6972104459638
indoline,20260928,1,11,301.74689859503275
indoline,20260928,1,12,301.6830230519488
indoline,20260928,1,13,301.3895662081327
indoline,20260928,1,14,301.3868341981523
indoline,20260928,1,15,298.57827563168644
indoline,20260928,1,16,300.53715846857637
indoline,20260928,1,17,301.8482009112081
indoline,20260928,1,18,299.7452556756976
indoline,20260928,1,19,301.4168271653066
indoline,20260928,1,20,297.7971200681795
indoline,20260928,1,21,297.0883948020952
indoline,20260928,1,22,300.4932949241982
indoline,20260928,1,23,300.13650656410255
indoline,20260929,2,0,300.5124787847211
indoline,20260929,2,1,300.082825304522
indoline,20260929,2,2,302.0732984895131
indoline,20260929,2,3,301.2767851746804
indoline,20260929,2,4,300.1607216543146
indoline,20260929,2,5,300.6580541130174
indoline,20260929,2,6,300.41230508271326
indoline,20260929,2,7,303.5458454033271
indoline,20260929,2,8,300.82251016866906
indoline,20260929,2,9,302.19543480653414
indoline,20260929,2,10,299.89525848851173
indoline,20260929,2,11,300.5972252883748
indoline,20260929,2,12,300.86470858179945
indoline,20260929,2,13,300.0449596787849
indoline,20260929,2,14,301.6165798828399
indoline,20260929,2,15,298.2995675408777
indoline,20260929,2,16,302.3834370314631
indoline,20260929,2,17,300.04390878452347
indoline,20260929,2,18,298.3291067858996
indoline,20260929,2,19,302.4731286967562
indoline,20260929,2,20,302.3828985425676
indoline,20260929,2,21,300.8210739545585
indoline,20260929,2,22,300.7372386346713
indoline,20260929,2,23,299.91327312498146
indoline,20260929,3,0,302.176290106181
indoline,20260929,3,1,299.79603891065824
indoline,20260929,3,2,289.88254631241
indoline,20260929,3,3,299.96253489524037
indoline,20260929,3,4,303.8453368380049
indoline,20260929,3,5,300.55976984940446
indoline,20260929,3,6,301.24858941259924
indoline,20260929,3,7,301.94000427176377
indoline,20260929,3,8,299.4093631026236
indoline,20260929,3,9,301.10630808840824
indoline,20260929,3,10,300.78707898801326
indoline,20260929,3,11,300.97754395054574
indoline,20260929,3,12,301.8403907562754
indoline,20260929,3,13,300.1845006444319
indoline,20260929,3,14,303.3532229982766
indoline,20260929,3,15,298.875358756116
indoline,20260929,3,16,299.15089362866894
indoline,20260929,3,17,302.8073166473146
indoline,20260929,3,18,301.3941102936677
indoline,20260929,3,19,301.4239523246182
indoline,20260929,3,20,299.97796864646097
indoline,20260929,3,21,299.84502162486365
indoline,20260929,3,22,300.82113387306026
indoline,20260929,3,23,301.04075861958944
indoline,20260929,4,0,301.37509640170856
indoline,20260929,4,1,300.638262879054
indoline,20260929,4,2,301.55720765607043
indoline,20260929,4,3,300.98165773184246
indoline,20260929,4,4,300.7493010911151
indoline,20260929,4,5,301.1390704806805
indoline,20260929,4,6,301.2424968778234
indoline,20260929,4,7,301.0247860805808
indoline,20260929,4,8,301.238402800843
indoline,20260929,4,9,301.52238950805247
indoline,20260929,4,10,301.58093621653063
indoline,20260929,4,11,300.5941351809325
indoline,20260929,4,12,301.31788151275157
indoline,20260929,4,13,300.8388587578887
indoline,20260929,4,14,302.59487135371086
indoline,20260929,4,15,302.6557191603846
indoline,20260929,4,16,301.52681303096847
indoline,20260929,4,17,301.9285479358192
indoline,20260929,4,18,301.992669090597
indoline,20260929,4,19,301.34742435117744
indoline,20260929,4,20,302.0979004765984
indoline,20260929,4,21,301.62540146245357
indoline,20260929,4,22,300.7494954075681
indoline,20260929,4,23,301.16733646405504
indoline,20260930,5,0,303.2250205455547
indoline,20260930,5,1,302.32647984102533
indoline,20260930,5,2,300.9125729596088
indoline,20260930,5,3,300.07666393082434
indoline,20260930,5,4,300.5846349870589
indoline,20260930,5,5,301.7746537893466
indoline,20260930,5,6,299.32532881141236
indoline,20260930,5,7,301.30654130385744
indoline,20260930,5,8,302.8927211276896
indoline,20260930,5,9,301.8737870279043
indoline,20260930,5,10,300.18738365087773
indoline,20260930,5,11,301.5290677445934
indoline,20260930,5,12,301.6084843557256
indoline,20260930,5,13,301.5339166899841
indoline,20260930,5,14,301.359312505125
indoline,20260930,5,15,297.47926382512844
indoline,20260930,5,16,301.7435540309319
indoline,20260930,5,17,301.4788664080287
indoline,20260930,5,18,299.3128453300787
indoline,20260930,5,19,300.47143558967554
indoline,20260930,5,20,300.727146784385
indoline,20260930,5,21,303.8832788477708
indoline,20260930,5,22,302.4696362030544
indoline,20260930,5,23,300.83233448979706
indoline,20260930,6,0,300.4141424135537
indoline,20260930,6,1,301.7487014081621
indoline,20260930,6,2,301.59861925555305
indoline,20260930,6,3,301.3492711918643
indoline,20260930,6,4,300.0395154195549
indoline,20260930,6,5,300.57810455402216
indoline,20260930,6,6,301.42712924206444
indoline,20260930,6,7,301.6858746252665
indoline,20260930,6,8,298.87217708691475
indoline,20260930,6,9,301.3072998083517
indoline,20260930,6,10,299.5644277102911
indoline,20260930,6,11,301.0286739899675
indoline,20260930,6,12,301.6660556879902
indoline,20260930,6,13,301.45655860856135
indoline,20260930,6,14,301.3164546723145
indoline,20260930,6,15,296.17662918960156
indoline,20260930,6,16,300.43737829833674
indoline,20260930,6,17,299.9639372031843
indoline,20260930,6,18,303.09643113294476
indoline,20260930,6,19,301.09935055271086
indoline,20260930,6,20,302.4067197758837
indoline,20260930,6,21,301.8316890249629
indoline,20260930,6,22,301.321690758973
indoline,20260930,6,23,301.8311519536868
indoline,20260930,7,0,299.6475718521035
indoline,20260930,7,1,300.1055702809384
indoline,20260930,7,2,304.0477234579764
indoline,20260930,7,3,300.9491474618008
indoline,20260930,7,4,299.6107106614892
indoline,20260930,7,5,300.6505948630272
indoline,20260930,7,6,301.5448825949937
indoline,20260930,7,7,301.43065922275434
indoline,20260930,7,8,302.2454013330707
indoline,20260930,7,9,300.9817211493564
indoline,20260930,7,10,301.3219413676653
indoline,20260930,7,11,299.3666028244544
indoline,20260930,7,12,301.7712044141134
indoline,20260930,7,13,300.93768888713345
indoline,20260930,7,14,299.8448845786654
indoline,20260930,7,15,301.68827023077995
indoline,20260930,7,16,301.1509241810503
indoline,20260930,7,17,300.2552663578927
indoline,20260930,7,18,300.3823959789834
indoline,20260930,7,19,301.5237244111343
indoline,20260930,7,20,301.07732004994256
indoline,20260930,7,21,298.8651941437981
indoline,20260930,7,22,300.54182634300497
indoline,20260930,7,23,301.5424434319802
benzofuran_ester,20260928,0,0,400.32824836391234
benzofuran_ester,20260928,0,1,405.09026164203505
benzofuran_ester,20260928,0,2,403.5725975034391
benzofuran_ester,20260928,0,3,405.94805752984587
benzofuran_ester,20260928,0,4,403.9784651906052
benzofuran_ester,20260928,0,5,402.6249186530636
benzofuran_ester,20260928,0,6,401.75841704615976
benzofuran_ester,20260928,0,7,403.1128236867496
benzofuran_ester,20260928,0,8,402.84052420366186
benzofuran_ester,20260928,0,9,401.1180985513829
benzofuran_ester,20260928,0,10,403.64976717882394
benzofuran_ester,20260928,0,11,402.88805823735896
benzofuran_ester,20260928,0,12,402.1158766987732
benzofuran_ester,20260928,0,13,401.6973439546313
benzofuran_ester,20260928,0,14,401.7710158260279
benzofuran_ester,20260928,0,15,402.7428087221567
benzofuran_ester,20260928,0,16,402.7601662740298
benzofuran_ester,20260928,0,17,403.004771143251
benzofuran_ester,20260928,0,18,402.4941335386469
benzofuran_ester,20260928,0,19,402.4770084185164
benzofuran_ester,20260928,0,20,400.71881517167515
benzofuran_ester,20260928,0,21,399.6085518301375
benzofuran_ester,20260928,0,22,404.0837544010749
benzofuran_ester,20260928,0,23,398.71105535795533
benzofuran_ester,20260928,1,0,401.9008668189832
benzofuran_ester,20260928,1,1,402.83209262061183
benzofuran_ester,20260928,1,2,401.1587577042709
benzofuran_ester,20260928,1,3,403.40198348398206
benzofuran_ester,20260928,1,4,405.29414075676476
benzofuran_ester,20260928,1,5,402.88605196400084
benzofuran_ester,20260928,1,6,402.7327892254873
benzofuran_ester,20260928,1,7,401.0156031672099
benzofuran_ester,20260928,1,8,400.95387141114753
benzofuran_ester,20260928,1,9,403.52949960554554
benzofuran_ester,20260928,1,10,400.1184678993554
benzofuran_ester,20260928,1,11,400.1349154999471
benzofuran_ester,20260928,1,12,402.14816931158816
benzofuran_ester,20260928,1,13,401.7329393306321
benzofuran_ester,20260928,1,14,402.9599716014311
benzofuran_ester,20260928,1,15,401.2550017765863
benzofuran_ester,20260928,1,16,401.3940467306394
benzofuran_ester,20260928,1,17,402.79356225882003
benzofuran_ester,20260928,1,18,400.76349617626556
benzofuran_ester,20260928,1,19,401.31685453080104
benzofuran_ester,20260928,1,20,402.3291002926143
benzofuran_ester,20260928,1,21,401.4836513774353
benzofuran_ester,20260928,1,22,402.4092788895015
benzofuran_ester,20260928,1,23,400.2327756590931
benzofuran_ester,20260928,2,0,401.8293118998388
benzofuran_ester,20260928,2,1,402.86661191600973
benzofuran_ester,20260928,2,2,403.2475100936682
benzofuran_ester,20260928,2,3,403.67035843874294
benzofuran_ester,20260928,2,4,402.5236845483318
benzofuran_ester,20260928,2,5,400.21490597555555
benzofuran_ester,20260928,2,6,402.90808358587924
benzofuran_ester,20260928,2,7,403.2943144022612
benzofuran_ester,20260928,2,8,400.66534158136324
benzofuran_ester,20260928,2,9,403.5590488242021
benzofuran_ester,20260928,2,10,402.08703001174064
benzofuran_ester,20260928,2,11,403.24132006484643
benzofuran_ester,20260928,2,12,399.3048728995392
benzofuran_ester,20260928,2,13,402.7503269071818
benzofuran_ester,20260928,2,14,402.08550372375987
benzofuran_ester,20260928,2,15,402.3962500237965
benzofuran_ester,20260928,2,16,404.98223828526403
benzofuran_ester,20260928,2,17,401.4039323795382
benzofuran_ester,20260928,2,18,401.84080856475765
benzofuran_ester,20260928,2,19,403.44019846176775
benzofuran_ester,20260928,2,20,402.58186872452376
benzofuran_ester,20260928,2,21,403.64270829807356
benzofuran_ester,20260928,2,22,402.9495458029323
benzofuran_ester,20260928,2,23,400.09341700604074
benzofuran_ester,20260928,3,0,405.5215277751853
benzofuran_ester,20260928,3,1,409.39660767313336
benzofuran_ester,20260928,3,2,403.24530064412187
benzofuran_ester,20260928,3,3,405.59402087138744
benzofuran_ester,20260928,3,4,403.392930322687
benzofuran_ester,20260928,3,5,406.6945184030105
benzofuran_ester,20260928,3,6,407.2304779398222
benzofuran_ester,20260928,3,7,401.80225814022293
benzofuran_ester,20260928,3,8,407.72484871782837
benzofuran_ester,20260928,3,9,410.2926911091455
benzofuran_ester,20260928,3,10,406.63275310289407
benzofuran_ester,20260928,3,11,405.6255042444229
benzofuran_ester,20260928,3,12,406.53572241527553
benzofuran_ester,20260928,3,13,407.95663919407303
benzofuran_ester,20260928,3,14,408.49433079673247
benzofuran_ester,20260928,3,15,406.65670127415285
benzofuran_ester,20260928,3,16,408.23812600570324
benzofuran_ester,20260928,3,17,405.72876950642654
benzofuran_ester,20260928,3,18,407.5513494566876
benzofuran_ester,20260928,3,19,407.62899032563786
benzofuran_ester,20260928,3,20,406.92542213731986
benzofuran_ester,20260928,3,21,406.92844650872973
benzofuran_ester,20260928,3,22,406.8116589638005
benzofuran_ester,20260928,3,23,406.64086944977277
benzofuran_ester,20260928,4,0,403.55621819877206
benzofuran_ester,20260928,4,1,402.5260486652651
benzofuran_ester,20260928,4,2,403.8863696814123
benzofuran_ester,20260928,4,3,402.63402308278773
benzofuran_ester,20260928,4,4,403.8316223304898
benzofuran_ester,20260928,4,5,403.61153937846456
benzofuran_ester,20260928,4,6,399.2591378900815
benzofuran_ester,20260928,4,7,404.2909184961545
benzofuran_ester,20260928,4,8,401.6265842502325
benzofuran_ester,20260928,4,9,403.4112185955451
benzofuran_ester,20260928,4,10,402.6832877944154
benzofuran_ester,20260928,4,11,400.7733198008307
benzofuran_ester,20260928,4,12,398.33263467920096
benzofuran_ester,20260928,4,13,401.4847201855441
benzofuran_ester,20260928,4,14,406.38431997749547
benzofuran_ester,20260928,4,15,405.1507883485022
benzofuran_ester,20260928,4,16,404.1617756361083
benzofuran_ester,20260928,4,17,405.2969826776274
benzofuran_ester,20260928,4,18,396.520989224027
benzofuran_ester,20260928,4,19,401.9039838336805
benzofuran_ester,20260928,4,20,402.5585303024459
benzofuran_ester,20260928,4,21,401.86692297986724
benzofuran_ester,20260928,4,22,401.7136404311353
benzofuran_ester,20260928,4,23,403.289865504359
benzofuran_ester,20260928,5,0,405.74012718313173
benzofuran_ester,20260928,5,1,406.8507839284945
benzofuran_ester,20260928,5,2,399.0356964655425
benzofuran_ester,20260928,5,3,406.1736610751904
benzofuran_ester,20260928,5,4,405.0118921346081
benzofuran_ester,20260928,5,5,405.3130367877864
benzofuran_ester,20260928,5,6,404.7858468944947
benzofuran_ester,20260928,5,7,406.3611711324769
benzofuran_ester,20260928,5,8,407.5432739243371
benzofuran_ester,20260928,5,9,406.83167289926564
benzofuran_ester,20260928,5,10,404.7316989102734
benzofuran_ester,20260928,5,11,406.53098260260884
benzofuran_ester,20260928,5,12,409.1238007640288
benzofuran_ester,20260928,5,13,407.2340774904474
benzofuran_ester,20260928,5,14,406.94389559783565
benzofuran_ester,20260928,5,15,403.4809449609122
benzofuran_ester,20260928,5,16,404.6528367638679
benzofuran_ester,20260928,5,17,405.72506487063566
benzofuran_ester,20260928,5,18,405.10535852329116
benzofuran_ester,20260928,5,19,405.7432855098196
benzofuran_ester,20260928,5,20,406.053912140929
benzofuran_ester,20260928,5,21,406.5628305640561
benzofuran_ester,20260928,5,22,406.6144813279362
benzofuran_ester,20260928,5,23,406.31665269146004
benzofuran_ester,20260929,6,0,400.3457450312193
benzofuran_ester,20260929,6,1,401.46273444018453
benzofuran_ester,20260929,6,2,403.23502830776874
benzofuran_ester,20260929,6,3,396.678064898801
benzofuran_ester,20260929,6,4,402.76138853777167
benzofuran_ester,20260929,6,5,403.01807660245714
benzofuran_ester,20260929,6,6,402.03795216266974
benzofuran_ester,20260929,6,7,403.83325388515016
benzofuran_ester,20260929,6,8,405.19301635608855
benzofuran_ester,20260929,6,9,402.1677767008416
benzofuran_ester,20260929,6,10,401.97036797562924
benzofuran_ester,20260929,6,11,406.1773743995137
benzofuran_ester,20260929,6,12,403.460213397839
benzofuran_ester,20260929,6,13,403.0863933289295
benzofuran_ester,20260929,6,14,405.2971650629398
benzofuran_ester,20260929,6,15,402.95551258013745
benzofuran_ester,20260929,6,16,402.5530878955121
benzofuran_ester,20260929,6,17,402.74746127014134
benzofuran_ester,20260929,6,18,402.5084611809018
benzofuran_ester,20260929,6,19,401.257455526643
benzofuran_ester,20260929,6,20,403.31968344920926
benzofuran_ester,20260929,6,21,400.3985364701787
benzofuran_ester,20260929,6,22,401.6464627359771
benzofuran_ester,20260929,6,23,396.1082754868847
benzofuran_ester,20260929,7,0,404.48849363242994
benzofuran_ester,20260929,7,1,402.7060750166018
benzofuran_ester,20260929,7,2,401.8884557944176
benzofuran_ester,20260929,7,3,406.0373849046187
benzofuran_ester,20260929,7,4,400.853017220912
benzofuran_ester,20260929,7,5,402.47669914854373
benzofuran_ester,20260929,7,6,403.59840824254667
benzofuran_ester,20260929,7,7,400.5031930779587
benzofuran_ester,20260929,7,8,402.8511248419682
benzofuran_ester,20260929,7,9,401.27744164387104
benzofuran_ester,20260929,7,10,401.0701820956851
benzofuran_ester,20260929,7,11,401.8512055669772
benzofuran_ester,20260929,7,12,403.9170575495789
benzofuran_ester,20260929,7,13,401.64223760964495
benzofuran_ester,20260929,7,14,401.68115770369064
benzofuran_ester,20260929,7,15,401.25288211844475
benzofuran_ester,20260929,7,16,403.52672452815995
benzofuran_ester,20260929,7,17,406.8660924374572
benzofuran_ester,20260929,7,18,406.99549174142317
benzofuran_ester,20260929,7,19,403.47486393691645
benzofuran_ester,20260929,7,20,402.86026975292134
benzofuran_ester,20260929,7,21,401.5571645965844
benzofuran_ester,20260929,7,22,403.95629853576384
benzofuran_ester,20260929,7,23,404.61544002465405
benzofuran_ester,20260929,8,0,403.8256106591397
benzofuran_ester,20260929,8,1,400.8187523504722
benzofuran_ester,20260929,8,2,403.3617304759215
benzofuran_ester,20260929,8,3,401.4897017989674
benzofuran_ester,20260929,8,4,403.2418149926582
benzofuran_ester,20260929,8,5,402.97858234299093
benzofuran_ester,20260929,8,6,403.92183952971806
benzofuran_ester,20260929,8,7,404.1511293938166
benzofuran_ester,20260929,8,8,401.9902834636899
benzofuran_ester,20260929,8,9,401.9481339699855
benzofuran_ester,20260929,8,10,402.34144992758894
benzofuran_ester,20260929,8,11,404.10245348823184
benzofuran_ester,20260929,8,12,402.4682262607019
benzofuran_ester,20260929,8,13,405.2511235236899
benzofuran_ester,20260929,8,14,401.1461277696986
benzofuran_ester,20260929,8,15,402.8196314197011
benzofuran_ester,20260929,8,16,402.86094533249576
benzofuran_ester,20260929,8,17,402.8244540656813
benzofuran_ester,20260929,8,18,402.47027269476905
benzofuran_ester,20260929,8,19,403.80225070578246
benzofuran_ester,20260929,8,20,390.4258089094054
benzofuran_ester,20260929,8,21,400.03827246199796
benzofuran_ester,20260929,8,22,403.06519822778966
benzofuran_ester,20260929,8,23,403.0676597554067
benzofuran_ester,20260929,9,0,402.30153434472714
benzofuran_ester,20260929,9,1,404.25633539367
benzofuran_ester,20260929,9,2,405.22583865495085
benzofuran_ester,20260929,9,3,399.80588883871894
benzofuran_ester,20260929,9,4,404.41750587063837
benzofuran_ester,20260929,9,5,399.1981545516817
benzofuran_ester,20260929,9,6,400.97093139153384
benzofuran_ester,20260929,9,7,400.5304079362235
benzofuran_ester,20260929,9,8,404.10950227674266
benzofuran_ester,20260929,9,9,402.4851267668841
benzofuran_ester,20260929,9,10,402.3781329768139
benzofuran_ester,20260929,9,11,403.6541956792289
benzofuran_ester,20260929,9,12,401.79147289821384
benzofuran_ester,20260929,9,13,400.3990905686413
benzofuran_ester,20260929,9,14,400.7232988139749
benzofuran_ester,20260929,9,15,405.2963060831451
benzofuran_ester,20260929,9,16,402.9660746954348
benzofuran_ester,20260929,9,17,402.707149368354
benzofuran_ester,20260929,9,18,400.88358434129947
benzofuran_ester,20260929,9,19,401.62614595877466
benzofuran_ester,20260929,9,20,400.75088752218403
benzofuran_ester,20260929,9,21,401.11056443754813
benzofuran_ester,20260929,9,22,402.95149899437615
benzofuran_ester,20260929,9,23,398.6653691341337
benzofuran_ester,20260929,10,0,408.79063840570535
benzofuran_ester,20260929,10,1,404.74823262084715
benzofuran_ester,20260929,10,2,408.7621888684769
benzofuran_ester,20260929,10,3,406.4821765833259
benzofuran_ester,20260929,10,4,410.4690235202057
benzofuran_ester,20260929,10,5,408.04454779713564
benzofuran_ester,20260929,10,6,406.76026149849196
benzofuran_ester,20260929,10,7,408.986086979452
benzofuran_ester,20260929,10,8,405.7910364207802
benzofuran_ester,20260929,10,9,406.96850247868434
benzofuran_ester,20260929,10,10,407.9960937815768
benzofuran_ester,20260929,10,11,408.671000096191
benzofuran_ester,20260929,10,12,407.82004095776836
benzofuran_ester,20260929,10,13,406.77595472174323
benzofuran_ester,20260929,10,14,406.08824330721455
benzofuran_ester,20260929,10,15,401.16706330293744
benzofuran_ester,20260929,10,16,409.2570972587848
benzofuran_ester,20260929,10,17,407.1332263848409
benzofuran_ester,20260929,10,18,407.5000003375967
benzofuran_ester,20260929,10,19,407.2821209331002
benzofuran_ester,20260929,10,20,408.48950482955
benzofuran_ester,20260929,10,21,404.51525371645175
benzofuran_ester,20260929,10,22,407.7476910172917
benzofuran_ester,20260929,10,23,407.676146202995
benzofuran_ester,20260929,11,0,401.3860822728474
benzofuran_ester,20260929,11,1,401.74287114120386
benzofuran_ester,20260929,11,2,404.56161817259454
benzofuran_ester,20260929,11,3,402.30060501610933
benzofuran_ester,20260929,11,4,401.4492709200608
benzofuran_ester,20260929,11,5,402.7016934703548
benzofuran_ester,20260929,11,6,402.49940917336346
benzofuran_ester,20260929,11,7,399.8882051478146
benzofuran_ester,20260929,11,8,400.7973707996274
benzofuran_ester,20260929,11,9,402.5116896132037
benzofuran_ester,20260929,11,10,402.30550156616636
benzofuran_ester,20260929,11,11,403.1783221528419
benzofuran_ester,20260929,11,12,402.67395632958215
benzofuran_ester,20260929,11,13,403.0131058403181
benzofuran_ester,20260929,11,14,397.30404853794755
benzofuran_ester,20260929,11,15,402.62715103404787
benzofuran_ester,20260929,11,16,403.6070354344749
benzofuran_ester,20260929,11,17,400.8114093776452
benzofuran_ester,20260929,11,18,403.1238370109137
benzofuran_ester,20260929,11,19,401.72606159446525
benzofuran_ester,20260929,11,20,402.44138829861924
benzofuran_ester,20260929,11,21,402.4691979196509
benzofuran_ester,20260929,11,22,403.4931563006703
benzofuran_ester,20260929,11,23,401.7727413504765
benzofuran_ester,20260930,12,0,406.9235249243451
benzofuran_ester,20260930,12,1,405.9278957216836
benzofuran_ester,20260930,12,2,401.1781335598697
benzofuran_ester,20260930,12,3,406.33532665384394
benzofuran_ester,20260930,12,4,405.8471444488079
benzofuran_ester,20260930,12,5,408.41669872186776
benzofuran_ester,20260930,12,6,404.2997531658249
benzofuran_ester,20260930,12,7,408.8557997162232
benzofuran_ester,20260930,12,8,405.9853336123474
benzofuran_ester,20260930,12,9,406.42926539443266
benzofuran_ester,20260930,12,10,405.5618541871663
benzofuran_ester,20260930,12,11,406.5405388801621
benzofuran_ester,20260930,12,12,406.47303017241023
benzofuran_ester,20260930,12,13,404.5727710316286
benzofuran_ester,20260930,12,14,408.40658971282846
benzofuran_ester,20260930,12,15,403.0233670355259
benzofuran_ester,20260930,12,16,405.54094643078804
benzofuran_ester,20260930,12,17,407.21666706186073
benzofuran_ester,20260930,12,18,405.19102779202876
benzofuran_ester,20260930,12,19,405.99988764433925
benzofuran_ester,20260930,12,20,406.89738186952576
benzofuran_ester,20260930,12,21,404.85576854130176
benzofuran_ester,20260930,12,22,407.0087678691412
benzofuran_ester,20260930,12,23,405.41632112438845
benzofuran_ester,20260930,13,0,404.7404572393531
benzofuran_ester,20260930,13,1,401.87934712607444
benzofuran_ester,20260930,13,2,401.86637839018044
benzofuran_ester,20260930,13,3,402.4813898953015
benzofuran_ester,20260930,13,4,404.7404432110426
benzofuran_ester,20260930,13,5,403.9929802294671
benzofuran_ester,20260930,13,6,401.15096080060766
benzofuran_ester,20260930,13,7,404.0821199527585
benzofuran_ester,20260930,13,8,402.84174977746653
benzofuran_ester,20260930,13,9,403.4921288619281
benzofuran_ester,20260930,13,10,401.5550172535654
benzofuran_ester,20260930,13,11,403.886646527586
benzofuran_ester,20260930,13,12,400.88445364018867
benzofuran_ester,20260930,13,13,400.06067537666695
benzofuran_ester,20260930,13,14,403.1756842830371
benzofuran_ester,20260930,13,15,402.61009976678287
benzofuran_ester,20260930,13,16,402.2242350428935
benzofuran_ester,20260930,13,17,401.00090912533517
benzofuran_ester,20260930,13,18,400.21631570417037
benzofuran_ester,20260930,13,19,400.29827476068795
benzofuran_ester,20260930,13,20,408.0057310238809
benzofuran_ester,20260930,13,21,403.9286283895807
benzofuran_ester,20260930,13,22,400.6440037746838
benzofuran_ester,20260930,13,23,405.0267071708077
benzofuran_ester,20260930,14,0,402.0325470772318
benzofuran_ester,20260930,14,1,401.59983390590804
benzofuran_ester,20260930,14,2,403.4573798629798
benzofuran_ester,20260930,14,3,401.16301818194137
benzofuran_ester,20260930,14,4,401.6802672730657
benzofuran_ester,20260930,14,5,402.6714802771599
benzofuran_ester,20260930,14,6,402.77052759622
benzofuran_ester,20260930,14,7,405.20752297510245
benzofuran_ester,20260930,14,8,401.7573667587166
benzofuran_ester,20260930,14,9,403.01150582310794
benzofuran_ester,20260930,14,10,402.87332288102266
benzofuran_ester,20260930,14,11,400.89332383330213
benzofuran_ester,20260930,14,12,403.08245442333543
benzofuran_ester,20260930,14,13,401.981807731623
benzofuran_ester,20260930,14,14,402.81622567189845
benzofuran_ester,20260930,14,15,405.3492011104923
benzofuran_ester,20260930,14,16,403.3284770661671
benzofuran_ester,20260930,14,17,405.2857760297025
benzofuran_ester,20260930,14,18,402.48386575443527
benzofuran_ester,20260930,14,19,401.44369591259846
benzofuran_ester,20260930,14,20,401.356013209332
benzofuran_ester,20260930,14,21,401.70230381342253
benzofuran_ester,20260930,14,22,403.15765228937966
benzofuran_ester,20260930,14,23,393.77727470785726
benzofuran_ester,20260930,15,0,401.2195345287223
benzofuran_ester,20260930,15,1,402.07534881647274
benzofuran_ester,20260930,15,2,401.39092230940105
benzofuran_ester,20260930,15,3,401.5823099462751
benzofuran_ester,20260930,15,4,403.5574448153705
benzofuran_ester,20260930,15,5,398.68468299138317
benzofuran_ester,20260930,15,6,402.24704906273064
benzofuran_ester,20260930,15,7,402.95107775575195
benzofuran_ester,20260930,15,8,403.2393184240309
benzofuran_ester,20260930,15,9,402.5906979767771
benzofuran_ester,20260930,15,10,400.0731946157822
benzofuran_ester,20260930,15,11,402.12337871001716
benzofuran_ester,20260930,15,12,401.896214613389
benzofuran_ester,20260930,15,13,406.15276908126344
benzofuran_ester,20260930,15,14,402.9880142820616
benzofuran_ester,20260930,15,15,398.5549979212214
benzofuran_ester,20260930,15,16,404.1619905548718
benzofuran_ester,20260930,15,17,400.6605194596571
benzofuran_ester,20260930,15,18,401.58692432168283
benzofuran_ester,20260930,15,19,403.1941703023674
benzofuran_ester,20260930,15,20,404.7889702763461
benzofuran_ester,20260930,15,21,402.33788825403184
benzofuran_ester,20260930,15,22,403.3187420974117
benzofuran_ester,20260930,15,23,404.66316005257454
benzofuran_ester,20260930,16,0,408.0021641142789
benzofuran_ester,20260930,16,1,405.22141151099913
benzofuran_ester,20260930,16,2,407.33870163163937
benzofuran_ester,20260930,16,3,406.1797401150581
benzofuran_ester,20260930,16,4,403.5232924275291
benzofuran_ester,20260930,16,5,407.19009363791844
benzofuran_ester,20260930,16,6,406.84968360433663
benzofuran_ester,20260930,16,7,406.76028122157453
benzofuran_ester,20260930,16,8,406.8057144132349
benzofuran_ester,20260930,16,9,409.7516300045939
benzofuran_ester,20260930,16,10,409.160353478352
benzofuran_ester,20260930,16,11,409.6378721901165
benzofuran_ester,20260930,16,12,406.04118550361267
benzofuran_ester,20260930,16,13,406.628315236221
benzofuran_ester,20260930,16,14,407.63521983189185
benzofuran_ester,20260930,16,15,406.27166318716445
benzofuran_ester,20260930,16,16,405.5963184146034
benzofuran_ester,20260930,16,17,403.39123895695224
benzofuran_ester,20260930,16,18,408.845171804066
benzofuran_ester,20260930,16,19,407.3537250377638
benzofuran_ester,20260930,16,20,409.71658543874844
benzofuran_ester,20260930,16,21,409.91534201803915
benzofuran_ester,20260930,16,22,407.5480001660972
benzofuran_ester,20260930,16,23,402.2579778933408
benzofuran_ester,20260930,17,0,403.254545120958
benzofuran_ester,20260930,17,1,404.0000883917159
benzofuran_ester,20260930,17,2,401.7811916463194
benzofuran_ester,20260930,17,3,399.3680995445208
benzofuran_ester,20260930,17,4,402.37082217744666
benzofuran_ester,20260930,17,5,402.24277865147434
benzofuran_ester,20260930,17,6,401.63052507157795
benzofuran_ester,20260930,17,7,402.31749909139967
benzofuran_ester,20260930,17,8,404.65648253088733
benzofuran_ester,20260930,17,9,404.07621379853623
benzofuran_ester,20260930,17,10,402.7980480802245
benzofuran_ester,20260930,17,11,402.8255139118383
benzofuran_ester,20260930,17,12,401.0821420928447
benzofuran_ester,20260930,17,13,399.8881826513175
benzofuran_ester,20260930,17,14,404.2254080851684
benzofuran_ester,20260930,17,15,402.3435648661181
benzofuran_ester,20260930,17,16,403.7136906363333
benzofuran_ester,20260930,17,17,400.0132397074268
benzofuran_ester,20260930,17,18,394.43867495470283
benzofuran_ester,20260930,17,19,401.7649345141046
benzofuran_ester,20260930,17,20,402.59418291614026
benzofuran_ester,20260930,17,21,402.40467438509444
benzofuran_ester,20260930,17,22,403.006495492924
benzofuran_ester,20260930,17,23,401.1087031260828
