replicate,parameter,output,first_order_S,total_order_ST
0,flow_rate_uL_min,conversion_pct,0.07317560465173567,0.08151605205066673
1,flow_rate_uL_min,conversion_pct,0.07858457076849801,0.12524490368868246
2,flow_rate_uL_min,conversion_pct,0.2139230720523666,0.10325999502472018
3,flow_rate_uL_min,conversion_pct,0.150824677433396,0.10310741831042285
4,flow_rate_uL_min,conversion_pct,-0.00652590834809974,0.09908808112586674
5,flow_rate_uL_min,conversion_pct,0.1249418341225097,0.11224282412599955
6,flow_rate_uL_min,conversion_pct,0.11814692206128763,0.10854241169787666
7,flow_rate_uL_min,conversion_pct,0.12358349540985969,0.11833756146493442
8,flow_rate_uL_min,conversion_pct,0.2342670837461125,0.11268939989850088
9,flow_rate_uL_min,conversion_pct,0.18804954889774372,0.08520340946496645
10,flow_rate_uL_min,conversion_pct,0.14368914080797535,0.11631295598417853
11,flow_rate_uL_min,conversion_pct,0.08248154382891715,0.09906654366128596
12,flow_rate_uL_min,conversion_pct,0.016062274145264177,0.10881638388605998
13,flow_rate_uL_min,conversion_pct,0.158428760677506,0.11933138707090779
14,flow_rate_uL_min,conversion_pct,0.07466365013170728,0.10322904397774398
15,flow_rate_uL_min,conversion_pct,0.19574837065285156,0.10918112692976774
16,flow_rate_uL_min,conversion_pct,0.11467167524077593,0.11338199384675218
17,flow_rate_uL_min,conversion_pct,0.05860507353065725,0.10257746506832438
18,flow_rate_uL_min,conversion_pct,0.12169209399023706,0.09753673775105373
19,flow_rate_uL_min,conversion_pct,0.18265115528067266,0.12787802542608503
20,flow_rate_uL_min,conversion_pct,0.046960429238563806,0.0936661507947779
21,flow_rate_uL_min,conversion_pct,0.08079374695798591,0.09278387658881386
22,flow_rate_uL_min,conversion_pct,0.08265268400085457,0.10660490079713779
23,flow_rate_uL_min,conversion_pct,0.0787138568942175,0.09656211893662943
24,flow_rate_uL_min,conversion_pct,0.1444556163685211,0.094949546891014
25,flow_rate_uL_min,conversion_pct,0.16165587157446204,0.08855701263682503
26,flow_rate_uL_min,conversion_pct,0.10062143580936367,0.10254714639309222
27,flow_rate_uL_min,conversion_pct,0.03580816669860887,0.09948557757370843
28,flow_rate_uL_min,conversion_pct,0.15850041183153574,0.11209844141387
29,flow_rate_uL_min,conversion_pct,0.0980901696822607,0.11730587451669022
30,flow_rate_uL_min,conversion_pct,0.2195201242513608,0.10245172986325184
31,flow_rate_uL_min,conversion_pct,0.008886906477714618,0.12273338569909753
32,flow_rate_uL_min,conversion_pct,0.07813891376582927,0.10652939052094669
33,flow_rate_uL_min,conversion_pct,0.16494037267646722,0.09909014247728325
34,flow_rate_uL_min,conversion_pct,0.10484611899897922,0.09927117041543634
35,flow_rate_uL_min,conversion_pct,0.05153217790983711,0.09278243958811953
36,flow_rate_uL_min,conversion_pct,0.1263284599094352,0.11630790409794996
37,flow_rate_uL_min,conversion_pct,0.06412934094260325,0.09573081498625985
38,flow_rate_uL_min,conversion_pct,0.08665519605502747,0.09538897681358924
39,flow_rate_uL_min,conversion_pct,0.1214356617055069,0.09384098150611353
40,flow_rate_uL_min,conversion_pct,0.18385593218404683,0.09050744273020567
41,flow_rate_uL_min,conversion_pct,0.04897402745086177,0.08853286109732764
42,flow_rate_uL_min,conversion_pct,0.12325953639860965,0.11749437880197867
43,flow_rate_uL_min,conversion_pct,0.08319259622969677,0.09874003308571326
44,flow_rate_uL_min,conversion_pct,0.11112198190832923,0.08751297889100174
45,flow_rate_uL_min,conversion_pct,0.19236075595194835,0.12421315388337072
46,flow_rate_uL_min,conversion_pct,0.10459194638737257,0.09290821724870654
47,flow_rate_uL_min,conversion_pct,0.09288974113634973,0.09531039523062014
48,flow_rate_uL_min,conversion_pct,0.09081842001201124,0.09998282169555181
49,flow_rate_uL_min,conversion_pct,0.06874643799591162,0.09992153953998768
50,flow_rate_uL_min,conversion_pct,0.15985378989211607,0.09503473155147346
51,flow_rate_uL_min,conversion_pct,-0.0515001530147543,0.09823697832715322
52,flow_rate_uL_min,conversion_pct,0.1414154786464733,0.10522201032984278
53,flow_rate_uL_min,conversion_pct,0.02877801228178478,0.09676084438917117
54,flow_rate_uL_min,conversion_pct,0.17207585677882142,0.09152351387288231
55,flow_rate_uL_min,conversion_pct,0.18163646613126083,0.0834293064428006
56,flow_rate_uL_min,conversion_pct,0.11087916861144109,0.10129385810394848
57,flow_rate_uL_min,conversion_pct,0.04552174559343425,0.10730519902536871
58,flow_rate_uL_min,conversion_pct,0.15187099601854437,0.10322849287178178
59,flow_rate_uL_min,conversion_pct,0.11503787441340929,0.10517429966011514
60,flow_rate_uL_min,conversion_pct,0.09302157032673297,0.09241951797826052
61,flow_rate_uL_min,conversion_pct,0.07852015908058341,0.09321310706575668
62,flow_rate_uL_min,conversion_pct,0.10361812603451692,0.08356881171174085
63,flow_rate_uL_min,conversion_pct,0.13633121606897547,0.11116933487904021
64,flow_rate_uL_min,conversion_pct,0.04118837272435061,0.09568789594401142
65,flow_rate_uL_min,conversion_pct,0.006824767216119465,0.09761867432958848
66,flow_rate_uL_min,conversion_pct,0.04006560208036958,0.09759827167372992
67,flow_rate_uL_min,conversion_pct,0.03786364406970577,0.11697433295395021
68,flow_rate_uL_min,conversion_pct,0.13305696562877012,0.11825263080525925
69,flow_rate_uL_min,conversion_pct,0.1382511169329358,0.09116795236726251
70,flow_rate_uL_min,conversion_pct,0.11531344832527302,0.11214104404523943
71,flow_rate_uL_min,conversion_pct,0.06469735624167394,0.0868267556800407
72,flow_rate_uL_min,conversion_pct,0.09823855384594882,0.09942607671427572
73,flow_rate_uL_min,conversion_pct,0.05989446930966302,0.11732791843160825
74,flow_rate_uL_min,conversion_pct,0.013893013174287705,0.08951353412631813
75,flow_rate_uL_min,conversion_pct,0.032961146850337575,0.0934722230362598
76,flow_rate_uL_min,conversion_pct,0.10241228469862984,0.10089059409628062
77,flow_rate_uL_min,conversion_pct,0.16414347491519898,0.09336272804114357
78,flow_rate_uL_min,conversion_pct,0.14141208011635553,0.10322079028708261
79,flow_rate_uL_min,conversion_pct,0.04557629477376757,0.10746222821580666
80,flow_rate_uL_min,conversion_pct,0.1535168013613213,0.09453359761712758
81,flow_rate_uL_min,conversion_pct,0.10472533787193761,0.09484993911092242
82,flow_rate_uL_min,conversion_pct,0.08123465605470392,0.09797268454295978
83,flow_rate_uL_min,conversion_pct,0.2206433732705536,0.1026309890064071
84,flow_rate_uL_min,conversion_pct,0.06756414182879555,0.09908217475597772
85,flow_rate_uL_min,conversion_pct,0.24871939790092668,0.11327004303024751
86,flow_rate_uL_min,conversion_pct,0.032765827176245654,0.09817834515123898
87,flow_rate_uL_min,conversion_pct,0.10348139866885597,0.09692264649275875
88,flow_rate_uL_min,conversion_pct,0.11537507283543835,0.09810630971123527
89,flow_rate_uL_min,conversion_pct,0.18139851516909333,0.105276292620702
90,flow_rate_uL_min,conversion_pct,0.10417988287245428,0.09012914771375556
91,flow_rate_uL_min,conversion_pct,0.07739996134312033,0.08917139540283744
92,flow_rate_uL_min,conversion_pct,0.13194279308189305,0.08871680035618106
93,flow_rate_uL_min,conversion_pct,-0.04272793585390122,0.09680681461815707
94,flow_rate_uL_min,conversion_pct,0.08790900335925078,0.10377350199283968
95,flow_rate_uL_min,conversion_pct,0.1021117281755406,0.09860501895849334
96,flow_rate_uL_min,conversion_pct,0.14420233596213217,0.10020946047341446
97,flow_rate_uL_min,conversion_pct,0.0886907681195438,0.09959848191594375
98,flow_rate_uL_min,conversion_pct,0.03556750484068194,0.10942785120426952
99,flow_rate_uL_min,conversion_pct,0.2168643234130878,0.1059938678099909
100,flow_rate_uL_min,conversion_pct,0.14544763272128913,0.10485650771333072
101,flow_rate_uL_min,conversion_pct,0.14057667718307543,0.0933213024905705
102,flow_rate_uL_min,conversion_pct,0.16752641840458915,0.09971138156874099
103,flow_rate_uL_min,conversion_pct,0.024242764046608856,0.10769018874644283
104,flow_rate_uL_min,conversion_pct,-0.023250654261633086,0.11078172187282578
105,flow_rate_uL_min,conversion_pct,0.11126470228635021,0.0929592410422452
106,flow_rate_uL_min,conversion_pct,0.03495542509006988,0.09867890124591354
107,flow_rate_uL_min,conversion_pct,0.08086045720707924,0.10987855924692176
108,flow_rate_uL_min,conversion_pct,0.11543146479824051,0.10595308067297035
109,flow_rate_uL_min,conversion_pct,0.06200119176230234,0.10071829625032742
110,flow_rate_uL_min,conversion_pct,0.14353898720996716,0.08703156406697102
111,flow_rate_uL_min,conversion_pct,0.08664367414776697,0.11702982667715375
112,flow_rate_uL_min,conversion_pct,0.19840898075599422,0.11837733856613732
113,flow_rate_uL_min,conversion_pct,0.1265545395087908,0.08243473037523197
114,flow_rate_uL_min,conversion_pct,0.11538272653322712,0.12115569723675308
115,flow_rate_uL_min,conversion_pct,0.14244071457578722,0.10019113852879528
116,flow_rate_uL_min,conversion_pct,0.05708784223448293,0.07995063907987819
117,flow_rate_uL_min,conversion_pct,0.06170163013523844,0.10800742598902317
118,flow_rate_uL_min,conversion_pct,0.13446322110230002,0.09181099314908646
119,flow_rate_uL_min,conversion_pct,0.21791444424461914,0.09496003862189227
120,flow_rate_uL_min,conversion_pct,0.10297282321126033,0.10421639815697321
121,flow_rate_uL_min,conversion_pct,0.0770263301537436,0.10638536469547627
122,flow_rate_uL_min,conversion_pct,0.1169130559011975,0.10232829203367493
123,flow_rate_uL_min,conversion_pct,0.021512718726512725,0.09479034031444587
124,flow_rate_uL_min,conversion_pct,0.05944042907006697,0.111250355171685
125,flow_rate_uL_min,conversion_pct,0.10273867154743355,0.09679191034658009
126,flow_rate_uL_min,conversion_pct,0.07703701709159494,0.10165712352208771
127,flow_rate_uL_min,conversion_pct,0.1311500963024621,0.09611752840639777
128,flow_rate_uL_min,conversion_pct,0.11062171635472828,0.11116222519038196
129,flow_rate_uL_min,conversion_pct,0.09884956484518981,0.08968598997439628
130,flow_rate_uL_min,conversion_pct,0.012186765775991426,0.09310899399241086
131,flow_rate_uL_min,conversion_pct,0.1033807184607799,0.1008910103195942
132,flow_rate_uL_min,conversion_pct,0.12547659609184425,0.10392957819929877
133,flow_rate_uL_min,conversion_pct,0.18798349344627774,0.105276807234321
134,flow_rate_uL_min,conversion_pct,0.02721356716959722,0.10345207568759394
135,flow_rate_uL_min,conversion_pct,0.13837294692572144,0.11015190099858883
136,flow_rate_uL_min,conversion_pct,0.0033751119210315705,0.09423483624648812
137,flow_rate_uL_min,conversion_pct,0.15915710280412632,0.1030756845346626
138,flow_rate_uL_min,conversion_pct,0.09816632053186725,0.08605141227546514
139,flow_rate_uL_min,conversion_pct,0.1939616792653821,0.09296592984693496
140,flow_rate_uL_min,conversion_pct,0.1076400944284156,0.07989086674419787
141,flow_rate_uL_min,conversion_pct,0.04775992482096725,0.09265648750653128
142,flow_rate_uL_min,conversion_pct,0.1130957649580937,0.08943753915962765
143,flow_rate_uL_min,conversion_pct,0.0643032057521975,0.09664338813246198
144,flow_rate_uL_min,conversion_pct,0.08807171674427838,0.11054142462337821
145,flow_rate_uL_min,conversion_pct,0.16863796574438006,0.09482456832589849
146,flow_rate_uL_min,conversion_pct,-0.022364377596581164,0.10128866976340056
147,flow_rate_uL_min,conversion_pct,0.10052567594066253,0.09817831169153811
148,flow_rate_uL_min,conversion_pct,0.2117319099253362,0.0817407355950539
149,flow_rate_uL_min,conversion_pct,0.10309955575045615,0.10171668117973162
150,flow_rate_uL_min,conversion_pct,0.24241581256933875,0.11249754120946578
151,flow_rate_uL_min,conversion_pct,0.05497262434104677,0.09833187000666226
152,flow_rate_uL_min,conversion_pct,0.12302403860350475,0.09567157218446778
153,flow_rate_uL_min,conversion_pct,0.07518827559552543,0.10789226213765928
154,flow_rate_uL_min,conversion_pct,0.041048442470139945,0.09325811479072249
155,flow_rate_uL_min,conversion_pct,0.2310697822138924,0.10758811959879608
156,flow_rate_uL_min,conversion_pct,-0.0866719004349139,0.0956239592657762
157,flow_rate_uL_min,conversion_pct,0.10989188189196764,0.10102762437164457
158,flow_rate_uL_min,conversion_pct,0.11159225448991439,0.1124033709589241
159,flow_rate_uL_min,conversion_pct,0.04805431885289968,0.10218171550700082
160,flow_rate_uL_min,conversion_pct,-0.02921328441574156,0.09922065679230775
161,flow_rate_uL_min,conversion_pct,0.12679434197585138,0.10181090814656343
162,flow_rate_uL_min,conversion_pct,0.11584702406156511,0.10492988316848911
163,flow_rate_uL_min,conversion_pct,0.089577325872366,0.10230244887697676
164,flow_rate_uL_min,conversion_pct,0.16167793787886608,0.10264909283131021
165,flow_rate_uL_min,conversion_pct,0.17471138238617945,0.09557156665916078
166,flow_rate_uL_min,conversion_pct,0.09540469517793915,0.10320162383947593
167,flow_rate_uL_min,conversion_pct,0.19071647976424244,0.10141213926193876
168,flow_rate_uL_min,conversion_pct,0.1367335635081648,0.09513396810376218
169,flow_rate_uL_min,conversion_pct,0.038968970332321384,0.12038701470218177
170,flow_rate_uL_min,conversion_pct,0.05308486586464556,0.1123580374842213
171,flow_rate_uL_min,conversion_pct,0.24583711384486706,0.08856332646588157
172,flow_rate_uL_min,conversion_pct,0.1981688945314578,0.1127024315329229
173,flow_rate_uL_min,conversion_pct,0.1123571608669297,0.0909139190391049
174,flow_rate_uL_min,conversion_pct,0.15810654770409627,0.11002877472744108
175,flow_rate_uL_min,conversion_pct,0.08156345343407645,0.11553062250552362
176,flow_rate_uL_min,conversion_pct,0.11047283285174148,0.09434530004428798
177,flow_rate_uL_min,conversion_pct,0.13312434844981935,0.10603214749728482
178,flow_rate_uL_min,conversion_pct,0.07807762410601515,0.10636295407975989
179,flow_rate_uL_min,conversion_pct,0.20218892408384948,0.0965787767567837
180,flow_rate_uL_min,conversion_pct,0.11115218238014757,0.10287800528699749
181,flow_rate_uL_min,conversion_pct,0.059261562245674915,0.10194773875966344
182,flow_rate_uL_min,conversion_pct,0.13709640199812034,0.10628452826121239
183,flow_rate_uL_min,conversion_pct,0.1348779551143644,0.09758992407863416
184,flow_rate_uL_min,conversion_pct,0.16893274759860777,0.09245042898796832
185,flow_rate_uL_min,conversion_pct,0.13535962787454747,0.08522984958128381
186,flow_rate_uL_min,conversion_pct,0.07310792014760725,0.10746465491764437
187,flow_rate_uL_min,conversion_pct,0.17098151090247182,0.1074469322897801
188,flow_rate_uL_min,conversion_pct,0.07325647575877836,0.09495278790680989
189,flow_rate_uL_min,conversion_pct,0.06191820788973046,0.08820840937098545
190,flow_rate_uL_min,conversion_pct,0.10025888677330963,0.09720147108797096
191,flow_rate_uL_min,conversion_pct,0.17870944302521774,0.098984010617002
192,flow_rate_uL_min,conversion_pct,0.1210490701166429,0.08859585682240502
193,flow_rate_uL_min,conversion_pct,0.08501967995465043,0.09938931981429833
194,flow_rate_uL_min,conversion_pct,0.15467694912681185,0.1030839824248697
195,flow_rate_uL_min,conversion_pct,0.19050505096646553,0.08570161323906321
196,flow_rate_uL_min,conversion_pct,0.09778437217988789,0.0941985147905671
197,flow_rate_uL_min,conversion_pct,-0.06519701282185664,0.11050369750855893
198,flow_rate_uL_min,conversion_pct,0.25141897432180604,0.10811867864151202
199,flow_rate_uL_min,conversion_pct,0.17888252653916925,0.10589509656959814
200,flow_rate_uL_min,conversion_pct,0.07539214362715208,0.0910650887242076
201,flow_rate_uL_min,conversion_pct,0.22510241497917316,0.09233166872361274
202,flow_rate_uL_min,conversion_pct,0.1096852450381065,0.09195997675488059
203,flow_rate_uL_min,conversion_pct,0.15117934388074894,0.1054174781129931
204,flow_rate_uL_min,conversion_pct,0.1276091097772022,0.08601622608314807
205,flow_rate_uL_min,conversion_pct,0.12814974843927485,0.10401436523136065
206,flow_rate_uL_min,conversion_pct,0.19658972084253745,0.10433406609539159
207,flow_rate_uL_min,conversion_pct,0.09007082370780062,0.09411357900502974
208,flow_rate_uL_min,conversion_pct,0.1332700716830546,0.09395595382965866
209,flow_rate_uL_min,conversion_pct,0.11860721596895907,0.0955613321871119
210,flow_rate_uL_min,conversion_pct,0.0492129389468875,0.1223045479246847
211,flow_rate_uL_min,conversion_pct,0.046433934081975936,0.10089948898641549
212,flow_rate_uL_min,conversion_pct,0.0840127032439949,0.09487089924285486
213,flow_rate_uL_min,conversion_pct,0.2150157073179213,0.09419473260329196
214,flow_rate_uL_min,conversion_pct,0.1348067272466532,0.09856997958628778
215,flow_rate_uL_min,conversion_pct,0.16492588893357663,0.10613049044779414
216,flow_rate_uL_min,conversion_pct,0.019233396096598798,0.09535323844325487
217,flow_rate_uL_min,conversion_pct,0.17864775184143733,0.0975777225185439
218,flow_rate_uL_min,conversion_pct,0.17978495520601534,0.08210529507438571
219,flow_rate_uL_min,conversion_pct,0.027261098789787108,0.10012276130619377
220,flow_rate_uL_min,conversion_pct,0.10896509888437922,0.11223447831323692
221,flow_rate_uL_min,conversion_pct,0.08106995278618678,0.10507966630466418
222,flow_rate_uL_min,conversion_pct,0.11771957137779876,0.0957231735740299
223,flow_rate_uL_min,conversion_pct,0.05952704652526819,0.1041685952120911
224,flow_rate_uL_min,conversion_pct,0.06063428500680468,0.10143209048027699
225,flow_rate_uL_min,conversion_pct,0.06922302195239805,0.10195734237846776
226,flow_rate_uL_min,conversion_pct,0.08185085723409402,0.0891902372603934
227,flow_rate_uL_min,conversion_pct,0.12141592989415362,0.09943575987690284
228,flow_rate_uL_min,conversion_pct,0.056219674135633335,0.10731904296624903
229,flow_rate_uL_min,conversion_pct,0.04785727478529889,0.11210803057079335
230,flow_rate_uL_min,conversion_pct,0.15011637730738192,0.09353563602439446
231,flow_rate_uL_min,conversion_pct,0.09453592371905362,0.09152928405527577
232,flow_rate_uL_min,conversion_pct,0.15746311710631888,0.10116808160686133
233,flow_rate_uL_min,conversion_pct,0.1639300856265392,0.08910740483135593
234,flow_rate_uL_min,conversion_pct,0.0918335288758777,0.10119864999748306
235,flow_rate_uL_min,conversion_pct,0.18088985754389797,0.10758204113154565
236,flow_rate_uL_min,conversion_pct,0.031020328346516912,0.10342628383757257
237,flow_rate_uL_min,conversion_pct,0.19109716984573388,0.11933087384676377
238,flow_rate_uL_min,conversion_pct,0.16816771724492685,0.10694241130544573
239,flow_rate_uL_min,conversion_pct,0.07610241319013766,0.10794988622801603
240,flow_rate_uL_min,conversion_pct,0.15954523959163958,0.10009745935527063
241,flow_rate_uL_min,conversion_pct,-0.0353369685727436,0.09356958095658599
242,flow_rate_uL_min,conversion_pct,0.06387997308223459,0.10377675069465025
243,flow_rate_uL_min,conversion_pct,0.11378939985812786,0.09364169990427113
244,flow_rate_uL_min,conversion_pct,0.0521687782696969,0.0923985830983753
245,flow_rate_uL_min,conversion_pct,0.03696587996393008,0.09876877617657677
246,flow_rate_uL_min,conversion_pct,0.08792125980928867,0.0912171559814394
247,flow_rate_uL_min,conversion_pct,0.17402443336139906,0.07865857225781026
248,flow_rate_uL_min,conversion_pct,0.0466640460319806,0.09403407666072176
249,flow_rate_uL_min,conversion_pct,0.10118458010805864,0.0931762107069913
250,flow_rate_uL_min,conversion_pct,0.08757059158247127,0.09178169717833849
251,flow_rate_uL_min,conversion_pct,0.14004398248739736,0.10018737235454331
252,flow_rate_uL_min,conversion_pct,0.0029590349615368217,0.10522793674812886
253,flow_rate_uL_min,conversion_pct,0.11290414879840971,0.11365396254752416
254,flow_rate_uL_min,conversion_pct,0.21728721480429403,0.095425507619849
255,flow_rate_uL_min,conversion_pct,0.11105311040791566,0.10405825938136018
256,flow_rate_uL_min,conversion_pct,0.08605451378990492,0.09183207057726392
257,flow_rate_uL_min,conversion_pct,0.18369946937684822,0.11334035223969556
258,flow_rate_uL_min,conversion_pct,0.12579198852459894,0.11847699995993045
259,flow_rate_uL_min,conversion_pct,0.10817803282769378,0.10017612509120774
260,flow_rate_uL_min,conversion_pct,0.1720983181514597,0.095239621367952
261,flow_rate_uL_min,conversion_pct,0.14854420340305619,0.12838612550665415
262,flow_rate_uL_min,conversion_pct,0.1218791756097185,0.0967145835223751
263,flow_rate_uL_min,conversion_pct,-0.016143611600581975,0.10026037541122122
264,flow_rate_uL_min,conversion_pct,0.024262643073649448,0.09564212163307677
265,flow_rate_uL_min,conversion_pct,0.009964161302701058,0.10598280564834325
266,flow_rate_uL_min,conversion_pct,0.09734421860830045,0.11415816605494626
267,flow_rate_uL_min,conversion_pct,-0.00951900447368903,0.11230807494982295
268,flow_rate_uL_min,conversion_pct,0.13513550670356334,0.09593408369223898
269,flow_rate_uL_min,conversion_pct,0.03878406909193066,0.0973794693326796
270,flow_rate_uL_min,conversion_pct,0.031600294319458655,0.10112550983089749
271,flow_rate_uL_min,conversion_pct,0.1081961637153297,0.09180102780555617
272,flow_rate_uL_min,conversion_pct,0.06533365690552351,0.1091260932734123
273,flow_rate_uL_min,conversion_pct,0.22013710200403236,0.10153586099797099
274,flow_rate_uL_min,conversion_pct,0.08095690424685065,0.132769441891612
275,flow_rate_uL_min,conversion_pct,0.03579034879572296,0.09191053790744466
276,flow_rate_uL_min,conversion_pct,0.07174430713185487,0.09534822476793975
277,flow_rate_uL_min,conversion_pct,-0.026462019258870928,0.12373743729704553
278,flow_rate_uL_min,conversion_pct,0.12354362486140669,0.111323623481322
279,flow_rate_uL_min,conversion_pct,0.046853972291975854,0.11406143465475986
280,flow_rate_uL_min,conversion_pct,0.09729887112810676,0.10493845095081017
281,flow_rate_uL_min,conversion_pct,0.04726259621017592,0.0998551038115316
282,flow_rate_uL_min,conversion_pct,0.11338405768700244,0.10073805011850197
283,flow_rate_uL_min,conversion_pct,0.1928887189604228,0.09837571902410494
284,flow_rate_uL_min,conversion_pct,0.019979291538082977,0.08891858691308163
285,flow_rate_uL_min,conversion_pct,-0.018823888585226545,0.10176300638315929
286,flow_rate_uL_min,conversion_pct,0.14211586430769518,0.10007562400349652
287,flow_rate_uL_min,conversion_pct,0.0891727038591208,0.10748056186214139
288,flow_rate_uL_min,conversion_pct,-0.030400016680011133,0.10104553223688469
289,flow_rate_uL_min,conversion_pct,0.13215023787298008,0.0987836129676461
290,flow_rate_uL_min,conversion_pct,0.084803201580121,0.09901427267524268
291,flow_rate_uL_min,conversion_pct,0.04211266956623694,0.10723386345111185
292,flow_rate_uL_min,conversion_pct,0.12026327752800237,0.10312457325851541
293,flow_rate_uL_min,conversion_pct,0.2175465804274369,0.08787938983313412
294,flow_rate_uL_min,conversion_pct,0.15230733515282624,0.10991987613636356
295,flow_rate_uL_min,conversion_pct,0.06965062713357406,0.10744216721723752
296,flow_rate_uL_min,conversion_pct,0.13554818969968485,0.11359130277712379
297,flow_rate_uL_min,conversion_pct,0.06745979710799632,0.09506147962118829
298,flow_rate_uL_min,conversion_pct,0.11023384825685745,0.09997670902618307
299,flow_rate_uL_min,conversion_pct,0.18271245649407342,0.10305023138271677
300,flow_rate_uL_min,conversion_pct,0.15464500617725385,0.08421622870098812
301,flow_rate_uL_min,conversion_pct,0.11887592675087999,0.09442308769187863
302,flow_rate_uL_min,conversion_pct,0.032965064025888835,0.10140987603529335
303,flow_rate_uL_min,conversion_pct,0.12061781631228496,0.1048927240032549
304,flow_rate_uL_min,conversion_pct,0.018129485937276146,0.09522311312275482
305,flow_rate_uL_min,conversion_pct,0.1651279072822901,0.09735554294216724
306,flow_rate_uL_min,conversion_pct,0.04965181224413373,0.09399146944945681
307,flow_rate_uL_min,conversion_pct,0.164101408349278,0.10636069199677668
308,flow_rate_uL_min,conversion_pct,-0.029068752015326993,0.10568276226153413
309,flow_rate_uL_min,conversion_pct,-0.031003144638571234,0.09234572970297378
310,flow_rate_uL_min,conversion_pct,0.17207493889789172,0.08959661742300815
311,flow_rate_uL_min,conversion_pct,0.184016619551569,0.08922151447321093
312,flow_rate_uL_min,conversion_pct,0.16487967851714802,0.09521054709200408
313,flow_rate_uL_min,conversion_pct,-0.003777742353009872,0.10438261432167427
314,flow_rate_uL_min,conversion_pct,0.20191585848802862,0.09733437854527995
315,flow_rate_uL_min,conversion_pct,0.06881771181043961,0.0946573774932917
316,flow_rate_uL_min,conversion_pct,0.07957144199324984,0.09874022526174993
317,flow_rate_uL_min,conversion_pct,-0.009952363748214399,0.11382343819919187
318,flow_rate_uL_min,conversion_pct,0.1782408334504897,0.09348710541898664
319,flow_rate_uL_min,conversion_pct,0.11070303636743428,0.11525031554521775
320,flow_rate_uL_min,conversion_pct,0.1817948102141166,0.09928955284292659
321,flow_rate_uL_min,conversion_pct,0.07341176966500773,0.10787563961565698
322,flow_rate_uL_min,conversion_pct,0.15140267321789636,0.09070464262348146
323,flow_rate_uL_min,conversion_pct,0.13238870231498745,0.10485451883788968
324,flow_rate_uL_min,conversion_pct,0.12278335111245409,0.10893603002344732
325,flow_rate_uL_min,conversion_pct,0.03286341167167073,0.09950967097226979
326,flow_rate_uL_min,conversion_pct,0.16081836967542362,0.09673971510154111
327,flow_rate_uL_min,conversion_pct,-0.011840405843495105,0.09195271878854026
328,flow_rate_uL_min,conversion_pct,0.023333917360594758,0.10287793964738419
329,flow_rate_uL_min,conversion_pct,0.10176299638510311,0.10527562044068557
330,flow_rate_uL_min,conversion_pct,0.08491365566908526,0.10269062119668577
331,flow_rate_uL_min,conversion_pct,-0.054161793566650296,0.10533087640759543
332,flow_rate_uL_min,conversion_pct,0.14211887350763996,0.10243659483296423
333,flow_rate_uL_min,conversion_pct,0.07283960652778432,0.09439296259331938
334,flow_rate_uL_min,conversion_pct,0.1543691966059163,0.10425493267846636
335,flow_rate_uL_min,conversion_pct,0.12406377311926553,0.10659518925757099
336,flow_rate_uL_min,conversion_pct,0.14890423755959614,0.10677047329568104
337,flow_rate_uL_min,conversion_pct,0.14211877335183576,0.09960840617558625
338,flow_rate_uL_min,conversion_pct,0.08429404801880924,0.1060812640397116
339,flow_rate_uL_min,conversion_pct,0.14868972818322101,0.10494400400290568
340,flow_rate_uL_min,conversion_pct,0.07718952501667098,0.08124885639179336
341,flow_rate_uL_min,conversion_pct,0.04256154290840497,0.11894119740327712
342,flow_rate_uL_min,conversion_pct,0.048174683469987545,0.09316966425521289
343,flow_rate_uL_min,conversion_pct,0.21733934470913496,0.09042710068794756
344,flow_rate_uL_min,conversion_pct,0.09001727628144696,0.10675849180429459
345,flow_rate_uL_min,conversion_pct,0.012521458971067378,0.09590225859385562
346,flow_rate_uL_min,conversion_pct,0.17667934108601746,0.10008340587937048
347,flow_rate_uL_min,conversion_pct,0.1534325587934865,0.0985324106744221
348,flow_rate_uL_min,conversion_pct,0.2354172504515094,0.10333221284104198
349,flow_rate_uL_min,conversion_pct,0.003789505737052168,0.10279876025965932
350,flow_rate_uL_min,conversion_pct,0.09061105873310948,0.0939849002605381
351,flow_rate_uL_min,conversion_pct,0.13484369101082672,0.10524140101660474
352,flow_rate_uL_min,conversion_pct,0.1381172129738698,0.10729290484233438
353,flow_rate_uL_min,conversion_pct,0.05559858914762217,0.099733096268451
354,flow_rate_uL_min,conversion_pct,0.18505086566021522,0.10522295769601277
355,flow_rate_uL_min,conversion_pct,0.14550578488304444,0.09521765466207197
356,flow_rate_uL_min,conversion_pct,0.08742593659667763,0.111068978781052
357,flow_rate_uL_min,conversion_pct,0.13416531282858535,0.10205928028218564
358,flow_rate_uL_min,conversion_pct,0.03858499097333579,0.0898004592698625
359,flow_rate_uL_min,conversion_pct,-0.05195126997788524,0.11969621111495382
360,flow_rate_uL_min,conversion_pct,0.16732174617757123,0.08790777938754703
361,flow_rate_uL_min,conversion_pct,0.19573680870230925,0.10215762364769938
362,flow_rate_uL_min,conversion_pct,0.06219151122082234,0.09223990200861766
363,flow_rate_uL_min,conversion_pct,0.21416127273098062,0.10630660050056254
364,flow_rate_uL_min,conversion_pct,0.21159152462698938,0.10247470334329
365,flow_rate_uL_min,conversion_pct,0.14312491182772336,0.09256549952076579
366,flow_rate_uL_min,conversion_pct,0.17845218076577762,0.10556096937465576
367,flow_rate_uL_min,conversion_pct,0.05207600748440666,0.07755709646769347
368,flow_rate_uL_min,conversion_pct,0.05399038823952407,0.09499019133340453
369,flow_rate_uL_min,conversion_pct,0.12675527642202644,0.08623739924942553
370,flow_rate_uL_min,conversion_pct,0.07876422249406989,0.10442170221910754
371,flow_rate_uL_min,conversion_pct,0.0319568481360436,0.0992125927882992
372,flow_rate_uL_min,conversion_pct,0.06691025502529735,0.09791021129622997
373,flow_rate_uL_min,conversion_pct,0.186426198944325,0.09619799706494421
374,flow_rate_uL_min,conversion_pct,0.2515631690208786,0.0869104721206056
375,flow_rate_uL_min,conversion_pct,0.13474282666816595,0.09282962690865383
376,flow_rate_uL_min,conversion_pct,0.10435916804224388,0.10546221509448463
377,flow_rate_uL_min,conversion_pct,0.056259529136507114,0.09933254678172879
378,flow_rate_uL_min,conversion_pct,0.1418635301674931,0.09701775744217245
379,flow_rate_uL_min,conversion_pct,0.1681774094449212,0.08070730499806307
380,flow_rate_uL_min,conversion_pct,0.08895114733064602,0.0980149581160933
381,flow_rate_uL_min,conversion_pct,0.06537977002633688,0.09320997267369434
382,flow_rate_uL_min,conversion_pct,0.04386496864380929,0.09734099663827833
383,flow_rate_uL_min,conversion_pct,0.16491587150990994,0.09840192750105027
384,flow_rate_uL_min,conversion_pct,0.17202034294761193,0.09854817068693689
385,flow_rate_uL_min,conversion_pct,0.08021917607064755,0.10545515786567888
386,flow_rate_uL_min,conversion_pct,0.1550841166665362,0.09769077041032224
387,flow_rate_uL_min,conversion_pct,0.15997992264904504,0.10574114799291578
388,flow_rate_uL_min,conversion_pct,0.2569700047457313,0.08785349606578276
389,flow_rate_uL_min,conversion_pct,0.0257650017171267,0.10079622830087523
390,flow_rate_uL_min,conversion_pct,0.07661935355863292,0.10084467007874995
391,flow_rate_uL_min,conversion_pct,0.18830150098864828,0.1023352218204139
392,flow_rate_uL_min,conversion_pct,0.019897748741965482,0.07843773349677527
393,flow_rate_uL_min,conversion_pct,0.24963411666100432,0.09511915170213471
394,flow_rate_uL_min,conversion_pct,0.097343579468682,0.09609481314518309
395,flow_rate_uL_min,conversion_pct,0.16140383316852813,0.10459530745861241
396,flow_rate_uL_min,conversion_pct,0.0650295156368157,0.10577280213838633
397,flow_rate_uL_min,conversion_pct,0.011274823815950685,0.09598012636253425
398,flow_rate_uL_min,conversion_pct,0.22232861883740473,0.10066924728839803
399,flow_rate_uL_min,conversion_pct,0.11069610791405371,0.10987758879523594
400,flow_rate_uL_min,conversion_pct,0.11872405909806738,0.0963389806802614
401,flow_rate_uL_min,conversion_pct,0.23739269539803465,0.10207536912533975
402,flow_rate_uL_min,conversion_pct,0.06950785660352743,0.11199017027791487
403,flow_rate_uL_min,conversion_pct,0.07982380021886337,0.09423752215872935
404,flow_rate_uL_min,conversion_pct,0.12787335897241847,0.10363922702382648
405,flow_rate_uL_min,conversion_pct,0.1592738495524174,0.09758799309654621
406,flow_rate_uL_min,conversion_pct,0.11130532569283558,0.09220014669064493
407,flow_rate_uL_min,conversion_pct,0.18850748287291264,0.09089827101820395
408,flow_rate_uL_min,conversion_pct,0.08802193046813367,0.10929105337803077
409,flow_rate_uL_min,conversion_pct,0.13537318096125162,0.09060078350039516
410,flow_rate_uL_min,conversion_pct,0.09694337558455846,0.08090313000020043
411,flow_rate_uL_min,conversion_pct,0.022441085845831377,0.09331971206027835
412,flow_rate_uL_min,conversion_pct,0.13364888863258673,0.09797398346697822
413,flow_rate_uL_min,conversion_pct,0.15998713740766157,0.09781808071444009
414,flow_rate_uL_min,conversion_pct,0.031118054976395526,0.10084235559046244
415,flow_rate_uL_min,conversion_pct,0.13025309122166828,0.10029372944193363
416,flow_rate_uL_min,conversion_pct,0.058219925806060724,0.08507033220550153
417,flow_rate_uL_min,conversion_pct,0.22907694969425418,0.1244785229578413
418,flow_rate_uL_min,conversion_pct,0.11050630140640638,0.09047343013652082
419,flow_rate_uL_min,conversion_pct,0.16917520485575388,0.08939794399851123
420,flow_rate_uL_min,conversion_pct,0.13574724274852057,0.09356627454798387
421,flow_rate_uL_min,conversion_pct,0.020138718623031848,0.0966045700313628
422,flow_rate_uL_min,conversion_pct,0.20146188493055472,0.11275571762867515
423,flow_rate_uL_min,conversion_pct,0.16162218735586542,0.10481137160127155
424,flow_rate_uL_min,conversion_pct,0.12354551101534361,0.09568300560390698
425,flow_rate_uL_min,conversion_pct,0.08353295195831423,0.095065732422137
426,flow_rate_uL_min,conversion_pct,0.17134181576617047,0.0994281658524134
427,flow_rate_uL_min,conversion_pct,0.0922231856301956,0.09757500323055558
428,flow_rate_uL_min,conversion_pct,0.08243208001011837,0.08869687756873382
429,flow_rate_uL_min,conversion_pct,0.03348593861480653,0.1104681844284699
430,flow_rate_uL_min,conversion_pct,0.1660301044619853,0.08595311784684394
431,flow_rate_uL_min,conversion_pct,0.0707320308546856,0.10883294249727392
432,flow_rate_uL_min,conversion_pct,0.08902394690887105,0.09660178664496868
433,flow_rate_uL_min,conversion_pct,0.13356277862043087,0.08828373746082127
434,flow_rate_uL_min,conversion_pct,0.18889515726700423,0.09996187575749284
435,flow_rate_uL_min,conversion_pct,0.11133440678657747,0.11316678757082771
436,flow_rate_uL_min,conversion_pct,0.16225561390778243,0.10061923814543931
437,flow_rate_uL_min,conversion_pct,0.12046035524883625,0.10028653715302718
438,flow_rate_uL_min,conversion_pct,0.2018951400549288,0.11034659062916845
439,flow_rate_uL_min,conversion_pct,0.1536129799501067,0.07780092764643821
440,flow_rate_uL_min,conversion_pct,0.17344559067491438,0.08593586098129107
441,flow_rate_uL_min,conversion_pct,0.13530626576864035,0.0981948797209358
442,flow_rate_uL_min,conversion_pct,0.08138170079384077,0.09903572826888273
443,flow_rate_uL_min,conversion_pct,0.03141925705712256,0.10032888784826156
444,flow_rate_uL_min,conversion_pct,0.0786811301084086,0.09631809451618074
445,flow_rate_uL_min,conversion_pct,0.1501298515021876,0.09940042216348213
446,flow_rate_uL_min,conversion_pct,0.2578127232378238,0.10127965635857851
447,flow_rate_uL_min,conversion_pct,0.10508371428298124,0.10605919208738847
448,flow_rate_uL_min,conversion_pct,0.04044636416025571,0.09732696492809191
449,flow_rate_uL_min,conversion_pct,0.05841478942785028,0.0924139623627001
450,flow_rate_uL_min,conversion_pct,0.01410352905352541,0.10066662146915005
451,flow_rate_uL_min,conversion_pct,0.11528313986348349,0.10678790596601753
452,flow_rate_uL_min,conversion_pct,0.08618843384619634,0.11690599414238345
453,flow_rate_uL_min,conversion_pct,0.08655732225150026,0.09373884279976209
454,flow_rate_uL_min,conversion_pct,0.047711714240237235,0.1029176585298011
455,flow_rate_uL_min,conversion_pct,0.15040752652891287,0.09919075634265792
456,flow_rate_uL_min,conversion_pct,0.1494646399993833,0.0949136747793096
457,flow_rate_uL_min,conversion_pct,0.08963063370915736,0.09599409582206234
458,flow_rate_uL_min,conversion_pct,0.1232121205138581,0.09589238915945622
459,flow_rate_uL_min,conversion_pct,0.1055577126342262,0.09222468346112885
460,flow_rate_uL_min,conversion_pct,0.09187059761672778,0.0995476901108681
461,flow_rate_uL_min,conversion_pct,0.17153722229119794,0.0975166677993677
462,flow_rate_uL_min,conversion_pct,0.09321495060448792,0.09551741090905386
463,flow_rate_uL_min,conversion_pct,0.1325019065819084,0.08962616407803524
464,flow_rate_uL_min,conversion_pct,0.1488206667607871,0.10813276354580074
465,flow_rate_uL_min,conversion_pct,0.17011062745541217,0.11753384481779201
466,flow_rate_uL_min,conversion_pct,0.0857695865534962,0.09250585949404629
467,flow_rate_uL_min,conversion_pct,0.02247583645805018,0.11553437357653704
468,flow_rate_uL_min,conversion_pct,0.039015365535339686,0.09019980621794685
469,flow_rate_uL_min,conversion_pct,0.008388047019084244,0.10593037373259931
470,flow_rate_uL_min,conversion_pct,0.11919081055621539,0.10011037385434135
471,flow_rate_uL_min,conversion_pct,0.18924960832528737,0.08901049940710358
472,flow_rate_uL_min,conversion_pct,0.12685022917702737,0.11084200333081362
473,flow_rate_uL_min,conversion_pct,0.09266007317939151,0.09045668857178012
474,flow_rate_uL_min,conversion_pct,0.07152530100547694,0.1113862439389881
475,flow_rate_uL_min,conversion_pct,0.0850369729141297,0.10435324684581687
476,flow_rate_uL_min,conversion_pct,0.06734991070482854,0.08763825457416169
477,flow_rate_uL_min,conversion_pct,0.1642508549263777,0.09836343752704081
478,flow_rate_uL_min,conversion_pct,0.22241493495993236,0.09506657174794454
479,flow_rate_uL_min,conversion_pct,0.1577134844244361,0.09742048869266835
480,flow_rate_uL_min,conversion_pct,0.08709713143992226,0.1040325143746231
481,flow_rate_uL_min,conversion_pct,-0.016565493569897338,0.1097485655432716
482,flow_rate_uL_min,conversion_pct,0.06910225384095336,0.11159485267909727
483,flow_rate_uL_min,conversion_pct,0.18820732457473588,0.10198422721994278
484,flow_rate_uL_min,conversion_pct,0.07345461529635433,0.10214557354940931
485,flow_rate_uL_min,conversion_pct,0.06456380987462662,0.09705265021572915
486,flow_rate_uL_min,conversion_pct,0.19417571087056573,0.10206579833163629
487,flow_rate_uL_min,conversion_pct,0.09581411205447066,0.10071530819965102
488,flow_rate_uL_min,conversion_pct,0.12489185745602915,0.09158416984329545
489,flow_rate_uL_min,conversion_pct,0.1557757888594511,0.11183409985137525
490,flow_rate_uL_min,conversion_pct,0.1353830923884083,0.09498231681773726
491,flow_rate_uL_min,conversion_pct,0.017321083396973136,0.10235823393587395
492,flow_rate_uL_min,conversion_pct,0.12890712308507668,0.07974212482781519
493,flow_rate_uL_min,conversion_pct,0.1538015808438814,0.09261317551867009
494,flow_rate_uL_min,conversion_pct,0.019013671225741047,0.098861033965026
495,flow_rate_uL_min,conversion_pct,0.022352195068815695,0.10485308072253653
496,flow_rate_uL_min,conversion_pct,0.0669947055324619,0.11122701027135315
497,flow_rate_uL_min,conversion_pct,0.09036827782633328,0.10758264308660298
498,flow_rate_uL_min,conversion_pct,0.08478095001480157,0.10057218428368961
499,flow_rate_uL_min,conversion_pct,0.10814139380075083,0.09243841520825369
0,flow_rate_uL_min,current_A,0.051237517454624015,0.05551066237228388
1,flow_rate_uL_min,current_A,0.16486414858780285,0.07184256492684069
2,flow_rate_uL_min,current_A,0.14312944590054488,0.07065368889775724
3,flow_rate_uL_min,current_A,0.15902954760731125,0.07002279661587682
4,flow_rate_uL_min,current_A,-0.024385124811693748,0.07068155724415633
5,flow_rate_uL_min,current_A,0.08720442560782893,0.07560783763489823
6,flow_rate_uL_min,current_A,0.1547941808576112,0.0663606152738506
7,flow_rate_uL_min,current_A,0.11252167349249087,0.07855425550187146
8,flow_rate_uL_min,current_A,0.2779074122803963,0.07213704208055399
9,flow_rate_uL_min,current_A,0.10025156180824979,0.06094537703013624
10,flow_rate_uL_min,current_A,0.07059206077445379,0.08081172865151288
11,flow_rate_uL_min,current_A,0.145301757088527,0.06443242866468285
12,flow_rate_uL_min,current_A,-0.01726749972024555,0.07404834106466109
13,flow_rate_uL_min,current_A,0.11646216342415239,0.08007779574555181
14,flow_rate_uL_min,current_A,0.020414562386608326,0.07425592382130848
15,flow_rate_uL_min,current_A,0.16934268513243977,0.07260909131155542
16,flow_rate_uL_min,current_A,0.15978801125808872,0.0684427201668342
17,flow_rate_uL_min,current_A,0.10964412442570726,0.063597701031796
18,flow_rate_uL_min,current_A,0.07372073637261145,0.06939791480437221
19,flow_rate_uL_min,current_A,0.18381937511312418,0.08500205575116451
20,flow_rate_uL_min,current_A,0.04066562676265684,0.060853116229395446
21,flow_rate_uL_min,current_A,0.043523021374646476,0.06626248439993389
22,flow_rate_uL_min,current_A,0.0877581478643823,0.06796126054391351
23,flow_rate_uL_min,current_A,0.030865105445181396,0.06598323233351365
24,flow_rate_uL_min,current_A,0.08871376068747128,0.06352931371062234
25,flow_rate_uL_min,current_A,0.11262121020754978,0.061385901078187886
26,flow_rate_uL_min,current_A,0.14092687285332783,0.06255488466016439
27,flow_rate_uL_min,current_A,-0.02219665489997258,0.06538195341306634
28,flow_rate_uL_min,current_A,0.08689400399061331,0.07919904776138453
29,flow_rate_uL_min,current_A,0.13312993260089545,0.0740227049142448
30,flow_rate_uL_min,current_A,0.11370970564380378,0.07567785626480357
31,flow_rate_uL_min,current_A,0.0077081644082762635,0.07975695113285994
32,flow_rate_uL_min,current_A,0.06205645036577778,0.07149813940328226
33,flow_rate_uL_min,current_A,0.09365815532441313,0.07105147651687503
34,flow_rate_uL_min,current_A,-0.0062351513769947076,0.07292705423715673
35,flow_rate_uL_min,current_A,0.003595011516790425,0.06676612356308344
36,flow_rate_uL_min,current_A,0.15840001100712187,0.0735457176237783
37,flow_rate_uL_min,current_A,-0.04532890475964568,0.06733046671347151
38,flow_rate_uL_min,current_A,0.11088377844098696,0.06383391564085476
39,flow_rate_uL_min,current_A,0.03830970441224357,0.06419392256059472
40,flow_rate_uL_min,current_A,0.10040476617861105,0.06790870734770144
41,flow_rate_uL_min,current_A,0.025233721839357348,0.06110911196234409
42,flow_rate_uL_min,current_A,0.09277170825756464,0.08207174968410468
43,flow_rate_uL_min,current_A,0.06790850065471077,0.06722997790136784
44,flow_rate_uL_min,current_A,0.061067949522535914,0.059899960755678536
45,flow_rate_uL_min,current_A,0.19981014006047737,0.08140528622806387
46,flow_rate_uL_min,current_A,0.08341519915068196,0.06267743154674077
47,flow_rate_uL_min,current_A,0.1270672091360432,0.0598019252370723
48,flow_rate_uL_min,current_A,0.01586000412264288,0.06772873775949773
49,flow_rate_uL_min,current_A,0.06225476195232593,0.06299895019285676
50,flow_rate_uL_min,current_A,0.20320431271791572,0.06015004088785438
51,flow_rate_uL_min,current_A,-0.05789248698552374,0.0655220283914159
52,flow_rate_uL_min,current_A,0.14084555070683447,0.07111458087472793
53,flow_rate_uL_min,current_A,0.014981895919195853,0.06304971485764065
54,flow_rate_uL_min,current_A,0.09168040596549476,0.0641342066475411
55,flow_rate_uL_min,current_A,0.14007016115777016,0.05698596175720478
56,flow_rate_uL_min,current_A,0.02931098909319485,0.07257196090609652
57,flow_rate_uL_min,current_A,0.006118542242011915,0.07036467885033916
58,flow_rate_uL_min,current_A,0.1307522334075346,0.07149061634148429
59,flow_rate_uL_min,current_A,0.12715191400283188,0.06805144683870548
60,flow_rate_uL_min,current_A,0.12268851066937847,0.05656375233823201
61,flow_rate_uL_min,current_A,0.07162725883917176,0.06366590022140516
62,flow_rate_uL_min,current_A,0.0611701171374921,0.05806832817510639
63,flow_rate_uL_min,current_A,-0.019735512377701214,0.08491960787335352
64,flow_rate_uL_min,current_A,-0.01985175850483789,0.06589970566623705
65,flow_rate_uL_min,current_A,0.035363571436897945,0.061069716353010894
66,flow_rate_uL_min,current_A,0.007688231850296989,0.06701739956777952
67,flow_rate_uL_min,current_A,0.02114269777017619,0.07781422248843307
68,flow_rate_uL_min,current_A,0.06054905439382985,0.0809224479415904
69,flow_rate_uL_min,current_A,0.0034782387271105053,0.06942628437174062
70,flow_rate_uL_min,current_A,0.06227788466448492,0.0810742282117762
71,flow_rate_uL_min,current_A,0.0978454812090308,0.05386158852543417
72,flow_rate_uL_min,current_A,0.09824329585185831,0.06511921455607766
73,flow_rate_uL_min,current_A,0.01802763038703159,0.07856827089946276
74,flow_rate_uL_min,current_A,-0.06185525562695671,0.06411408216522037
75,flow_rate_uL_min,current_A,0.04578645860368613,0.06365707680022134
76,flow_rate_uL_min,current_A,0.014453383357334149,0.06752408955130927
77,flow_rate_uL_min,current_A,0.09057252828341755,0.065981575360121
78,flow_rate_uL_min,current_A,0.13883979112524536,0.0657964225019883
79,flow_rate_uL_min,current_A,-0.02507192828480087,0.0834298797555803
80,flow_rate_uL_min,current_A,0.08171124512913941,0.06560149601546025
81,flow_rate_uL_min,current_A,0.038257955589199644,0.06468738287336545
82,flow_rate_uL_min,current_A,0.013599959762151892,0.0681451064714566
83,flow_rate_uL_min,current_A,0.12141290677605832,0.07607606727420507
84,flow_rate_uL_min,current_A,0.0046813597000674445,0.06530657625631332
85,flow_rate_uL_min,current_A,0.1879848035245053,0.07944968443664815
86,flow_rate_uL_min,current_A,0.008109011955191314,0.0676318699500871
87,flow_rate_uL_min,current_A,0.06745763035431163,0.06477795527325647
88,flow_rate_uL_min,current_A,0.14407970162155026,0.06008790426205666
89,flow_rate_uL_min,current_A,0.18083718261671855,0.06984073036603325
90,flow_rate_uL_min,current_A,0.058617452021421435,0.06396228336109147
91,flow_rate_uL_min,current_A,0.05479227094007799,0.062782620984313
92,flow_rate_uL_min,current_A,0.016384387941178136,0.06613352205595231
93,flow_rate_uL_min,current_A,-0.06390847197631988,0.0642081731085614
94,flow_rate_uL_min,current_A,0.052712733857737115,0.06983076762127158
95,flow_rate_uL_min,current_A,0.06237787456388777,0.06717744682895724
96,flow_rate_uL_min,current_A,0.08577028737507708,0.07316669273834107
97,flow_rate_uL_min,current_A,0.04228212761421468,0.06736354774710708
98,flow_rate_uL_min,current_A,-0.009231882998055108,0.07655136057211498
99,flow_rate_uL_min,current_A,0.13574924959561874,0.07620491414216837
100,flow_rate_uL_min,current_A,0.11402889627210411,0.07361960128497272
101,flow_rate_uL_min,current_A,0.09864024221608747,0.06422130509797704
102,flow_rate_uL_min,current_A,0.15386550880276606,0.06720640483860582
103,flow_rate_uL_min,current_A,0.0861250411655966,0.06206751932751391
104,flow_rate_uL_min,current_A,0.013575935265111805,0.06960667293333754
105,flow_rate_uL_min,current_A,0.09745945563043823,0.06247603490767268
106,flow_rate_uL_min,current_A,0.06948305455219583,0.06270353544517573
107,flow_rate_uL_min,current_A,0.08457722807149948,0.07184256973764327
108,flow_rate_uL_min,current_A,0.13268931209791202,0.0679864921113578
109,flow_rate_uL_min,current_A,0.037371640831872055,0.0674907978616884
110,flow_rate_uL_min,current_A,0.04550810263894456,0.06757989684152936
111,flow_rate_uL_min,current_A,0.01206939239114102,0.0876290433714326
112,flow_rate_uL_min,current_A,0.13307654031739702,0.08534184506941844
113,flow_rate_uL_min,current_A,0.09846137253303189,0.05725158138061578
114,flow_rate_uL_min,current_A,0.062869305294592,0.08166817684782622
115,flow_rate_uL_min,current_A,0.0924018813547115,0.06830441277002411
116,flow_rate_uL_min,current_A,0.017955751221416794,0.052309711664798836
117,flow_rate_uL_min,current_A,-0.02770486365325331,0.07748613945573331
118,flow_rate_uL_min,current_A,0.11938498923042373,0.06003412092252292
119,flow_rate_uL_min,current_A,0.19501476989397137,0.06443265017414827
120,flow_rate_uL_min,current_A,0.08238024897892637,0.06873685256223597
121,flow_rate_uL_min,current_A,0.05420210513522816,0.0716592439491151
122,flow_rate_uL_min,current_A,0.0775016599579732,0.07027984651235361
123,flow_rate_uL_min,current_A,0.042250379696472384,0.060616336469816304
124,flow_rate_uL_min,current_A,-0.042274716859382444,0.0783427996420238
125,flow_rate_uL_min,current_A,0.08211527758745807,0.06745700494841324
126,flow_rate_uL_min,current_A,0.009285858258804236,0.0732646881142386
127,flow_rate_uL_min,current_A,0.10761477888405657,0.06167950009599266
128,flow_rate_uL_min,current_A,0.05022441919608056,0.07855610222718143
129,flow_rate_uL_min,current_A,0.07689280685975652,0.061407896094915725
130,flow_rate_uL_min,current_A,0.056462414491091684,0.05936855555380292
131,flow_rate_uL_min,current_A,0.0679071054274526,0.06675651622627848
132,flow_rate_uL_min,current_A,0.11263379457669431,0.06989934975461654
133,flow_rate_uL_min,current_A,0.10903556589561014,0.07292488742746213
134,flow_rate_uL_min,current_A,0.025184283301330712,0.07207895448625785
135,flow_rate_uL_min,current_A,0.11957632950680086,0.07360099183053159
136,flow_rate_uL_min,current_A,-0.002378706913232831,0.06294948562921306
137,flow_rate_uL_min,current_A,0.09041512199934965,0.0746814608212631
138,flow_rate_uL_min,current_A,0.00988858292469641,0.06195701130102614
139,flow_rate_uL_min,current_A,0.1917364506039888,0.05901447739524323
140,flow_rate_uL_min,current_A,0.06571404825617533,0.05186896265734874
141,flow_rate_uL_min,current_A,0.08019125715454167,0.05837920596256146
142,flow_rate_uL_min,current_A,0.09304814645075432,0.05755576460967751
143,flow_rate_uL_min,current_A,0.003984265224265537,0.06768643737026142
144,flow_rate_uL_min,current_A,0.11298791002116737,0.07288317299954956
145,flow_rate_uL_min,current_A,0.14111592487156766,0.062218516990520195
146,flow_rate_uL_min,current_A,-0.015697572944179505,0.06741222752178537
147,flow_rate_uL_min,current_A,0.08273366410594452,0.06271797964757644
148,flow_rate_uL_min,current_A,0.0780896324823217,0.061427052196436176
149,flow_rate_uL_min,current_A,0.015567952278577102,0.07380908534643056
150,flow_rate_uL_min,current_A,0.13152090893537638,0.08743697693254623
151,flow_rate_uL_min,current_A,0.10089538706326984,0.06022744504203076
152,flow_rate_uL_min,current_A,0.12117850056792345,0.06307904018213852
153,flow_rate_uL_min,current_A,0.03722055127729451,0.07198488376745024
154,flow_rate_uL_min,current_A,0.0018929991179590377,0.06454166240795604
155,flow_rate_uL_min,current_A,0.12902472339353033,0.07603420462388374
156,flow_rate_uL_min,current_A,-0.012177629711646265,0.05883207913620681
157,flow_rate_uL_min,current_A,0.10019430694848597,0.0673295784138556
158,flow_rate_uL_min,current_A,0.07821676334181826,0.07599917392616468
159,flow_rate_uL_min,current_A,0.10041645026570989,0.0641189932700961
160,flow_rate_uL_min,current_A,0.00609028435935921,0.06306653108084824
161,flow_rate_uL_min,current_A,0.17931197490055506,0.06003444469496728
162,flow_rate_uL_min,current_A,0.14940496189214703,0.06651911141195585
163,flow_rate_uL_min,current_A,0.053451079689370795,0.07165692883376723
164,flow_rate_uL_min,current_A,0.18252988866915365,0.06389300296854987
165,flow_rate_uL_min,current_A,0.05694952977711998,0.07151723837508067
166,flow_rate_uL_min,current_A,0.050734960417755715,0.07039732164943632
167,flow_rate_uL_min,current_A,0.07654022823330398,0.07594895982828026
168,flow_rate_uL_min,current_A,0.103731456435733,0.061649722183322056
169,flow_rate_uL_min,current_A,0.070010310752043,0.07397607975783926
170,flow_rate_uL_min,current_A,0.03325216506088835,0.07869384847419959
171,flow_rate_uL_min,current_A,0.2164979134556021,0.05825755044595849
172,flow_rate_uL_min,current_A,0.1577486912570354,0.07768904425142918
173,flow_rate_uL_min,current_A,0.10657887936190014,0.06043484138572073
174,flow_rate_uL_min,current_A,0.17757180599028777,0.07097956131465642
175,flow_rate_uL_min,current_A,0.08324382046957335,0.0773933497705909
176,flow_rate_uL_min,current_A,0.08054737731843142,0.06462447262457838
177,flow_rate_uL_min,current_A,0.06749412043679537,0.07217517886715066
178,flow_rate_uL_min,current_A,0.029396651750542513,0.07294216810385
179,flow_rate_uL_min,current_A,0.13974988127156873,0.06815686687572188
180,flow_rate_uL_min,current_A,0.12100641691269476,0.06948663458420276
181,flow_rate_uL_min,current_A,0.033561843494743004,0.07167883071457658
182,flow_rate_uL_min,current_A,0.16455685594534986,0.07022350223977213
183,flow_rate_uL_min,current_A,0.09648745274972392,0.06643272792162946
184,flow_rate_uL_min,current_A,0.06200483100704646,0.0679301865633621
185,flow_rate_uL_min,current_A,0.08232175436989886,0.058675083268784775
186,flow_rate_uL_min,current_A,0.0134915560008243,0.07693423128595031
187,flow_rate_uL_min,current_A,0.11256699477054,0.07205562302584169
188,flow_rate_uL_min,current_A,0.003015470037938228,0.06598659193060821
189,flow_rate_uL_min,current_A,0.023327402874181224,0.0565604489746095
190,flow_rate_uL_min,current_A,0.037659741707271044,0.06831296630388327
191,flow_rate_uL_min,current_A,0.1940659212036535,0.06262772068688495
192,flow_rate_uL_min,current_A,0.049651649963971645,0.06283141967970025
193,flow_rate_uL_min,current_A,0.024353157046606233,0.06889266258448894
194,flow_rate_uL_min,current_A,0.0828843901204177,0.06987822351173772
195,flow_rate_uL_min,current_A,0.14551329209921704,0.05635194027113057
196,flow_rate_uL_min,current_A,0.031901102909802415,0.0670808838600322
197,flow_rate_uL_min,current_A,0.0028261882108612246,0.069339239657152
198,flow_rate_uL_min,current_A,0.23146094355470737,0.06932942678332853
199,flow_rate_uL_min,current_A,0.10909377636746898,0.07402733602065724
200,flow_rate_uL_min,current_A,0.05847946446746777,0.0570747497807299
201,flow_rate_uL_min,current_A,0.1904216105036005,0.06430459622985953
202,flow_rate_uL_min,current_A,0.0554823527984839,0.06466187408601887
203,flow_rate_uL_min,current_A,0.1475570834932276,0.07180211203348238
204,flow_rate_uL_min,current_A,0.06841650646313369,0.05616466380800402
205,flow_rate_uL_min,current_A,0.09444231675540582,0.06795836951739583
206,flow_rate_uL_min,current_A,0.15175277623610428,0.07042383044214452
207,flow_rate_uL_min,current_A,0.12139723108638945,0.059580407828904454
208,flow_rate_uL_min,current_A,0.11155507134727893,0.06553280282120454
209,flow_rate_uL_min,current_A,0.07123798363688993,0.06632628699889764
210,flow_rate_uL_min,current_A,0.07366441593329853,0.07774428580916799
211,flow_rate_uL_min,current_A,-0.07324209984615915,0.0709688678414642
212,flow_rate_uL_min,current_A,-0.01873757702849277,0.06833269909730866
213,flow_rate_uL_min,current_A,0.16178086961825766,0.06521472313222546
214,flow_rate_uL_min,current_A,0.07568344967926655,0.06817054478413806
215,flow_rate_uL_min,current_A,0.08081277128489894,0.07555388898412208
216,flow_rate_uL_min,current_A,0.11150745464260581,0.0575571964031939
217,flow_rate_uL_min,current_A,0.1731546701697656,0.06483033739293116
218,flow_rate_uL_min,current_A,0.05615934671852707,0.06167165159840906
219,flow_rate_uL_min,current_A,0.028097033444764108,0.06578343313425675
220,flow_rate_uL_min,current_A,0.09490518004629989,0.07161738593412238
221,flow_rate_uL_min,current_A,0.043907279267896615,0.07588622820056465
222,flow_rate_uL_min,current_A,0.09745320239269184,0.06365824696074268
223,flow_rate_uL_min,current_A,0.061633377979161685,0.07099385211307312
224,flow_rate_uL_min,current_A,0.09595926432862367,0.06265627882937269
225,flow_rate_uL_min,current_A,0.08881639160882593,0.0642889683863261
226,flow_rate_uL_min,current_A,0.04136739078690799,0.05958564130926373
227,flow_rate_uL_min,current_A,0.06661770340383566,0.07002876175846813
228,flow_rate_uL_min,current_A,0.08572438114336123,0.06955942048515562
229,flow_rate_uL_min,current_A,0.08520337922801102,0.07414292065815535
230,flow_rate_uL_min,current_A,0.09815117040364574,0.0630535266710323
231,flow_rate_uL_min,current_A,0.12615358137665866,0.06002182883938099
232,flow_rate_uL_min,current_A,0.10223226585440903,0.06932325098780232
233,flow_rate_uL_min,current_A,0.09090842118609921,0.06477122699537217
234,flow_rate_uL_min,current_A,0.06501346956248544,0.06487883278877914
235,flow_rate_uL_min,current_A,0.09949256039784427,0.07607090122115201
236,flow_rate_uL_min,current_A,0.08115777942565439,0.06434932546448857
237,flow_rate_uL_min,current_A,0.1719229402056276,0.07684636020328382
238,flow_rate_uL_min,current_A,0.13051455834378223,0.0740312817011917
239,flow_rate_uL_min,current_A,0.010031289952039502,0.07628854442562333
240,flow_rate_uL_min,current_A,0.1239322630015135,0.0688286332446701
241,flow_rate_uL_min,current_A,-0.07851505393215663,0.06620536911481664
242,flow_rate_uL_min,current_A,0.05650294679797163,0.06736128768056183
243,flow_rate_uL_min,current_A,0.09330652408437112,0.05989324297448097
244,flow_rate_uL_min,current_A,-0.016088027181340836,0.06172007065845203
245,flow_rate_uL_min,current_A,0.018427859144388048,0.06576225803501685
246,flow_rate_uL_min,current_A,0.07544348499104447,0.06182686849270561
247,flow_rate_uL_min,current_A,0.11400808209008129,0.05509590282802009
248,flow_rate_uL_min,current_A,0.008168087580528338,0.06401316795928211
249,flow_rate_uL_min,current_A,-0.0312525097870231,0.06682921487000418
250,flow_rate_uL_min,current_A,-0.06703858591254686,0.07008673499512887
251,flow_rate_uL_min,current_A,0.1159388758080564,0.06875234017488711
252,flow_rate_uL_min,current_A,0.03211917040003964,0.06750671768744998
253,flow_rate_uL_min,current_A,0.12518951371997544,0.07358834812087112
254,flow_rate_uL_min,current_A,0.07621757451645905,0.07287100687522549
255,flow_rate_uL_min,current_A,0.08175360772418128,0.07051871756549384
256,flow_rate_uL_min,current_A,0.07972846277842582,0.06077178644012942
257,flow_rate_uL_min,current_A,0.16417603324477326,0.07387018001778213
258,flow_rate_uL_min,current_A,0.09016831932518832,0.07755033756679025
259,flow_rate_uL_min,current_A,0.12044434094944101,0.06696701229394082
260,flow_rate_uL_min,current_A,0.21113769526851234,0.06153114914748269
261,flow_rate_uL_min,current_A,0.1167280864540472,0.08613637344606956
262,flow_rate_uL_min,current_A,0.13270336874279953,0.061608123701086474
263,flow_rate_uL_min,current_A,0.00018847838024471653,0.06545034183377976
264,flow_rate_uL_min,current_A,-0.050856784865417115,0.07057568110498633
265,flow_rate_uL_min,current_A,0.004686289546000477,0.07132570471553931
266,flow_rate_uL_min,current_A,0.16570707594237044,0.07165104478007712
267,flow_rate_uL_min,current_A,0.04343511141676559,0.07247349073742305
268,flow_rate_uL_min,current_A,0.020646444432511513,0.0699292096293743
269,flow_rate_uL_min,current_A,0.008954828229304268,0.06834851952911875
270,flow_rate_uL_min,current_A,-0.01776318239317831,0.07099020129292688
271,flow_rate_uL_min,current_A,0.07847144874923284,0.05995038759906293
272,flow_rate_uL_min,current_A,0.10285463720322197,0.0688099502982484
273,flow_rate_uL_min,current_A,0.16859138832237153,0.07099353111391532
274,flow_rate_uL_min,current_A,0.08863918762253509,0.08678813822465395
275,flow_rate_uL_min,current_A,0.0011204542333145273,0.059978735458618045
276,flow_rate_uL_min,current_A,0.02215323385825585,0.06522440103192184
277,flow_rate_uL_min,current_A,0.0514224414712422,0.07468506216074397
278,flow_rate_uL_min,current_A,0.19043330098917832,0.0708858269242562
279,flow_rate_uL_min,current_A,-0.02987638883647903,0.08334975296433685
280,flow_rate_uL_min,current_A,0.07628141624882889,0.07167361821397794
281,flow_rate_uL_min,current_A,-0.023874021600595263,0.07056725240200845
282,flow_rate_uL_min,current_A,0.07291100799948269,0.07171860163264906
283,flow_rate_uL_min,current_A,0.17782844960316901,0.06598864093101114
284,flow_rate_uL_min,current_A,-0.006602155511443941,0.0578598726452706
285,flow_rate_uL_min,current_A,0.006832245982717033,0.06564836809764998
286,flow_rate_uL_min,current_A,0.0708364172413033,0.0716032406946512
287,flow_rate_uL_min,current_A,0.0463230721657546,0.07693536941705902
288,flow_rate_uL_min,current_A,-0.0048480681529039504,0.06517092394868788
289,flow_rate_uL_min,current_A,0.06279477671366729,0.06970475921880784
290,flow_rate_uL_min,current_A,0.03788872869338189,0.06962725091139675
291,flow_rate_uL_min,current_A,0.06574691084148121,0.06684415409950367
292,flow_rate_uL_min,current_A,0.09019718291032808,0.06754565288636917
293,flow_rate_uL_min,current_A,0.17765082628959916,0.05732645546006616
294,flow_rate_uL_min,current_A,0.07148939693707157,0.07954109204148876
295,flow_rate_uL_min,current_A,0.05220546831134598,0.06863171645520194
296,flow_rate_uL_min,current_A,0.1151621255474592,0.07738534834686199
297,flow_rate_uL_min,current_A,0.068002507181942,0.06734786257131875
298,flow_rate_uL_min,current_A,0.1612361113612032,0.06339678048498458
299,flow_rate_uL_min,current_A,0.19353627820076913,0.06826151976635118
300,flow_rate_uL_min,current_A,0.11817134376401528,0.058892590286934964
301,flow_rate_uL_min,current_A,0.1055285577739411,0.06173315808369246
302,flow_rate_uL_min,current_A,0.020453688318733954,0.07169186863580107
303,flow_rate_uL_min,current_A,0.09127808516837355,0.07562562245467236
304,flow_rate_uL_min,current_A,0.018225700565276393,0.06161980403407801
305,flow_rate_uL_min,current_A,0.10373867835775918,0.06996383284449119
306,flow_rate_uL_min,current_A,-0.009958618177561496,0.0672875933651194
307,flow_rate_uL_min,current_A,0.15007953445158206,0.0737446046220385
308,flow_rate_uL_min,current_A,-0.003509452259208956,0.06606887154560459
309,flow_rate_uL_min,current_A,-0.03160304603661279,0.058972928586417936
310,flow_rate_uL_min,current_A,0.08818317536248066,0.06706548116798434
311,flow_rate_uL_min,current_A,0.14273086549665626,0.06297752774323974
312,flow_rate_uL_min,current_A,0.08660170575494597,0.07252260536022931
313,flow_rate_uL_min,current_A,-0.007365562417176674,0.0683082309035286
314,flow_rate_uL_min,current_A,0.17760457166269872,0.06559257866685882
315,flow_rate_uL_min,current_A,0.07044387838024668,0.0641511093949617
316,flow_rate_uL_min,current_A,0.04512081859467021,0.06784765134972677
317,flow_rate_uL_min,current_A,-0.011914470805151067,0.07564801356206544
318,flow_rate_uL_min,current_A,0.13613358758107597,0.06512995667432125
319,flow_rate_uL_min,current_A,0.060666746157818974,0.08269093237854577
320,flow_rate_uL_min,current_A,0.12040138593298166,0.06824030438036953
321,flow_rate_uL_min,current_A,0.011078552980732459,0.07419224502553451
322,flow_rate_uL_min,current_A,0.0602082437872542,0.06526316032959066
323,flow_rate_uL_min,current_A,0.11301398488350967,0.0735868479321034
324,flow_rate_uL_min,current_A,0.11139798326904438,0.07683266842602764
325,flow_rate_uL_min,current_A,0.039816703433595,0.06947586681824072
326,flow_rate_uL_min,current_A,0.1260941474817695,0.0668434256353029
327,flow_rate_uL_min,current_A,-0.031157323039422646,0.06296398985746979
328,flow_rate_uL_min,current_A,0.06193085162283152,0.06681944886658256
329,flow_rate_uL_min,current_A,0.051955333568671214,0.07223194192275799
330,flow_rate_uL_min,current_A,0.06437413153711058,0.07137070299010831
331,flow_rate_uL_min,current_A,-0.021215597385917828,0.064485644519162
332,flow_rate_uL_min,current_A,0.0866499665789725,0.071509650413766
333,flow_rate_uL_min,current_A,0.03157469132303048,0.06299605567947443
334,flow_rate_uL_min,current_A,0.0903876531665121,0.072630721056477
335,flow_rate_uL_min,current_A,-0.016035104138446332,0.08139023483354063
336,flow_rate_uL_min,current_A,0.11563086173698256,0.07435931659537272
337,flow_rate_uL_min,current_A,0.06278055439056174,0.07227382353609123
338,flow_rate_uL_min,current_A,0.028066179894905674,0.07389516684592189
339,flow_rate_uL_min,current_A,0.12624395130413335,0.07035619323365279
340,flow_rate_uL_min,current_A,0.040612843224845596,0.058565767436042526
341,flow_rate_uL_min,current_A,0.04829861151708248,0.08019501182325545
342,flow_rate_uL_min,current_A,0.016348625030502273,0.06477603268417054
343,flow_rate_uL_min,current_A,0.1709575262751214,0.06418692879671316
344,flow_rate_uL_min,current_A,-0.03248461415594628,0.08249436588753849
345,flow_rate_uL_min,current_A,0.013758285828509131,0.06336930446417657
346,flow_rate_uL_min,current_A,0.11279299455022751,0.07048819788758225
347,flow_rate_uL_min,current_A,0.13435027664885146,0.0707203282771798
348,flow_rate_uL_min,current_A,0.21179303323446752,0.07245756819060503
349,flow_rate_uL_min,current_A,-0.03434473681643291,0.06362214148069989
350,flow_rate_uL_min,current_A,0.09042507618335938,0.06521442238365993
351,flow_rate_uL_min,current_A,0.0279787857642394,0.07622549491036369
352,flow_rate_uL_min,current_A,0.12707873001020786,0.06801924913468659
353,flow_rate_uL_min,current_A,-0.05278352114697871,0.07255856239070839
354,flow_rate_uL_min,current_A,0.053712646268030184,0.07926779763327729
355,flow_rate_uL_min,current_A,0.11440385932178665,0.06301623540885913
356,flow_rate_uL_min,current_A,0.02879695649270153,0.08000916816739556
357,flow_rate_uL_min,current_A,0.07042616500555998,0.07398189206119911
358,flow_rate_uL_min,current_A,-0.0008146312901515795,0.06118096298862234
359,flow_rate_uL_min,current_A,0.0005323697072419087,0.07324675118539654
360,flow_rate_uL_min,current_A,0.08242595205336689,0.06439665335911836
361,flow_rate_uL_min,current_A,0.1543932979127428,0.06937899969516813
362,flow_rate_uL_min,current_A,0.03039852752902472,0.062128152052452174
363,flow_rate_uL_min,current_A,0.22415224846450021,0.06755430795539283
364,flow_rate_uL_min,current_A,0.1840912543232881,0.0674721203049292
365,flow_rate_uL_min,current_A,0.14272089381246789,0.05993547595003327
366,flow_rate_uL_min,current_A,0.10892937796336466,0.08063870199084805
367,flow_rate_uL_min,current_A,0.02776867533742966,0.052137998297093806
368,flow_rate_uL_min,current_A,0.047668125257477434,0.06348579572488755
369,flow_rate_uL_min,current_A,0.1526114133650892,0.05621779053096442
370,flow_rate_uL_min,current_A,0.059709016043201446,0.07018598795782754
371,flow_rate_uL_min,current_A,0.05450851650382904,0.06191863346295348
372,flow_rate_uL_min,current_A,0.10162453336480204,0.06425926811944647
373,flow_rate_uL_min,current_A,0.1200981644378516,0.06483541768026495
374,flow_rate_uL_min,current_A,0.17538079752837565,0.061094866800175444
375,flow_rate_uL_min,current_A,0.08229089617301544,0.06463225041377908
376,flow_rate_uL_min,current_A,0.10772673487218898,0.06764478191326594
377,flow_rate_uL_min,current_A,0.010252632002427542,0.06459832278711872
378,flow_rate_uL_min,current_A,0.08641011721871594,0.06639657985361996
379,flow_rate_uL_min,current_A,0.13936831514302117,0.05453106393907233
380,flow_rate_uL_min,current_A,0.04720432897168081,0.0664478698434482
381,flow_rate_uL_min,current_A,0.08547896016740697,0.0609621412586603
382,flow_rate_uL_min,current_A,-0.0033147907899069295,0.06662770160279645
383,flow_rate_uL_min,current_A,0.1587698117678472,0.06698667805352915
384,flow_rate_uL_min,current_A,0.11831647288655922,0.06922223688280595
385,flow_rate_uL_min,current_A,0.04305690436016307,0.06849470211852858
386,flow_rate_uL_min,current_A,0.12929696233106003,0.06287070070497681
387,flow_rate_uL_min,current_A,0.13852037167213793,0.0700299341924392
388,flow_rate_uL_min,current_A,0.2162327655872598,0.06384079945156597
389,flow_rate_uL_min,current_A,0.017007845864090876,0.06695835206212716
390,flow_rate_uL_min,current_A,0.0842378290775514,0.06640755620880977
391,flow_rate_uL_min,current_A,0.10991633778761944,0.07134564402240844
392,flow_rate_uL_min,current_A,0.03206356580863412,0.0502060395392379
393,flow_rate_uL_min,current_A,0.1549134060701095,0.07283601978165859
394,flow_rate_uL_min,current_A,0.11777693773697528,0.060061749270374595
395,flow_rate_uL_min,current_A,0.08005330769852426,0.07318685046171959
396,flow_rate_uL_min,current_A,0.06410650175801735,0.06562631971804603
397,flow_rate_uL_min,current_A,-0.04669243994894523,0.06467920299621663
398,flow_rate_uL_min,current_A,0.20464678956357374,0.06869560144957682
399,flow_rate_uL_min,current_A,0.06980362798039208,0.07612167586953118
400,flow_rate_uL_min,current_A,0.08293677321111892,0.06713280310624097
401,flow_rate_uL_min,current_A,0.20236186913212306,0.07310506072546702
402,flow_rate_uL_min,current_A,0.040305104996995356,0.07519530041184487
403,flow_rate_uL_min,current_A,0.09903757542019764,0.061065211288346265
404,flow_rate_uL_min,current_A,0.0013562995124652977,0.07791306870014805
405,flow_rate_uL_min,current_A,0.1312513612167242,0.06319866772400536
406,flow_rate_uL_min,current_A,0.04043101798124127,0.06554199989280571
407,flow_rate_uL_min,current_A,0.08479128621069121,0.067082663847581
408,flow_rate_uL_min,current_A,0.06874601985505724,0.07286420077880768
409,flow_rate_uL_min,current_A,0.15175780792085125,0.05765163166556807
410,flow_rate_uL_min,current_A,0.03790438666971652,0.05789349720259508
411,flow_rate_uL_min,current_A,-0.02381873726577166,0.06474753342787033
412,flow_rate_uL_min,current_A,0.08925769564509034,0.06698913969337113
413,flow_rate_uL_min,current_A,0.10560417020459245,0.06941876669921214
414,flow_rate_uL_min,current_A,0.06201847507047409,0.0635212711080072
415,flow_rate_uL_min,current_A,0.14156697286805742,0.0655371669758961
416,flow_rate_uL_min,current_A,0.06063443367338217,0.05620955394309143
417,flow_rate_uL_min,current_A,0.21719938489304336,0.08913285945993732
418,flow_rate_uL_min,current_A,0.11832210465000026,0.05681814453470919
419,flow_rate_uL_min,current_A,0.12779769729602686,0.0618127875702269
420,flow_rate_uL_min,current_A,0.11586961404224583,0.06238724866507776
421,flow_rate_uL_min,current_A,-0.03833061586440034,0.0670705238106077
422,flow_rate_uL_min,current_A,0.15766617282380613,0.0791204060962523
423,flow_rate_uL_min,current_A,0.1009203372213151,0.07077574321789233
424,flow_rate_uL_min,current_A,0.11611710863629121,0.06393800357039926
425,flow_rate_uL_min,current_A,0.05246536501596133,0.06465845729108625
426,flow_rate_uL_min,current_A,0.1523892724010868,0.0679413598952278
427,flow_rate_uL_min,current_A,0.038192054853198765,0.07129297599583777
428,flow_rate_uL_min,current_A,0.08401461506403429,0.058019436232045786
429,flow_rate_uL_min,current_A,0.07503351771704347,0.07048647428947105
430,flow_rate_uL_min,current_A,0.11598846226873416,0.06064772270668795
431,flow_rate_uL_min,current_A,0.07703965212582808,0.06941090611687657
432,flow_rate_uL_min,current_A,0.11105537920254915,0.06498293669623782
433,flow_rate_uL_min,current_A,0.10180591846894127,0.060710363238044435
434,flow_rate_uL_min,current_A,0.11278582156439843,0.06959872812375653
435,flow_rate_uL_min,current_A,0.04279146767261033,0.07717228631693482
436,flow_rate_uL_min,current_A,0.1725062931419814,0.06666716500466344
437,flow_rate_uL_min,current_A,0.0806705602324187,0.0693923156060608
438,flow_rate_uL_min,current_A,0.1465546056593422,0.07991561151558883
439,flow_rate_uL_min,current_A,0.06531568686363287,0.05609058658214739
440,flow_rate_uL_min,current_A,0.10231428423246125,0.061320599616808996
441,flow_rate_uL_min,current_A,0.09453011896005103,0.06875555062420075
442,flow_rate_uL_min,current_A,0.0015100142658242,0.07063620856819898
443,flow_rate_uL_min,current_A,0.05699113834208125,0.06371780595698918
444,flow_rate_uL_min,current_A,0.057504124097567555,0.0669404210608621
445,flow_rate_uL_min,current_A,0.09486248757186977,0.07024181829568327
446,flow_rate_uL_min,current_A,0.1625390349714212,0.07373419897153158
447,flow_rate_uL_min,current_A,0.0832287681706777,0.06924290444314418
448,flow_rate_uL_min,current_A,0.050955535535131324,0.06412567131396125
449,flow_rate_uL_min,current_A,0.03432697964786413,0.06355582926060228
450,flow_rate_uL_min,current_A,0.0281802337573398,0.0679511118914299
451,flow_rate_uL_min,current_A,0.180812839637839,0.06634941426472464
452,flow_rate_uL_min,current_A,0.012093048739743595,0.08433032405678614
453,flow_rate_uL_min,current_A,0.01304707320604015,0.06612063904574919
454,flow_rate_uL_min,current_A,0.06856862927682772,0.06512512657716056
455,flow_rate_uL_min,current_A,0.14304160638072483,0.06286977647684529
456,flow_rate_uL_min,current_A,0.0977397908119283,0.06958877278168166
457,flow_rate_uL_min,current_A,0.0756618774101443,0.06678341227647615
458,flow_rate_uL_min,current_A,0.01544942133408611,0.07030903203569826
459,flow_rate_uL_min,current_A,0.06781286910136186,0.06645054699839346
460,flow_rate_uL_min,current_A,0.058005437800166315,0.06772353070977634
461,flow_rate_uL_min,current_A,0.12576286976100803,0.06531994664594501
462,flow_rate_uL_min,current_A,0.07066107547218836,0.06759726525161751
463,flow_rate_uL_min,current_A,0.13642585508300287,0.060583794503841173
464,flow_rate_uL_min,current_A,0.11857614007143524,0.07485205628703011
465,flow_rate_uL_min,current_A,0.0882026377259959,0.08717552433172676
466,flow_rate_uL_min,current_A,0.01887176394769563,0.06819550182000847
467,flow_rate_uL_min,current_A,0.06819898475195307,0.07164712037313312
468,flow_rate_uL_min,current_A,0.015094197034966617,0.05814214515818234
469,flow_rate_uL_min,current_A,-0.00013141292744167643,0.06971052349571952
470,flow_rate_uL_min,current_A,0.0682136058089231,0.07134363507151424
471,flow_rate_uL_min,current_A,0.05968816270989308,0.06702227560815523
472,flow_rate_uL_min,current_A,0.15388256531666955,0.06948088336959841
473,flow_rate_uL_min,current_A,0.058854862917801065,0.06185002312487842
474,flow_rate_uL_min,current_A,0.09215200093355547,0.07025017061892042
475,flow_rate_uL_min,current_A,0.13114941014670967,0.06564837749806306
476,flow_rate_uL_min,current_A,0.021141435132422948,0.058979687823242484
477,flow_rate_uL_min,current_A,0.11586086765423753,0.06819601324636919
478,flow_rate_uL_min,current_A,0.18539423152218293,0.06549996710488809
479,flow_rate_uL_min,current_A,0.1214852819966511,0.06802161904676979
480,flow_rate_uL_min,current_A,0.15552436565114502,0.06699335409630851
481,flow_rate_uL_min,current_A,-0.007039357191698681,0.06687337046239657
482,flow_rate_uL_min,current_A,0.10115244344377727,0.07062096199590316
483,flow_rate_uL_min,current_A,0.12742509891130382,0.07091761621251402
484,flow_rate_uL_min,current_A,0.06345283368836052,0.06928194519565477
485,flow_rate_uL_min,current_A,0.01978985633974173,0.0675258186485897
486,flow_rate_uL_min,current_A,0.1044343946601749,0.07131654827209603
487,flow_rate_uL_min,current_A,0.09742135951505171,0.06523133887870818
488,flow_rate_uL_min,current_A,0.058517275454335604,0.06416581677219554
489,flow_rate_uL_min,current_A,0.14157411507733209,0.07187789094168483
490,flow_rate_uL_min,current_A,0.058719864204414995,0.0696688174196017
491,flow_rate_uL_min,current_A,-0.0016336462672859042,0.06643602129154888
492,flow_rate_uL_min,current_A,0.07443322819174891,0.0537792444953923
493,flow_rate_uL_min,current_A,0.13062627438408936,0.06210924940382635
494,flow_rate_uL_min,current_A,-0.007287173537448899,0.06999440570961334
495,flow_rate_uL_min,current_A,0.06090250103038031,0.06870842008220276
496,flow_rate_uL_min,current_A,0.04019010683092228,0.07591519948148388
497,flow_rate_uL_min,current_A,0.06502117590906209,0.07234671609299681
498,flow_rate_uL_min,current_A,0.06939100478766536,0.06845249371522105
499,flow_rate_uL_min,current_A,0.09324835927896313,0.06177144832937878
0,flow_rate_uL_min,STY_assumed_product_kg_m3_day,0.02706652567238932,0.03356277869788207
1,flow_rate_uL_min,STY_assumed_product_kg_m3_day,0.09839564788323973,0.04657298965911836
2,flow_rate_uL_min,STY_assumed_product_kg_m3_day,0.15880649296818217,0.042694195020864016
3,flow_rate_uL_min,STY_assumed_product_kg_m3_day,0.0652949245661405,0.04246372275804073
4,flow_rate_uL_min,STY_assumed_product_kg_m3_day,-0.07357833093742827,0.04408191099843303
5,flow_rate_uL_min,STY_assumed_product_kg_m3_day,0.08904553485919009,0.04652068768580829
6,flow_rate_uL_min,STY_assumed_product_kg_m3_day,0.13254801571511088,0.040564659375809275
7,flow_rate_uL_min,STY_assumed_product_kg_m3_day,0.06999935247369815,0.048798146903525484
8,flow_rate_uL_min,STY_assumed_product_kg_m3_day,0.2826720917166329,0.04504011807645452
9,flow_rate_uL_min,STY_assumed_product_kg_m3_day,0.12267366466922469,0.0370774148762764
10,flow_rate_uL_min,STY_assumed_product_kg_m3_day,0.007475213449588236,0.04719666460836433
11,flow_rate_uL_min,STY_assumed_product_kg_m3_day,0.12620205463899103,0.04105159798505459
12,flow_rate_uL_min,STY_assumed_product_kg_m3_day,-0.06236647316949462,0.04492132594702311
13,flow_rate_uL_min,STY_assumed_product_kg_m3_day,0.062231465652282325,0.050355159713952685
14,flow_rate_uL_min,STY_assumed_product_kg_m3_day,-0.023969475413897934,0.044873249850312866
15,flow_rate_uL_min,STY_assumed_product_kg_m3_day,0.10313688037722724,0.043083246316763676
16,flow_rate_uL_min,STY_assumed_product_kg_m3_day,0.14077714930132967,0.04409157493220337
17,flow_rate_uL_min,STY_assumed_product_kg_m3_day,0.06291803706340426,0.04075745308412392
18,flow_rate_uL_min,STY_assumed_product_kg_m3_day,0.03886711903551088,0.041940665551101
19,flow_rate_uL_min,STY_assumed_product_kg_m3_day,0.08494474901526483,0.05047661255270154
20,flow_rate_uL_min,STY_assumed_product_kg_m3_day,0.010790470412298192,0.0379593677748137
21,flow_rate_uL_min,STY_assumed_product_kg_m3_day,-0.01210847269691473,0.0415676981232132
22,flow_rate_uL_min,STY_assumed_product_kg_m3_day,0.026926028745792197,0.03922916203097908
23,flow_rate_uL_min,STY_assumed_product_kg_m3_day,0.025536306274426934,0.03891050110097464
24,flow_rate_uL_min,STY_assumed_product_kg_m3_day,0.07685205582607746,0.03796004606044924
25,flow_rate_uL_min,STY_assumed_product_kg_m3_day,0.02370449188532775,0.03711310207157945
26,flow_rate_uL_min,STY_assumed_product_kg_m3_day,0.14800398490918132,0.03653721143121089
27,flow_rate_uL_min,STY_assumed_product_kg_m3_day,-0.04801393949362298,0.03917230644964557
28,flow_rate_uL_min,STY_assumed_product_kg_m3_day,0.07197714265640509,0.04712005864805035
29,flow_rate_uL_min,STY_assumed_product_kg_m3_day,0.05516443814785332,0.04887349195294468
30,flow_rate_uL_min,STY_assumed_product_kg_m3_day,0.1430105368099398,0.04533548639686361
31,flow_rate_uL_min,STY_assumed_product_kg_m3_day,0.03985734715124656,0.046482117083478595
32,flow_rate_uL_min,STY_assumed_product_kg_m3_day,0.0293059762011616,0.04325815772230173
33,flow_rate_uL_min,STY_assumed_product_kg_m3_day,0.010061954357137193,0.04599687766793548
34,flow_rate_uL_min,STY_assumed_product_kg_m3_day,0.002413913500410758,0.0446522182772409
35,flow_rate_uL_min,STY_assumed_product_kg_m3_day,-0.08046578946711613,0.04080671938619479
36,flow_rate_uL_min,STY_assumed_product_kg_m3_day,0.1384062191300065,0.04654360114775804
37,flow_rate_uL_min,STY_assumed_product_kg_m3_day,-0.09228240520720088,0.039801753025210156
38,flow_rate_uL_min,STY_assumed_product_kg_m3_day,0.07855788166225097,0.037413609509679764
39,flow_rate_uL_min,STY_assumed_product_kg_m3_day,-0.005769170404379631,0.03756789106330024
40,flow_rate_uL_min,STY_assumed_product_kg_m3_day,0.052308408654015426,0.03962101055153103
41,flow_rate_uL_min,STY_assumed_product_kg_m3_day,0.05448395644854076,0.035879476721839186
42,flow_rate_uL_min,STY_assumed_product_kg_m3_day,0.10458834823276364,0.051482217020325245
43,flow_rate_uL_min,STY_assumed_product_kg_m3_day,0.09628919909511191,0.04057681444767113
44,flow_rate_uL_min,STY_assumed_product_kg_m3_day,0.01700653112714079,0.03404808321319883
45,flow_rate_uL_min,STY_assumed_product_kg_m3_day,0.1154653269535787,0.05270103789357355
46,flow_rate_uL_min,STY_assumed_product_kg_m3_day,0.06632934265065371,0.03853637582903775
47,flow_rate_uL_min,STY_assumed_product_kg_m3_day,0.09070538322433219,0.035743980368606626
48,flow_rate_uL_min,STY_assumed_product_kg_m3_day,0.04595253193035642,0.04110128638689276
49,flow_rate_uL_min,STY_assumed_product_kg_m3_day,0.061839050945700635,0.03799067411356782
50,flow_rate_uL_min,STY_assumed_product_kg_m3_day,0.23408459420037442,0.03700565743522126
51,flow_rate_uL_min,STY_assumed_product_kg_m3_day,-0.06722971211143292,0.04317982593034716
52,flow_rate_uL_min,STY_assumed_product_kg_m3_day,0.148852965769241,0.044032760554570255
53,flow_rate_uL_min,STY_assumed_product_kg_m3_day,0.055780833137651586,0.037680414925317325
54,flow_rate_uL_min,STY_assumed_product_kg_m3_day,0.10411255619156734,0.037258628011493794
55,flow_rate_uL_min,STY_assumed_product_kg_m3_day,0.13625724597671474,0.03264471709676107
56,flow_rate_uL_min,STY_assumed_product_kg_m3_day,-0.04792946608804871,0.043237899011413894
57,flow_rate_uL_min,STY_assumed_product_kg_m3_day,-0.0012577064426000373,0.04474897720706495
58,flow_rate_uL_min,STY_assumed_product_kg_m3_day,0.11754509909744437,0.04467468167736763
59,flow_rate_uL_min,STY_assumed_product_kg_m3_day,0.1285143308726615,0.03980547353070975
60,flow_rate_uL_min,STY_assumed_product_kg_m3_day,0.12131857949022284,0.03531874833722958
61,flow_rate_uL_min,STY_assumed_product_kg_m3_day,0.07530158052690616,0.04013181633577957
62,flow_rate_uL_min,STY_assumed_product_kg_m3_day,0.06575655608615327,0.03578764678049256
63,flow_rate_uL_min,STY_assumed_product_kg_m3_day,-0.061250599993493804,0.050290812301859764
64,flow_rate_uL_min,STY_assumed_product_kg_m3_day,-0.0017522886110032942,0.038436404294837
65,flow_rate_uL_min,STY_assumed_product_kg_m3_day,-0.02377668661418242,0.036667624372336304
66,flow_rate_uL_min,STY_assumed_product_kg_m3_day,-0.02710902612185806,0.04096745144311979
67,flow_rate_uL_min,STY_assumed_product_kg_m3_day,-0.006530712021335816,0.04740030524435918
68,flow_rate_uL_min,STY_assumed_product_kg_m3_day,0.037366630809697154,0.048957567065184636
69,flow_rate_uL_min,STY_assumed_product_kg_m3_day,-0.002469444862612802,0.04175463034122095
70,flow_rate_uL_min,STY_assumed_product_kg_m3_day,0.021672059033734814,0.05231555902588856
71,flow_rate_uL_min,STY_assumed_product_kg_m3_day,0.028915098885422763,0.03440631167174311
72,flow_rate_uL_min,STY_assumed_product_kg_m3_day,0.05086318742424467,0.04156641087934308
73,flow_rate_uL_min,STY_assumed_product_kg_m3_day,-0.008273092988806852,0.04966848178851717
74,flow_rate_uL_min,STY_assumed_product_kg_m3_day,-0.06040297364636604,0.0389517567501394
75,flow_rate_uL_min,STY_assumed_product_kg_m3_day,0.011368794706037355,0.03969395861157303
76,flow_rate_uL_min,STY_assumed_product_kg_m3_day,0.03619558130307865,0.03915897594846308
77,flow_rate_uL_min,STY_assumed_product_kg_m3_day,0.1138788058722201,0.038373895342207115
78,flow_rate_uL_min,STY_assumed_product_kg_m3_day,0.1349111562721369,0.038604706767814315
79,flow_rate_uL_min,STY_assumed_product_kg_m3_day,-0.05221359494453126,0.0508344732824281
80,flow_rate_uL_min,STY_assumed_product_kg_m3_day,0.052201463891392685,0.03957284416047413
81,flow_rate_uL_min,STY_assumed_product_kg_m3_day,0.04410997289363694,0.040572301002740556
82,flow_rate_uL_min,STY_assumed_product_kg_m3_day,-0.005138322582406651,0.040478190133670044
83,flow_rate_uL_min,STY_assumed_product_kg_m3_day,0.08440280184425131,0.0466085412090559
84,flow_rate_uL_min,STY_assumed_product_kg_m3_day,0.02874370980230212,0.03715841817665451
85,flow_rate_uL_min,STY_assumed_product_kg_m3_day,0.15690797347031338,0.05284830877485024
86,flow_rate_uL_min,STY_assumed_product_kg_m3_day,0.009437824767477898,0.042347228773116787
87,flow_rate_uL_min,STY_assumed_product_kg_m3_day,0.06673884443968947,0.03975284679362779
88,flow_rate_uL_min,STY_assumed_product_kg_m3_day,0.12056002456963089,0.037485042149507194
89,flow_rate_uL_min,STY_assumed_product_kg_m3_day,0.12088887294283057,0.042773927903678906
90,flow_rate_uL_min,STY_assumed_product_kg_m3_day,0.04180170815247719,0.0372690532733512
91,flow_rate_uL_min,STY_assumed_product_kg_m3_day,0.0006125243102225175,0.03694785525469341
92,flow_rate_uL_min,STY_assumed_product_kg_m3_day,-0.010013831206124646,0.04091821225031666
93,flow_rate_uL_min,STY_assumed_product_kg_m3_day,-0.06043847136766467,0.037674074651619274
94,flow_rate_uL_min,STY_assumed_product_kg_m3_day,0.04361121741840912,0.04326444290855687
95,flow_rate_uL_min,STY_assumed_product_kg_m3_day,0.0551272598249265,0.03916699978119901
96,flow_rate_uL_min,STY_assumed_product_kg_m3_day,0.13120483509522662,0.04202196493122729
97,flow_rate_uL_min,STY_assumed_product_kg_m3_day,0.025256099139479127,0.03940296985947962
98,flow_rate_uL_min,STY_assumed_product_kg_m3_day,0.04568835636349289,0.04511591422108349
99,flow_rate_uL_min,STY_assumed_product_kg_m3_day,0.1354167601051851,0.04384488492867749
100,flow_rate_uL_min,STY_assumed_product_kg_m3_day,0.03352684313984955,0.04356425434988593
101,flow_rate_uL_min,STY_assumed_product_kg_m3_day,0.08224792831785033,0.03816032915733765
102,flow_rate_uL_min,STY_assumed_product_kg_m3_day,0.09786711280790916,0.0409301769294302
103,flow_rate_uL_min,STY_assumed_product_kg_m3_day,0.056491782274736946,0.03784112041963595
104,flow_rate_uL_min,STY_assumed_product_kg_m3_day,-0.01064780295459733,0.042529779175673375
105,flow_rate_uL_min,STY_assumed_product_kg_m3_day,0.08703463261771516,0.03786238270556525
106,flow_rate_uL_min,STY_assumed_product_kg_m3_day,0.06043582391222302,0.03782926250696717
107,flow_rate_uL_min,STY_assumed_product_kg_m3_day,0.08924876843207907,0.045452258262878305
108,flow_rate_uL_min,STY_assumed_product_kg_m3_day,0.09933120498968018,0.04350782296086321
109,flow_rate_uL_min,STY_assumed_product_kg_m3_day,0.021423891233446235,0.038855825581762544
110,flow_rate_uL_min,STY_assumed_product_kg_m3_day,0.0640168697043837,0.04028305933548186
111,flow_rate_uL_min,STY_assumed_product_kg_m3_day,-0.0031196336357275367,0.05041040682276756
112,flow_rate_uL_min,STY_assumed_product_kg_m3_day,0.08998378221838232,0.05069029163138055
113,flow_rate_uL_min,STY_assumed_product_kg_m3_day,0.032853635979883,0.034478398328176375
114,flow_rate_uL_min,STY_assumed_product_kg_m3_day,0.026243051733649825,0.049892955935478885
115,flow_rate_uL_min,STY_assumed_product_kg_m3_day,0.05986704760790795,0.03895731869283296
116,flow_rate_uL_min,STY_assumed_product_kg_m3_day,0.06364927163572864,0.0316578534586525
117,flow_rate_uL_min,STY_assumed_product_kg_m3_day,-0.1334079345139083,0.046112644054152434
118,flow_rate_uL_min,STY_assumed_product_kg_m3_day,0.05427421941843402,0.03619656281671294
119,flow_rate_uL_min,STY_assumed_product_kg_m3_day,0.1590664931357194,0.040308851202464004
120,flow_rate_uL_min,STY_assumed_product_kg_m3_day,0.10485032053477517,0.04360737518578075
121,flow_rate_uL_min,STY_assumed_product_kg_m3_day,0.013790514032131829,0.043128595505487866
122,flow_rate_uL_min,STY_assumed_product_kg_m3_day,0.09330409509041349,0.039434931848880174
123,flow_rate_uL_min,STY_assumed_product_kg_m3_day,-0.016484727721773673,0.035361925197042364
124,flow_rate_uL_min,STY_assumed_product_kg_m3_day,0.04590074685731205,0.045788416522962366
125,flow_rate_uL_min,STY_assumed_product_kg_m3_day,0.1132012210504112,0.04112184830685411
126,flow_rate_uL_min,STY_assumed_product_kg_m3_day,0.0024847219269572562,0.042962188003846005
127,flow_rate_uL_min,STY_assumed_product_kg_m3_day,0.11635789210193659,0.03727631522580283
128,flow_rate_uL_min,STY_assumed_product_kg_m3_day,0.02267743470373662,0.047030159395433424
129,flow_rate_uL_min,STY_assumed_product_kg_m3_day,0.05533969629601887,0.03775853662454196
130,flow_rate_uL_min,STY_assumed_product_kg_m3_day,0.10096431215939106,0.03773846669656846
131,flow_rate_uL_min,STY_assumed_product_kg_m3_day,0.06985280272200411,0.03876307759244795
132,flow_rate_uL_min,STY_assumed_product_kg_m3_day,0.09387532541478882,0.04255710489278066
133,flow_rate_uL_min,STY_assumed_product_kg_m3_day,0.10024592003083499,0.04140132942575816
134,flow_rate_uL_min,STY_assumed_product_kg_m3_day,0.015411062670399489,0.04207040184856612
135,flow_rate_uL_min,STY_assumed_product_kg_m3_day,0.0735705358719797,0.046484120770250555
136,flow_rate_uL_min,STY_assumed_product_kg_m3_day,-0.052065128692979634,0.03966363855670229
137,flow_rate_uL_min,STY_assumed_product_kg_m3_day,0.05599272238153208,0.04538019381191191
138,flow_rate_uL_min,STY_assumed_product_kg_m3_day,-0.0038859695689690277,0.038364428203138796
139,flow_rate_uL_min,STY_assumed_product_kg_m3_day,0.13673765417048145,0.035908873651505004
140,flow_rate_uL_min,STY_assumed_product_kg_m3_day,0.028865862602643455,0.02971055955007965
141,flow_rate_uL_min,STY_assumed_product_kg_m3_day,0.0667793873419047,0.03478089771258775
142,flow_rate_uL_min,STY_assumed_product_kg_m3_day,0.08404905265444451,0.0338137555930487
143,flow_rate_uL_min,STY_assumed_product_kg_m3_day,0.023052374432744882,0.04122639685460381
144,flow_rate_uL_min,STY_assumed_product_kg_m3_day,0.10744199548852917,0.04309397577804911
145,flow_rate_uL_min,STY_assumed_product_kg_m3_day,0.13224267113317412,0.03791298822648718
146,flow_rate_uL_min,STY_assumed_product_kg_m3_day,-0.09434900895043352,0.038862829224842826
147,flow_rate_uL_min,STY_assumed_product_kg_m3_day,0.005024603486102008,0.0395898494359047
148,flow_rate_uL_min,STY_assumed_product_kg_m3_day,0.045629997097840436,0.03662902339676266
149,flow_rate_uL_min,STY_assumed_product_kg_m3_day,-0.07622327747374436,0.0428726022149634
150,flow_rate_uL_min,STY_assumed_product_kg_m3_day,0.0621584162736486,0.04967273823349379
151,flow_rate_uL_min,STY_assumed_product_kg_m3_day,0.06840031675889513,0.037539283919702064
152,flow_rate_uL_min,STY_assumed_product_kg_m3_day,0.09941763315512664,0.03800857013247514
153,flow_rate_uL_min,STY_assumed_product_kg_m3_day,-0.02391482101816278,0.04407038835778601
154,flow_rate_uL_min,STY_assumed_product_kg_m3_day,-0.025921581060660337,0.037668888291282614
155,flow_rate_uL_min,STY_assumed_product_kg_m3_day,0.10622822647820085,0.047659810858893696
156,flow_rate_uL_min,STY_assumed_product_kg_m3_day,-0.04463535571263133,0.03643431620135715
157,flow_rate_uL_min,STY_assumed_product_kg_m3_day,0.07257386015301992,0.03886597773018258
158,flow_rate_uL_min,STY_assumed_product_kg_m3_day,0.020818507364221195,0.04435157251605303
159,flow_rate_uL_min,STY_assumed_product_kg_m3_day,0.0878746581898967,0.03966740030141585
160,flow_rate_uL_min,STY_assumed_product_kg_m3_day,-0.006118346665600072,0.039621654754619554
161,flow_rate_uL_min,STY_assumed_product_kg_m3_day,0.15815175014837513,0.03609945511318591
162,flow_rate_uL_min,STY_assumed_product_kg_m3_day,0.13646237765553748,0.04200264795718157
163,flow_rate_uL_min,STY_assumed_product_kg_m3_day,0.06078020830885422,0.045773381481579625
164,flow_rate_uL_min,STY_assumed_product_kg_m3_day,0.12787663703279495,0.039972870182637246
165,flow_rate_uL_min,STY_assumed_product_kg_m3_day,0.05965808815181839,0.04386069126405257
166,flow_rate_uL_min,STY_assumed_product_kg_m3_day,0.007032569044514214,0.04294688663805217
167,flow_rate_uL_min,STY_assumed_product_kg_m3_day,0.10101781853863523,0.04678601174206341
168,flow_rate_uL_min,STY_assumed_product_kg_m3_day,0.04335903698967869,0.03855787630199446
169,flow_rate_uL_min,STY_assumed_product_kg_m3_day,0.11883824412935318,0.047199358468448666
170,flow_rate_uL_min,STY_assumed_product_kg_m3_day,0.03263501216512599,0.046743668982632026
171,flow_rate_uL_min,STY_assumed_product_kg_m3_day,0.18032328145365428,0.034710305922659154
172,flow_rate_uL_min,STY_assumed_product_kg_m3_day,0.07820963380179657,0.04528345105680432
173,flow_rate_uL_min,STY_assumed_product_kg_m3_day,0.06088086069553633,0.036092059170157106
174,flow_rate_uL_min,STY_assumed_product_kg_m3_day,0.17509157860522484,0.043345846745455045
175,flow_rate_uL_min,STY_assumed_product_kg_m3_day,0.03548600351083231,0.04689575091189675
176,flow_rate_uL_min,STY_assumed_product_kg_m3_day,0.010572389251647829,0.03883871042443308
177,flow_rate_uL_min,STY_assumed_product_kg_m3_day,0.11049960222651711,0.04412814279937395
178,flow_rate_uL_min,STY_assumed_product_kg_m3_day,-0.03807657112003149,0.04288222951253052
179,flow_rate_uL_min,STY_assumed_product_kg_m3_day,0.09328403203544533,0.04006192247544935
180,flow_rate_uL_min,STY_assumed_product_kg_m3_day,0.09550573269839857,0.04272625956831459
181,flow_rate_uL_min,STY_assumed_product_kg_m3_day,0.00875172264292301,0.043627573100218635
182,flow_rate_uL_min,STY_assumed_product_kg_m3_day,0.14824600445840463,0.0398783834369047
183,flow_rate_uL_min,STY_assumed_product_kg_m3_day,0.09061683303227441,0.041182588199619355
184,flow_rate_uL_min,STY_assumed_product_kg_m3_day,-0.008549669952409245,0.03836629258426256
185,flow_rate_uL_min,STY_assumed_product_kg_m3_day,0.08093374794935682,0.035278702735013115
186,flow_rate_uL_min,STY_assumed_product_kg_m3_day,0.005902856819215541,0.04742218470073438
187,flow_rate_uL_min,STY_assumed_product_kg_m3_day,0.059389518080713244,0.041891541210818055
188,flow_rate_uL_min,STY_assumed_product_kg_m3_day,-0.01549943500582529,0.04030566500391606
189,flow_rate_uL_min,STY_assumed_product_kg_m3_day,-0.004653512254729986,0.035737238329220024
190,flow_rate_uL_min,STY_assumed_product_kg_m3_day,0.07651071398585618,0.041738896636062645
191,flow_rate_uL_min,STY_assumed_product_kg_m3_day,0.13812015996013338,0.03943752614577977
192,flow_rate_uL_min,STY_assumed_product_kg_m3_day,-0.05766432389585052,0.03746700334250129
193,flow_rate_uL_min,STY_assumed_product_kg_m3_day,-0.03595417519272992,0.04182114476516298
194,flow_rate_uL_min,STY_assumed_product_kg_m3_day,0.06982311805416186,0.04043442324566144
195,flow_rate_uL_min,STY_assumed_product_kg_m3_day,0.13083704664597162,0.035791281625688856
196,flow_rate_uL_min,STY_assumed_product_kg_m3_day,0.03511718820554699,0.038561863454438565
197,flow_rate_uL_min,STY_assumed_product_kg_m3_day,0.002831204463854209,0.04429497883722771
198,flow_rate_uL_min,STY_assumed_product_kg_m3_day,0.2087557929993158,0.04205293794030194
199,flow_rate_uL_min,STY_assumed_product_kg_m3_day,0.08241830069122824,0.045856313744994014
200,flow_rate_uL_min,STY_assumed_product_kg_m3_day,0.03931834933407097,0.035147495254050844
201,flow_rate_uL_min,STY_assumed_product_kg_m3_day,0.14910784763108775,0.0378965853122972
202,flow_rate_uL_min,STY_assumed_product_kg_m3_day,0.02637479312519253,0.04072369559800888
203,flow_rate_uL_min,STY_assumed_product_kg_m3_day,0.1298602635860432,0.04304108199999529
204,flow_rate_uL_min,STY_assumed_product_kg_m3_day,0.04611641313714365,0.03363520053765181
205,flow_rate_uL_min,STY_assumed_product_kg_m3_day,0.06691855747852482,0.04312760030097712
206,flow_rate_uL_min,STY_assumed_product_kg_m3_day,0.12600689900187056,0.04079606657635807
207,flow_rate_uL_min,STY_assumed_product_kg_m3_day,0.06215537185445996,0.03591560181176054
208,flow_rate_uL_min,STY_assumed_product_kg_m3_day,0.09430513611367464,0.03946967129079822
209,flow_rate_uL_min,STY_assumed_product_kg_m3_day,0.0343507419421436,0.03839825373310791
210,flow_rate_uL_min,STY_assumed_product_kg_m3_day,0.035824533341333065,0.04571062989344121
211,flow_rate_uL_min,STY_assumed_product_kg_m3_day,-0.083123230957318,0.04159901307885234
212,flow_rate_uL_min,STY_assumed_product_kg_m3_day,0.030320673186840175,0.0420064979484585
213,flow_rate_uL_min,STY_assumed_product_kg_m3_day,0.13497178643357832,0.0383521571767358
214,flow_rate_uL_min,STY_assumed_product_kg_m3_day,0.027474423825039174,0.041439267420493184
215,flow_rate_uL_min,STY_assumed_product_kg_m3_day,0.04743078708075066,0.04770257053500181
216,flow_rate_uL_min,STY_assumed_product_kg_m3_day,0.049620390244244694,0.03731222384794246
217,flow_rate_uL_min,STY_assumed_product_kg_m3_day,0.10557243601624322,0.03974272907771837
218,flow_rate_uL_min,STY_assumed_product_kg_m3_day,-0.011650382990927133,0.03579534302850775
219,flow_rate_uL_min,STY_assumed_product_kg_m3_day,-0.01021507627689533,0.04067829803518422
220,flow_rate_uL_min,STY_assumed_product_kg_m3_day,0.06086254808004776,0.044937716429312
221,flow_rate_uL_min,STY_assumed_product_kg_m3_day,0.03968102636734472,0.0443775666500923
222,flow_rate_uL_min,STY_assumed_product_kg_m3_day,0.07085926445810742,0.0375023122037454
223,flow_rate_uL_min,STY_assumed_product_kg_m3_day,0.0815934280671432,0.04063225995776614
224,flow_rate_uL_min,STY_assumed_product_kg_m3_day,0.0772514880515861,0.03716579223203515
225,flow_rate_uL_min,STY_assumed_product_kg_m3_day,0.04148663956752874,0.039237173383125684
226,flow_rate_uL_min,STY_assumed_product_kg_m3_day,-0.002134548500222433,0.036834906324893085
227,flow_rate_uL_min,STY_assumed_product_kg_m3_day,0.042156064494856094,0.03950546630289823
228,flow_rate_uL_min,STY_assumed_product_kg_m3_day,0.08098340076233312,0.04337569224496523
229,flow_rate_uL_min,STY_assumed_product_kg_m3_day,0.07710460591779811,0.04596290116080525
230,flow_rate_uL_min,STY_assumed_product_kg_m3_day,0.09979766371508281,0.03689787000094611
231,flow_rate_uL_min,STY_assumed_product_kg_m3_day,0.06877862577186855,0.04028365248350704
232,flow_rate_uL_min,STY_assumed_product_kg_m3_day,0.04714121008699956,0.04156832115993755
233,flow_rate_uL_min,STY_assumed_product_kg_m3_day,0.03344961334991148,0.03730345278590683
234,flow_rate_uL_min,STY_assumed_product_kg_m3_day,0.028782178309342488,0.04089680895463086
235,flow_rate_uL_min,STY_assumed_product_kg_m3_day,0.05224667392282478,0.044124530002598174
236,flow_rate_uL_min,STY_assumed_product_kg_m3_day,0.11199525158970192,0.04014744459142572
237,flow_rate_uL_min,STY_assumed_product_kg_m3_day,0.13968042025519434,0.04844360098437011
238,flow_rate_uL_min,STY_assumed_product_kg_m3_day,0.14240245917607364,0.045903450862811265
239,flow_rate_uL_min,STY_assumed_product_kg_m3_day,-0.0536689362454037,0.045907056138928794
240,flow_rate_uL_min,STY_assumed_product_kg_m3_day,0.07056814569050418,0.044192466576777265
241,flow_rate_uL_min,STY_assumed_product_kg_m3_day,-0.07744330246281872,0.039664769184992135
242,flow_rate_uL_min,STY_assumed_product_kg_m3_day,0.04498720259354583,0.041933320552959404
243,flow_rate_uL_min,STY_assumed_product_kg_m3_day,0.12125167493518452,0.038129491753579894
244,flow_rate_uL_min,STY_assumed_product_kg_m3_day,-0.0421192680584781,0.03833733855054246
245,flow_rate_uL_min,STY_assumed_product_kg_m3_day,-0.05602203960708119,0.04017569897144371
246,flow_rate_uL_min,STY_assumed_product_kg_m3_day,0.06493892941336665,0.03833155880551161
247,flow_rate_uL_min,STY_assumed_product_kg_m3_day,0.0869301013289947,0.03292525451764634
248,flow_rate_uL_min,STY_assumed_product_kg_m3_day,-0.009263410560354401,0.03713897864733675
249,flow_rate_uL_min,STY_assumed_product_kg_m3_day,-0.016349663638964174,0.040803186693029216
250,flow_rate_uL_min,STY_assumed_product_kg_m3_day,0.014766503486414617,0.0413307914442079
251,flow_rate_uL_min,STY_assumed_product_kg_m3_day,0.09933652202887544,0.0402039456418931
252,flow_rate_uL_min,STY_assumed_product_kg_m3_day,-0.0031604211598847964,0.041090578642974745
253,flow_rate_uL_min,STY_assumed_product_kg_m3_day,0.06817044756844248,0.0430690389345323
254,flow_rate_uL_min,STY_assumed_product_kg_m3_day,0.06274596198613835,0.04397019477932218
255,flow_rate_uL_min,STY_assumed_product_kg_m3_day,-0.04505717023320566,0.04376332289351878
256,flow_rate_uL_min,STY_assumed_product_kg_m3_day,0.09654788503553302,0.03567817845581906
257,flow_rate_uL_min,STY_assumed_product_kg_m3_day,0.07146243136517294,0.04643829995788893
258,flow_rate_uL_min,STY_assumed_product_kg_m3_day,-0.004878534834170445,0.0472884448766472
259,flow_rate_uL_min,STY_assumed_product_kg_m3_day,0.08442190642692227,0.04219916643406826
260,flow_rate_uL_min,STY_assumed_product_kg_m3_day,0.14581044514484076,0.03829968222547792
261,flow_rate_uL_min,STY_assumed_product_kg_m3_day,0.010988642649409908,0.05058143727377343
262,flow_rate_uL_min,STY_assumed_product_kg_m3_day,0.07107663058387326,0.03728320152766816
263,flow_rate_uL_min,STY_assumed_product_kg_m3_day,-0.007270481472531065,0.0417257668214777
264,flow_rate_uL_min,STY_assumed_product_kg_m3_day,-0.009499951704213583,0.04037259101317006
265,flow_rate_uL_min,STY_assumed_product_kg_m3_day,-0.0164557607911493,0.04346605558904287
266,flow_rate_uL_min,STY_assumed_product_kg_m3_day,0.13579116371714384,0.04398354907222802
267,flow_rate_uL_min,STY_assumed_product_kg_m3_day,0.012981118324400631,0.0442579001800037
268,flow_rate_uL_min,STY_assumed_product_kg_m3_day,0.023867571676543853,0.04290277849995572
269,flow_rate_uL_min,STY_assumed_product_kg_m3_day,-0.05082809841449554,0.04113006667529094
270,flow_rate_uL_min,STY_assumed_product_kg_m3_day,-0.07239422571631904,0.04332285655696596
271,flow_rate_uL_min,STY_assumed_product_kg_m3_day,0.055179706847008014,0.03655286938990408
272,flow_rate_uL_min,STY_assumed_product_kg_m3_day,0.10352479971924822,0.04270902144086318
273,flow_rate_uL_min,STY_assumed_product_kg_m3_day,0.12439337513422266,0.04262990422188894
274,flow_rate_uL_min,STY_assumed_product_kg_m3_day,0.05083348291300349,0.05496165247505934
275,flow_rate_uL_min,STY_assumed_product_kg_m3_day,-0.0018337898917100137,0.03764693651312072
276,flow_rate_uL_min,STY_assumed_product_kg_m3_day,-0.005405490246971345,0.03932526522830501
277,flow_rate_uL_min,STY_assumed_product_kg_m3_day,-0.01113490629194236,0.04645365170442607
278,flow_rate_uL_min,STY_assumed_product_kg_m3_day,0.13988512352367022,0.04348020309216966
279,flow_rate_uL_min,STY_assumed_product_kg_m3_day,-0.013578262985752154,0.05087237379953424
280,flow_rate_uL_min,STY_assumed_product_kg_m3_day,0.03804781836394633,0.044439298277104466
281,flow_rate_uL_min,STY_assumed_product_kg_m3_day,-0.025978083874007796,0.04332146960867197
282,flow_rate_uL_min,STY_assumed_product_kg_m3_day,0.13728089463834625,0.04478117660501115
283,flow_rate_uL_min,STY_assumed_product_kg_m3_day,0.09683641722981473,0.04260150961981533
284,flow_rate_uL_min,STY_assumed_product_kg_m3_day,0.012669083313540663,0.033813063573748386
285,flow_rate_uL_min,STY_assumed_product_kg_m3_day,-0.07929610334988446,0.04076729709767009
286,flow_rate_uL_min,STY_assumed_product_kg_m3_day,0.0976221551911568,0.042606087019516854
287,flow_rate_uL_min,STY_assumed_product_kg_m3_day,0.027794775803191674,0.0458122172499765
288,flow_rate_uL_min,STY_assumed_product_kg_m3_day,-0.004107705022787123,0.0400049625776006
289,flow_rate_uL_min,STY_assumed_product_kg_m3_day,0.0712968796641198,0.04174928483607646
290,flow_rate_uL_min,STY_assumed_product_kg_m3_day,0.03347727266417455,0.04330288735974406
291,flow_rate_uL_min,STY_assumed_product_kg_m3_day,0.06765304074299305,0.040371605211418166
292,flow_rate_uL_min,STY_assumed_product_kg_m3_day,0.11963417716940894,0.04161949799608149
293,flow_rate_uL_min,STY_assumed_product_kg_m3_day,0.09507242722990206,0.03349597727525615
294,flow_rate_uL_min,STY_assumed_product_kg_m3_day,0.058833352057023114,0.046556054921162264
295,flow_rate_uL_min,STY_assumed_product_kg_m3_day,-0.016047934978017153,0.040322991136395904
296,flow_rate_uL_min,STY_assumed_product_kg_m3_day,0.03773997950147945,0.04569937922833313
297,flow_rate_uL_min,STY_assumed_product_kg_m3_day,0.0698278401031559,0.040659284803518846
298,flow_rate_uL_min,STY_assumed_product_kg_m3_day,0.09321994689193291,0.037255793234877446
299,flow_rate_uL_min,STY_assumed_product_kg_m3_day,0.15839164568546793,0.041640366509112424
300,flow_rate_uL_min,STY_assumed_product_kg_m3_day,0.052578868080611074,0.034337051350355245
301,flow_rate_uL_min,STY_assumed_product_kg_m3_day,0.12618558000990887,0.037609416061185084
302,flow_rate_uL_min,STY_assumed_product_kg_m3_day,-0.0015248931895885942,0.04071489813393764
303,flow_rate_uL_min,STY_assumed_product_kg_m3_day,0.03421819941930826,0.04552222931466496
304,flow_rate_uL_min,STY_assumed_product_kg_m3_day,-0.008299311367418571,0.03861206004624771
305,flow_rate_uL_min,STY_assumed_product_kg_m3_day,0.03292709318523912,0.0439778851289933
306,flow_rate_uL_min,STY_assumed_product_kg_m3_day,-0.0006760144906665655,0.041035157246573674
307,flow_rate_uL_min,STY_assumed_product_kg_m3_day,0.15001079135241135,0.044858366985381024
308,flow_rate_uL_min,STY_assumed_product_kg_m3_day,-0.09515623130484019,0.04121162669828672
309,flow_rate_uL_min,STY_assumed_product_kg_m3_day,0.04942382174618076,0.0357029368548782
310,flow_rate_uL_min,STY_assumed_product_kg_m3_day,-0.015629857480548903,0.040038806093145786
311,flow_rate_uL_min,STY_assumed_product_kg_m3_day,0.07270269603322277,0.035416869641815146
312,flow_rate_uL_min,STY_assumed_product_kg_m3_day,0.07851313154239636,0.04394687186263426
313,flow_rate_uL_min,STY_assumed_product_kg_m3_day,-0.0019049338955761108,0.04118567282465454
314,flow_rate_uL_min,STY_assumed_product_kg_m3_day,0.12915132324131962,0.03972148307201507
315,flow_rate_uL_min,STY_assumed_product_kg_m3_day,0.07261816703043023,0.039020656995737216
316,flow_rate_uL_min,STY_assumed_product_kg_m3_day,0.04584427646744538,0.04012457853360827
317,flow_rate_uL_min,STY_assumed_product_kg_m3_day,-0.03423019547665329,0.04699752797978326
318,flow_rate_uL_min,STY_assumed_product_kg_m3_day,0.12222358652764154,0.039278725098731
319,flow_rate_uL_min,STY_assumed_product_kg_m3_day,0.05572803764494727,0.05090939508453389
320,flow_rate_uL_min,STY_assumed_product_kg_m3_day,0.037080893041230745,0.042318277073372476
321,flow_rate_uL_min,STY_assumed_product_kg_m3_day,-0.004228202730606423,0.045754427112170155
322,flow_rate_uL_min,STY_assumed_product_kg_m3_day,0.04735644297159802,0.03775625402949305
323,flow_rate_uL_min,STY_assumed_product_kg_m3_day,0.013657959286491717,0.04373371854640916
324,flow_rate_uL_min,STY_assumed_product_kg_m3_day,0.06783202677915146,0.04535751023931809
325,flow_rate_uL_min,STY_assumed_product_kg_m3_day,0.04967063025380969,0.04033085484106007
326,flow_rate_uL_min,STY_assumed_product_kg_m3_day,0.07479150418646396,0.04129378564044832
327,flow_rate_uL_min,STY_assumed_product_kg_m3_day,-0.022444298115317673,0.03799000970816375
328,flow_rate_uL_min,STY_assumed_product_kg_m3_day,0.07049269427096594,0.04088551942745363
329,flow_rate_uL_min,STY_assumed_product_kg_m3_day,-0.032387720366339634,0.04227613131459403
330,flow_rate_uL_min,STY_assumed_product_kg_m3_day,0.04472661868994943,0.042656972300755235
331,flow_rate_uL_min,STY_assumed_product_kg_m3_day,-0.019824185964884666,0.03770517300681768
332,flow_rate_uL_min,STY_assumed_product_kg_m3_day,0.044590197508791896,0.04420680085491719
333,flow_rate_uL_min,STY_assumed_product_kg_m3_day,0.005498100310334819,0.036394731052472006
334,flow_rate_uL_min,STY_assumed_product_kg_m3_day,0.11932687113177276,0.0441450499668952
335,flow_rate_uL_min,STY_assumed_product_kg_m3_day,-0.019957701385677762,0.04943082323187
336,flow_rate_uL_min,STY_assumed_product_kg_m3_day,0.12494733796244262,0.04558323274849172
337,flow_rate_uL_min,STY_assumed_product_kg_m3_day,0.07341942747744368,0.04235108938979198
338,flow_rate_uL_min,STY_assumed_product_kg_m3_day,-0.021740741116648143,0.04258814276535301
339,flow_rate_uL_min,STY_assumed_product_kg_m3_day,0.10160709309263738,0.042083633265313176
340,flow_rate_uL_min,STY_assumed_product_kg_m3_day,0.030949500187831824,0.03686676156596778
341,flow_rate_uL_min,STY_assumed_product_kg_m3_day,-0.031533434172722474,0.0494794559877521
342,flow_rate_uL_min,STY_assumed_product_kg_m3_day,-0.030131104284166543,0.040006742335961694
343,flow_rate_uL_min,STY_assumed_product_kg_m3_day,0.13406719719754312,0.038589374535140705
344,flow_rate_uL_min,STY_assumed_product_kg_m3_day,-0.08483018448997881,0.04890577033790705
345,flow_rate_uL_min,STY_assumed_product_kg_m3_day,0.06756325491395787,0.04233141111203158
346,flow_rate_uL_min,STY_assumed_product_kg_m3_day,0.11870747996750453,0.044505572074429435
347,flow_rate_uL_min,STY_assumed_product_kg_m3_day,0.07276594705640504,0.04316252577221702
348,flow_rate_uL_min,STY_assumed_product_kg_m3_day,0.1563717591770749,0.046306194214577816
349,flow_rate_uL_min,STY_assumed_product_kg_m3_day,-0.017043953415971647,0.03975030133495752
350,flow_rate_uL_min,STY_assumed_product_kg_m3_day,0.052965870759115075,0.03812999090747763
351,flow_rate_uL_min,STY_assumed_product_kg_m3_day,0.023274398390605744,0.04372144933964028
352,flow_rate_uL_min,STY_assumed_product_kg_m3_day,0.14986265629953965,0.04319723487134039
353,flow_rate_uL_min,STY_assumed_product_kg_m3_day,-0.06020744067298178,0.04000275877251664
354,flow_rate_uL_min,STY_assumed_product_kg_m3_day,0.07989718154324599,0.0453505396006169
355,flow_rate_uL_min,STY_assumed_product_kg_m3_day,0.032482620993830036,0.037723672117909765
356,flow_rate_uL_min,STY_assumed_product_kg_m3_day,0.006502434698511306,0.04849397312663756
357,flow_rate_uL_min,STY_assumed_product_kg_m3_day,0.04862656043039093,0.04648443439293325
358,flow_rate_uL_min,STY_assumed_product_kg_m3_day,0.004151259175951938,0.037912373916091376
359,flow_rate_uL_min,STY_assumed_product_kg_m3_day,-0.0038709211591374526,0.045676139180977876
360,flow_rate_uL_min,STY_assumed_product_kg_m3_day,-0.0028813028276442054,0.037445495337885173
361,flow_rate_uL_min,STY_assumed_product_kg_m3_day,0.12246246684120632,0.03923698925103252
362,flow_rate_uL_min,STY_assumed_product_kg_m3_day,-0.015590325466350974,0.036316484161733456
363,flow_rate_uL_min,STY_assumed_product_kg_m3_day,0.17424011497931147,0.04212153593357178
364,flow_rate_uL_min,STY_assumed_product_kg_m3_day,0.09705302091493262,0.03924989352032324
365,flow_rate_uL_min,STY_assumed_product_kg_m3_day,0.12733964987073243,0.034055158880490675
366,flow_rate_uL_min,STY_assumed_product_kg_m3_day,0.018333365434200388,0.05001047133899073
367,flow_rate_uL_min,STY_assumed_product_kg_m3_day,-0.08416940124211902,0.03091132701503847
368,flow_rate_uL_min,STY_assumed_product_kg_m3_day,0.07884934366943486,0.03734598678915664
369,flow_rate_uL_min,STY_assumed_product_kg_m3_day,0.09675038839310557,0.03406755211050347
370,flow_rate_uL_min,STY_assumed_product_kg_m3_day,0.01083052647245275,0.04541795315270866
371,flow_rate_uL_min,STY_assumed_product_kg_m3_day,0.08673835904089222,0.03521643911416414
372,flow_rate_uL_min,STY_assumed_product_kg_m3_day,0.05757552892927509,0.039786323581565475
373,flow_rate_uL_min,STY_assumed_product_kg_m3_day,0.08912904295887403,0.03974103075547983
374,flow_rate_uL_min,STY_assumed_product_kg_m3_day,0.15312095660725167,0.03628014726579253
375,flow_rate_uL_min,STY_assumed_product_kg_m3_day,0.0627083000862958,0.03996145628218543
376,flow_rate_uL_min,STY_assumed_product_kg_m3_day,0.041107359210829086,0.0416736859184307
377,flow_rate_uL_min,STY_assumed_product_kg_m3_day,0.03888196299041535,0.0373136956809842
378,flow_rate_uL_min,STY_assumed_product_kg_m3_day,0.08176405450087376,0.039039226125974213
379,flow_rate_uL_min,STY_assumed_product_kg_m3_day,0.1237210562570189,0.03178360071612602
380,flow_rate_uL_min,STY_assumed_product_kg_m3_day,0.038410606018723925,0.04057389682358285
381,flow_rate_uL_min,STY_assumed_product_kg_m3_day,0.10669412133621337,0.037854529009346535
382,flow_rate_uL_min,STY_assumed_product_kg_m3_day,-0.00027382708727019534,0.03939279343335834
383,flow_rate_uL_min,STY_assumed_product_kg_m3_day,0.06330938010528875,0.044096633443781265
384,flow_rate_uL_min,STY_assumed_product_kg_m3_day,0.03597438878484294,0.04378124753492794
385,flow_rate_uL_min,STY_assumed_product_kg_m3_day,-0.008033353047024017,0.03997553929577274
386,flow_rate_uL_min,STY_assumed_product_kg_m3_day,0.08272862193405772,0.03676605323539937
387,flow_rate_uL_min,STY_assumed_product_kg_m3_day,0.03837845266319595,0.044494084441126236
388,flow_rate_uL_min,STY_assumed_product_kg_m3_day,0.17931733941429873,0.04038538091734123
389,flow_rate_uL_min,STY_assumed_product_kg_m3_day,0.05506794395662251,0.03982979291275353
390,flow_rate_uL_min,STY_assumed_product_kg_m3_day,-0.005382299914359345,0.04260008355769822
391,flow_rate_uL_min,STY_assumed_product_kg_m3_day,0.04936689408246253,0.04339757967145563
392,flow_rate_uL_min,STY_assumed_product_kg_m3_day,0.0058099568868481555,0.03125067445488993
393,flow_rate_uL_min,STY_assumed_product_kg_m3_day,0.10459691823133732,0.043789315576140235
394,flow_rate_uL_min,STY_assumed_product_kg_m3_day,0.10050667559224413,0.037080642895643126
395,flow_rate_uL_min,STY_assumed_product_kg_m3_day,0.08646993743843112,0.044082411150584956
396,flow_rate_uL_min,STY_assumed_product_kg_m3_day,0.014492312729888157,0.04046791081421205
397,flow_rate_uL_min,STY_assumed_product_kg_m3_day,-0.05177701210920138,0.03855274403116856
398,flow_rate_uL_min,STY_assumed_product_kg_m3_day,0.1207999896723132,0.04518526847899696
399,flow_rate_uL_min,STY_assumed_product_kg_m3_day,0.028731014046532333,0.048202257334455115
400,flow_rate_uL_min,STY_assumed_product_kg_m3_day,0.054756318409041826,0.039285720577509176
401,flow_rate_uL_min,STY_assumed_product_kg_m3_day,0.11452520725785753,0.04560156859913328
402,flow_rate_uL_min,STY_assumed_product_kg_m3_day,-0.10331299749544587,0.04877159831918344
403,flow_rate_uL_min,STY_assumed_product_kg_m3_day,0.07982804634341467,0.03837663154966054
404,flow_rate_uL_min,STY_assumed_product_kg_m3_day,-0.04366690593271105,0.04483618624445919
405,flow_rate_uL_min,STY_assumed_product_kg_m3_day,0.08476171245252018,0.039706173377524884
406,flow_rate_uL_min,STY_assumed_product_kg_m3_day,0.04705083175303393,0.040374392435485046
407,flow_rate_uL_min,STY_assumed_product_kg_m3_day,0.01839021221162951,0.04096805268733437
408,flow_rate_uL_min,STY_assumed_product_kg_m3_day,0.06052419550173482,0.04443665216252016
409,flow_rate_uL_min,STY_assumed_product_kg_m3_day,0.14477334413510756,0.03429957889999012
410,flow_rate_uL_min,STY_assumed_product_kg_m3_day,-0.01665001190280635,0.03478220407291809
411,flow_rate_uL_min,STY_assumed_product_kg_m3_day,-0.01994256118999571,0.038395351825762446
412,flow_rate_uL_min,STY_assumed_product_kg_m3_day,0.008000502326578673,0.040719381295480646
413,flow_rate_uL_min,STY_assumed_product_kg_m3_day,0.08000617921329123,0.0414812918892077
414,flow_rate_uL_min,STY_assumed_product_kg_m3_day,0.11659110188836264,0.04076193412831031
415,flow_rate_uL_min,STY_assumed_product_kg_m3_day,0.13755588600721858,0.039674307524441434
416,flow_rate_uL_min,STY_assumed_product_kg_m3_day,0.08517461138013571,0.03269765956898734
417,flow_rate_uL_min,STY_assumed_product_kg_m3_day,0.16808004511954533,0.051771255992666694
418,flow_rate_uL_min,STY_assumed_product_kg_m3_day,0.045779201866433805,0.031405237800459895
419,flow_rate_uL_min,STY_assumed_product_kg_m3_day,0.08896318707731599,0.037461067306297266
420,flow_rate_uL_min,STY_assumed_product_kg_m3_day,0.17169839070003445,0.03555684072043101
421,flow_rate_uL_min,STY_assumed_product_kg_m3_day,-0.0841238403359239,0.039390964643964715
422,flow_rate_uL_min,STY_assumed_product_kg_m3_day,0.19485409357817707,0.0467965307601149
423,flow_rate_uL_min,STY_assumed_product_kg_m3_day,0.03429404731123831,0.041603451385375
424,flow_rate_uL_min,STY_assumed_product_kg_m3_day,0.08651207564522545,0.03992875938778604
425,flow_rate_uL_min,STY_assumed_product_kg_m3_day,0.1049450071895085,0.03975638857615201
426,flow_rate_uL_min,STY_assumed_product_kg_m3_day,0.08379886360570132,0.039648122460871425
427,flow_rate_uL_min,STY_assumed_product_kg_m3_day,0.0623916804617165,0.041293403776064455
428,flow_rate_uL_min,STY_assumed_product_kg_m3_day,0.08268316600238268,0.036501040290930584
429,flow_rate_uL_min,STY_assumed_product_kg_m3_day,0.0714837771789828,0.04276335991497468
430,flow_rate_uL_min,STY_assumed_product_kg_m3_day,0.1323541641592001,0.035765865303056595
431,flow_rate_uL_min,STY_assumed_product_kg_m3_day,0.006944180212598572,0.04096117544781719
432,flow_rate_uL_min,STY_assumed_product_kg_m3_day,0.07017248035718171,0.04040742684289843
433,flow_rate_uL_min,STY_assumed_product_kg_m3_day,0.05945146828700221,0.0386442909143782
434,flow_rate_uL_min,STY_assumed_product_kg_m3_day,0.08621115728885942,0.04146016523300584
435,flow_rate_uL_min,STY_assumed_product_kg_m3_day,0.012599360175257202,0.05029933699835244
436,flow_rate_uL_min,STY_assumed_product_kg_m3_day,0.051098916852951426,0.04006186153935762
437,flow_rate_uL_min,STY_assumed_product_kg_m3_day,0.031187501477150992,0.04196141004914175
438,flow_rate_uL_min,STY_assumed_product_kg_m3_day,0.1064266089394833,0.048147456651682054
439,flow_rate_uL_min,STY_assumed_product_kg_m3_day,-0.016336636230917412,0.030796313565135947
440,flow_rate_uL_min,STY_assumed_product_kg_m3_day,0.09445926957609929,0.035741714193976946
441,flow_rate_uL_min,STY_assumed_product_kg_m3_day,0.0878502606007564,0.04257423800712731
442,flow_rate_uL_min,STY_assumed_product_kg_m3_day,-0.011270752505738724,0.04027985567446812
443,flow_rate_uL_min,STY_assumed_product_kg_m3_day,0.06726698207527504,0.03796471339922772
444,flow_rate_uL_min,STY_assumed_product_kg_m3_day,0.009924433774436192,0.04236506762061095
445,flow_rate_uL_min,STY_assumed_product_kg_m3_day,0.05580561448709198,0.04407485617255315
446,flow_rate_uL_min,STY_assumed_product_kg_m3_day,0.20593644798592925,0.04396322670026724
447,flow_rate_uL_min,STY_assumed_product_kg_m3_day,0.10973089368984079,0.0415640354371211
448,flow_rate_uL_min,STY_assumed_product_kg_m3_day,0.024906510711987573,0.03603618749299742
449,flow_rate_uL_min,STY_assumed_product_kg_m3_day,0.07111040089153586,0.03902160922478868
450,flow_rate_uL_min,STY_assumed_product_kg_m3_day,0.030642954781658904,0.040135234657629644
451,flow_rate_uL_min,STY_assumed_product_kg_m3_day,0.12316006795661771,0.040129364610368375
452,flow_rate_uL_min,STY_assumed_product_kg_m3_day,-0.04725627877752281,0.052274413531354556
453,flow_rate_uL_min,STY_assumed_product_kg_m3_day,-0.0005622909636266993,0.040277000979413995
454,flow_rate_uL_min,STY_assumed_product_kg_m3_day,0.04788172391219703,0.04094429949257764
455,flow_rate_uL_min,STY_assumed_product_kg_m3_day,0.0761275398133412,0.036871048954722846
456,flow_rate_uL_min,STY_assumed_product_kg_m3_day,0.06356372058474102,0.04278642612168291
457,flow_rate_uL_min,STY_assumed_product_kg_m3_day,0.09709216591203407,0.0389274339023372
458,flow_rate_uL_min,STY_assumed_product_kg_m3_day,-0.026183779307662913,0.043235198244935796
459,flow_rate_uL_min,STY_assumed_product_kg_m3_day,0.10793349075969616,0.039749434793248384
460,flow_rate_uL_min,STY_assumed_product_kg_m3_day,0.04649164771849379,0.0403544966618551
461,flow_rate_uL_min,STY_assumed_product_kg_m3_day,0.17260642427064687,0.039489311231922015
462,flow_rate_uL_min,STY_assumed_product_kg_m3_day,0.08418176325124238,0.03872822073664803
463,flow_rate_uL_min,STY_assumed_product_kg_m3_day,0.12373478173322383,0.03642424361088951
464,flow_rate_uL_min,STY_assumed_product_kg_m3_day,0.03053132027357308,0.04561060707859748
465,flow_rate_uL_min,STY_assumed_product_kg_m3_day,0.01916821252348544,0.052674799136924584
466,flow_rate_uL_min,STY_assumed_product_kg_m3_day,-0.01655951000618927,0.04048585335655562
467,flow_rate_uL_min,STY_assumed_product_kg_m3_day,0.046899948052141816,0.04199073383716179
468,flow_rate_uL_min,STY_assumed_product_kg_m3_day,0.0638232449486057,0.035522105989559113
469,flow_rate_uL_min,STY_assumed_product_kg_m3_day,-0.02665226775812357,0.042085242008690744
470,flow_rate_uL_min,STY_assumed_product_kg_m3_day,0.04250988273630052,0.044587355160959345
471,flow_rate_uL_min,STY_assumed_product_kg_m3_day,-0.03287637222376483,0.03838801010731035
472,flow_rate_uL_min,STY_assumed_product_kg_m3_day,0.11057875528979377,0.04274438456372487
473,flow_rate_uL_min,STY_assumed_product_kg_m3_day,0.06461570670323458,0.036100551423771964
474,flow_rate_uL_min,STY_assumed_product_kg_m3_day,0.10200529940522496,0.04598780933292169
475,flow_rate_uL_min,STY_assumed_product_kg_m3_day,0.09862523267686096,0.04014330675346723
476,flow_rate_uL_min,STY_assumed_product_kg_m3_day,-0.01393983274910715,0.03480876184259378
477,flow_rate_uL_min,STY_assumed_product_kg_m3_day,0.08503773950398852,0.04320615341231295
478,flow_rate_uL_min,STY_assumed_product_kg_m3_day,0.14944665064722817,0.03916705039641031
479,flow_rate_uL_min,STY_assumed_product_kg_m3_day,0.1075053684889743,0.04287327472530281
480,flow_rate_uL_min,STY_assumed_product_kg_m3_day,0.12462619169430633,0.041996103391203
481,flow_rate_uL_min,STY_assumed_product_kg_m3_day,-0.035789134199818884,0.04153682006118419
482,flow_rate_uL_min,STY_assumed_product_kg_m3_day,0.024881137971493272,0.045011572844287806
483,flow_rate_uL_min,STY_assumed_product_kg_m3_day,0.12250562760654249,0.04169273502590213
484,flow_rate_uL_min,STY_assumed_product_kg_m3_day,0.02011005232112706,0.04143418028011663
485,flow_rate_uL_min,STY_assumed_product_kg_m3_day,-0.018738544310484606,0.04206020500502568
486,flow_rate_uL_min,STY_assumed_product_kg_m3_day,0.06386531034147447,0.04626157971673655
487,flow_rate_uL_min,STY_assumed_product_kg_m3_day,0.07487250056433392,0.04178895479260546
488,flow_rate_uL_min,STY_assumed_product_kg_m3_day,0.004579252498903674,0.03917935935814354
489,flow_rate_uL_min,STY_assumed_product_kg_m3_day,0.085231815759654,0.04349716181084204
490,flow_rate_uL_min,STY_assumed_product_kg_m3_day,0.09201959364570467,0.04226525161698219
491,flow_rate_uL_min,STY_assumed_product_kg_m3_day,-0.005904881245471172,0.03898033825520272
492,flow_rate_uL_min,STY_assumed_product_kg_m3_day,0.06891272060340015,0.03156051292626868
493,flow_rate_uL_min,STY_assumed_product_kg_m3_day,0.13303226335941132,0.036413894946878175
494,flow_rate_uL_min,STY_assumed_product_kg_m3_day,0.01708692469787343,0.04033363645618756
495,flow_rate_uL_min,STY_assumed_product_kg_m3_day,-0.0017418313021377863,0.04498707818028993
496,flow_rate_uL_min,STY_assumed_product_kg_m3_day,0.0018231233972023642,0.04698309517361656
497,flow_rate_uL_min,STY_assumed_product_kg_m3_day,0.013708280167826437,0.04328271709207429
498,flow_rate_uL_min,STY_assumed_product_kg_m3_day,0.12420542732052542,0.040832467488383505
499,flow_rate_uL_min,STY_assumed_product_kg_m3_day,0.0219289419543669,0.039135797063037964
0,flow_rate_uL_min,SEC_assumed_product_kwh_kg,0.05333041220397683,0.05223432678397143
1,flow_rate_uL_min,SEC_assumed_product_kwh_kg,0.16411747048990588,0.06821761813366449
2,flow_rate_uL_min,SEC_assumed_product_kwh_kg,0.13107700803871314,0.0664198679546539
3,flow_rate_uL_min,SEC_assumed_product_kwh_kg,0.1508981360725863,0.06430012621762024
4,flow_rate_uL_min,SEC_assumed_product_kwh_kg,-0.028354904067987574,0.0665497425956054
5,flow_rate_uL_min,SEC_assumed_product_kwh_kg,0.10824525460871925,0.0711906601370717
6,flow_rate_uL_min,SEC_assumed_product_kwh_kg,0.15488751849529359,0.06220437764244159
7,flow_rate_uL_min,SEC_assumed_product_kwh_kg,0.10043610543827608,0.07326474006053985
8,flow_rate_uL_min,SEC_assumed_product_kwh_kg,0.25694480146873155,0.06625360230836401
9,flow_rate_uL_min,SEC_assumed_product_kwh_kg,0.08978958649897495,0.05746402215245733
10,flow_rate_uL_min,SEC_assumed_product_kwh_kg,0.09436026476059023,0.07699527601758833
11,flow_rate_uL_min,SEC_assumed_product_kwh_kg,0.13375027244472082,0.06173939498015146
12,flow_rate_uL_min,SEC_assumed_product_kwh_kg,-0.026924737868591953,0.06834742747283862
13,flow_rate_uL_min,SEC_assumed_product_kwh_kg,0.11331656320513617,0.07603255152586773
14,flow_rate_uL_min,SEC_assumed_product_kwh_kg,0.015624272938789208,0.06970174384689486
15,flow_rate_uL_min,SEC_assumed_product_kwh_kg,0.14733267946247108,0.0685319589888095
16,flow_rate_uL_min,SEC_assumed_product_kwh_kg,0.14936849720321366,0.06388310103972003
17,flow_rate_uL_min,SEC_assumed_product_kwh_kg,0.095406291821863,0.05994315714783793
18,flow_rate_uL_min,SEC_assumed_product_kwh_kg,0.07466597524875707,0.06540755972332396
19,flow_rate_uL_min,SEC_assumed_product_kwh_kg,0.1740622142609991,0.08041461281841548
20,flow_rate_uL_min,SEC_assumed_product_kwh_kg,0.04378436051359558,0.058736995606015585
21,flow_rate_uL_min,SEC_assumed_product_kwh_kg,0.02370242546433099,0.06337082600217094
22,flow_rate_uL_min,SEC_assumed_product_kwh_kg,0.08314475880537775,0.06383781806049876
23,flow_rate_uL_min,SEC_assumed_product_kwh_kg,0.04059585738299587,0.06273033672063123
24,flow_rate_uL_min,SEC_assumed_product_kwh_kg,0.09839534730832133,0.05946183527651502
25,flow_rate_uL_min,SEC_assumed_product_kwh_kg,0.10814170483763208,0.05817445204601109
26,flow_rate_uL_min,SEC_assumed_product_kwh_kg,0.12450666366043994,0.05966821289849249
27,flow_rate_uL_min,SEC_assumed_product_kwh_kg,-0.016262985574909905,0.061513809421610804
28,flow_rate_uL_min,SEC_assumed_product_kwh_kg,0.08744221246946604,0.07367268440782453
29,flow_rate_uL_min,SEC_assumed_product_kwh_kg,0.13490034073253676,0.07062808810642716
30,flow_rate_uL_min,SEC_assumed_product_kwh_kg,0.0968621192466208,0.07198058382569487
31,flow_rate_uL_min,SEC_assumed_product_kwh_kg,0.022816042391033964,0.07577763572226386
32,flow_rate_uL_min,SEC_assumed_product_kwh_kg,0.056612104448423684,0.0666424015469378
33,flow_rate_uL_min,SEC_assumed_product_kwh_kg,0.07908750015803734,0.06686916153939303
34,flow_rate_uL_min,SEC_assumed_product_kwh_kg,-0.024924001788799943,0.06883484676261806
35,flow_rate_uL_min,SEC_assumed_product_kwh_kg,-0.012173713127903163,0.06255854717301385
36,flow_rate_uL_min,SEC_assumed_product_kwh_kg,0.15600246103016424,0.06835972445258968
37,flow_rate_uL_min,SEC_assumed_product_kwh_kg,-0.031145703670904412,0.06380825167449437
38,flow_rate_uL_min,SEC_assumed_product_kwh_kg,0.12415751254873841,0.060960436009381676
39,flow_rate_uL_min,SEC_assumed_product_kwh_kg,0.02023809007548638,0.0605396628416211
40,flow_rate_uL_min,SEC_assumed_product_kwh_kg,0.09143843226966097,0.06359291494772082
41,flow_rate_uL_min,SEC_assumed_product_kwh_kg,0.04600712949861829,0.057736878295961615
42,flow_rate_uL_min,SEC_assumed_product_kwh_kg,0.07253500395416723,0.07616390243235299
43,flow_rate_uL_min,SEC_assumed_product_kwh_kg,0.06134861152711979,0.06305011193287542
44,flow_rate_uL_min,SEC_assumed_product_kwh_kg,0.05668099983729613,0.056539075078905335
45,flow_rate_uL_min,SEC_assumed_product_kwh_kg,0.18336603101675086,0.07597711907482382
46,flow_rate_uL_min,SEC_assumed_product_kwh_kg,0.09100600459686303,0.05897876775394576
47,flow_rate_uL_min,SEC_assumed_product_kwh_kg,0.13637691662094076,0.05672217839887117
48,flow_rate_uL_min,SEC_assumed_product_kwh_kg,0.0017873393051428543,0.06309739415715919
49,flow_rate_uL_min,SEC_assumed_product_kwh_kg,0.06535769069741937,0.059403999110213906
50,flow_rate_uL_min,SEC_assumed_product_kwh_kg,0.19190038984785596,0.05671727272820225
51,flow_rate_uL_min,SEC_assumed_product_kwh_kg,-0.06019883355853395,0.06112163580916801
52,flow_rate_uL_min,SEC_assumed_product_kwh_kg,0.12326691399472067,0.06620329595238127
53,flow_rate_uL_min,SEC_assumed_product_kwh_kg,0.033572319073666756,0.05875293097502635
54,flow_rate_uL_min,SEC_assumed_product_kwh_kg,0.10471991362021982,0.05990176462053838
55,flow_rate_uL_min,SEC_assumed_product_kwh_kg,0.1235531760007752,0.051698475467009786
56,flow_rate_uL_min,SEC_assumed_product_kwh_kg,0.017367058783181344,0.06829481157323829
57,flow_rate_uL_min,SEC_assumed_product_kwh_kg,-0.002187032837015046,0.06617585626379228
58,flow_rate_uL_min,SEC_assumed_product_kwh_kg,0.11172108528732994,0.06648802183927592
59,flow_rate_uL_min,SEC_assumed_product_kwh_kg,0.08725201750761513,0.06489848745088117
60,flow_rate_uL_min,SEC_assumed_product_kwh_kg,0.11661588789776234,0.05193807148995095
61,flow_rate_uL_min,SEC_assumed_product_kwh_kg,0.028227767852970986,0.060706218102364935
62,flow_rate_uL_min,SEC_assumed_product_kwh_kg,0.04210871140303152,0.05344250012513646
63,flow_rate_uL_min,SEC_assumed_product_kwh_kg,-0.005180450702044093,0.07964250480823072
64,flow_rate_uL_min,SEC_assumed_product_kwh_kg,-0.021345149310437295,0.06188823652919174
65,flow_rate_uL_min,SEC_assumed_product_kwh_kg,0.04061661542901318,0.057066476478246336
66,flow_rate_uL_min,SEC_assumed_product_kwh_kg,-0.014710197236261324,0.06324995612612584
67,flow_rate_uL_min,SEC_assumed_product_kwh_kg,0.014391140960781978,0.07490499480386942
68,flow_rate_uL_min,SEC_assumed_product_kwh_kg,0.0347021073881687,0.07802404866087881
69,flow_rate_uL_min,SEC_assumed_product_kwh_kg,0.0002373932182325733,0.06569756029982274
70,flow_rate_uL_min,SEC_assumed_product_kwh_kg,0.05904693090983759,0.07657962044503712
71,flow_rate_uL_min,SEC_assumed_product_kwh_kg,0.09034038380101361,0.05052704797048913
72,flow_rate_uL_min,SEC_assumed_product_kwh_kg,0.10012448796644902,0.06277945139977337
73,flow_rate_uL_min,SEC_assumed_product_kwh_kg,-0.001825282605185663,0.07424560931032342
74,flow_rate_uL_min,SEC_assumed_product_kwh_kg,-0.046984843642223995,0.060909914615690904
75,flow_rate_uL_min,SEC_assumed_product_kwh_kg,0.05171434530775598,0.05909008337154936
76,flow_rate_uL_min,SEC_assumed_product_kwh_kg,0.004776686545214903,0.06435012321363237
77,flow_rate_uL_min,SEC_assumed_product_kwh_kg,0.10671210258506514,0.06131827891389672
78,flow_rate_uL_min,SEC_assumed_product_kwh_kg,0.12338890522135981,0.06241680399080107
79,flow_rate_uL_min,SEC_assumed_product_kwh_kg,-0.02837292099334987,0.08025202021071073
80,flow_rate_uL_min,SEC_assumed_product_kwh_kg,0.11085240660786222,0.062360978215470785
81,flow_rate_uL_min,SEC_assumed_product_kwh_kg,0.04452001367656011,0.06055859677160643
82,flow_rate_uL_min,SEC_assumed_product_kwh_kg,0.015368973961851884,0.06521067653634459
83,flow_rate_uL_min,SEC_assumed_product_kwh_kg,0.14767366293686646,0.07257761836866504
84,flow_rate_uL_min,SEC_assumed_product_kwh_kg,-0.007710379076451002,0.06031429068299576
85,flow_rate_uL_min,SEC_assumed_product_kwh_kg,0.19219607826774798,0.07291975063479601
86,flow_rate_uL_min,SEC_assumed_product_kwh_kg,-0.007463327698550071,0.06415627037732008
87,flow_rate_uL_min,SEC_assumed_product_kwh_kg,0.04618559029869318,0.06077702658647322
88,flow_rate_uL_min,SEC_assumed_product_kwh_kg,0.12721025794289398,0.057233440568702325
89,flow_rate_uL_min,SEC_assumed_product_kwh_kg,0.17565800281983435,0.06477045192402901
90,flow_rate_uL_min,SEC_assumed_product_kwh_kg,0.07120465162640022,0.06093888134686042
91,flow_rate_uL_min,SEC_assumed_product_kwh_kg,0.04273524067130208,0.05982655488373745
92,flow_rate_uL_min,SEC_assumed_product_kwh_kg,0.02511713688097561,0.061351556503117834
93,flow_rate_uL_min,SEC_assumed_product_kwh_kg,-0.04261948976761576,0.061046963644203256
94,flow_rate_uL_min,SEC_assumed_product_kwh_kg,0.055056352119455365,0.06552180935847121
95,flow_rate_uL_min,SEC_assumed_product_kwh_kg,0.07689682497080685,0.06397280917282905
96,flow_rate_uL_min,SEC_assumed_product_kwh_kg,0.07545732269335848,0.0695377484614061
97,flow_rate_uL_min,SEC_assumed_product_kwh_kg,0.052198202864690346,0.06208780689129901
98,flow_rate_uL_min,SEC_assumed_product_kwh_kg,0.011557324605638297,0.07113305081377125
99,flow_rate_uL_min,SEC_assumed_product_kwh_kg,0.13458742648970634,0.07165700063146584
100,flow_rate_uL_min,SEC_assumed_product_kwh_kg,0.11323058398560315,0.0700550623276934
101,flow_rate_uL_min,SEC_assumed_product_kwh_kg,0.08998266027443569,0.059334170329010914
102,flow_rate_uL_min,SEC_assumed_product_kwh_kg,0.15206346666035775,0.06305829944157444
103,flow_rate_uL_min,SEC_assumed_product_kwh_kg,0.07607212106090933,0.05821188216815909
104,flow_rate_uL_min,SEC_assumed_product_kwh_kg,-0.0006580992934537289,0.06666392606758131
105,flow_rate_uL_min,SEC_assumed_product_kwh_kg,0.10244099849703647,0.05796889861268157
106,flow_rate_uL_min,SEC_assumed_product_kwh_kg,0.06785039460711328,0.05896425583989718
107,flow_rate_uL_min,SEC_assumed_product_kwh_kg,0.07036595753418717,0.06938348871606971
108,flow_rate_uL_min,SEC_assumed_product_kwh_kg,0.14060351107376723,0.06475728305286435
109,flow_rate_uL_min,SEC_assumed_product_kwh_kg,0.04494700789603989,0.0644472347502425
110,flow_rate_uL_min,SEC_assumed_product_kwh_kg,0.02796030163293728,0.06429110294772268
111,flow_rate_uL_min,SEC_assumed_product_kwh_kg,0.029329161733083864,0.08435650684082584
112,flow_rate_uL_min,SEC_assumed_product_kwh_kg,0.1389540156892538,0.07907218047336201
113,flow_rate_uL_min,SEC_assumed_product_kwh_kg,0.10061204010253433,0.0536464911008037
114,flow_rate_uL_min,SEC_assumed_product_kwh_kg,0.06645364200370574,0.07910242435202856
115,flow_rate_uL_min,SEC_assumed_product_kwh_kg,0.06468648592295301,0.0648097729069934
116,flow_rate_uL_min,SEC_assumed_product_kwh_kg,0.02488653965251353,0.048701678793728484
117,flow_rate_uL_min,SEC_assumed_product_kwh_kg,-0.04066332016109331,0.07401180879076384
118,flow_rate_uL_min,SEC_assumed_product_kwh_kg,0.12011515717394783,0.055901538679527414
119,flow_rate_uL_min,SEC_assumed_product_kwh_kg,0.18714180318903195,0.06200529963996339
120,flow_rate_uL_min,SEC_assumed_product_kwh_kg,0.0722718156951685,0.06351502020528496
121,flow_rate_uL_min,SEC_assumed_product_kwh_kg,0.051949716402792556,0.06681158826144666
122,flow_rate_uL_min,SEC_assumed_product_kwh_kg,0.08047763368402627,0.0662830393164742
123,flow_rate_uL_min,SEC_assumed_product_kwh_kg,0.049862886562145214,0.05608878380858423
124,flow_rate_uL_min,SEC_assumed_product_kwh_kg,-0.06380190129207475,0.07464105883008772
125,flow_rate_uL_min,SEC_assumed_product_kwh_kg,0.08145398703581797,0.06307557636917493
126,flow_rate_uL_min,SEC_assumed_product_kwh_kg,0.030090306505882625,0.06933789204489965
127,flow_rate_uL_min,SEC_assumed_product_kwh_kg,0.09194384224668328,0.0574277103646028
128,flow_rate_uL_min,SEC_assumed_product_kwh_kg,0.0555813282169767,0.0753415976088279
129,flow_rate_uL_min,SEC_assumed_product_kwh_kg,0.08494077402008349,0.057900024578356434
130,flow_rate_uL_min,SEC_assumed_product_kwh_kg,0.0634732779698094,0.05431110835750291
131,flow_rate_uL_min,SEC_assumed_product_kwh_kg,0.06224159056280931,0.0626604512209883
132,flow_rate_uL_min,SEC_assumed_product_kwh_kg,0.1066850077253072,0.06615762791782757
133,flow_rate_uL_min,SEC_assumed_product_kwh_kg,0.10190933692102544,0.06795520032339812
134,flow_rate_uL_min,SEC_assumed_product_kwh_kg,0.021931749377096965,0.0680556081692218
135,flow_rate_uL_min,SEC_assumed_product_kwh_kg,0.08922540804770385,0.06809756312642556
136,flow_rate_uL_min,SEC_assumed_product_kwh_kg,-0.008660669216126182,0.05775442291205915
137,flow_rate_uL_min,SEC_assumed_product_kwh_kg,0.08948167960894948,0.06983408620083917
138,flow_rate_uL_min,SEC_assumed_product_kwh_kg,0.02156913661992621,0.057267285065830315
139,flow_rate_uL_min,SEC_assumed_product_kwh_kg,0.1827103229896676,0.0567815458923305
140,flow_rate_uL_min,SEC_assumed_product_kwh_kg,0.05954044276752146,0.04902846405957687
141,flow_rate_uL_min,SEC_assumed_product_kwh_kg,0.07684746010649957,0.05349733092735869
142,flow_rate_uL_min,SEC_assumed_product_kwh_kg,0.10298031553181808,0.05507778097742853
143,flow_rate_uL_min,SEC_assumed_product_kwh_kg,-0.0056289713954962295,0.06300577091407547
144,flow_rate_uL_min,SEC_assumed_product_kwh_kg,0.10336259551784355,0.0686643760414481
145,flow_rate_uL_min,SEC_assumed_product_kwh_kg,0.12266546075034435,0.058053956242554286
146,flow_rate_uL_min,SEC_assumed_product_kwh_kg,-0.024985056410166795,0.0647598722801689
147,flow_rate_uL_min,SEC_assumed_product_kwh_kg,0.06300896288631097,0.05883872328229058
148,flow_rate_uL_min,SEC_assumed_product_kwh_kg,0.08608616598691932,0.05787690712555763
149,flow_rate_uL_min,SEC_assumed_product_kwh_kg,-0.0041438234412425334,0.06947086330363508
150,flow_rate_uL_min,SEC_assumed_product_kwh_kg,0.13361062295472126,0.08144973937761898
151,flow_rate_uL_min,SEC_assumed_product_kwh_kg,0.09632989818539772,0.05700537680509844
152,flow_rate_uL_min,SEC_assumed_product_kwh_kg,0.12573291313469404,0.05985727083830085
153,flow_rate_uL_min,SEC_assumed_product_kwh_kg,0.02834420929867043,0.06868413720705614
154,flow_rate_uL_min,SEC_assumed_product_kwh_kg,0.03024936655232957,0.06136611229738226
155,flow_rate_uL_min,SEC_assumed_product_kwh_kg,0.12785443083874815,0.07167996859019281
156,flow_rate_uL_min,SEC_assumed_product_kwh_kg,-0.019108528433584127,0.054369577338789235
157,flow_rate_uL_min,SEC_assumed_product_kwh_kg,0.10141657771790369,0.06284932847543988
158,flow_rate_uL_min,SEC_assumed_product_kwh_kg,0.08133484367443677,0.07160500783105436
159,flow_rate_uL_min,SEC_assumed_product_kwh_kg,0.07604408855830969,0.06013422675665762
160,flow_rate_uL_min,SEC_assumed_product_kwh_kg,0.011576016734935801,0.05952600614860126
161,flow_rate_uL_min,SEC_assumed_product_kwh_kg,0.163718204792607,0.0558649099745474
162,flow_rate_uL_min,SEC_assumed_product_kwh_kg,0.13483090682613474,0.06243110766200214
163,flow_rate_uL_min,SEC_assumed_product_kwh_kg,0.06408445228057014,0.06704017649340256
164,flow_rate_uL_min,SEC_assumed_product_kwh_kg,0.18547131857402388,0.06048742575502114
165,flow_rate_uL_min,SEC_assumed_product_kwh_kg,0.04990398512977856,0.06740516903935835
166,flow_rate_uL_min,SEC_assumed_product_kwh_kg,0.0205808179504523,0.0657232232637026
167,flow_rate_uL_min,SEC_assumed_product_kwh_kg,0.04540676273971689,0.07095877334161813
168,flow_rate_uL_min,SEC_assumed_product_kwh_kg,0.10969309356241941,0.05856322059126039
169,flow_rate_uL_min,SEC_assumed_product_kwh_kg,0.06932567897041897,0.07073637730968926
170,flow_rate_uL_min,SEC_assumed_product_kwh_kg,0.016223888171904344,0.07531823823709603
171,flow_rate_uL_min,SEC_assumed_product_kwh_kg,0.20058231319960107,0.054805374788537274
172,flow_rate_uL_min,SEC_assumed_product_kwh_kg,0.17126363954046553,0.07448642763353998
173,flow_rate_uL_min,SEC_assumed_product_kwh_kg,0.0887522482227,0.05657622211430461
174,flow_rate_uL_min,SEC_assumed_product_kwh_kg,0.1754841398435848,0.06697296787974787
175,flow_rate_uL_min,SEC_assumed_product_kwh_kg,0.07598535498173709,0.07420573545316864
176,flow_rate_uL_min,SEC_assumed_product_kwh_kg,0.07055496552170681,0.061471486516238974
177,flow_rate_uL_min,SEC_assumed_product_kwh_kg,0.08289506430240945,0.06893541614241229
178,flow_rate_uL_min,SEC_assumed_product_kwh_kg,0.05044730120852092,0.06870002302275743
179,flow_rate_uL_min,SEC_assumed_product_kwh_kg,0.12131627236689246,0.06376866596691459
180,flow_rate_uL_min,SEC_assumed_product_kwh_kg,0.11658560411996766,0.06466979110651332
181,flow_rate_uL_min,SEC_assumed_product_kwh_kg,0.016231481306028805,0.0666022096753923
182,flow_rate_uL_min,SEC_assumed_product_kwh_kg,0.17020625203535622,0.06600424033054059
183,flow_rate_uL_min,SEC_assumed_product_kwh_kg,0.10139052216168143,0.06242060042322849
184,flow_rate_uL_min,SEC_assumed_product_kwh_kg,0.058436089135832536,0.06564861129213571
185,flow_rate_uL_min,SEC_assumed_product_kwh_kg,0.07068617318697878,0.05430994083420779
186,flow_rate_uL_min,SEC_assumed_product_kwh_kg,-0.002283466270082579,0.07394021630694093
187,flow_rate_uL_min,SEC_assumed_product_kwh_kg,0.12362109519170139,0.06743270910243807
188,flow_rate_uL_min,SEC_assumed_product_kwh_kg,-0.007324424884916025,0.06390727883953563
189,flow_rate_uL_min,SEC_assumed_product_kwh_kg,0.027006913773721553,0.05244374002283677
190,flow_rate_uL_min,SEC_assumed_product_kwh_kg,0.04200048262777467,0.06392023317455114
191,flow_rate_uL_min,SEC_assumed_product_kwh_kg,0.17050645496588512,0.058252165679059414
192,flow_rate_uL_min,SEC_assumed_product_kwh_kg,0.03912329180821872,0.05973046683650482
193,flow_rate_uL_min,SEC_assumed_product_kwh_kg,0.03638923025544871,0.06582874971837221
194,flow_rate_uL_min,SEC_assumed_product_kwh_kg,0.07656783435350267,0.06546851962149626
195,flow_rate_uL_min,SEC_assumed_product_kwh_kg,0.14575594572072692,0.05444273723093128
196,flow_rate_uL_min,SEC_assumed_product_kwh_kg,0.03222340337204954,0.06374604218369516
197,flow_rate_uL_min,SEC_assumed_product_kwh_kg,0.0012214056468434764,0.06624338367250292
198,flow_rate_uL_min,SEC_assumed_product_kwh_kg,0.22900925127423366,0.06650347086716206
199,flow_rate_uL_min,SEC_assumed_product_kwh_kg,0.09873696094757378,0.06824524996115598
200,flow_rate_uL_min,SEC_assumed_product_kwh_kg,0.05455412168506024,0.052991458641744475
201,flow_rate_uL_min,SEC_assumed_product_kwh_kg,0.21514991564950126,0.06161109909955477
202,flow_rate_uL_min,SEC_assumed_product_kwh_kg,0.047738524924327064,0.06076773756279135
203,flow_rate_uL_min,SEC_assumed_product_kwh_kg,0.15040965696597186,0.06666180753967824
204,flow_rate_uL_min,SEC_assumed_product_kwh_kg,0.06642634123564062,0.05309469428826251
205,flow_rate_uL_min,SEC_assumed_product_kwh_kg,0.09614887012413731,0.06424992403394482
206,flow_rate_uL_min,SEC_assumed_product_kwh_kg,0.14293908339197492,0.06725965735736954
207,flow_rate_uL_min,SEC_assumed_product_kwh_kg,0.10576822561468935,0.05687440005002397
208,flow_rate_uL_min,SEC_assumed_product_kwh_kg,0.11275642551100329,0.0623215516721333
209,flow_rate_uL_min,SEC_assumed_product_kwh_kg,0.08003912388775491,0.06269358743069142
210,flow_rate_uL_min,SEC_assumed_product_kwh_kg,0.047024906897123464,0.07343668755827501
211,flow_rate_uL_min,SEC_assumed_product_kwh_kg,-0.07208242898452388,0.06771108406295134
212,flow_rate_uL_min,SEC_assumed_product_kwh_kg,-0.016140153660860523,0.06452703095363682
213,flow_rate_uL_min,SEC_assumed_product_kwh_kg,0.17037721132211858,0.06169596666940622
214,flow_rate_uL_min,SEC_assumed_product_kwh_kg,0.0574909944933778,0.0651279123194918
215,flow_rate_uL_min,SEC_assumed_product_kwh_kg,0.09000668543957158,0.07048225004255959
216,flow_rate_uL_min,SEC_assumed_product_kwh_kg,0.1155149014664012,0.05456749074854893
217,flow_rate_uL_min,SEC_assumed_product_kwh_kg,0.1618854809857665,0.06023909560014453
218,flow_rate_uL_min,SEC_assumed_product_kwh_kg,0.08300774363533614,0.05795136219170115
219,flow_rate_uL_min,SEC_assumed_product_kwh_kg,0.03378388128024157,0.06067506075060826
220,flow_rate_uL_min,SEC_assumed_product_kwh_kg,0.09009148704124692,0.06684097194258194
221,flow_rate_uL_min,SEC_assumed_product_kwh_kg,0.030436956214071276,0.07164660055942734
222,flow_rate_uL_min,SEC_assumed_product_kwh_kg,0.11034949407650085,0.05884133719611797
223,flow_rate_uL_min,SEC_assumed_product_kwh_kg,0.058777232751409114,0.06624136949764507
224,flow_rate_uL_min,SEC_assumed_product_kwh_kg,0.09990861956947972,0.05991273617805064
225,flow_rate_uL_min,SEC_assumed_product_kwh_kg,0.08272710963649066,0.06035939227709613
226,flow_rate_uL_min,SEC_assumed_product_kwh_kg,0.030119406320093467,0.0570406877926984
227,flow_rate_uL_min,SEC_assumed_product_kwh_kg,0.046286783328823855,0.06642208857318029
228,flow_rate_uL_min,SEC_assumed_product_kwh_kg,0.07094682360371463,0.06609427703300302
229,flow_rate_uL_min,SEC_assumed_product_kwh_kg,0.0742842298555011,0.06921957436705524
230,flow_rate_uL_min,SEC_assumed_product_kwh_kg,0.09224488591821023,0.05869029316174429
231,flow_rate_uL_min,SEC_assumed_product_kwh_kg,0.11132961305182165,0.05739948019961098
232,flow_rate_uL_min,SEC_assumed_product_kwh_kg,0.10959742656619131,0.06504086557490109
233,flow_rate_uL_min,SEC_assumed_product_kwh_kg,0.0865650691155585,0.06111525284224067
234,flow_rate_uL_min,SEC_assumed_product_kwh_kg,0.03866953078042157,0.0606287409808423
235,flow_rate_uL_min,SEC_assumed_product_kwh_kg,0.09164852907416832,0.07302399237258042
236,flow_rate_uL_min,SEC_assumed_product_kwh_kg,0.08887545623395221,0.06028150603224432
237,flow_rate_uL_min,SEC_assumed_product_kwh_kg,0.1612065610944422,0.07377688440116412
238,flow_rate_uL_min,SEC_assumed_product_kwh_kg,0.1179846178573668,0.06948196945937544
239,flow_rate_uL_min,SEC_assumed_product_kwh_kg,-0.0004635171131448512,0.07199500257806626
240,flow_rate_uL_min,SEC_assumed_product_kwh_kg,0.1031323878213648,0.06582815522272326
241,flow_rate_uL_min,SEC_assumed_product_kwh_kg,-0.08697948858973059,0.06216591334935592
242,flow_rate_uL_min,SEC_assumed_product_kwh_kg,0.045427879391022885,0.0645139776835425
243,flow_rate_uL_min,SEC_assumed_product_kwh_kg,0.0954832944796642,0.056329240974922805
244,flow_rate_uL_min,SEC_assumed_product_kwh_kg,-0.020267987510663277,0.05916041728537901
245,flow_rate_uL_min,SEC_assumed_product_kwh_kg,-0.007627447973604484,0.06317891740514878
246,flow_rate_uL_min,SEC_assumed_product_kwh_kg,0.0512588426148205,0.0574735067868379
247,flow_rate_uL_min,SEC_assumed_product_kwh_kg,0.1376752050120642,0.05196121801870354
248,flow_rate_uL_min,SEC_assumed_product_kwh_kg,0.01160445255745901,0.06013428073286128
249,flow_rate_uL_min,SEC_assumed_product_kwh_kg,-0.031436681033768066,0.06286398030821387
250,flow_rate_uL_min,SEC_assumed_product_kwh_kg,-0.04687958598259434,0.06552783181652559
251,flow_rate_uL_min,SEC_assumed_product_kwh_kg,0.11073441578130694,0.0662273555367498
252,flow_rate_uL_min,SEC_assumed_product_kwh_kg,0.02982895632985416,0.06359559128183034
253,flow_rate_uL_min,SEC_assumed_product_kwh_kg,0.1031070161167249,0.06905010694168592
254,flow_rate_uL_min,SEC_assumed_product_kwh_kg,0.050565569371260444,0.06750227216134574
255,flow_rate_uL_min,SEC_assumed_product_kwh_kg,0.07797139287835453,0.06684810032709167
256,flow_rate_uL_min,SEC_assumed_product_kwh_kg,0.05682474459344766,0.05728496576944673
257,flow_rate_uL_min,SEC_assumed_product_kwh_kg,0.15012157740880372,0.07042446253815322
258,flow_rate_uL_min,SEC_assumed_product_kwh_kg,0.08881208390212014,0.07346421104576664
259,flow_rate_uL_min,SEC_assumed_product_kwh_kg,0.11823067887201055,0.06354354350397981
260,flow_rate_uL_min,SEC_assumed_product_kwh_kg,0.21099209526447327,0.05798768744114202
261,flow_rate_uL_min,SEC_assumed_product_kwh_kg,0.12454584273597746,0.08137294075950621
262,flow_rate_uL_min,SEC_assumed_product_kwh_kg,0.11909285197810526,0.05961608130385106
263,flow_rate_uL_min,SEC_assumed_product_kwh_kg,-0.012029561863416971,0.06064254801074535
264,flow_rate_uL_min,SEC_assumed_product_kwh_kg,-0.052879239677750434,0.066952545084611
265,flow_rate_uL_min,SEC_assumed_product_kwh_kg,-0.016779854408649264,0.06784162680368212
266,flow_rate_uL_min,SEC_assumed_product_kwh_kg,0.16838062252898922,0.06829841887055542
267,flow_rate_uL_min,SEC_assumed_product_kwh_kg,0.04837080564294749,0.06884921926989376
268,flow_rate_uL_min,SEC_assumed_product_kwh_kg,0.01180018219368062,0.0656550774233001
269,flow_rate_uL_min,SEC_assumed_product_kwh_kg,-0.006168597282250499,0.064897909094139
270,flow_rate_uL_min,SEC_assumed_product_kwh_kg,-0.030972277146937843,0.06765807653436014
271,flow_rate_uL_min,SEC_assumed_product_kwh_kg,0.051831713765827625,0.05605149355187461
272,flow_rate_uL_min,SEC_assumed_product_kwh_kg,0.10350910074923081,0.06309225457576872
273,flow_rate_uL_min,SEC_assumed_product_kwh_kg,0.1543915872774395,0.06580609436083883
274,flow_rate_uL_min,SEC_assumed_product_kwh_kg,0.03684555668748324,0.08129075576521032
275,flow_rate_uL_min,SEC_assumed_product_kwh_kg,-0.018387492783195736,0.05522125937408625
276,flow_rate_uL_min,SEC_assumed_product_kwh_kg,0.024316383884872006,0.06101922008797772
277,flow_rate_uL_min,SEC_assumed_product_kwh_kg,0.07063778260546383,0.06958430361630903
278,flow_rate_uL_min,SEC_assumed_product_kwh_kg,0.16802339474775863,0.06597156155823412
279,flow_rate_uL_min,SEC_assumed_product_kwh_kg,-0.0346006166031092,0.0780479338732902
280,flow_rate_uL_min,SEC_assumed_product_kwh_kg,0.07710524154857923,0.06881083362464702
281,flow_rate_uL_min,SEC_assumed_product_kwh_kg,-0.0272516212731726,0.06600670573011698
282,flow_rate_uL_min,SEC_assumed_product_kwh_kg,0.05262104047363381,0.06654039435921819
283,flow_rate_uL_min,SEC_assumed_product_kwh_kg,0.17127221655058622,0.062087510376665454
284,flow_rate_uL_min,SEC_assumed_product_kwh_kg,-0.011487370757054638,0.05439653548243046
285,flow_rate_uL_min,SEC_assumed_product_kwh_kg,-0.023305150631334426,0.0631096604523793
286,flow_rate_uL_min,SEC_assumed_product_kwh_kg,0.08060100055103803,0.06590904867102872
287,flow_rate_uL_min,SEC_assumed_product_kwh_kg,0.023834513846163197,0.07149498771650345
288,flow_rate_uL_min,SEC_assumed_product_kwh_kg,0.0027093290085469235,0.06120448736371438
289,flow_rate_uL_min,SEC_assumed_product_kwh_kg,0.07001906349703235,0.06526147297871282
290,flow_rate_uL_min,SEC_assumed_product_kwh_kg,0.03581770578843402,0.06514849749333229
291,flow_rate_uL_min,SEC_assumed_product_kwh_kg,0.05458200949949088,0.063187489462774
292,flow_rate_uL_min,SEC_assumed_product_kwh_kg,0.08711275262743767,0.06439157845064096
293,flow_rate_uL_min,SEC_assumed_product_kwh_kg,0.1943455690974577,0.0534363560528312
294,flow_rate_uL_min,SEC_assumed_product_kwh_kg,0.08737816037409674,0.07478454770737132
295,flow_rate_uL_min,SEC_assumed_product_kwh_kg,0.06003244335283653,0.06488234605745097
296,flow_rate_uL_min,SEC_assumed_product_kwh_kg,0.09813242748648943,0.07285685313379496
297,flow_rate_uL_min,SEC_assumed_product_kwh_kg,0.03944545163544022,0.06299427060102282
298,flow_rate_uL_min,SEC_assumed_product_kwh_kg,0.17156395727487916,0.05906062256052274
299,flow_rate_uL_min,SEC_assumed_product_kwh_kg,0.1911066435838037,0.06516850744178647
300,flow_rate_uL_min,SEC_assumed_product_kwh_kg,0.11434595036713147,0.05591589696350881
301,flow_rate_uL_min,SEC_assumed_product_kwh_kg,0.10760411985860141,0.057411928711800196
302,flow_rate_uL_min,SEC_assumed_product_kwh_kg,0.022027419413646943,0.06738630713684185
303,flow_rate_uL_min,SEC_assumed_product_kwh_kg,0.08155413851408566,0.07282179530503882
304,flow_rate_uL_min,SEC_assumed_product_kwh_kg,0.022752114142849056,0.05748501016411361
305,flow_rate_uL_min,SEC_assumed_product_kwh_kg,0.09889234118841062,0.06552311585303036
306,flow_rate_uL_min,SEC_assumed_product_kwh_kg,0.006951994705993059,0.06373818740965732
307,flow_rate_uL_min,SEC_assumed_product_kwh_kg,0.13556855875559926,0.06913745025995675
308,flow_rate_uL_min,SEC_assumed_product_kwh_kg,-0.01424525374551222,0.06134651762757224
309,flow_rate_uL_min,SEC_assumed_product_kwh_kg,-0.04263426081588251,0.055893342993067745
310,flow_rate_uL_min,SEC_assumed_product_kwh_kg,0.06594773292179501,0.06360775091718188
311,flow_rate_uL_min,SEC_assumed_product_kwh_kg,0.13471874048765908,0.05892818185524384
312,flow_rate_uL_min,SEC_assumed_product_kwh_kg,0.0921163792274321,0.06838247938480467
313,flow_rate_uL_min,SEC_assumed_product_kwh_kg,0.002993842988160078,0.06508386343425993
314,flow_rate_uL_min,SEC_assumed_product_kwh_kg,0.1776831876757533,0.06044142561831842
315,flow_rate_uL_min,SEC_assumed_product_kwh_kg,0.08721508974078562,0.06048151278863396
316,flow_rate_uL_min,SEC_assumed_product_kwh_kg,0.04630344180935897,0.06252380744030496
317,flow_rate_uL_min,SEC_assumed_product_kwh_kg,-0.005290950183713061,0.07230793324781638
318,flow_rate_uL_min,SEC_assumed_product_kwh_kg,0.11709023060826573,0.061597851681148064
319,flow_rate_uL_min,SEC_assumed_product_kwh_kg,0.036872592889379274,0.07757336536433444
320,flow_rate_uL_min,SEC_assumed_product_kwh_kg,0.10535746442825977,0.06468133772577626
321,flow_rate_uL_min,SEC_assumed_product_kwh_kg,0.0068508858963399755,0.07016184232131481
322,flow_rate_uL_min,SEC_assumed_product_kwh_kg,0.06693051338066724,0.06202208249893343
323,flow_rate_uL_min,SEC_assumed_product_kwh_kg,0.10835357219534969,0.06838384007697393
324,flow_rate_uL_min,SEC_assumed_product_kwh_kg,0.09147369368868197,0.0736109251600604
325,flow_rate_uL_min,SEC_assumed_product_kwh_kg,0.019512052983254313,0.06654884488238012
326,flow_rate_uL_min,SEC_assumed_product_kwh_kg,0.1248452309726853,0.06353323156565024
327,flow_rate_uL_min,SEC_assumed_product_kwh_kg,-0.037970495237088064,0.058283902005511166
328,flow_rate_uL_min,SEC_assumed_product_kwh_kg,0.07133790681437069,0.06273556649998348
329,flow_rate_uL_min,SEC_assumed_product_kwh_kg,0.04627880569295395,0.06623478774112657
330,flow_rate_uL_min,SEC_assumed_product_kwh_kg,0.059610065405907964,0.06728097327157354
331,flow_rate_uL_min,SEC_assumed_product_kwh_kg,-0.014390948850506069,0.06205298847875806
332,flow_rate_uL_min,SEC_assumed_product_kwh_kg,0.06324968116138907,0.06553902367009933
333,flow_rate_uL_min,SEC_assumed_product_kwh_kg,0.02467645348905423,0.06053666142257498
334,flow_rate_uL_min,SEC_assumed_product_kwh_kg,0.0991525521907729,0.06909932820819162
335,flow_rate_uL_min,SEC_assumed_product_kwh_kg,-0.0005472325670694556,0.07684976240898127
336,flow_rate_uL_min,SEC_assumed_product_kwh_kg,0.11312395773781458,0.06981642920287454
337,flow_rate_uL_min,SEC_assumed_product_kwh_kg,0.06492375611862944,0.0678663668929656
338,flow_rate_uL_min,SEC_assumed_product_kwh_kg,0.02220871423344395,0.06856349796271519
339,flow_rate_uL_min,SEC_assumed_product_kwh_kg,0.12140413157683838,0.06713067289343869
340,flow_rate_uL_min,SEC_assumed_product_kwh_kg,0.04785913445959955,0.05459870454408489
341,flow_rate_uL_min,SEC_assumed_product_kwh_kg,0.0274836298627823,0.07716968246758407
342,flow_rate_uL_min,SEC_assumed_product_kwh_kg,-0.01021632124980587,0.06064283753095299
343,flow_rate_uL_min,SEC_assumed_product_kwh_kg,0.16023316736502358,0.060488009902572845
344,flow_rate_uL_min,SEC_assumed_product_kwh_kg,-0.028657811655300458,0.07908690520614797
345,flow_rate_uL_min,SEC_assumed_product_kwh_kg,0.015597563864972575,0.059133814532892244
346,flow_rate_uL_min,SEC_assumed_product_kwh_kg,0.12172064122552229,0.06623305707780919
347,flow_rate_uL_min,SEC_assumed_product_kwh_kg,0.15382086840761766,0.0674786412487832
348,flow_rate_uL_min,SEC_assumed_product_kwh_kg,0.20694027870746612,0.06994148329117973
349,flow_rate_uL_min,SEC_assumed_product_kwh_kg,-0.037250430649711674,0.06079486850308586
350,flow_rate_uL_min,SEC_assumed_product_kwh_kg,0.09893633937875923,0.06167159675326369
351,flow_rate_uL_min,SEC_assumed_product_kwh_kg,0.05001712664722213,0.07244588264113504
352,flow_rate_uL_min,SEC_assumed_product_kwh_kg,0.1282718349830606,0.06416034896103343
353,flow_rate_uL_min,SEC_assumed_product_kwh_kg,-0.02970422786182292,0.06888334109569837
354,flow_rate_uL_min,SEC_assumed_product_kwh_kg,0.030230340282577317,0.07528039202198993
355,flow_rate_uL_min,SEC_assumed_product_kwh_kg,0.10742020267523744,0.05816721310951736
356,flow_rate_uL_min,SEC_assumed_product_kwh_kg,0.0321570843836545,0.0740261508694539
357,flow_rate_uL_min,SEC_assumed_product_kwh_kg,0.06991227087651586,0.06862859496261095
358,flow_rate_uL_min,SEC_assumed_product_kwh_kg,0.011789823453341897,0.05784106118131907
359,flow_rate_uL_min,SEC_assumed_product_kwh_kg,-0.011007840584302375,0.06961342110614617
360,flow_rate_uL_min,SEC_assumed_product_kwh_kg,0.0692878482448388,0.061307216695869235
361,flow_rate_uL_min,SEC_assumed_product_kwh_kg,0.16391533188610463,0.06602827523267447
362,flow_rate_uL_min,SEC_assumed_product_kwh_kg,0.02016238421551808,0.058994077339731645
363,flow_rate_uL_min,SEC_assumed_product_kwh_kg,0.22535646434093337,0.06297029625907742
364,flow_rate_uL_min,SEC_assumed_product_kwh_kg,0.16901390479049327,0.06323354572463127
365,flow_rate_uL_min,SEC_assumed_product_kwh_kg,0.12860280967102566,0.05621285398696454
366,flow_rate_uL_min,SEC_assumed_product_kwh_kg,0.09968898320411523,0.07730476523821662
367,flow_rate_uL_min,SEC_assumed_product_kwh_kg,0.03081697432029662,0.049841632075365426
368,flow_rate_uL_min,SEC_assumed_product_kwh_kg,0.036376607200972244,0.059884068945721826
369,flow_rate_uL_min,SEC_assumed_product_kwh_kg,0.1541710960739786,0.0518755618541157
370,flow_rate_uL_min,SEC_assumed_product_kwh_kg,0.06178996551688709,0.0661473780424157
371,flow_rate_uL_min,SEC_assumed_product_kwh_kg,0.052379969940277826,0.05793743853425297
372,flow_rate_uL_min,SEC_assumed_product_kwh_kg,0.08067622227270788,0.06127052826492498
373,flow_rate_uL_min,SEC_assumed_product_kwh_kg,0.11169299411890721,0.06063128579838199
374,flow_rate_uL_min,SEC_assumed_product_kwh_kg,0.18287750001712655,0.05809247034405739
375,flow_rate_uL_min,SEC_assumed_product_kwh_kg,0.08842754438359723,0.05998946837349646
376,flow_rate_uL_min,SEC_assumed_product_kwh_kg,0.12397149391683293,0.06362424002257622
377,flow_rate_uL_min,SEC_assumed_product_kwh_kg,0.027475324164351278,0.05984233025442275
378,flow_rate_uL_min,SEC_assumed_product_kwh_kg,0.07959904038437693,0.06195998424964253
379,flow_rate_uL_min,SEC_assumed_product_kwh_kg,0.1343165391220802,0.0516378511161272
380,flow_rate_uL_min,SEC_assumed_product_kwh_kg,0.03132195697175144,0.06255698152695834
381,flow_rate_uL_min,SEC_assumed_product_kwh_kg,0.09442176201680941,0.057201062593684814
382,flow_rate_uL_min,SEC_assumed_product_kwh_kg,0.002798323216380849,0.06364964564143702
383,flow_rate_uL_min,SEC_assumed_product_kwh_kg,0.13932782512977016,0.06368798081805893
384,flow_rate_uL_min,SEC_assumed_product_kwh_kg,0.13205908330857785,0.06567710708100954
385,flow_rate_uL_min,SEC_assumed_product_kwh_kg,0.04333775886586677,0.06532070363179479
386,flow_rate_uL_min,SEC_assumed_product_kwh_kg,0.11080393180083548,0.05770411669400629
387,flow_rate_uL_min,SEC_assumed_product_kwh_kg,0.13053691275822332,0.06688832432007552
388,flow_rate_uL_min,SEC_assumed_product_kwh_kg,0.19741891126470068,0.05955597067641445
389,flow_rate_uL_min,SEC_assumed_product_kwh_kg,0.008524976548803687,0.06290468922792895
390,flow_rate_uL_min,SEC_assumed_product_kwh_kg,0.0660949422026389,0.06412807955585152
391,flow_rate_uL_min,SEC_assumed_product_kwh_kg,0.11073387532174583,0.06640813242958463
392,flow_rate_uL_min,SEC_assumed_product_kwh_kg,0.028280689064891007,0.046370198322603924
393,flow_rate_uL_min,SEC_assumed_product_kwh_kg,0.15337049447636952,0.06809637346775478
394,flow_rate_uL_min,SEC_assumed_product_kwh_kg,0.10857174702756656,0.05630656370438031
395,flow_rate_uL_min,SEC_assumed_product_kwh_kg,0.08551591394019342,0.07021317502616889
396,flow_rate_uL_min,SEC_assumed_product_kwh_kg,0.07119415655225514,0.06097534886451176
397,flow_rate_uL_min,SEC_assumed_product_kwh_kg,-0.038456257381905834,0.06037383608110029
398,flow_rate_uL_min,SEC_assumed_product_kwh_kg,0.18730034691586805,0.06482790320889639
399,flow_rate_uL_min,SEC_assumed_product_kwh_kg,0.07768373269845552,0.07105582885337239
400,flow_rate_uL_min,SEC_assumed_product_kwh_kg,0.07794930414523416,0.062479545123944276
401,flow_rate_uL_min,SEC_assumed_product_kwh_kg,0.19238435534407317,0.07089827105020494
402,flow_rate_uL_min,SEC_assumed_product_kwh_kg,0.037015847211083974,0.07079912201866805
403,flow_rate_uL_min,SEC_assumed_product_kwh_kg,0.09594668401649376,0.05743490803770926
404,flow_rate_uL_min,SEC_assumed_product_kwh_kg,0.016156844641565526,0.07520959969617591
405,flow_rate_uL_min,SEC_assumed_product_kwh_kg,0.1130788624011767,0.05969010688829627
406,flow_rate_uL_min,SEC_assumed_product_kwh_kg,0.047531334584590135,0.06071567133931589
407,flow_rate_uL_min,SEC_assumed_product_kwh_kg,0.08423899170772942,0.06333873523379702
408,flow_rate_uL_min,SEC_assumed_product_kwh_kg,0.08174317374521112,0.0698872857303927
409,flow_rate_uL_min,SEC_assumed_product_kwh_kg,0.1324133358777263,0.054139133901399336
410,flow_rate_uL_min,SEC_assumed_product_kwh_kg,0.034667749938546044,0.053936831490474034
411,flow_rate_uL_min,SEC_assumed_product_kwh_kg,-0.038000238043291334,0.06052877184460489
412,flow_rate_uL_min,SEC_assumed_product_kwh_kg,0.09514260876898195,0.062818026438849
413,flow_rate_uL_min,SEC_assumed_product_kwh_kg,0.09423981896725442,0.06587063125858304
414,flow_rate_uL_min,SEC_assumed_product_kwh_kg,0.054373366222011166,0.05955311472249978
415,flow_rate_uL_min,SEC_assumed_product_kwh_kg,0.1505354131888509,0.06123457098117756
416,flow_rate_uL_min,SEC_assumed_product_kwh_kg,0.061604857572349125,0.05278976350126423
417,flow_rate_uL_min,SEC_assumed_product_kwh_kg,0.1996390578915661,0.08458250194327147
418,flow_rate_uL_min,SEC_assumed_product_kwh_kg,0.12483055420064282,0.05453807363226066
419,flow_rate_uL_min,SEC_assumed_product_kwh_kg,0.12266468943969189,0.057604359439364386
420,flow_rate_uL_min,SEC_assumed_product_kwh_kg,0.10065993541494489,0.05885221081698261
421,flow_rate_uL_min,SEC_assumed_product_kwh_kg,-0.0400179751592562,0.06345966044226996
422,flow_rate_uL_min,SEC_assumed_product_kwh_kg,0.12233886841190267,0.07366888558967238
423,flow_rate_uL_min,SEC_assumed_product_kwh_kg,0.09154954125695691,0.0661302204072092
424,flow_rate_uL_min,SEC_assumed_product_kwh_kg,0.10174445582050573,0.06063580792598863
425,flow_rate_uL_min,SEC_assumed_product_kwh_kg,0.04003153856007624,0.05976098060278467
426,flow_rate_uL_min,SEC_assumed_product_kwh_kg,0.1480755676958152,0.06376319436553929
427,flow_rate_uL_min,SEC_assumed_product_kwh_kg,0.030138748533420356,0.06734887805132533
428,flow_rate_uL_min,SEC_assumed_product_kwh_kg,0.06355336906221387,0.05403735829223954
429,flow_rate_uL_min,SEC_assumed_product_kwh_kg,0.06646874045243945,0.06698820218631131
430,flow_rate_uL_min,SEC_assumed_product_kwh_kg,0.10829830134734242,0.05665087395938939
431,flow_rate_uL_min,SEC_assumed_product_kwh_kg,0.09231304935223938,0.0644782554651535
432,flow_rate_uL_min,SEC_assumed_product_kwh_kg,0.1105169811679031,0.06114017579721824
433,flow_rate_uL_min,SEC_assumed_product_kwh_kg,0.08058532404656782,0.05700802185926017
434,flow_rate_uL_min,SEC_assumed_product_kwh_kg,0.09186800123036809,0.06527711055439367
435,flow_rate_uL_min,SEC_assumed_product_kwh_kg,0.045117893925603614,0.072431143606034
436,flow_rate_uL_min,SEC_assumed_product_kwh_kg,0.15611007344572936,0.06430401742184505
437,flow_rate_uL_min,SEC_assumed_product_kwh_kg,0.08605659770796203,0.06510949487085907
438,flow_rate_uL_min,SEC_assumed_product_kwh_kg,0.1389196040987033,0.07510505823940908
439,flow_rate_uL_min,SEC_assumed_product_kwh_kg,0.08899839635769702,0.052327714367565316
440,flow_rate_uL_min,SEC_assumed_product_kwh_kg,0.10127188372116602,0.0581786130247539
441,flow_rate_uL_min,SEC_assumed_product_kwh_kg,0.081891011024952,0.06417858375420923
442,flow_rate_uL_min,SEC_assumed_product_kwh_kg,0.00913952799129003,0.0661612106965159
443,flow_rate_uL_min,SEC_assumed_product_kwh_kg,0.048154116109411116,0.05964478335012902
444,flow_rate_uL_min,SEC_assumed_product_kwh_kg,0.06648995000843083,0.06270064038559389
445,flow_rate_uL_min,SEC_assumed_product_kwh_kg,0.09109058138139836,0.0686192989421256
446,flow_rate_uL_min,SEC_assumed_product_kwh_kg,0.15792294886880331,0.06862464024762575
447,flow_rate_uL_min,SEC_assumed_product_kwh_kg,0.07932583561949647,0.06555372834315358
448,flow_rate_uL_min,SEC_assumed_product_kwh_kg,0.051635508998130075,0.06125688035840004
449,flow_rate_uL_min,SEC_assumed_product_kwh_kg,0.029526466436246457,0.06017372613479998
450,flow_rate_uL_min,SEC_assumed_product_kwh_kg,0.034215129567459646,0.06407767470112796
451,flow_rate_uL_min,SEC_assumed_product_kwh_kg,0.18664256563704662,0.062492347973875075
452,flow_rate_uL_min,SEC_assumed_product_kwh_kg,0.006233234433411394,0.07973919753630287
453,flow_rate_uL_min,SEC_assumed_product_kwh_kg,0.00026632687197314375,0.06272069436805826
454,flow_rate_uL_min,SEC_assumed_product_kwh_kg,0.08106776769381197,0.061421830461137035
455,flow_rate_uL_min,SEC_assumed_product_kwh_kg,0.1462756503122309,0.05868878567111539
456,flow_rate_uL_min,SEC_assumed_product_kwh_kg,0.0859021300654037,0.0658106611479569
457,flow_rate_uL_min,SEC_assumed_product_kwh_kg,0.043528257980479546,0.0634171274047215
458,flow_rate_uL_min,SEC_assumed_product_kwh_kg,0.00811735960994453,0.06572293933449352
459,flow_rate_uL_min,SEC_assumed_product_kwh_kg,0.05639246677889098,0.063194263777854
460,flow_rate_uL_min,SEC_assumed_product_kwh_kg,0.05377225634446592,0.06387488347036502
461,flow_rate_uL_min,SEC_assumed_product_kwh_kg,0.14609027064654445,0.0622323026245823
462,flow_rate_uL_min,SEC_assumed_product_kwh_kg,0.04531902983934333,0.06364306239469096
463,flow_rate_uL_min,SEC_assumed_product_kwh_kg,0.12859129960648008,0.057270688199404736
464,flow_rate_uL_min,SEC_assumed_product_kwh_kg,0.08846945180455545,0.07009842689382277
465,flow_rate_uL_min,SEC_assumed_product_kwh_kg,0.07327641853810629,0.08364794753123247
466,flow_rate_uL_min,SEC_assumed_product_kwh_kg,0.03127375451663528,0.064339674972111
467,flow_rate_uL_min,SEC_assumed_product_kwh_kg,0.06503228524207527,0.06728947102058391
468,flow_rate_uL_min,SEC_assumed_product_kwh_kg,0.026040122787723274,0.053435341808103005
469,flow_rate_uL_min,SEC_assumed_product_kwh_kg,0.001254461193605061,0.06641364877145267
470,flow_rate_uL_min,SEC_assumed_product_kwh_kg,0.05946018146612042,0.0661549688294333
471,flow_rate_uL_min,SEC_assumed_product_kwh_kg,0.05886524939184634,0.06245839588651082
472,flow_rate_uL_min,SEC_assumed_product_kwh_kg,0.1433305590325652,0.06564385020230812
473,flow_rate_uL_min,SEC_assumed_product_kwh_kg,0.05243003292763382,0.05833389484660299
474,flow_rate_uL_min,SEC_assumed_product_kwh_kg,0.05548369916258422,0.06665607883494529
475,flow_rate_uL_min,SEC_assumed_product_kwh_kg,0.12556221244421106,0.06247211373294437
476,flow_rate_uL_min,SEC_assumed_product_kwh_kg,0.035233687567684635,0.05660157371711459
477,flow_rate_uL_min,SEC_assumed_product_kwh_kg,0.11202689999099136,0.0646091617412816
478,flow_rate_uL_min,SEC_assumed_product_kwh_kg,0.1826834892921536,0.061146133853720225
479,flow_rate_uL_min,SEC_assumed_product_kwh_kg,0.12751449863006914,0.06497191995354817
480,flow_rate_uL_min,SEC_assumed_product_kwh_kg,0.14949455427635483,0.06310208337588495
481,flow_rate_uL_min,SEC_assumed_product_kwh_kg,-0.027269315602192812,0.06295590115287447
482,flow_rate_uL_min,SEC_assumed_product_kwh_kg,0.11990593142848782,0.06628264336784993
483,flow_rate_uL_min,SEC_assumed_product_kwh_kg,0.10357266018995004,0.06776931642413414
484,flow_rate_uL_min,SEC_assumed_product_kwh_kg,0.025254313858285027,0.06373055975003752
485,flow_rate_uL_min,SEC_assumed_product_kwh_kg,-0.01508172753011805,0.06293523552798197
486,flow_rate_uL_min,SEC_assumed_product_kwh_kg,0.09452394743381809,0.0665938728331663
487,flow_rate_uL_min,SEC_assumed_product_kwh_kg,0.08312920559533576,0.060759133464584156
488,flow_rate_uL_min,SEC_assumed_product_kwh_kg,0.05634472379090838,0.059365027757881585
489,flow_rate_uL_min,SEC_assumed_product_kwh_kg,0.1150568710438904,0.06777870376499542
490,flow_rate_uL_min,SEC_assumed_product_kwh_kg,0.030997532948647044,0.06607007915615329
491,flow_rate_uL_min,SEC_assumed_product_kwh_kg,-0.008077000596894202,0.06274038260093828
492,flow_rate_uL_min,SEC_assumed_product_kwh_kg,0.05985369987129352,0.05041781367311932
493,flow_rate_uL_min,SEC_assumed_product_kwh_kg,0.13165283477617018,0.0588596562793855
494,flow_rate_uL_min,SEC_assumed_product_kwh_kg,-0.00773002226652153,0.06513571678094952
495,flow_rate_uL_min,SEC_assumed_product_kwh_kg,0.05692626769762754,0.06531329873565142
496,flow_rate_uL_min,SEC_assumed_product_kwh_kg,0.038898875239383734,0.07214985790310668
497,flow_rate_uL_min,SEC_assumed_product_kwh_kg,0.06410123122006905,0.06849740203992577
498,flow_rate_uL_min,SEC_assumed_product_kwh_kg,0.07587414603184794,0.06397901595001844
499,flow_rate_uL_min,SEC_assumed_product_kwh_kg,0.09159831163237342,0.058421508292580575
0,overpotential_V,conversion_pct,0.00897167580039726,0.023814302030095706
1,overpotential_V,conversion_pct,0.025783696901505615,0.02258190777857746
2,overpotential_V,conversion_pct,0.07020136389789422,0.023459236398659187
3,overpotential_V,conversion_pct,0.11586014623098695,0.019978211434670684
4,overpotential_V,conversion_pct,-0.08370999309078053,0.01966097089779467
5,overpotential_V,conversion_pct,-0.06385478997826755,0.022176871416861636
6,overpotential_V,conversion_pct,0.0772009706842377,0.019028505704552924
7,overpotential_V,conversion_pct,0.05850736287562308,0.02204441463082088
8,overpotential_V,conversion_pct,0.2100515464699595,0.022080734057642284
9,overpotential_V,conversion_pct,0.08844170302840537,0.019912566190017286
10,overpotential_V,conversion_pct,-0.037711334170404065,0.019568084258851703
11,overpotential_V,conversion_pct,0.04900296225880707,0.0241650482490042
12,overpotential_V,conversion_pct,-0.055773221552122054,0.02231931728186431
13,overpotential_V,conversion_pct,0.0018689710217195676,0.02191048612211515
14,overpotential_V,conversion_pct,0.010026541691211088,0.02253741117990348
15,overpotential_V,conversion_pct,0.11146372043049402,0.021617792204946393
16,overpotential_V,conversion_pct,0.10465542620044022,0.022933597201637623
17,overpotential_V,conversion_pct,0.03779756591349581,0.020984288509128292
18,overpotential_V,conversion_pct,0.018229197237137673,0.019489305459657453
19,overpotential_V,conversion_pct,0.09208920481563154,0.02481883007855285
20,overpotential_V,conversion_pct,-0.021037371947452366,0.02003726880224376
21,overpotential_V,conversion_pct,0.015073479418842184,0.02425986941370273
22,overpotential_V,conversion_pct,-0.007107493802171128,0.021652338078514435
23,overpotential_V,conversion_pct,-0.04210625184746464,0.018509065904033412
24,overpotential_V,conversion_pct,-0.002000535017573135,0.021640986222293573
25,overpotential_V,conversion_pct,0.06652648621683854,0.017902723058386704
26,overpotential_V,conversion_pct,0.06366229459668682,0.022912324965135355
27,overpotential_V,conversion_pct,-0.057949236710597596,0.021997794865503326
28,overpotential_V,conversion_pct,0.04145930155990918,0.020521388132646354
29,overpotential_V,conversion_pct,-0.02456667151432157,0.02585303512980913
30,overpotential_V,conversion_pct,0.10284062438838149,0.01589134257189626
31,overpotential_V,conversion_pct,-0.07929244040790095,0.0202748778619303
32,overpotential_V,conversion_pct,0.03120760180846338,0.019834001597521387
33,overpotential_V,conversion_pct,0.06406456102042568,0.023925003429487727
34,overpotential_V,conversion_pct,-0.03197093141762464,0.020177311519191117
35,overpotential_V,conversion_pct,-0.018634927128016843,0.021616786776767226
36,overpotential_V,conversion_pct,0.04892733840571084,0.02339404100712304
37,overpotential_V,conversion_pct,-0.1197419311600263,0.020008696249692814
38,overpotential_V,conversion_pct,0.0027667854654861435,0.01743786576174458
39,overpotential_V,conversion_pct,0.049296889416564627,0.02182392765211228
40,overpotential_V,conversion_pct,0.06841472671567694,0.019475267500442775
41,overpotential_V,conversion_pct,-0.059459833774772486,0.015966945507079826
42,overpotential_V,conversion_pct,0.01793140291229378,0.024307076371636403
43,overpotential_V,conversion_pct,-0.006992063546418681,0.025066794794371107
44,overpotential_V,conversion_pct,0.04538249978106579,0.01837485667879197
45,overpotential_V,conversion_pct,0.14073806933617627,0.0215991324932791
46,overpotential_V,conversion_pct,0.028835908431256385,0.021377705967374976
47,overpotential_V,conversion_pct,0.09067763130372775,0.02278499939394796
48,overpotential_V,conversion_pct,0.014864232587883053,0.021034297095905537
49,overpotential_V,conversion_pct,-0.04326490806993544,0.029175044650951144
50,overpotential_V,conversion_pct,0.15035545242467985,0.02125899906685679
51,overpotential_V,conversion_pct,-0.07261958987548622,0.02012517268128765
52,overpotential_V,conversion_pct,0.0877611446130857,0.023869905927793304
53,overpotential_V,conversion_pct,-0.04619582419415469,0.022335193410208242
54,overpotential_V,conversion_pct,0.08092396972578153,0.017061736644786066
55,overpotential_V,conversion_pct,0.11576346493540324,0.022148503179211836
56,overpotential_V,conversion_pct,0.0322383356139595,0.02190406277897772
57,overpotential_V,conversion_pct,-0.06573962365331942,0.018811251563604352
58,overpotential_V,conversion_pct,0.08590265981072487,0.02827519982645146
59,overpotential_V,conversion_pct,0.0802289083101072,0.02289933087163054
60,overpotential_V,conversion_pct,0.04359667907567455,0.02559964587529347
61,overpotential_V,conversion_pct,0.041290384338271924,0.02029178495012541
62,overpotential_V,conversion_pct,0.06616022060049997,0.02078850005883005
63,overpotential_V,conversion_pct,-0.028799340539710894,0.018157429132719807
64,overpotential_V,conversion_pct,-0.07806817043916126,0.020299620296194913
65,overpotential_V,conversion_pct,-0.024819749612643438,0.02305702317871422
66,overpotential_V,conversion_pct,-0.021338557769915223,0.024600950527738873
67,overpotential_V,conversion_pct,-0.08822190948009978,0.025555501305804713
68,overpotential_V,conversion_pct,0.033329059118947124,0.02140995763608095
69,overpotential_V,conversion_pct,0.020435063498271067,0.020347158601887478
70,overpotential_V,conversion_pct,0.01197887963860933,0.021603197203918748
71,overpotential_V,conversion_pct,0.030459159889759446,0.019789872806382655
72,overpotential_V,conversion_pct,-0.036786412877089614,0.025421142719290777
73,overpotential_V,conversion_pct,0.004296136654700633,0.024088581665551383
74,overpotential_V,conversion_pct,-0.060724519835881674,0.019991740263130973
75,overpotential_V,conversion_pct,0.017947793909519283,0.019919286381992245
76,overpotential_V,conversion_pct,-0.039512108511361665,0.02151841266332731
77,overpotential_V,conversion_pct,0.04426481051011211,0.028316300376368307
78,overpotential_V,conversion_pct,0.06737815210361164,0.029671441820750134
79,overpotential_V,conversion_pct,-0.08143592277165301,0.0190252998869328
80,overpotential_V,conversion_pct,-0.005493164510412152,0.019309694549206627
81,overpotential_V,conversion_pct,0.008233776173701468,0.017841823685977233
82,overpotential_V,conversion_pct,-0.05132552783908295,0.02154702501358007
83,overpotential_V,conversion_pct,0.012735197488516925,0.019709221728857702
84,overpotential_V,conversion_pct,0.0023902495227088316,0.023784126237092616
85,overpotential_V,conversion_pct,0.13657373314905952,0.01610831622052886
86,overpotential_V,conversion_pct,-0.06398026217173536,0.019380718489818306
87,overpotential_V,conversion_pct,0.08483753352213186,0.022024847962821486
88,overpotential_V,conversion_pct,0.11500947608628109,0.02191099586002657
89,overpotential_V,conversion_pct,0.15723361894682308,0.019134435737088604
90,overpotential_V,conversion_pct,0.009537901447825403,0.019647301732066212
91,overpotential_V,conversion_pct,0.009184433970626626,0.021181175208431255
92,overpotential_V,conversion_pct,-0.0063672370827916325,0.015215929060417088
93,overpotential_V,conversion_pct,-0.08087307701280566,0.022212278611174075
94,overpotential_V,conversion_pct,-0.020076742689352223,0.027423148599492866
95,overpotential_V,conversion_pct,0.020131590140647915,0.01631329474024406
96,overpotential_V,conversion_pct,0.04763780226353109,0.026551044044355772
97,overpotential_V,conversion_pct,0.0027941222393749188,0.01824113928038005
98,overpotential_V,conversion_pct,-0.09041849572250737,0.0234303915874776
99,overpotential_V,conversion_pct,0.10278523886133428,0.021296137966646336
100,overpotential_V,conversion_pct,0.10409558975068478,0.025428729558818995
101,overpotential_V,conversion_pct,0.037324794681745765,0.025353231600100248
102,overpotential_V,conversion_pct,0.09540308713602375,0.020855873865215747
103,overpotential_V,conversion_pct,0.04590407584086509,0.029108873866127035
104,overpotential_V,conversion_pct,-0.048662671482317954,0.024347112580540554
105,overpotential_V,conversion_pct,0.011857376918252394,0.02194926933026964
106,overpotential_V,conversion_pct,0.008046700166994825,0.02556969112328645
107,overpotential_V,conversion_pct,-0.008536787048763816,0.019465350862318622
108,overpotential_V,conversion_pct,0.0474944638408108,0.01726124916675822
109,overpotential_V,conversion_pct,-0.005127270769583081,0.015127393101797405
110,overpotential_V,conversion_pct,0.022292468550005995,0.019564468016185756
111,overpotential_V,conversion_pct,-0.09705212491879722,0.02018713512469371
112,overpotential_V,conversion_pct,0.10418465227579554,0.01690952085149772
113,overpotential_V,conversion_pct,0.07332310043386292,0.020587288072870042
114,overpotential_V,conversion_pct,-0.03202250754381586,0.017643220847482707
115,overpotential_V,conversion_pct,0.044119887436060656,0.02092976919932349
116,overpotential_V,conversion_pct,0.010566273270011695,0.01785952256204264
117,overpotential_V,conversion_pct,-0.08407984164611682,0.02273040930410803
118,overpotential_V,conversion_pct,0.07551653071495734,0.020151218425841784
119,overpotential_V,conversion_pct,0.14715019725389622,0.020448684671801384
120,overpotential_V,conversion_pct,0.050038064840312924,0.021439218584915078
121,overpotential_V,conversion_pct,-0.0243037710270968,0.02236814401024145
122,overpotential_V,conversion_pct,0.037322064447707914,0.024311014599548146
123,overpotential_V,conversion_pct,-0.01908495673566679,0.02512059432584427
124,overpotential_V,conversion_pct,-0.020277411664963108,0.026000500396825863
125,overpotential_V,conversion_pct,0.04140588676282886,0.021355288076922763
126,overpotential_V,conversion_pct,-0.06923593007869466,0.01857509953559025
127,overpotential_V,conversion_pct,0.10623147527566223,0.0200118865855132
128,overpotential_V,conversion_pct,-0.06826857153618282,0.027666494291531007
129,overpotential_V,conversion_pct,0.009667914570959835,0.0220783794128128
130,overpotential_V,conversion_pct,0.0036561068659400897,0.025202626648678214
131,overpotential_V,conversion_pct,-0.01965350978140168,0.018218485266655274
132,overpotential_V,conversion_pct,0.004258736850571099,0.020431157499498608
133,overpotential_V,conversion_pct,0.08920223340063993,0.022536889597260176
134,overpotential_V,conversion_pct,-0.07689466046357452,0.027909395324808517
135,overpotential_V,conversion_pct,0.1272624217085141,0.02138597067878853
136,overpotential_V,conversion_pct,-0.03875554643912449,0.018082944111363245
137,overpotential_V,conversion_pct,0.09158527149629225,0.022124423700001457
138,overpotential_V,conversion_pct,-0.030575830354980793,0.021653666940767282
139,overpotential_V,conversion_pct,0.10681523177082364,0.01786699767079794
140,overpotential_V,conversion_pct,0.06940128860542194,0.024009009958270704
141,overpotential_V,conversion_pct,0.03403690687966354,0.02190115738383606
142,overpotential_V,conversion_pct,0.05324872845892581,0.021036324785141412
143,overpotential_V,conversion_pct,-0.020158903700378428,0.019300288944562254
144,overpotential_V,conversion_pct,-0.0032050367913183386,0.020498682197839253
145,overpotential_V,conversion_pct,0.06345837045050351,0.02555487351868003
146,overpotential_V,conversion_pct,-0.13274741169303916,0.02794394006213768
147,overpotential_V,conversion_pct,0.04581770859783629,0.025614848789955687
148,overpotential_V,conversion_pct,0.10486840652438933,0.022024356230278888
149,overpotential_V,conversion_pct,-0.03780656323345899,0.02191764996429173
150,overpotential_V,conversion_pct,0.11784716868495515,0.021703144317749598
151,overpotential_V,conversion_pct,0.04740151893162747,0.02142635042409383
152,overpotential_V,conversion_pct,0.03706470952796381,0.01661402252015484
153,overpotential_V,conversion_pct,-0.005384388501088244,0.01991415473038902
154,overpotential_V,conversion_pct,-0.05383840424941,0.020029740398437728
155,overpotential_V,conversion_pct,0.06063576458517839,0.022621889985163075
156,overpotential_V,conversion_pct,-0.012686669281648522,0.021867478232280586
157,overpotential_V,conversion_pct,0.04300103654346188,0.021225996333442857
158,overpotential_V,conversion_pct,0.01970850475150443,0.020621834223663996
159,overpotential_V,conversion_pct,0.05057132979569712,0.025218184885932513
160,overpotential_V,conversion_pct,-0.1057234197234187,0.02251145610552714
161,overpotential_V,conversion_pct,0.0876981653254012,0.023004761602849633
162,overpotential_V,conversion_pct,0.055186239384566904,0.029627993299674544
163,overpotential_V,conversion_pct,-0.0018270472006955973,0.024930326803453598
164,overpotential_V,conversion_pct,0.11555361764039751,0.021857309284531907
165,overpotential_V,conversion_pct,0.0718036422948608,0.018239484891519196
166,overpotential_V,conversion_pct,0.018723347038593796,0.02219313409327464
167,overpotential_V,conversion_pct,0.09090417359361669,0.019015330412152223
168,overpotential_V,conversion_pct,0.04322281678823414,0.019656875743361855
169,overpotential_V,conversion_pct,-0.043790177211288084,0.026874949323152035
170,overpotential_V,conversion_pct,0.0006953729788737872,0.024170470652540483
171,overpotential_V,conversion_pct,0.2002871296362727,0.018329535652681465
172,overpotential_V,conversion_pct,0.07285054191845497,0.02784573917573126
173,overpotential_V,conversion_pct,0.13445655822118285,0.021023488541021564
174,overpotential_V,conversion_pct,0.11091149133241607,0.023644227421473017
175,overpotential_V,conversion_pct,-0.0015182379915179567,0.024901259313084352
176,overpotential_V,conversion_pct,0.015972069065679606,0.017371957199618728
177,overpotential_V,conversion_pct,0.00035750657607103165,0.0171946334815808
178,overpotential_V,conversion_pct,-0.010109463625776582,0.020104343683877927
179,overpotential_V,conversion_pct,0.07272646240386271,0.018084164120186097
180,overpotential_V,conversion_pct,0.052011451857212454,0.019871855778833297
181,overpotential_V,conversion_pct,0.046317040576801194,0.021127902985354722
182,overpotential_V,conversion_pct,0.06908201965716454,0.020150786018189842
183,overpotential_V,conversion_pct,0.03913254106968911,0.02400918478606511
184,overpotential_V,conversion_pct,0.03557038458725581,0.017157506889351925
185,overpotential_V,conversion_pct,0.09886150642016234,0.019821725565659316
186,overpotential_V,conversion_pct,0.001224603022086379,0.021827236813423002
187,overpotential_V,conversion_pct,0.030585747546758246,0.023362547828086947
188,overpotential_V,conversion_pct,-0.04783546337939759,0.0247783515778099
189,overpotential_V,conversion_pct,0.008278890144382545,0.01911359779366396
190,overpotential_V,conversion_pct,0.0050400605039542246,0.023166050217564408
191,overpotential_V,conversion_pct,0.13078510851719094,0.018532234758208227
192,overpotential_V,conversion_pct,0.025208791257524954,0.020844142461374573
193,overpotential_V,conversion_pct,-0.039841117594962894,0.020026729884738203
194,overpotential_V,conversion_pct,0.0019237761068520154,0.02469344184977723
195,overpotential_V,conversion_pct,0.08841504159967162,0.01657490699290765
196,overpotential_V,conversion_pct,-0.021508074281151535,0.01941984250143333
197,overpotential_V,conversion_pct,-0.07215096695049339,0.02402408591665791
198,overpotential_V,conversion_pct,0.17204299828790004,0.021300257968972742
199,overpotential_V,conversion_pct,0.08912611312583585,0.02288175036544257
200,overpotential_V,conversion_pct,-0.015381710161570528,0.023825325510156807
201,overpotential_V,conversion_pct,0.12878976734599568,0.017177657937911785
202,overpotential_V,conversion_pct,-0.00441984300843834,0.02074030308707352
203,overpotential_V,conversion_pct,0.10444985833726772,0.020988723711216278
204,overpotential_V,conversion_pct,-0.03784958990084775,0.024974381558580703
205,overpotential_V,conversion_pct,0.04042150022398949,0.02548604899562009
206,overpotential_V,conversion_pct,0.02710271090274019,0.025908835929506022
207,overpotential_V,conversion_pct,0.044850612730172656,0.021012432148228306
208,overpotential_V,conversion_pct,0.06523067739018551,0.018477212510387104
209,overpotential_V,conversion_pct,0.030925278798413003,0.017953070560306972
210,overpotential_V,conversion_pct,0.006815447339840075,0.018941719086827156
211,overpotential_V,conversion_pct,-0.10139279260293321,0.018632323691969998
212,overpotential_V,conversion_pct,-0.03827896405964104,0.022094631274612773
213,overpotential_V,conversion_pct,0.0971571141498433,0.02020928234980155
214,overpotential_V,conversion_pct,0.052098590001828704,0.025064322807777952
215,overpotential_V,conversion_pct,0.043711962168592855,0.01794790502014971
216,overpotential_V,conversion_pct,-0.018327359590643466,0.021910810466675406
217,overpotential_V,conversion_pct,0.1575355339365052,0.020233805292048428
218,overpotential_V,conversion_pct,0.0401004524351638,0.020855870784313488
219,overpotential_V,conversion_pct,-0.037509230320321496,0.027088412915783032
220,overpotential_V,conversion_pct,0.07133058520727331,0.02091781749849075
221,overpotential_V,conversion_pct,-0.01622565498755435,0.020746058756726492
222,overpotential_V,conversion_pct,0.04724181677213024,0.026460057611507555
223,overpotential_V,conversion_pct,-0.0009934928949009159,0.02089502795553138
224,overpotential_V,conversion_pct,-0.009533153083571388,0.02520438189874048
225,overpotential_V,conversion_pct,0.030160782016490195,0.02314780939571089
226,overpotential_V,conversion_pct,0.023803591407588254,0.023880004437911183
227,overpotential_V,conversion_pct,-0.022587964316836517,0.020943329066485564
228,overpotential_V,conversion_pct,0.004430542416397509,0.023844810436191695
229,overpotential_V,conversion_pct,0.06761390746278428,0.025120558465455446
230,overpotential_V,conversion_pct,0.08150592534430146,0.025027909874471517
231,overpotential_V,conversion_pct,0.0725648603928617,0.02208457865403434
232,overpotential_V,conversion_pct,0.03512566127648864,0.0181466631094164
233,overpotential_V,conversion_pct,0.06745476337775091,0.016056830074090308
234,overpotential_V,conversion_pct,0.045039842447824,0.026487051706783983
235,overpotential_V,conversion_pct,0.10130208031923793,0.01672768070354099
236,overpotential_V,conversion_pct,0.00203796169872561,0.020919030109579972
237,overpotential_V,conversion_pct,0.0826557961506007,0.02332212083478878
238,overpotential_V,conversion_pct,0.13140793677660645,0.022173883978458674
239,overpotential_V,conversion_pct,-0.0013803984674145564,0.022660855574167957
240,overpotential_V,conversion_pct,0.07559884612930923,0.02338528949576235
241,overpotential_V,conversion_pct,-0.13488320539980347,0.020321875399978127
242,overpotential_V,conversion_pct,-0.032112956954653216,0.021325683340555977
243,overpotential_V,conversion_pct,0.047766004117970495,0.016155353839677974
244,overpotential_V,conversion_pct,-0.044269322932253496,0.017645065220757705
245,overpotential_V,conversion_pct,-0.043969001114266604,0.022157097238257744
246,overpotential_V,conversion_pct,0.09005999043641078,0.022386778892866083
247,overpotential_V,conversion_pct,0.07302064308929679,0.019397663243783836
248,overpotential_V,conversion_pct,-0.0480361678487522,0.01739211734578706
249,overpotential_V,conversion_pct,0.054575369425229,0.019418008526853266
250,overpotential_V,conversion_pct,-0.041767022662120734,0.018292504048534934
251,overpotential_V,conversion_pct,0.03454079887348094,0.018868565791013748
252,overpotential_V,conversion_pct,-0.03820021141322982,0.021778876950714853
253,overpotential_V,conversion_pct,0.06912654288307896,0.022898801065089115
254,overpotential_V,conversion_pct,0.08298808979092365,0.028100578908660977
255,overpotential_V,conversion_pct,0.05542449469117894,0.02111695784470017
256,overpotential_V,conversion_pct,0.025009142580704413,0.02066813321265318
257,overpotential_V,conversion_pct,0.1391551965848843,0.020714096763659973
258,overpotential_V,conversion_pct,0.0014241394641811844,0.02611381753781025
259,overpotential_V,conversion_pct,0.068210033597072,0.01822268308350788
260,overpotential_V,conversion_pct,0.13888998879791603,0.02016990055914083
261,overpotential_V,conversion_pct,-0.016640959592002735,0.02209380908991445
262,overpotential_V,conversion_pct,0.0947847102538909,0.024056965378558167
263,overpotential_V,conversion_pct,-0.048974540469138406,0.020023986940609882
264,overpotential_V,conversion_pct,-0.05605665600525289,0.02347948211328617
265,overpotential_V,conversion_pct,-0.02869323761485143,0.021632129170523977
266,overpotential_V,conversion_pct,0.04960132985646559,0.024360752060652226
267,overpotential_V,conversion_pct,-0.05376928036320772,0.02323254180519122
268,overpotential_V,conversion_pct,0.04321763028035108,0.018100148892938827
269,overpotential_V,conversion_pct,-0.0422481709842879,0.020557233291658705
270,overpotential_V,conversion_pct,-0.06382871756776809,0.019600341799845242
271,overpotential_V,conversion_pct,0.03593454635589299,0.025748238007758543
272,overpotential_V,conversion_pct,0.046307028295741515,0.025340438517970163
273,overpotential_V,conversion_pct,0.18822535127993711,0.020247443642291224
274,overpotential_V,conversion_pct,0.04973753964130856,0.024334187040748332
275,overpotential_V,conversion_pct,0.014798539340740935,0.020429684952012778
276,overpotential_V,conversion_pct,0.018506873726003792,0.022673712503429623
277,overpotential_V,conversion_pct,-0.054470217912307106,0.025409547812157707
278,overpotential_V,conversion_pct,0.11236635854765797,0.024192625749840414
279,overpotential_V,conversion_pct,-0.035440187728625894,0.021092685388709096
280,overpotential_V,conversion_pct,0.011825704094074907,0.020095059600880358
281,overpotential_V,conversion_pct,-0.028161164829509477,0.02470744991428278
282,overpotential_V,conversion_pct,0.05241560311077631,0.02214891440076972
283,overpotential_V,conversion_pct,0.1194864793568019,0.01841963862523056
284,overpotential_V,conversion_pct,-0.032529937902089356,0.01733314358128363
285,overpotential_V,conversion_pct,0.003415089969759255,0.017118635214290568
286,overpotential_V,conversion_pct,0.04986610516167367,0.02108492569050948
287,overpotential_V,conversion_pct,0.02923859730877798,0.020451172286028996
288,overpotential_V,conversion_pct,-0.04138199904043138,0.017903730144800394
289,overpotential_V,conversion_pct,-0.016929716261871564,0.02210815787032991
290,overpotential_V,conversion_pct,-0.02705207294337364,0.023800270401271313
291,overpotential_V,conversion_pct,-0.04614365957277866,0.02510554876866222
292,overpotential_V,conversion_pct,-0.002430989700304087,0.022776908247508578
293,overpotential_V,conversion_pct,0.1364822718761668,0.02187053153453424
294,overpotential_V,conversion_pct,0.01881598095956305,0.019966532847394046
295,overpotential_V,conversion_pct,-0.010377558172315338,0.022388605470026777
296,overpotential_V,conversion_pct,0.052329089061327605,0.023418189709513364
297,overpotential_V,conversion_pct,0.046482040514874035,0.020645160526241903
298,overpotential_V,conversion_pct,0.03585446973460449,0.019304213632090575
299,overpotential_V,conversion_pct,0.10790061465983425,0.025630447907582045
300,overpotential_V,conversion_pct,0.09204484512547695,0.021976549222363504
301,overpotential_V,conversion_pct,0.04787740355369863,0.019343245267202686
302,overpotential_V,conversion_pct,-0.0618690332132088,0.020122256234145847
303,overpotential_V,conversion_pct,0.04816300915508076,0.019693251424886905
304,overpotential_V,conversion_pct,0.0053178261786341885,0.020637788227015275
305,overpotential_V,conversion_pct,0.07753040750831908,0.018238955449990286
306,overpotential_V,conversion_pct,-0.031944290759845284,0.018211772781753933
307,overpotential_V,conversion_pct,0.06351971999901163,0.02248994906655742
308,overpotential_V,conversion_pct,-0.0217195469942415,0.023421203053021783
309,overpotential_V,conversion_pct,-0.04451967176809979,0.018785908993745177
310,overpotential_V,conversion_pct,0.08583862096987649,0.020760596671049222
311,overpotential_V,conversion_pct,0.08941767401179146,0.017034261075266205
312,overpotential_V,conversion_pct,0.09411495445130114,0.019455155730653633
313,overpotential_V,conversion_pct,-0.07638594565840906,0.01979340874964145
314,overpotential_V,conversion_pct,0.13855123209038456,0.01929643527322112
315,overpotential_V,conversion_pct,0.006919940282468229,0.018431177498896348
316,overpotential_V,conversion_pct,0.05070565006642258,0.021259779639862975
317,overpotential_V,conversion_pct,-0.07367421233971827,0.025185954257845394
318,overpotential_V,conversion_pct,0.06012695098394394,0.020038317393925385
319,overpotential_V,conversion_pct,0.018497266678548563,0.021487303235248948
320,overpotential_V,conversion_pct,0.05789314986226002,0.01910927404187574
321,overpotential_V,conversion_pct,-0.015109622620824714,0.02218731244093767
322,overpotential_V,conversion_pct,-0.008409325629917364,0.020821070775553507
323,overpotential_V,conversion_pct,0.05833842967832237,0.02173830995568296
324,overpotential_V,conversion_pct,0.03440030074369427,0.02454111766602539
325,overpotential_V,conversion_pct,-0.026564246304093375,0.020197152670433805
326,overpotential_V,conversion_pct,0.03255172639764259,0.021122901966290318
327,overpotential_V,conversion_pct,0.007500231405904723,0.020845424880097708
328,overpotential_V,conversion_pct,0.0058772665135132796,0.022748595682039487
329,overpotential_V,conversion_pct,-0.008539923888650769,0.025402585756859983
330,overpotential_V,conversion_pct,-0.01604685371434833,0.019737509307254944
331,overpotential_V,conversion_pct,-0.0913621298259848,0.01799259573237716
332,overpotential_V,conversion_pct,0.03939012933147179,0.021330574933061983
333,overpotential_V,conversion_pct,-0.041917638168460725,0.024594154638468792
334,overpotential_V,conversion_pct,0.0917362393059975,0.016197676189835742
335,overpotential_V,conversion_pct,-0.014798651205863766,0.020188460942163224
336,overpotential_V,conversion_pct,0.05388808612922291,0.018371151064446044
337,overpotential_V,conversion_pct,0.013440993124466227,0.018377299269278696
338,overpotential_V,conversion_pct,-0.008386416325074864,0.021704310144867088
339,overpotential_V,conversion_pct,0.05821369744221405,0.023252641376056857
340,overpotential_V,conversion_pct,-0.008044358640381999,0.01827876573943231
341,overpotential_V,conversion_pct,0.002457894522099102,0.020354780195282196
342,overpotential_V,conversion_pct,0.01809553621267579,0.0224133102474355
343,overpotential_V,conversion_pct,0.1122333962103308,0.01598536452507325
344,overpotential_V,conversion_pct,-0.060930927084601905,0.021704801726113457
345,overpotential_V,conversion_pct,-0.03063983391080538,0.0197570961406191
346,overpotential_V,conversion_pct,0.08044971185107497,0.018980565363280865
347,overpotential_V,conversion_pct,0.09171113430397293,0.015272092612823297
348,overpotential_V,conversion_pct,0.1473605488719243,0.017806954286394346
349,overpotential_V,conversion_pct,-0.09722732907972431,0.02406146992350185
350,overpotential_V,conversion_pct,0.01385906723667496,0.017224352919112843
351,overpotential_V,conversion_pct,-0.052533894834574824,0.019467661190198403
352,overpotential_V,conversion_pct,0.06858601373834683,0.020760346529583428
353,overpotential_V,conversion_pct,-0.06414405971027959,0.01957014421274291
354,overpotential_V,conversion_pct,0.03737682498134731,0.025439944753358527
355,overpotential_V,conversion_pct,0.09888560422641268,0.02239645706132819
356,overpotential_V,conversion_pct,-0.0067231855546074915,0.02333721028488531
357,overpotential_V,conversion_pct,0.04475054573961357,0.02053057767750996
358,overpotential_V,conversion_pct,-0.048766890859597956,0.016570666043773226
359,overpotential_V,conversion_pct,-0.09952521315993224,0.02586615110970157
360,overpotential_V,conversion_pct,0.10020896152683423,0.023463108729351926
361,overpotential_V,conversion_pct,0.07536667709801215,0.02221720003141815
362,overpotential_V,conversion_pct,0.022563434478805156,0.021924452722681988
363,overpotential_V,conversion_pct,0.14065224024385303,0.02277673270813176
364,overpotential_V,conversion_pct,0.15551401245579288,0.021019991460148022
365,overpotential_V,conversion_pct,0.11376170777790973,0.03141515074698361
366,overpotential_V,conversion_pct,0.04067714907125808,0.01782077887707226
367,overpotential_V,conversion_pct,0.008413613769763573,0.02006801125841424
368,overpotential_V,conversion_pct,-0.04837035792925959,0.02243837754643996
369,overpotential_V,conversion_pct,0.06705599300160847,0.01878905238272268
370,overpotential_V,conversion_pct,0.043236053217378445,0.01682581391885678
371,overpotential_V,conversion_pct,-0.03290409574548536,0.02470623608640035
372,overpotential_V,conversion_pct,0.06716499549099231,0.023325487835989412
373,overpotential_V,conversion_pct,0.11036066936970179,0.01795928586599325
374,overpotential_V,conversion_pct,0.11901372217213912,0.024340006070791887
375,overpotential_V,conversion_pct,0.03207499249635537,0.01958184795700073
376,overpotential_V,conversion_pct,0.04846275536658573,0.02003163842486659
377,overpotential_V,conversion_pct,-0.034999319592477374,0.02133361088049165
378,overpotential_V,conversion_pct,0.027626760764476566,0.026559324178247475
379,overpotential_V,conversion_pct,0.07484427215854861,0.021154581534477815
380,overpotential_V,conversion_pct,0.03135366030398112,0.0210323439739602
381,overpotential_V,conversion_pct,0.014559029521534317,0.0213858837704739
382,overpotential_V,conversion_pct,-0.0724796573999773,0.018596648110372566
383,overpotential_V,conversion_pct,0.08986113615606228,0.019493945380261214
384,overpotential_V,conversion_pct,0.033987869097201195,0.021277945110771957
385,overpotential_V,conversion_pct,0.010013330862268743,0.024875706130940277
386,overpotential_V,conversion_pct,0.11563431086166587,0.023624278865928272
387,overpotential_V,conversion_pct,0.0755942042774076,0.02223257784950463
388,overpotential_V,conversion_pct,0.17337295376525852,0.020137356307596853
389,overpotential_V,conversion_pct,-0.016577374829538583,0.018115705484877922
390,overpotential_V,conversion_pct,0.020076024874988496,0.02185059349234368
391,overpotential_V,conversion_pct,0.06851028038706786,0.02022927643776184
392,overpotential_V,conversion_pct,0.041405225238751564,0.01821742939962212
393,overpotential_V,conversion_pct,0.13409490140775138,0.01740310586438996
394,overpotential_V,conversion_pct,0.050210351595734726,0.019505053884966324
395,overpotential_V,conversion_pct,0.0415643615078336,0.02008019855639605
396,overpotential_V,conversion_pct,0.017520489214237656,0.023860331659528083
397,overpotential_V,conversion_pct,-0.0661652664221688,0.017588122763298162
398,overpotential_V,conversion_pct,0.1521189933391267,0.019989057910291912
399,overpotential_V,conversion_pct,0.07236065374962675,0.016486253657894957
400,overpotential_V,conversion_pct,0.026094760649363113,0.019345091273758278
401,overpotential_V,conversion_pct,0.11977670364279713,0.020595101363176112
402,overpotential_V,conversion_pct,-0.0009796494712930315,0.0221185186367623
403,overpotential_V,conversion_pct,0.04426196568030216,0.02300445955659674
404,overpotential_V,conversion_pct,-0.04495676795653458,0.018565646994129815
405,overpotential_V,conversion_pct,0.1336847309723882,0.02229262138555728
406,overpotential_V,conversion_pct,0.056694539958073054,0.018981342292641916
407,overpotential_V,conversion_pct,0.07346892217259648,0.019530935510332883
408,overpotential_V,conversion_pct,-0.021000870562760898,0.021249457079078965
409,overpotential_V,conversion_pct,0.11701435720509101,0.02082378907891502
410,overpotential_V,conversion_pct,0.003244841511148233,0.01972349302861841
411,overpotential_V,conversion_pct,-0.038346530293168035,0.024250688198233717
412,overpotential_V,conversion_pct,0.07861617686123457,0.019683550076294062
413,overpotential_V,conversion_pct,0.04906586412548386,0.018666292071185236
414,overpotential_V,conversion_pct,-0.049966867381502356,0.019225932452818964
415,overpotential_V,conversion_pct,0.08192110002788677,0.031383087520549316
416,overpotential_V,conversion_pct,-0.04600406554672554,0.018388061894258474
417,overpotential_V,conversion_pct,0.10606739563264811,0.023379199907332344
418,overpotential_V,conversion_pct,0.0345525350826722,0.018999150727935343
419,overpotential_V,conversion_pct,0.0651241143299075,0.01854239336893078
420,overpotential_V,conversion_pct,0.06886424619039544,0.02530266107698106
421,overpotential_V,conversion_pct,-0.018695297818409395,0.02057950346509625
422,overpotential_V,conversion_pct,0.16904108081376068,0.022769071090770653
423,overpotential_V,conversion_pct,0.07094306904471281,0.01973600211226427
424,overpotential_V,conversion_pct,0.0828320602625271,0.02194636628497728
425,overpotential_V,conversion_pct,0.0684247005086781,0.0193852712564607
426,overpotential_V,conversion_pct,0.08250243876738239,0.023413521438171433
427,overpotential_V,conversion_pct,-0.02489348760473664,0.024013408600557833
428,overpotential_V,conversion_pct,0.05577374587522754,0.03213157204450665
429,overpotential_V,conversion_pct,-0.00999774294253486,0.02691844818831837
430,overpotential_V,conversion_pct,0.17212565692810788,0.019775040677611135
431,overpotential_V,conversion_pct,-0.026424667767597665,0.020227783971164263
432,overpotential_V,conversion_pct,0.09767791297656792,0.02016724174334549
433,overpotential_V,conversion_pct,0.04527193728563772,0.024286024453424447
434,overpotential_V,conversion_pct,0.13111387873932967,0.02196123762182035
435,overpotential_V,conversion_pct,0.0430931548281257,0.02079880352857409
436,overpotential_V,conversion_pct,0.0987546771096679,0.01958537841706362
437,overpotential_V,conversion_pct,-0.044545837611148054,0.02464841136544327
438,overpotential_V,conversion_pct,0.07056502388908714,0.023336674070325483
439,overpotential_V,conversion_pct,0.057960997142944004,0.01864920504425265
440,overpotential_V,conversion_pct,0.06973859249516101,0.02125512238592473
441,overpotential_V,conversion_pct,0.06056094028804915,0.020417860258993656
442,overpotential_V,conversion_pct,-0.044191694249865465,0.020695155823994296
443,overpotential_V,conversion_pct,0.04167101123362338,0.018665936021303467
444,overpotential_V,conversion_pct,-0.00013272904170524846,0.019452766078677197
445,overpotential_V,conversion_pct,0.04097817320913377,0.021912831636578933
446,overpotential_V,conversion_pct,0.1600336157024329,0.022551794604783116
447,overpotential_V,conversion_pct,-0.01026154987032557,0.021145992603545907
448,overpotential_V,conversion_pct,-0.015001680898611314,0.023974427193638122
449,overpotential_V,conversion_pct,-0.017663629281288618,0.023923671570603034
450,overpotential_V,conversion_pct,-0.045170601930505594,0.022706809840703154
451,overpotential_V,conversion_pct,0.04509547678979997,0.019425258247477366
452,overpotential_V,conversion_pct,-0.07467790383116979,0.024626131626862217
453,overpotential_V,conversion_pct,-0.037899952833313044,0.021135542489504906
454,overpotential_V,conversion_pct,0.02771870038245927,0.01841585697177
455,overpotential_V,conversion_pct,0.13730968071456462,0.021356382902651655
456,overpotential_V,conversion_pct,0.041221094216807086,0.021463660917884226
457,overpotential_V,conversion_pct,0.02292765501142091,0.0218704228642822
458,overpotential_V,conversion_pct,0.007502138199871555,0.019601927085828048
459,overpotential_V,conversion_pct,0.019573361428404934,0.02031070007209818
460,overpotential_V,conversion_pct,0.01641134246599185,0.0146651941751047
461,overpotential_V,conversion_pct,0.05197352638540964,0.014985271348274473
462,overpotential_V,conversion_pct,0.05827098571349065,0.019146104065113988
463,overpotential_V,conversion_pct,0.08007463346298405,0.020296239471854913
464,overpotential_V,conversion_pct,0.14912086284177772,0.022635407075931792
465,overpotential_V,conversion_pct,0.0315877573289689,0.021561575357909056
466,overpotential_V,conversion_pct,-0.033471113641857286,0.019715906539379918
467,overpotential_V,conversion_pct,0.009554896104836508,0.02147010683565121
468,overpotential_V,conversion_pct,0.004893464019674498,0.019671940528955885
469,overpotential_V,conversion_pct,-0.04618354299576599,0.01621347608966899
470,overpotential_V,conversion_pct,0.03724761013653555,0.02112565065735208
471,overpotential_V,conversion_pct,0.0450952682773933,0.018085234003062996
472,overpotential_V,conversion_pct,0.12488968468758588,0.023225565127343674
473,overpotential_V,conversion_pct,0.050336708157745935,0.021186623797416794
474,overpotential_V,conversion_pct,0.005336355639847912,0.025779934611252543
475,overpotential_V,conversion_pct,0.02267307100266336,0.023621357337861516
476,overpotential_V,conversion_pct,-0.041162122295160364,0.021201954305883106
477,overpotential_V,conversion_pct,0.1123720282910764,0.018467062313103657
478,overpotential_V,conversion_pct,0.15496445170734674,0.023625060756738123
479,overpotential_V,conversion_pct,0.10171458257586641,0.018852439759913752
480,overpotential_V,conversion_pct,0.08463153633024834,0.023980744762844626
481,overpotential_V,conversion_pct,-0.021738504741145137,0.01990119995677038
482,overpotential_V,conversion_pct,-0.0038267272709997524,0.022604364613930682
483,overpotential_V,conversion_pct,0.05490832010858915,0.02157791699573397
484,overpotential_V,conversion_pct,0.07274410862078973,0.02215388603753678
485,overpotential_V,conversion_pct,0.03366720639375276,0.022488225822859163
486,overpotential_V,conversion_pct,0.10935211477980966,0.01745852580384751
487,overpotential_V,conversion_pct,0.047971177163058876,0.02129513775404966
488,overpotential_V,conversion_pct,0.04378664296056467,0.01896549135551762
489,overpotential_V,conversion_pct,0.0763620392079225,0.020800037176994846
490,overpotential_V,conversion_pct,0.052348125977656146,0.022488869949476943
491,overpotential_V,conversion_pct,-0.07017565946976712,0.021479009483590755
492,overpotential_V,conversion_pct,0.08791023054198144,0.019751316073858122
493,overpotential_V,conversion_pct,0.07140065182031674,0.0153355474820881
494,overpotential_V,conversion_pct,-0.07843454480264689,0.019807994162914382
495,overpotential_V,conversion_pct,-0.00673109083126211,0.020645867693007164
496,overpotential_V,conversion_pct,-0.005931402725888102,0.021993519503886016
497,overpotential_V,conversion_pct,-0.0018321590041119329,0.016557958183128108
498,overpotential_V,conversion_pct,-0.03705027032223729,0.019946763848279776
499,overpotential_V,conversion_pct,0.08266328898243402,0.015998548850835688
0,overpotential_V,current_A,0.0021556862199628712,0.02410205741306369
1,overpotential_V,current_A,0.07502889380825961,0.020424191778377183
2,overpotential_V,current_A,0.14898097114613185,0.02563531522997166
3,overpotential_V,current_A,0.12400979062002537,0.019822067734072416
4,overpotential_V,current_A,-0.04147807133689674,0.019935678618328866
5,overpotential_V,current_A,0.05735503114204865,0.023773825053577512
6,overpotential_V,current_A,0.08370746749593516,0.0180439186532404
7,overpotential_V,current_A,0.04539758293144447,0.022722889141952352
8,overpotential_V,current_A,0.21876014859733406,0.021183214133355194
9,overpotential_V,current_A,0.09672548769267275,0.021723082668775835
10,overpotential_V,current_A,0.00763466021387238,0.02156275515865231
11,overpotential_V,current_A,0.0692143627017936,0.023049527304267587
12,overpotential_V,current_A,-0.03653677016838208,0.02371972445355117
13,overpotential_V,current_A,0.10988126641660256,0.022831653704187462
14,overpotential_V,current_A,-0.03225506996646832,0.023715427581817057
15,overpotential_V,current_A,0.11912640226297211,0.022097192697260088
16,overpotential_V,current_A,0.07276621523826887,0.022034961435202217
17,overpotential_V,current_A,0.029265984766918884,0.020306244785924226
18,overpotential_V,current_A,0.020282391628141716,0.021045667505973645
19,overpotential_V,current_A,0.07425413134977732,0.025807645312161048
20,overpotential_V,current_A,-0.03633369827608024,0.019994926014006896
21,overpotential_V,current_A,-0.011550879396845293,0.02528236499299065
22,overpotential_V,current_A,0.03086622779546877,0.02118897050802188
23,overpotential_V,current_A,-0.015824809809243945,0.019517007248884416
24,overpotential_V,current_A,0.07046904440884516,0.02271597625547389
25,overpotential_V,current_A,0.0963551594580897,0.018676595432509154
26,overpotential_V,current_A,0.07034021850140004,0.02199710224267667
27,overpotential_V,current_A,-0.059336461584814426,0.023389662517812927
28,overpotential_V,current_A,0.05810212483601729,0.022353918892608404
29,overpotential_V,current_A,0.04931653172535788,0.02474912334560304
30,overpotential_V,current_A,0.09676128959082708,0.01788036354394942
31,overpotential_V,current_A,-0.08579159563662508,0.021011478600851563
32,overpotential_V,current_A,-0.007410712624945193,0.020103735702864847
33,overpotential_V,current_A,0.06961080490589988,0.025196331869932212
34,overpotential_V,current_A,0.03128774020506875,0.022745936365322388
35,overpotential_V,current_A,-0.004572827701156745,0.022602909618720222
36,overpotential_V,current_A,0.10080753447877056,0.023036898095498748
37,overpotential_V,current_A,-0.032089542612284694,0.021944651577838203
38,overpotential_V,current_A,0.01846957154335005,0.017184202165621578
39,overpotential_V,current_A,0.022402490444863754,0.0233342314483503
40,overpotential_V,current_A,0.13040676383446015,0.02170627368863812
41,overpotential_V,current_A,-0.03800937392033754,0.01672972308939653
42,overpotential_V,current_A,0.07504777109615168,0.025609115011009608
43,overpotential_V,current_A,0.03786756625962118,0.025598517663391402
44,overpotential_V,current_A,0.030236805538760736,0.02001288807414968
45,overpotential_V,current_A,0.14424860054101374,0.021897784006016205
46,overpotential_V,current_A,0.04378306766954432,0.021232322917466216
47,overpotential_V,current_A,-0.005003947384108365,0.022108223948361923
48,overpotential_V,current_A,0.003226339577160009,0.02251541358451341
49,overpotential_V,current_A,0.025311641959153808,0.028665781492379628
50,overpotential_V,current_A,0.12440579779335159,0.020751533604888347
51,overpotential_V,current_A,-0.10133143938015632,0.020806372850671686
52,overpotential_V,current_A,0.09939581433817801,0.02413829144586018
53,overpotential_V,current_A,-0.04908983430147251,0.02225542911613507
54,overpotential_V,current_A,0.051715487337495536,0.01871868427560151
55,overpotential_V,current_A,0.16564103536291963,0.02378047948794496
56,overpotential_V,current_A,-0.025390606174739982,0.023617205861651492
57,overpotential_V,current_A,-0.006231134134692118,0.019334863097904532
58,overpotential_V,current_A,0.10577778378089664,0.029856463943694234
59,overpotential_V,current_A,0.08217558432269056,0.023684261829507183
60,overpotential_V,current_A,0.09458190016050816,0.02418560423936857
61,overpotential_V,current_A,0.04552082825270043,0.020591774500261305
62,overpotential_V,current_A,0.06676342045558714,0.02195832879417306
63,overpotential_V,current_A,-0.02691936777312076,0.021092998056416342
64,overpotential_V,current_A,-0.03510393168575621,0.021989522844879195
65,overpotential_V,current_A,-0.03819555723962442,0.022427339418963056
66,overpotential_V,current_A,-0.012659019666083848,0.02517799327791599
67,overpotential_V,current_A,-0.0379872734252118,0.026984251839537378
68,overpotential_V,current_A,-0.011111872650181098,0.023441422346482707
69,overpotential_V,current_A,-0.014821415013509975,0.02272514895588098
70,overpotential_V,current_A,-0.020119867043987938,0.02364569290540668
71,overpotential_V,current_A,0.059064412794624044,0.019449978758851988
72,overpotential_V,current_A,0.041391604375849544,0.0255046158697646
73,overpotential_V,current_A,-0.018055641038732917,0.024934414175833027
74,overpotential_V,current_A,-0.13781824244290197,0.02126393119491002
75,overpotential_V,current_A,-0.0349402770594065,0.020415887994969257
76,overpotential_V,current_A,0.0068216805025037575,0.023524720286984567
77,overpotential_V,current_A,0.04963901632548162,0.02997747499802802
78,overpotential_V,current_A,0.06942521163374138,0.029620297438882417
79,overpotential_V,current_A,-0.07022191293119673,0.020501067976536013
80,overpotential_V,current_A,0.03790778623228386,0.020537920721571897
81,overpotential_V,current_A,-0.0033138182573886343,0.018917115707173065
82,overpotential_V,current_A,0.0014349541998924797,0.02316628131007916
83,overpotential_V,current_A,0.10528149094670591,0.022240554738418895
84,overpotential_V,current_A,0.0030992181494999826,0.02501225997859771
85,overpotential_V,current_A,0.17233889006541447,0.016788582997216552
86,overpotential_V,current_A,-0.028343956154454952,0.019936170794144958
87,overpotential_V,current_A,0.002123314582448854,0.02282970377554739
88,overpotential_V,current_A,0.050738445169369095,0.02055120938805609
89,overpotential_V,current_A,0.10905296743587167,0.01946772397434359
90,overpotential_V,current_A,0.0033773248061851335,0.02088310805838391
91,overpotential_V,current_A,0.010929567466936407,0.021552282776669117
92,overpotential_V,current_A,0.023419293260542595,0.017498608844226
93,overpotential_V,current_A,-0.19210988007809982,0.022350992886114383
94,overpotential_V,current_A,0.029431461826429084,0.02826073683656099
95,overpotential_V,current_A,-0.04757801004175888,0.018020965552280308
96,overpotential_V,current_A,0.027009604781124352,0.027950749856710838
97,overpotential_V,current_A,0.00792756713338949,0.019183131805225496
98,overpotential_V,current_A,-0.04766113693612084,0.024442075384704054
99,overpotential_V,current_A,0.09482584116210202,0.02297542144311822
100,overpotential_V,current_A,0.0035426170721992722,0.026306494794551123
101,overpotential_V,current_A,0.09457181603359688,0.025849490299330265
102,overpotential_V,current_A,0.09944529547230951,0.021384734420155486
103,overpotential_V,current_A,-0.005319379291294446,0.026614257681638324
104,overpotential_V,current_A,-0.08148773208733862,0.02350639042869451
105,overpotential_V,current_A,0.07087419026866704,0.0221252526156162
106,overpotential_V,current_A,-0.03237026171063073,0.024477094302523573
107,overpotential_V,current_A,-0.005340418887434861,0.01971028154055219
108,overpotential_V,current_A,0.03671164917062053,0.01704363561076268
109,overpotential_V,current_A,-0.0471242507178633,0.015779639137514696
110,overpotential_V,current_A,0.06967142974416818,0.02199886282787355
111,overpotential_V,current_A,-0.05068052557570546,0.022039896572798826
112,overpotential_V,current_A,0.06050593709301311,0.018265111071821282
113,overpotential_V,current_A,0.049742606862028915,0.021109327071628343
114,overpotential_V,current_A,-0.019177302466696355,0.017914278420982765
115,overpotential_V,current_A,0.07473587965624673,0.022089052251586954
116,overpotential_V,current_A,0.016009908989457755,0.019068077097867044
117,overpotential_V,current_A,-0.044115915619851176,0.024626938456387144
118,overpotential_V,current_A,0.07252667185163642,0.020145866488358158
119,overpotential_V,current_A,0.1226869629909011,0.021069308696240435
120,overpotential_V,current_A,0.0538464153848528,0.021872775963448013
121,overpotential_V,current_A,0.00432677670252779,0.022152289870351956
122,overpotential_V,current_A,-0.01665544292694099,0.026601101458041062
123,overpotential_V,current_A,-0.010502474458093047,0.024475626526191403
124,overpotential_V,current_A,-0.0863437639084883,0.02872791050252374
125,overpotential_V,current_A,0.043289124566659676,0.021870394734427825
126,overpotential_V,current_A,-0.022344608973802638,0.019119541035581486
127,overpotential_V,current_A,0.05653946323205017,0.02020601478729759
128,overpotential_V,current_A,0.005068436315280422,0.029252509377441026
129,overpotential_V,current_A,0.030321184904226417,0.022557310319029023
130,overpotential_V,current_A,0.0016426988539441911,0.023992105125763972
131,overpotential_V,current_A,0.0652198133220464,0.019497532710900326
132,overpotential_V,current_A,0.07924766626871571,0.021046527250346413
133,overpotential_V,current_A,0.08789899388163425,0.02479529256122361
134,overpotential_V,current_A,-0.027232091183397422,0.028666597067416026
135,overpotential_V,current_A,0.056743317686934636,0.021603158007913202
136,overpotential_V,current_A,-0.03516712951134404,0.018261236723992654
137,overpotential_V,current_A,0.058836416000525915,0.02397111900685627
138,overpotential_V,current_A,0.01701772354290154,0.02350746468215941
139,overpotential_V,current_A,0.1331356270505576,0.018243334128845056
140,overpotential_V,current_A,0.01153190518036984,0.025200797134379855
141,overpotential_V,current_A,0.03088350291066877,0.02125169934509986
142,overpotential_V,current_A,0.003670368093987797,0.021611779895344112
143,overpotential_V,current_A,-0.008019740203514703,0.020466571322508793
144,overpotential_V,current_A,0.07118453952676962,0.019966628320441493
145,overpotential_V,current_A,0.16581184882035904,0.027295323288979566
146,overpotential_V,current_A,-0.06780010918228374,0.028102482877647807
147,overpotential_V,current_A,0.05840698975459968,0.025574699450674938
148,overpotential_V,current_A,0.05547354529141291,0.025213247541042618
149,overpotential_V,current_A,0.036336028159579925,0.02382341315412826
150,overpotential_V,current_A,0.09333436732866784,0.02527699058244586
151,overpotential_V,current_A,-0.015711905761970346,0.020291175685856543
152,overpotential_V,current_A,0.063301425503133,0.01704071425923557
153,overpotential_V,current_A,-0.01361351241895159,0.020338549717068603
154,overpotential_V,current_A,-0.07782982764821345,0.0212741360064439
155,overpotential_V,current_A,0.13356460686911564,0.02540503757350623
156,overpotential_V,current_A,-0.09513454652071984,0.020409875144552253
157,overpotential_V,current_A,0.03859493665062819,0.021499371403896485
158,overpotential_V,current_A,0.018090434058284144,0.020897902686144002
159,overpotential_V,current_A,0.03768246305794787,0.023637161833339675
160,overpotential_V,current_A,-0.054152425240194146,0.021818389786440403
161,overpotential_V,current_A,0.13397780143790905,0.02066893571239973
162,overpotential_V,current_A,0.09601874766338925,0.028599253429101624
163,overpotential_V,current_A,-0.003389381838593275,0.02625462016398604
164,overpotential_V,current_A,0.09395412360537536,0.021299566075525876
165,overpotential_V,current_A,0.04314977943192644,0.020917728490025603
166,overpotential_V,current_A,0.06055458518786494,0.023735028563095666
167,overpotential_V,current_A,0.08400209247156276,0.02133628810441444
168,overpotential_V,current_A,0.04787336732512182,0.020671786584363208
169,overpotential_V,current_A,-0.035827995177198924,0.026112272401613016
170,overpotential_V,current_A,-0.07162484158164006,0.02491586215083939
171,overpotential_V,current_A,0.18221981243991292,0.019357338582935583
172,overpotential_V,current_A,0.03279030962617968,0.029041906418644667
173,overpotential_V,current_A,0.02093277602369248,0.0221061044230775
174,overpotential_V,current_A,0.06675095600717074,0.02300186411044411
175,overpotential_V,current_A,-0.017611948045839876,0.024918105415368787
176,overpotential_V,current_A,0.054251056883568904,0.018188422662889434
177,overpotential_V,current_A,0.013362991386687062,0.018953587166081167
178,overpotential_V,current_A,-0.05841495225997417,0.021254111800050976
179,overpotential_V,current_A,0.15529477070513142,0.01935731622752004
180,overpotential_V,current_A,0.07842226278848663,0.021072132684730592
181,overpotential_V,current_A,-0.02318251269978422,0.02235773216435581
182,overpotential_V,current_A,0.09169849849191192,0.020295506935158643
183,overpotential_V,current_A,0.05425446904303621,0.025072123524060345
184,overpotential_V,current_A,0.03327171595508405,0.019377158349058097
185,overpotential_V,current_A,0.07193956317327677,0.0209801698807828
186,overpotential_V,current_A,-0.07847856863776048,0.023782464334288503
187,overpotential_V,current_A,0.09035633691851541,0.024492373450986305
188,overpotential_V,current_A,-0.0326227882254162,0.026216416653556073
189,overpotential_V,current_A,0.009220693141373637,0.019505366669698782
190,overpotential_V,current_A,-0.010105384844222076,0.025435004509337708
191,overpotential_V,current_A,0.17144811849892283,0.018132850144526626
192,overpotential_V,current_A,0.026138276279480954,0.02227249485618906
193,overpotential_V,current_A,-0.03126260286402438,0.02116824597826654
194,overpotential_V,current_A,0.1047734519335547,0.02623014803264883
195,overpotential_V,current_A,0.0981472646010032,0.017271467913345866
196,overpotential_V,current_A,0.004699620184534403,0.021240344339122377
197,overpotential_V,current_A,-0.12734437524543707,0.02262819111275537
198,overpotential_V,current_A,0.13291840418512502,0.021493130027792844
199,overpotential_V,current_A,0.1084883454006309,0.024668947121676242
200,overpotential_V,current_A,0.049680511078266876,0.024445472282727865
201,overpotential_V,current_A,0.09530575818058606,0.018134076617383685
202,overpotential_V,current_A,0.055793139631753697,0.022136324717943176
203,overpotential_V,current_A,0.08598840023349119,0.02110235295751363
204,overpotential_V,current_A,0.08302465674179549,0.026601165381606173
205,overpotential_V,current_A,0.010883475539698484,0.026271881374519097
206,overpotential_V,current_A,0.12938159911810265,0.027686381765538715
207,overpotential_V,current_A,0.022489433589356733,0.020623293201881724
208,overpotential_V,current_A,0.044072046126906406,0.018724115067586877
209,overpotential_V,current_A,0.03144978839172874,0.01894298200035373
210,overpotential_V,current_A,-0.004853061868557607,0.018643504508843722
211,overpotential_V,current_A,-0.08460376022555094,0.020279158424986194
212,overpotential_V,current_A,-0.05479291497508254,0.02418660951109387
213,overpotential_V,current_A,0.12462374448548541,0.02131250332639992
214,overpotential_V,current_A,0.050082246166505584,0.026332316213204643
215,overpotential_V,current_A,0.03954045049713384,0.01924217937329991
216,overpotential_V,current_A,0.01671859493477601,0.020275320812625508
217,overpotential_V,current_A,0.10136581777532228,0.020726155997264482
218,overpotential_V,current_A,0.04541030062364104,0.02341429374168094
219,overpotential_V,current_A,-0.021937414300001956,0.026857448478680112
220,overpotential_V,current_A,0.017272759947750793,0.021703996510926693
221,overpotential_V,current_A,0.0036439219944073287,0.022131057292672934
222,overpotential_V,current_A,0.04316616737895207,0.026982668541065992
223,overpotential_V,current_A,0.010889345370104442,0.02050098160696387
224,overpotential_V,current_A,0.00781473995505233,0.02422623551442284
225,overpotential_V,current_A,0.017693272327530152,0.022243017990394492
226,overpotential_V,current_A,-0.03177865389614487,0.025049406110844736
227,overpotential_V,current_A,0.07338403340318767,0.022896145158970267
228,overpotential_V,current_A,0.012826873497671532,0.02319250835619735
229,overpotential_V,current_A,-0.02758868063523101,0.024882130558922303
230,overpotential_V,current_A,0.05008718743847507,0.02626402673547533
231,overpotential_V,current_A,0.07156144347087556,0.021868438748135467
232,overpotential_V,current_A,0.08429104804631138,0.019221065527613844
233,overpotential_V,current_A,0.07490598308497565,0.0174167276302147
234,overpotential_V,current_A,0.05114548313712908,0.026412828398908624
235,overpotential_V,current_A,0.034545594106898836,0.018239297859006968
236,overpotential_V,current_A,-0.0007665606666524827,0.020102664149249872
237,overpotential_V,current_A,0.09934836087898224,0.023225020193968503
238,overpotential_V,current_A,0.05697847083308083,0.023500535068247994
239,overpotential_V,current_A,-0.030339726735132855,0.025045223941109016
240,overpotential_V,current_A,0.10168811707774938,0.024591862456322833
241,overpotential_V,current_A,-0.052183974266388544,0.021855175966854438
242,overpotential_V,current_A,0.010954031608226278,0.02155138160887592
243,overpotential_V,current_A,0.056449707855477316,0.01683424494050493
244,overpotential_V,current_A,-0.057234607953679184,0.019437628507470706
245,overpotential_V,current_A,-0.01486726771953406,0.02244793810022123
246,overpotential_V,current_A,0.036480586674112914,0.022773566472293262
247,overpotential_V,current_A,0.06848500895348564,0.020126951300184673
248,overpotential_V,current_A,-0.013705566581439177,0.018250996997272225
249,overpotential_V,current_A,-0.05297041482297016,0.021711770860628626
250,overpotential_V,current_A,-0.07924430994085863,0.021796547963528836
251,overpotential_V,current_A,0.05495296377963166,0.019930736023898676
252,overpotential_V,current_A,-0.04240634038357993,0.021327352929770255
253,overpotential_V,current_A,0.05872302573110688,0.022630042922984418
254,overpotential_V,current_A,0.12941311227867736,0.032421867881219146
255,overpotential_V,current_A,0.024424427751815636,0.021896071706176353
256,overpotential_V,current_A,0.050478751379744,0.020965303954679514
257,overpotential_V,current_A,0.06918418314097674,0.021041958588904876
258,overpotential_V,current_A,0.047474512658699064,0.027091047855499175
259,overpotential_V,current_A,0.030530546363972233,0.018177961462554456
260,overpotential_V,current_A,0.12833525603498208,0.019394221680629504
261,overpotential_V,current_A,0.07457124935001969,0.02275006213884129
262,overpotential_V,current_A,0.043632632063781096,0.02370521050872363
263,overpotential_V,current_A,-0.041214373103033886,0.019798558902682905
264,overpotential_V,current_A,-0.1093005135378109,0.025227291527600396
265,overpotential_V,current_A,-0.074562634208728,0.02170822052817463
266,overpotential_V,current_A,0.04741838230553819,0.022957908892918193
267,overpotential_V,current_A,-0.05152370415622065,0.021992497973041963
268,overpotential_V,current_A,0.020877884396255486,0.020822213904578425
269,overpotential_V,current_A,-0.03702285099814384,0.02179067413125057
270,overpotential_V,current_A,-0.06497086399886554,0.020692721621376156
271,overpotential_V,current_A,0.09536596031915634,0.026998598273497296
272,overpotential_V,current_A,0.027007725450186704,0.024304684741642095
273,overpotential_V,current_A,0.10713379234366838,0.02168718786507436
274,overpotential_V,current_A,0.0459673890161757,0.02360540084638613
275,overpotential_V,current_A,-0.0017241809384038742,0.02097558571057009
276,overpotential_V,current_A,-0.031977198411785146,0.02370703322229883
277,overpotential_V,current_A,-0.06378577127645535,0.022824027612878307
278,overpotential_V,current_A,0.12014365832115581,0.022798001301371464
279,overpotential_V,current_A,-0.09534445965165195,0.022829685910641273
280,overpotential_V,current_A,0.011296939845571785,0.020428819575006304
281,overpotential_V,current_A,-0.06467351093432638,0.02663096812803913
282,overpotential_V,current_A,0.0660649536866782,0.022940235300745706
283,overpotential_V,current_A,0.12276343716386162,0.019037458680725046
284,overpotential_V,current_A,-0.0382482001274258,0.017696256112765266
285,overpotential_V,current_A,-0.07888664334356243,0.01655811921402656
286,overpotential_V,current_A,0.05416961521418506,0.023173201805526907
287,overpotential_V,current_A,0.018613840667067172,0.021259795237834566
288,overpotential_V,current_A,-0.0930167023493822,0.01765039961089203
289,overpotential_V,current_A,0.061348486254796275,0.02382984264037393
290,overpotential_V,current_A,0.02862211104936374,0.025236062126448373
291,overpotential_V,current_A,0.017994131731644214,0.023512680539517015
292,overpotential_V,current_A,0.02715592658606769,0.023323733758624936
293,overpotential_V,current_A,0.13035828415174733,0.022606192583217853
294,overpotential_V,current_A,0.01668015064666928,0.021650543933209927
295,overpotential_V,current_A,-0.03306025388610867,0.022413223341006865
296,overpotential_V,current_A,0.07054531698920097,0.023997079769425382
297,overpotential_V,current_A,0.0037330843495434474,0.021618506039708996
298,overpotential_V,current_A,0.1030428708718577,0.01865533555539508
299,overpotential_V,current_A,0.1149429560533789,0.024741864394935358
300,overpotential_V,current_A,0.06764863137693555,0.02325698948949542
301,overpotential_V,current_A,0.06248817331258116,0.019813647630451122
302,overpotential_V,current_A,-0.021953870915132123,0.02082227136865216
303,overpotential_V,current_A,0.010004996011570566,0.021106584296399816
304,overpotential_V,current_A,-0.03515151707586184,0.020612363661198934
305,overpotential_V,current_A,0.07407262968826323,0.019711223001174213
306,overpotential_V,current_A,-0.09675618048891677,0.019055221495531013
307,overpotential_V,current_A,0.14149935955362714,0.022754485488491093
308,overpotential_V,current_A,-0.07870460708082239,0.022894738889696398
309,overpotential_V,current_A,-0.08758186153994241,0.018998368787223625
310,overpotential_V,current_A,0.06731048787210359,0.022908917866553375
311,overpotential_V,current_A,0.13217963258173682,0.01798578573814147
312,overpotential_V,current_A,0.019287834287756822,0.021656835914757002
313,overpotential_V,current_A,-0.0924474645953477,0.02015918414507395
314,overpotential_V,current_A,0.13249586727632134,0.01984003826465014
315,overpotential_V,current_A,-0.002928549319187068,0.018210412750676648
316,overpotential_V,current_A,-0.014204654781949655,0.022097828803701834
317,overpotential_V,current_A,-0.1563090195091461,0.025920676152336987
318,overpotential_V,current_A,0.15470645952485418,0.0213101554863886
319,overpotential_V,current_A,0.04615553804170114,0.02331132527534335
320,overpotential_V,current_A,0.10872981361190037,0.02030529957601101
321,overpotential_V,current_A,-0.05755902627465792,0.023704194274798557
322,overpotential_V,current_A,0.08719687690866251,0.022010354960666213
323,overpotential_V,current_A,0.08231755012309061,0.02217982326270851
324,overpotential_V,current_A,0.034265140984732545,0.025166473491064042
325,overpotential_V,current_A,-0.01652713066978362,0.020377884968005307
326,overpotential_V,current_A,0.11369908790394445,0.022224238271207307
327,overpotential_V,current_A,-0.09839803923158597,0.021818718780031096
328,overpotential_V,current_A,-0.04653589870019759,0.02223272688064852
329,overpotential_V,current_A,0.06387714599318783,0.02707686575725538
330,overpotential_V,current_A,0.03900658027431747,0.020957238708243592
331,overpotential_V,current_A,-0.12999175159354603,0.017769158811050487
332,overpotential_V,current_A,0.13065138829579137,0.022899641778315005
333,overpotential_V,current_A,-0.036641348757437964,0.02582917645163737
334,overpotential_V,current_A,-0.019517108717649556,0.01747927735394887
335,overpotential_V,current_A,-0.05699268802205304,0.02245248386284659
336,overpotential_V,current_A,0.06709277169590377,0.019755244584066144
337,overpotential_V,current_A,0.046995101568038655,0.01999310351221623
338,overpotential_V,current_A,-0.004803027055591658,0.023198469407822716
339,overpotential_V,current_A,0.05090419525804979,0.023859176687904878
340,overpotential_V,current_A,0.039041357100923824,0.01865004438786746
341,overpotential_V,current_A,-0.051538140613691885,0.02089355396122847
342,overpotential_V,current_A,-0.020328259699442297,0.02383885173020942
343,overpotential_V,current_A,0.184095972584717,0.016249117043223064
344,overpotential_V,current_A,-0.03278288556596487,0.02450087936051305
345,overpotential_V,current_A,-0.045837890551363225,0.019604055787593607
346,overpotential_V,current_A,0.0772265948894203,0.020571895864506702
347,overpotential_V,current_A,0.03720840834947037,0.01631738685722773
348,overpotential_V,current_A,0.10850089532891882,0.0183650644308017
349,overpotential_V,current_A,-0.08152433762432754,0.024074118191342423
350,overpotential_V,current_A,0.024314626810897688,0.017676683889255116
351,overpotential_V,current_A,0.01164242036243146,0.02208338906861912
352,overpotential_V,current_A,0.05416244691756611,0.02047390807555337
353,overpotential_V,current_A,-0.10217670877434815,0.021765670478142107
354,overpotential_V,current_A,0.04102583257238557,0.02981575092027014
355,overpotential_V,current_A,0.06652788638268536,0.023251866129521667
356,overpotential_V,current_A,0.010068626144815185,0.025436098675148216
357,overpotential_V,current_A,0.03431334621312998,0.02244530740132947
358,overpotential_V,current_A,-0.03446126151559126,0.017079682861770574
359,overpotential_V,current_A,-0.09231748750069335,0.023893306695462684
360,overpotential_V,current_A,0.023255515691505968,0.02609771137628594
361,overpotential_V,current_A,0.09513418424563447,0.02355352291019516
362,overpotential_V,current_A,-0.021782555282151783,0.022223133076117365
363,overpotential_V,current_A,0.16616203601077906,0.022639818494906455
364,overpotential_V,current_A,0.11823722634317702,0.02143231101359203
365,overpotential_V,current_A,0.05406291311430833,0.03153359153432407
366,overpotential_V,current_A,0.07849595278088728,0.019286472372167605
367,overpotential_V,current_A,-0.035076955144552446,0.02094562442322104
368,overpotential_V,current_A,0.025948672089569524,0.022550535735386828
369,overpotential_V,current_A,0.1308123385694726,0.018213550768376843
370,overpotential_V,current_A,-0.029190245473259324,0.017514710525370805
371,overpotential_V,current_A,0.01916321103698304,0.02418235296167587
372,overpotential_V,current_A,-0.0032883177990115087,0.02255581010174354
373,overpotential_V,current_A,0.09222193939068368,0.01904449099668791
374,overpotential_V,current_A,0.17175630616110615,0.026927998329181854
375,overpotential_V,current_A,0.0759797945287135,0.020613735269135264
376,overpotential_V,current_A,0.0011496632306503551,0.02047337530177919
377,overpotential_V,current_A,-0.052614667361535306,0.02258915860198712
378,overpotential_V,current_A,0.06998998368341869,0.027865753575241604
379,overpotential_V,current_A,0.1032461242933923,0.021676755653296926
380,overpotential_V,current_A,0.011624530296882263,0.021895765087643595
381,overpotential_V,current_A,0.03221298484745683,0.020903296938774997
382,overpotential_V,current_A,-0.03565577672077325,0.01974198427112652
383,overpotential_V,current_A,0.10727182945101232,0.020084047725490457
384,overpotential_V,current_A,0.05718426532946319,0.022057061855108626
385,overpotential_V,current_A,-0.04679259642172551,0.02509590206256056
386,overpotential_V,current_A,0.10987484845814766,0.024155791545987636
387,overpotential_V,current_A,0.05966045646874607,0.022736872907883513
388,overpotential_V,current_A,0.2098365388947585,0.021424358408427872
389,overpotential_V,current_A,-0.01905059838763945,0.018006244588908073
390,overpotential_V,current_A,0.004631578840460282,0.021961119229031125
391,overpotential_V,current_A,0.08224932401703844,0.02276272004843595
392,overpotential_V,current_A,0.010536423015890417,0.018234352978930453
393,overpotential_V,current_A,0.13055316970919895,0.019805911361753713
394,overpotential_V,current_A,0.07740737765511974,0.019159923930862608
395,overpotential_V,current_A,0.010460373704761938,0.02223954557838999
396,overpotential_V,current_A,0.012409109532667273,0.02366504039465666
397,overpotential_V,current_A,-0.07028527820802855,0.0186974552757781
398,overpotential_V,current_A,0.17408394998581012,0.02000662870198655
399,overpotential_V,current_A,-0.01998942995599351,0.01759752720194318
400,overpotential_V,current_A,0.07096394146973262,0.020330250531030818
401,overpotential_V,current_A,0.15533655529964296,0.021684389982015852
402,overpotential_V,current_A,-0.0018865893974311376,0.022331614330587727
403,overpotential_V,current_A,0.042938005416162994,0.02217010463294296
404,overpotential_V,current_A,-0.03250643718378643,0.021698461221342436
405,overpotential_V,current_A,0.06371035064452679,0.023478997793423117
406,overpotential_V,current_A,0.0060792934707767365,0.020531420535536204
407,overpotential_V,current_A,0.0716584755444315,0.021579297133938483
408,overpotential_V,current_A,-0.021726559608798324,0.021693607115062033
409,overpotential_V,current_A,0.09929237320988049,0.0208815839922765
410,overpotential_V,current_A,0.04637095983424788,0.0210942326402234
411,overpotential_V,current_A,-0.05207707685862406,0.025362610764759912
412,overpotential_V,current_A,0.017063438198238634,0.020390699209478107
413,overpotential_V,current_A,0.09226802906818643,0.020241690057682803
414,overpotential_V,current_A,0.03376334460141661,0.01918979513393041
415,overpotential_V,current_A,0.055995780325254985,0.03054529790974461
416,overpotential_V,current_A,0.05121866793042518,0.01852625722578651
417,overpotential_V,current_A,0.16001131532668544,0.02473409756624097
418,overpotential_V,current_A,0.051515456132617765,0.01890200090027276
419,overpotential_V,current_A,0.12643575918105632,0.019220905793391137
420,overpotential_V,current_A,0.06647967578706737,0.026247171878905233
421,overpotential_V,current_A,-0.1087526262591163,0.022193196554246734
422,overpotential_V,current_A,0.10954288044029681,0.02348915224624284
423,overpotential_V,current_A,0.05774591845133359,0.021093970546648223
424,overpotential_V,current_A,0.05631265154418352,0.022009836446748757
425,overpotential_V,current_A,0.011217611432157937,0.0203980927531553
426,overpotential_V,current_A,0.08840142330677625,0.02416310415050243
427,overpotential_V,current_A,0.011951470686413113,0.02591351015497509
428,overpotential_V,current_A,0.04734010936467958,0.03171236029288059
429,overpotential_V,current_A,-0.024913099526091775,0.025877261043515766
430,overpotential_V,current_A,0.052445933920969856,0.021541307085636074
431,overpotential_V,current_A,0.013455223667011018,0.02046157128009105
432,overpotential_V,current_A,0.010919595841296315,0.020265723060127406
433,overpotential_V,current_A,0.1061738922872224,0.02509636061675609
434,overpotential_V,current_A,0.08349261869972857,0.02304709059347529
435,overpotential_V,current_A,-0.004230888937749588,0.021658894215980766
436,overpotential_V,current_A,0.09274388181520665,0.019104170627674683
437,overpotential_V,current_A,0.09432520375358056,0.02539881218786532
438,overpotential_V,current_A,0.11268573170906171,0.024767327641505823
439,overpotential_V,current_A,0.04455531828408699,0.02051301421222847
440,overpotential_V,current_A,0.058617161572477094,0.023213745662999715
441,overpotential_V,current_A,0.07720446190960473,0.02159093923957567
442,overpotential_V,current_A,-0.018295959384023508,0.022847706168506843
443,overpotential_V,current_A,-0.015221376298898193,0.018589077914602604
444,overpotential_V,current_A,0.012775865364812566,0.02022429294141896
445,overpotential_V,current_A,0.02200155149618599,0.023458723604614474
446,overpotential_V,current_A,0.13498632204358907,0.024722597190533033
447,overpotential_V,current_A,0.049677362772288625,0.021951358673147656
448,overpotential_V,current_A,-0.05549749573498186,0.024055595672369312
449,overpotential_V,current_A,0.004482179657375962,0.024160776632996005
450,overpotential_V,current_A,-0.02752214874152914,0.022641527718712733
451,overpotential_V,current_A,0.10628657280595721,0.017965061649972174
452,overpotential_V,current_A,-0.009484679316685174,0.026489551714202402
453,overpotential_V,current_A,-0.006302586464246751,0.023973101858676103
454,overpotential_V,current_A,-0.02556823274965736,0.01825647485501607
455,overpotential_V,current_A,0.07000061311744254,0.02103050972683118
456,overpotential_V,current_A,0.08579440156617812,0.022718919910985923
457,overpotential_V,current_A,0.06457033986496297,0.022783435025367418
458,overpotential_V,current_A,0.03742716245663069,0.022236422571930668
459,overpotential_V,current_A,0.04276501691796908,0.021733844742013286
460,overpotential_V,current_A,0.007791408320997895,0.015659022867930875
461,overpotential_V,current_A,0.06441631364001765,0.01575525788429023
462,overpotential_V,current_A,0.03611402546171705,0.019998135309718747
463,overpotential_V,current_A,0.07497133378084664,0.02066145600865583
464,overpotential_V,current_A,0.037622035020344224,0.023526937509162904
465,overpotential_V,current_A,0.04503681678947191,0.024077843872000862
466,overpotential_V,current_A,-0.0002039716190522789,0.02102429970815348
467,overpotential_V,current_A,-0.026301367037980583,0.021028402854141287
468,overpotential_V,current_A,-0.001494257056508408,0.02015144482338906
469,overpotential_V,current_A,-0.06859063081067762,0.016403761836523145
470,overpotential_V,current_A,0.05361915458346145,0.022893082514612754
471,overpotential_V,current_A,0.08291341302270416,0.021009024815564856
472,overpotential_V,current_A,0.03417269595254868,0.022717460983050455
473,overpotential_V,current_A,-0.0010003028676055514,0.02211521222249196
474,overpotential_V,current_A,0.06197171524717571,0.026419090933046858
475,overpotential_V,current_A,0.04252638548936971,0.022754385291514925
476,overpotential_V,current_A,-0.033821144043332474,0.022516711255588854
477,overpotential_V,current_A,0.0298309056133228,0.019604629343426997
478,overpotential_V,current_A,0.13698921739096925,0.024815822954104547
479,overpotential_V,current_A,0.035369605685920624,0.01977677022854967
480,overpotential_V,current_A,0.0400402423781232,0.022501441619982646
481,overpotential_V,current_A,-0.07554334112975103,0.01939514877757893
482,overpotential_V,current_A,-0.002909433113240434,0.021952447317576063
483,overpotential_V,current_A,0.10494536590651071,0.02256578743378353
484,overpotential_V,current_A,0.062388050484553315,0.022107749324847884
485,overpotential_V,current_A,-0.0035510378094518735,0.02342166253695379
486,overpotential_V,current_A,0.08735091844271614,0.019582959730715402
487,overpotential_V,current_A,0.07191578136969123,0.021010573990251063
488,overpotential_V,current_A,0.052696100599678664,0.02020168130513764
489,overpotential_V,current_A,0.1098990391575998,0.020728062958280936
490,overpotential_V,current_A,0.042479043928897786,0.024444757665596555
491,overpotential_V,current_A,-0.03752132454855728,0.022549231400442467
492,overpotential_V,current_A,0.041960085248242796,0.02085948655569424
493,overpotential_V,current_A,0.09345303450631859,0.01594458699456881
494,overpotential_V,current_A,-0.011769708822349623,0.020214800409814944
495,overpotential_V,current_A,-0.03241941820980743,0.020406195704430728
496,overpotential_V,current_A,-0.053295968662138815,0.02324462392202253
497,overpotential_V,current_A,-0.0032850524818344162,0.017167501232485255
498,overpotential_V,current_A,0.02744491356541079,0.021057519130087823
499,overpotential_V,current_A,0.02199567146938486,0.01662710003448254
0,overpotential_V,STY_assumed_product_kg_m3_day,-0.008663409059504357,0.015151107898580677
1,overpotential_V,STY_assumed_product_kg_m3_day,0.07665099128215835,0.013421554904088834
2,overpotential_V,STY_assumed_product_kg_m3_day,0.16160657680269108,0.0161759422472006
3,overpotential_V,STY_assumed_product_kg_m3_day,0.05935121820426903,0.01232320967712531
4,overpotential_V,STY_assumed_product_kg_m3_day,-0.05629789642151328,0.012542532677036936
5,overpotential_V,STY_assumed_product_kg_m3_day,0.05809737241890223,0.015054058291356762
6,overpotential_V,STY_assumed_product_kg_m3_day,0.09179587092251429,0.011311691830606898
7,overpotential_V,STY_assumed_product_kg_m3_day,0.0381683399565369,0.014657014930312007
8,overpotential_V,STY_assumed_product_kg_m3_day,0.2543335872174426,0.013429862580264944
9,overpotential_V,STY_assumed_product_kg_m3_day,0.14369253385773229,0.01344691190679117
10,overpotential_V,STY_assumed_product_kg_m3_day,-0.012502950749110564,0.012990241530797426
11,overpotential_V,STY_assumed_product_kg_m3_day,0.08612834419869841,0.015204166309939062
12,overpotential_V,STY_assumed_product_kg_m3_day,-0.09021858314311593,0.014421891340712274
13,overpotential_V,STY_assumed_product_kg_m3_day,0.09520560283801982,0.014431051095978507
14,overpotential_V,STY_assumed_product_kg_m3_day,-0.0419873357852758,0.014850696793695543
15,overpotential_V,STY_assumed_product_kg_m3_day,0.0889872995272688,0.013247444047727833
16,overpotential_V,STY_assumed_product_kg_m3_day,0.08138958043305933,0.014657412424814786
17,overpotential_V,STY_assumed_product_kg_m3_day,0.0267781695014071,0.013481411106099957
18,overpotential_V,STY_assumed_product_kg_m3_day,-0.0197845317433194,0.012878503477281325
19,overpotential_V,STY_assumed_product_kg_m3_day,-0.0002873271306997882,0.01574182415099819
20,overpotential_V,STY_assumed_product_kg_m3_day,-0.012610659973348426,0.012741113814167301
21,overpotential_V,STY_assumed_product_kg_m3_day,-0.04708538928605277,0.016165141602845733
22,overpotential_V,STY_assumed_product_kg_m3_day,-0.00967630365008243,0.01273116404942011
23,overpotential_V,STY_assumed_product_kg_m3_day,-0.005365127944052306,0.012012192658828653
24,overpotential_V,STY_assumed_product_kg_m3_day,0.05607142129636378,0.013885181084795407
25,overpotential_V,STY_assumed_product_kg_m3_day,0.02722138716384881,0.01155906524389683
26,overpotential_V,STY_assumed_product_kg_m3_day,0.10279915244044713,0.013352985123746643
27,overpotential_V,STY_assumed_product_kg_m3_day,-0.06013870386460196,0.01428886880937943
28,overpotential_V,STY_assumed_product_kg_m3_day,0.06719621702072132,0.01400104963264536
29,overpotential_V,STY_assumed_product_kg_m3_day,0.018732235804279407,0.016729411001096168
30,overpotential_V,STY_assumed_product_kg_m3_day,0.14846661821981666,0.011009380259957034
31,overpotential_V,STY_assumed_product_kg_m3_day,-0.04069467946481664,0.012507572304673876
32,overpotential_V,STY_assumed_product_kg_m3_day,-0.028044570635765487,0.012401072257742249
33,overpotential_V,STY_assumed_product_kg_m3_day,0.017532828231338615,0.01658850776473376
34,overpotential_V,STY_assumed_product_kg_m3_day,0.06390133175358181,0.01449284179223005
35,overpotential_V,STY_assumed_product_kg_m3_day,-0.07340305015294035,0.013881377927412706
36,overpotential_V,STY_assumed_product_kg_m3_day,0.11805057121598472,0.014951837778944477
37,overpotential_V,STY_assumed_product_kg_m3_day,-0.0787765951676338,0.01339230571095638
38,overpotential_V,STY_assumed_product_kg_m3_day,0.0003068587070400586,0.010204265236159223
39,overpotential_V,STY_assumed_product_kg_m3_day,-0.00048402202269781647,0.014539874787773318
40,overpotential_V,STY_assumed_product_kg_m3_day,0.0678564558819923,0.012833241365173899
41,overpotential_V,STY_assumed_product_kg_m3_day,0.002291875273990107,0.009864071222729094
42,overpotential_V,STY_assumed_product_kg_m3_day,0.1083686525343549,0.01616357907128349
43,overpotential_V,STY_assumed_product_kg_m3_day,0.08819592557725597,0.015692247139928808
44,overpotential_V,STY_assumed_product_kg_m3_day,0.012024880911468472,0.011877338182695468
45,overpotential_V,STY_assumed_product_kg_m3_day,0.07490251814202309,0.014227608081860278
46,overpotential_V,STY_assumed_product_kg_m3_day,0.06637551415160814,0.013185915145433276
47,overpotential_V,STY_assumed_product_kg_m3_day,0.02636752819930399,0.014095639738529767
48,overpotential_V,STY_assumed_product_kg_m3_day,0.05546277059818816,0.014229609813072915
49,overpotential_V,STY_assumed_product_kg_m3_day,0.044290968538006514,0.01845820388614018
50,overpotential_V,STY_assumed_product_kg_m3_day,0.18499210756775086,0.012952386467181784
51,overpotential_V,STY_assumed_product_kg_m3_day,-0.10938397382130316,0.014075479603335914
52,overpotential_V,STY_assumed_product_kg_m3_day,0.14825938940924244,0.01542310477396867
53,overpotential_V,STY_assumed_product_kg_m3_day,0.02522653848157097,0.014007638152204065
54,overpotential_V,STY_assumed_product_kg_m3_day,0.07283050931514146,0.011046083206830445
55,overpotential_V,STY_assumed_product_kg_m3_day,0.14974128673636533,0.013897260919955275
56,overpotential_V,STY_assumed_product_kg_m3_day,-0.07164044148238058,0.014152838945794123
57,overpotential_V,STY_assumed_product_kg_m3_day,-0.01774913014287005,0.012448832538772506
58,overpotential_V,STY_assumed_product_kg_m3_day,0.1264714619015208,0.018915677005220028
59,overpotential_V,STY_assumed_product_kg_m3_day,0.08816906074879571,0.014248597158968198
60,overpotential_V,STY_assumed_product_kg_m3_day,0.11206264077605699,0.01556554024250963
61,overpotential_V,STY_assumed_product_kg_m3_day,0.05613851948508197,0.013380365599642877
62,overpotential_V,STY_assumed_product_kg_m3_day,0.07874488843321037,0.01389261593939095
63,overpotential_V,STY_assumed_product_kg_m3_day,-0.04470961010789387,0.01298383979030901
64,overpotential_V,STY_assumed_product_kg_m3_day,-0.035707895245532306,0.013103946252605497
65,overpotential_V,STY_assumed_product_kg_m3_day,-0.06674772614819413,0.014136746864307607
66,overpotential_V,STY_assumed_product_kg_m3_day,-0.03948924841582535,0.01574268126069561
67,overpotential_V,STY_assumed_product_kg_m3_day,-0.044099738823830004,0.01728279388957852
68,overpotential_V,STY_assumed_product_kg_m3_day,-0.0008972942736620304,0.01486265925345309
69,overpotential_V,STY_assumed_product_kg_m3_day,-0.009572971948735853,0.013951145492205002
70,overpotential_V,STY_assumed_product_kg_m3_day,-0.028322125326936343,0.015695161744623178
71,overpotential_V,STY_assumed_product_kg_m3_day,0.02227574524380105,0.012796548638590897
72,overpotential_V,STY_assumed_product_kg_m3_day,0.008845730306640376,0.017013762893983115
73,overpotential_V,STY_assumed_product_kg_m3_day,0.0010688604577170358,0.016319375203532688
74,overpotential_V,STY_assumed_product_kg_m3_day,-0.11508250169237444,0.01319111306909802
75,overpotential_V,STY_assumed_product_kg_m3_day,-0.03978146527516668,0.013068780612981041
76,overpotential_V,STY_assumed_product_kg_m3_day,0.03554884266350211,0.014175428464183196
77,overpotential_V,STY_assumed_product_kg_m3_day,0.08694254659555334,0.018005391978600925
78,overpotential_V,STY_assumed_product_kg_m3_day,0.09141450998566059,0.017981400099166416
79,overpotential_V,STY_assumed_product_kg_m3_day,-0.06862221997857976,0.012220598211377295
80,overpotential_V,STY_assumed_product_kg_m3_day,0.017496217265639546,0.012509585239127898
81,overpotential_V,STY_assumed_product_kg_m3_day,0.012578173886877542,0.011879394116114862
82,overpotential_V,STY_assumed_product_kg_m3_day,-0.023177298229313026,0.014055609295678749
83,overpotential_V,STY_assumed_product_kg_m3_day,0.08220052417952928,0.014003469620252933
84,overpotential_V,STY_assumed_product_kg_m3_day,0.0391632058632988,0.01466371803816527
85,overpotential_V,STY_assumed_product_kg_m3_day,0.16506144004829593,0.011157137740500858
86,overpotential_V,STY_assumed_product_kg_m3_day,0.013618757608270471,0.012425346726513175
87,overpotential_V,STY_assumed_product_kg_m3_day,0.03585188475843459,0.014581120014704933
88,overpotential_V,STY_assumed_product_kg_m3_day,0.06294088505770679,0.012760930962977035
89,overpotential_V,STY_assumed_product_kg_m3_day,0.06330324667521547,0.012187030662531764
90,overpotential_V,STY_assumed_product_kg_m3_day,0.0020661812196269835,0.012409322982407406
91,overpotential_V,STY_assumed_product_kg_m3_day,-0.021611737931700237,0.012866469786510468
92,overpotential_V,STY_assumed_product_kg_m3_day,-0.0331664130554008,0.011029145579732056
93,overpotential_V,STY_assumed_product_kg_m3_day,-0.15652503817394448,0.013357405943490898
94,overpotential_V,STY_assumed_product_kg_m3_day,0.06541444355769044,0.01821939763997327
95,overpotential_V,STY_assumed_product_kg_m3_day,-0.020428907833414556,0.010996878960604646
96,overpotential_V,STY_assumed_product_kg_m3_day,0.07972701272314253,0.01633241101978218
97,overpotential_V,STY_assumed_product_kg_m3_day,0.006694942257654546,0.011624412247799561
98,overpotential_V,STY_assumed_product_kg_m3_day,0.022779621485357504,0.014881160318628208
99,overpotential_V,STY_assumed_product_kg_m3_day,0.08703736897177483,0.013316341165086345
100,overpotential_V,STY_assumed_product_kg_m3_day,-0.0597161122829033,0.0159102678731741
101,overpotential_V,STY_assumed_product_kg_m3_day,0.07267831477535247,0.015844625455055654
102,overpotential_V,STY_assumed_product_kg_m3_day,0.07829908028241672,0.013284312735752314
103,overpotential_V,STY_assumed_product_kg_m3_day,0.005622767749195123,0.016738279091395233
104,overpotential_V,STY_assumed_product_kg_m3_day,-0.08020332966430765,0.01507157730202718
105,overpotential_V,STY_assumed_product_kg_m3_day,0.06848562116928836,0.013910160172982723
106,overpotential_V,STY_assumed_product_kg_m3_day,0.003327081828435552,0.014983818515144867
107,overpotential_V,STY_assumed_product_kg_m3_day,0.06105748915434184,0.012684759162933958
108,overpotential_V,STY_assumed_product_kg_m3_day,0.033637863142816804,0.01105155859989601
109,overpotential_V,STY_assumed_product_kg_m3_day,-0.029300591725938796,0.00925936460823411
110,overpotential_V,STY_assumed_product_kg_m3_day,0.08173942545850554,0.013625968489941798
111,overpotential_V,STY_assumed_product_kg_m3_day,-0.040457476414257565,0.01273898593081597
112,overpotential_V,STY_assumed_product_kg_m3_day,0.04174988545753067,0.010854838776834207
113,overpotential_V,STY_assumed_product_kg_m3_day,0.025357261809140996,0.013198667826640198
114,overpotential_V,STY_assumed_product_kg_m3_day,-0.01901245021449882,0.011258324288106171
115,overpotential_V,STY_assumed_product_kg_m3_day,0.07570701870393515,0.013189390863020947
116,overpotential_V,STY_assumed_product_kg_m3_day,0.07744337198092788,0.011683108601292245
117,overpotential_V,STY_assumed_product_kg_m3_day,-0.12614210783105562,0.015101843982627346
118,overpotential_V,STY_assumed_product_kg_m3_day,0.0304667884761739,0.012410748760474887
119,overpotential_V,STY_assumed_product_kg_m3_day,0.1202319834882114,0.013571760439271998
120,overpotential_V,STY_assumed_product_kg_m3_day,0.08229333466220956,0.014182462091559468
121,overpotential_V,STY_assumed_product_kg_m3_day,-0.009598652277952535,0.01363198634635297
122,overpotential_V,STY_assumed_product_kg_m3_day,0.037699483441991366,0.015638579278795292
123,overpotential_V,STY_assumed_product_kg_m3_day,-0.05465245328918833,0.014987841570675847
124,overpotential_V,STY_assumed_product_kg_m3_day,0.006256735539517999,0.01790545128259661
125,overpotential_V,STY_assumed_product_kg_m3_day,0.08429187062774102,0.013495718826243938
126,overpotential_V,STY_assumed_product_kg_m3_day,-0.024491163288271833,0.011523897354867448
127,overpotential_V,STY_assumed_product_kg_m3_day,0.10301599699745978,0.012411711009089726
128,overpotential_V,STY_assumed_product_kg_m3_day,0.02431556806783075,0.018319904456685087
129,overpotential_V,STY_assumed_product_kg_m3_day,0.023880888149492074,0.01389908076990761
130,overpotential_V,STY_assumed_product_kg_m3_day,0.059813018295191034,0.01595752064538981
131,overpotential_V,STY_assumed_product_kg_m3_day,0.06815754996315626,0.0119304323105009
132,overpotential_V,STY_assumed_product_kg_m3_day,0.08149576223170285,0.013476091985934233
133,overpotential_V,STY_assumed_product_kg_m3_day,0.0984282955678194,0.014565286246153242
134,overpotential_V,STY_assumed_product_kg_m3_day,-0.019169991571907463,0.017510721197142778
135,overpotential_V,STY_assumed_product_kg_m3_day,0.04783015606258523,0.013802394578456863
136,overpotential_V,STY_assumed_product_kg_m3_day,-0.056357854388364936,0.011826830145679928
137,overpotential_V,STY_assumed_product_kg_m3_day,0.03708546714202876,0.015059064411116827
138,overpotential_V,STY_assumed_product_kg_m3_day,0.002262296016590337,0.014569584693651692
139,overpotential_V,STY_assumed_product_kg_m3_day,0.12031895193200526,0.011621206182151672
140,overpotential_V,STY_assumed_product_kg_m3_day,0.008244470691306294,0.015230234107287044
141,overpotential_V,STY_assumed_product_kg_m3_day,0.029811984252772095,0.013110537792181548
142,overpotential_V,STY_assumed_product_kg_m3_day,0.03472804538543661,0.013292676335861519
143,overpotential_V,STY_assumed_product_kg_m3_day,-0.01169560181436502,0.012620064097066234
144,overpotential_V,STY_assumed_product_kg_m3_day,0.10140505775876019,0.012263860619838697
145,overpotential_V,STY_assumed_product_kg_m3_day,0.15968265341711563,0.01711785551542891
146,overpotential_V,STY_assumed_product_kg_m3_day,-0.11033360287183647,0.01708303293314137
147,overpotential_V,STY_assumed_product_kg_m3_day,0.0016059481427409539,0.01651230080333971
148,overpotential_V,STY_assumed_product_kg_m3_day,0.03456260794101096,0.015606929605404335
149,overpotential_V,STY_assumed_product_kg_m3_day,-0.05145786136952357,0.014208035639554733
150,overpotential_V,STY_assumed_product_kg_m3_day,0.029966468571990812,0.014846873131298732
151,overpotential_V,STY_assumed_product_kg_m3_day,0.023176741947163015,0.01302664235533848
152,overpotential_V,STY_assumed_product_kg_m3_day,0.07654871189304358,0.01067803767247555
153,overpotential_V,STY_assumed_product_kg_m3_day,-0.046995231777490876,0.01260649438121402
154,overpotential_V,STY_assumed_product_kg_m3_day,-0.07152135324527853,0.012914860592870482
155,overpotential_V,STY_assumed_product_kg_m3_day,0.08942516743134599,0.016409245853579443
156,overpotential_V,STY_assumed_product_kg_m3_day,-0.09257550222364985,0.013099396328926965
157,overpotential_V,STY_assumed_product_kg_m3_day,0.03216567664776826,0.012675729153877019
158,overpotential_V,STY_assumed_product_kg_m3_day,-0.016465576901967705,0.012130197601988283
159,overpotential_V,STY_assumed_product_kg_m3_day,0.0497308404601875,0.015213180286948196
160,overpotential_V,STY_assumed_product_kg_m3_day,-0.02790642834665169,0.014008229074047864
161,overpotential_V,STY_assumed_product_kg_m3_day,0.13296703238525853,0.012998679347066293
162,overpotential_V,STY_assumed_product_kg_m3_day,0.10731184223951007,0.018758202892538572
163,overpotential_V,STY_assumed_product_kg_m3_day,0.04424733018457838,0.017039106444000033
164,overpotential_V,STY_assumed_product_kg_m3_day,0.07670623545271604,0.013663886095780295
165,overpotential_V,STY_assumed_product_kg_m3_day,0.06593641671007466,0.012959291614442828
166,overpotential_V,STY_assumed_product_kg_m3_day,0.02544905440293921,0.015133231276914318
167,overpotential_V,STY_assumed_product_kg_m3_day,0.09991370754504225,0.013028897058743648
168,overpotential_V,STY_assumed_product_kg_m3_day,0.008763623334964943,0.013315280590860889
169,overpotential_V,STY_assumed_product_kg_m3_day,0.04597621651441053,0.01731278668205281
170,overpotential_V,STY_assumed_product_kg_m3_day,-0.05173700732178799,0.01528777324907077
171,overpotential_V,STY_assumed_product_kg_m3_day,0.16914740366274916,0.011992549288090855
172,overpotential_V,STY_assumed_product_kg_m3_day,-0.006911460613719278,0.017616253319124427
173,overpotential_V,STY_assumed_product_kg_m3_day,0.0007507786345147816,0.013945681365560495
174,overpotential_V,STY_assumed_product_kg_m3_day,0.08295125906180956,0.014509839143419618
175,overpotential_V,STY_assumed_product_kg_m3_day,-0.016247549821737595,0.015555830684991143
176,overpotential_V,STY_assumed_product_kg_m3_day,-0.008220468635038891,0.01099373257675307
177,overpotential_V,STY_assumed_product_kg_m3_day,0.0676033004130433,0.01177645150686923
178,overpotential_V,STY_assumed_product_kg_m3_day,-0.09542925643336475,0.012705718461748648
179,overpotential_V,STY_assumed_product_kg_m3_day,0.12338180978523772,0.011629263596419545
180,overpotential_V,STY_assumed_product_kg_m3_day,0.048368139577186775,0.013400803798704208
181,overpotential_V,STY_assumed_product_kg_m3_day,-0.036927068359330795,0.01380108039407599
182,overpotential_V,STY_assumed_product_kg_m3_day,0.09664855547798279,0.011826346087721257
183,overpotential_V,STY_assumed_product_kg_m3_day,0.07115185668435553,0.015765937277578107
184,overpotential_V,STY_assumed_product_kg_m3_day,-0.02160527495611886,0.011338409845560664
185,overpotential_V,STY_assumed_product_kg_m3_day,0.0895285967366296,0.012558678626316898
186,overpotential_V,STY_assumed_product_kg_m3_day,-0.03556244649149054,0.014776115015142267
187,overpotential_V,STY_assumed_product_kg_m3_day,0.06823250789584756,0.01492506461172676
188,overpotential_V,STY_assumed_product_kg_m3_day,-0.04047091083466148,0.016158915554461677
189,overpotential_V,STY_assumed_product_kg_m3_day,-0.018694683791206312,0.012810356610280125
190,overpotential_V,STY_assumed_product_kg_m3_day,0.053765596282917216,0.015795771635044396
191,overpotential_V,STY_assumed_product_kg_m3_day,0.1262678629390528,0.011724876003553075
192,overpotential_V,STY_assumed_product_kg_m3_day,-0.06477869953170434,0.013449020102754523
193,overpotential_V,STY_assumed_product_kg_m3_day,-0.05084814611223809,0.013106245186371416
194,overpotential_V,STY_assumed_product_kg_m3_day,0.10407460754615416,0.015820130564636145
195,overpotential_V,STY_assumed_product_kg_m3_day,0.12472599022243747,0.011280433655506497
196,overpotential_V,STY_assumed_product_kg_m3_day,-0.005281845800610974,0.012565987074285145
197,overpotential_V,STY_assumed_product_kg_m3_day,-0.09593831216125537,0.014802661759195139
198,overpotential_V,STY_assumed_product_kg_m3_day,0.1417513327943779,0.0135493797110073
199,overpotential_V,STY_assumed_product_kg_m3_day,0.10671683229610252,0.015640077119067942
200,overpotential_V,STY_assumed_product_kg_m3_day,0.03626094725409024,0.01574994285858373
201,overpotential_V,STY_assumed_product_kg_m3_day,0.09237566498972272,0.01100405646839676
202,overpotential_V,STY_assumed_product_kg_m3_day,0.019563646665111123,0.01417800956158166
203,overpotential_V,STY_assumed_product_kg_m3_day,0.0846965676589515,0.012528234256120633
204,overpotential_V,STY_assumed_product_kg_m3_day,0.057904296936351574,0.016810664079158655
205,overpotential_V,STY_assumed_product_kg_m3_day,0.026775986401423535,0.017163487989394745
206,overpotential_V,STY_assumed_product_kg_m3_day,0.11128032722317038,0.016707579396760208
207,overpotential_V,STY_assumed_product_kg_m3_day,-0.010115878292530134,0.012797528323607065
208,overpotential_V,STY_assumed_product_kg_m3_day,0.06531397310440323,0.0114070121875322
209,overpotential_V,STY_assumed_product_kg_m3_day,0.004603192000497747,0.010957734420398279
210,overpotential_V,STY_assumed_product_kg_m3_day,-0.013438004541431958,0.011271342779627628
211,overpotential_V,STY_assumed_product_kg_m3_day,-0.09058082463242512,0.01207939757211316
212,overpotential_V,STY_assumed_product_kg_m3_day,0.01964950821096456,0.0151246586692101
213,overpotential_V,STY_assumed_product_kg_m3_day,0.137531535895425,0.013302586666381892
214,overpotential_V,STY_assumed_product_kg_m3_day,0.00422533396696001,0.016626139061066896
215,overpotential_V,STY_assumed_product_kg_m3_day,0.01515097451195413,0.012468193260376924
216,overpotential_V,STY_assumed_product_kg_m3_day,0.0040662740313922585,0.013340255384969083
217,overpotential_V,STY_assumed_product_kg_m3_day,0.035334193700201966,0.012998715014051539
218,overpotential_V,STY_assumed_product_kg_m3_day,0.012160517239420243,0.014036086982376336
219,overpotential_V,STY_assumed_product_kg_m3_day,-0.04492170945680418,0.01698860265601239
220,overpotential_V,STY_assumed_product_kg_m3_day,0.03361713592276172,0.014219957876646172
221,overpotential_V,STY_assumed_product_kg_m3_day,0.03757222542704486,0.013134723321271597
222,overpotential_V,STY_assumed_product_kg_m3_day,0.03717326090536377,0.016226084871125923
223,overpotential_V,STY_assumed_product_kg_m3_day,0.04442097057268024,0.011556603252640086
224,overpotential_V,STY_assumed_product_kg_m3_day,0.022799455278378677,0.015109598352653013
225,overpotential_V,STY_assumed_product_kg_m3_day,-0.013073293358055738,0.013923998183277672
226,overpotential_V,STY_assumed_product_kg_m3_day,-0.04196998596390644,0.015868812629157694
227,overpotential_V,STY_assumed_product_kg_m3_day,0.06084378609878194,0.013435430474374848
228,overpotential_V,STY_assumed_product_kg_m3_day,0.034487709940620226,0.014922931404576038
229,overpotential_V,STY_assumed_product_kg_m3_day,0.010404842992466135,0.015844340002862146
230,overpotential_V,STY_assumed_product_kg_m3_day,0.06514047230391695,0.016092273885407498
231,overpotential_V,STY_assumed_product_kg_m3_day,0.058952709103478496,0.015095730133316033
232,overpotential_V,STY_assumed_product_kg_m3_day,0.036581304460898245,0.011758328774779428
233,overpotential_V,STY_assumed_product_kg_m3_day,0.04018598353633562,0.01009067353380993
234,overpotential_V,STY_assumed_product_kg_m3_day,0.037022472362201464,0.017081915608156376
235,overpotential_V,STY_assumed_product_kg_m3_day,0.006806025533751314,0.01085728270932393
236,overpotential_V,STY_assumed_product_kg_m3_day,0.08890507292973548,0.012967664468600565
237,overpotential_V,STY_assumed_product_kg_m3_day,0.10550935294407648,0.01509364746093767
238,overpotential_V,STY_assumed_product_kg_m3_day,0.0885366197579277,0.014643876097516693
239,overpotential_V,STY_assumed_product_kg_m3_day,-0.07580234309001033,0.015527158905533033
240,overpotential_V,STY_assumed_product_kg_m3_day,0.0479589934790422,0.01638152170196605
241,overpotential_V,STY_assumed_product_kg_m3_day,-0.04941184175550495,0.013301950239643865
242,overpotential_V,STY_assumed_product_kg_m3_day,0.03555156850180918,0.013572602862317597
243,overpotential_V,STY_assumed_product_kg_m3_day,0.09660712477952571,0.011022689274598848
244,overpotential_V,STY_assumed_product_kg_m3_day,-0.0749802348486781,0.012368236918680855
245,overpotential_V,STY_assumed_product_kg_m3_day,-0.055725818562662344,0.014129778781337253
246,overpotential_V,STY_assumed_product_kg_m3_day,0.03689452290824269,0.014627712660215253
247,overpotential_V,STY_assumed_product_kg_m3_day,0.05429931197217819,0.012323189076522691
248,overpotential_V,STY_assumed_product_kg_m3_day,-0.01659883952984309,0.01096387184263873
249,overpotential_V,STY_assumed_product_kg_m3_day,-0.005881429504354996,0.013654270562917556
250,overpotential_V,STY_assumed_product_kg_m3_day,-0.002217092604003046,0.013213916588964139
251,overpotential_V,STY_assumed_product_kg_m3_day,0.06949397507574717,0.011991223865840936
252,overpotential_V,STY_assumed_product_kg_m3_day,-0.06422937522516903,0.013200164948943396
253,overpotential_V,STY_assumed_product_kg_m3_day,0.04489479481771086,0.013371340111684206
254,overpotential_V,STY_assumed_product_kg_m3_day,0.1041458743414736,0.020364399999991328
255,overpotential_V,STY_assumed_product_kg_m3_day,-0.06752052838574452,0.013721628072067565
256,overpotential_V,STY_assumed_product_kg_m3_day,0.08268567139037364,0.012861575777559564
257,overpotential_V,STY_assumed_product_kg_m3_day,0.02186508674648613,0.013808232249556202
258,overpotential_V,STY_assumed_product_kg_m3_day,-0.05063534356160648,0.017583072305303003
259,overpotential_V,STY_assumed_product_kg_m3_day,0.03247987341616587,0.011697579011792301
260,overpotential_V,STY_assumed_product_kg_m3_day,0.10698884045925405,0.01231882913571964
261,overpotential_V,STY_assumed_product_kg_m3_day,0.01809988048610056,0.013752162336061038
262,overpotential_V,STY_assumed_product_kg_m3_day,0.010950381517675023,0.014773144315535032
263,overpotential_V,STY_assumed_product_kg_m3_day,-0.05004324195881349,0.012834150596253428
264,overpotential_V,STY_assumed_product_kg_m3_day,-0.03666812121296781,0.01493440805963708
265,overpotential_V,STY_assumed_product_kg_m3_day,-0.08864310281354348,0.013558957156408128
266,overpotential_V,STY_assumed_product_kg_m3_day,0.07098150237530909,0.01482932485608125
267,overpotential_V,STY_assumed_product_kg_m3_day,-0.04600332161417531,0.01376570706352877
268,overpotential_V,STY_assumed_product_kg_m3_day,0.029611496209856814,0.012963886852090264
269,overpotential_V,STY_assumed_product_kg_m3_day,-0.0432668506016598,0.01372942122211133
270,overpotential_V,STY_assumed_product_kg_m3_day,-0.08010431544131857,0.012620925580149815
271,overpotential_V,STY_assumed_product_kg_m3_day,0.0815275184887182,0.017192956779364055
272,overpotential_V,STY_assumed_product_kg_m3_day,0.06759024714416828,0.015551000542303437
273,overpotential_V,STY_assumed_product_kg_m3_day,0.0701041604868421,0.013336654291223922
274,overpotential_V,STY_assumed_product_kg_m3_day,0.01202289925353417,0.015202475237388088
275,overpotential_V,STY_assumed_product_kg_m3_day,0.022100608498831442,0.013476838671559386
276,overpotential_V,STY_assumed_product_kg_m3_day,-0.04044940100460126,0.014415129685412854
277,overpotential_V,STY_assumed_product_kg_m3_day,-0.05857059272986476,0.014614299468069095
278,overpotential_V,STY_assumed_product_kg_m3_day,0.07781640736231865,0.01419798380129863
279,overpotential_V,STY_assumed_product_kg_m3_day,-0.04142333635559026,0.014010818731060345
280,overpotential_V,STY_assumed_product_kg_m3_day,-0.0018484645020471202,0.01313546406182074
281,overpotential_V,STY_assumed_product_kg_m3_day,-0.04364149067154277,0.016864787696194698
282,overpotential_V,STY_assumed_product_kg_m3_day,0.14296988656355314,0.014357233374029216
283,overpotential_V,STY_assumed_product_kg_m3_day,0.04915180311666556,0.012647112204637816
284,overpotential_V,STY_assumed_product_kg_m3_day,-0.01905878663270455,0.010713049628546122
285,overpotential_V,STY_assumed_product_kg_m3_day,-0.13290367884008125,0.01033589965659612
286,overpotential_V,STY_assumed_product_kg_m3_day,0.08506888912960509,0.014145104704501851
287,overpotential_V,STY_assumed_product_kg_m3_day,0.03708528098465946,0.013084631126256987
288,overpotential_V,STY_assumed_product_kg_m3_day,-0.06545918106483195,0.010962067639322821
289,overpotential_V,STY_assumed_product_kg_m3_day,0.08962588161130902,0.01477467604345134
290,overpotential_V,STY_assumed_product_kg_m3_day,0.03557983264035813,0.016265271081951947
291,overpotential_V,STY_assumed_product_kg_m3_day,0.03207868508802936,0.014458577205429455
292,overpotential_V,STY_assumed_product_kg_m3_day,0.06046111654578967,0.014927376899869647
293,overpotential_V,STY_assumed_product_kg_m3_day,0.07156855725806632,0.013891583087079284
294,overpotential_V,STY_assumed_product_kg_m3_day,0.02427638933323495,0.012920174576909476
295,overpotential_V,STY_assumed_product_kg_m3_day,-0.0556675948467249,0.01389348348989055
296,overpotential_V,STY_assumed_product_kg_m3_day,-0.005582685496153372,0.014609215949828312
297,overpotential_V,STY_assumed_product_kg_m3_day,0.01981093357531094,0.013255715149570642
298,overpotential_V,STY_assumed_product_kg_m3_day,0.04523021538371785,0.011358669053970944
299,overpotential_V,STY_assumed_product_kg_m3_day,0.12045304216815089,0.015451836191315066
300,overpotential_V,STY_assumed_product_kg_m3_day,0.012146631824460852,0.013984358177314183
301,overpotential_V,STY_assumed_product_kg_m3_day,0.08697778859412597,0.012613298412229822
302,overpotential_V,STY_assumed_product_kg_m3_day,-0.04582447123290123,0.012079669091879727
303,overpotential_V,STY_assumed_product_kg_m3_day,-0.03269562089909428,0.013101025767926345
304,overpotential_V,STY_assumed_product_kg_m3_day,-0.024196901590414654,0.013147366360151555
305,overpotential_V,STY_assumed_product_kg_m3_day,0.028578925588855553,0.0127226782126116
306,overpotential_V,STY_assumed_product_kg_m3_day,-0.04194969294052919,0.011771309469139818
307,overpotential_V,STY_assumed_product_kg_m3_day,0.1401501586563788,0.013908955346978745
308,overpotential_V,STY_assumed_product_kg_m3_day,-0.13314451133304428,0.014324881250165485
309,overpotential_V,STY_assumed_product_kg_m3_day,0.006761551421142098,0.011561769800585925
310,overpotential_V,STY_assumed_product_kg_m3_day,-0.03973390067488358,0.013899882497969907
311,overpotential_V,STY_assumed_product_kg_m3_day,0.10458114770746807,0.010240645833884876
312,overpotential_V,STY_assumed_product_kg_m3_day,0.025470488337096864,0.013312867162882904
313,overpotential_V,STY_assumed_product_kg_m3_day,-0.05195914007731939,0.012258628752753183
314,overpotential_V,STY_assumed_product_kg_m3_day,0.08491155034986098,0.01219426919529512
315,overpotential_V,STY_assumed_product_kg_m3_day,0.03185778384956739,0.011129271045545085
316,overpotential_V,STY_assumed_product_kg_m3_day,0.007805605929612436,0.013448642608958828
317,overpotential_V,STY_assumed_product_kg_m3_day,-0.12247512207374833,0.016494751781910767
318,overpotential_V,STY_assumed_product_kg_m3_day,0.15705716045353613,0.01323617126076467
319,overpotential_V,STY_assumed_product_kg_m3_day,0.0760676702499462,0.014848506181047865
320,overpotential_V,STY_assumed_product_kg_m3_day,0.05627654575245855,0.012933072634709946
321,overpotential_V,STY_assumed_product_kg_m3_day,-0.060293577150317246,0.015053976105041063
322,overpotential_V,STY_assumed_product_kg_m3_day,0.09286158522739918,0.012777217972449276
323,overpotential_V,STY_assumed_product_kg_m3_day,-0.008842213877206628,0.01334725811638263
324,overpotential_V,STY_assumed_product_kg_m3_day,-0.003616441185660957,0.015142183733675622
325,overpotential_V,STY_assumed_product_kg_m3_day,0.02518861329865485,0.012193453328624574
326,overpotential_V,STY_assumed_product_kg_m3_day,0.08854108382581871,0.013841906348419706
327,overpotential_V,STY_assumed_product_kg_m3_day,-0.043767884606979335,0.01332167398750427
328,overpotential_V,STY_assumed_product_kg_m3_day,0.005971105472027172,0.014005455168529767
329,overpotential_V,STY_assumed_product_kg_m3_day,-0.00979502401689758,0.016302406999211243
330,overpotential_V,STY_assumed_product_kg_m3_day,0.01740007938573096,0.012648851052511217
331,overpotential_V,STY_assumed_product_kg_m3_day,-0.07636055317720891,0.010525182177888564
332,overpotential_V,STY_assumed_product_kg_m3_day,0.08864151839651246,0.014731641723188887
333,overpotential_V,STY_assumed_product_kg_m3_day,-0.030976167413370836,0.01580820467746176
334,overpotential_V,STY_assumed_product_kg_m3_day,0.07317129989803073,0.010942256854447687
335,overpotential_V,STY_assumed_product_kg_m3_day,-0.020171879430143314,0.013590535284298906
336,overpotential_V,STY_assumed_product_kg_m3_day,0.08666266982953374,0.012151850501294173
337,overpotential_V,STY_assumed_product_kg_m3_day,0.0759345217983094,0.012067990453221813
338,overpotential_V,STY_assumed_product_kg_m3_day,-0.04382549887388887,0.01370364949945371
339,overpotential_V,STY_assumed_product_kg_m3_day,0.04681649360098994,0.014864025516523119
340,overpotential_V,STY_assumed_product_kg_m3_day,0.03286008002430296,0.011894664669775382
341,overpotential_V,STY_assumed_product_kg_m3_day,-0.09513071864226119,0.013282816198277037
342,overpotential_V,STY_assumed_product_kg_m3_day,-0.020690045865780382,0.014943837605275906
343,overpotential_V,STY_assumed_product_kg_m3_day,0.14741446324953067,0.009861950334817411
344,overpotential_V,STY_assumed_product_kg_m3_day,-0.05594917458663695,0.014756250294814404
345,overpotential_V,STY_assumed_product_kg_m3_day,0.052339168949413484,0.013394796120118084
346,overpotential_V,STY_assumed_product_kg_m3_day,0.10011973496696025,0.013309617875551013
347,overpotential_V,STY_assumed_product_kg_m3_day,0.03783397430189239,0.010235468835600342
348,overpotential_V,STY_assumed_product_kg_m3_day,0.09146769482906292,0.011715208028904748
349,overpotential_V,STY_assumed_product_kg_m3_day,-0.036428456088655414,0.01576097996039317
350,overpotential_V,STY_assumed_product_kg_m3_day,-0.003658182741930638,0.010386832271530932
351,overpotential_V,STY_assumed_product_kg_m3_day,0.03415236138403954,0.012956881650130415
352,overpotential_V,STY_assumed_product_kg_m3_day,0.11543007395454385,0.013411926304824446
353,overpotential_V,STY_assumed_product_kg_m3_day,-0.10049110583340948,0.012342738159530464
354,overpotential_V,STY_assumed_product_kg_m3_day,0.048836837820929624,0.017621615098869406
355,overpotential_V,STY_assumed_product_kg_m3_day,0.017506880338057584,0.014361609469201984
356,overpotential_V,STY_assumed_product_kg_m3_day,0.024916877452093367,0.015565138267267813
357,overpotential_V,STY_assumed_product_kg_m3_day,0.05840739719442778,0.01432901302381563
358,overpotential_V,STY_assumed_product_kg_m3_day,0.0036480014674483696,0.010783399365010835
359,overpotential_V,STY_assumed_product_kg_m3_day,-0.06789641158844861,0.015462034007974803
360,overpotential_V,STY_assumed_product_kg_m3_day,-0.04497038712020651,0.015835737799238577
361,overpotential_V,STY_assumed_product_kg_m3_day,0.08277550907635933,0.013921032613246065
362,overpotential_V,STY_assumed_product_kg_m3_day,-0.037849627035982714,0.013183417122809753
363,overpotential_V,STY_assumed_product_kg_m3_day,0.1342723504172143,0.014652293888282354
364,overpotential_V,STY_assumed_product_kg_m3_day,0.04803512194925985,0.013036929880149525
365,overpotential_V,STY_assumed_product_kg_m3_day,0.08120469219344884,0.019070128466927034
366,overpotential_V,STY_assumed_product_kg_m3_day,0.0022783675783364377,0.012016365008464619
367,overpotential_V,STY_assumed_product_kg_m3_day,-0.09061444953757847,0.01285665545808168
368,overpotential_V,STY_assumed_product_kg_m3_day,0.0625270872417002,0.01365147267424476
369,overpotential_V,STY_assumed_product_kg_m3_day,0.08735891978111487,0.011244649274157806
370,overpotential_V,STY_assumed_product_kg_m3_day,-0.03285171656638686,0.011425706410658824
371,overpotential_V,STY_assumed_product_kg_m3_day,0.055842058167913766,0.014005721133267396
372,overpotential_V,STY_assumed_product_kg_m3_day,-0.006755082952684344,0.014560972308330044
373,overpotential_V,STY_assumed_product_kg_m3_day,0.0717947194994103,0.011957077239318784
374,overpotential_V,STY_assumed_product_kg_m3_day,0.1693810217557168,0.016286991597033687
375,overpotential_V,STY_assumed_product_kg_m3_day,0.05028172709237533,0.013035953613361328
376,overpotential_V,STY_assumed_product_kg_m3_day,-0.025053369145064064,0.013218200157138857
377,overpotential_V,STY_assumed_product_kg_m3_day,-0.0016494813851157808,0.013669126557829026
378,overpotential_V,STY_assumed_product_kg_m3_day,0.08521581358032482,0.016873249071492607
379,overpotential_V,STY_assumed_product_kg_m3_day,0.11382901266430279,0.01327472244363821
380,overpotential_V,STY_assumed_product_kg_m3_day,0.03071340983922166,0.013880909449404864
381,overpotential_V,STY_assumed_product_kg_m3_day,0.06652818361436974,0.013431957036258326
382,overpotential_V,STY_assumed_product_kg_m3_day,-0.042606518449782804,0.01206277215015056
383,overpotential_V,STY_assumed_product_kg_m3_day,0.04404193787380062,0.013332642386653971
384,overpotential_V,STY_assumed_product_kg_m3_day,0.015861228600067112,0.014408722112432154
385,overpotential_V,STY_assumed_product_kg_m3_day,-0.08163730947016679,0.014950233059823724
386,overpotential_V,STY_assumed_product_kg_m3_day,0.09098597771798012,0.014608437950531248
387,overpotential_V,STY_assumed_product_kg_m3_day,-0.014599548063153778,0.01443442079667255
388,overpotential_V,STY_assumed_product_kg_m3_day,0.1843280066244597,0.014045846496916897
389,overpotential_V,STY_assumed_product_kg_m3_day,0.008838945598321879,0.010718762123053454
390,overpotential_V,STY_assumed_product_kg_m3_day,-0.058823220455293423,0.014353958637820356
391,overpotential_V,STY_assumed_product_kg_m3_day,0.03162744955091701,0.014097071556197547
392,overpotential_V,STY_assumed_product_kg_m3_day,-0.0012386755574380626,0.01163467095169274
393,overpotential_V,STY_assumed_product_kg_m3_day,0.08574890343928054,0.012164593479916124
394,overpotential_V,STY_assumed_product_kg_m3_day,0.07843007306450456,0.012039294844753336
395,overpotential_V,STY_assumed_product_kg_m3_day,0.06468366542319892,0.013629203653155132
396,overpotential_V,STY_assumed_product_kg_m3_day,-0.01468361353647163,0.015107097902605617
397,overpotential_V,STY_assumed_product_kg_m3_day,-0.07267319053974886,0.011264081453403274
398,overpotential_V,STY_assumed_product_kg_m3_day,0.10559867036212389,0.01336555372578005
399,overpotential_V,STY_assumed_product_kg_m3_day,-0.003842834106592141,0.01119813980482341
400,overpotential_V,STY_assumed_product_kg_m3_day,0.059857610742436895,0.01206006768495915
401,overpotential_V,STY_assumed_product_kg_m3_day,0.09229369350923378,0.013948350424677925
402,overpotential_V,STY_assumed_product_kg_m3_day,-0.09451014931419421,0.014709102316721427
403,overpotential_V,STY_assumed_product_kg_m3_day,0.06034035867280674,0.014035817937714424
404,overpotential_V,STY_assumed_product_kg_m3_day,-0.06608487693837195,0.012676973428927329
405,overpotential_V,STY_assumed_product_kg_m3_day,0.04189061085526746,0.015525626693836515
406,overpotential_V,STY_assumed_product_kg_m3_day,0.021438082708902906,0.013008714552137028
407,overpotential_V,STY_assumed_product_kg_m3_day,0.010324414634666157,0.013378050946139789
408,overpotential_V,STY_assumed_product_kg_m3_day,-0.0037504305924951353,0.01352813782806936
409,overpotential_V,STY_assumed_product_kg_m3_day,0.11133107784723562,0.012822269477248795
410,overpotential_V,STY_assumed_product_kg_m3_day,0.022816738781235357,0.01289159594963561
411,overpotential_V,STY_assumed_product_kg_m3_day,-0.03288695610144776,0.015311181149992808
412,overpotential_V,STY_assumed_product_kg_m3_day,-0.00263076665628037,0.01307781911232274
413,overpotential_V,STY_assumed_product_kg_m3_day,0.0958300763374006,0.012614807742941358
414,overpotential_V,STY_assumed_product_kg_m3_day,0.12132835774937989,0.012566510883728723
415,overpotential_V,STY_assumed_product_kg_m3_day,0.09295974920654815,0.019328781034272106
416,overpotential_V,STY_assumed_product_kg_m3_day,0.08219568388339948,0.010856104672481019
417,overpotential_V,STY_assumed_product_kg_m3_day,0.10458184887232347,0.014615485583533658
418,overpotential_V,STY_assumed_product_kg_m3_day,0.010276746225287736,0.01099816062464805
419,overpotential_V,STY_assumed_product_kg_m3_day,0.07267330885183876,0.011971494349498943
420,overpotential_V,STY_assumed_product_kg_m3_day,0.16898608490356692,0.015921673800924116
421,overpotential_V,STY_assumed_product_kg_m3_day,-0.12479948771525073,0.013289284782064339
422,overpotential_V,STY_assumed_product_kg_m3_day,0.17546560343006068,0.014379658741409814
423,overpotential_V,STY_assumed_product_kg_m3_day,0.01607164161954111,0.012711597253927202
424,overpotential_V,STY_assumed_product_kg_m3_day,0.07300326075569141,0.014171182680163359
425,overpotential_V,STY_assumed_product_kg_m3_day,0.08785681149548774,0.012594557631181042
426,overpotential_V,STY_assumed_product_kg_m3_day,0.03575513552608944,0.01445264781049237
427,overpotential_V,STY_assumed_product_kg_m3_day,0.04820929579125732,0.015515484770232447
428,overpotential_V,STY_assumed_product_kg_m3_day,0.06383497089765933,0.02061243506821891
429,overpotential_V,STY_assumed_product_kg_m3_day,0.018950638953287635,0.016529629386117965
430,overpotential_V,STY_assumed_product_kg_m3_day,0.09991571697684598,0.013303872939921059
431,overpotential_V,STY_assumed_product_kg_m3_day,-0.019476251190731375,0.012479580324127717
432,overpotential_V,STY_assumed_product_kg_m3_day,0.007576882419417674,0.012717497215267687
433,overpotential_V,STY_assumed_product_kg_m3_day,0.06580730212170383,0.016285119547588794
434,overpotential_V,STY_assumed_product_kg_m3_day,0.08951833023110112,0.014121969686162594
435,overpotential_V,STY_assumed_product_kg_m3_day,-0.007193743633795879,0.014355006411462957
436,overpotential_V,STY_assumed_product_kg_m3_day,0.011654284652555358,0.01151875136519707
437,overpotential_V,STY_assumed_product_kg_m3_day,0.058992321999894015,0.01566528375161602
438,overpotential_V,STY_assumed_product_kg_m3_day,0.09012250669317712,0.01507747529003262
439,overpotential_V,STY_assumed_product_kg_m3_day,-0.006508813413920622,0.011777112452100433
440,overpotential_V,STY_assumed_product_kg_m3_day,0.06007531750766959,0.014088706236293541
441,overpotential_V,STY_assumed_product_kg_m3_day,0.07951661445035207,0.013509973683977923
442,overpotential_V,STY_assumed_product_kg_m3_day,-0.010328321106654048,0.013389045787749994
443,overpotential_V,STY_assumed_product_kg_m3_day,0.026438812381851307,0.01156291699351361
444,overpotential_V,STY_assumed_product_kg_m3_day,-0.009123003800879603,0.012809424431607493
445,overpotential_V,STY_assumed_product_kg_m3_day,0.018756642564703108,0.014898432829777791
446,overpotential_V,STY_assumed_product_kg_m3_day,0.20230984206577252,0.015162215474630912
447,overpotential_V,STY_assumed_product_kg_m3_day,0.08335362338336627,0.013535098752872182
448,overpotential_V,STY_assumed_product_kg_m3_day,-0.054675572346408075,0.013781605717873485
449,overpotential_V,STY_assumed_product_kg_m3_day,0.041655375291707375,0.014756788280139523
450,overpotential_V,STY_assumed_product_kg_m3_day,0.019011278813148236,0.013901064058487867
451,overpotential_V,STY_assumed_product_kg_m3_day,0.09004252972763138,0.010914835043471353
452,overpotential_V,STY_assumed_product_kg_m3_day,-0.06516320116049501,0.016272111122085865
453,overpotential_V,STY_assumed_product_kg_m3_day,-0.018165201547414522,0.015042637627782135
454,overpotential_V,STY_assumed_product_kg_m3_day,-0.02523730304071603,0.011551782024091585
455,overpotential_V,STY_assumed_product_kg_m3_day,0.05038937191359172,0.012967271432880265
456,overpotential_V,STY_assumed_product_kg_m3_day,0.0677211799796188,0.014254426592519801
457,overpotential_V,STY_assumed_product_kg_m3_day,0.09101669420331893,0.013792350676960826
458,overpotential_V,STY_assumed_product_kg_m3_day,0.0072989866071164755,0.014128851102503538
459,overpotential_V,STY_assumed_product_kg_m3_day,0.085072407215521,0.013458548894502974
460,overpotential_V,STY_assumed_product_kg_m3_day,0.0205568904864728,0.009450772719571008
461,overpotential_V,STY_assumed_product_kg_m3_day,0.15107266807210917,0.00970095852959533
462,overpotential_V,STY_assumed_product_kg_m3_day,0.05719735188067454,0.011642755470489239
463,overpotential_V,STY_assumed_product_kg_m3_day,0.08883995249118337,0.012757452020362593
464,overpotential_V,STY_assumed_product_kg_m3_day,-0.0004737243466730323,0.014733792243088073
465,overpotential_V,STY_assumed_product_kg_m3_day,0.014675207818272917,0.01495578714504824
466,overpotential_V,STY_assumed_product_kg_m3_day,-0.02835322693112552,0.012672454414092014
467,overpotential_V,STY_assumed_product_kg_m3_day,-0.04331173695256152,0.012653907595699778
468,overpotential_V,STY_assumed_product_kg_m3_day,0.043786887821739784,0.012986351687624362
469,overpotential_V,STY_assumed_product_kg_m3_day,-0.054696582930808146,0.010145379926457372
470,overpotential_V,STY_assumed_product_kg_m3_day,0.023618332423335553,0.014726647840474028
471,overpotential_V,STY_assumed_product_kg_m3_day,-0.01151759868198754,0.012322379515575152
472,overpotential_V,STY_assumed_product_kg_m3_day,0.018584795489377415,0.014488836786337032
473,overpotential_V,STY_assumed_product_kg_m3_day,0.04666031921312108,0.013443153565998994
474,overpotential_V,STY_assumed_product_kg_m3_day,0.0669429037314826,0.01745332451299771
475,overpotential_V,STY_assumed_product_kg_m3_day,0.03397086646869962,0.014504302252943356
476,overpotential_V,STY_assumed_product_kg_m3_day,-0.05527034089326066,0.013733431523086889
477,overpotential_V,STY_assumed_product_kg_m3_day,0.0009269687547315275,0.012549386694677674
478,overpotential_V,STY_assumed_product_kg_m3_day,0.10942402929535755,0.015176678291478281
479,overpotential_V,STY_assumed_product_kg_m3_day,0.04934975522859153,0.012831581991539696
480,overpotential_V,STY_assumed_product_kg_m3_day,0.0347928067044998,0.014132668784338416
481,overpotential_V,STY_assumed_product_kg_m3_day,-0.07175297864961339,0.012532843466602184
482,overpotential_V,STY_assumed_product_kg_m3_day,-0.039742192873428284,0.014569496273416149
483,overpotential_V,STY_assumed_product_kg_m3_day,0.08942538689338331,0.013600407447222435
484,overpotential_V,STY_assumed_product_kg_m3_day,0.010776016030582647,0.013426120433889143
485,overpotential_V,STY_assumed_product_kg_m3_day,-0.017050029279862544,0.014786782507026244
486,overpotential_V,STY_assumed_product_kg_m3_day,0.039220440153088565,0.01280659121790253
487,overpotential_V,STY_assumed_product_kg_m3_day,0.07639823450869643,0.013554191142202859
488,overpotential_V,STY_assumed_product_kg_m3_day,0.010321739970236776,0.01252994693377787
489,overpotential_V,STY_assumed_product_kg_m3_day,0.08684626227475667,0.01274903648948862
490,overpotential_V,STY_assumed_product_kg_m3_day,0.10356339357471034,0.014994344335288394
491,overpotential_V,STY_assumed_product_kg_m3_day,-0.046405584495427865,0.013839431155493883
492,overpotential_V,STY_assumed_product_kg_m3_day,0.06978262629747689,0.012698254762964567
493,overpotential_V,STY_assumed_product_kg_m3_day,0.11685158933729711,0.009781740310443127
494,overpotential_V,STY_assumed_product_kg_m3_day,0.025981838580450667,0.011978835912613828
495,overpotential_V,STY_assumed_product_kg_m3_day,-0.06691033149365144,0.013562064558087391
496,overpotential_V,STY_assumed_product_kg_m3_day,-0.0514586320447854,0.014767850901321107
497,overpotential_V,STY_assumed_product_kg_m3_day,-0.053347348092505964,0.01070941041938103
498,overpotential_V,STY_assumed_product_kg_m3_day,0.0679431232555251,0.012917800045334766
499,overpotential_V,STY_assumed_product_kg_m3_day,-0.023161214358478066,0.010866142645659422
0,overpotential_V,SEC_assumed_product_kwh_kg,0.06105018859335298,0.08556788161333848
1,overpotential_V,SEC_assumed_product_kwh_kg,0.12169998703251972,0.07601771123324455
2,overpotential_V,SEC_assumed_product_kwh_kg,0.19997706552636207,0.09080186073950121
3,overpotential_V,SEC_assumed_product_kwh_kg,0.19560080786947143,0.06950899309880079
4,overpotential_V,SEC_assumed_product_kwh_kg,0.01940335967671769,0.07114396779065683
5,overpotential_V,SEC_assumed_product_kwh_kg,0.1124264400743561,0.0861082015943572
6,overpotential_V,SEC_assumed_product_kwh_kg,0.14109586706481925,0.06866699939200371
7,overpotential_V,SEC_assumed_product_kwh_kg,0.10967652228561864,0.08447082774031998
8,overpotential_V,SEC_assumed_product_kwh_kg,0.2824774494568604,0.0744942191477945
9,overpotential_V,SEC_assumed_product_kwh_kg,0.14832282423469367,0.08060524007902317
10,overpotential_V,SEC_assumed_product_kwh_kg,0.05450057161114685,0.08416245735292938
11,overpotential_V,SEC_assumed_product_kwh_kg,0.10811770883153882,0.07907218786522835
12,overpotential_V,SEC_assumed_product_kwh_kg,0.04326524128136444,0.08212871024689894
13,overpotential_V,SEC_assumed_product_kwh_kg,0.1548468855165851,0.08227483918703869
14,overpotential_V,SEC_assumed_product_kwh_kg,0.03105402547272773,0.08537394664838727
15,overpotential_V,SEC_assumed_product_kwh_kg,0.168589054290617,0.08221061205595666
16,overpotential_V,SEC_assumed_product_kwh_kg,0.1345380572983269,0.07630282374984268
17,overpotential_V,SEC_assumed_product_kwh_kg,0.08504771902405672,0.07338674649954531
18,overpotential_V,SEC_assumed_product_kwh_kg,0.07661580088949593,0.08063735664214533
19,overpotential_V,SEC_assumed_product_kwh_kg,0.12421535058303257,0.090320723503468
20,overpotential_V,SEC_assumed_product_kwh_kg,-0.00029598570671107716,0.07702173680526475
21,overpotential_V,SEC_assumed_product_kwh_kg,0.03259264497688552,0.08789973425109104
22,overpotential_V,SEC_assumed_product_kwh_kg,0.08966689359297986,0.07746178926092821
23,overpotential_V,SEC_assumed_product_kwh_kg,0.03425415647394081,0.07331305487560603
24,overpotential_V,SEC_assumed_product_kwh_kg,0.12998247049312528,0.08219656941405853
25,overpotential_V,SEC_assumed_product_kwh_kg,0.14363001081025528,0.06597047708709826
26,overpotential_V,SEC_assumed_product_kwh_kg,0.11324050764418248,0.08244360405292787
27,overpotential_V,SEC_assumed_product_kwh_kg,0.0033362753846823967,0.08449867253015943
28,overpotential_V,SEC_assumed_product_kwh_kg,0.12382601984780106,0.07882060999777665
29,overpotential_V,SEC_assumed_product_kwh_kg,0.09291404797471348,0.08753174375035262
30,overpotential_V,SEC_assumed_product_kwh_kg,0.14088938405278972,0.0671494674708549
31,overpotential_V,SEC_assumed_product_kwh_kg,-0.03161817040105186,0.0788654710639869
32,overpotential_V,SEC_assumed_product_kwh_kg,0.06100676473888922,0.07882371181722796
33,overpotential_V,SEC_assumed_product_kwh_kg,0.12437646012216552,0.08710897435458616
34,overpotential_V,SEC_assumed_product_kwh_kg,0.08564577772182735,0.07981133298927588
35,overpotential_V,SEC_assumed_product_kwh_kg,0.0587349800068645,0.08447146942257933
36,overpotential_V,SEC_assumed_product_kwh_kg,0.16421307509273209,0.08143709021871204
37,overpotential_V,SEC_assumed_product_kwh_kg,0.0219014882835884,0.08305789784336122
38,overpotential_V,SEC_assumed_product_kwh_kg,0.06265310102804567,0.06655816505176636
39,overpotential_V,SEC_assumed_product_kwh_kg,0.07805254356577063,0.08259212205596825
40,overpotential_V,SEC_assumed_product_kwh_kg,0.18567189884140411,0.080032082035256
41,overpotential_V,SEC_assumed_product_kwh_kg,0.019271938871633365,0.06646978208655945
42,overpotential_V,SEC_assumed_product_kwh_kg,0.1416294694827952,0.08919014259070059
43,overpotential_V,SEC_assumed_product_kwh_kg,0.09768589050293441,0.09144694815372185
44,overpotential_V,SEC_assumed_product_kwh_kg,0.08464858125629815,0.07624369619403444
45,overpotential_V,SEC_assumed_product_kwh_kg,0.20131076263290493,0.07992350456926245
46,overpotential_V,SEC_assumed_product_kwh_kg,0.10021047476632305,0.07709411542418886
47,overpotential_V,SEC_assumed_product_kwh_kg,0.046752876782774844,0.07978636181098775
48,overpotential_V,SEC_assumed_product_kwh_kg,0.07138649533810426,0.08665462440534821
49,overpotential_V,SEC_assumed_product_kwh_kg,0.08093093334816703,0.09934072135323829
50,overpotential_V,SEC_assumed_product_kwh_kg,0.17437603644563726,0.07690560890434336
51,overpotential_V,SEC_assumed_product_kwh_kg,-0.027367143472001754,0.07142899662728915
52,overpotential_V,SEC_assumed_product_kwh_kg,0.16159295736620616,0.08359329156549682
53,overpotential_V,SEC_assumed_product_kwh_kg,0.022404736318220486,0.07714145420760654
54,overpotential_V,SEC_assumed_product_kwh_kg,0.11429611996316935,0.06916071892500018
55,overpotential_V,SEC_assumed_product_kwh_kg,0.24305767361175978,0.08752036027866328
56,overpotential_V,SEC_assumed_product_kwh_kg,0.03504249625712419,0.08803405353143234
57,overpotential_V,SEC_assumed_product_kwh_kg,0.053669994823990264,0.07541692643874295
58,overpotential_V,SEC_assumed_product_kwh_kg,0.1683514664757304,0.09823071817281198
59,overpotential_V,SEC_assumed_product_kwh_kg,0.1247002218170774,0.08863907730199821
60,overpotential_V,SEC_assumed_product_kwh_kg,0.16862534655477956,0.08379728677736055
61,overpotential_V,SEC_assumed_product_kwh_kg,0.08989238237811603,0.07961269287318311
62,overpotential_V,SEC_assumed_product_kwh_kg,0.14110673431674736,0.07879965701909108
63,overpotential_V,SEC_assumed_product_kwh_kg,0.03689580376407853,0.07934922611342023
64,overpotential_V,SEC_assumed_product_kwh_kg,0.02790526438898533,0.08586628015467077
65,overpotential_V,SEC_assumed_product_kwh_kg,0.029860201010845633,0.07843380090052122
66,overpotential_V,SEC_assumed_product_kwh_kg,0.04426851865796311,0.08648703970194573
67,overpotential_V,SEC_assumed_product_kwh_kg,0.0008197880026975524,0.09489965946482976
68,overpotential_V,SEC_assumed_product_kwh_kg,0.02510312082757793,0.09021899050089785
69,overpotential_V,SEC_assumed_product_kwh_kg,0.03968228013741126,0.08673161759659996
70,overpotential_V,SEC_assumed_product_kwh_kg,0.036433723148000974,0.08926106761554917
71,overpotential_V,SEC_assumed_product_kwh_kg,0.1173172040884718,0.06950803930588917
72,overpotential_V,SEC_assumed_product_kwh_kg,0.07583484237703808,0.08910740688868306
73,overpotential_V,SEC_assumed_product_kwh_kg,0.037955646529965414,0.08561643888836054
74,overpotential_V,SEC_assumed_product_kwh_kg,-0.08095459928408166,0.08324373706947277
75,overpotential_V,SEC_assumed_product_kwh_kg,0.03931015481688671,0.07307494621693439
76,overpotential_V,SEC_assumed_product_kwh_kg,0.05350597605306362,0.08865856236539979
77,overpotential_V,SEC_assumed_product_kwh_kg,0.11680647896351859,0.10243827042060293
78,overpotential_V,SEC_assumed_product_kwh_kg,0.11722397729932765,0.10099766852885185
79,overpotential_V,SEC_assumed_product_kwh_kg,-0.02945696239907103,0.0792679931498982
80,overpotential_V,SEC_assumed_product_kwh_kg,0.08543226560102735,0.07764204169593454
81,overpotential_V,SEC_assumed_product_kwh_kg,0.06072445264674342,0.075506573039004
82,overpotential_V,SEC_assumed_product_kwh_kg,0.0444346546080201,0.08785563624918291
83,overpotential_V,SEC_assumed_product_kwh_kg,0.14642619125675072,0.08287386286593831
84,overpotential_V,SEC_assumed_product_kwh_kg,0.07930614364699673,0.09447488433184119
85,overpotential_V,SEC_assumed_product_kwh_kg,0.24036398414303917,0.06528445443079423
86,overpotential_V,SEC_assumed_product_kwh_kg,0.024502605936842836,0.07779441769751541
87,overpotential_V,SEC_assumed_product_kwh_kg,0.06375590918532315,0.08411998256294798
88,overpotential_V,SEC_assumed_product_kwh_kg,0.09583292261933418,0.07658011264388778
89,overpotential_V,SEC_assumed_product_kwh_kg,0.1737336989875321,0.06796103676060493
90,overpotential_V,SEC_assumed_product_kwh_kg,0.05048619655485587,0.07416125452733562
91,overpotential_V,SEC_assumed_product_kwh_kg,0.05749910424086424,0.07789475109263219
92,overpotential_V,SEC_assumed_product_kwh_kg,0.09403363760530647,0.07011733783669531
93,overpotential_V,SEC_assumed_product_kwh_kg,-0.13341783429934173,0.08899927999499961
94,overpotential_V,SEC_assumed_product_kwh_kg,0.08932109879647177,0.09225874012397839
95,overpotential_V,SEC_assumed_product_kwh_kg,0.002395725150342254,0.07100897581473607
96,overpotential_V,SEC_assumed_product_kwh_kg,0.07526828361561944,0.09622333676797781
97,overpotential_V,SEC_assumed_product_kwh_kg,0.08562414400675722,0.0733647121138347
98,overpotential_V,SEC_assumed_product_kwh_kg,0.026492379334193794,0.0835817906061947
99,overpotential_V,SEC_assumed_product_kwh_kg,0.14884668526196643,0.08864696712459122
100,overpotential_V,SEC_assumed_product_kwh_kg,0.05178943040341555,0.09112099720160988
101,overpotential_V,SEC_assumed_product_kwh_kg,0.16347339864568022,0.09139761525450252
102,overpotential_V,SEC_assumed_product_kwh_kg,0.15502922142615372,0.07902611242754168
103,overpotential_V,SEC_assumed_product_kwh_kg,0.05713110685366951,0.09561858923608475
104,overpotential_V,SEC_assumed_product_kwh_kg,-0.035765899684833125,0.0861993973471094
105,overpotential_V,SEC_assumed_product_kwh_kg,0.13790303846369334,0.08502896465859126
106,overpotential_V,SEC_assumed_product_kwh_kg,0.02919438591734147,0.0892668377611083
107,overpotential_V,SEC_assumed_product_kwh_kg,0.029071122255026283,0.0813276554390576
108,overpotential_V,SEC_assumed_product_kwh_kg,0.08246573019225145,0.06314373831341964
109,overpotential_V,SEC_assumed_product_kwh_kg,9.683487541756186e-05,0.061879729036526526
110,overpotential_V,SEC_assumed_product_kwh_kg,0.1149461203561648,0.07892421635555145
111,overpotential_V,SEC_assumed_product_kwh_kg,-0.011442502773491459,0.08307053012881113
112,overpotential_V,SEC_assumed_product_kwh_kg,0.12952615407592705,0.07248249657166184
113,overpotential_V,SEC_assumed_product_kwh_kg,0.10957962111926589,0.07525027808882849
114,overpotential_V,SEC_assumed_product_kwh_kg,0.012841983482795638,0.07173193435489116
115,overpotential_V,SEC_assumed_product_kwh_kg,0.12207491307525253,0.08032314138635124
116,overpotential_V,SEC_assumed_product_kwh_kg,0.08388007076598636,0.0681356734488661
117,overpotential_V,SEC_assumed_product_kwh_kg,0.0027002500699250254,0.08630946848544556
118,overpotential_V,SEC_assumed_product_kwh_kg,0.13637136130256744,0.07330817103542628
119,overpotential_V,SEC_assumed_product_kwh_kg,0.1557376952403985,0.07734831575328895
120,overpotential_V,SEC_assumed_product_kwh_kg,0.12572423955952283,0.07824737742439059
121,overpotential_V,SEC_assumed_product_kwh_kg,0.07168278966025365,0.07938484294144417
122,overpotential_V,SEC_assumed_product_kwh_kg,0.04116164108314535,0.09516829216030724
123,overpotential_V,SEC_assumed_product_kwh_kg,0.06497393064752599,0.08707353977251235
124,overpotential_V,SEC_assumed_product_kwh_kg,-0.03501341746915276,0.10166149075975119
125,overpotential_V,SEC_assumed_product_kwh_kg,0.10542885897819698,0.07684559434824483
126,overpotential_V,SEC_assumed_product_kwh_kg,0.03245039384896198,0.07215962844843245
127,overpotential_V,SEC_assumed_product_kwh_kg,0.12157559056704637,0.07672292967163814
128,overpotential_V,SEC_assumed_product_kwh_kg,0.04578089550987419,0.10032397274036547
129,overpotential_V,SEC_assumed_product_kwh_kg,0.08571322586306263,0.08314117254132754
130,overpotential_V,SEC_assumed_product_kwh_kg,0.08669006587319072,0.08128709090936628
131,overpotential_V,SEC_assumed_product_kwh_kg,0.12257631762661692,0.07067996393175842
132,overpotential_V,SEC_assumed_product_kwh_kg,0.12853566573497122,0.07689000975271419
133,overpotential_V,SEC_assumed_product_kwh_kg,0.15005687670619683,0.09283186341036763
134,overpotential_V,SEC_assumed_product_kwh_kg,0.03010656585265048,0.09733167708118826
135,overpotential_V,SEC_assumed_product_kwh_kg,0.12727424086708183,0.0811564586044764
136,overpotential_V,SEC_assumed_product_kwh_kg,0.05026261001383836,0.06897473372852388
137,overpotential_V,SEC_assumed_product_kwh_kg,0.11992483634711981,0.08409272329939232
138,overpotential_V,SEC_assumed_product_kwh_kg,0.09142282594907425,0.0858856732352296
139,overpotential_V,SEC_assumed_product_kwh_kg,0.16593518493103898,0.07282767519884371
140,overpotential_V,SEC_assumed_product_kwh_kg,0.06566335669648005,0.09302318354618974
141,overpotential_V,SEC_assumed_product_kwh_kg,0.11192444129509649,0.07873886226622612
142,overpotential_V,SEC_assumed_product_kwh_kg,0.04656595877775338,0.08009645376523954
143,overpotential_V,SEC_assumed_product_kwh_kg,0.06168704845984119,0.07374192369210504
144,overpotential_V,SEC_assumed_product_kwh_kg,0.12494844246918058,0.0718319763142984
145,overpotential_V,SEC_assumed_product_kwh_kg,0.22164775425266903,0.09150966084817047
146,overpotential_V,SEC_assumed_product_kwh_kg,-0.025787178877125116,0.09491415027423691
147,overpotential_V,SEC_assumed_product_kwh_kg,0.11664675925974666,0.0943557599966988
148,overpotential_V,SEC_assumed_product_kwh_kg,0.11006196875629615,0.0901388961552131
149,overpotential_V,SEC_assumed_product_kwh_kg,0.09297659300148686,0.086033847217544
150,overpotential_V,SEC_assumed_product_kwh_kg,0.1554181986335862,0.08803788136544077
151,overpotential_V,SEC_assumed_product_kwh_kg,0.03862699350804333,0.07901079113516356
152,overpotential_V,SEC_assumed_product_kwh_kg,0.11114341458567256,0.06577681951747419
153,overpotential_V,SEC_assumed_product_kwh_kg,0.032864041472700944,0.07599430848080549
154,overpotential_V,SEC_assumed_product_kwh_kg,-0.024798924806976874,0.07428198404526563
155,overpotential_V,SEC_assumed_product_kwh_kg,0.183182594303823,0.09245670109202335
156,overpotential_V,SEC_assumed_product_kwh_kg,-0.012066942009435477,0.07154551894672724
157,overpotential_V,SEC_assumed_product_kwh_kg,0.10256882565061154,0.08381187610532154
158,overpotential_V,SEC_assumed_product_kwh_kg,0.07486307381510049,0.08219873426664914
159,overpotential_V,SEC_assumed_product_kwh_kg,0.09748706230279935,0.08380627485875165
160,overpotential_V,SEC_assumed_product_kwh_kg,0.00502718841521177,0.08207611646958836
161,overpotential_V,SEC_assumed_product_kwh_kg,0.19412509927511135,0.07469649107840723
162,overpotential_V,SEC_assumed_product_kwh_kg,0.15157389070421756,0.0976052026691552
163,overpotential_V,SEC_assumed_product_kwh_kg,0.06125754557364693,0.09199709750848012
164,overpotential_V,SEC_assumed_product_kwh_kg,0.14224750547349818,0.07816678002505686
165,overpotential_V,SEC_assumed_product_kwh_kg,0.09816636760387676,0.07875872261613276
166,overpotential_V,SEC_assumed_product_kwh_kg,0.12292997382446058,0.08911636980696025
167,overpotential_V,SEC_assumed_product_kwh_kg,0.14418725353623807,0.08070865371488861
168,overpotential_V,SEC_assumed_product_kwh_kg,0.09554171461883132,0.07822958215537047
169,overpotential_V,SEC_assumed_product_kwh_kg,0.009534972187695612,0.0954030677738211
170,overpotential_V,SEC_assumed_product_kwh_kg,-0.025656981885928687,0.09124624323201935
171,overpotential_V,SEC_assumed_product_kwh_kg,0.23067912518144418,0.07296905117490168
172,overpotential_V,SEC_assumed_product_kwh_kg,0.07266210695902109,0.10282805764392966
173,overpotential_V,SEC_assumed_product_kwh_kg,0.08344386353255973,0.07465150471606505
174,overpotential_V,SEC_assumed_product_kwh_kg,0.11943019808110522,0.08512617376298931
175,overpotential_V,SEC_assumed_product_kwh_kg,0.02430062486625373,0.08989015693960187
176,overpotential_V,SEC_assumed_product_kwh_kg,0.10039353447013266,0.06804622866527697
177,overpotential_V,SEC_assumed_product_kwh_kg,0.05765065168104544,0.07477638405454977
178,overpotential_V,SEC_assumed_product_kwh_kg,0.003139974063201989,0.07870943078159105
179,overpotential_V,SEC_assumed_product_kwh_kg,0.2096801382371407,0.0761908622794067
180,overpotential_V,SEC_assumed_product_kwh_kg,0.14230642899158474,0.07188997113731381
181,overpotential_V,SEC_assumed_product_kwh_kg,0.04928392989023256,0.08344373073050661
182,overpotential_V,SEC_assumed_product_kwh_kg,0.1462722779984582,0.07357038868678989
183,overpotential_V,SEC_assumed_product_kwh_kg,0.11137167271588255,0.08994512511543613
184,overpotential_V,SEC_assumed_product_kwh_kg,0.06574127710982947,0.07559685648466025
185,overpotential_V,SEC_assumed_product_kwh_kg,0.14098277144767768,0.0781609419589723
186,overpotential_V,SEC_assumed_product_kwh_kg,-0.03650790180882946,0.08896857912261702
187,overpotential_V,SEC_assumed_product_kwh_kg,0.14871686700354358,0.08464527580226221
188,overpotential_V,SEC_assumed_product_kwh_kg,-8.366142895144257e-05,0.0942190227656773
189,overpotential_V,SEC_assumed_product_kwh_kg,0.08133380602714702,0.0702900187758994
190,overpotential_V,SEC_assumed_product_kwh_kg,0.054847487621953905,0.08657335547935557
191,overpotential_V,SEC_assumed_product_kwh_kg,0.229335812551706,0.0728586675951763
192,overpotential_V,SEC_assumed_product_kwh_kg,0.07420179762668655,0.08376389945578543
193,overpotential_V,SEC_assumed_product_kwh_kg,0.01460147959011715,0.07984341015973961
194,overpotential_V,SEC_assumed_product_kwh_kg,0.16126721770584818,0.08852384916557418
195,overpotential_V,SEC_assumed_product_kwh_kg,0.1287020241345901,0.06710212645538327
196,overpotential_V,SEC_assumed_product_kwh_kg,0.05417972533652782,0.08300454047515265
197,overpotential_V,SEC_assumed_product_kwh_kg,-0.07701074239741712,0.07993509533581046
198,overpotential_V,SEC_assumed_product_kwh_kg,0.16826175662838005,0.07999963304731865
199,overpotential_V,SEC_assumed_product_kwh_kg,0.17812204272162813,0.08545009834098082
200,overpotential_V,SEC_assumed_product_kwh_kg,0.11766909032262807,0.08481182387855635
201,overpotential_V,SEC_assumed_product_kwh_kg,0.1332002709683432,0.06737401377391113
202,overpotential_V,SEC_assumed_product_kwh_kg,0.11265617480377366,0.08276628042394735
203,overpotential_V,SEC_assumed_product_kwh_kg,0.15142237982838846,0.07542843751438116
204,overpotential_V,SEC_assumed_product_kwh_kg,0.1331466758778913,0.09228679830760889
205,overpotential_V,SEC_assumed_product_kwh_kg,0.06485894219363386,0.09415021372248987
206,overpotential_V,SEC_assumed_product_kwh_kg,0.16849885948131915,0.09399608182739495
207,overpotential_V,SEC_assumed_product_kwh_kg,0.0668857593788883,0.07909650900230965
208,overpotential_V,SEC_assumed_product_kwh_kg,0.09091461363740516,0.0713161093124453
209,overpotential_V,SEC_assumed_product_kwh_kg,0.0844974124137664,0.0739442790284129
210,overpotential_V,SEC_assumed_product_kwh_kg,0.05082309807886254,0.07234549561202949
211,overpotential_V,SEC_assumed_product_kwh_kg,-0.034815668014890555,0.08248027571190342
212,overpotential_V,SEC_assumed_product_kwh_kg,0.00395190043130933,0.08834580281489926
213,overpotential_V,SEC_assumed_product_kwh_kg,0.17185595998144032,0.07556920738546746
214,overpotential_V,SEC_assumed_product_kwh_kg,0.09247959836179254,0.09214765665982175
215,overpotential_V,SEC_assumed_product_kwh_kg,0.10401236741035103,0.07562470853360737
216,overpotential_V,SEC_assumed_product_kwh_kg,0.0677933894094419,0.07352722700759608
217,overpotential_V,SEC_assumed_product_kwh_kg,0.1650064986628882,0.07645114970149117
218,overpotential_V,SEC_assumed_product_kwh_kg,0.10299510424569902,0.08492589147562812
219,overpotential_V,SEC_assumed_product_kwh_kg,0.057420512404321666,0.09133109996108707
220,overpotential_V,SEC_assumed_product_kwh_kg,0.08281427724874868,0.07805139726203832
221,overpotential_V,SEC_assumed_product_kwh_kg,0.05930855138623292,0.08248272402841235
222,overpotential_V,SEC_assumed_product_kwh_kg,0.1155681333695937,0.08995060892822915
223,overpotential_V,SEC_assumed_product_kwh_kg,0.07710256033098017,0.07892938594621973
224,overpotential_V,SEC_assumed_product_kwh_kg,0.05125974865655836,0.08235808984703609
225,overpotential_V,SEC_assumed_product_kwh_kg,0.07773544046129222,0.07710164710316383
226,overpotential_V,SEC_assumed_product_kwh_kg,0.012289491647867967,0.0902412558135764
227,overpotential_V,SEC_assumed_product_kwh_kg,0.12110729561524114,0.08484604935180319
228,overpotential_V,SEC_assumed_product_kwh_kg,0.06200348353240848,0.08378526751808456
229,overpotential_V,SEC_assumed_product_kwh_kg,0.04064676078887819,0.08467288449940043
230,overpotential_V,SEC_assumed_product_kwh_kg,0.11582009142487315,0.09287732950645795
231,overpotential_V,SEC_assumed_product_kwh_kg,0.11212484570141734,0.0782939041200343
232,overpotential_V,SEC_assumed_product_kwh_kg,0.1408581969095376,0.07292823031008379
233,overpotential_V,SEC_assumed_product_kwh_kg,0.12712237563995843,0.06940449256237895
234,overpotential_V,SEC_assumed_product_kwh_kg,0.11330317981104299,0.09106262733882385
235,overpotential_V,SEC_assumed_product_kwh_kg,0.07321546031048087,0.0727981900493164
236,overpotential_V,SEC_assumed_product_kwh_kg,0.06249653701518476,0.07368377773143309
237,overpotential_V,SEC_assumed_product_kwh_kg,0.13532310848066897,0.08658835827055654
238,overpotential_V,SEC_assumed_product_kwh_kg,0.1149282899953521,0.0865283460562649
239,overpotential_V,SEC_assumed_product_kwh_kg,0.027648097875297317,0.0884409160355025
240,overpotential_V,SEC_assumed_product_kwh_kg,0.14084863697330952,0.08619352478697676
241,overpotential_V,SEC_assumed_product_kwh_kg,0.012014000580712891,0.08104685446453978
242,overpotential_V,SEC_assumed_product_kwh_kg,0.05276024657650913,0.08357587647579494
243,overpotential_V,SEC_assumed_product_kwh_kg,0.11259652777837592,0.06484622585974542
244,overpotential_V,SEC_assumed_product_kwh_kg,-0.013388998227248372,0.07728447330190755
245,overpotential_V,SEC_assumed_product_kwh_kg,0.02499979166925348,0.08498540712459128
246,overpotential_V,SEC_assumed_product_kwh_kg,0.10432404404294404,0.07978156131087477
247,overpotential_V,SEC_assumed_product_kwh_kg,0.12148361215632475,0.0771232604404288
248,overpotential_V,SEC_assumed_product_kwh_kg,0.047720069719919045,0.07202608019592655
249,overpotential_V,SEC_assumed_product_kwh_kg,0.009506373053713935,0.0768298903549311
250,overpotential_V,SEC_assumed_product_kwh_kg,-0.009043146833165538,0.08150207114233156
251,overpotential_V,SEC_assumed_product_kwh_kg,0.08966057144367001,0.07823028549471878
252,overpotential_V,SEC_assumed_product_kwh_kg,0.01798739675730443,0.08152958668067466
253,overpotential_V,SEC_assumed_product_kwh_kg,0.11677218751728513,0.08261132864155259
254,overpotential_V,SEC_assumed_product_kwh_kg,0.19355316256728383,0.10268119353198218
255,overpotential_V,SEC_assumed_product_kwh_kg,0.07520476858164793,0.07915581484002276
256,overpotential_V,SEC_assumed_product_kwh_kg,0.1049581489897482,0.07780047796448457
257,overpotential_V,SEC_assumed_product_kwh_kg,0.11260262790033837,0.07941437668653822
258,overpotential_V,SEC_assumed_product_kwh_kg,0.09766307118592088,0.088829543992683
259,overpotential_V,SEC_assumed_product_kwh_kg,0.0800914914271359,0.06830940878726652
260,overpotential_V,SEC_assumed_product_kwh_kg,0.1785327687387449,0.07124660404488409
261,overpotential_V,SEC_assumed_product_kwh_kg,0.12574843946810166,0.08872748582286408
262,overpotential_V,SEC_assumed_product_kwh_kg,0.07455589720824463,0.08502569061545788
263,overpotential_V,SEC_assumed_product_kwh_kg,0.035270239371161916,0.0735159506325443
264,overpotential_V,SEC_assumed_product_kwh_kg,-0.052352474424438133,0.08832113202073588
265,overpotential_V,SEC_assumed_product_kwh_kg,-0.022073002964485333,0.08239520142610283
266,overpotential_V,SEC_assumed_product_kwh_kg,0.09199065368301051,0.08741808379933515
267,overpotential_V,SEC_assumed_product_kwh_kg,0.0010611419665085275,0.07849863802134166
268,overpotential_V,SEC_assumed_product_kwh_kg,0.08072265298668613,0.07922924213002241
269,overpotential_V,SEC_assumed_product_kwh_kg,0.015331785146426413,0.08196853251572261
270,overpotential_V,SEC_assumed_product_kwh_kg,-0.014983461252388697,0.08335515554927024
271,overpotential_V,SEC_assumed_product_kwh_kg,0.15419914578217453,0.09292738961273277
272,overpotential_V,SEC_assumed_product_kwh_kg,0.10785756972541582,0.08407442702141962
273,overpotential_V,SEC_assumed_product_kwh_kg,0.17237476442244037,0.07832516276937902
274,overpotential_V,SEC_assumed_product_kwh_kg,0.10639825259552405,0.09108939476311487
275,overpotential_V,SEC_assumed_product_kwh_kg,0.07773195960326973,0.07674917023455564
276,overpotential_V,SEC_assumed_product_kwh_kg,0.03455696335417924,0.0882136093664326
277,overpotential_V,SEC_assumed_product_kwh_kg,0.008867503760102036,0.08256915156273889
278,overpotential_V,SEC_assumed_product_kwh_kg,0.1811410076447113,0.07950285831465888
279,overpotential_V,SEC_assumed_product_kwh_kg,-0.025670369916331426,0.08627171920444678
280,overpotential_V,SEC_assumed_product_kwh_kg,0.05078767513376137,0.07721576029431888
281,overpotential_V,SEC_assumed_product_kwh_kg,0.0041330965453316715,0.0916154511881438
282,overpotential_V,SEC_assumed_product_kwh_kg,0.13349668185258556,0.08362332762857504
283,overpotential_V,SEC_assumed_product_kwh_kg,0.17462409545878776,0.07307976921960326
284,overpotential_V,SEC_assumed_product_kwh_kg,0.023898559126586894,0.06741338394113904
285,overpotential_V,SEC_assumed_product_kwh_kg,-0.03716469580385828,0.06757437083325245
286,overpotential_V,SEC_assumed_product_kwh_kg,0.12938604090244055,0.08332319083441696
287,overpotential_V,SEC_assumed_product_kwh_kg,0.08801124972441754,0.08261835047897473
288,overpotential_V,SEC_assumed_product_kwh_kg,-0.02649345588444607,0.06494265447947258
289,overpotential_V,SEC_assumed_product_kwh_kg,0.12118223938744,0.08780298473936751
290,overpotential_V,SEC_assumed_product_kwh_kg,0.09110572175384002,0.08452145372759717
291,overpotential_V,SEC_assumed_product_kwh_kg,0.07171410440438541,0.08602076306795027
292,overpotential_V,SEC_assumed_product_kwh_kg,0.07258331518599748,0.08983349554547997
293,overpotential_V,SEC_assumed_product_kwh_kg,0.189371050529474,0.07595537850186154
294,overpotential_V,SEC_assumed_product_kwh_kg,0.0754825172979523,0.08215340001847037
295,overpotential_V,SEC_assumed_product_kwh_kg,0.02337612473109485,0.08149736536340034
296,overpotential_V,SEC_assumed_product_kwh_kg,0.12493585954916131,0.08952638755970811
297,overpotential_V,SEC_assumed_product_kwh_kg,0.06813512293917823,0.08100077807937035
298,overpotential_V,SEC_assumed_product_kwh_kg,0.16439216548300395,0.0702218833609178
299,overpotential_V,SEC_assumed_product_kwh_kg,0.155045965102108,0.0870965489495268
300,overpotential_V,SEC_assumed_product_kwh_kg,0.11477381436762057,0.08168918655049417
301,overpotential_V,SEC_assumed_product_kwh_kg,0.12811260866846863,0.07273871106468682
302,overpotential_V,SEC_assumed_product_kwh_kg,0.039421084488498015,0.07707902805148353
303,overpotential_V,SEC_assumed_product_kwh_kg,0.04670915500011996,0.07448768169872268
304,overpotential_V,SEC_assumed_product_kwh_kg,0.034308913939506414,0.07037229717588604
305,overpotential_V,SEC_assumed_product_kwh_kg,0.1328427290243266,0.07165769706556839
306,overpotential_V,SEC_assumed_product_kwh_kg,-0.03890252985240816,0.07481804557099384
307,overpotential_V,SEC_assumed_product_kwh_kg,0.19513372359631886,0.08726783556162743
308,overpotential_V,SEC_assumed_product_kwh_kg,-0.0016028675099957201,0.0838521074954963
309,overpotential_V,SEC_assumed_product_kwh_kg,-0.030787981489037275,0.07838869260178999
310,overpotential_V,SEC_assumed_product_kwh_kg,0.1153976511120558,0.08147769108057923
311,overpotential_V,SEC_assumed_product_kwh_kg,0.18797897819358056,0.07228895806305342
312,overpotential_V,SEC_assumed_product_kwh_kg,0.07527412837513647,0.08200864049937943
313,overpotential_V,SEC_assumed_product_kwh_kg,-0.04088044228875143,0.07401796425698763
314,overpotential_V,SEC_assumed_product_kwh_kg,0.20062318668843226,0.07202867764949025
315,overpotential_V,SEC_assumed_product_kwh_kg,0.05444135800871608,0.06441894958284945
316,overpotential_V,SEC_assumed_product_kwh_kg,0.06537757344341188,0.0809584734361394
317,overpotential_V,SEC_assumed_product_kwh_kg,-0.10525460563372335,0.09704615127227931
318,overpotential_V,SEC_assumed_product_kwh_kg,0.2005481226774788,0.07794392719319429
319,overpotential_V,SEC_assumed_product_kwh_kg,0.10518695557198587,0.08409624988981156
320,overpotential_V,SEC_assumed_product_kwh_kg,0.1552126202522114,0.0804693112718433
321,overpotential_V,SEC_assumed_product_kwh_kg,-0.00010842941103406112,0.08783203508009976
322,overpotential_V,SEC_assumed_product_kwh_kg,0.13252820856752912,0.08036011801041126
323,overpotential_V,SEC_assumed_product_kwh_kg,0.1472029084364357,0.0790920708289105
324,overpotential_V,SEC_assumed_product_kwh_kg,0.0747602824718141,0.08981633169177451
325,overpotential_V,SEC_assumed_product_kwh_kg,0.02629921099576471,0.07749059225089018
326,overpotential_V,SEC_assumed_product_kwh_kg,0.15759013620471762,0.0786671803619401
327,overpotential_V,SEC_assumed_product_kwh_kg,-0.016754558066246927,0.07729766350645478
328,overpotential_V,SEC_assumed_product_kwh_kg,0.017426459194252675,0.07796612171238264
329,overpotential_V,SEC_assumed_product_kwh_kg,0.14160000570020204,0.0924773145595592
330,overpotential_V,SEC_assumed_product_kwh_kg,0.09407404049694568,0.07855845929600482
331,overpotential_V,SEC_assumed_product_kwh_kg,-0.08736395000114427,0.06669130189425054
332,overpotential_V,SEC_assumed_product_kwh_kg,0.20323678118441213,0.08059516814843809
333,overpotential_V,SEC_assumed_product_kwh_kg,0.0038295942579581466,0.09416082214133657
334,overpotential_V,SEC_assumed_product_kwh_kg,0.030053037001139815,0.06825535322541659
335,overpotential_V,SEC_assumed_product_kwh_kg,0.0019731837774416006,0.08331939407045699
336,overpotential_V,SEC_assumed_product_kwh_kg,0.12408754625650198,0.07691222672678781
337,overpotential_V,SEC_assumed_product_kwh_kg,0.10511196276368184,0.07369932410546126
338,overpotential_V,SEC_assumed_product_kwh_kg,0.06769531433492793,0.08438231665252684
339,overpotential_V,SEC_assumed_product_kwh_kg,0.09441604094362754,0.08997668583155206
340,overpotential_V,SEC_assumed_product_kwh_kg,0.104133706093264,0.06611728957437232
341,overpotential_V,SEC_assumed_product_kwh_kg,-0.011869224392091482,0.07801213362912525
342,overpotential_V,SEC_assumed_product_kwh_kg,0.044776311280427694,0.08812093940468851
343,overpotential_V,SEC_assumed_product_kwh_kg,0.23111431229014368,0.06905210392443922
344,overpotential_V,SEC_assumed_product_kwh_kg,0.009876598352940524,0.08952175416058192
345,overpotential_V,SEC_assumed_product_kwh_kg,0.02406402635685312,0.07287639324611651
346,overpotential_V,SEC_assumed_product_kwh_kg,0.1329313921736649,0.07716444201752193
347,overpotential_V,SEC_assumed_product_kwh_kg,0.08134096669211055,0.06152085924989259
348,overpotential_V,SEC_assumed_product_kwh_kg,0.13945815060435873,0.07447444435818083
349,overpotential_V,SEC_assumed_product_kwh_kg,-0.033463010808961746,0.08456347604259105
350,overpotential_V,SEC_assumed_product_kwh_kg,0.07731951470212473,0.07152099839498365
351,overpotential_V,SEC_assumed_product_kwh_kg,0.060649756277744604,0.07969042619395189
352,overpotential_V,SEC_assumed_product_kwh_kg,0.10782214978507032,0.07560352423840382
353,overpotential_V,SEC_assumed_product_kwh_kg,-0.046349482083453575,0.08045930158141879
354,overpotential_V,SEC_assumed_product_kwh_kg,0.08926508092354957,0.10951098797340712
355,overpotential_V,SEC_assumed_product_kwh_kg,0.13835742468144285,0.08407220618984575
356,overpotential_V,SEC_assumed_product_kwh_kg,0.08409484925414545,0.08912121917457719
357,overpotential_V,SEC_assumed_product_kwh_kg,0.10419000680984081,0.08189411533073979
358,overpotential_V,SEC_assumed_product_kwh_kg,0.022010537360205196,0.06917706670265883
359,overpotential_V,SEC_assumed_product_kwh_kg,-0.038134197194996,0.08655996112001359
360,overpotential_V,SEC_assumed_product_kwh_kg,0.07011494181138633,0.09234386947495592
361,overpotential_V,SEC_assumed_product_kwh_kg,0.13883553533809634,0.08455216454068458
362,overpotential_V,SEC_assumed_product_kwh_kg,0.029761596002204516,0.08088129416854171
363,overpotential_V,SEC_assumed_product_kwh_kg,0.2227435197894685,0.07733915372494059
364,overpotential_V,SEC_assumed_product_kwh_kg,0.1736292499135731,0.07685200560664264
365,overpotential_V,SEC_assumed_product_kwh_kg,0.11281553198493077,0.10011145207618553
366,overpotential_V,SEC_assumed_product_kwh_kg,0.11659473332762005,0.06877976289651706
367,overpotential_V,SEC_assumed_product_kwh_kg,0.01051197872933718,0.07440788338034658
368,overpotential_V,SEC_assumed_product_kwh_kg,0.08120932861848107,0.08234712945812518
369,overpotential_V,SEC_assumed_product_kwh_kg,0.19794787615250742,0.06818823720200465
370,overpotential_V,SEC_assumed_product_kwh_kg,0.030030947405169095,0.07136745165702094
371,overpotential_V,SEC_assumed_product_kwh_kg,0.08222827290464874,0.08849091307891864
372,overpotential_V,SEC_assumed_product_kwh_kg,0.04337526659487956,0.08401574625664054
373,overpotential_V,SEC_assumed_product_kwh_kg,0.15108511669143676,0.07376054829641847
374,overpotential_V,SEC_assumed_product_kwh_kg,0.2124588407834963,0.09251802010341378
375,overpotential_V,SEC_assumed_product_kwh_kg,0.14235570419231658,0.07924057658809411
376,overpotential_V,SEC_assumed_product_kwh_kg,0.06051742978889629,0.07317552114909845
377,overpotential_V,SEC_assumed_product_kwh_kg,0.02488312641672752,0.080051420055248
378,overpotential_V,SEC_assumed_product_kwh_kg,0.13213291874335265,0.09776845582702656
379,overpotential_V,SEC_assumed_product_kwh_kg,0.15082450668327207,0.08068337499909739
380,overpotential_V,SEC_assumed_product_kwh_kg,0.06949935121188922,0.08441012497588138
381,overpotential_V,SEC_assumed_product_kwh_kg,0.09192091209178799,0.07609666564977932
382,overpotential_V,SEC_assumed_product_kwh_kg,0.010634891958854364,0.07755126675261043
383,overpotential_V,SEC_assumed_product_kwh_kg,0.15123340559998022,0.07504437571100878
384,overpotential_V,SEC_assumed_product_kwh_kg,0.1054693874101359,0.08396387891683717
385,overpotential_V,SEC_assumed_product_kwh_kg,0.0017150693422238739,0.09184154827794384
386,overpotential_V,SEC_assumed_product_kwh_kg,0.18302349041936072,0.08563033784130879
387,overpotential_V,SEC_assumed_product_kwh_kg,0.10184498837497347,0.08487965376940156
388,overpotential_V,SEC_assumed_product_kwh_kg,0.2628702597175395,0.0774418027370435
389,overpotential_V,SEC_assumed_product_kwh_kg,0.042642788764700956,0.07104964011428921
390,overpotential_V,SEC_assumed_product_kwh_kg,0.03879815876988324,0.08137906879407367
391,overpotential_V,SEC_assumed_product_kwh_kg,0.1457627264689776,0.0834458584335173
392,overpotential_V,SEC_assumed_product_kwh_kg,0.0861334070796771,0.06432713743127219
393,overpotential_V,SEC_assumed_product_kwh_kg,0.1871305400360863,0.07371635395814742
394,overpotential_V,SEC_assumed_product_kwh_kg,0.13508978852074882,0.07315280349803986
395,overpotential_V,SEC_assumed_product_kwh_kg,0.05066663563097118,0.08492346954918156
396,overpotential_V,SEC_assumed_product_kwh_kg,0.082400181201989,0.0827455658416329
397,overpotential_V,SEC_assumed_product_kwh_kg,0.0009581913010663357,0.06769321978102748
398,overpotential_V,SEC_assumed_product_kwh_kg,0.22058465725357235,0.07275080796042473
399,overpotential_V,SEC_assumed_product_kwh_kg,0.04789018976115744,0.06565816739361804
400,overpotential_V,SEC_assumed_product_kwh_kg,0.1353593525827801,0.07872007308268798
401,overpotential_V,SEC_assumed_product_kwh_kg,0.18083403181274904,0.077748452799838
402,overpotential_V,SEC_assumed_product_kwh_kg,0.05668717987537397,0.07996583700563692
403,overpotential_V,SEC_assumed_product_kwh_kg,0.09983497173619515,0.07770464168450424
404,overpotential_V,SEC_assumed_product_kwh_kg,0.003320019094953608,0.0797022822026074
405,overpotential_V,SEC_assumed_product_kwh_kg,0.11568975642812152,0.08358684031481482
406,overpotential_V,SEC_assumed_product_kwh_kg,0.07926881917448958,0.07229385498872214
407,overpotential_V,SEC_assumed_product_kwh_kg,0.1234698407679431,0.07820943107538209
408,overpotential_V,SEC_assumed_product_kwh_kg,0.020016753817477473,0.07847159279463087
409,overpotential_V,SEC_assumed_product_kwh_kg,0.15416911188785232,0.07670209067194908
410,overpotential_V,SEC_assumed_product_kwh_kg,0.11154566006185018,0.0815660297605704
411,overpotential_V,SEC_assumed_product_kwh_kg,0.016473215631360394,0.08904935897174268
412,overpotential_V,SEC_assumed_product_kwh_kg,0.07826648902188915,0.0719223855954473
413,overpotential_V,SEC_assumed_product_kwh_kg,0.13866407051056695,0.07156941143871905
414,overpotential_V,SEC_assumed_product_kwh_kg,0.0941238834752719,0.07440897763297549
415,overpotential_V,SEC_assumed_product_kwh_kg,0.1179708238309296,0.09563417666088496
416,overpotential_V,SEC_assumed_product_kwh_kg,0.10894254408999593,0.07046963619786366
417,overpotential_V,SEC_assumed_product_kwh_kg,0.2028939160687352,0.09190044148994582
418,overpotential_V,SEC_assumed_product_kwh_kg,0.08957745248263171,0.07206187560099382
419,overpotential_V,SEC_assumed_product_kwh_kg,0.18591103071773318,0.074171631268154
420,overpotential_V,SEC_assumed_product_kwh_kg,0.11937557596973236,0.09489411936938676
421,overpotential_V,SEC_assumed_product_kwh_kg,-0.04906091646998956,0.08723365839267898
422,overpotential_V,SEC_assumed_product_kwh_kg,0.17089677745650966,0.08858572369423111
423,overpotential_V,SEC_assumed_product_kwh_kg,0.11959285400123554,0.0790607342764739
424,overpotential_V,SEC_assumed_product_kwh_kg,0.10505111814839896,0.07753439894546667
425,overpotential_V,SEC_assumed_product_kwh_kg,0.0861117382130292,0.07381602392831305
426,overpotential_V,SEC_assumed_product_kwh_kg,0.14446167520527597,0.08861160268423425
427,overpotential_V,SEC_assumed_product_kwh_kg,0.06661267845774355,0.09252951898247903
428,overpotential_V,SEC_assumed_product_kwh_kg,0.112724507783597,0.10312944013239332
429,overpotential_V,SEC_assumed_product_kwh_kg,0.025953750325280023,0.09099517995115997
430,overpotential_V,SEC_assumed_product_kwh_kg,0.11489230639767767,0.07537955744305222
431,overpotential_V,SEC_assumed_product_kwh_kg,0.08356352517425325,0.07299671521913084
432,overpotential_V,SEC_assumed_product_kwh_kg,0.06940878848666066,0.07589561836892063
433,overpotential_V,SEC_assumed_product_kwh_kg,0.1606826978275182,0.08768333238335745
434,overpotential_V,SEC_assumed_product_kwh_kg,0.14040162419815727,0.0836554437457025
435,overpotential_V,SEC_assumed_product_kwh_kg,0.05746485945041113,0.0782178093349824
436,overpotential_V,SEC_assumed_product_kwh_kg,0.12490334296127359,0.07541104158983741
437,overpotential_V,SEC_assumed_product_kwh_kg,0.15022249962614342,0.0916838280217113
438,overpotential_V,SEC_assumed_product_kwh_kg,0.16609798094769002,0.08979827140396153
439,overpotential_V,SEC_assumed_product_kwh_kg,0.10865192458600026,0.07636829971833604
440,overpotential_V,SEC_assumed_product_kwh_kg,0.10685237575519824,0.0841965564572231
441,overpotential_V,SEC_assumed_product_kwh_kg,0.13863375114184584,0.08102437840768055
442,overpotential_V,SEC_assumed_product_kwh_kg,0.04621588720789649,0.08398237088415099
443,overpotential_V,SEC_assumed_product_kwh_kg,0.04967444920119368,0.07054730996895361
444,overpotential_V,SEC_assumed_product_kwh_kg,0.07530331502604981,0.07160546539405939
445,overpotential_V,SEC_assumed_product_kwh_kg,0.04459238768108098,0.08414173449770641
446,overpotential_V,SEC_assumed_product_kwh_kg,0.1949291741549546,0.08674013629709845
447,overpotential_V,SEC_assumed_product_kwh_kg,0.10030937465474155,0.0799820912988877
448,overpotential_V,SEC_assumed_product_kwh_kg,-0.008277691133529608,0.08775510427507123
449,overpotential_V,SEC_assumed_product_kwh_kg,0.057458342051027955,0.0871646669792904
450,overpotential_V,SEC_assumed_product_kwh_kg,0.031049998115380673,0.08060995863129451
451,overpotential_V,SEC_assumed_product_kwh_kg,0.15824048938397273,0.06707061043717948
452,overpotential_V,SEC_assumed_product_kwh_kg,0.04547386537136755,0.09422655353758802
453,overpotential_V,SEC_assumed_product_kwh_kg,0.04544181849573359,0.08950261956613637
454,overpotential_V,SEC_assumed_product_kwh_kg,0.03275000865228095,0.06871517189581158
455,overpotential_V,SEC_assumed_product_kwh_kg,0.13184780112713346,0.07265211501130148
456,overpotential_V,SEC_assumed_product_kwh_kg,0.13542842540354716,0.0838682219217988
457,overpotential_V,SEC_assumed_product_kwh_kg,0.11172161001071801,0.08263883622781719
458,overpotential_V,SEC_assumed_product_kwh_kg,0.1002135234236603,0.08438403292769645
459,overpotential_V,SEC_assumed_product_kwh_kg,0.08967250458092368,0.07801484929194806
460,overpotential_V,SEC_assumed_product_kwh_kg,0.06417743570711054,0.06474211024135336
461,overpotential_V,SEC_assumed_product_kwh_kg,0.10864092685551796,0.06492556128614359
462,overpotential_V,SEC_assumed_product_kwh_kg,0.09249797324545639,0.07469735756085467
463,overpotential_V,SEC_assumed_product_kwh_kg,0.12555777081296193,0.07808329360812094
464,overpotential_V,SEC_assumed_product_kwh_kg,0.09873977057272565,0.08561187054625166
465,overpotential_V,SEC_assumed_product_kwh_kg,0.08367961241639299,0.08687794749599545
466,overpotential_V,SEC_assumed_product_kwh_kg,0.05634834083876261,0.07651680218824934
467,overpotential_V,SEC_assumed_product_kwh_kg,0.03611930617682879,0.07418614034839319
468,overpotential_V,SEC_assumed_product_kwh_kg,0.07958009118734122,0.0690220399876327
469,overpotential_V,SEC_assumed_product_kwh_kg,-0.018052931986413334,0.06555116628603744
470,overpotential_V,SEC_assumed_product_kwh_kg,0.12244735964819131,0.08332893200451513
471,overpotential_V,SEC_assumed_product_kwh_kg,0.14536239493684078,0.08122775218626398
472,overpotential_V,SEC_assumed_product_kwh_kg,0.08750983301500592,0.08001594887289616
473,overpotential_V,SEC_assumed_product_kwh_kg,0.05590582737536942,0.07996474762073164
474,overpotential_V,SEC_assumed_product_kwh_kg,0.10996248483057225,0.09576379653571854
475,overpotential_V,SEC_assumed_product_kwh_kg,0.08885180682848737,0.07957426382552167
476,overpotential_V,SEC_assumed_product_kwh_kg,0.007863455122923413,0.08529564072638794
477,overpotential_V,SEC_assumed_product_kwh_kg,0.08085811835989154,0.07353195275715181
478,overpotential_V,SEC_assumed_product_kwh_kg,0.19435420866528608,0.09003308474404768
479,overpotential_V,SEC_assumed_product_kwh_kg,0.0786180975633497,0.07574589980947716
480,overpotential_V,SEC_assumed_product_kwh_kg,0.09579895677610539,0.08120957627364556
481,overpotential_V,SEC_assumed_product_kwh_kg,-0.012537573650065026,0.07218314158308226
482,overpotential_V,SEC_assumed_product_kwh_kg,0.05870032910124501,0.07997014305347565
483,overpotential_V,SEC_assumed_product_kwh_kg,0.14468020846891627,0.08303339854575693
484,overpotential_V,SEC_assumed_product_kwh_kg,0.1375165030053105,0.08186480318824103
485,overpotential_V,SEC_assumed_product_kwh_kg,0.06467300666768849,0.08754706051294123
486,overpotential_V,SEC_assumed_product_kwh_kg,0.1477877385954226,0.07024088788346775
487,overpotential_V,SEC_assumed_product_kwh_kg,0.13554445032955154,0.07675298346668967
488,overpotential_V,SEC_assumed_product_kwh_kg,0.12357194045073117,0.07316733761590596
489,overpotential_V,SEC_assumed_product_kwh_kg,0.16066138619981607,0.08061815458422797
490,overpotential_V,SEC_assumed_product_kwh_kg,0.09193972706225706,0.08711346459795717
491,overpotential_V,SEC_assumed_product_kwh_kg,0.0201929075019901,0.08491290845791569
492,overpotential_V,SEC_assumed_product_kwh_kg,0.10184164231790294,0.07399113660310566
493,overpotential_V,SEC_assumed_product_kwh_kg,0.14088411464861472,0.0641576808739809
494,overpotential_V,SEC_assumed_product_kwh_kg,0.05846267950605244,0.07603272433734462
495,overpotential_V,SEC_assumed_product_kwh_kg,0.018596006117587716,0.07259141237009009
496,overpotential_V,SEC_assumed_product_kwh_kg,-0.0010532144807695598,0.0810918574073063
497,overpotential_V,SEC_assumed_product_kwh_kg,0.05009621290677169,0.06680136788315834
498,overpotential_V,SEC_assumed_product_kwh_kg,0.0910029129671569,0.07741453054640254
499,overpotential_V,SEC_assumed_product_kwh_kg,0.07503402405643955,0.06459057906620468
0,diffusivity_m2_s,conversion_pct,0.7931943272996284,0.7557549020578117
1,diffusivity_m2_s,conversion_pct,0.6955864464519859,0.8221554556367021
2,diffusivity_m2_s,conversion_pct,0.7302537599168206,0.7244323030311136
3,diffusivity_m2_s,conversion_pct,0.761559572181093,0.6578933079571523
4,diffusivity_m2_s,conversion_pct,0.7582530051601993,0.7875142497771034
5,diffusivity_m2_s,conversion_pct,0.7219718322367312,0.7723842269823216
6,diffusivity_m2_s,conversion_pct,0.7493364979675756,0.7210949093518696
7,diffusivity_m2_s,conversion_pct,0.7423021714379381,0.7747214931162641
8,diffusivity_m2_s,conversion_pct,0.7286998174251562,0.6526230577971839
9,diffusivity_m2_s,conversion_pct,0.7487191086451053,0.7543681666188388
10,diffusivity_m2_s,conversion_pct,0.7169628690846921,0.7515448280563976
11,diffusivity_m2_s,conversion_pct,0.7476334023330286,0.7614738655873752
12,diffusivity_m2_s,conversion_pct,0.7232062535278844,0.777647924692128
13,diffusivity_m2_s,conversion_pct,0.684161427296786,0.7070573915510079
14,diffusivity_m2_s,conversion_pct,0.7503863436529381,0.7984865431530941
15,diffusivity_m2_s,conversion_pct,0.6948649116874202,0.6663075481866836
16,diffusivity_m2_s,conversion_pct,0.7699279267664394,0.7669251015742157
17,diffusivity_m2_s,conversion_pct,0.7302500646000027,0.843623280250922
18,diffusivity_m2_s,conversion_pct,0.7811591336655062,0.7461956379130134
19,diffusivity_m2_s,conversion_pct,0.7050420337364862,0.6679405803439851
20,diffusivity_m2_s,conversion_pct,0.739885251393778,0.844976994807384
21,diffusivity_m2_s,conversion_pct,0.7507048266833372,0.7987952539089529
22,diffusivity_m2_s,conversion_pct,0.7699377995771038,0.7292427914616381
23,diffusivity_m2_s,conversion_pct,0.7715249571553078,0.7400840941496208
24,diffusivity_m2_s,conversion_pct,0.7592774340251771,0.7778218671006851
25,diffusivity_m2_s,conversion_pct,0.7510589184772705,0.6758814934776456
26,diffusivity_m2_s,conversion_pct,0.7490784627209206,0.720834252500217
27,diffusivity_m2_s,conversion_pct,0.7485577310272913,0.772879915417098
28,diffusivity_m2_s,conversion_pct,0.7400993170047363,0.7420658346301956
29,diffusivity_m2_s,conversion_pct,0.7020381976196288,0.8695130714088367
30,diffusivity_m2_s,conversion_pct,0.7463473709863425,0.6836786861355459
31,diffusivity_m2_s,conversion_pct,0.7274375142076395,0.8478075702613386
32,diffusivity_m2_s,conversion_pct,0.7402879353198257,0.7689005798663194
33,diffusivity_m2_s,conversion_pct,0.7480229321908995,0.6685971179340932
34,diffusivity_m2_s,conversion_pct,0.7255592545493352,0.769485618938688
35,diffusivity_m2_s,conversion_pct,0.7432972764889045,0.7458257130255694
36,diffusivity_m2_s,conversion_pct,0.7061395288747765,0.7579225244910052
37,diffusivity_m2_s,conversion_pct,0.7759507117566478,0.7249869053448498
38,diffusivity_m2_s,conversion_pct,0.7804117445207281,0.7342658469540608
39,diffusivity_m2_s,conversion_pct,0.7527944162023568,0.6832199611025842
40,diffusivity_m2_s,conversion_pct,0.752177247389334,0.6271815912876787
41,diffusivity_m2_s,conversion_pct,0.7765523657491857,0.7782666421653062
42,diffusivity_m2_s,conversion_pct,0.7210376875288926,0.7137675256399049
43,diffusivity_m2_s,conversion_pct,0.7615733043603583,0.7975923252000733
44,diffusivity_m2_s,conversion_pct,0.7583941035355124,0.7065263103943372
45,diffusivity_m2_s,conversion_pct,0.7099025327632333,0.6921708003299666
46,diffusivity_m2_s,conversion_pct,0.7139772174260165,0.7663524904276519
47,diffusivity_m2_s,conversion_pct,0.7490888942023561,0.7443315644981634
48,diffusivity_m2_s,conversion_pct,0.7451932891393316,0.8611528357197746
49,diffusivity_m2_s,conversion_pct,0.7396369503704612,0.8180875627915883
50,diffusivity_m2_s,conversion_pct,0.761779877735315,0.7490167698558697
51,diffusivity_m2_s,conversion_pct,0.7821691254008838,0.8889250633044232
52,diffusivity_m2_s,conversion_pct,0.7480603569435138,0.7442518485421475
53,diffusivity_m2_s,conversion_pct,0.7701083726058202,0.8485271101678642
54,diffusivity_m2_s,conversion_pct,0.7788782602732197,0.6840136500202598
55,diffusivity_m2_s,conversion_pct,0.7552752062327235,0.6583183891044571
56,diffusivity_m2_s,conversion_pct,0.73491851712391,0.672317072147008
57,diffusivity_m2_s,conversion_pct,0.7709707935111184,0.8058433639495152
58,diffusivity_m2_s,conversion_pct,0.7376957303387394,0.6603634725784471
59,diffusivity_m2_s,conversion_pct,0.7350108434280451,0.7023973767750812
60,diffusivity_m2_s,conversion_pct,0.7720326195971023,0.7367477269288962
61,diffusivity_m2_s,conversion_pct,0.7673276231171834,0.7253197063384459
62,diffusivity_m2_s,conversion_pct,0.7624300758607081,0.7746571185404715
63,diffusivity_m2_s,conversion_pct,0.711579494565284,0.7398002295198615
64,diffusivity_m2_s,conversion_pct,0.7548534272919537,0.7798968251768518
65,diffusivity_m2_s,conversion_pct,0.7506986824785875,0.7827140293719187
66,diffusivity_m2_s,conversion_pct,0.7710992194817576,0.7552164304979481
67,diffusivity_m2_s,conversion_pct,0.7215803960672391,0.7926817154641127
68,diffusivity_m2_s,conversion_pct,0.7315322884910498,0.784013298194971
69,diffusivity_m2_s,conversion_pct,0.7925447853623251,0.7082725039619678
70,diffusivity_m2_s,conversion_pct,0.7345212932592172,0.7427126008870407
71,diffusivity_m2_s,conversion_pct,0.7520816669769905,0.7784651326746818
72,diffusivity_m2_s,conversion_pct,0.7610043936537244,0.8065878463568494
73,diffusivity_m2_s,conversion_pct,0.7020125574311361,0.8674359698859972
74,diffusivity_m2_s,conversion_pct,0.8055735266390313,0.8375276781962585
75,diffusivity_m2_s,conversion_pct,0.7465120903950831,0.7947606845575478
76,diffusivity_m2_s,conversion_pct,0.7483402991159829,0.7620414053720088
77,diffusivity_m2_s,conversion_pct,0.7910349798743836,0.7159663883259333
78,diffusivity_m2_s,conversion_pct,0.729043091338908,0.7163026831864698
79,diffusivity_m2_s,conversion_pct,0.709185459462528,0.814667081773959
80,diffusivity_m2_s,conversion_pct,0.7633755062897922,0.6977248238780916
81,diffusivity_m2_s,conversion_pct,0.7529386147821691,0.8226828542339308
82,diffusivity_m2_s,conversion_pct,0.7415366288027314,0.7738674556294253
83,diffusivity_m2_s,conversion_pct,0.7223149138632361,0.6725362087527387
84,diffusivity_m2_s,conversion_pct,0.7354147938697897,0.7187754235848448
85,diffusivity_m2_s,conversion_pct,0.734120779352707,0.6941664526610675
86,diffusivity_m2_s,conversion_pct,0.758926484964503,0.8054364898982035
87,diffusivity_m2_s,conversion_pct,0.7600509172366781,0.7415265222036337
88,diffusivity_m2_s,conversion_pct,0.7574746414174498,0.8034306607936945
89,diffusivity_m2_s,conversion_pct,0.7269377367753568,0.6799822955123153
90,diffusivity_m2_s,conversion_pct,0.788509974487688,0.7309704741832909
91,diffusivity_m2_s,conversion_pct,0.7510103925379984,0.7377485563248983
92,diffusivity_m2_s,conversion_pct,0.7762552299574608,0.7569632676846795
93,diffusivity_m2_s,conversion_pct,0.7701947258140697,0.8839960151624894
94,diffusivity_m2_s,conversion_pct,0.735779317364055,0.7936737567867383
95,diffusivity_m2_s,conversion_pct,0.7450502131003528,0.720152163146523
96,diffusivity_m2_s,conversion_pct,0.7414866129636131,0.7518852106204109
97,diffusivity_m2_s,conversion_pct,0.765860975736422,0.7302153325397509
98,diffusivity_m2_s,conversion_pct,0.7650077318604185,0.8188214443331088
99,diffusivity_m2_s,conversion_pct,0.7589945798026781,0.696820035550193
100,diffusivity_m2_s,conversion_pct,0.7549569105515205,0.6869549184017202
101,diffusivity_m2_s,conversion_pct,0.7708726079234116,0.7168346493983037
102,diffusivity_m2_s,conversion_pct,0.7535567482277715,0.7545854507890868
103,diffusivity_m2_s,conversion_pct,0.7076828711986582,0.8611251664373522
104,diffusivity_m2_s,conversion_pct,0.7455850290351154,0.8378130968877583
105,diffusivity_m2_s,conversion_pct,0.763577265396477,0.6998185136276953
106,diffusivity_m2_s,conversion_pct,0.7357450935706793,0.8143149666768577
107,diffusivity_m2_s,conversion_pct,0.6952963954999425,0.8457803223509309
108,diffusivity_m2_s,conversion_pct,0.7397092788030937,0.7780474897149912
109,diffusivity_m2_s,conversion_pct,0.7399845908961704,0.7688487921861993
110,diffusivity_m2_s,conversion_pct,0.7973489987145622,0.7241569052981803
111,diffusivity_m2_s,conversion_pct,0.7097251094413822,0.7606449000128187
112,diffusivity_m2_s,conversion_pct,0.7448120915471435,0.6989208873287093
113,diffusivity_m2_s,conversion_pct,0.7660671240097495,0.6872951512430228
114,diffusivity_m2_s,conversion_pct,0.7229990483953386,0.7921682571038514
115,diffusivity_m2_s,conversion_pct,0.7297694802155761,0.6787687142781522
116,diffusivity_m2_s,conversion_pct,0.7851409814646398,0.7810338455365564
117,diffusivity_m2_s,conversion_pct,0.7133145597172996,0.8113451936015756
118,diffusivity_m2_s,conversion_pct,0.7415361024800877,0.7227106155557744
119,diffusivity_m2_s,conversion_pct,0.7605921359770076,0.6757559022547894
120,diffusivity_m2_s,conversion_pct,0.7433721249355456,0.7926006378640963
121,diffusivity_m2_s,conversion_pct,0.7390856398568022,0.7401872457349588
122,diffusivity_m2_s,conversion_pct,0.7718564286767573,0.6715780805687148
123,diffusivity_m2_s,conversion_pct,0.75664405868268,0.7859389207606056
124,diffusivity_m2_s,conversion_pct,0.7521352588020883,0.8090346646964583
125,diffusivity_m2_s,conversion_pct,0.7865049483079027,0.805676203845365
126,diffusivity_m2_s,conversion_pct,0.7804648918986852,0.7830885479360103
127,diffusivity_m2_s,conversion_pct,0.7465273628868663,0.7384364436595066
128,diffusivity_m2_s,conversion_pct,0.7114719903249653,0.8287629690975828
129,diffusivity_m2_s,conversion_pct,0.7506348860255883,0.8073920281730856
130,diffusivity_m2_s,conversion_pct,0.7923491150628428,0.8585366447526622
131,diffusivity_m2_s,conversion_pct,0.7022482730506803,0.7198768913895905
132,diffusivity_m2_s,conversion_pct,0.7707052896633981,0.7323866794516752
133,diffusivity_m2_s,conversion_pct,0.7387278394615021,0.6969952957678548
134,diffusivity_m2_s,conversion_pct,0.7392014972379821,0.8165627280307606
135,diffusivity_m2_s,conversion_pct,0.7271812836506947,0.7464474390307038
136,diffusivity_m2_s,conversion_pct,0.7442887147448498,0.8194624788127451
137,diffusivity_m2_s,conversion_pct,0.7765788655437142,0.7181064297316313
138,diffusivity_m2_s,conversion_pct,0.7544046585727816,0.7644332525650726
139,diffusivity_m2_s,conversion_pct,0.7421792604644126,0.7405323076235861
140,diffusivity_m2_s,conversion_pct,0.7728961167807812,0.7494466542388116
141,diffusivity_m2_s,conversion_pct,0.7395755771577224,0.7182479797636904
142,diffusivity_m2_s,conversion_pct,0.7741487535814254,0.7684506270178695
143,diffusivity_m2_s,conversion_pct,0.7713893961896153,0.736044694948463
144,diffusivity_m2_s,conversion_pct,0.7167913957530774,0.8010490829083968
145,diffusivity_m2_s,conversion_pct,0.7463105360563289,0.6850537780698418
146,diffusivity_m2_s,conversion_pct,0.7069247268980665,0.814977125425508
147,diffusivity_m2_s,conversion_pct,0.7248786836550513,0.7560740478778037
148,diffusivity_m2_s,conversion_pct,0.771915363203928,0.688070925436623
149,diffusivity_m2_s,conversion_pct,0.7165882998778471,0.7356994883070496
150,diffusivity_m2_s,conversion_pct,0.7746972429671671,0.583373541341677
151,diffusivity_m2_s,conversion_pct,0.7145149377832621,0.8249592091336098
152,diffusivity_m2_s,conversion_pct,0.7548728418214913,0.7344371959222978
153,diffusivity_m2_s,conversion_pct,0.7457514682832701,0.7279396007091061
154,diffusivity_m2_s,conversion_pct,0.7931971011606354,0.7892197402525997
155,diffusivity_m2_s,conversion_pct,0.7471525008815708,0.6671537897742509
156,diffusivity_m2_s,conversion_pct,0.7974245087131345,0.8785237419967371
157,diffusivity_m2_s,conversion_pct,0.7589226144734156,0.7665308510393596
158,diffusivity_m2_s,conversion_pct,0.7425955660570615,0.7630487127822955
159,diffusivity_m2_s,conversion_pct,0.7372396458302175,0.8103910491614209
160,diffusivity_m2_s,conversion_pct,0.7450201112362664,0.8988871968419877
161,diffusivity_m2_s,conversion_pct,0.745974693696366,0.7721240548215756
162,diffusivity_m2_s,conversion_pct,0.7749989359257584,0.7495525228450224
163,diffusivity_m2_s,conversion_pct,0.749598465460876,0.7872890892488975
164,diffusivity_m2_s,conversion_pct,0.7684709535571167,0.7742497419019564
165,diffusivity_m2_s,conversion_pct,0.7576581721814618,0.7336311694877826
166,diffusivity_m2_s,conversion_pct,0.7517446142049905,0.7281962226939672
167,diffusivity_m2_s,conversion_pct,0.7518413479919166,0.7167282720340116
168,diffusivity_m2_s,conversion_pct,0.7490958880373442,0.7947955571953779
169,diffusivity_m2_s,conversion_pct,0.7344948781105385,0.8401833970040804
170,diffusivity_m2_s,conversion_pct,0.7377813553633059,0.843107313103313
171,diffusivity_m2_s,conversion_pct,0.7801798206318363,0.6282379570558069
172,diffusivity_m2_s,conversion_pct,0.7285640869799539,0.6961194680201396
173,diffusivity_m2_s,conversion_pct,0.7748627838191227,0.6961254375359608
174,diffusivity_m2_s,conversion_pct,0.7713451785243672,0.6949752266681931
175,diffusivity_m2_s,conversion_pct,0.6967306254993446,0.7617352373326629
176,diffusivity_m2_s,conversion_pct,0.771843536061122,0.6992014053735597
177,diffusivity_m2_s,conversion_pct,0.7497672704815317,0.7772966156950795
178,diffusivity_m2_s,conversion_pct,0.7549084189439232,0.7926285967770796
179,diffusivity_m2_s,conversion_pct,0.7459084100283478,0.6308188249634321
180,diffusivity_m2_s,conversion_pct,0.7507305576132121,0.6834432035582173
181,diffusivity_m2_s,conversion_pct,0.7527792342089317,0.71521024935837
182,diffusivity_m2_s,conversion_pct,0.7592504531319207,0.653978543780568
183,diffusivity_m2_s,conversion_pct,0.7614513008143464,0.7274058522925579
184,diffusivity_m2_s,conversion_pct,0.7611589082917313,0.6840721440814261
185,diffusivity_m2_s,conversion_pct,0.7556566721595752,0.7266619785899536
186,diffusivity_m2_s,conversion_pct,0.7247039214510071,0.8071094639920572
187,diffusivity_m2_s,conversion_pct,0.7226789212941479,0.7232377502000796
188,diffusivity_m2_s,conversion_pct,0.7532570869722167,0.8132134375200517
189,diffusivity_m2_s,conversion_pct,0.7812153839182217,0.8248942492161038
190,diffusivity_m2_s,conversion_pct,0.7572937282624259,0.801732453662029
191,diffusivity_m2_s,conversion_pct,0.7266852686011055,0.6781287170501148
192,diffusivity_m2_s,conversion_pct,0.7452935523292046,0.662428487598372
193,diffusivity_m2_s,conversion_pct,0.7342472497514827,0.7719641228530151
194,diffusivity_m2_s,conversion_pct,0.7320990356651444,0.7318788118856099
195,diffusivity_m2_s,conversion_pct,0.7523321048126765,0.6895350443936973
196,diffusivity_m2_s,conversion_pct,0.7639670128488648,0.7781057256254785
197,diffusivity_m2_s,conversion_pct,0.7759715164626244,0.9203940930123714
198,diffusivity_m2_s,conversion_pct,0.7405880621588037,0.6574459020134659
199,diffusivity_m2_s,conversion_pct,0.7392703003170396,0.7135804070895041
200,diffusivity_m2_s,conversion_pct,0.769520490754493,0.7494731257820678
201,diffusivity_m2_s,conversion_pct,0.7673892281972206,0.6852011143895987
202,diffusivity_m2_s,conversion_pct,0.7561378534658234,0.7942008038631863
203,diffusivity_m2_s,conversion_pct,0.7770857926278192,0.6880946810783378
204,diffusivity_m2_s,conversion_pct,0.7659938496546356,0.7494863604456359
205,diffusivity_m2_s,conversion_pct,0.7328623255992517,0.7899395310411838
206,diffusivity_m2_s,conversion_pct,0.7442120326469301,0.671721114488949
207,diffusivity_m2_s,conversion_pct,0.7519677914113302,0.7933684121916321
208,diffusivity_m2_s,conversion_pct,0.7448461323871709,0.705182372031931
209,diffusivity_m2_s,conversion_pct,0.772359364711821,0.702004824826312
210,diffusivity_m2_s,conversion_pct,0.7166670501517165,0.7557849593912072
211,diffusivity_m2_s,conversion_pct,0.753361290219779,0.8114414487171134
212,diffusivity_m2_s,conversion_pct,0.7735007377766502,0.8379865579527326
213,diffusivity_m2_s,conversion_pct,0.7542745765264716,0.6614562487399461
214,diffusivity_m2_s,conversion_pct,0.7655226994762554,0.7305201310097084
215,diffusivity_m2_s,conversion_pct,0.7740759119786339,0.745776690331027
216,diffusivity_m2_s,conversion_pct,0.7421966859274397,0.8299124845745696
217,diffusivity_m2_s,conversion_pct,0.7932353692881546,0.6507565839993161
218,diffusivity_m2_s,conversion_pct,0.7722526038259321,0.7161295526236467
219,diffusivity_m2_s,conversion_pct,0.7870867744826209,0.7987710315422535
220,diffusivity_m2_s,conversion_pct,0.744845767044102,0.7298384312827294
221,diffusivity_m2_s,conversion_pct,0.7277832077610098,0.7493227268125979
222,diffusivity_m2_s,conversion_pct,0.781195179519434,0.7313459818153428
223,diffusivity_m2_s,conversion_pct,0.7618151132721106,0.7830945584852366
224,diffusivity_m2_s,conversion_pct,0.7435638863257696,0.7981235179424666
225,diffusivity_m2_s,conversion_pct,0.7672452692522109,0.7557926546763145
226,diffusivity_m2_s,conversion_pct,0.7443132702813233,0.7525943332661055
227,diffusivity_m2_s,conversion_pct,0.7231822870803002,0.6438359210300627
228,diffusivity_m2_s,conversion_pct,0.7334405312452346,0.8093777231823305
229,diffusivity_m2_s,conversion_pct,0.7294176257191529,0.8372927577490353
230,diffusivity_m2_s,conversion_pct,0.7672195492946545,0.685136150119109
231,diffusivity_m2_s,conversion_pct,0.7516415434524275,0.7920358175236754
232,diffusivity_m2_s,conversion_pct,0.7639705287128379,0.6849686409480905
233,diffusivity_m2_s,conversion_pct,0.7553268419938807,0.687626438541762
234,diffusivity_m2_s,conversion_pct,0.7400828208612347,0.7432774033066915
235,diffusivity_m2_s,conversion_pct,0.7100386225550368,0.6393650639581454
236,diffusivity_m2_s,conversion_pct,0.7216629072060055,0.7837526185245383
237,diffusivity_m2_s,conversion_pct,0.7145283504381326,0.7023634165220817
238,diffusivity_m2_s,conversion_pct,0.7681244940637805,0.750300568536849
239,diffusivity_m2_s,conversion_pct,0.7417727789679402,0.742813363255356
240,diffusivity_m2_s,conversion_pct,0.7431419328179036,0.7258670869000069
241,diffusivity_m2_s,conversion_pct,0.7397375920284814,0.8188057557481039
242,diffusivity_m2_s,conversion_pct,0.7236200516338046,0.8268662417734376
243,diffusivity_m2_s,conversion_pct,0.7820693003523136,0.7407505682719538
244,diffusivity_m2_s,conversion_pct,0.7440771659302716,0.7637494178370128
245,diffusivity_m2_s,conversion_pct,0.7343154673062817,0.7831188170996547
246,diffusivity_m2_s,conversion_pct,0.7726019877732853,0.7488799376733534
247,diffusivity_m2_s,conversion_pct,0.7957995201786867,0.693107100679036
248,diffusivity_m2_s,conversion_pct,0.7313644172238905,0.7185449238030084
249,diffusivity_m2_s,conversion_pct,0.7808351912391966,0.7425996204438492
250,diffusivity_m2_s,conversion_pct,0.7874220729563134,0.7788403207599709
251,diffusivity_m2_s,conversion_pct,0.7490535594186841,0.7111334714841439
252,diffusivity_m2_s,conversion_pct,0.77909662554511,0.7939222718911543
253,diffusivity_m2_s,conversion_pct,0.7093941061136816,0.6966916229005767
254,diffusivity_m2_s,conversion_pct,0.7380117078639077,0.677961623229713
255,diffusivity_m2_s,conversion_pct,0.7321250960638626,0.6842214030659757
256,diffusivity_m2_s,conversion_pct,0.7585688897752341,0.6956356508320171
257,diffusivity_m2_s,conversion_pct,0.7597244968767025,0.7009175483082156
258,diffusivity_m2_s,conversion_pct,0.7578200934609738,0.6994438964359375
259,diffusivity_m2_s,conversion_pct,0.7475939371562024,0.741324039223555
260,diffusivity_m2_s,conversion_pct,0.7684612697848214,0.62501281429833
261,diffusivity_m2_s,conversion_pct,0.6953774480581228,0.7340735532716236
262,diffusivity_m2_s,conversion_pct,0.7664574230452033,0.7314774673965375
263,diffusivity_m2_s,conversion_pct,0.7687240289916637,0.8395965896290392
264,diffusivity_m2_s,conversion_pct,0.7663363292774894,0.7991024839216304
265,diffusivity_m2_s,conversion_pct,0.7415234837015343,0.8499780309271944
266,diffusivity_m2_s,conversion_pct,0.6953356071531704,0.8063104126749071
267,diffusivity_m2_s,conversion_pct,0.7393799871084354,0.8826871449624238
268,diffusivity_m2_s,conversion_pct,0.7598104124848625,0.6971351822342359
269,diffusivity_m2_s,conversion_pct,0.7450600628155715,0.7509865977031217
270,diffusivity_m2_s,conversion_pct,0.727104652536019,0.7425394764302187
271,diffusivity_m2_s,conversion_pct,0.7576713980599391,0.7250031089926247
272,diffusivity_m2_s,conversion_pct,0.7228338545982413,0.8530760378369199
273,diffusivity_m2_s,conversion_pct,0.7660691462017141,0.6667380357158824
274,diffusivity_m2_s,conversion_pct,0.7080464232290307,0.7842905631362215
275,diffusivity_m2_s,conversion_pct,0.7595296726951045,0.7625460390151221
276,diffusivity_m2_s,conversion_pct,0.754173309245591,0.7899060851608651
277,diffusivity_m2_s,conversion_pct,0.7063296761009401,0.8874671527368233
278,diffusivity_m2_s,conversion_pct,0.7433374923729004,0.7544353903434726
279,diffusivity_m2_s,conversion_pct,0.7507434308073415,0.8606703548700323
280,diffusivity_m2_s,conversion_pct,0.7304114945946891,0.7976411209534869
281,diffusivity_m2_s,conversion_pct,0.7343567261560173,0.8217506510534666
282,diffusivity_m2_s,conversion_pct,0.7606533117805558,0.8079095721590112
283,diffusivity_m2_s,conversion_pct,0.7600770246368538,0.678575959271666
284,diffusivity_m2_s,conversion_pct,0.7763791283219839,0.8270063207202292
285,diffusivity_m2_s,conversion_pct,0.7285030345756027,0.8043667535035659
286,diffusivity_m2_s,conversion_pct,0.753843284220796,0.7068206500321433
287,diffusivity_m2_s,conversion_pct,0.7235204008461054,0.7760694258085696
288,diffusivity_m2_s,conversion_pct,0.7524149293098327,0.8484168504880355
289,diffusivity_m2_s,conversion_pct,0.7547179571522673,0.7335948499522493
290,diffusivity_m2_s,conversion_pct,0.7810018152944462,0.7437200644640222
291,diffusivity_m2_s,conversion_pct,0.7551560332964901,0.8306381463974902
292,diffusivity_m2_s,conversion_pct,0.7377806784825707,0.8100152815010728
293,diffusivity_m2_s,conversion_pct,0.7743072724098174,0.6622476162834928
294,diffusivity_m2_s,conversion_pct,0.730024795380172,0.7619939503030334
295,diffusivity_m2_s,conversion_pct,0.7466315884552686,0.7625697075360918
296,diffusivity_m2_s,conversion_pct,0.7519043650531307,0.6836385472050303
297,diffusivity_m2_s,conversion_pct,0.7610413394100903,0.7620551754730563
298,diffusivity_m2_s,conversion_pct,0.7359100051479224,0.7106512782372567
299,diffusivity_m2_s,conversion_pct,0.7204530130874033,0.7317580552916627
300,diffusivity_m2_s,conversion_pct,0.7811548154240291,0.623045176085066
301,diffusivity_m2_s,conversion_pct,0.7898659412041358,0.7395888838493448
302,diffusivity_m2_s,conversion_pct,0.7450473060458636,0.7227563039993278
303,diffusivity_m2_s,conversion_pct,0.7322447176674269,0.6941211682811883
304,diffusivity_m2_s,conversion_pct,0.7555473335686453,0.8077920207568129
305,diffusivity_m2_s,conversion_pct,0.7493411244911383,0.6824248481728846
306,diffusivity_m2_s,conversion_pct,0.7503382569902308,0.8019287107750344
307,diffusivity_m2_s,conversion_pct,0.7647518809616466,0.704608959808834
308,diffusivity_m2_s,conversion_pct,0.6940986953512969,0.8021545174246314
309,diffusivity_m2_s,conversion_pct,0.7705644428315533,0.8287169832447359
310,diffusivity_m2_s,conversion_pct,0.7628318166802506,0.5879752888840357
311,diffusivity_m2_s,conversion_pct,0.7295739103420033,0.6239478314853748
312,diffusivity_m2_s,conversion_pct,0.768947591847599,0.7211058793359859
313,diffusivity_m2_s,conversion_pct,0.7257296313655511,0.8524479173628186
314,diffusivity_m2_s,conversion_pct,0.7457503422821578,0.6666207070659133
315,diffusivity_m2_s,conversion_pct,0.7520661015599274,0.7732644555229728
316,diffusivity_m2_s,conversion_pct,0.7646205853019069,0.7864470178130577
317,diffusivity_m2_s,conversion_pct,0.724063915288016,0.8773738237409388
318,diffusivity_m2_s,conversion_pct,0.7384157503202844,0.6690826426421839
319,diffusivity_m2_s,conversion_pct,0.7386532313729077,0.7694588575324732
320,diffusivity_m2_s,conversion_pct,0.7237985390997723,0.6675147868081485
321,diffusivity_m2_s,conversion_pct,0.7569796544448426,0.7980924732035086
322,diffusivity_m2_s,conversion_pct,0.744648929984673,0.730547836173235
323,diffusivity_m2_s,conversion_pct,0.7351083363135671,0.6731995201116809
324,diffusivity_m2_s,conversion_pct,0.7302375535237398,0.7594035152258495
325,diffusivity_m2_s,conversion_pct,0.7477666171299582,0.7828217401063947
326,diffusivity_m2_s,conversion_pct,0.7360617354561896,0.7093476656690164
327,diffusivity_m2_s,conversion_pct,0.7516798312683296,0.8299293913427602
328,diffusivity_m2_s,conversion_pct,0.7520918768331211,0.7748799192135005
329,diffusivity_m2_s,conversion_pct,0.7301609154845389,0.684907304495443
330,diffusivity_m2_s,conversion_pct,0.7486285678076967,0.8174951270071387
331,diffusivity_m2_s,conversion_pct,0.7173951575661761,0.8893918343669327
332,diffusivity_m2_s,conversion_pct,0.7648376362819397,0.6861122801336147
333,diffusivity_m2_s,conversion_pct,0.7459523009100693,0.7402852441050313
334,diffusivity_m2_s,conversion_pct,0.7377570674523093,0.7445914984745567
335,diffusivity_m2_s,conversion_pct,0.7434166345253697,0.7228829913085265
336,diffusivity_m2_s,conversion_pct,0.751993653512328,0.7174118283098047
337,diffusivity_m2_s,conversion_pct,0.7403121135809494,0.7021708495311758
338,diffusivity_m2_s,conversion_pct,0.7256945089601827,0.7402198320192034
339,diffusivity_m2_s,conversion_pct,0.7780819362666908,0.7843444914878664
340,diffusivity_m2_s,conversion_pct,0.7841331428585819,0.7488335630498187
341,diffusivity_m2_s,conversion_pct,0.7072371694778142,0.706861181385005
342,diffusivity_m2_s,conversion_pct,0.7361089665721365,0.731949994138021
343,diffusivity_m2_s,conversion_pct,0.7900182618919003,0.6692324234157645
344,diffusivity_m2_s,conversion_pct,0.7375454634661789,0.7687834174045801
345,diffusivity_m2_s,conversion_pct,0.770806333109538,0.8968402242660479
346,diffusivity_m2_s,conversion_pct,0.7787295144570958,0.7370422685524344
347,diffusivity_m2_s,conversion_pct,0.7650583042283046,0.6894594763826434
348,diffusivity_m2_s,conversion_pct,0.7118133844463923,0.700968992610638
349,diffusivity_m2_s,conversion_pct,0.767947858110316,0.8867752292524657
350,diffusivity_m2_s,conversion_pct,0.7661756567357527,0.7382706117664499
351,diffusivity_m2_s,conversion_pct,0.7127538756999257,0.7677245307594674
352,diffusivity_m2_s,conversion_pct,0.7200793444800146,0.81175047902045
353,diffusivity_m2_s,conversion_pct,0.7621919368765102,0.7661488193380283
354,diffusivity_m2_s,conversion_pct,0.7249390971582397,0.7675278917210112
355,diffusivity_m2_s,conversion_pct,0.735155997175333,0.737116228467921
356,diffusivity_m2_s,conversion_pct,0.721000938260371,0.7795589651211213
357,diffusivity_m2_s,conversion_pct,0.7521982599362619,0.7364782128858026
358,diffusivity_m2_s,conversion_pct,0.7482443944454436,0.8018683555779631
359,diffusivity_m2_s,conversion_pct,0.7475252969183384,0.8912342073126525
360,diffusivity_m2_s,conversion_pct,0.7581939439490099,0.644228724775087
361,diffusivity_m2_s,conversion_pct,0.76384762606481,0.6990477336271897
362,diffusivity_m2_s,conversion_pct,0.7504730939187528,0.7392126765250185
363,diffusivity_m2_s,conversion_pct,0.746274924570005,0.6648158251589372
364,diffusivity_m2_s,conversion_pct,0.7395197527238186,0.6599564656372205
365,diffusivity_m2_s,conversion_pct,0.7489496734128795,0.7029592778634292
366,diffusivity_m2_s,conversion_pct,0.755272024284075,0.6550994441013521
367,diffusivity_m2_s,conversion_pct,0.7544139273801157,0.7290532510175003
368,diffusivity_m2_s,conversion_pct,0.7656859628655164,0.768098377646066
369,diffusivity_m2_s,conversion_pct,0.7594544501412427,0.6882312929626909
370,diffusivity_m2_s,conversion_pct,0.7578140710094232,0.7746743676299407
371,diffusivity_m2_s,conversion_pct,0.7458967789441882,0.791688354548368
372,diffusivity_m2_s,conversion_pct,0.7546314938161245,0.8173560005759365
373,diffusivity_m2_s,conversion_pct,0.7534123133970954,0.676871632252057
374,diffusivity_m2_s,conversion_pct,0.7645680962185776,0.678276283113945
375,diffusivity_m2_s,conversion_pct,0.758593441824864,0.7437786087645069
376,diffusivity_m2_s,conversion_pct,0.7357616686058088,0.7759119856103629
377,diffusivity_m2_s,conversion_pct,0.7645039442788185,0.7338056360802808
378,diffusivity_m2_s,conversion_pct,0.7539697991488977,0.7239362297620016
379,diffusivity_m2_s,conversion_pct,0.7550020459062905,0.6861173256452436
380,diffusivity_m2_s,conversion_pct,0.7484689740501522,0.7584547155331731
381,diffusivity_m2_s,conversion_pct,0.793874229794187,0.786960838294384
382,diffusivity_m2_s,conversion_pct,0.7714540123854103,0.8234590146409159
383,diffusivity_m2_s,conversion_pct,0.7222904439862394,0.7193515081180843
384,diffusivity_m2_s,conversion_pct,0.7580909574470572,0.7814329658587573
385,diffusivity_m2_s,conversion_pct,0.7364338854661301,0.7697703904605137
386,diffusivity_m2_s,conversion_pct,0.748641799697411,0.6887872201899959
387,diffusivity_m2_s,conversion_pct,0.7242951267127309,0.7196711653973571
388,diffusivity_m2_s,conversion_pct,0.7619369840668134,0.6485587324666299
389,diffusivity_m2_s,conversion_pct,0.779250535864218,0.8599349476892498
390,diffusivity_m2_s,conversion_pct,0.7392853354724778,0.7819207970520562
391,diffusivity_m2_s,conversion_pct,0.712046683958111,0.740666532814949
392,diffusivity_m2_s,conversion_pct,0.7682016423260072,0.7839673288644663
393,diffusivity_m2_s,conversion_pct,0.7672739761648125,0.6109732572875625
394,diffusivity_m2_s,conversion_pct,0.7431086499162097,0.7673463714741026
395,diffusivity_m2_s,conversion_pct,0.7474789479805048,0.7084437850876247
396,diffusivity_m2_s,conversion_pct,0.7319647002109138,0.8379509088635834
397,diffusivity_m2_s,conversion_pct,0.7578526585514859,0.7523764428382428
398,diffusivity_m2_s,conversion_pct,0.7573577256953735,0.6755876093797785
399,diffusivity_m2_s,conversion_pct,0.6979724530927865,0.7839417065155081
400,diffusivity_m2_s,conversion_pct,0.7545874020951114,0.7486852132392022
401,diffusivity_m2_s,conversion_pct,0.7459164746489334,0.6496294641604058
402,diffusivity_m2_s,conversion_pct,0.7211234865357627,0.715763219003241
403,diffusivity_m2_s,conversion_pct,0.7409081289928132,0.7760628047686157
404,diffusivity_m2_s,conversion_pct,0.7352889212613578,0.7538343495687815
405,diffusivity_m2_s,conversion_pct,0.7699378881615458,0.7394765164642176
406,diffusivity_m2_s,conversion_pct,0.7997020047358057,0.780730460706952
407,diffusivity_m2_s,conversion_pct,0.7556216302239523,0.6920906975310076
408,diffusivity_m2_s,conversion_pct,0.7236071931391236,0.8209516947206519
409,diffusivity_m2_s,conversion_pct,0.775480199882095,0.7218245905552416
410,diffusivity_m2_s,conversion_pct,0.7588181736692924,0.706452169771411
411,diffusivity_m2_s,conversion_pct,0.7501581576350405,0.7502283038325468
412,diffusivity_m2_s,conversion_pct,0.7479637150453586,0.7023437777640923
413,diffusivity_m2_s,conversion_pct,0.7289662627679052,0.696504506744603
414,diffusivity_m2_s,conversion_pct,0.724335936547772,0.8971177353748757
415,diffusivity_m2_s,conversion_pct,0.7605811670873291,0.7498180419192851
416,diffusivity_m2_s,conversion_pct,0.7601219397094701,0.7670794250399519
417,diffusivity_m2_s,conversion_pct,0.7426409166280495,0.6327288041223281
418,diffusivity_m2_s,conversion_pct,0.762525445745774,0.6967548358844237
419,diffusivity_m2_s,conversion_pct,0.7571433010660423,0.6904078551337429
420,diffusivity_m2_s,conversion_pct,0.7649178793630763,0.758320069281662
421,diffusivity_m2_s,conversion_pct,0.7388257390275106,0.8057308562026478
422,diffusivity_m2_s,conversion_pct,0.7795649262496032,0.6878133004080922
423,diffusivity_m2_s,conversion_pct,0.7230065542141975,0.7156341535832824
424,diffusivity_m2_s,conversion_pct,0.7698340491288448,0.7250819103248343
425,diffusivity_m2_s,conversion_pct,0.7847858092569256,0.7562367813553911
426,diffusivity_m2_s,conversion_pct,0.7297330605888024,0.6786959622990401
427,diffusivity_m2_s,conversion_pct,0.7646103056657995,0.7446405641413703
428,diffusivity_m2_s,conversion_pct,0.7649682718353719,0.7650198676690813
429,diffusivity_m2_s,conversion_pct,0.7411842538874298,0.8107568981596265
430,diffusivity_m2_s,conversion_pct,0.7861546514708593,0.6965303513970911
431,diffusivity_m2_s,conversion_pct,0.7176483195487202,0.7149362432014189
432,diffusivity_m2_s,conversion_pct,0.7778229137924135,0.7135143837994843
433,diffusivity_m2_s,conversion_pct,0.7415752444035071,0.739980545342304
434,diffusivity_m2_s,conversion_pct,0.7520317695578432,0.6765228768984989
435,diffusivity_m2_s,conversion_pct,0.7313320804227833,0.7780557820753369
436,diffusivity_m2_s,conversion_pct,0.7230026980283293,0.6557972332975779
437,diffusivity_m2_s,conversion_pct,0.7652637412190002,0.7675304899996284
438,diffusivity_m2_s,conversion_pct,0.7433099386620718,0.7241311535849783
439,diffusivity_m2_s,conversion_pct,0.7710784272600212,0.6966141134442939
440,diffusivity_m2_s,conversion_pct,0.7949374879222492,0.6866879281394244
441,diffusivity_m2_s,conversion_pct,0.7708970185528309,0.7283110602216937
442,diffusivity_m2_s,conversion_pct,0.7417532004265506,0.714384046463984
443,diffusivity_m2_s,conversion_pct,0.7551654918501766,0.7567123400816512
444,diffusivity_m2_s,conversion_pct,0.7809682515078551,0.7756014850070719
445,diffusivity_m2_s,conversion_pct,0.7340801563758927,0.7300782518303287
446,diffusivity_m2_s,conversion_pct,0.763632275461288,0.643585943126909
447,diffusivity_m2_s,conversion_pct,0.751696441220363,0.7393905335947795
448,diffusivity_m2_s,conversion_pct,0.7605166280151308,0.7266794871039695
449,diffusivity_m2_s,conversion_pct,0.7630242843348578,0.7858639721296485
450,diffusivity_m2_s,conversion_pct,0.7509411042941564,0.7860485329835784
451,diffusivity_m2_s,conversion_pct,0.7283654611643949,0.7257774460968746
452,diffusivity_m2_s,conversion_pct,0.706323591659792,0.7405857138295411
453,diffusivity_m2_s,conversion_pct,0.7697059623320412,0.7204696077474904
454,diffusivity_m2_s,conversion_pct,0.7521631964090876,0.7992604855551235
455,diffusivity_m2_s,conversion_pct,0.753982808362404,0.6779114403597007
456,diffusivity_m2_s,conversion_pct,0.7501729751881185,0.7495819253178911
457,diffusivity_m2_s,conversion_pct,0.7616005936883199,0.7424348242118365
458,diffusivity_m2_s,conversion_pct,0.740919498270971,0.761157041830298
459,diffusivity_m2_s,conversion_pct,0.7877745796216661,0.7366045772895147
460,diffusivity_m2_s,conversion_pct,0.7384291128535012,0.7460005335522832
461,diffusivity_m2_s,conversion_pct,0.759118237005738,0.7355172711307546
462,diffusivity_m2_s,conversion_pct,0.754116130486468,0.6739430290258722
463,diffusivity_m2_s,conversion_pct,0.7550612461565795,0.7186581106633099
464,diffusivity_m2_s,conversion_pct,0.7363596758438358,0.7288000689973785
465,diffusivity_m2_s,conversion_pct,0.7079272857490824,0.6869810866104772
466,diffusivity_m2_s,conversion_pct,0.7752750000607075,0.7440602414937373
467,diffusivity_m2_s,conversion_pct,0.7607728244824379,0.7687468237237095
468,diffusivity_m2_s,conversion_pct,0.8172929381480527,0.8117113988182402
469,diffusivity_m2_s,conversion_pct,0.7484930468084001,0.7694435359421486
470,diffusivity_m2_s,conversion_pct,0.768061116527492,0.7370804908658171
471,diffusivity_m2_s,conversion_pct,0.7559930433981037,0.6139899960377005
472,diffusivity_m2_s,conversion_pct,0.7744992903914768,0.7029042610306463
473,diffusivity_m2_s,conversion_pct,0.762627667140582,0.72475415682485
474,diffusivity_m2_s,conversion_pct,0.7228054885505963,0.8311699023652517
475,diffusivity_m2_s,conversion_pct,0.7555715503988583,0.7487015787310798
476,diffusivity_m2_s,conversion_pct,0.7669785399325149,0.7369725375182845
477,diffusivity_m2_s,conversion_pct,0.7687799158686079,0.7265402208105503
478,diffusivity_m2_s,conversion_pct,0.7681111178135323,0.6471960669487354
479,diffusivity_m2_s,conversion_pct,0.7655407275175694,0.7939508551311345
480,diffusivity_m2_s,conversion_pct,0.7725836792706949,0.7944642459991453
481,diffusivity_m2_s,conversion_pct,0.732517151237305,0.8281970887564198
482,diffusivity_m2_s,conversion_pct,0.7151357533879595,0.7862785131910457
483,diffusivity_m2_s,conversion_pct,0.7536975708427356,0.6745188005505565
484,diffusivity_m2_s,conversion_pct,0.7521785251378167,0.7609400081004125
485,diffusivity_m2_s,conversion_pct,0.7510468922202164,0.7275823642752423
486,diffusivity_m2_s,conversion_pct,0.7567662865942952,0.7180432944458037
487,diffusivity_m2_s,conversion_pct,0.7418083922861431,0.8345737650346986
488,diffusivity_m2_s,conversion_pct,0.782154932046567,0.7535399441425629
489,diffusivity_m2_s,conversion_pct,0.6907052136599487,0.7412179090570363
490,diffusivity_m2_s,conversion_pct,0.754949016150769,0.7071721265327876
491,diffusivity_m2_s,conversion_pct,0.7226020607925089,0.8260793527369565
492,diffusivity_m2_s,conversion_pct,0.7778608690083968,0.7354928070370063
493,diffusivity_m2_s,conversion_pct,0.7550685046696628,0.7018267818249574
494,diffusivity_m2_s,conversion_pct,0.7632039369566979,0.8118546675824668
495,diffusivity_m2_s,conversion_pct,0.7430930640350901,0.8102838673207629
496,diffusivity_m2_s,conversion_pct,0.7465526656980227,0.7816288762154214
497,diffusivity_m2_s,conversion_pct,0.7382462865234021,0.7490001920422017
498,diffusivity_m2_s,conversion_pct,0.7696531733540414,0.789936639212179
499,diffusivity_m2_s,conversion_pct,0.7593931287044919,0.7388896936665438
0,diffusivity_m2_s,current_A,0.7840209294203306,0.7742516877948142
1,diffusivity_m2_s,current_A,0.7633488835946698,0.7450439437652174
2,diffusivity_m2_s,current_A,0.7672930764412123,0.7738409061979378
3,diffusivity_m2_s,current_A,0.7781176580910687,0.6422254137785509
4,diffusivity_m2_s,current_A,0.773309690704854,0.7854857080906049
5,diffusivity_m2_s,current_A,0.7835373884259746,0.8095472761410822
6,diffusivity_m2_s,current_A,0.7980008424664471,0.6832207661614467
7,diffusivity_m2_s,current_A,0.7269496767487236,0.7968846246981534
8,diffusivity_m2_s,current_A,0.7955557821852443,0.6359817266251333
9,diffusivity_m2_s,current_A,0.7888058406084857,0.8270859103559125
10,diffusivity_m2_s,current_A,0.7445695167156702,0.8357678441569203
11,diffusivity_m2_s,current_A,0.8193156066282823,0.715522861179773
12,diffusivity_m2_s,current_A,0.7494416656173659,0.8108930131231604
13,diffusivity_m2_s,current_A,0.8064212163382779,0.7398201933291952
14,diffusivity_m2_s,current_A,0.7691462614948062,0.8508822497977325
15,diffusivity_m2_s,current_A,0.752998745829675,0.6857998962834709
16,diffusivity_m2_s,current_A,0.8062942914882536,0.7296576548908992
17,diffusivity_m2_s,current_A,0.8086559558849122,0.8015444831527053
18,diffusivity_m2_s,current_A,0.771091787018672,0.8040754210403047
19,diffusivity_m2_s,current_A,0.748119291678961,0.6796537157608028
20,diffusivity_m2_s,current_A,0.8118834066523224,0.8381718942302011
21,diffusivity_m2_s,current_A,0.7993871701163786,0.8306186001782924
22,diffusivity_m2_s,current_A,0.7616081973683198,0.7198875084766613
23,diffusivity_m2_s,current_A,0.801576563280211,0.787538121479924
24,diffusivity_m2_s,current_A,0.7677627934654027,0.8200911846200745
25,diffusivity_m2_s,current_A,0.7726290248220768,0.6984081883767939
26,diffusivity_m2_s,current_A,0.7845446042822452,0.6968640890254235
27,diffusivity_m2_s,current_A,0.7905860430973041,0.8088084418692246
28,diffusivity_m2_s,current_A,0.7862365122326279,0.809831731908555
29,diffusivity_m2_s,current_A,0.7738976968247778,0.8486232320573377
30,diffusivity_m2_s,current_A,0.8128324332103174,0.7589074381451911
31,diffusivity_m2_s,current_A,0.7414048380668727,0.8786575842658177
32,diffusivity_m2_s,current_A,0.753768844688339,0.7631713584911879
33,diffusivity_m2_s,current_A,0.7747840838025865,0.7118695465118274
34,diffusivity_m2_s,current_A,0.7810396025618926,0.8562864684958456
35,diffusivity_m2_s,current_A,0.7448473677966407,0.7774242585654273
36,diffusivity_m2_s,current_A,0.7668275547029719,0.7374878390622166
37,diffusivity_m2_s,current_A,0.7480919668939741,0.804581818048802
38,diffusivity_m2_s,current_A,0.7945717945065175,0.7318244406437848
39,diffusivity_m2_s,current_A,0.7792314818577715,0.7219052470636574
40,diffusivity_m2_s,current_A,0.7956003192425902,0.6931799363301484
41,diffusivity_m2_s,current_A,0.8216349897358868,0.8129347378842076
42,diffusivity_m2_s,current_A,0.7869885344314961,0.7537744899729161
43,diffusivity_m2_s,current_A,0.8060517681727272,0.8292304449861823
44,diffusivity_m2_s,current_A,0.7654779548710419,0.7573527145593266
45,diffusivity_m2_s,current_A,0.7777566265599419,0.6889056689748724
46,diffusivity_m2_s,current_A,0.7628825759517485,0.7654271659046489
47,diffusivity_m2_s,current_A,0.7815201797625679,0.7196574069708224
48,diffusivity_m2_s,current_A,0.7718273929180213,0.9078843505794203
49,diffusivity_m2_s,current_A,0.7492439059356806,0.803505669214103
50,diffusivity_m2_s,current_A,0.8197408938206582,0.7180185622952417
51,diffusivity_m2_s,current_A,0.814742819515879,0.9023409955724194
52,diffusivity_m2_s,current_A,0.793705347725059,0.7476358287741479
53,diffusivity_m2_s,current_A,0.787824456950597,0.8527480116224658
54,diffusivity_m2_s,current_A,0.7760845079862084,0.7651549974691587
55,diffusivity_m2_s,current_A,0.76179458811902,0.6876945234550281
56,diffusivity_m2_s,current_A,0.748160795812591,0.7492242139844307
57,diffusivity_m2_s,current_A,0.7800232284270582,0.8324170558947611
58,diffusivity_m2_s,current_A,0.8025285804200107,0.696694731921441
59,diffusivity_m2_s,current_A,0.7622906216321215,0.7167266026329547
60,diffusivity_m2_s,current_A,0.7919279596775428,0.7009953497847328
61,diffusivity_m2_s,current_A,0.7885886873627982,0.7367566730966708
62,diffusivity_m2_s,current_A,0.7892255349142904,0.8131673560535471
63,diffusivity_m2_s,current_A,0.7454345229326086,0.847872483838823
64,diffusivity_m2_s,current_A,0.7837888739795553,0.8494260939658917
65,diffusivity_m2_s,current_A,0.7743717604151457,0.7676197521853827
66,diffusivity_m2_s,current_A,0.778312096234956,0.7717438247474011
67,diffusivity_m2_s,current_A,0.7785317589824948,0.8193685402556837
68,diffusivity_m2_s,current_A,0.7442525012687261,0.8570675307651697
69,diffusivity_m2_s,current_A,0.7998236516039474,0.814470242424117
70,diffusivity_m2_s,current_A,0.7603194435345292,0.8216125328109672
71,diffusivity_m2_s,current_A,0.8189870373965837,0.7492312562187929
72,diffusivity_m2_s,current_A,0.8066234910210459,0.8056583860007588
73,diffusivity_m2_s,current_A,0.7761944581826936,0.8873077213110291
74,diffusivity_m2_s,current_A,0.7875785431551129,0.9056656600585262
75,diffusivity_m2_s,current_A,0.8092469360950933,0.8017250250592457
76,diffusivity_m2_s,current_A,0.7798762112380282,0.8401042478797839
77,diffusivity_m2_s,current_A,0.7771338730746068,0.7787173877064578
78,diffusivity_m2_s,current_A,0.7562854447889213,0.7160304594992849
79,diffusivity_m2_s,current_A,0.7798671209484426,0.8866358166473015
80,diffusivity_m2_s,current_A,0.7931468701844017,0.7575302979380047
81,diffusivity_m2_s,current_A,0.7915185013939341,0.8862931942811715
82,diffusivity_m2_s,current_A,0.7835257034685801,0.8138676424809016
83,diffusivity_m2_s,current_A,0.7883380064260103,0.7578096237444847
84,diffusivity_m2_s,current_A,0.7876051776407509,0.766850501392972
85,diffusivity_m2_s,current_A,0.7594059759771188,0.7181776372517364
86,diffusivity_m2_s,current_A,0.7930725691532853,0.8553392409980118
87,diffusivity_m2_s,current_A,0.8138197164447667,0.7822698535143827
88,diffusivity_m2_s,current_A,0.7781580906440296,0.7636738295591601
89,diffusivity_m2_s,current_A,0.7973136012933213,0.6987738627426069
90,diffusivity_m2_s,current_A,0.7952671673463879,0.7767805886272179
91,diffusivity_m2_s,current_A,0.7607109095428597,0.7638812765511197
92,diffusivity_m2_s,current_A,0.7801557795525792,0.8620622246439108
93,diffusivity_m2_s,current_A,0.7644324272315439,0.8888420120711009
94,diffusivity_m2_s,current_A,0.8139073367742977,0.797557085564822
95,diffusivity_m2_s,current_A,0.764416567144818,0.7776961536186379
96,diffusivity_m2_s,current_A,0.7297719053210207,0.8078599357169053
97,diffusivity_m2_s,current_A,0.7484346052044684,0.7811216327082597
98,diffusivity_m2_s,current_A,0.7420216627328838,0.8513208159816311
99,diffusivity_m2_s,current_A,0.7623705727653581,0.7620394312790338
100,diffusivity_m2_s,current_A,0.7319341507113186,0.703566384636549
101,diffusivity_m2_s,current_A,0.7737843886304049,0.7469933589803315
102,diffusivity_m2_s,current_A,0.7427503821907993,0.7701766871694261
103,diffusivity_m2_s,current_A,0.7614477644732626,0.7830283198322557
104,diffusivity_m2_s,current_A,0.7572387279369945,0.81411415602889
105,diffusivity_m2_s,current_A,0.7832840665781504,0.7078292146370632
106,diffusivity_m2_s,current_A,0.7817215324389489,0.7883721869426533
107,diffusivity_m2_s,current_A,0.7886667349873018,0.861116045927934
108,diffusivity_m2_s,current_A,0.7736194512376512,0.7740004006537402
109,diffusivity_m2_s,current_A,0.7718810448924525,0.7955896771817109
110,diffusivity_m2_s,current_A,0.804986411437584,0.8203251245689219
111,diffusivity_m2_s,current_A,0.7771543626420611,0.8181601130393392
112,diffusivity_m2_s,current_A,0.7041367081087264,0.7772145078946154
113,diffusivity_m2_s,current_A,0.8060078901728697,0.6997180881530228
114,diffusivity_m2_s,current_A,0.749632526685191,0.8139869676162862
115,diffusivity_m2_s,current_A,0.7722255365918336,0.7099849834596521
116,diffusivity_m2_s,current_A,0.8270072817194323,0.816076403056934
117,diffusivity_m2_s,current_A,0.7584838033262082,0.8745667507959662
118,diffusivity_m2_s,current_A,0.7743299843203546,0.7209567620016594
119,diffusivity_m2_s,current_A,0.8269350012243952,0.7005684907054412
120,diffusivity_m2_s,current_A,0.7979419297834125,0.7809408442614539
121,diffusivity_m2_s,current_A,0.772443461567527,0.7517566640315931
122,diffusivity_m2_s,current_A,0.7953922043767618,0.7328470584720268
123,diffusivity_m2_s,current_A,0.7798883212252804,0.7615911522424574
124,diffusivity_m2_s,current_A,0.7714804003146181,0.8888710877528662
125,diffusivity_m2_s,current_A,0.7668468629611044,0.8195746451786203
126,diffusivity_m2_s,current_A,0.7717373201308322,0.8186294937379279
127,diffusivity_m2_s,current_A,0.7854737135532519,0.7573024251569798
128,diffusivity_m2_s,current_A,0.7544014891685044,0.8792650425100532
129,diffusivity_m2_s,current_A,0.7380969612880449,0.8201603976199792
130,diffusivity_m2_s,current_A,0.7883609046483452,0.8229336426319185
131,diffusivity_m2_s,current_A,0.8207330533682731,0.7510517527531525
132,diffusivity_m2_s,current_A,0.8094919647803035,0.7571303713336912
133,diffusivity_m2_s,current_A,0.7558327125139725,0.7650511366948493
134,diffusivity_m2_s,current_A,0.76273830959004,0.8364651757899413
135,diffusivity_m2_s,current_A,0.7721070709216021,0.745668969774085
136,diffusivity_m2_s,current_A,0.8001743082450983,0.8245378762714193
137,diffusivity_m2_s,current_A,0.7532435365513693,0.7700274708392322
138,diffusivity_m2_s,current_A,0.7598797058409715,0.848310417840778
139,diffusivity_m2_s,current_A,0.7880269181331738,0.7420374640200125
140,diffusivity_m2_s,current_A,0.7724347874444327,0.7890117686658022
141,diffusivity_m2_s,current_A,0.7799859685858304,0.6928741527924748
142,diffusivity_m2_s,current_A,0.783520934806837,0.7893487821812242
143,diffusivity_m2_s,current_A,0.7722476608730053,0.7841245462224975
144,diffusivity_m2_s,current_A,0.7584718456521355,0.778895490536921
145,diffusivity_m2_s,current_A,0.8229576763601186,0.731361232043556
146,diffusivity_m2_s,current_A,0.7844983724392214,0.8080626611614988
147,diffusivity_m2_s,current_A,0.7594346592023662,0.7602652943322461
148,diffusivity_m2_s,current_A,0.7943904809971499,0.7884173482084139
149,diffusivity_m2_s,current_A,0.7628903664875983,0.7916758205418409
150,diffusivity_m2_s,current_A,0.7365658949509233,0.6750387294352098
151,diffusivity_m2_s,current_A,0.7945614868448763,0.7723534965502599
152,diffusivity_m2_s,current_A,0.7954568430928677,0.7479727252403238
153,diffusivity_m2_s,current_A,0.7734936485157979,0.7513532659028979
154,diffusivity_m2_s,current_A,0.7972993802314168,0.8203399095426487
155,diffusivity_m2_s,current_A,0.7849888124678045,0.7571948871126013
156,diffusivity_m2_s,current_A,0.7796352217302738,0.8200250096615194
157,diffusivity_m2_s,current_A,0.7436853717284968,0.7841110473661445
158,diffusivity_m2_s,current_A,0.7429991758450798,0.7885024551417896
159,diffusivity_m2_s,current_A,0.7683348437333257,0.7554151683095452
160,diffusivity_m2_s,current_A,0.776430781678787,0.8733824630718757
161,diffusivity_m2_s,current_A,0.7657787984645907,0.7120620543292534
162,diffusivity_m2_s,current_A,0.7875753660111798,0.7330829685233577
163,diffusivity_m2_s,current_A,0.7593579703570191,0.8226082543875448
164,diffusivity_m2_s,current_A,0.776306087521342,0.7569457405189821
165,diffusivity_m2_s,current_A,0.7848207407720685,0.8384584128512843
166,diffusivity_m2_s,current_A,0.7659882981561684,0.7664578606338215
167,diffusivity_m2_s,current_A,0.7490208888689441,0.8131551925032704
168,diffusivity_m2_s,current_A,0.7746126107989678,0.82899968667231
169,diffusivity_m2_s,current_A,0.7783371006742845,0.816513432461592
170,diffusivity_m2_s,current_A,0.7653647304973142,0.8624140467821704
171,diffusivity_m2_s,current_A,0.7992581870144957,0.6668843627720971
172,diffusivity_m2_s,current_A,0.7185522593984981,0.740251224991852
173,diffusivity_m2_s,current_A,0.7937137097345254,0.7158635339513844
174,diffusivity_m2_s,current_A,0.7761280574618501,0.6796425084102228
175,diffusivity_m2_s,current_A,0.7351968575554184,0.7701225753974312
176,diffusivity_m2_s,current_A,0.7972997145157108,0.7232565474552425
177,diffusivity_m2_s,current_A,0.775241108607752,0.8459933428193196
178,diffusivity_m2_s,current_A,0.7272967050918546,0.8286667046353379
179,diffusivity_m2_s,current_A,0.7999904569103362,0.673331482517473
180,diffusivity_m2_s,current_A,0.7841395279787436,0.7022212044461639
181,diffusivity_m2_s,current_A,0.7445814963816582,0.7477472008032527
182,diffusivity_m2_s,current_A,0.8056374644363407,0.6542538460472624
183,diffusivity_m2_s,current_A,0.7891182405650641,0.7659487766989752
184,diffusivity_m2_s,current_A,0.7638666718582572,0.7850038166652397
185,diffusivity_m2_s,current_A,0.7976557460345144,0.7576424138716187
186,diffusivity_m2_s,current_A,0.7663249241379169,0.8700795345830252
187,diffusivity_m2_s,current_A,0.7767956010552277,0.7605242448163749
188,diffusivity_m2_s,current_A,0.7517895630025779,0.8652573097819003
189,diffusivity_m2_s,current_A,0.7732914281598076,0.826640238177145
190,diffusivity_m2_s,current_A,0.7667434328963377,0.8532292973599973
191,diffusivity_m2_s,current_A,0.7955791004282236,0.6533197079972952
192,diffusivity_m2_s,current_A,0.788405234721628,0.7143482315096651
193,diffusivity_m2_s,current_A,0.7590323002650172,0.8287126527134769
194,diffusivity_m2_s,current_A,0.7192807825419474,0.8083591497860878
195,diffusivity_m2_s,current_A,0.8232107925384025,0.711875494276219
196,diffusivity_m2_s,current_A,0.753042297196368,0.8517103246516875
197,diffusivity_m2_s,current_A,0.7763762753867323,0.8606462647836902
198,diffusivity_m2_s,current_A,0.7859054074061967,0.6656938161989536
199,diffusivity_m2_s,current_A,0.770466637183334,0.7610106842689504
200,diffusivity_m2_s,current_A,0.7841925474635055,0.7627108413144802
201,diffusivity_m2_s,current_A,0.7610139942775724,0.7232144655572195
202,diffusivity_m2_s,current_A,0.7499241363311024,0.8574688901520113
203,diffusivity_m2_s,current_A,0.7806105913059176,0.7013856238792934
204,diffusivity_m2_s,current_A,0.8287812747247624,0.7978227519885219
205,diffusivity_m2_s,current_A,0.7368836539286425,0.8234036419675057
206,diffusivity_m2_s,current_A,0.7886709530851761,0.7080053078858347
207,diffusivity_m2_s,current_A,0.7889602849630339,0.7715861075092234
208,diffusivity_m2_s,current_A,0.765610223312976,0.7291428966127591
209,diffusivity_m2_s,current_A,0.7756405565889302,0.7426268863241215
210,diffusivity_m2_s,current_A,0.7478590275915566,0.7435474988332377
211,diffusivity_m2_s,current_A,0.7661931691156673,0.8991096826447014
212,diffusivity_m2_s,current_A,0.7828976956827545,0.931891321495936
213,diffusivity_m2_s,current_A,0.7957616257907638,0.7113875718322332
214,diffusivity_m2_s,current_A,0.7596529772370058,0.7680615173917742
215,diffusivity_m2_s,current_A,0.766847889236023,0.799881637695936
216,diffusivity_m2_s,current_A,0.8321684257575818,0.76308574421652
217,diffusivity_m2_s,current_A,0.7147986472451744,0.6716911529556178
218,diffusivity_m2_s,current_A,0.7988969082126369,0.8363485127104446
219,diffusivity_m2_s,current_A,0.7388111836779859,0.7913043651666232
220,diffusivity_m2_s,current_A,0.7716714680964292,0.7415334159559495
221,diffusivity_m2_s,current_A,0.7750805056873673,0.809297707739416
222,diffusivity_m2_s,current_A,0.7509041564652227,0.7577704629727976
223,diffusivity_m2_s,current_A,0.7471411673554016,0.7764453673376959
224,diffusivity_m2_s,current_A,0.7720902923928332,0.7653779536769417
225,diffusivity_m2_s,current_A,0.7630046207353839,0.7305220694406981
226,diffusivity_m2_s,current_A,0.7910639508920365,0.7940596263160441
227,diffusivity_m2_s,current_A,0.7780713945182832,0.6964371704369066
228,diffusivity_m2_s,current_A,0.7686976562494932,0.7660413788185609
229,diffusivity_m2_s,current_A,0.742891993454982,0.820401831638677
230,diffusivity_m2_s,current_A,0.8068319361658335,0.713443819072835
231,diffusivity_m2_s,current_A,0.7807802523119715,0.7902379134588874
232,diffusivity_m2_s,current_A,0.7624445779778657,0.7233918843860554
233,diffusivity_m2_s,current_A,0.7563417322914113,0.7517018606773005
234,diffusivity_m2_s,current_A,0.8254264669739952,0.7491365432541702
235,diffusivity_m2_s,current_A,0.7635580933051948,0.7000915180841156
236,diffusivity_m2_s,current_A,0.799770335399014,0.7623008641809251
237,diffusivity_m2_s,current_A,0.7764713305256143,0.7032715941798836
238,diffusivity_m2_s,current_A,0.7652396192625056,0.7828334843657478
239,diffusivity_m2_s,current_A,0.7664846826263946,0.7929263401495743
240,diffusivity_m2_s,current_A,0.7826241901894466,0.7471958099967311
241,diffusivity_m2_s,current_A,0.7887536818025462,0.8607782956697654
242,diffusivity_m2_s,current_A,0.8037313055277674,0.8326296217188085
243,diffusivity_m2_s,current_A,0.7939373169637628,0.7697137090930947
244,diffusivity_m2_s,current_A,0.7907219039950196,0.8184684247223349
245,diffusivity_m2_s,current_A,0.7702556862740768,0.8003933284007466
246,diffusivity_m2_s,current_A,0.783299066065456,0.7543932494743695
247,diffusivity_m2_s,current_A,0.7870725457983094,0.7334583909823325
248,diffusivity_m2_s,current_A,0.7712508098055444,0.7576695015867002
249,diffusivity_m2_s,current_A,0.7752049335651076,0.8213469300313534
250,diffusivity_m2_s,current_A,0.802118682988857,0.9246328948483724
251,diffusivity_m2_s,current_A,0.802378114602363,0.7357297354948715
252,diffusivity_m2_s,current_A,0.7608523070411765,0.7658951949452664
253,diffusivity_m2_s,current_A,0.7548501186238582,0.6914651742461848
254,diffusivity_m2_s,current_A,0.7694214253445805,0.78241625998774
255,diffusivity_m2_s,current_A,0.7610445230638141,0.6896240118387583
256,diffusivity_m2_s,current_A,0.8294568346606453,0.7013591064700896
257,diffusivity_m2_s,current_A,0.7729772964271762,0.7099334569297251
258,diffusivity_m2_s,current_A,0.7564246907752967,0.7176302176999001
259,diffusivity_m2_s,current_A,0.7852604380937949,0.7252697866834072
260,diffusivity_m2_s,current_A,0.8217908039614347,0.6106227306250072
261,diffusivity_m2_s,current_A,0.743382312347521,0.7659100976236869
262,diffusivity_m2_s,current_A,0.7555699049840465,0.7247752430182813
263,diffusivity_m2_s,current_A,0.7551047208055958,0.8120947677034533
264,diffusivity_m2_s,current_A,0.7939625956453008,0.8479185518383461
265,diffusivity_m2_s,current_A,0.768387494444608,0.8381914412717772
266,diffusivity_m2_s,current_A,0.7738625446828598,0.7572567101377187
267,diffusivity_m2_s,current_A,0.7711447805071343,0.8303012391528296
268,diffusivity_m2_s,current_A,0.7845370760099142,0.7910442752996145
269,diffusivity_m2_s,current_A,0.7955403599999591,0.788443565830505
270,diffusivity_m2_s,current_A,0.7758689712717374,0.7896703011631939
271,diffusivity_m2_s,current_A,0.7612034534427378,0.7460889846695644
272,diffusivity_m2_s,current_A,0.773051941723429,0.8223322723072356
273,diffusivity_m2_s,current_A,0.7787716742324067,0.706418739672524
274,diffusivity_m2_s,current_A,0.7143547895165303,0.7570298547912556
275,diffusivity_m2_s,current_A,0.8156729743622594,0.7765240645317947
276,diffusivity_m2_s,current_A,0.7713952322365548,0.8266259981857167
277,diffusivity_m2_s,current_A,0.7541593173231389,0.790053429587376
278,diffusivity_m2_s,current_A,0.7368956357895946,0.716534846455272
279,diffusivity_m2_s,current_A,0.753061462112315,0.9537086327329918
280,diffusivity_m2_s,current_A,0.7997091494676258,0.8025749400353006
281,diffusivity_m2_s,current_A,0.7468165075887792,0.8744219649189827
282,diffusivity_m2_s,current_A,0.7695207275950741,0.833773857924497
283,diffusivity_m2_s,current_A,0.7849959033152809,0.7141703346923791
284,diffusivity_m2_s,current_A,0.7905118325956746,0.8380724828103921
285,diffusivity_m2_s,current_A,0.754113832106845,0.7733998732474603
286,diffusivity_m2_s,current_A,0.7842699462462736,0.7690999969467942
287,diffusivity_m2_s,current_A,0.7705273839632143,0.8311542635427482
288,diffusivity_m2_s,current_A,0.7826055839666717,0.8309633787520123
289,diffusivity_m2_s,current_A,0.8091384696989453,0.7956454417832308
290,diffusivity_m2_s,current_A,0.8045732237679631,0.7988592878714562
291,diffusivity_m2_s,current_A,0.7267191383271422,0.7940162281434336
292,diffusivity_m2_s,current_A,0.80443163904375,0.8317741000520317
293,diffusivity_m2_s,current_A,0.7651419488381448,0.6709743381280673
294,diffusivity_m2_s,current_A,0.7262596671443435,0.8410679062031988
295,diffusivity_m2_s,current_A,0.7564049761266751,0.7670763938120634
296,diffusivity_m2_s,current_A,0.739883535117178,0.7001308652939348
297,diffusivity_m2_s,current_A,0.7813782240906668,0.7910710587191317
298,diffusivity_m2_s,current_A,0.818339366591142,0.6732592998873138
299,diffusivity_m2_s,current_A,0.7750229408106926,0.7178551790457453
300,diffusivity_m2_s,current_A,0.7635411580216237,0.6565746853621244
301,diffusivity_m2_s,current_A,0.8012572524029365,0.7507329760200506
302,diffusivity_m2_s,current_A,0.7567018812641036,0.7390826515637743
303,diffusivity_m2_s,current_A,0.7595103101987023,0.7271536595033885
304,diffusivity_m2_s,current_A,0.7939863321698989,0.8048446507274271
305,diffusivity_m2_s,current_A,0.78673011100819,0.7333443877629197
306,diffusivity_m2_s,current_A,0.7630434990025807,0.8545270913164652
307,diffusivity_m2_s,current_A,0.7556903678286147,0.7283274117396715
308,diffusivity_m2_s,current_A,0.7419028358426787,0.7708555094176562
309,diffusivity_m2_s,current_A,0.791524350983932,0.8261991310560252
310,diffusivity_m2_s,current_A,0.7748522558333081,0.6457499754013576
311,diffusivity_m2_s,current_A,0.7711636205441081,0.6833760174100354
312,diffusivity_m2_s,current_A,0.7678229347175736,0.798448960733456
313,diffusivity_m2_s,current_A,0.7516647139044299,0.8588070365439157
314,diffusivity_m2_s,current_A,0.7336913139834094,0.6928430032735028
315,diffusivity_m2_s,current_A,0.7870976698711774,0.7910543327311229
316,diffusivity_m2_s,current_A,0.741315141562249,0.8144725284683371
317,diffusivity_m2_s,current_A,0.7080062700000753,0.9064940649564801
318,diffusivity_m2_s,current_A,0.8170487075579111,0.7229410510034487
319,diffusivity_m2_s,current_A,0.814608955706717,0.8243187079792657
320,diffusivity_m2_s,current_A,0.7835449206982208,0.7104087695970407
321,diffusivity_m2_s,current_A,0.7434018735418034,0.8682343875895108
322,diffusivity_m2_s,current_A,0.7960811179911129,0.7740564327125472
323,diffusivity_m2_s,current_A,0.7477524073088953,0.6927752894259386
324,diffusivity_m2_s,current_A,0.7477887400612643,0.8064987737131891
325,diffusivity_m2_s,current_A,0.797300432250723,0.7663171143215347
326,diffusivity_m2_s,current_A,0.7971070024406274,0.7309327061868026
327,diffusivity_m2_s,current_A,0.794294654468163,0.8584229255136877
328,diffusivity_m2_s,current_A,0.7885444614709679,0.7583678936400258
329,diffusivity_m2_s,current_A,0.7611451973125511,0.7108422854549353
330,diffusivity_m2_s,current_A,0.739092690383478,0.8533907464785843
331,diffusivity_m2_s,current_A,0.754838901570803,0.8737577084399318
332,diffusivity_m2_s,current_A,0.8015253951738086,0.7289969493172277
333,diffusivity_m2_s,current_A,0.7653374095623517,0.7929847522803413
334,diffusivity_m2_s,current_A,0.807688001291907,0.8013962387575806
335,diffusivity_m2_s,current_A,0.8061211829500161,0.8222491726566831
336,diffusivity_m2_s,current_A,0.7706728759841394,0.7726881315294784
337,diffusivity_m2_s,current_A,0.8114600150031172,0.7734931772726136
338,diffusivity_m2_s,current_A,0.748102514497948,0.8042499302469239
339,diffusivity_m2_s,current_A,0.7468028308463696,0.8155695089091911
340,diffusivity_m2_s,current_A,0.8113470842295075,0.7809632995635271
341,diffusivity_m2_s,current_A,0.7714186470852692,0.7098744814118827
342,diffusivity_m2_s,current_A,0.7561045524376752,0.7649243121567407
343,diffusivity_m2_s,current_A,0.8008024297162442,0.6934174009122439
344,diffusivity_m2_s,current_A,0.7450666544582234,0.8684348250798275
345,diffusivity_m2_s,current_A,0.8196275458755997,0.8857067946358734
346,diffusivity_m2_s,current_A,0.7659632676996567,0.8134042402143242
347,diffusivity_m2_s,current_A,0.8015274630177489,0.7101950516228619
348,diffusivity_m2_s,current_A,0.7845700193600872,0.7312327364144192
349,diffusivity_m2_s,current_A,0.7569501024929244,0.8861228324549453
350,diffusivity_m2_s,current_A,0.7623103003928324,0.7519007239959614
351,diffusivity_m2_s,current_A,0.7625491104194297,0.8693304142187885
352,diffusivity_m2_s,current_A,0.782680197738512,0.8073011041920692
353,diffusivity_m2_s,current_A,0.7465340808784167,0.8502839171887094
354,diffusivity_m2_s,current_A,0.7014051318708293,0.9063905292186455
355,diffusivity_m2_s,current_A,0.7340469086168466,0.7519376243389271
356,diffusivity_m2_s,current_A,0.7435339501389322,0.8293114374796638
357,diffusivity_m2_s,current_A,0.7941826866794474,0.7981210028133813
358,diffusivity_m2_s,current_A,0.7926172719036586,0.8219084139865087
359,diffusivity_m2_s,current_A,0.7500021169270993,0.8246439335631104
360,diffusivity_m2_s,current_A,0.7905980837278139,0.7186462917942946
361,diffusivity_m2_s,current_A,0.7844901060103786,0.7398851639484054
362,diffusivity_m2_s,current_A,0.7895096861946697,0.7455440371072446
363,diffusivity_m2_s,current_A,0.799717442181896,0.657695628330214
364,diffusivity_m2_s,current_A,0.7276382707143421,0.6775395893840575
365,diffusivity_m2_s,current_A,0.7636091112405543,0.7155098060205355
366,diffusivity_m2_s,current_A,0.7709996833368581,0.7168213924758533
367,diffusivity_m2_s,current_A,0.8183385022910719,0.7513871915466158
368,diffusivity_m2_s,current_A,0.7860246370109603,0.7733687123685132
369,diffusivity_m2_s,current_A,0.7890415874579942,0.6683635686066195
370,diffusivity_m2_s,current_A,0.809485269193492,0.7938752255895275
371,diffusivity_m2_s,current_A,0.7666344888219463,0.7727103361574151
372,diffusivity_m2_s,current_A,0.7916130739194512,0.794155860995698
373,diffusivity_m2_s,current_A,0.7732727884059603,0.7128796696908841
374,diffusivity_m2_s,current_A,0.7920496143300372,0.7629468851420659
375,diffusivity_m2_s,current_A,0.7415686373527131,0.7929696744847633
376,diffusivity_m2_s,current_A,0.7633622378222119,0.7738410966069686
377,diffusivity_m2_s,current_A,0.7770544818970414,0.7984752328355226
378,diffusivity_m2_s,current_A,0.7570579201437525,0.7671429852555974
379,diffusivity_m2_s,current_A,0.8022766096860476,0.7158387359083845
380,diffusivity_m2_s,current_A,0.7967293184350509,0.7989330083570898
381,diffusivity_m2_s,current_A,0.7927981872012579,0.7644734928069931
382,diffusivity_m2_s,current_A,0.7420858964800717,0.8768819464804035
383,diffusivity_m2_s,current_A,0.7828264989826632,0.7283502202125675
384,diffusivity_m2_s,current_A,0.7631026792006927,0.8252385065292153
385,diffusivity_m2_s,current_A,0.7180818165437054,0.8001311451901256
386,diffusivity_m2_s,current_A,0.7893750453020996,0.7046350304194273
387,diffusivity_m2_s,current_A,0.7778733343888928,0.7332518054052846
388,diffusivity_m2_s,current_A,0.7871548167578146,0.6855879957959498
389,diffusivity_m2_s,current_A,0.7771971968842453,0.8556068777713833
390,diffusivity_m2_s,current_A,0.7810287342178895,0.7848116966602462
391,diffusivity_m2_s,current_A,0.7361146660142504,0.8380197373333103
392,diffusivity_m2_s,current_A,0.7949621979322485,0.773491873072865
393,diffusivity_m2_s,current_A,0.7604469290978244,0.6965375066434053
394,diffusivity_m2_s,current_A,0.7890157339302678,0.7402191157967051
395,diffusivity_m2_s,current_A,0.7952233669653157,0.8024839860137774
396,diffusivity_m2_s,current_A,0.7518330815169779,0.8223402731486908
397,diffusivity_m2_s,current_A,0.7987643065233931,0.7942182836191544
398,diffusivity_m2_s,current_A,0.800030463134578,0.687748434751539
399,diffusivity_m2_s,current_A,0.7211291208864429,0.8239145520952346
400,diffusivity_m2_s,current_A,0.7871042104123128,0.7784136863587752
401,diffusivity_m2_s,current_A,0.7974131258684128,0.679066123371425
402,diffusivity_m2_s,current_A,0.7642276689323695,0.7044251013267041
403,diffusivity_m2_s,current_A,0.7525386938431327,0.746976276322733
404,diffusivity_m2_s,current_A,0.7556009209541478,0.8687203113715187
405,diffusivity_m2_s,current_A,0.7827623620486228,0.7684936443067203
406,diffusivity_m2_s,current_A,0.7729602892109301,0.8350162953376408
407,diffusivity_m2_s,current_A,0.7838957186629862,0.7544551205212058
408,diffusivity_m2_s,current_A,0.7676315031130669,0.8225558955209492
409,diffusivity_m2_s,current_A,0.7964256667150428,0.7103283105080577
410,diffusivity_m2_s,current_A,0.7971424185418082,0.7585623851232443
411,diffusivity_m2_s,current_A,0.759040299044091,0.7913834439075115
412,diffusivity_m2_s,current_A,0.7711678163484551,0.7394626603544786
413,diffusivity_m2_s,current_A,0.7993033132553706,0.7517136912741469
414,diffusivity_m2_s,current_A,0.8061776911810667,0.8673893276155307
415,diffusivity_m2_s,current_A,0.7902894661189512,0.7259912236610301
416,diffusivity_m2_s,current_A,0.7956186196412389,0.7652864635491725
417,diffusivity_m2_s,current_A,0.7707329154726631,0.6609764297386171
418,diffusivity_m2_s,current_A,0.8093029574357264,0.6896101682318697
419,diffusivity_m2_s,current_A,0.7795334859642002,0.7104567417987738
420,diffusivity_m2_s,current_A,0.8212033795593081,0.7743902814512893
421,diffusivity_m2_s,current_A,0.753253230718178,0.8568614392712756
422,diffusivity_m2_s,current_A,0.7553157140202816,0.7137754554461475
423,diffusivity_m2_s,current_A,0.7628183317355354,0.769392336235901
424,diffusivity_m2_s,current_A,0.8215564496396857,0.7313582296983189
425,diffusivity_m2_s,current_A,0.792780793429169,0.7951863284759232
426,diffusivity_m2_s,current_A,0.740185811685376,0.691017666419204
427,diffusivity_m2_s,current_A,0.7665504661107444,0.7928265219892424
428,diffusivity_m2_s,current_A,0.7757925188045115,0.7517604520806628
429,diffusivity_m2_s,current_A,0.7738793278879172,0.7807518294136916
430,diffusivity_m2_s,current_A,0.8033053318314339,0.7233406367844474
431,diffusivity_m2_s,current_A,0.7574549634735148,0.7159306663301385
432,diffusivity_m2_s,current_A,0.7938815989143243,0.7071625164326841
433,diffusivity_m2_s,current_A,0.790781364565776,0.7594927754343851
434,diffusivity_m2_s,current_A,0.7492317867750757,0.7234165823246964
435,diffusivity_m2_s,current_A,0.7677696591494036,0.8139124177773532
436,diffusivity_m2_s,current_A,0.7896943318553726,0.6452360601601712
437,diffusivity_m2_s,current_A,0.791145719707518,0.8057790596176823
438,diffusivity_m2_s,current_A,0.7845879320804022,0.779834074299514
439,diffusivity_m2_s,current_A,0.7768694821263268,0.7755967439413411
440,diffusivity_m2_s,current_A,0.780173886337088,0.7479342804579772
441,diffusivity_m2_s,current_A,0.7913065324499035,0.769883453647209
442,diffusivity_m2_s,current_A,0.7998949112795083,0.7966520784651657
443,diffusivity_m2_s,current_A,0.78047334884363,0.7369631144012193
444,diffusivity_m2_s,current_A,0.79766153369953,0.8040092001682999
445,diffusivity_m2_s,current_A,0.7945021389959768,0.77043811322828
446,diffusivity_m2_s,current_A,0.7677830916940398,0.7338214214167319
447,diffusivity_m2_s,current_A,0.7841772622322268,0.7609057722678566
448,diffusivity_m2_s,current_A,0.7761272044687099,0.7407975969721144
449,diffusivity_m2_s,current_A,0.7926274917576921,0.8005134964670092
450,diffusivity_m2_s,current_A,0.7882610389332112,0.766173624426846
451,diffusivity_m2_s,current_A,0.8146609956058699,0.663302562741441
452,diffusivity_m2_s,current_A,0.7396375850436749,0.8013282683878761
453,diffusivity_m2_s,current_A,0.8035518341792235,0.80804788591963
454,diffusivity_m2_s,current_A,0.7680722812091141,0.7690719325863342
455,diffusivity_m2_s,current_A,0.7575386666366946,0.6620853776281054
456,diffusivity_m2_s,current_A,0.7894963582755788,0.7891432097001828
457,diffusivity_m2_s,current_A,0.7832392192793254,0.7587196191751984
458,diffusivity_m2_s,current_A,0.7555776417766509,0.8573512781823711
459,diffusivity_m2_s,current_A,0.7891722633646798,0.7824219977961315
460,diffusivity_m2_s,current_A,0.7818764797413297,0.7947829158488224
461,diffusivity_m2_s,current_A,0.812873976705425,0.7765105590657206
462,diffusivity_m2_s,current_A,0.8041775028074194,0.7044504633438011
463,diffusivity_m2_s,current_A,0.793160941169052,0.725519577167593
464,diffusivity_m2_s,current_A,0.772915370006156,0.7412381061406701
465,diffusivity_m2_s,current_A,0.7810793458052777,0.7682867052408529
466,diffusivity_m2_s,current_A,0.7965378668355525,0.80181986525013
467,diffusivity_m2_s,current_A,0.7649562951238461,0.747876343157848
468,diffusivity_m2_s,current_A,0.7766439624235676,0.8336228369657799
469,diffusivity_m2_s,current_A,0.7917513596479081,0.7636567703132512
470,diffusivity_m2_s,current_A,0.789339823002579,0.7928723211743511
471,diffusivity_m2_s,current_A,0.7632079399956153,0.7199627034196833
472,diffusivity_m2_s,current_A,0.7632731038089786,0.6888006664655247
473,diffusivity_m2_s,current_A,0.7643566143453429,0.7648244562653524
474,diffusivity_m2_s,current_A,0.7568820539574351,0.8328572970845897
475,diffusivity_m2_s,current_A,0.7864563675644456,0.7087270373949436
476,diffusivity_m2_s,current_A,0.7893743274121239,0.7819986373260233
477,diffusivity_m2_s,current_A,0.8013004449136465,0.7622538931265213
478,diffusivity_m2_s,current_A,0.7762149324665627,0.6872497081509341
479,diffusivity_m2_s,current_A,0.7652968685410418,0.8212154412455805
480,diffusivity_m2_s,current_A,0.8051967423518573,0.7495832684413406
481,diffusivity_m2_s,current_A,0.7626975590227225,0.811911628672494
482,diffusivity_m2_s,current_A,0.7801833243172481,0.7723270258795836
483,diffusivity_m2_s,current_A,0.7818494207805904,0.7250330987368999
484,diffusivity_m2_s,current_A,0.7486752297433928,0.7547426330935001
485,diffusivity_m2_s,current_A,0.7777872256670694,0.7638161797428861
486,diffusivity_m2_s,current_A,0.7828238422739019,0.784551830477119
487,diffusivity_m2_s,current_A,0.7834270751015345,0.8240794138201475
488,diffusivity_m2_s,current_A,0.775468777528659,0.7941612003600371
489,diffusivity_m2_s,current_A,0.7281785494898154,0.7486457392941601
490,diffusivity_m2_s,current_A,0.815279895327202,0.7760680537087428
491,diffusivity_m2_s,current_A,0.7510047174135958,0.8414133982472811
492,diffusivity_m2_s,current_A,0.7618273686623758,0.7880694794467811
493,diffusivity_m2_s,current_A,0.8037279498526838,0.7218478983956848
494,diffusivity_m2_s,current_A,0.7672823020850638,0.8346664261697283
495,diffusivity_m2_s,current_A,0.7725295635447981,0.7977198007672699
496,diffusivity_m2_s,current_A,0.7600104809898836,0.8201357277443856
497,diffusivity_m2_s,current_A,0.7486763991441019,0.7779347630084165
498,diffusivity_m2_s,current_A,0.7726143391987333,0.8414515199689598
499,diffusivity_m2_s,current_A,0.788465531220679,0.7575183795878183
0,diffusivity_m2_s,STY_assumed_product_kg_m3_day,0.4410749866721436,0.4747805692351293
1,diffusivity_m2_s,STY_assumed_product_kg_m3_day,0.46736887791667914,0.48115759871203373
2,diffusivity_m2_s,STY_assumed_product_kg_m3_day,0.42860765360996034,0.47138223942387925
3,diffusivity_m2_s,STY_assumed_product_kg_m3_day,0.4826215719995035,0.38623068057837623
4,diffusivity_m2_s,STY_assumed_product_kg_m3_day,0.463455303601772,0.4772262295829244
5,diffusivity_m2_s,STY_assumed_product_kg_m3_day,0.4747707419930318,0.49382236884081854
6,diffusivity_m2_s,STY_assumed_product_kg_m3_day,0.5204123331152295,0.41528371543824466
7,diffusivity_m2_s,STY_assumed_product_kg_m3_day,0.38898510990690427,0.49275252932531227
8,diffusivity_m2_s,STY_assumed_product_kg_m3_day,0.5130995727869321,0.4029083794365669
9,diffusivity_m2_s,STY_assumed_product_kg_m3_day,0.49033542514517137,0.4991966538691707
10,diffusivity_m2_s,STY_assumed_product_kg_m3_day,0.40133529840919724,0.4876667144817396
11,diffusivity_m2_s,STY_assumed_product_kg_m3_day,0.5110100282374122,0.449214275482521
12,diffusivity_m2_s,STY_assumed_product_kg_m3_day,0.41767469652903744,0.48339009902445657
13,diffusivity_m2_s,STY_assumed_product_kg_m3_day,0.4911899329890743,0.4633738855775444
14,diffusivity_m2_s,STY_assumed_product_kg_m3_day,0.43956676178920984,0.5120234398408711
15,diffusivity_m2_s,STY_assumed_product_kg_m3_day,0.43514295075697873,0.4058483623580185
16,diffusivity_m2_s,STY_assumed_product_kg_m3_day,0.5395275117610971,0.4654664176539301
17,diffusivity_m2_s,STY_assumed_product_kg_m3_day,0.4531564953841464,0.5091575968419894
18,diffusivity_m2_s,STY_assumed_product_kg_m3_day,0.46036076537524817,0.4746018638600398
19,diffusivity_m2_s,STY_assumed_product_kg_m3_day,0.41045657469786345,0.40164955783463785
20,diffusivity_m2_s,STY_assumed_product_kg_m3_day,0.49575701528887506,0.5247883562565129
21,diffusivity_m2_s,STY_assumed_product_kg_m3_day,0.45207292858894077,0.5133178356884723
22,diffusivity_m2_s,STY_assumed_product_kg_m3_day,0.43321242538636173,0.4127694968401505
23,diffusivity_m2_s,STY_assumed_product_kg_m3_day,0.5073887325801034,0.45867828638244
24,diffusivity_m2_s,STY_assumed_product_kg_m3_day,0.42923413640141705,0.48865571957485743
25,diffusivity_m2_s,STY_assumed_product_kg_m3_day,0.4476195086432254,0.41383163722821276
26,diffusivity_m2_s,STY_assumed_product_kg_m3_day,0.52700658825216,0.4042655965904069
27,diffusivity_m2_s,STY_assumed_product_kg_m3_day,0.5110223196951913,0.48035213777763974
28,diffusivity_m2_s,STY_assumed_product_kg_m3_day,0.4830058178487219,0.4771332296179464
29,diffusivity_m2_s,STY_assumed_product_kg_m3_day,0.40731482025523547,0.5679901719288938
30,diffusivity_m2_s,STY_assumed_product_kg_m3_day,0.5395884322113254,0.4582139996920942
31,diffusivity_m2_s,STY_assumed_product_kg_m3_day,0.4555342403336814,0.5072992996230409
32,diffusivity_m2_s,STY_assumed_product_kg_m3_day,0.3925399728315305,0.45808863568204256
33,diffusivity_m2_s,STY_assumed_product_kg_m3_day,0.4368148866893974,0.4552393461985182
34,diffusivity_m2_s,STY_assumed_product_kg_m3_day,0.4535004649821204,0.5263256333265139
35,diffusivity_m2_s,STY_assumed_product_kg_m3_day,0.40505396267273697,0.4621729791361039
36,diffusivity_m2_s,STY_assumed_product_kg_m3_day,0.44872825870091926,0.46496786073825397
37,diffusivity_m2_s,STY_assumed_product_kg_m3_day,0.4429013355963002,0.4699781847299899
38,diffusivity_m2_s,STY_assumed_product_kg_m3_day,0.4983071722387219,0.42429245194813076
39,diffusivity_m2_s,STY_assumed_product_kg_m3_day,0.4718221100231218,0.43390141828940065
40,diffusivity_m2_s,STY_assumed_product_kg_m3_day,0.47556220238723645,0.39997724551517505
41,diffusivity_m2_s,STY_assumed_product_kg_m3_day,0.5451404874426475,0.46542989410091007
42,diffusivity_m2_s,STY_assumed_product_kg_m3_day,0.5163139960049783,0.45960350753511
43,diffusivity_m2_s,STY_assumed_product_kg_m3_day,0.5275535231403469,0.4951552767935324
44,diffusivity_m2_s,STY_assumed_product_kg_m3_day,0.4361832775701563,0.4338218027967824
45,diffusivity_m2_s,STY_assumed_product_kg_m3_day,0.44652768533344267,0.43618942054073606
46,diffusivity_m2_s,STY_assumed_product_kg_m3_day,0.45377468510468955,0.4668495001987457
47,diffusivity_m2_s,STY_assumed_product_kg_m3_day,0.46452243395240544,0.43646703076299503
48,diffusivity_m2_s,STY_assumed_product_kg_m3_day,0.4063284569108293,0.5642908172884342
49,diffusivity_m2_s,STY_assumed_product_kg_m3_day,0.4511498547509629,0.49833790109684645
50,diffusivity_m2_s,STY_assumed_product_kg_m3_day,0.5605388484079207,0.4305285187862704
51,diffusivity_m2_s,STY_assumed_product_kg_m3_day,0.49560225986003104,0.5859735652117845
52,diffusivity_m2_s,STY_assumed_product_kg_m3_day,0.5013897188047919,0.46107816736922397
53,diffusivity_m2_s,STY_assumed_product_kg_m3_day,0.4974317165123924,0.5106959359851935
54,diffusivity_m2_s,STY_assumed_product_kg_m3_day,0.4585205536140935,0.4415791091043702
55,diffusivity_m2_s,STY_assumed_product_kg_m3_day,0.44613981160487504,0.3890241399070721
56,diffusivity_m2_s,STY_assumed_product_kg_m3_day,0.4214664767680443,0.43708814806076196
57,diffusivity_m2_s,STY_assumed_product_kg_m3_day,0.45619229679623696,0.5187124191255751
58,diffusivity_m2_s,STY_assumed_product_kg_m3_day,0.5385963143649173,0.41754387167703166
59,diffusivity_m2_s,STY_assumed_product_kg_m3_day,0.49541486309784455,0.4072998154873395
60,diffusivity_m2_s,STY_assumed_product_kg_m3_day,0.5209769952924903,0.4342411287726591
61,diffusivity_m2_s,STY_assumed_product_kg_m3_day,0.5132378838249818,0.46315946682240794
62,diffusivity_m2_s,STY_assumed_product_kg_m3_day,0.4680856605083309,0.5011765443060696
63,diffusivity_m2_s,STY_assumed_product_kg_m3_day,0.3551399500660637,0.5113380903055166
64,diffusivity_m2_s,STY_assumed_product_kg_m3_day,0.4480928682401558,0.49067484062187755
65,diffusivity_m2_s,STY_assumed_product_kg_m3_day,0.43599289723328194,0.4565234279010535
66,diffusivity_m2_s,STY_assumed_product_kg_m3_day,0.4783943865146244,0.45901697619648263
67,diffusivity_m2_s,STY_assumed_product_kg_m3_day,0.4100181049516708,0.5017861165690876
68,diffusivity_m2_s,STY_assumed_product_kg_m3_day,0.36343484299884243,0.5148474575057148
69,diffusivity_m2_s,STY_assumed_product_kg_m3_day,0.5049223602556452,0.485211714820988
70,diffusivity_m2_s,STY_assumed_product_kg_m3_day,0.39033828774382073,0.5283344407228948
71,diffusivity_m2_s,STY_assumed_product_kg_m3_day,0.503701669229409,0.4754500524896344
72,diffusivity_m2_s,STY_assumed_product_kg_m3_day,0.5025221679341801,0.5103699726923602
73,diffusivity_m2_s,STY_assumed_product_kg_m3_day,0.4150136609748253,0.556382331151503
74,diffusivity_m2_s,STY_assumed_product_kg_m3_day,0.45180246007382774,0.5434336251361879
75,diffusivity_m2_s,STY_assumed_product_kg_m3_day,0.5011769759878781,0.489354711284872
76,diffusivity_m2_s,STY_assumed_product_kg_m3_day,0.48547151561946256,0.4937429000531724
77,diffusivity_m2_s,STY_assumed_product_kg_m3_day,0.48135031341110845,0.4542263113245367
78,diffusivity_m2_s,STY_assumed_product_kg_m3_day,0.4352110186966205,0.41398436144638584
79,diffusivity_m2_s,STY_assumed_product_kg_m3_day,0.44462355410358945,0.5210458449587216
80,diffusivity_m2_s,STY_assumed_product_kg_m3_day,0.5069533517285724,0.4505169080543737
81,diffusivity_m2_s,STY_assumed_product_kg_m3_day,0.4295832087467678,0.5677396737289485
82,diffusivity_m2_s,STY_assumed_product_kg_m3_day,0.44160300623584126,0.47814047328362236
83,diffusivity_m2_s,STY_assumed_product_kg_m3_day,0.4341028857078504,0.46303930585166103
84,diffusivity_m2_s,STY_assumed_product_kg_m3_day,0.5137399785072552,0.43248436132699536
85,diffusivity_m2_s,STY_assumed_product_kg_m3_day,0.3757518216197029,0.4863089087378009
86,diffusivity_m2_s,STY_assumed_product_kg_m3_day,0.5082768168482918,0.5210194374056324
87,diffusivity_m2_s,STY_assumed_product_kg_m3_day,0.5013575692168255,0.4721847724564855
88,diffusivity_m2_s,STY_assumed_product_kg_m3_day,0.45799711005779287,0.4634092905243623
89,diffusivity_m2_s,STY_assumed_product_kg_m3_day,0.45773738322530666,0.4299559337354538
90,diffusivity_m2_s,STY_assumed_product_kg_m3_day,0.5106257800713594,0.4422998513781182
91,diffusivity_m2_s,STY_assumed_product_kg_m3_day,0.44901994698650516,0.4397530353925583
92,diffusivity_m2_s,STY_assumed_product_kg_m3_day,0.39220470467245105,0.5287433091199845
93,diffusivity_m2_s,STY_assumed_product_kg_m3_day,0.44342606974346743,0.521844487982045
94,diffusivity_m2_s,STY_assumed_product_kg_m3_day,0.5158404561894762,0.49531992378270556
95,diffusivity_m2_s,STY_assumed_product_kg_m3_day,0.45889771475047914,0.4613308861355046
96,diffusivity_m2_s,STY_assumed_product_kg_m3_day,0.40889931629836396,0.464751298416562
97,diffusivity_m2_s,STY_assumed_product_kg_m3_day,0.4050759828812035,0.4571627845850254
98,diffusivity_m2_s,STY_assumed_product_kg_m3_day,0.4321000398112913,0.5012640733070773
99,diffusivity_m2_s,STY_assumed_product_kg_m3_day,0.45578878674130374,0.4421465828613577
100,diffusivity_m2_s,STY_assumed_product_kg_m3_day,0.3544998031388529,0.4083321094221245
101,diffusivity_m2_s,STY_assumed_product_kg_m3_day,0.47754985326117305,0.4390474314868697
102,diffusivity_m2_s,STY_assumed_product_kg_m3_day,0.381366958150008,0.4743088700745551
103,diffusivity_m2_s,STY_assumed_product_kg_m3_day,0.422591950838194,0.4736002154281789
104,diffusivity_m2_s,STY_assumed_product_kg_m3_day,0.43134039039904193,0.4926039423391062
105,diffusivity_m2_s,STY_assumed_product_kg_m3_day,0.5033078629300188,0.4209999339277462
106,diffusivity_m2_s,STY_assumed_product_kg_m3_day,0.4840565768700327,0.4623130162637411
107,diffusivity_m2_s,STY_assumed_product_kg_m3_day,0.42961905139095524,0.5483352170784865
108,diffusivity_m2_s,STY_assumed_product_kg_m3_day,0.4426297631828041,0.4925018665657168
109,diffusivity_m2_s,STY_assumed_product_kg_m3_day,0.4381677254403421,0.4504325542263156
110,diffusivity_m2_s,STY_assumed_product_kg_m3_day,0.5010801739393449,0.4918932994294917
111,diffusivity_m2_s,STY_assumed_product_kg_m3_day,0.430241642656888,0.46346879099304505
112,diffusivity_m2_s,STY_assumed_product_kg_m3_day,0.3681733217523909,0.4545854829898419
113,diffusivity_m2_s,STY_assumed_product_kg_m3_day,0.4752256733982928,0.4202880640586054
114,diffusivity_m2_s,STY_assumed_product_kg_m3_day,0.38944193612052647,0.48927226250922373
115,diffusivity_m2_s,STY_assumed_product_kg_m3_day,0.48539109043624185,0.4037783074305997
116,diffusivity_m2_s,STY_assumed_product_kg_m3_day,0.5493496838004435,0.48974685274583035
117,diffusivity_m2_s,STY_assumed_product_kg_m3_day,0.3458372396459385,0.515564586580603
118,diffusivity_m2_s,STY_assumed_product_kg_m3_day,0.44786903265346056,0.4338779969916609
119,diffusivity_m2_s,STY_assumed_product_kg_m3_day,0.5458101141389009,0.4427746131820525
120,diffusivity_m2_s,STY_assumed_product_kg_m3_day,0.5016623636443236,0.48409762940738815
121,diffusivity_m2_s,STY_assumed_product_kg_m3_day,0.4721390978207457,0.4493195943901819
122,diffusivity_m2_s,STY_assumed_product_kg_m3_day,0.5394779486551913,0.4102520335162431
123,diffusivity_m2_s,STY_assumed_product_kg_m3_day,0.47444168375292783,0.44733038818202536
124,diffusivity_m2_s,STY_assumed_product_kg_m3_day,0.48401360188209996,0.5252467675591502
125,diffusivity_m2_s,STY_assumed_product_kg_m3_day,0.4757211987864213,0.49520728863510083
126,diffusivity_m2_s,STY_assumed_product_kg_m3_day,0.4977088616452938,0.46780205858119134
127,diffusivity_m2_s,STY_assumed_product_kg_m3_day,0.5200184678648242,0.4492542745840484
128,diffusivity_m2_s,STY_assumed_product_kg_m3_day,0.3907044929720803,0.5303376269127051
129,diffusivity_m2_s,STY_assumed_product_kg_m3_day,0.39481813010611033,0.49595008427815424
130,diffusivity_m2_s,STY_assumed_product_kg_m3_day,0.4799140648908804,0.520308642316098
131,diffusivity_m2_s,STY_assumed_product_kg_m3_day,0.5358896308280771,0.44171479954229775
132,diffusivity_m2_s,STY_assumed_product_kg_m3_day,0.5774006933409609,0.45438191739269335
133,diffusivity_m2_s,STY_assumed_product_kg_m3_day,0.44829806863820454,0.42770371915095107
134,diffusivity_m2_s,STY_assumed_product_kg_m3_day,0.44210189738583205,0.4888775165571477
135,diffusivity_m2_s,STY_assumed_product_kg_m3_day,0.42546679376044005,0.4673244227900461
136,diffusivity_m2_s,STY_assumed_product_kg_m3_day,0.47394609799355436,0.5159280817962967
137,diffusivity_m2_s,STY_assumed_product_kg_m3_day,0.4193891893260301,0.4725072831543336
138,diffusivity_m2_s,STY_assumed_product_kg_m3_day,0.4266083506791053,0.5202110161931817
139,diffusivity_m2_s,STY_assumed_product_kg_m3_day,0.4406311659231489,0.44831650170418397
140,diffusivity_m2_s,STY_assumed_product_kg_m3_day,0.43885076005336565,0.46387334076430053
141,diffusivity_m2_s,STY_assumed_product_kg_m3_day,0.4829388383238976,0.4152010736447594
142,diffusivity_m2_s,STY_assumed_product_kg_m3_day,0.4666722761549703,0.4718197525790316
143,diffusivity_m2_s,STY_assumed_product_kg_m3_day,0.46767421005332444,0.4693333755779915
144,diffusivity_m2_s,STY_assumed_product_kg_m3_day,0.4145877281822634,0.4697192723912415
145,diffusivity_m2_s,STY_assumed_product_kg_m3_day,0.5512331428922516,0.4381385426516725
146,diffusivity_m2_s,STY_assumed_product_kg_m3_day,0.46881753801595194,0.4531164271406346
147,diffusivity_m2_s,STY_assumed_product_kg_m3_day,0.40046434225819083,0.47327611224875243
148,diffusivity_m2_s,STY_assumed_product_kg_m3_day,0.484487982958711,0.46845347365503776
149,diffusivity_m2_s,STY_assumed_product_kg_m3_day,0.41423030803454985,0.4575537608647518
150,diffusivity_m2_s,STY_assumed_product_kg_m3_day,0.44789575102064105,0.3731727131658418
151,diffusivity_m2_s,STY_assumed_product_kg_m3_day,0.44890646242139354,0.48483750850635937
152,diffusivity_m2_s,STY_assumed_product_kg_m3_day,0.5136786864113629,0.4519380345416785
153,diffusivity_m2_s,STY_assumed_product_kg_m3_day,0.46234457577398325,0.4498946286364607
154,diffusivity_m2_s,STY_assumed_product_kg_m3_day,0.5256811839900946,0.468979112435592
155,diffusivity_m2_s,STY_assumed_product_kg_m3_day,0.4272280155539647,0.4767768055888044
156,diffusivity_m2_s,STY_assumed_product_kg_m3_day,0.4570906850751124,0.5070815108613349
157,diffusivity_m2_s,STY_assumed_product_kg_m3_day,0.4190107335990443,0.44984767172752094
158,diffusivity_m2_s,STY_assumed_product_kg_m3_day,0.4057358291483327,0.45452469604984125
159,diffusivity_m2_s,STY_assumed_product_kg_m3_day,0.45095295151190107,0.4601681092343168
160,diffusivity_m2_s,STY_assumed_product_kg_m3_day,0.42096081670043317,0.5537575466121377
161,diffusivity_m2_s,STY_assumed_product_kg_m3_day,0.47181361533295674,0.4268095011973103
162,diffusivity_m2_s,STY_assumed_product_kg_m3_day,0.5010278489925004,0.45857742248748395
163,diffusivity_m2_s,STY_assumed_product_kg_m3_day,0.45872503112725904,0.5186374364710858
164,diffusivity_m2_s,STY_assumed_product_kg_m3_day,0.4598478473480445,0.4650058999244396
165,diffusivity_m2_s,STY_assumed_product_kg_m3_day,0.45053919300204526,0.5150189535970772
166,diffusivity_m2_s,STY_assumed_product_kg_m3_day,0.4613420250108712,0.46998966513949975
167,diffusivity_m2_s,STY_assumed_product_kg_m3_day,0.40758586322902757,0.4959164276512492
168,diffusivity_m2_s,STY_assumed_product_kg_m3_day,0.41717272673550065,0.5215928703283824
169,diffusivity_m2_s,STY_assumed_product_kg_m3_day,0.4991248840731243,0.5224621371066296
170,diffusivity_m2_s,STY_assumed_product_kg_m3_day,0.40088224598863353,0.5078875297743894
171,diffusivity_m2_s,STY_assumed_product_kg_m3_day,0.5098773132230878,0.3984207616650723
172,diffusivity_m2_s,STY_assumed_product_kg_m3_day,0.3563278744905093,0.43272137956977796
173,diffusivity_m2_s,STY_assumed_product_kg_m3_day,0.47320275464163086,0.4180744060298332
174,diffusivity_m2_s,STY_assumed_product_kg_m3_day,0.5353928804066481,0.4111564507024904
175,diffusivity_m2_s,STY_assumed_product_kg_m3_day,0.38251103618577165,0.45992465849759473
176,diffusivity_m2_s,STY_assumed_product_kg_m3_day,0.4958665933437746,0.4230102320612825
177,diffusivity_m2_s,STY_assumed_product_kg_m3_day,0.4575186985882048,0.521253157187188
178,diffusivity_m2_s,STY_assumed_product_kg_m3_day,0.3537072027414465,0.475536869904021
179,diffusivity_m2_s,STY_assumed_product_kg_m3_day,0.48807759172800624,0.3928926663220853
180,diffusivity_m2_s,STY_assumed_product_kg_m3_day,0.49134754979740514,0.41787908235245297
181,diffusivity_m2_s,STY_assumed_product_kg_m3_day,0.4257402635812296,0.43946451401063946
182,diffusivity_m2_s,STY_assumed_product_kg_m3_day,0.5462842604232867,0.3661384714838284
183,diffusivity_m2_s,STY_assumed_product_kg_m3_day,0.4776340273058506,0.47211999450287523
184,diffusivity_m2_s,STY_assumed_product_kg_m3_day,0.42162315824832164,0.4455802068208221
185,diffusivity_m2_s,STY_assumed_product_kg_m3_day,0.5103341859073356,0.44375380863815606
186,diffusivity_m2_s,STY_assumed_product_kg_m3_day,0.3989256551488283,0.5259360612870748
187,diffusivity_m2_s,STY_assumed_product_kg_m3_day,0.45127241396383244,0.44177707582880055
188,diffusivity_m2_s,STY_assumed_product_kg_m3_day,0.4293566767108403,0.5149279691002105
189,diffusivity_m2_s,STY_assumed_product_kg_m3_day,0.39321559428161523,0.5161403966309096
190,diffusivity_m2_s,STY_assumed_product_kg_m3_day,0.4313583646479394,0.5184828239717121
191,diffusivity_m2_s,STY_assumed_product_kg_m3_day,0.4878447393790809,0.4058459958970578
192,diffusivity_m2_s,STY_assumed_product_kg_m3_day,0.441985911623617,0.41069045249051334
193,diffusivity_m2_s,STY_assumed_product_kg_m3_day,0.39358974873274677,0.4973477535534861
194,diffusivity_m2_s,STY_assumed_product_kg_m3_day,0.3863340487764433,0.4645361624662363
195,diffusivity_m2_s,STY_assumed_product_kg_m3_day,0.5205482989905217,0.4488976964521938
196,diffusivity_m2_s,STY_assumed_product_kg_m3_day,0.4096353745549548,0.48381781103340216
197,diffusivity_m2_s,STY_assumed_product_kg_m3_day,0.4737371334490321,0.529368878822028
198,diffusivity_m2_s,STY_assumed_product_kg_m3_day,0.4849813314726097,0.4080458810152704
199,diffusivity_m2_s,STY_assumed_product_kg_m3_day,0.46756340800372853,0.47536787379171086
200,diffusivity_m2_s,STY_assumed_product_kg_m3_day,0.4770271254116195,0.46453680690142846
201,diffusivity_m2_s,STY_assumed_product_kg_m3_day,0.4175312689128101,0.41985105875291723
202,diffusivity_m2_s,STY_assumed_product_kg_m3_day,0.3600623329830347,0.5424905309284463
203,diffusivity_m2_s,STY_assumed_product_kg_m3_day,0.5092806595874788,0.4029444850221636
204,diffusivity_m2_s,STY_assumed_product_kg_m3_day,0.509396019364279,0.4849968975148594
205,diffusivity_m2_s,STY_assumed_product_kg_m3_day,0.3892434344147401,0.5246744571613611
206,diffusivity_m2_s,STY_assumed_product_kg_m3_day,0.4892979640029972,0.4130655483898622
207,diffusivity_m2_s,STY_assumed_product_kg_m3_day,0.4690085773407341,0.45534116687636206
208,diffusivity_m2_s,STY_assumed_product_kg_m3_day,0.4714234273768769,0.43455110488465615
209,diffusivity_m2_s,STY_assumed_product_kg_m3_day,0.4764020964284704,0.4259133679835105
210,diffusivity_m2_s,STY_assumed_product_kg_m3_day,0.41749349366835276,0.4335751058265719
211,diffusivity_m2_s,STY_assumed_product_kg_m3_day,0.4330915176995711,0.5273357458186505
212,diffusivity_m2_s,STY_assumed_product_kg_m3_day,0.4685047357113078,0.5683981829666761
213,diffusivity_m2_s,STY_assumed_product_kg_m3_day,0.503318307600154,0.4205971901776077
214,diffusivity_m2_s,STY_assumed_product_kg_m3_day,0.42071065944653685,0.4632040168258475
215,diffusivity_m2_s,STY_assumed_product_kg_m3_day,0.46665337261519424,0.5005699978252091
216,diffusivity_m2_s,STY_assumed_product_kg_m3_day,0.5620997665724683,0.4798604331797503
217,diffusivity_m2_s,STY_assumed_product_kg_m3_day,0.3715689989723271,0.41693145192858383
218,diffusivity_m2_s,STY_assumed_product_kg_m3_day,0.4366330789818308,0.4832699360840361
219,diffusivity_m2_s,STY_assumed_product_kg_m3_day,0.4121063051548106,0.4851951080172544
220,diffusivity_m2_s,STY_assumed_product_kg_m3_day,0.4184592390494397,0.4659842996320133
221,diffusivity_m2_s,STY_assumed_product_kg_m3_day,0.44580827231471376,0.4668781819143758
222,diffusivity_m2_s,STY_assumed_product_kg_m3_day,0.4606752594386224,0.44138361935094605
223,diffusivity_m2_s,STY_assumed_product_kg_m3_day,0.43054747231488366,0.4359549833521267
224,diffusivity_m2_s,STY_assumed_product_kg_m3_day,0.49037430732199905,0.4497800915789769
225,diffusivity_m2_s,STY_assumed_product_kg_m3_day,0.44317863741819064,0.4412625844633561
226,diffusivity_m2_s,STY_assumed_product_kg_m3_day,0.4578848317510936,0.4838043845533297
227,diffusivity_m2_s,STY_assumed_product_kg_m3_day,0.4863584474801407,0.38695305008000347
228,diffusivity_m2_s,STY_assumed_product_kg_m3_day,0.44968261814416055,0.4698909411481193
229,diffusivity_m2_s,STY_assumed_product_kg_m3_day,0.42554396954530127,0.5067619179766455
230,diffusivity_m2_s,STY_assumed_product_kg_m3_day,0.5181659608465599,0.42058198576465533
231,diffusivity_m2_s,STY_assumed_product_kg_m3_day,0.43441083665975755,0.5228521055122213
232,diffusivity_m2_s,STY_assumed_product_kg_m3_day,0.44145966437299244,0.4375267939785639
233,diffusivity_m2_s,STY_assumed_product_kg_m3_day,0.4466872571809042,0.42356201399733057
234,diffusivity_m2_s,STY_assumed_product_kg_m3_day,0.5148027742152835,0.4667779945807225
235,diffusivity_m2_s,STY_assumed_product_kg_m3_day,0.4397357115911764,0.40541142418782544
236,diffusivity_m2_s,STY_assumed_product_kg_m3_day,0.5373378618167827,0.47533743848602744
237,diffusivity_m2_s,STY_assumed_product_kg_m3_day,0.4568744436674905,0.4401527136074394
238,diffusivity_m2_s,STY_assumed_product_kg_m3_day,0.4547632652503416,0.48340648428142685
239,diffusivity_m2_s,STY_assumed_product_kg_m3_day,0.43792214340534885,0.46752308838167816
240,diffusivity_m2_s,STY_assumed_product_kg_m3_day,0.4388436853181509,0.4783095845194363
241,diffusivity_m2_s,STY_assumed_product_kg_m3_day,0.4804420069638442,0.5071037736917041
242,diffusivity_m2_s,STY_assumed_product_kg_m3_day,0.5075956224338676,0.5150208826936339
243,diffusivity_m2_s,STY_assumed_product_kg_m3_day,0.5254667740900084,0.4832529430264915
244,diffusivity_m2_s,STY_assumed_product_kg_m3_day,0.4829556211754401,0.5083444910055618
245,diffusivity_m2_s,STY_assumed_product_kg_m3_day,0.4398308302958376,0.482896234170865
246,diffusivity_m2_s,STY_assumed_product_kg_m3_day,0.48156517110217134,0.46789901616554125
247,diffusivity_m2_s,STY_assumed_product_kg_m3_day,0.4927035462650835,0.4279117632668659
248,diffusivity_m2_s,STY_assumed_product_kg_m3_day,0.4339431225691327,0.43981047994764
249,diffusivity_m2_s,STY_assumed_product_kg_m3_day,0.45463064009021836,0.5049357785564114
250,diffusivity_m2_s,STY_assumed_product_kg_m3_day,0.49260486160950434,0.5402676394042379
251,diffusivity_m2_s,STY_assumed_product_kg_m3_day,0.5009594917543276,0.42592168013240145
252,diffusivity_m2_s,STY_assumed_product_kg_m3_day,0.4535428528754354,0.455560883560789
253,diffusivity_m2_s,STY_assumed_product_kg_m3_day,0.4418600375281716,0.39988461359783356
254,diffusivity_m2_s,STY_assumed_product_kg_m3_day,0.41930586119697677,0.46982461774331025
255,diffusivity_m2_s,STY_assumed_product_kg_m3_day,0.39748274899614056,0.41426897901834664
256,diffusivity_m2_s,STY_assumed_product_kg_m3_day,0.553251870099983,0.40912310987572936
257,diffusivity_m2_s,STY_assumed_product_kg_m3_day,0.4503242178366108,0.4528436273295624
258,diffusivity_m2_s,STY_assumed_product_kg_m3_day,0.41459089502532054,0.433747452547225
259,diffusivity_m2_s,STY_assumed_product_kg_m3_day,0.49767548021206054,0.44513591036427436
260,diffusivity_m2_s,STY_assumed_product_kg_m3_day,0.5588293563194745,0.37276954241014276
261,diffusivity_m2_s,STY_assumed_product_kg_m3_day,0.4231962213312431,0.4542691373044687
262,diffusivity_m2_s,STY_assumed_product_kg_m3_day,0.41221112312264896,0.43926474355471345
263,diffusivity_m2_s,STY_assumed_product_kg_m3_day,0.44572052811534535,0.5115514213985958
264,diffusivity_m2_s,STY_assumed_product_kg_m3_day,0.5096473699551787,0.47384087723608115
265,diffusivity_m2_s,STY_assumed_product_kg_m3_day,0.4234710789335119,0.512439917276124
266,diffusivity_m2_s,STY_assumed_product_kg_m3_day,0.4328798497384331,0.47017035772934607
267,diffusivity_m2_s,STY_assumed_product_kg_m3_day,0.44124384388822924,0.500013048237974
268,diffusivity_m2_s,STY_assumed_product_kg_m3_day,0.47776245013593954,0.4836316648510557
269,diffusivity_m2_s,STY_assumed_product_kg_m3_day,0.5149090210128191,0.47134461787402177
270,diffusivity_m2_s,STY_assumed_product_kg_m3_day,0.4630493206142472,0.4746289793328702
271,diffusivity_m2_s,STY_assumed_product_kg_m3_day,0.44092384301535337,0.4565589173857658
272,diffusivity_m2_s,STY_assumed_product_kg_m3_day,0.4443021803242877,0.5116297889530624
273,diffusivity_m2_s,STY_assumed_product_kg_m3_day,0.46257427123196704,0.42555433476645277
274,diffusivity_m2_s,STY_assumed_product_kg_m3_day,0.31421195061119334,0.4801339019988673
275,diffusivity_m2_s,STY_assumed_product_kg_m3_day,0.5320975013318674,0.4809629219857366
276,diffusivity_m2_s,STY_assumed_product_kg_m3_day,0.41781326257604634,0.49465215296366594
277,diffusivity_m2_s,STY_assumed_product_kg_m3_day,0.4311910449125691,0.48477503615446166
278,diffusivity_m2_s,STY_assumed_product_kg_m3_day,0.41230732178409146,0.4361081373849013
279,diffusivity_m2_s,STY_assumed_product_kg_m3_day,0.44369274106111234,0.5752189236972463
280,diffusivity_m2_s,STY_assumed_product_kg_m3_day,0.4355114261476737,0.5078239444734179
281,diffusivity_m2_s,STY_assumed_product_kg_m3_day,0.4276815014387708,0.5333963714134874
282,diffusivity_m2_s,STY_assumed_product_kg_m3_day,0.4928151581061252,0.521010323293229
283,diffusivity_m2_s,STY_assumed_product_kg_m3_day,0.4447316099005718,0.4539349687216409
284,diffusivity_m2_s,STY_assumed_product_kg_m3_day,0.46717549191647656,0.4838394107205435
285,diffusivity_m2_s,STY_assumed_product_kg_m3_day,0.3770530699569109,0.4752083918511925
286,diffusivity_m2_s,STY_assumed_product_kg_m3_day,0.521748475830309,0.4545985600535329
287,diffusivity_m2_s,STY_assumed_product_kg_m3_day,0.45223573010458273,0.49199026742577484
288,diffusivity_m2_s,STY_assumed_product_kg_m3_day,0.4518836569623299,0.5109448971734222
289,diffusivity_m2_s,STY_assumed_product_kg_m3_day,0.5390314604387154,0.47326653294085813
290,diffusivity_m2_s,STY_assumed_product_kg_m3_day,0.5132986782572727,0.4837655696435314
291,diffusivity_m2_s,STY_assumed_product_kg_m3_day,0.40388473006399606,0.47451981375880964
292,diffusivity_m2_s,STY_assumed_product_kg_m3_day,0.46562760564861305,0.5274165099884133
293,diffusivity_m2_s,STY_assumed_product_kg_m3_day,0.45222400398474494,0.39508535875703693
294,diffusivity_m2_s,STY_assumed_product_kg_m3_day,0.3863489768039704,0.4941934643325333
295,diffusivity_m2_s,STY_assumed_product_kg_m3_day,0.42700825166146117,0.45020268482981934
296,diffusivity_m2_s,STY_assumed_product_kg_m3_day,0.41828755372306603,0.41390629526317985
297,diffusivity_m2_s,STY_assumed_product_kg_m3_day,0.43603482093645285,0.47106932586822625
298,diffusivity_m2_s,STY_assumed_product_kg_m3_day,0.5237770642042797,0.38716939364711705
299,diffusivity_m2_s,STY_assumed_product_kg_m3_day,0.49164442807579856,0.4317573426302964
300,diffusivity_m2_s,STY_assumed_product_kg_m3_day,0.4297256808619986,0.3802934355443094
301,diffusivity_m2_s,STY_assumed_product_kg_m3_day,0.5226233453661959,0.455866000819983
302,diffusivity_m2_s,STY_assumed_product_kg_m3_day,0.4629095861506157,0.41345819333227224
303,diffusivity_m2_s,STY_assumed_product_kg_m3_day,0.4161892054307015,0.4333735307339492
304,diffusivity_m2_s,STY_assumed_product_kg_m3_day,0.4620889752620917,0.49952407585746755
305,diffusivity_m2_s,STY_assumed_product_kg_m3_day,0.4497316763160766,0.44968366493965267
306,diffusivity_m2_s,STY_assumed_product_kg_m3_day,0.4439885452610919,0.5148565414894704
307,diffusivity_m2_s,STY_assumed_product_kg_m3_day,0.4857381521733197,0.44083010410854917
308,diffusivity_m2_s,STY_assumed_product_kg_m3_day,0.3732488787805599,0.47051281108399634
309,diffusivity_m2_s,STY_assumed_product_kg_m3_day,0.5352972979598567,0.49561686176865977
310,diffusivity_m2_s,STY_assumed_product_kg_m3_day,0.45637471986193456,0.3764415797952584
311,diffusivity_m2_s,STY_assumed_product_kg_m3_day,0.43473143239120415,0.3842559330194807
312,diffusivity_m2_s,STY_assumed_product_kg_m3_day,0.45815294035203913,0.47622840437064423
313,diffusivity_m2_s,STY_assumed_product_kg_m3_day,0.40089720694946207,0.5153958055537764
314,diffusivity_m2_s,STY_assumed_product_kg_m3_day,0.41553327605980706,0.42239490314268985
315,diffusivity_m2_s,STY_assumed_product_kg_m3_day,0.4900493788830621,0.4827969464997667
316,diffusivity_m2_s,STY_assumed_product_kg_m3_day,0.3969646902062832,0.48152096243520676
317,diffusivity_m2_s,STY_assumed_product_kg_m3_day,0.32605405404931964,0.5624415106477552
318,diffusivity_m2_s,STY_assumed_product_kg_m3_day,0.5433180066324831,0.4310582703112481
319,diffusivity_m2_s,STY_assumed_product_kg_m3_day,0.5242541865695568,0.49661705913522525
320,diffusivity_m2_s,STY_assumed_product_kg_m3_day,0.4314515846030278,0.4438523144583123
321,diffusivity_m2_s,STY_assumed_product_kg_m3_day,0.38416226367843387,0.5323864706056315
322,diffusivity_m2_s,STY_assumed_product_kg_m3_day,0.4969822447509177,0.4487438574888408
323,diffusivity_m2_s,STY_assumed_product_kg_m3_day,0.42579119503507135,0.40168587871994327
324,diffusivity_m2_s,STY_assumed_product_kg_m3_day,0.38553916608346395,0.4739779854451029
325,diffusivity_m2_s,STY_assumed_product_kg_m3_day,0.5312080890493011,0.42853201762621485
326,diffusivity_m2_s,STY_assumed_product_kg_m3_day,0.4917853050620451,0.43886692460174254
327,diffusivity_m2_s,STY_assumed_product_kg_m3_day,0.47247712879085935,0.5069119140422622
328,diffusivity_m2_s,STY_assumed_product_kg_m3_day,0.4984366840609421,0.46078642756301535
329,diffusivity_m2_s,STY_assumed_product_kg_m3_day,0.46126915571070726,0.41154672805906956
330,diffusivity_m2_s,STY_assumed_product_kg_m3_day,0.3807590623998447,0.5019954263285983
331,diffusivity_m2_s,STY_assumed_product_kg_m3_day,0.42972545468937884,0.512784433069017
332,diffusivity_m2_s,STY_assumed_product_kg_m3_day,0.5130370002738724,0.4418725696010005
333,diffusivity_m2_s,STY_assumed_product_kg_m3_day,0.46898803961663127,0.45520118927806763
334,diffusivity_m2_s,STY_assumed_product_kg_m3_day,0.5315393911652329,0.47986521011161476
335,diffusivity_m2_s,STY_assumed_product_kg_m3_day,0.5101235873139081,0.4954897354127583
336,diffusivity_m2_s,STY_assumed_product_kg_m3_day,0.4822740085485103,0.4652382865377103
337,diffusivity_m2_s,STY_assumed_product_kg_m3_day,0.5459195357755371,0.4480853536851989
338,diffusivity_m2_s,STY_assumed_product_kg_m3_day,0.431117867553122,0.46019679022996274
339,diffusivity_m2_s,STY_assumed_product_kg_m3_day,0.4109421775727454,0.4952716464494557
340,diffusivity_m2_s,STY_assumed_product_kg_m3_day,0.5037080655107287,0.48693690502985254
341,diffusivity_m2_s,STY_assumed_product_kg_m3_day,0.4458937894302035,0.4254606038203678
342,diffusivity_m2_s,STY_assumed_product_kg_m3_day,0.4073894483937912,0.47085579864668975
343,diffusivity_m2_s,STY_assumed_product_kg_m3_day,0.5095290874051255,0.419863585210429
344,diffusivity_m2_s,STY_assumed_product_kg_m3_day,0.38643093930824035,0.5075395737637461
345,diffusivity_m2_s,STY_assumed_product_kg_m3_day,0.5223651966331708,0.5832459477413471
346,diffusivity_m2_s,STY_assumed_product_kg_m3_day,0.4335077091226701,0.5132273180813944
347,diffusivity_m2_s,STY_assumed_product_kg_m3_day,0.5272727920776106,0.42556756645319715
348,diffusivity_m2_s,STY_assumed_product_kg_m3_day,0.46732614780917425,0.46227141116257436
349,diffusivity_m2_s,STY_assumed_product_kg_m3_day,0.43574180481447666,0.553031027686464
350,diffusivity_m2_s,STY_assumed_product_kg_m3_day,0.4336975387914844,0.43153451955520716
351,diffusivity_m2_s,STY_assumed_product_kg_m3_day,0.42636309221232493,0.5062556058938124
352,diffusivity_m2_s,STY_assumed_product_kg_m3_day,0.45574371452038975,0.520834927062694
353,diffusivity_m2_s,STY_assumed_product_kg_m3_day,0.4104389049680076,0.4697352149155511
354,diffusivity_m2_s,STY_assumed_product_kg_m3_day,0.3350333151873517,0.5091315090987707
355,diffusivity_m2_s,STY_assumed_product_kg_m3_day,0.3679578310982041,0.4457089992476751
356,diffusivity_m2_s,STY_assumed_product_kg_m3_day,0.40508615124656466,0.49761503739031215
357,diffusivity_m2_s,STY_assumed_product_kg_m3_day,0.46594172083779417,0.5004574349635259
358,diffusivity_m2_s,STY_assumed_product_kg_m3_day,0.48510014875826546,0.505987460022706
359,diffusivity_m2_s,STY_assumed_product_kg_m3_day,0.4211587740533742,0.5105262645996388
360,diffusivity_m2_s,STY_assumed_product_kg_m3_day,0.44479421838248256,0.4103724768203628
361,diffusivity_m2_s,STY_assumed_product_kg_m3_day,0.49191020949936426,0.4175575729162843
362,diffusivity_m2_s,STY_assumed_product_kg_m3_day,0.4558680531593422,0.4334325493235878
363,diffusivity_m2_s,STY_assumed_product_kg_m3_day,0.50509090900649,0.4158759397275195
364,diffusivity_m2_s,STY_assumed_product_kg_m3_day,0.37525483973454776,0.3966443457495029
365,diffusivity_m2_s,STY_assumed_product_kg_m3_day,0.44574828238048836,0.3993445904804282
366,diffusivity_m2_s,STY_assumed_product_kg_m3_day,0.42623844478730133,0.43528814319364323
367,diffusivity_m2_s,STY_assumed_product_kg_m3_day,0.48580174741715076,0.43479448174184604
368,diffusivity_m2_s,STY_assumed_product_kg_m3_day,0.4971394879945459,0.44871568917563814
369,diffusivity_m2_s,STY_assumed_product_kg_m3_day,0.49075201567484095,0.40168241190366855
370,diffusivity_m2_s,STY_assumed_product_kg_m3_day,0.48424374198202513,0.5061638549747642
371,diffusivity_m2_s,STY_assumed_product_kg_m3_day,0.4871537189083427,0.43184506654121907
372,diffusivity_m2_s,STY_assumed_product_kg_m3_day,0.47545755310557336,0.48775035941469497
373,diffusivity_m2_s,STY_assumed_product_kg_m3_day,0.4481843702981587,0.4350092761733541
374,diffusivity_m2_s,STY_assumed_product_kg_m3_day,0.45376011337280897,0.4497769912750247
375,diffusivity_m2_s,STY_assumed_product_kg_m3_day,0.37646788392984665,0.4933394967762477
376,diffusivity_m2_s,STY_assumed_product_kg_m3_day,0.46031800558367053,0.4757521187781066
377,diffusivity_m2_s,STY_assumed_product_kg_m3_day,0.4860682896431441,0.45590387184055003
378,diffusivity_m2_s,STY_assumed_product_kg_m3_day,0.4854764691284277,0.4358606172178048
379,diffusivity_m2_s,STY_assumed_product_kg_m3_day,0.5086116360115204,0.41500848913343574
380,diffusivity_m2_s,STY_assumed_product_kg_m3_day,0.5011985306997362,0.48801260461159957
381,diffusivity_m2_s,STY_assumed_product_kg_m3_day,0.5409650962588256,0.47027226232873637
382,diffusivity_m2_s,STY_assumed_product_kg_m3_day,0.42082538046694684,0.518607541545272
383,diffusivity_m2_s,STY_assumed_product_kg_m3_day,0.42844478866150604,0.473447824536706
384,diffusivity_m2_s,STY_assumed_product_kg_m3_day,0.41393521409766054,0.5227821897848738
385,diffusivity_m2_s,STY_assumed_product_kg_m3_day,0.32714616224606696,0.46604239513802037
386,diffusivity_m2_s,STY_assumed_product_kg_m3_day,0.48564998619581157,0.41424259487268383
387,diffusivity_m2_s,STY_assumed_product_kg_m3_day,0.43311050842417653,0.4563828771146228
388,diffusivity_m2_s,STY_assumed_product_kg_m3_day,0.46174584460915824,0.44085143224107864
389,diffusivity_m2_s,STY_assumed_product_kg_m3_day,0.4621773065670216,0.5015106270492671
390,diffusivity_m2_s,STY_assumed_product_kg_m3_day,0.44639384413856775,0.49838971255969267
391,diffusivity_m2_s,STY_assumed_product_kg_m3_day,0.3452869767446596,0.5025035227758226
392,diffusivity_m2_s,STY_assumed_product_kg_m3_day,0.4522458951219831,0.47407482865937656
393,diffusivity_m2_s,STY_assumed_product_kg_m3_day,0.45440828279519196,0.41753970220518277
394,diffusivity_m2_s,STY_assumed_product_kg_m3_day,0.44992143519596794,0.4597725208086457
395,diffusivity_m2_s,STY_assumed_product_kg_m3_day,0.5077925327866537,0.47328187306855796
396,diffusivity_m2_s,STY_assumed_product_kg_m3_day,0.36195520448973917,0.5166887386461656
397,diffusivity_m2_s,STY_assumed_product_kg_m3_day,0.5147364285583689,0.4597791688518366
398,diffusivity_m2_s,STY_assumed_product_kg_m3_day,0.49093834169832706,0.4492026588859978
399,diffusivity_m2_s,STY_assumed_product_kg_m3_day,0.35465784935442746,0.5254861155540658
400,diffusivity_m2_s,STY_assumed_product_kg_m3_day,0.5044545959199576,0.4520006791303816
401,diffusivity_m2_s,STY_assumed_product_kg_m3_day,0.4635691133267398,0.41729703813232716
402,diffusivity_m2_s,STY_assumed_product_kg_m3_day,0.36852662438133255,0.4476477199857483
403,diffusivity_m2_s,STY_assumed_product_kg_m3_day,0.4303429392655006,0.4672196493472943
404,diffusivity_m2_s,STY_assumed_product_kg_m3_day,0.41463091537502217,0.4920974754661095
405,diffusivity_m2_s,STY_assumed_product_kg_m3_day,0.4108832985139047,0.4867892892522967
406,diffusivity_m2_s,STY_assumed_product_kg_m3_day,0.4774803520695159,0.5080970328943639
407,diffusivity_m2_s,STY_assumed_product_kg_m3_day,0.45884056224702485,0.4583855998196318
408,diffusivity_m2_s,STY_assumed_product_kg_m3_day,0.42621498975034633,0.49182427611518753
409,diffusivity_m2_s,STY_assumed_product_kg_m3_day,0.5027811003918822,0.422171858412455
410,diffusivity_m2_s,STY_assumed_product_kg_m3_day,0.4870707044282707,0.4466880182079491
411,diffusivity_m2_s,STY_assumed_product_kg_m3_day,0.45933249546327337,0.46348480552625937
412,diffusivity_m2_s,STY_assumed_product_kg_m3_day,0.44065240354163715,0.4479974760918356
413,diffusivity_m2_s,STY_assumed_product_kg_m3_day,0.5050139609552085,0.4424928949461504
414,diffusivity_m2_s,STY_assumed_product_kg_m3_day,0.457421307597522,0.5607283457377665
415,diffusivity_m2_s,STY_assumed_product_kg_m3_day,0.49909640363880925,0.43262473794408646
416,diffusivity_m2_s,STY_assumed_product_kg_m3_day,0.5231807860238378,0.43580715139176507
417,diffusivity_m2_s,STY_assumed_product_kg_m3_day,0.4787746047709701,0.372339843678536
418,diffusivity_m2_s,STY_assumed_product_kg_m3_day,0.49369324797588765,0.3769249312370023
419,diffusivity_m2_s,STY_assumed_product_kg_m3_day,0.4818955355731045,0.42711627499781096
420,diffusivity_m2_s,STY_assumed_product_kg_m3_day,0.5758466344909466,0.44455630681617275
421,diffusivity_m2_s,STY_assumed_product_kg_m3_day,0.40329461565423586,0.49416201177905766
422,diffusivity_m2_s,STY_assumed_product_kg_m3_day,0.48036368454427525,0.42032493598025455
423,diffusivity_m2_s,STY_assumed_product_kg_m3_day,0.4114382118693056,0.4512064144420227
424,diffusivity_m2_s,STY_assumed_product_kg_m3_day,0.5462357273035987,0.44557394117670246
425,diffusivity_m2_s,STY_assumed_product_kg_m3_day,0.5292177561860267,0.47382356263919573
426,diffusivity_m2_s,STY_assumed_product_kg_m3_day,0.414333624554841,0.40097399700537145
427,diffusivity_m2_s,STY_assumed_product_kg_m3_day,0.4858104818326898,0.45430666689345456
428,diffusivity_m2_s,STY_assumed_product_kg_m3_day,0.464137487944301,0.4662814049522579
429,diffusivity_m2_s,STY_assumed_product_kg_m3_day,0.47184961445536655,0.48182077411535645
430,diffusivity_m2_s,STY_assumed_product_kg_m3_day,0.5384224436958351,0.4192271251199782
431,diffusivity_m2_s,STY_assumed_product_kg_m3_day,0.4582973798844332,0.4139532089696103
432,diffusivity_m2_s,STY_assumed_product_kg_m3_day,0.5004277989445309,0.42788725535608535
433,diffusivity_m2_s,STY_assumed_product_kg_m3_day,0.44806542202587796,0.4775605931906528
434,diffusivity_m2_s,STY_assumed_product_kg_m3_day,0.46443167044951505,0.4306333717698138
435,diffusivity_m2_s,STY_assumed_product_kg_m3_day,0.4445449146911433,0.524062607955848
436,diffusivity_m2_s,STY_assumed_product_kg_m3_day,0.48948299568266984,0.3794862011077763
437,diffusivity_m2_s,STY_assumed_product_kg_m3_day,0.4957996155400266,0.4790496797738036
438,diffusivity_m2_s,STY_assumed_product_kg_m3_day,0.43564816837062614,0.46532408208325476
439,diffusivity_m2_s,STY_assumed_product_kg_m3_day,0.4259103812283287,0.4185823067025516
440,diffusivity_m2_s,STY_assumed_product_kg_m3_day,0.4561313302361104,0.44314897055328495
441,diffusivity_m2_s,STY_assumed_product_kg_m3_day,0.4959937672701167,0.47414586136934356
442,diffusivity_m2_s,STY_assumed_product_kg_m3_day,0.5241084153046123,0.44685980899047684
443,diffusivity_m2_s,STY_assumed_product_kg_m3_day,0.5176275495508718,0.4396695800676049
444,diffusivity_m2_s,STY_assumed_product_kg_m3_day,0.4970004008681521,0.49703424062641927
445,diffusivity_m2_s,STY_assumed_product_kg_m3_day,0.47977799123168974,0.47102556461352163
446,diffusivity_m2_s,STY_assumed_product_kg_m3_day,0.484191968133346,0.4387011980665611
447,diffusivity_m2_s,STY_assumed_product_kg_m3_day,0.5164252014427134,0.4513188311346568
448,diffusivity_m2_s,STY_assumed_product_kg_m3_day,0.483572415914425,0.4075594318301916
449,diffusivity_m2_s,STY_assumed_product_kg_m3_day,0.5233555054619774,0.4790771331401668
450,diffusivity_m2_s,STY_assumed_product_kg_m3_day,0.5026081019415316,0.4455140423030706
451,diffusivity_m2_s,STY_assumed_product_kg_m3_day,0.5219676084003972,0.39566807880661176
452,diffusivity_m2_s,STY_assumed_product_kg_m3_day,0.40407131745743563,0.4825588351434292
453,diffusivity_m2_s,STY_assumed_product_kg_m3_day,0.5077564560298456,0.4817805759985809
454,diffusivity_m2_s,STY_assumed_product_kg_m3_day,0.46053358614729323,0.47014240003021424
455,diffusivity_m2_s,STY_assumed_product_kg_m3_day,0.43127799956842017,0.38728900416237744
456,diffusivity_m2_s,STY_assumed_product_kg_m3_day,0.46946826956672805,0.47771465468897756
457,diffusivity_m2_s,STY_assumed_product_kg_m3_day,0.5024363554276148,0.43293929151621247
458,diffusivity_m2_s,STY_assumed_product_kg_m3_day,0.39900673238358075,0.5235113036437327
459,diffusivity_m2_s,STY_assumed_product_kg_m3_day,0.5147765048270927,0.4602141809328173
460,diffusivity_m2_s,STY_assumed_product_kg_m3_day,0.46472445868021717,0.4650644647752907
461,diffusivity_m2_s,STY_assumed_product_kg_m3_day,0.5718238373265653,0.46751457845188965
462,diffusivity_m2_s,STY_assumed_product_kg_m3_day,0.5654117487835117,0.39112907122785673
463,diffusivity_m2_s,STY_assumed_product_kg_m3_day,0.5136592319988649,0.43554878712610634
464,diffusivity_m2_s,STY_assumed_product_kg_m3_day,0.4226441222563786,0.447417833629574
465,diffusivity_m2_s,STY_assumed_product_kg_m3_day,0.47746127400941274,0.4613813492084342
466,diffusivity_m2_s,STY_assumed_product_kg_m3_day,0.5120114037142109,0.468069912212109
467,diffusivity_m2_s,STY_assumed_product_kg_m3_day,0.4621823334554941,0.4329851551367017
468,diffusivity_m2_s,STY_assumed_product_kg_m3_day,0.5022231185804165,0.5136510829596739
469,diffusivity_m2_s,STY_assumed_product_kg_m3_day,0.5197795661583879,0.45335884531897186
470,diffusivity_m2_s,STY_assumed_product_kg_m3_day,0.5038666972785764,0.4830930080712407
471,diffusivity_m2_s,STY_assumed_product_kg_m3_day,0.43762968624259524,0.4037519614567745
472,diffusivity_m2_s,STY_assumed_product_kg_m3_day,0.45387156318164323,0.4244954516971727
473,diffusivity_m2_s,STY_assumed_product_kg_m3_day,0.4853630657332928,0.4412749155162763
474,diffusivity_m2_s,STY_assumed_product_kg_m3_day,0.41361213960006427,0.5398261993781335
475,diffusivity_m2_s,STY_assumed_product_kg_m3_day,0.45494577712686113,0.43251572893162543
476,diffusivity_m2_s,STY_assumed_product_kg_m3_day,0.4774304340142608,0.4498302993447349
477,diffusivity_m2_s,STY_assumed_product_kg_m3_day,0.4785231928235085,0.47379926339901
478,diffusivity_m2_s,STY_assumed_product_kg_m3_day,0.46863829524141065,0.4031107216255913
479,diffusivity_m2_s,STY_assumed_product_kg_m3_day,0.41808775173112644,0.5128734401087418
480,diffusivity_m2_s,STY_assumed_product_kg_m3_day,0.5191071680212849,0.45924800642840785
481,diffusivity_m2_s,STY_assumed_product_kg_m3_day,0.4408571875491686,0.5076327340143039
482,diffusivity_m2_s,STY_assumed_product_kg_m3_day,0.4274261667874205,0.4991880932916301
483,diffusivity_m2_s,STY_assumed_product_kg_m3_day,0.4786979983935019,0.42829282338074326
484,diffusivity_m2_s,STY_assumed_product_kg_m3_day,0.39391228023496627,0.4486077328327661
485,diffusivity_m2_s,STY_assumed_product_kg_m3_day,0.4730839832765821,0.4641885589701251
486,diffusivity_m2_s,STY_assumed_product_kg_m3_day,0.4316545494249284,0.5025906214425515
487,diffusivity_m2_s,STY_assumed_product_kg_m3_day,0.4652039104705634,0.5231937869479908
488,diffusivity_m2_s,STY_assumed_product_kg_m3_day,0.4416113015108817,0.4856480570800512
489,diffusivity_m2_s,STY_assumed_product_kg_m3_day,0.36942667712045285,0.4625094037625015
490,diffusivity_m2_s,STY_assumed_product_kg_m3_day,0.5454465055163498,0.46136188058094696
491,diffusivity_m2_s,STY_assumed_product_kg_m3_day,0.36060089542981755,0.4965464855994666
492,diffusivity_m2_s,STY_assumed_product_kg_m3_day,0.4412239836619005,0.46199559166706156
493,diffusivity_m2_s,STY_assumed_product_kg_m3_day,0.5391006379215233,0.42278075774044915
494,diffusivity_m2_s,STY_assumed_product_kg_m3_day,0.4837838774020874,0.4784079061700428
495,diffusivity_m2_s,STY_assumed_product_kg_m3_day,0.4116637336746687,0.5215689382553287
496,diffusivity_m2_s,STY_assumed_product_kg_m3_day,0.4132704955693143,0.5004882804306666
497,diffusivity_m2_s,STY_assumed_product_kg_m3_day,0.3987436155449686,0.46812091718268856
498,diffusivity_m2_s,STY_assumed_product_kg_m3_day,0.4676478120391857,0.5012147286428628
499,diffusivity_m2_s,STY_assumed_product_kg_m3_day,0.45135563608811613,0.4747990133249313
0,diffusivity_m2_s,SEC_assumed_product_kwh_kg,0.7345932006222962,0.7285540100762409
1,diffusivity_m2_s,SEC_assumed_product_kwh_kg,0.7118146759887222,0.707451401551873
2,diffusivity_m2_s,SEC_assumed_product_kwh_kg,0.7187010833048799,0.7274696000934211
3,diffusivity_m2_s,SEC_assumed_product_kwh_kg,0.7345331560009101,0.589739015890159
4,diffusivity_m2_s,SEC_assumed_product_kwh_kg,0.7221031341390995,0.7395687605662953
5,diffusivity_m2_s,SEC_assumed_product_kwh_kg,0.7436361298326497,0.762251729495973
6,diffusivity_m2_s,SEC_assumed_product_kwh_kg,0.754161207834708,0.6404299052394652
7,diffusivity_m2_s,SEC_assumed_product_kwh_kg,0.681596792435145,0.7432257426888835
8,diffusivity_m2_s,SEC_assumed_product_kwh_kg,0.7538734593678461,0.5841115628799305
9,diffusivity_m2_s,SEC_assumed_product_kwh_kg,0.7416595692602721,0.7798406604519986
10,diffusivity_m2_s,SEC_assumed_product_kwh_kg,0.701784866947645,0.7962974796020769
11,diffusivity_m2_s,SEC_assumed_product_kwh_kg,0.7762322872871015,0.6856166911479464
12,diffusivity_m2_s,SEC_assumed_product_kwh_kg,0.7097273807752245,0.7484631067463102
13,diffusivity_m2_s,SEC_assumed_product_kwh_kg,0.760432118147062,0.7024471196474492
14,diffusivity_m2_s,SEC_assumed_product_kwh_kg,0.7188894136452484,0.798696906148405
15,diffusivity_m2_s,SEC_assumed_product_kwh_kg,0.7027309702099007,0.6472909868126817
16,diffusivity_m2_s,SEC_assumed_product_kwh_kg,0.7694917161179873,0.681048233883428
17,diffusivity_m2_s,SEC_assumed_product_kwh_kg,0.7754609149927435,0.7554849646307727
18,diffusivity_m2_s,SEC_assumed_product_kwh_kg,0.7158990829198324,0.7578413742258009
19,diffusivity_m2_s,SEC_assumed_product_kwh_kg,0.7076303895462175,0.6429737483467097
20,diffusivity_m2_s,SEC_assumed_product_kwh_kg,0.7592898657999839,0.8090251069953177
21,diffusivity_m2_s,SEC_assumed_product_kwh_kg,0.7442213575857611,0.7943708610194823
22,diffusivity_m2_s,SEC_assumed_product_kwh_kg,0.7048171889610076,0.6762094673106329
23,diffusivity_m2_s,SEC_assumed_product_kwh_kg,0.766241653179366,0.7487134199649844
24,diffusivity_m2_s,SEC_assumed_product_kwh_kg,0.7273749054024234,0.7675846642027783
25,diffusivity_m2_s,SEC_assumed_product_kwh_kg,0.7390883150081501,0.6618704449987134
26,diffusivity_m2_s,SEC_assumed_product_kwh_kg,0.735238001710395,0.6647064422094857
27,diffusivity_m2_s,SEC_assumed_product_kwh_kg,0.7377209412844916,0.7609575082195473
28,diffusivity_m2_s,SEC_assumed_product_kwh_kg,0.7640026974162779,0.7533231685827267
29,diffusivity_m2_s,SEC_assumed_product_kwh_kg,0.7178434195773031,0.8097061093936325
30,diffusivity_m2_s,SEC_assumed_product_kwh_kg,0.7813801410045838,0.7218307066760692
31,diffusivity_m2_s,SEC_assumed_product_kwh_kg,0.7037293672941561,0.8348187010582342
32,diffusivity_m2_s,SEC_assumed_product_kwh_kg,0.7087885103248284,0.7113411977732749
33,diffusivity_m2_s,SEC_assumed_product_kwh_kg,0.7226925102718542,0.6699666500156124
34,diffusivity_m2_s,SEC_assumed_product_kwh_kg,0.7371510496450301,0.8082370590773661
35,diffusivity_m2_s,SEC_assumed_product_kwh_kg,0.6936429646697313,0.728431269593749
36,diffusivity_m2_s,SEC_assumed_product_kwh_kg,0.7208871986414451,0.6854847174559251
37,diffusivity_m2_s,SEC_assumed_product_kwh_kg,0.6976615166775524,0.7624922512011609
38,diffusivity_m2_s,SEC_assumed_product_kwh_kg,0.759541858093604,0.6988814102360101
39,diffusivity_m2_s,SEC_assumed_product_kwh_kg,0.7374069222963893,0.6808105583449487
40,diffusivity_m2_s,SEC_assumed_product_kwh_kg,0.7636095590189655,0.6491263706258981
41,diffusivity_m2_s,SEC_assumed_product_kwh_kg,0.7867257251678169,0.7680739011999165
42,diffusivity_m2_s,SEC_assumed_product_kwh_kg,0.7415070688216615,0.6995148383124202
43,diffusivity_m2_s,SEC_assumed_product_kwh_kg,0.7508722517001303,0.7776749897379173
44,diffusivity_m2_s,SEC_assumed_product_kwh_kg,0.7150290836126303,0.7148589322844036
45,diffusivity_m2_s,SEC_assumed_product_kwh_kg,0.7282896615207824,0.6429689086331208
46,diffusivity_m2_s,SEC_assumed_product_kwh_kg,0.7165404823964456,0.7202584716124752
47,diffusivity_m2_s,SEC_assumed_product_kwh_kg,0.7375217241950569,0.6825956800294188
48,diffusivity_m2_s,SEC_assumed_product_kwh_kg,0.7275618676578037,0.8458025147470357
49,diffusivity_m2_s,SEC_assumed_product_kwh_kg,0.6880894055802227,0.7576546896881216
50,diffusivity_m2_s,SEC_assumed_product_kwh_kg,0.7819765078860537,0.6770411793657501
51,diffusivity_m2_s,SEC_assumed_product_kwh_kg,0.7777931556707378,0.8417406948635474
52,diffusivity_m2_s,SEC_assumed_product_kwh_kg,0.7461160982000694,0.6960029213155055
53,diffusivity_m2_s,SEC_assumed_product_kwh_kg,0.7377311328030112,0.794633967482159
54,diffusivity_m2_s,SEC_assumed_product_kwh_kg,0.7448518825415253,0.7146597261039537
55,diffusivity_m2_s,SEC_assumed_product_kwh_kg,0.7165972478014513,0.6238862581825598
56,diffusivity_m2_s,SEC_assumed_product_kwh_kg,0.6820951927039174,0.7050674376345234
57,diffusivity_m2_s,SEC_assumed_product_kwh_kg,0.74460748751546,0.7828631117550402
58,diffusivity_m2_s,SEC_assumed_product_kwh_kg,0.7425882694357469,0.6479431416570677
59,diffusivity_m2_s,SEC_assumed_product_kwh_kg,0.7102326662559206,0.6835192282823203
60,diffusivity_m2_s,SEC_assumed_product_kwh_kg,0.7501374998552837,0.6436692243034539
61,diffusivity_m2_s,SEC_assumed_product_kwh_kg,0.729214796441044,0.7025065400762466
62,diffusivity_m2_s,SEC_assumed_product_kwh_kg,0.7496287820584671,0.748388973703542
63,diffusivity_m2_s,SEC_assumed_product_kwh_kg,0.7163637996259236,0.795183704470316
64,diffusivity_m2_s,SEC_assumed_product_kwh_kg,0.7371133932898246,0.7977195419305517
65,diffusivity_m2_s,SEC_assumed_product_kwh_kg,0.732314252451493,0.7173007694862921
66,diffusivity_m2_s,SEC_assumed_product_kwh_kg,0.7430282802529309,0.7283595509627846
67,diffusivity_m2_s,SEC_assumed_product_kwh_kg,0.7339141581483157,0.7887349418601343
68,diffusivity_m2_s,SEC_assumed_product_kwh_kg,0.6857558399305206,0.826369943409869
69,diffusivity_m2_s,SEC_assumed_product_kwh_kg,0.7540239916687715,0.7707269422278064
70,diffusivity_m2_s,SEC_assumed_product_kwh_kg,0.7093145946376886,0.7760638282142868
71,diffusivity_m2_s,SEC_assumed_product_kwh_kg,0.7836811940060099,0.7028467718897772
72,diffusivity_m2_s,SEC_assumed_product_kwh_kg,0.7537041615934946,0.776710711785356
73,diffusivity_m2_s,SEC_assumed_product_kwh_kg,0.728995582667868,0.838489910243681
74,diffusivity_m2_s,SEC_assumed_product_kwh_kg,0.7308771648307819,0.8604040822478252
75,diffusivity_m2_s,SEC_assumed_product_kwh_kg,0.7709132860636447,0.7442063153557075
76,diffusivity_m2_s,SEC_assumed_product_kwh_kg,0.7302637045729563,0.8006151911501265
77,diffusivity_m2_s,SEC_assumed_product_kwh_kg,0.7177738158723167,0.7236809626607584
78,diffusivity_m2_s,SEC_assumed_product_kwh_kg,0.6937408632058212,0.6792517152533599
79,diffusivity_m2_s,SEC_assumed_product_kwh_kg,0.7230049343798176,0.8528636944650494
80,diffusivity_m2_s,SEC_assumed_product_kwh_kg,0.750522896075639,0.7201105657123714
81,diffusivity_m2_s,SEC_assumed_product_kwh_kg,0.7435221277748533,0.8297239707311143
82,diffusivity_m2_s,SEC_assumed_product_kwh_kg,0.7382858038386884,0.7788212877684697
83,diffusivity_m2_s,SEC_assumed_product_kwh_kg,0.7473602294950025,0.7229608422053351
84,diffusivity_m2_s,SEC_assumed_product_kwh_kg,0.7352942595695497,0.7082295031037621
85,diffusivity_m2_s,SEC_assumed_product_kwh_kg,0.7238697970746936,0.6591509405130725
86,diffusivity_m2_s,SEC_assumed_product_kwh_kg,0.7420246408072599,0.811383385529617
87,diffusivity_m2_s,SEC_assumed_product_kwh_kg,0.7756007670140841,0.733953942885081
88,diffusivity_m2_s,SEC_assumed_product_kwh_kg,0.7288478557926837,0.7273956593215299
89,diffusivity_m2_s,SEC_assumed_product_kwh_kg,0.7734671887371419,0.6480444669655149
90,diffusivity_m2_s,SEC_assumed_product_kwh_kg,0.7549347214726202,0.7400633253767355
91,diffusivity_m2_s,SEC_assumed_product_kwh_kg,0.719362296447493,0.7279145789033545
92,diffusivity_m2_s,SEC_assumed_product_kwh_kg,0.7463013222563291,0.7997284529878467
93,diffusivity_m2_s,SEC_assumed_product_kwh_kg,0.7058062424420383,0.8450809822076953
94,diffusivity_m2_s,SEC_assumed_product_kwh_kg,0.7684227876602198,0.7483432460071883
95,diffusivity_m2_s,SEC_assumed_product_kwh_kg,0.7249601595729892,0.7405968815183166
96,diffusivity_m2_s,SEC_assumed_product_kwh_kg,0.6725626493403432,0.7677914485328705
97,diffusivity_m2_s,SEC_assumed_product_kwh_kg,0.703993503127826,0.7199461832425387
98,diffusivity_m2_s,SEC_assumed_product_kwh_kg,0.6895438543695159,0.7910642790599967
99,diffusivity_m2_s,SEC_assumed_product_kwh_kg,0.7200568575440658,0.7165608756738622
100,diffusivity_m2_s,SEC_assumed_product_kwh_kg,0.6957597715336494,0.6695008675283918
101,diffusivity_m2_s,SEC_assumed_product_kwh_kg,0.7185499894826459,0.6901484036918969
102,diffusivity_m2_s,SEC_assumed_product_kwh_kg,0.6907168650295847,0.722639937057777
103,diffusivity_m2_s,SEC_assumed_product_kwh_kg,0.7109035862129466,0.7343865645392563
104,diffusivity_m2_s,SEC_assumed_product_kwh_kg,0.6977766379678563,0.7796960208119382
105,diffusivity_m2_s,SEC_assumed_product_kwh_kg,0.7324479720075716,0.6567651106384558
106,diffusivity_m2_s,SEC_assumed_product_kwh_kg,0.7322171829042027,0.7413581865505873
107,diffusivity_m2_s,SEC_assumed_product_kwh_kg,0.7246732697631488,0.8316411241142123
108,diffusivity_m2_s,SEC_assumed_product_kwh_kg,0.7380355794404316,0.7372370815377189
109,diffusivity_m2_s,SEC_assumed_product_kwh_kg,0.7437818616433975,0.7597117876021597
110,diffusivity_m2_s,SEC_assumed_product_kwh_kg,0.7660770482417647,0.7804037812892136
111,diffusivity_m2_s,SEC_assumed_product_kwh_kg,0.7295764429601284,0.7876056443974983
112,diffusivity_m2_s,SEC_assumed_product_kwh_kg,0.6520619541546182,0.720116207761489
113,diffusivity_m2_s,SEC_assumed_product_kwh_kg,0.7626475204499419,0.6556573510104314
114,diffusivity_m2_s,SEC_assumed_product_kwh_kg,0.7109211098336589,0.7884141046687052
115,diffusivity_m2_s,SEC_assumed_product_kwh_kg,0.7161667695154401,0.6736602172442488
116,diffusivity_m2_s,SEC_assumed_product_kwh_kg,0.795494992506859,0.7597879932411402
117,diffusivity_m2_s,SEC_assumed_product_kwh_kg,0.7142839691291138,0.835352846190629
118,diffusivity_m2_s,SEC_assumed_product_kwh_kg,0.7352598364147203,0.671328099720404
119,diffusivity_m2_s,SEC_assumed_product_kwh_kg,0.7821787591710925,0.6741761989783343
120,diffusivity_m2_s,SEC_assumed_product_kwh_kg,0.7644354222154692,0.7216139763962596
121,diffusivity_m2_s,SEC_assumed_product_kwh_kg,0.7151986290549166,0.7009012925916812
122,diffusivity_m2_s,SEC_assumed_product_kwh_kg,0.744908414600586,0.6911701262911166
123,diffusivity_m2_s,SEC_assumed_product_kwh_kg,0.7377020031966408,0.7047064203546598
124,diffusivity_m2_s,SEC_assumed_product_kwh_kg,0.7325151452072071,0.8468714349817135
125,diffusivity_m2_s,SEC_assumed_product_kwh_kg,0.7197092996016973,0.766342104303868
126,diffusivity_m2_s,SEC_assumed_product_kwh_kg,0.7289502663815521,0.7747530894155228
127,diffusivity_m2_s,SEC_assumed_product_kwh_kg,0.7440323175047014,0.7050988458505966
128,diffusivity_m2_s,SEC_assumed_product_kwh_kg,0.6991204437746062,0.8432856410406263
129,diffusivity_m2_s,SEC_assumed_product_kwh_kg,0.7005882089503168,0.7733094634441167
130,diffusivity_m2_s,SEC_assumed_product_kwh_kg,0.7476147310105048,0.7528301441579164
131,diffusivity_m2_s,SEC_assumed_product_kwh_kg,0.7962596339751455,0.7049685091161313
132,diffusivity_m2_s,SEC_assumed_product_kwh_kg,0.7612275465394693,0.7166010780904668
133,diffusivity_m2_s,SEC_assumed_product_kwh_kg,0.6987354537511594,0.7129144121539425
134,diffusivity_m2_s,SEC_assumed_product_kwh_kg,0.7099703675555119,0.7897748608661108
135,diffusivity_m2_s,SEC_assumed_product_kwh_kg,0.7212664706225674,0.6899124383748194
136,diffusivity_m2_s,SEC_assumed_product_kwh_kg,0.7694721187655537,0.7564908392371528
137,diffusivity_m2_s,SEC_assumed_product_kwh_kg,0.6955170503173072,0.7200470395765232
138,diffusivity_m2_s,SEC_assumed_product_kwh_kg,0.7129050175586478,0.7840990632483437
139,diffusivity_m2_s,SEC_assumed_product_kwh_kg,0.7455086711375998,0.7139609834192473
140,diffusivity_m2_s,SEC_assumed_product_kwh_kg,0.7102886068328189,0.745803138539036
141,diffusivity_m2_s,SEC_assumed_product_kwh_kg,0.7394747374587148,0.6349335732096684
142,diffusivity_m2_s,SEC_assumed_product_kwh_kg,0.7457023461915384,0.7553644649604289
143,diffusivity_m2_s,SEC_assumed_product_kwh_kg,0.7364223141281313,0.7299006041216753
144,diffusivity_m2_s,SEC_assumed_product_kwh_kg,0.7124817127098682,0.7338096114386427
145,diffusivity_m2_s,SEC_assumed_product_kwh_kg,0.7750953606991623,0.6824079874649883
146,diffusivity_m2_s,SEC_assumed_product_kwh_kg,0.7357596955039931,0.7762691822382055
147,diffusivity_m2_s,SEC_assumed_product_kwh_kg,0.7073147832469502,0.7132410757761514
148,diffusivity_m2_s,SEC_assumed_product_kwh_kg,0.7542808345594197,0.7428511707270862
149,diffusivity_m2_s,SEC_assumed_product_kwh_kg,0.7037770784812913,0.7451440761190111
150,diffusivity_m2_s,SEC_assumed_product_kwh_kg,0.6892648709527215,0.6288155253207425
151,diffusivity_m2_s,SEC_assumed_product_kwh_kg,0.751601787831117,0.7310338678132069
152,diffusivity_m2_s,SEC_assumed_product_kwh_kg,0.754836843485521,0.7097699309484625
153,diffusivity_m2_s,SEC_assumed_product_kwh_kg,0.7249481070108761,0.7169012173855778
154,diffusivity_m2_s,SEC_assumed_product_kwh_kg,0.76260133494309,0.7799779109007414
155,diffusivity_m2_s,SEC_assumed_product_kwh_kg,0.7451997841824769,0.7138327545263337
156,diffusivity_m2_s,SEC_assumed_product_kwh_kg,0.7366674145139069,0.7578248778070956
157,diffusivity_m2_s,SEC_assumed_product_kwh_kg,0.6961815736529331,0.7319346702903845
158,diffusivity_m2_s,SEC_assumed_product_kwh_kg,0.6983174070196481,0.742912344416881
159,diffusivity_m2_s,SEC_assumed_product_kwh_kg,0.7288552663503574,0.7084688125902137
160,diffusivity_m2_s,SEC_assumed_product_kwh_kg,0.721310073204277,0.8243511887509695
161,diffusivity_m2_s,SEC_assumed_product_kwh_kg,0.7287362082619022,0.6626076540478019
162,diffusivity_m2_s,SEC_assumed_product_kwh_kg,0.724833550642221,0.6880305638724449
163,diffusivity_m2_s,SEC_assumed_product_kwh_kg,0.7060161183950593,0.7696087936869999
164,diffusivity_m2_s,SEC_assumed_product_kwh_kg,0.732381474404338,0.7165995829427305
165,diffusivity_m2_s,SEC_assumed_product_kwh_kg,0.7484227173565565,0.7902490691028361
166,diffusivity_m2_s,SEC_assumed_product_kwh_kg,0.7038514235501357,0.7155681482813823
167,diffusivity_m2_s,SEC_assumed_product_kwh_kg,0.7003819131196621,0.7597272579750817
168,diffusivity_m2_s,SEC_assumed_product_kwh_kg,0.7260268684357661,0.7874957064090401
169,diffusivity_m2_s,SEC_assumed_product_kwh_kg,0.7192428187284514,0.780755109301562
170,diffusivity_m2_s,SEC_assumed_product_kwh_kg,0.7195177881578195,0.825420384108596
171,diffusivity_m2_s,SEC_assumed_product_kwh_kg,0.7647153148226162,0.6273667046170022
172,diffusivity_m2_s,SEC_assumed_product_kwh_kg,0.6499657992904629,0.7097354566822377
173,diffusivity_m2_s,SEC_assumed_product_kwh_kg,0.763899988082825,0.6701573690227918
174,diffusivity_m2_s,SEC_assumed_product_kwh_kg,0.724607483621675,0.6412786306706876
175,diffusivity_m2_s,SEC_assumed_product_kwh_kg,0.6669804431785717,0.7384033933904028
176,diffusivity_m2_s,SEC_assumed_product_kwh_kg,0.7585439843169663,0.6879693295596379
177,diffusivity_m2_s,SEC_assumed_product_kwh_kg,0.7347713657023918,0.8080188238716371
178,diffusivity_m2_s,SEC_assumed_product_kwh_kg,0.6725114043007234,0.7804733964801749
179,diffusivity_m2_s,SEC_assumed_product_kwh_kg,0.7622497167887453,0.6299798151220268
180,diffusivity_m2_s,SEC_assumed_product_kwh_kg,0.7552888436940082,0.6535429276988125
181,diffusivity_m2_s,SEC_assumed_product_kwh_kg,0.6891705491506913,0.6947883406524118
182,diffusivity_m2_s,SEC_assumed_product_kwh_kg,0.7771218661469327,0.6149440958418412
183,diffusivity_m2_s,SEC_assumed_product_kwh_kg,0.7403999544793665,0.7196901893203851
184,diffusivity_m2_s,SEC_assumed_product_kwh_kg,0.7116795090023713,0.7586378461515059
185,diffusivity_m2_s,SEC_assumed_product_kwh_kg,0.7545022392120075,0.7012774823405232
186,diffusivity_m2_s,SEC_assumed_product_kwh_kg,0.7085851812691378,0.8362190395091366
187,diffusivity_m2_s,SEC_assumed_product_kwh_kg,0.7291567020802501,0.711730854754556
188,diffusivity_m2_s,SEC_assumed_product_kwh_kg,0.6804944553893124,0.8379920609072868
189,diffusivity_m2_s,SEC_assumed_product_kwh_kg,0.7344981500239771,0.7664738616703561
190,diffusivity_m2_s,SEC_assumed_product_kwh_kg,0.7152193141335983,0.798364038182733
191,diffusivity_m2_s,SEC_assumed_product_kwh_kg,0.7440288156623557,0.6076748036532437
192,diffusivity_m2_s,SEC_assumed_product_kwh_kg,0.737429191056999,0.6790926190975329
193,diffusivity_m2_s,SEC_assumed_product_kwh_kg,0.6919645284302176,0.7918567196763581
194,diffusivity_m2_s,SEC_assumed_product_kwh_kg,0.66848204907261,0.7573471991613683
195,diffusivity_m2_s,SEC_assumed_product_kwh_kg,0.7845289696370558,0.6877571613248427
196,diffusivity_m2_s,SEC_assumed_product_kwh_kg,0.7101016310907141,0.809368618291026
197,diffusivity_m2_s,SEC_assumed_product_kwh_kg,0.7406348549966757,0.8222201599883303
198,diffusivity_m2_s,SEC_assumed_product_kwh_kg,0.7408761759397502,0.6385592866705041
199,diffusivity_m2_s,SEC_assumed_product_kwh_kg,0.732489564320935,0.7015700842801129
200,diffusivity_m2_s,SEC_assumed_product_kwh_kg,0.725638047091492,0.7081443222861472
201,diffusivity_m2_s,SEC_assumed_product_kwh_kg,0.7155102803504014,0.6929215129258064
202,diffusivity_m2_s,SEC_assumed_product_kwh_kg,0.7050777854176813,0.8058294817700304
203,diffusivity_m2_s,SEC_assumed_product_kwh_kg,0.7484221604114343,0.6511735121152903
204,diffusivity_m2_s,SEC_assumed_product_kwh_kg,0.7860515849121719,0.7542136325761146
205,diffusivity_m2_s,SEC_assumed_product_kwh_kg,0.6768207869046642,0.7784710230892665
206,diffusivity_m2_s,SEC_assumed_product_kwh_kg,0.7415053701533332,0.6761943239472306
207,diffusivity_m2_s,SEC_assumed_product_kwh_kg,0.7473206346079273,0.736542406314831
208,diffusivity_m2_s,SEC_assumed_product_kwh_kg,0.7328812576949424,0.6934132945846971
209,diffusivity_m2_s,SEC_assumed_product_kwh_kg,0.726576805718373,0.7019531129025436
210,diffusivity_m2_s,SEC_assumed_product_kwh_kg,0.7052022323730831,0.7023495654791194
211,diffusivity_m2_s,SEC_assumed_product_kwh_kg,0.7223649218030245,0.8578365860276441
212,diffusivity_m2_s,SEC_assumed_product_kwh_kg,0.7376501044093904,0.8799912917527625
213,diffusivity_m2_s,SEC_assumed_product_kwh_kg,0.7484102501994853,0.6730036073572391
214,diffusivity_m2_s,SEC_assumed_product_kwh_kg,0.7198668343115027,0.7337808920122709
215,diffusivity_m2_s,SEC_assumed_product_kwh_kg,0.7254131522769173,0.7461886919465494
216,diffusivity_m2_s,SEC_assumed_product_kwh_kg,0.7954353341407802,0.7234486196338396
217,diffusivity_m2_s,SEC_assumed_product_kwh_kg,0.6660107009147056,0.6241224279217819
218,diffusivity_m2_s,SEC_assumed_product_kwh_kg,0.752044254083094,0.7858965071047977
219,diffusivity_m2_s,SEC_assumed_product_kwh_kg,0.6829752200736968,0.7298561072469162
220,diffusivity_m2_s,SEC_assumed_product_kwh_kg,0.7272814652345583,0.6920779585000636
221,diffusivity_m2_s,SEC_assumed_product_kwh_kg,0.7257928091727988,0.7640836944329068
222,diffusivity_m2_s,SEC_assumed_product_kwh_kg,0.7019989753640277,0.7004312788653773
223,diffusivity_m2_s,SEC_assumed_product_kwh_kg,0.7051252018553583,0.7244684284863553
224,diffusivity_m2_s,SEC_assumed_product_kwh_kg,0.722297918085864,0.7318642005539332
225,diffusivity_m2_s,SEC_assumed_product_kwh_kg,0.7194115386179976,0.6858698974834607
226,diffusivity_m2_s,SEC_assumed_product_kwh_kg,0.7405226266868146,0.7601446630136127
227,diffusivity_m2_s,SEC_assumed_product_kwh_kg,0.72658537754384,0.6605687471665336
228,diffusivity_m2_s,SEC_assumed_product_kwh_kg,0.7127630056682963,0.7278805768829292
229,diffusivity_m2_s,SEC_assumed_product_kwh_kg,0.6968022772286031,0.7659243133651142
230,diffusivity_m2_s,SEC_assumed_product_kwh_kg,0.7678378071090999,0.6640743049041175
231,diffusivity_m2_s,SEC_assumed_product_kwh_kg,0.7303460560045216,0.7557124856682882
232,diffusivity_m2_s,SEC_assumed_product_kwh_kg,0.7129611908290365,0.6787049603113149
233,diffusivity_m2_s,SEC_assumed_product_kwh_kg,0.7066280800078271,0.7092724873122789
234,diffusivity_m2_s,SEC_assumed_product_kwh_kg,0.788058885624763,0.7000620000071287
235,diffusivity_m2_s,SEC_assumed_product_kwh_kg,0.72408121196557,0.6720503747951874
236,diffusivity_m2_s,SEC_assumed_product_kwh_kg,0.7528409997503723,0.7141122896131439
237,diffusivity_m2_s,SEC_assumed_product_kwh_kg,0.7311386947092116,0.6751808019166874
238,diffusivity_m2_s,SEC_assumed_product_kwh_kg,0.7259170811105125,0.7347274152569736
239,diffusivity_m2_s,SEC_assumed_product_kwh_kg,0.7145520495239276,0.7483002111665822
240,diffusivity_m2_s,SEC_assumed_product_kwh_kg,0.7309838992846152,0.714622962036544
241,diffusivity_m2_s,SEC_assumed_product_kwh_kg,0.7343960383466392,0.808258750869755
242,diffusivity_m2_s,SEC_assumed_product_kwh_kg,0.7480869979072667,0.7974350058293829
243,diffusivity_m2_s,SEC_assumed_product_kwh_kg,0.7556470390943477,0.7239111934493212
244,diffusivity_m2_s,SEC_assumed_product_kwh_kg,0.7418762911473287,0.7845249207414734
245,diffusivity_m2_s,SEC_assumed_product_kwh_kg,0.7125439392979798,0.7689514547954979
246,diffusivity_m2_s,SEC_assumed_product_kwh_kg,0.744103203068506,0.7012748114312979
247,diffusivity_m2_s,SEC_assumed_product_kwh_kg,0.7442157075538378,0.6917282303267418
248,diffusivity_m2_s,SEC_assumed_product_kwh_kg,0.7287449392230192,0.7117584078969962
249,diffusivity_m2_s,SEC_assumed_product_kwh_kg,0.7424917790553445,0.7726132550882033
250,diffusivity_m2_s,SEC_assumed_product_kwh_kg,0.7719255242465348,0.8644886772063608
251,diffusivity_m2_s,SEC_assumed_product_kwh_kg,0.7481692685902583,0.7087094729813301
252,diffusivity_m2_s,SEC_assumed_product_kwh_kg,0.7182040396104368,0.7215216418604194
253,diffusivity_m2_s,SEC_assumed_product_kwh_kg,0.6929553192246312,0.6488220682672022
254,diffusivity_m2_s,SEC_assumed_product_kwh_kg,0.735815304418757,0.7247721362707079
255,diffusivity_m2_s,SEC_assumed_product_kwh_kg,0.7112165093301182,0.653727928171036
256,diffusivity_m2_s,SEC_assumed_product_kwh_kg,0.7840105566989783,0.6611181727529115
257,diffusivity_m2_s,SEC_assumed_product_kwh_kg,0.7306652278233376,0.6768181982241523
258,diffusivity_m2_s,SEC_assumed_product_kwh_kg,0.7223936116135954,0.6798182886118235
259,diffusivity_m2_s,SEC_assumed_product_kwh_kg,0.7488982184000386,0.6881927483930592
260,diffusivity_m2_s,SEC_assumed_product_kwh_kg,0.7895338429209975,0.5754581303701826
261,diffusivity_m2_s,SEC_assumed_product_kwh_kg,0.6833898127763114,0.7235544579789087
262,diffusivity_m2_s,SEC_assumed_product_kwh_kg,0.6926575972678028,0.701340297660034
263,diffusivity_m2_s,SEC_assumed_product_kwh_kg,0.7183132255820633,0.7524406223087731
264,diffusivity_m2_s,SEC_assumed_product_kwh_kg,0.7534756271778142,0.8043890498992876
265,diffusivity_m2_s,SEC_assumed_product_kwh_kg,0.7291629730359286,0.797247937129896
266,diffusivity_m2_s,SEC_assumed_product_kwh_kg,0.7199738850529946,0.7218238916162363
267,diffusivity_m2_s,SEC_assumed_product_kwh_kg,0.7297146072100864,0.7887793383875062
268,diffusivity_m2_s,SEC_assumed_product_kwh_kg,0.7363174819779095,0.7426949827592267
269,diffusivity_m2_s,SEC_assumed_product_kwh_kg,0.7287960110870261,0.748638583741777
270,diffusivity_m2_s,SEC_assumed_product_kwh_kg,0.7114669168320151,0.7526049046198983
271,diffusivity_m2_s,SEC_assumed_product_kwh_kg,0.7032995105862022,0.697566831310772
272,diffusivity_m2_s,SEC_assumed_product_kwh_kg,0.7365215622398384,0.7540013740076632
273,diffusivity_m2_s,SEC_assumed_product_kwh_kg,0.7324210980459718,0.654801325018799
274,diffusivity_m2_s,SEC_assumed_product_kwh_kg,0.6636432425276086,0.7090776492233466
275,diffusivity_m2_s,SEC_assumed_product_kwh_kg,0.7649543746533677,0.7149306575046925
276,diffusivity_m2_s,SEC_assumed_product_kwh_kg,0.7250631143484555,0.7733313440326206
277,diffusivity_m2_s,SEC_assumed_product_kwh_kg,0.7015651976068752,0.7360952261001174
278,diffusivity_m2_s,SEC_assumed_product_kwh_kg,0.6904679445402948,0.6668600026639134
279,diffusivity_m2_s,SEC_assumed_product_kwh_kg,0.7009543680413179,0.8930438982078226
280,diffusivity_m2_s,SEC_assumed_product_kwh_kg,0.7639974010176778,0.770518526150109
281,diffusivity_m2_s,SEC_assumed_product_kwh_kg,0.7023709688705144,0.8179107356136014
282,diffusivity_m2_s,SEC_assumed_product_kwh_kg,0.7209710139497127,0.7735739410658893
283,diffusivity_m2_s,SEC_assumed_product_kwh_kg,0.7429455572566502,0.6719498604657799
284,diffusivity_m2_s,SEC_assumed_product_kwh_kg,0.7589984904813134,0.7879077063915763
285,diffusivity_m2_s,SEC_assumed_product_kwh_kg,0.7057856858303659,0.7434914958123273
286,diffusivity_m2_s,SEC_assumed_product_kwh_kg,0.7446976595804582,0.7079379178914813
287,diffusivity_m2_s,SEC_assumed_product_kwh_kg,0.7222045374935886,0.7723803019698247
288,diffusivity_m2_s,SEC_assumed_product_kwh_kg,0.7423679299173375,0.780389236994398
289,diffusivity_m2_s,SEC_assumed_product_kwh_kg,0.7592410281878377,0.744927521183689
290,diffusivity_m2_s,SEC_assumed_product_kwh_kg,0.7605877408168223,0.7474728878732682
291,diffusivity_m2_s,SEC_assumed_product_kwh_kg,0.6702008439991535,0.7505801027027631
292,diffusivity_m2_s,SEC_assumed_product_kwh_kg,0.7637954158025322,0.792934036877444
293,diffusivity_m2_s,SEC_assumed_product_kwh_kg,0.7235352816122027,0.6254428840363314
294,diffusivity_m2_s,SEC_assumed_product_kwh_kg,0.6778379065212798,0.7907721825567069
295,diffusivity_m2_s,SEC_assumed_product_kwh_kg,0.697619270177962,0.7251707899262817
296,diffusivity_m2_s,SEC_assumed_product_kwh_kg,0.6932815787224641,0.6591600699207213
297,diffusivity_m2_s,SEC_assumed_product_kwh_kg,0.7339842722191413,0.7399335693069604
298,diffusivity_m2_s,SEC_assumed_product_kwh_kg,0.7787439857217164,0.6272102950941565
299,diffusivity_m2_s,SEC_assumed_product_kwh_kg,0.7241330807068229,0.6853282894651861
300,diffusivity_m2_s,SEC_assumed_product_kwh_kg,0.7195429528750088,0.6233884819242101
301,diffusivity_m2_s,SEC_assumed_product_kwh_kg,0.7670333794550924,0.6981827827830905
302,diffusivity_m2_s,SEC_assumed_product_kwh_kg,0.7098412675694303,0.6946959467718006
303,diffusivity_m2_s,SEC_assumed_product_kwh_kg,0.7107328928614585,0.700194368375663
304,diffusivity_m2_s,SEC_assumed_product_kwh_kg,0.759168208179472,0.7508382029584443
305,diffusivity_m2_s,SEC_assumed_product_kwh_kg,0.7438149628099366,0.6867978400549094
306,diffusivity_m2_s,SEC_assumed_product_kwh_kg,0.7129612237762786,0.809450972594786
307,diffusivity_m2_s,SEC_assumed_product_kwh_kg,0.6947797773324801,0.6828255498852583
308,diffusivity_m2_s,SEC_assumed_product_kwh_kg,0.6810821287101254,0.7157576630343925
309,diffusivity_m2_s,SEC_assumed_product_kwh_kg,0.7417755807738351,0.7830547425674956
310,diffusivity_m2_s,SEC_assumed_product_kwh_kg,0.733178287419591,0.612456704623094
311,diffusivity_m2_s,SEC_assumed_product_kwh_kg,0.713214845917862,0.6394361238445626
312,diffusivity_m2_s,SEC_assumed_product_kwh_kg,0.7281962200034765,0.7528675966061734
313,diffusivity_m2_s,SEC_assumed_product_kwh_kg,0.7025853331510471,0.818268591405114
314,diffusivity_m2_s,SEC_assumed_product_kwh_kg,0.6990171729482682,0.6384322693000953
315,diffusivity_m2_s,SEC_assumed_product_kwh_kg,0.7474464987888738,0.7458041364026535
316,diffusivity_m2_s,SEC_assumed_product_kwh_kg,0.6799787025363841,0.7505628053781883
317,diffusivity_m2_s,SEC_assumed_product_kwh_kg,0.6409882856261118,0.8664697095401834
318,diffusivity_m2_s,SEC_assumed_product_kwh_kg,0.7670979063463266,0.6837347651957103
319,diffusivity_m2_s,SEC_assumed_product_kwh_kg,0.7821964157365353,0.7733033655733956
320,diffusivity_m2_s,SEC_assumed_product_kwh_kg,0.719580808910486,0.673358508097122
321,diffusivity_m2_s,SEC_assumed_product_kwh_kg,0.6853978893511932,0.821068619490259
322,diffusivity_m2_s,SEC_assumed_product_kwh_kg,0.747350065421442,0.7356154940409784
323,diffusivity_m2_s,SEC_assumed_product_kwh_kg,0.7076327436041525,0.6437921440132053
324,diffusivity_m2_s,SEC_assumed_product_kwh_kg,0.6955191571050653,0.7726807110785078
325,diffusivity_m2_s,SEC_assumed_product_kwh_kg,0.7506315388557802,0.7340321338503634
326,diffusivity_m2_s,SEC_assumed_product_kwh_kg,0.7512602409903142,0.6947357416186541
327,diffusivity_m2_s,SEC_assumed_product_kwh_kg,0.7551200138693163,0.7946166973087443
328,diffusivity_m2_s,SEC_assumed_product_kwh_kg,0.7508112804330108,0.7120178365718368
329,diffusivity_m2_s,SEC_assumed_product_kwh_kg,0.7063185904575244,0.6518236481150268
330,diffusivity_m2_s,SEC_assumed_product_kwh_kg,0.6924367095729571,0.8044892035320326
331,diffusivity_m2_s,SEC_assumed_product_kwh_kg,0.71706975914939,0.8407960782486651
332,diffusivity_m2_s,SEC_assumed_product_kwh_kg,0.7592023064866336,0.6681300781122856
333,diffusivity_m2_s,SEC_assumed_product_kwh_kg,0.7009503486015155,0.7620262720305567
334,diffusivity_m2_s,SEC_assumed_product_kwh_kg,0.7666636634785812,0.7624313915823627
335,diffusivity_m2_s,SEC_assumed_product_kwh_kg,0.7558700377851935,0.7763788086971717
336,diffusivity_m2_s,SEC_assumed_product_kwh_kg,0.7259453270611015,0.7254817378752771
337,diffusivity_m2_s,SEC_assumed_product_kwh_kg,0.7637804491634816,0.7263234348155796
338,diffusivity_m2_s,SEC_assumed_product_kwh_kg,0.7068800024697398,0.7462218546576209
339,diffusivity_m2_s,SEC_assumed_product_kwh_kg,0.6931157163192578,0.7781792534257975
340,diffusivity_m2_s,SEC_assumed_product_kwh_kg,0.7758438032228816,0.7280632751753452
341,diffusivity_m2_s,SEC_assumed_product_kwh_kg,0.7243050941600182,0.6830947097199641
342,diffusivity_m2_s,SEC_assumed_product_kwh_kg,0.676177989257511,0.716116422439264
343,diffusivity_m2_s,SEC_assumed_product_kwh_kg,0.7679516808899227,0.6534576338094533
344,diffusivity_m2_s,SEC_assumed_product_kwh_kg,0.6875535285737719,0.832563799356152
345,diffusivity_m2_s,SEC_assumed_product_kwh_kg,0.7783842374535793,0.8265077511483206
346,diffusivity_m2_s,SEC_assumed_product_kwh_kg,0.7168126967188477,0.7643016999153281
347,diffusivity_m2_s,SEC_assumed_product_kwh_kg,0.7679540842965876,0.6776410442736002
348,diffusivity_m2_s,SEC_assumed_product_kwh_kg,0.7329174592216618,0.705840721584196
349,diffusivity_m2_s,SEC_assumed_product_kwh_kg,0.6985759330968433,0.84674485678893
350,diffusivity_m2_s,SEC_assumed_product_kwh_kg,0.7191834273484549,0.7110531160724455
351,diffusivity_m2_s,SEC_assumed_product_kwh_kg,0.7214090305636136,0.826224995179412
352,diffusivity_m2_s,SEC_assumed_product_kwh_kg,0.7401015677707475,0.7615009165865191
353,diffusivity_m2_s,SEC_assumed_product_kwh_kg,0.7077929874445743,0.807215512078513
354,diffusivity_m2_s,SEC_assumed_product_kwh_kg,0.6555761161929159,0.8607963940195681
355,diffusivity_m2_s,SEC_assumed_product_kwh_kg,0.6794950020408275,0.694076943127541
356,diffusivity_m2_s,SEC_assumed_product_kwh_kg,0.6878274458495326,0.7672962361037243
357,diffusivity_m2_s,SEC_assumed_product_kwh_kg,0.7498134780733618,0.7403693188587579
358,diffusivity_m2_s,SEC_assumed_product_kwh_kg,0.7458125527493917,0.7770399898359817
359,diffusivity_m2_s,SEC_assumed_product_kwh_kg,0.7063264412811123,0.78373831577124
360,diffusivity_m2_s,SEC_assumed_product_kwh_kg,0.748076225557027,0.6841691553910084
361,diffusivity_m2_s,SEC_assumed_product_kwh_kg,0.7428479740289465,0.7041517096009714
362,diffusivity_m2_s,SEC_assumed_product_kwh_kg,0.7519505034021806,0.7079348271641431
363,diffusivity_m2_s,SEC_assumed_product_kwh_kg,0.7661320851362968,0.6130665803223196
364,diffusivity_m2_s,SEC_assumed_product_kwh_kg,0.687082761960039,0.6349767935547518
365,diffusivity_m2_s,SEC_assumed_product_kwh_kg,0.7258921078064275,0.6710691391790254
366,diffusivity_m2_s,SEC_assumed_product_kwh_kg,0.7335302917526856,0.68718503764317
367,diffusivity_m2_s,SEC_assumed_product_kwh_kg,0.7665954517367393,0.7182930908434275
368,diffusivity_m2_s,SEC_assumed_product_kwh_kg,0.7343181292155938,0.729493341985227
369,diffusivity_m2_s,SEC_assumed_product_kwh_kg,0.744171655338547,0.6167395644123224
370,diffusivity_m2_s,SEC_assumed_product_kwh_kg,0.7755288097106339,0.7481944216149214
371,diffusivity_m2_s,SEC_assumed_product_kwh_kg,0.712187578001952,0.7230272230198374
372,diffusivity_m2_s,SEC_assumed_product_kwh_kg,0.7485404330090619,0.7572191615604126
373,diffusivity_m2_s,SEC_assumed_product_kwh_kg,0.729312849214053,0.6666543154859695
374,diffusivity_m2_s,SEC_assumed_product_kwh_kg,0.7491191361388989,0.7254532437916524
375,diffusivity_m2_s,SEC_assumed_product_kwh_kg,0.6956107222254646,0.7360076262872036
376,diffusivity_m2_s,SEC_assumed_product_kwh_kg,0.7235841443259149,0.72784700131024
377,diffusivity_m2_s,SEC_assumed_product_kwh_kg,0.7333207830411526,0.7396882228782652
378,diffusivity_m2_s,SEC_assumed_product_kwh_kg,0.6936238226464009,0.7158827666794203
379,diffusivity_m2_s,SEC_assumed_product_kwh_kg,0.7457099743725597,0.6778590292918968
380,diffusivity_m2_s,SEC_assumed_product_kwh_kg,0.7573272334354844,0.7521510856980407
381,diffusivity_m2_s,SEC_assumed_product_kwh_kg,0.7459397915913093,0.7173090578909662
382,diffusivity_m2_s,SEC_assumed_product_kwh_kg,0.6923489879128021,0.8376879859308881
383,diffusivity_m2_s,SEC_assumed_product_kwh_kg,0.731367933044171,0.6924832847608712
384,diffusivity_m2_s,SEC_assumed_product_kwh_kg,0.704796583916329,0.7829749543120276
385,diffusivity_m2_s,SEC_assumed_product_kwh_kg,0.6696015944934106,0.763053605388182
386,diffusivity_m2_s,SEC_assumed_product_kwh_kg,0.7429903107412723,0.6467295825571827
387,diffusivity_m2_s,SEC_assumed_product_kwh_kg,0.7339383488274389,0.700357427631637
388,diffusivity_m2_s,SEC_assumed_product_kwh_kg,0.7411305470616008,0.6395731088032831
389,diffusivity_m2_s,SEC_assumed_product_kwh_kg,0.7449887761500547,0.8038083837181216
390,diffusivity_m2_s,SEC_assumed_product_kwh_kg,0.7270869496036482,0.7578725945213122
391,diffusivity_m2_s,SEC_assumed_product_kwh_kg,0.7001997650857662,0.78002415505503
392,diffusivity_m2_s,SEC_assumed_product_kwh_kg,0.7634951223198131,0.7143955564804076
393,diffusivity_m2_s,SEC_assumed_product_kwh_kg,0.7168259034079076,0.6512118362435825
394,diffusivity_m2_s,SEC_assumed_product_kwh_kg,0.7453873006064697,0.6939390761195462
395,diffusivity_m2_s,SEC_assumed_product_kwh_kg,0.7432190443737794,0.7698780342399679
396,diffusivity_m2_s,SEC_assumed_product_kwh_kg,0.6998422394911779,0.7640605972726973
397,diffusivity_m2_s,SEC_assumed_product_kwh_kg,0.7579215995870421,0.7413511955402425
398,diffusivity_m2_s,SEC_assumed_product_kwh_kg,0.7591400851997134,0.6490268375169385
399,diffusivity_m2_s,SEC_assumed_product_kwh_kg,0.6801565156940936,0.7690835853879978
400,diffusivity_m2_s,SEC_assumed_product_kwh_kg,0.7367954555504876,0.7244585477085117
401,diffusivity_m2_s,SEC_assumed_product_kwh_kg,0.7469857913412721,0.6585674589150172
402,diffusivity_m2_s,SEC_assumed_product_kwh_kg,0.7204061559658086,0.6632419636425281
403,diffusivity_m2_s,SEC_assumed_product_kwh_kg,0.7004145449092789,0.7025688248971056
404,diffusivity_m2_s,SEC_assumed_product_kwh_kg,0.7203286932759967,0.838576993002783
405,diffusivity_m2_s,SEC_assumed_product_kwh_kg,0.7393918672649887,0.7258296641943376
406,diffusivity_m2_s,SEC_assumed_product_kwh_kg,0.7362225744562461,0.773528043599689
407,diffusivity_m2_s,SEC_assumed_product_kwh_kg,0.7525453204143833,0.7123484725211631
408,diffusivity_m2_s,SEC_assumed_product_kwh_kg,0.7318469008807761,0.788949831124905
409,diffusivity_m2_s,SEC_assumed_product_kwh_kg,0.7545325154063709,0.6670506697821443
410,diffusivity_m2_s,SEC_assumed_product_kwh_kg,0.7470453030111813,0.7067192952297688
411,diffusivity_m2_s,SEC_assumed_product_kwh_kg,0.6921156226148806,0.7398191928228164
412,diffusivity_m2_s,SEC_assumed_product_kwh_kg,0.7237655980516204,0.6934196372921281
413,diffusivity_m2_s,SEC_assumed_product_kwh_kg,0.76025375499755,0.7132920638664908
414,diffusivity_m2_s,SEC_assumed_product_kwh_kg,0.765371302401643,0.8132037541995567
415,diffusivity_m2_s,SEC_assumed_product_kwh_kg,0.7568101095935447,0.6783290027372396
416,diffusivity_m2_s,SEC_assumed_product_kwh_kg,0.7513409924280088,0.7187264190422374
417,diffusivity_m2_s,SEC_assumed_product_kwh_kg,0.7069502694332729,0.6272326557407468
418,diffusivity_m2_s,SEC_assumed_product_kwh_kg,0.770182157662056,0.661936612689102
419,diffusivity_m2_s,SEC_assumed_product_kwh_kg,0.7461820441528777,0.6620863923051521
420,diffusivity_m2_s,SEC_assumed_product_kwh_kg,0.7653798514061497,0.7305111392755591
421,diffusivity_m2_s,SEC_assumed_product_kwh_kg,0.7017160650460781,0.8107307486635401
422,diffusivity_m2_s,SEC_assumed_product_kwh_kg,0.7066427861304023,0.6645952031642662
423,diffusivity_m2_s,SEC_assumed_product_kwh_kg,0.72926669316663,0.718891564561279
424,diffusivity_m2_s,SEC_assumed_product_kwh_kg,0.7781980864468147,0.6935858904673262
425,diffusivity_m2_s,SEC_assumed_product_kwh_kg,0.7521701924537857,0.7349559012475921
426,diffusivity_m2_s,SEC_assumed_product_kwh_kg,0.6849254762654687,0.6485223999321771
427,diffusivity_m2_s,SEC_assumed_product_kwh_kg,0.7131269245143124,0.7489654625783435
428,diffusivity_m2_s,SEC_assumed_product_kwh_kg,0.7184223067562727,0.7001644886128972
429,diffusivity_m2_s,SEC_assumed_product_kwh_kg,0.721033749723742,0.7420028017192152
430,diffusivity_m2_s,SEC_assumed_product_kwh_kg,0.7623328032602382,0.6756705349409782
431,diffusivity_m2_s,SEC_assumed_product_kwh_kg,0.7117082630083884,0.6650534185685911
432,diffusivity_m2_s,SEC_assumed_product_kwh_kg,0.7452611283230097,0.6653445161151151
433,diffusivity_m2_s,SEC_assumed_product_kwh_kg,0.7417592713379666,0.7131761108749349
434,diffusivity_m2_s,SEC_assumed_product_kwh_kg,0.6931109903795372,0.6784972296810098
435,diffusivity_m2_s,SEC_assumed_product_kwh_kg,0.7286820453986689,0.7639090407747754
436,diffusivity_m2_s,SEC_assumed_product_kwh_kg,0.7332218375498611,0.6223644105886282
437,diffusivity_m2_s,SEC_assumed_product_kwh_kg,0.7261250954268317,0.7560472235435914
438,diffusivity_m2_s,SEC_assumed_product_kwh_kg,0.7506353467684025,0.7328916397757383
439,diffusivity_m2_s,SEC_assumed_product_kwh_kg,0.7270451635409718,0.7235653494537277
440,diffusivity_m2_s,SEC_assumed_product_kwh_kg,0.7327872600038821,0.709611115067846
441,diffusivity_m2_s,SEC_assumed_product_kwh_kg,0.7366907762769032,0.7186333214163177
442,diffusivity_m2_s,SEC_assumed_product_kwh_kg,0.7622457520684378,0.7461819806517893
443,diffusivity_m2_s,SEC_assumed_product_kwh_kg,0.7407666952372027,0.6898543450345427
444,diffusivity_m2_s,SEC_assumed_product_kwh_kg,0.7533333104312947,0.7530859670067936
445,diffusivity_m2_s,SEC_assumed_product_kwh_kg,0.7456542523289098,0.7526417238442665
446,diffusivity_m2_s,SEC_assumed_product_kwh_kg,0.7177629589075587,0.6829697989960855
447,diffusivity_m2_s,SEC_assumed_product_kwh_kg,0.7402613573505907,0.7203656561076431
448,diffusivity_m2_s,SEC_assumed_product_kwh_kg,0.7244417859598877,0.7076565256577866
449,diffusivity_m2_s,SEC_assumed_product_kwh_kg,0.7462165551024489,0.7579144267963634
450,diffusivity_m2_s,SEC_assumed_product_kwh_kg,0.7404030726641514,0.7224992042668711
451,diffusivity_m2_s,SEC_assumed_product_kwh_kg,0.7744870009904803,0.6247430368777106
452,diffusivity_m2_s,SEC_assumed_product_kwh_kg,0.6892179174698191,0.7577022120936852
453,diffusivity_m2_s,SEC_assumed_product_kwh_kg,0.7562002425749645,0.7664978018807989
454,diffusivity_m2_s,SEC_assumed_product_kwh_kg,0.7329779322207108,0.7253391791840829
455,diffusivity_m2_s,SEC_assumed_product_kwh_kg,0.7186895995979729,0.6180551133008408
456,diffusivity_m2_s,SEC_assumed_product_kwh_kg,0.7402916522597438,0.7462990694450193
457,diffusivity_m2_s,SEC_assumed_product_kwh_kg,0.7351187183240625,0.7204755958635484
458,diffusivity_m2_s,SEC_assumed_product_kwh_kg,0.7012380101164939,0.8014282719142096
459,diffusivity_m2_s,SEC_assumed_product_kwh_kg,0.7443430260206547,0.7440808894397747
460,diffusivity_m2_s,SEC_assumed_product_kwh_kg,0.7454135839950821,0.7496163534597281
461,diffusivity_m2_s,SEC_assumed_product_kwh_kg,0.7654307616489744,0.7398052598679115
462,diffusivity_m2_s,SEC_assumed_product_kwh_kg,0.7636075203345702,0.663242582753531
463,diffusivity_m2_s,SEC_assumed_product_kwh_kg,0.7410765090231504,0.6858435630652785
464,diffusivity_m2_s,SEC_assumed_product_kwh_kg,0.7292127575258911,0.6941642991739754
465,diffusivity_m2_s,SEC_assumed_product_kwh_kg,0.7313586039805666,0.7371978144276075
466,diffusivity_m2_s,SEC_assumed_product_kwh_kg,0.7686010797367009,0.7564843448551183
467,diffusivity_m2_s,SEC_assumed_product_kwh_kg,0.7283282904370628,0.7023897577155276
468,diffusivity_m2_s,SEC_assumed_product_kwh_kg,0.7415959404178241,0.76613824810071
469,diffusivity_m2_s,SEC_assumed_product_kwh_kg,0.7547960896915201,0.7275405488618958
470,diffusivity_m2_s,SEC_assumed_product_kwh_kg,0.7497637226354027,0.7352084546915958
471,diffusivity_m2_s,SEC_assumed_product_kwh_kg,0.7108963919967394,0.6709368660743793
472,diffusivity_m2_s,SEC_assumed_product_kwh_kg,0.7225533139353548,0.6507621316239197
473,diffusivity_m2_s,SEC_assumed_product_kwh_kg,0.7162570114361324,0.721344749019945
474,diffusivity_m2_s,SEC_assumed_product_kwh_kg,0.6953757658443726,0.7902472145423908
475,diffusivity_m2_s,SEC_assumed_product_kwh_kg,0.7433530280917866,0.6744367153180002
476,diffusivity_m2_s,SEC_assumed_product_kwh_kg,0.7461823909400496,0.7504677483194379
477,diffusivity_m2_s,SEC_assumed_product_kwh_kg,0.7689418477612632,0.7221622309652397
478,diffusivity_m2_s,SEC_assumed_product_kwh_kg,0.732277043905961,0.6415676908392074
479,diffusivity_m2_s,SEC_assumed_product_kwh_kg,0.71682101687622,0.7843968529555222
480,diffusivity_m2_s,SEC_assumed_product_kwh_kg,0.7710144506337671,0.7060441522954013
481,diffusivity_m2_s,SEC_assumed_product_kwh_kg,0.7273300136200453,0.7643495144052459
482,diffusivity_m2_s,SEC_assumed_product_kwh_kg,0.7402449863303866,0.7248821790716772
483,diffusivity_m2_s,SEC_assumed_product_kwh_kg,0.745520536319346,0.6928461517802793
484,diffusivity_m2_s,SEC_assumed_product_kwh_kg,0.7070383171953808,0.6942670321745276
485,diffusivity_m2_s,SEC_assumed_product_kwh_kg,0.7235122063103845,0.7118899427545952
486,diffusivity_m2_s,SEC_assumed_product_kwh_kg,0.7425392285791552,0.7325977784354357
487,diffusivity_m2_s,SEC_assumed_product_kwh_kg,0.7393865883976997,0.7675812263000722
488,diffusivity_m2_s,SEC_assumed_product_kwh_kg,0.7319637241401982,0.7347432647975751
489,diffusivity_m2_s,SEC_assumed_product_kwh_kg,0.672204382077547,0.7059505659356686
490,diffusivity_m2_s,SEC_assumed_product_kwh_kg,0.7679769801710181,0.7359803085256912
491,diffusivity_m2_s,SEC_assumed_product_kwh_kg,0.6994747183358125,0.7946080681129686
492,diffusivity_m2_s,SEC_assumed_product_kwh_kg,0.7207312066454422,0.7388117953130481
493,diffusivity_m2_s,SEC_assumed_product_kwh_kg,0.7615685497293812,0.6840803840554766
494,diffusivity_m2_s,SEC_assumed_product_kwh_kg,0.7243549628980301,0.7767277311719705
495,diffusivity_m2_s,SEC_assumed_product_kwh_kg,0.7260056339586747,0.7583016985767133
496,diffusivity_m2_s,SEC_assumed_product_kwh_kg,0.70647804543822,0.779457560833399
497,diffusivity_m2_s,SEC_assumed_product_kwh_kg,0.7199338193033011,0.7365435931345637
498,diffusivity_m2_s,SEC_assumed_product_kwh_kg,0.7347103574826452,0.7864613441437066
499,diffusivity_m2_s,SEC_assumed_product_kwh_kg,0.7441069268649259,0.7164372455522292
0,current_scale_A_m2,conversion_pct,0.09378392801056001,0.0487047830788782
1,current_scale_A_m2,conversion_pct,0.017106857890969218,0.056996069325683726
2,current_scale_A_m2,conversion_pct,0.06606278226515294,0.058784892899047966
3,current_scale_A_m2,conversion_pct,0.10444515902349094,0.04666774793106658
4,current_scale_A_m2,conversion_pct,-0.03292702514730439,0.05028194580793422
5,current_scale_A_m2,conversion_pct,-0.03330893347852881,0.05601762569208884
6,current_scale_A_m2,conversion_pct,0.11469610306927669,0.054232801200167165
7,current_scale_A_m2,conversion_pct,0.03634849971191756,0.06057898574681896
8,current_scale_A_m2,conversion_pct,0.20071380791597482,0.05042955062235297
9,current_scale_A_m2,conversion_pct,0.08902764063500002,0.05302778832472579
10,current_scale_A_m2,conversion_pct,-0.030083164074933944,0.058171092317035995
11,current_scale_A_m2,conversion_pct,0.10327954204492473,0.0555057157045913
12,current_scale_A_m2,conversion_pct,-0.05327490858462447,0.0548967391399291
13,current_scale_A_m2,conversion_pct,0.026944639379880675,0.04988207064493705
14,current_scale_A_m2,conversion_pct,0.008769999963684882,0.05023460595926388
15,current_scale_A_m2,conversion_pct,0.11421540141654163,0.05750909390941541
16,current_scale_A_m2,conversion_pct,0.07941178611070654,0.04495498788072877
17,current_scale_A_m2,conversion_pct,0.027166284795541285,0.05371000602735155
18,current_scale_A_m2,conversion_pct,0.030451769857718136,0.04710902854108451
19,current_scale_A_m2,conversion_pct,0.10391705400900897,0.05224683819109079
20,current_scale_A_m2,conversion_pct,0.007679310731759426,0.04857831837859113
21,current_scale_A_m2,conversion_pct,0.02069014655644097,0.04435519408341136
22,current_scale_A_m2,conversion_pct,-0.009369235451126334,0.05926633696385039
23,current_scale_A_m2,conversion_pct,0.011589606477122039,0.06103648002968632
24,current_scale_A_m2,conversion_pct,-0.010621771731538443,0.05522692502251258
25,current_scale_A_m2,conversion_pct,0.0711543289179708,0.053514340047836326
26,current_scale_A_m2,conversion_pct,0.0949357428582479,0.059460376391935535
27,current_scale_A_m2,conversion_pct,-0.046568914994944643,0.05771796888071099
28,current_scale_A_m2,conversion_pct,0.007926424312389546,0.04446198459796363
29,current_scale_A_m2,conversion_pct,-0.033331818915102396,0.05114093818068749
30,current_scale_A_m2,conversion_pct,0.1085474910592128,0.05192700873773634
31,current_scale_A_m2,conversion_pct,-0.05478752139416887,0.060809811587192696
32,current_scale_A_m2,conversion_pct,0.07198071243225257,0.06152204277861909
33,current_scale_A_m2,conversion_pct,0.12302481795482878,0.052365415484697427
34,current_scale_A_m2,conversion_pct,-0.025940373320203935,0.05272634502542497
35,current_scale_A_m2,conversion_pct,-0.0138571317822751,0.05283854380943892
36,current_scale_A_m2,conversion_pct,0.07824624320806584,0.057654836115785424
37,current_scale_A_m2,conversion_pct,-0.08849789202301062,0.05599503054027997
38,current_scale_A_m2,conversion_pct,0.0515353076339401,0.0445383164106699
39,current_scale_A_m2,conversion_pct,0.05518540681632045,0.05346138710601702
40,current_scale_A_m2,conversion_pct,0.08573722352622726,0.05407714119095557
41,current_scale_A_m2,conversion_pct,-0.01593507322615495,0.046741901158509104
42,current_scale_A_m2,conversion_pct,-0.0006423120414131844,0.05963251365146224
43,current_scale_A_m2,conversion_pct,-0.01179077165627751,0.048489113024099174
44,current_scale_A_m2,conversion_pct,0.0399769466516533,0.05089827819368683
45,current_scale_A_m2,conversion_pct,0.13984629922338532,0.04707585143262831
46,current_scale_A_m2,conversion_pct,0.09172599876497622,0.061566222167768206
47,current_scale_A_m2,conversion_pct,0.16594433599481873,0.06478783332717458
48,current_scale_A_m2,conversion_pct,-0.019928294649333766,0.0518836164510873
49,current_scale_A_m2,conversion_pct,0.005499910159230348,0.06415745451497243
50,current_scale_A_m2,conversion_pct,0.14042126939215216,0.05231788619926683
51,current_scale_A_m2,conversion_pct,-0.07990432449215135,0.0429023088749011
52,current_scale_A_m2,conversion_pct,0.08185729583296975,0.04890091922751937
53,current_scale_A_m2,conversion_pct,-0.016353994581352005,0.0541938644510571
54,current_scale_A_m2,conversion_pct,0.13411057590918485,0.041955883688838035
55,current_scale_A_m2,conversion_pct,0.10440279976518685,0.049728766268707605
56,current_scale_A_m2,conversion_pct,0.062202075851356065,0.047895258879427534
57,current_scale_A_m2,conversion_pct,-0.0655269320079721,0.047983903743235905
58,current_scale_A_m2,conversion_pct,0.10406408776914222,0.05506352271023239
59,current_scale_A_m2,conversion_pct,0.07624588884407713,0.06138221837622995
60,current_scale_A_m2,conversion_pct,0.06688936254667066,0.05991756404075481
61,current_scale_A_m2,conversion_pct,0.08466224215486873,0.05441602682893327
62,current_scale_A_m2,conversion_pct,0.04143238696885465,0.05258776990040667
63,current_scale_A_m2,conversion_pct,0.020469175440983034,0.05102074694632051
64,current_scale_A_m2,conversion_pct,-0.041504597088750206,0.043560409588674305
65,current_scale_A_m2,conversion_pct,-0.0023878709464491,0.05917376892944937
66,current_scale_A_m2,conversion_pct,-0.025529147893191162,0.04935021573503035
67,current_scale_A_m2,conversion_pct,-0.028549555670132287,0.05978021416869491
68,current_scale_A_m2,conversion_pct,0.021866371994296085,0.052675479348968775
69,current_scale_A_m2,conversion_pct,0.05888178891641538,0.047689314807564845
70,current_scale_A_m2,conversion_pct,0.08071636483890765,0.06716778795088606
71,current_scale_A_m2,conversion_pct,0.00668220333846159,0.0548375414823375
72,current_scale_A_m2,conversion_pct,-0.023831586869547117,0.05901702270864667
73,current_scale_A_m2,conversion_pct,-0.06821818835182514,0.05522359966401937
74,current_scale_A_m2,conversion_pct,-0.021237841210159036,0.04699652113810656
75,current_scale_A_m2,conversion_pct,0.0203990466433569,0.051969291608548865
76,current_scale_A_m2,conversion_pct,-0.0328027468204819,0.05456921496334552
77,current_scale_A_m2,conversion_pct,0.09647464290430185,0.047625967365280755
78,current_scale_A_m2,conversion_pct,0.11376643463235958,0.050342976509333844
79,current_scale_A_m2,conversion_pct,-0.03038337215741671,0.05038763445780498
80,current_scale_A_m2,conversion_pct,0.07774358375766732,0.051957672197841885
81,current_scale_A_m2,conversion_pct,0.04884366174054111,0.04207991235452149
82,current_scale_A_m2,conversion_pct,-0.03357039717551347,0.04659851137208719
83,current_scale_A_m2,conversion_pct,0.10266930889795911,0.05499627066074516
84,current_scale_A_m2,conversion_pct,0.018999541796732133,0.06011514803155043
85,current_scale_A_m2,conversion_pct,0.16853169858312755,0.05143757225101391
86,current_scale_A_m2,conversion_pct,-0.05939736847095145,0.051741907397437295
87,current_scale_A_m2,conversion_pct,0.061570700955211555,0.04848344064910508
88,current_scale_A_m2,conversion_pct,0.11586719687768599,0.04867114296401537
89,current_scale_A_m2,conversion_pct,0.11637789225631445,0.05554637403908424
90,current_scale_A_m2,conversion_pct,0.032428942955788354,0.047434626806335534
91,current_scale_A_m2,conversion_pct,0.008885893305354275,0.05498192871766942
92,current_scale_A_m2,conversion_pct,0.009559195212708649,0.04755815359928336
93,current_scale_A_m2,conversion_pct,-0.021412235348013953,0.05510347620656849
94,current_scale_A_m2,conversion_pct,0.009365564586790276,0.055034067934847386
95,current_scale_A_m2,conversion_pct,0.10325849732427506,0.059785981762292016
96,current_scale_A_m2,conversion_pct,0.1062041669616054,0.05680796465916306
97,current_scale_A_m2,conversion_pct,0.06427572768385448,0.04984681025677046
98,current_scale_A_m2,conversion_pct,-0.0333426563059076,0.0509188629592321
99,current_scale_A_m2,conversion_pct,0.08696154246001575,0.05402694543032891
100,current_scale_A_m2,conversion_pct,0.13198666657847835,0.06551313608840348
101,current_scale_A_m2,conversion_pct,0.04852825029662222,0.05310794320146186
102,current_scale_A_m2,conversion_pct,0.07220219460831778,0.057243252481635115
103,current_scale_A_m2,conversion_pct,0.02238655616590901,0.06546233595438823
104,current_scale_A_m2,conversion_pct,-0.007748785341422426,0.07234178308261636
105,current_scale_A_m2,conversion_pct,0.10457156378808219,0.05420907298885557
106,current_scale_A_m2,conversion_pct,0.03852643550292578,0.05627618345274498
107,current_scale_A_m2,conversion_pct,0.03615044208084328,0.05692965929007755
108,current_scale_A_m2,conversion_pct,0.0727435865925754,0.05992883340924742
109,current_scale_A_m2,conversion_pct,0.03150443952959048,0.04695896097917595
110,current_scale_A_m2,conversion_pct,0.023632244057295693,0.045860842589254575
111,current_scale_A_m2,conversion_pct,0.012041309823700552,0.04916458010030984
112,current_scale_A_m2,conversion_pct,0.09739537218350502,0.05563763140770724
113,current_scale_A_m2,conversion_pct,0.11674735642271517,0.04481467048232202
114,current_scale_A_m2,conversion_pct,0.015892757697467896,0.052138159525995396
115,current_scale_A_m2,conversion_pct,0.060920953556342194,0.05389348804769648
116,current_scale_A_m2,conversion_pct,0.01764575573145577,0.04272386756039806
117,current_scale_A_m2,conversion_pct,-0.11119811676048363,0.05550478973117335
118,current_scale_A_m2,conversion_pct,0.09286510439267559,0.05421058123461869
119,current_scale_A_m2,conversion_pct,0.1565791292085379,0.047042404834255175
120,current_scale_A_m2,conversion_pct,0.02036614298618744,0.05273153288273868
121,current_scale_A_m2,conversion_pct,0.03264314940511892,0.04993765600837133
122,current_scale_A_m2,conversion_pct,0.08613694791974935,0.04623955859965113
123,current_scale_A_m2,conversion_pct,-0.0251893020437568,0.06269177491911225
124,current_scale_A_m2,conversion_pct,-0.006326551815103221,0.049853723074206824
125,current_scale_A_m2,conversion_pct,0.05251415470729848,0.05371949417194615
126,current_scale_A_m2,conversion_pct,-0.0308793678201027,0.047916655729064575
127,current_scale_A_m2,conversion_pct,0.09285102431739789,0.05673963819316679
128,current_scale_A_m2,conversion_pct,-0.05330351717669535,0.05640702530299577
129,current_scale_A_m2,conversion_pct,0.02569204280216808,0.05839322937635525
130,current_scale_A_m2,conversion_pct,0.020236029316381132,0.049793184927776415
131,current_scale_A_m2,conversion_pct,0.02387575606277048,0.05951464903666025
132,current_scale_A_m2,conversion_pct,0.0022719882363189114,0.06004368231933362
133,current_scale_A_m2,conversion_pct,0.07725230959352858,0.05304291295649702
134,current_scale_A_m2,conversion_pct,-0.04093490650516207,0.04968409386636102
135,current_scale_A_m2,conversion_pct,0.11247156293201677,0.048401859810203576
136,current_scale_A_m2,conversion_pct,-0.06158794652134936,0.06246960578161952
137,current_scale_A_m2,conversion_pct,0.10579698125338155,0.04414151831499356
138,current_scale_A_m2,conversion_pct,-0.005915001193939284,0.05095119803274772
139,current_scale_A_m2,conversion_pct,0.07557871906670544,0.05876183695060739
140,current_scale_A_m2,conversion_pct,0.09156488401411289,0.0520701847830702
141,current_scale_A_m2,conversion_pct,0.10075063686540109,0.05709771547836847
142,current_scale_A_m2,conversion_pct,0.07613379321222091,0.052454957132445294
143,current_scale_A_m2,conversion_pct,0.003773535151339269,0.04508124733003099
144,current_scale_A_m2,conversion_pct,-0.0036294540945120968,0.06283700941499931
145,current_scale_A_m2,conversion_pct,0.047508518242208364,0.047866598330714764
146,current_scale_A_m2,conversion_pct,-0.12329757624682736,0.06098131180919953
147,current_scale_A_m2,conversion_pct,0.020924458893293973,0.06685761998914012
148,current_scale_A_m2,conversion_pct,0.11686220599972452,0.05375219529920583
149,current_scale_A_m2,conversion_pct,-0.0406007150544907,0.052054699927367484
150,current_scale_A_m2,conversion_pct,0.1172782196615787,0.05153875158829691
151,current_scale_A_m2,conversion_pct,0.11569788009868609,0.05435838414468374
152,current_scale_A_m2,conversion_pct,0.0837343893264999,0.05159930896608812
153,current_scale_A_m2,conversion_pct,0.04641172162871077,0.051423700899743886
154,current_scale_A_m2,conversion_pct,-0.049158103341852444,0.06390137582617164
155,current_scale_A_m2,conversion_pct,0.09685961038445501,0.04690730064694125
156,current_scale_A_m2,conversion_pct,-0.024771237332245954,0.04914430576152245
157,current_scale_A_m2,conversion_pct,0.0434984569511232,0.05771257532152796
158,current_scale_A_m2,conversion_pct,-0.010242471631988659,0.050856968652019274
159,current_scale_A_m2,conversion_pct,0.02043080490196869,0.06452853542768175
160,current_scale_A_m2,conversion_pct,-0.0714268642652649,0.055985786427528675
161,current_scale_A_m2,conversion_pct,0.05193044721452711,0.06661286526302464
162,current_scale_A_m2,conversion_pct,0.09053874568646758,0.046049931587677194
163,current_scale_A_m2,conversion_pct,0.04593292670330984,0.048800024721392526
164,current_scale_A_m2,conversion_pct,0.0702279986682075,0.051804921806094806
165,current_scale_A_m2,conversion_pct,0.060139400044078584,0.048930909737114545
166,current_scale_A_m2,conversion_pct,0.03481248254452518,0.05556918266413962
167,current_scale_A_m2,conversion_pct,0.09621970431028759,0.049074602804122104
168,current_scale_A_m2,conversion_pct,0.04820227655583398,0.05421103722862822
169,current_scale_A_m2,conversion_pct,0.05216528285807198,0.06075212577546631
170,current_scale_A_m2,conversion_pct,-0.0043969195500217495,0.046464627810757574
171,current_scale_A_m2,conversion_pct,0.17348177709742385,0.05124356882900803
172,current_scale_A_m2,conversion_pct,0.1622146568936379,0.06212654001706726
173,current_scale_A_m2,conversion_pct,0.10994420615688338,0.043123634069067496
174,current_scale_A_m2,conversion_pct,0.1446305088814711,0.05754258967919081
175,current_scale_A_m2,conversion_pct,0.056871485343346295,0.06262919844929808
176,current_scale_A_m2,conversion_pct,-0.006673148935158579,0.05038633472836143
177,current_scale_A_m2,conversion_pct,0.045079138440537125,0.055076277268966786
178,current_scale_A_m2,conversion_pct,0.03175388836105697,0.04977555011270014
179,current_scale_A_m2,conversion_pct,0.10721297339953495,0.045508581163830907
180,current_scale_A_m2,conversion_pct,0.0694037369661985,0.053397297848142324
181,current_scale_A_m2,conversion_pct,0.09456563666275863,0.05980202972721734
182,current_scale_A_m2,conversion_pct,0.09568600911157976,0.05581902924805001
183,current_scale_A_m2,conversion_pct,0.08850969735415481,0.04780887940790649
184,current_scale_A_m2,conversion_pct,0.06157883384557672,0.04941711436062923
185,current_scale_A_m2,conversion_pct,0.05850648936219183,0.04953968372153902
186,current_scale_A_m2,conversion_pct,0.027487520471241922,0.057225272882156245
187,current_scale_A_m2,conversion_pct,0.0251167705751838,0.06335562175088422
188,current_scale_A_m2,conversion_pct,-0.007322846081272649,0.05735893838839478
189,current_scale_A_m2,conversion_pct,0.01256738851857131,0.043442877025343364
190,current_scale_A_m2,conversion_pct,0.027587540575761516,0.05419602646124926
191,current_scale_A_m2,conversion_pct,0.15513090774429694,0.05032262560091602
192,current_scale_A_m2,conversion_pct,0.09649092103549917,0.0505726462711157
193,current_scale_A_m2,conversion_pct,0.02682829743126547,0.04671023965934602
194,current_scale_A_m2,conversion_pct,0.004478447700635768,0.05747006530223137
195,current_scale_A_m2,conversion_pct,0.16597916922193146,0.05159734056063672
196,current_scale_A_m2,conversion_pct,-0.025282578217651563,0.05178101846787888
197,current_scale_A_m2,conversion_pct,-0.05881166651964187,0.056689925049889185
198,current_scale_A_m2,conversion_pct,0.23412076951576333,0.05211741074865643
199,current_scale_A_m2,conversion_pct,0.05978914127535184,0.058030415026487044
200,current_scale_A_m2,conversion_pct,0.0220853790952249,0.04701050638181492
201,current_scale_A_m2,conversion_pct,0.21004968596923046,0.046431757234208934
202,current_scale_A_m2,conversion_pct,0.0008441730280054349,0.05737331427264113
203,current_scale_A_m2,conversion_pct,0.08078968375902473,0.04492505273703374
204,current_scale_A_m2,conversion_pct,-0.011673058672603931,0.04693111206373288
205,current_scale_A_m2,conversion_pct,0.07861459245376701,0.061514801427187675
206,current_scale_A_m2,conversion_pct,0.06438582428418149,0.06018307272795319
207,current_scale_A_m2,conversion_pct,0.01411824208470347,0.05631099368016785
208,current_scale_A_m2,conversion_pct,0.12699896565832225,0.058393210051161805
209,current_scale_A_m2,conversion_pct,0.07839168371934735,0.043057519417007174
210,current_scale_A_m2,conversion_pct,-0.004274514018498987,0.06060943731125291
211,current_scale_A_m2,conversion_pct,-0.06736814191799656,0.04468872842306314
212,current_scale_A_m2,conversion_pct,-0.03771413898864062,0.047591814114471616
213,current_scale_A_m2,conversion_pct,0.1339408180910121,0.0491683406563924
214,current_scale_A_m2,conversion_pct,0.04586112316239577,0.05262536106132265
215,current_scale_A_m2,conversion_pct,0.04627449761464264,0.05126852108210695
216,current_scale_A_m2,conversion_pct,-0.0052240257123259415,0.05559882462422431
217,current_scale_A_m2,conversion_pct,0.1904570292407627,0.060557326083459706
218,current_scale_A_m2,conversion_pct,0.04081210912859912,0.04554626778744414
219,current_scale_A_m2,conversion_pct,-0.029880601040762178,0.052788473974980925
220,current_scale_A_m2,conversion_pct,0.11312167977366505,0.0550096690150642
221,current_scale_A_m2,conversion_pct,0.02551969678261934,0.05416689402453799
222,current_scale_A_m2,conversion_pct,0.04401231580333431,0.05294607109277452
223,current_scale_A_m2,conversion_pct,0.003983773225514131,0.04715978820195348
224,current_scale_A_m2,conversion_pct,0.00788383928872105,0.06897936916129904
225,current_scale_A_m2,conversion_pct,0.05115792940592867,0.05299446439316358
226,current_scale_A_m2,conversion_pct,0.0555598751276003,0.05943237865295388
227,current_scale_A_m2,conversion_pct,0.036579212194384425,0.05305137695319723
228,current_scale_A_m2,conversion_pct,0.0679738064685369,0.053714129963831424
229,current_scale_A_m2,conversion_pct,0.04160353888771939,0.05862391945617858
230,current_scale_A_m2,conversion_pct,0.11901211596044048,0.0520525183197687
231,current_scale_A_m2,conversion_pct,0.07373919212923918,0.06256376205082702
232,current_scale_A_m2,conversion_pct,0.10180380543616618,0.05163442054321193
233,current_scale_A_m2,conversion_pct,0.061996624097366726,0.0485771910521971
234,current_scale_A_m2,conversion_pct,0.016020819732522673,0.049648654256114845
235,current_scale_A_m2,conversion_pct,0.17437769171473794,0.05555498246951941
236,current_scale_A_m2,conversion_pct,0.0883766182541158,0.06418519063515056
237,current_scale_A_m2,conversion_pct,0.15790503457259897,0.059970693534488036
238,current_scale_A_m2,conversion_pct,0.10686447011441536,0.058822644417199574
239,current_scale_A_m2,conversion_pct,-0.015384821075432598,0.04374424516709246
240,current_scale_A_m2,conversion_pct,0.10118566070744495,0.05199476875677313
241,current_scale_A_m2,conversion_pct,-0.1000546961161819,0.05103130722589995
242,current_scale_A_m2,conversion_pct,-0.011453994099969389,0.06160291097076553
243,current_scale_A_m2,conversion_pct,0.08254429154899778,0.04685683608961686
244,current_scale_A_m2,conversion_pct,0.02192800957191776,0.048970726862605785
245,current_scale_A_m2,conversion_pct,-0.008501393068920615,0.06159430066006179
246,current_scale_A_m2,conversion_pct,0.07311264909431592,0.05545694173596511
247,current_scale_A_m2,conversion_pct,0.14446880583080723,0.048454527545771654
248,current_scale_A_m2,conversion_pct,0.056847870741119744,0.04720729361631808
249,current_scale_A_m2,conversion_pct,0.08101435683038194,0.0481584232476457
250,current_scale_A_m2,conversion_pct,-0.018658432804978364,0.04743566829519205
251,current_scale_A_m2,conversion_pct,0.0926740038426932,0.03710951463369021
252,current_scale_A_m2,conversion_pct,-0.014259847027823236,0.05137362768986188
253,current_scale_A_m2,conversion_pct,0.09575128991002979,0.056730912675361816
254,current_scale_A_m2,conversion_pct,0.06424177092249861,0.05825819345494657
255,current_scale_A_m2,conversion_pct,0.11556301700136751,0.047859381542443805
256,current_scale_A_m2,conversion_pct,0.07614112870811152,0.04406332948608452
257,current_scale_A_m2,conversion_pct,0.12841195402706196,0.04813496561237531
258,current_scale_A_m2,conversion_pct,-0.013617954001871047,0.05639503108828442
259,current_scale_A_m2,conversion_pct,0.1067377207971405,0.05538235444789302
260,current_scale_A_m2,conversion_pct,0.18116127778317737,0.04984773998552864
261,current_scale_A_m2,conversion_pct,-0.009060023000205364,0.06358459417453588
262,current_scale_A_m2,conversion_pct,0.148663628809523,0.057149550110749354
263,current_scale_A_m2,conversion_pct,-0.0591625208908213,0.0512305606030085
264,current_scale_A_m2,conversion_pct,-0.029834624260512532,0.04593098975125831
265,current_scale_A_m2,conversion_pct,-0.028266995005951756,0.05533453701312942
266,current_scale_A_m2,conversion_pct,0.12755939548845963,0.07035529605143603
267,current_scale_A_m2,conversion_pct,-0.044552500413153284,0.05411490441116148
268,current_scale_A_m2,conversion_pct,0.0894048116369246,0.051216619227863316
269,current_scale_A_m2,conversion_pct,-0.02292998059383078,0.049218629198799824
270,current_scale_A_m2,conversion_pct,0.024056107521955306,0.05734537499388044
271,current_scale_A_m2,conversion_pct,0.01961314651427848,0.053033599015128725
272,current_scale_A_m2,conversion_pct,0.010474837957027527,0.058473653599468385
273,current_scale_A_m2,conversion_pct,0.19153716798895315,0.04800273159651335
274,current_scale_A_m2,conversion_pct,0.051393162978115914,0.057299169829962374
275,current_scale_A_m2,conversion_pct,0.011762754137254139,0.04768621963635938
276,current_scale_A_m2,conversion_pct,0.03807292626423697,0.052104339852419856
277,current_scale_A_m2,conversion_pct,-0.03928615623445597,0.06487553717434093
278,current_scale_A_m2,conversion_pct,0.08349394318524939,0.05718015431394325
279,current_scale_A_m2,conversion_pct,-0.07066438902132766,0.0510506214537653
280,current_scale_A_m2,conversion_pct,0.06984760094485643,0.04393246065355602
281,current_scale_A_m2,conversion_pct,-0.03606738799314768,0.053819946257800434
282,current_scale_A_m2,conversion_pct,0.034638562846718624,0.06106529309905286
283,current_scale_A_m2,conversion_pct,0.1639753976346371,0.056664792047444325
284,current_scale_A_m2,conversion_pct,-0.047831152572096025,0.05131394060575628
285,current_scale_A_m2,conversion_pct,0.05669026977409575,0.0547265390450856
286,current_scale_A_m2,conversion_pct,0.060947134635869205,0.053570911192811405
287,current_scale_A_m2,conversion_pct,-0.003480098941542664,0.05794101022199091
288,current_scale_A_m2,conversion_pct,0.010394183443646399,0.047479894797308964
289,current_scale_A_m2,conversion_pct,0.005007863529732592,0.05154646959018208
290,current_scale_A_m2,conversion_pct,-0.014946007950252804,0.04421196676990355
291,current_scale_A_m2,conversion_pct,-0.031550301492919264,0.060559111565057236
292,current_scale_A_m2,conversion_pct,0.057063207704564634,0.052492337068900205
293,current_scale_A_m2,conversion_pct,0.12045941319342401,0.05423891336191871
294,current_scale_A_m2,conversion_pct,0.051452127695387095,0.05110591912059501
295,current_scale_A_m2,conversion_pct,0.025218617906526353,0.05204715729218556
296,current_scale_A_m2,conversion_pct,0.04457098631751322,0.06309787475093008
297,current_scale_A_m2,conversion_pct,0.05273346704448045,0.051816674094796
298,current_scale_A_m2,conversion_pct,0.06762563868289839,0.05828711126018933
299,current_scale_A_m2,conversion_pct,0.1201266527421535,0.06335864560761392
300,current_scale_A_m2,conversion_pct,0.1528776824885355,0.05362604663072017
301,current_scale_A_m2,conversion_pct,0.0532614438475435,0.05143518118727225
302,current_scale_A_m2,conversion_pct,0.007791394677299834,0.052583015319691354
303,current_scale_A_m2,conversion_pct,0.11885134155288346,0.05284033080142715
304,current_scale_A_m2,conversion_pct,0.03811046404122098,0.049587201622117466
305,current_scale_A_m2,conversion_pct,0.09197627185055046,0.05118303727913988
306,current_scale_A_m2,conversion_pct,0.046890745668883516,0.05348788958787157
307,current_scale_A_m2,conversion_pct,0.06952639420318818,0.059741703272367955
308,current_scale_A_m2,conversion_pct,0.014051347202330033,0.058066877828180735
309,current_scale_A_m2,conversion_pct,0.010109730481815182,0.058767742690495235
310,current_scale_A_m2,conversion_pct,0.12887805003911523,0.03618143278757249
311,current_scale_A_m2,conversion_pct,0.13920613312993457,0.05285714404180611
312,current_scale_A_m2,conversion_pct,0.13481341438620909,0.05140356628782523
313,current_scale_A_m2,conversion_pct,0.005237530939779411,0.05719495652879278
314,current_scale_A_m2,conversion_pct,0.16998361097088566,0.05638302984595943
315,current_scale_A_m2,conversion_pct,0.09094615784133586,0.057070878761293235
316,current_scale_A_m2,conversion_pct,0.07290523143668914,0.05730462533015644
317,current_scale_A_m2,conversion_pct,-0.013238874728850769,0.061471876271856
318,current_scale_A_m2,conversion_pct,0.0703488941291548,0.05972819181589345
319,current_scale_A_m2,conversion_pct,-0.04462651845991972,0.058883207136704314
320,current_scale_A_m2,conversion_pct,0.1324758678461052,0.05423529812261688
321,current_scale_A_m2,conversion_pct,-0.0011888227754905945,0.05206717158045488
322,current_scale_A_m2,conversion_pct,0.0326535556569173,0.05491367511522045
323,current_scale_A_m2,conversion_pct,0.04975376265820508,0.05673578467753361
324,current_scale_A_m2,conversion_pct,0.04163247459495567,0.056707685245221434
325,current_scale_A_m2,conversion_pct,-0.01627414690511153,0.04623489021095691
326,current_scale_A_m2,conversion_pct,0.04924438329959768,0.04224183757450095
327,current_scale_A_m2,conversion_pct,-0.02193447388500047,0.056744512272726526
328,current_scale_A_m2,conversion_pct,0.08840890504767518,0.05896803233007721
329,current_scale_A_m2,conversion_pct,-0.02548211517664911,0.05332458090797958
330,current_scale_A_m2,conversion_pct,-0.037857062411882136,0.04752094066117346
331,current_scale_A_m2,conversion_pct,-0.055540578257803785,0.059129286594541454
332,current_scale_A_m2,conversion_pct,-0.001304204380433438,0.04672642256583086
333,current_scale_A_m2,conversion_pct,0.005861940290281309,0.06852014447362591
334,current_scale_A_m2,conversion_pct,0.12509149000981556,0.056631947091100934
335,current_scale_A_m2,conversion_pct,0.05885457815426631,0.045955893973399414
336,current_scale_A_m2,conversion_pct,0.0807365118860538,0.0554409926288096
337,current_scale_A_m2,conversion_pct,0.058486290709536704,0.04791063276061583
338,current_scale_A_m2,conversion_pct,-0.02103356673586143,0.05610223635564619
339,current_scale_A_m2,conversion_pct,0.024712566301306804,0.05060390398581395
340,current_scale_A_m2,conversion_pct,0.037525884620493444,0.04405711956848471
341,current_scale_A_m2,conversion_pct,0.0818850211623906,0.05499081902029774
342,current_scale_A_m2,conversion_pct,0.08852495569308094,0.059420564914990544
343,current_scale_A_m2,conversion_pct,0.12421423144719723,0.044937530608085946
344,current_scale_A_m2,conversion_pct,-0.006473729506229153,0.053265595460218494
345,current_scale_A_m2,conversion_pct,-0.011271615457305817,0.0504554431589776
346,current_scale_A_m2,conversion_pct,0.1149643117447855,0.0457296078086552
347,current_scale_A_m2,conversion_pct,0.11781217358577123,0.056535449546533396
348,current_scale_A_m2,conversion_pct,0.1904743918086833,0.0485932947178574
349,current_scale_A_m2,conversion_pct,-0.07176203852095542,0.046323404028069885
350,current_scale_A_m2,conversion_pct,0.08084862879033161,0.05253095117710725
351,current_scale_A_m2,conversion_pct,-0.01429862006085525,0.0572253669169825
352,current_scale_A_m2,conversion_pct,0.09359226282949684,0.059948854974522785
353,current_scale_A_m2,conversion_pct,0.0018599894041956277,0.052260930803191046
354,current_scale_A_m2,conversion_pct,0.03535842902334019,0.062015152421016934
355,current_scale_A_m2,conversion_pct,0.07647743857215972,0.061375197686563784
356,current_scale_A_m2,conversion_pct,-0.0011398251348015975,0.056176163573977936
357,current_scale_A_m2,conversion_pct,0.04591699831418938,0.04629018622178811
358,current_scale_A_m2,conversion_pct,0.06454563151655424,0.050113142348607885
359,current_scale_A_m2,conversion_pct,-0.07977187705906141,0.06646764359604991
360,current_scale_A_m2,conversion_pct,0.10192730683184181,0.054399815351879266
361,current_scale_A_m2,conversion_pct,0.03249960510520822,0.057520440198200816
362,current_scale_A_m2,conversion_pct,0.06572763153939354,0.05164926920672108
363,current_scale_A_m2,conversion_pct,0.1608426240300399,0.04985288922363596
364,current_scale_A_m2,conversion_pct,0.14882497267798622,0.061194069414597214
365,current_scale_A_m2,conversion_pct,0.1036218484715914,0.06579329992614565
366,current_scale_A_m2,conversion_pct,0.092406939986727,0.0525252197870416
367,current_scale_A_m2,conversion_pct,0.04091305413030932,0.04540769524189617
368,current_scale_A_m2,conversion_pct,-0.0015829654291734663,0.06108817379455037
369,current_scale_A_m2,conversion_pct,0.08155955200120524,0.05180078991135127
370,current_scale_A_m2,conversion_pct,0.04870771431758958,0.0552088677002533
371,current_scale_A_m2,conversion_pct,-0.0023035218506115562,0.04782454840469164
372,current_scale_A_m2,conversion_pct,0.027189172894226066,0.0592212199370261
373,current_scale_A_m2,conversion_pct,0.1399904348130412,0.051026873800191185
374,current_scale_A_m2,conversion_pct,0.10596843491330121,0.05793514879699324
375,current_scale_A_m2,conversion_pct,0.106809119183359,0.0591667205618471
376,current_scale_A_m2,conversion_pct,0.05257762568144386,0.06516432048845586
377,current_scale_A_m2,conversion_pct,0.015782529946011037,0.05092274323116765
378,current_scale_A_m2,conversion_pct,0.011067963217415988,0.05211458573377792
379,current_scale_A_m2,conversion_pct,0.12214023554124498,0.05282076077682845
380,current_scale_A_m2,conversion_pct,0.01582030251549249,0.060447949045863814
381,current_scale_A_m2,conversion_pct,0.007812239079037497,0.05603999881758146
382,current_scale_A_m2,conversion_pct,-0.05244065885973992,0.053526524590400006
383,current_scale_A_m2,conversion_pct,0.10617606486130715,0.06183045924005628
384,current_scale_A_m2,conversion_pct,0.021133678878476392,0.05211314372276555
385,current_scale_A_m2,conversion_pct,0.043303576044462,0.0600967000014318
386,current_scale_A_m2,conversion_pct,0.09075799221955616,0.05153396924149997
387,current_scale_A_m2,conversion_pct,0.09697516097070691,0.05310882434168541
388,current_scale_A_m2,conversion_pct,0.21457950676097848,0.0523422615574206
389,current_scale_A_m2,conversion_pct,-0.0805853269408301,0.05399110629533579
390,current_scale_A_m2,conversion_pct,0.04761994700870509,0.05604620188187156
391,current_scale_A_m2,conversion_pct,0.05965265443428991,0.06608114200094115
392,current_scale_A_m2,conversion_pct,0.07346411636338457,0.04949111227738048
393,current_scale_A_m2,conversion_pct,0.17435167558992526,0.048638739639854586
394,current_scale_A_m2,conversion_pct,0.05738484326034321,0.041400021196366744
395,current_scale_A_m2,conversion_pct,0.08881797414434278,0.05549066179233093
396,current_scale_A_m2,conversion_pct,0.005326695201417042,0.05212485189034578
397,current_scale_A_m2,conversion_pct,-0.005424475696748532,0.0439211360027395
398,current_scale_A_m2,conversion_pct,0.1527400854963421,0.04692348330140965
399,current_scale_A_m2,conversion_pct,0.09972998818165935,0.058764521554155166
400,current_scale_A_m2,conversion_pct,-0.004446210681751106,0.0623245005826223
401,current_scale_A_m2,conversion_pct,0.16990591275366274,0.051884907288072823
402,current_scale_A_m2,conversion_pct,0.052623921198171386,0.057312803026985194
403,current_scale_A_m2,conversion_pct,0.07940668579692711,0.06065346942794184
404,current_scale_A_m2,conversion_pct,-0.03109213624778917,0.05136564162709399
405,current_scale_A_m2,conversion_pct,0.11585059739208636,0.04745570289354688
406,current_scale_A_m2,conversion_pct,0.051499039441152306,0.05146089417181746
407,current_scale_A_m2,conversion_pct,0.11144908039129853,0.04620792400299427
408,current_scale_A_m2,conversion_pct,0.023532544418291224,0.06831871063645867
409,current_scale_A_m2,conversion_pct,0.12684337560330916,0.044839035261003406
410,current_scale_A_m2,conversion_pct,0.0310933564366368,0.047871815968810884
411,current_scale_A_m2,conversion_pct,0.032305322100560474,0.0621309712176315
412,current_scale_A_m2,conversion_pct,0.10772198312155878,0.06377040459940027
413,current_scale_A_m2,conversion_pct,0.05557299037803909,0.050593743405969956
414,current_scale_A_m2,conversion_pct,-0.014762296378493689,0.051283287131003226
415,current_scale_A_m2,conversion_pct,0.09036101562993126,0.06179935716912664
416,current_scale_A_m2,conversion_pct,-0.028671356253755498,0.048685066885937156
417,current_scale_A_m2,conversion_pct,0.11526940449414391,0.052133939019094605
418,current_scale_A_m2,conversion_pct,0.054225941080371376,0.04958704638706718
419,current_scale_A_m2,conversion_pct,0.09851556956161,0.05896848678406425
420,current_scale_A_m2,conversion_pct,0.0690842480033459,0.049719612292600086
421,current_scale_A_m2,conversion_pct,-0.0274063967749254,0.06277120430960928
422,current_scale_A_m2,conversion_pct,0.14546043615580573,0.056086493566858166
423,current_scale_A_m2,conversion_pct,0.03372154231883262,0.05721837332102785
424,current_scale_A_m2,conversion_pct,0.06018430045679546,0.044987984001270374
425,current_scale_A_m2,conversion_pct,0.058347117918629565,0.05325836477290884
426,current_scale_A_m2,conversion_pct,0.1174238263020384,0.05098731904360414
427,current_scale_A_m2,conversion_pct,0.016338383869308637,0.0645248917443796
428,current_scale_A_m2,conversion_pct,0.057695048033170826,0.05315539711182668
429,current_scale_A_m2,conversion_pct,0.03983177508096447,0.059975472756394345
430,current_scale_A_m2,conversion_pct,0.15327957537105175,0.046557756137366166
431,current_scale_A_m2,conversion_pct,-0.001710944038447293,0.05861318782358591
432,current_scale_A_m2,conversion_pct,0.14571164591156494,0.04858259888000867
433,current_scale_A_m2,conversion_pct,0.07365354090371157,0.058756616815906285
434,current_scale_A_m2,conversion_pct,0.12600102909088062,0.06141411916220604
435,current_scale_A_m2,conversion_pct,0.0662230510963957,0.058014187583348274
436,current_scale_A_m2,conversion_pct,0.13903012630348732,0.057830715472826255
437,current_scale_A_m2,conversion_pct,-0.022047376083132786,0.04381643126785411
438,current_scale_A_m2,conversion_pct,0.03914785959228195,0.05594431148655864
439,current_scale_A_m2,conversion_pct,0.052487274856415356,0.04345692126838796
440,current_scale_A_m2,conversion_pct,0.1250197651897098,0.04322848497601758
441,current_scale_A_m2,conversion_pct,0.06525754871234501,0.043364859704941194
442,current_scale_A_m2,conversion_pct,-0.021727597139425736,0.056421671195271306
443,current_scale_A_m2,conversion_pct,0.06133580614446266,0.055739578686826136
444,current_scale_A_m2,conversion_pct,0.00747675011283111,0.04759769622010632
445,current_scale_A_m2,conversion_pct,0.1045085824449028,0.05335716646623103
446,current_scale_A_m2,conversion_pct,0.2070714193970098,0.04864476089546648
447,current_scale_A_m2,conversion_pct,0.009644790646950119,0.05335404802451475
448,current_scale_A_m2,conversion_pct,0.047696807507156325,0.05044062557432238
449,current_scale_A_m2,conversion_pct,0.026610424533656918,0.05210102842387299
450,current_scale_A_m2,conversion_pct,0.004401666590148179,0.05263328274171539
451,current_scale_A_m2,conversion_pct,0.09205515192974034,0.05723034141664203
452,current_scale_A_m2,conversion_pct,-0.03921524879173188,0.050944957136937696
453,current_scale_A_m2,conversion_pct,-0.027841243937316795,0.048364486013164364
454,current_scale_A_m2,conversion_pct,0.06285282261793557,0.05733467180384063
455,current_scale_A_m2,conversion_pct,0.15184756783685938,0.058576014150293496
456,current_scale_A_m2,conversion_pct,0.045144063451535765,0.052823227530921286
457,current_scale_A_m2,conversion_pct,0.012988461366678639,0.049102853180515736
458,current_scale_A_m2,conversion_pct,0.002850660425652074,0.05004848703757241
459,current_scale_A_m2,conversion_pct,0.05277046090329829,0.049558379873165186
460,current_scale_A_m2,conversion_pct,0.030954211457260516,0.04883136560930959
461,current_scale_A_m2,conversion_pct,0.12841844342199948,0.05156610564440808
462,current_scale_A_m2,conversion_pct,0.0756905450306411,0.059251769955001324
463,current_scale_A_m2,conversion_pct,0.09612534147666119,0.05089909967775509
464,current_scale_A_m2,conversion_pct,0.10688697900179023,0.060590016846738814
465,current_scale_A_m2,conversion_pct,0.04858734363698003,0.0609855763548691
466,current_scale_A_m2,conversion_pct,-0.033449053131119344,0.051354495700755114
467,current_scale_A_m2,conversion_pct,0.013681579343475025,0.05796023857883419
468,current_scale_A_m2,conversion_pct,0.0031120096397380115,0.03982718621644682
469,current_scale_A_m2,conversion_pct,0.026823183604361867,0.050551324807362956
470,current_scale_A_m2,conversion_pct,-0.013577103840282767,0.05044489315354689
471,current_scale_A_m2,conversion_pct,0.07902698648423467,0.05146673999674962
472,current_scale_A_m2,conversion_pct,0.15746859290452697,0.04591088062491303
473,current_scale_A_m2,conversion_pct,0.0667160135224979,0.054585869759971484
474,current_scale_A_m2,conversion_pct,-0.013389349427036956,0.05350895152358709
475,current_scale_A_m2,conversion_pct,0.09229576315060617,0.05234009835801055
476,current_scale_A_m2,conversion_pct,0.022050332163700004,0.04891872375659351
477,current_scale_A_m2,conversion_pct,0.12759824667741526,0.04962348474783758
478,current_scale_A_m2,conversion_pct,0.1990365265189702,0.04796853006750544
479,current_scale_A_m2,conversion_pct,0.13144965405480646,0.0612516162805578
480,current_scale_A_m2,conversion_pct,0.040874354809951496,0.05364748610839255
481,current_scale_A_m2,conversion_pct,0.009574651454916205,0.06154304836509982
482,current_scale_A_m2,conversion_pct,0.10130777636636978,0.06431346244610173
483,current_scale_A_m2,conversion_pct,0.06556419955882453,0.04726389249824263
484,current_scale_A_m2,conversion_pct,-0.0011538534806849743,0.05186964851012966
485,current_scale_A_m2,conversion_pct,0.02713845324313191,0.05575465319187727
486,current_scale_A_m2,conversion_pct,0.1001464530249071,0.0459021608435835
487,current_scale_A_m2,conversion_pct,0.0008830098082007742,0.057110980096470663
488,current_scale_A_m2,conversion_pct,0.016782794788073985,0.04679681030881814
489,current_scale_A_m2,conversion_pct,0.07064438143524299,0.06225173396396969
490,current_scale_A_m2,conversion_pct,0.07814296075059413,0.054463142666987825
491,current_scale_A_m2,conversion_pct,-0.03308163657452301,0.0521470789722059
492,current_scale_A_m2,conversion_pct,0.0861389694403858,0.0666526451777678
493,current_scale_A_m2,conversion_pct,0.12673244912138437,0.04855070222393524
494,current_scale_A_m2,conversion_pct,-0.05560119613432901,0.048011219753778436
495,current_scale_A_m2,conversion_pct,0.032359113590490596,0.04938954633631801
496,current_scale_A_m2,conversion_pct,0.007715258152674709,0.0499988029629133
497,current_scale_A_m2,conversion_pct,0.04742364382209796,0.061049044169835726
498,current_scale_A_m2,conversion_pct,-0.005803293024712719,0.05145392373632183
499,current_scale_A_m2,conversion_pct,0.11320219425863043,0.05020821833635235
0,current_scale_A_m2,current_A,0.07635398181076336,0.049839677558340685
1,current_scale_A_m2,current_A,0.0773129583672586,0.051270541045229566
2,current_scale_A_m2,current_A,0.12377126863156585,0.06363663235596169
3,current_scale_A_m2,current_A,0.11952830958413374,0.04572327220812147
4,current_scale_A_m2,current_A,-0.009776824989410793,0.05046130765021044
5,current_scale_A_m2,current_A,0.09065944919780067,0.05972234547795146
6,current_scale_A_m2,current_A,0.11988543758978876,0.05145586861249358
7,current_scale_A_m2,current_A,0.04542310180318754,0.06163937215574616
8,current_scale_A_m2,current_A,0.19945265621081976,0.047491474359392674
9,current_scale_A_m2,current_A,0.10355429060387566,0.05802785983180705
10,current_scale_A_m2,current_A,0.04138286900851362,0.06393206075313015
11,current_scale_A_m2,current_A,0.11305308895270882,0.050671516861491295
12,current_scale_A_m2,current_A,-0.04607875296329755,0.05787417313300453
13,current_scale_A_m2,current_A,0.12487193437665578,0.05084635295575286
14,current_scale_A_m2,current_A,-0.050244938303302344,0.05314354538185861
15,current_scale_A_m2,current_A,0.13116934418455506,0.05852705540777722
16,current_scale_A_m2,current_A,0.047986090025706196,0.04244185146698503
17,current_scale_A_m2,current_A,0.007081751437106765,0.05201331530362225
18,current_scale_A_m2,current_A,-0.009798680120714165,0.051419364256091185
19,current_scale_A_m2,current_A,0.10334701480426811,0.05427062647231876
20,current_scale_A_m2,current_A,-0.015105208282351512,0.04802367950621081
21,current_scale_A_m2,current_A,-0.030880426494886315,0.04644535841140223
22,current_scale_A_m2,current_A,0.02562381190654517,0.05732341826524624
23,current_scale_A_m2,current_A,0.04971726732760229,0.0631168291524142
24,current_scale_A_m2,current_A,0.06756598624935461,0.05763455238931831
25,current_scale_A_m2,current_A,0.1008549385105405,0.055219407563766025
26,current_scale_A_m2,current_A,0.10458400909870125,0.056787061402243016
27,current_scale_A_m2,current_A,-0.05597851197248138,0.06045389550621416
28,current_scale_A_m2,current_A,0.032058915495100315,0.048711345290165096
29,current_scale_A_m2,current_A,0.04338958987361974,0.04939322102318563
30,current_scale_A_m2,current_A,0.0876816460215909,0.05720213555829904
31,current_scale_A_m2,current_A,-0.060812390485493806,0.0627761076887203
32,current_scale_A_m2,current_A,0.018320997812250273,0.06200994377510077
33,current_scale_A_m2,current_A,0.11587223006993219,0.05601006647891446
34,current_scale_A_m2,current_A,0.04611866394378983,0.05940763635499996
35,current_scale_A_m2,current_A,0.010642356973535994,0.054798546096718866
36,current_scale_A_m2,current_A,0.12707562456030974,0.0563043629986549
37,current_scale_A_m2,current_A,0.028755320043321597,0.06078562556284977
38,current_scale_A_m2,current_A,0.07522073491066672,0.04359056851336088
39,current_scale_A_m2,current_A,0.03666084854883234,0.05653224787349062
40,current_scale_A_m2,current_A,0.1307161038144875,0.059210283937809874
41,current_scale_A_m2,current_A,-0.02679924638138842,0.049062031128879344
42,current_scale_A_m2,current_A,0.04918229558529963,0.06207677412392572
43,current_scale_A_m2,current_A,0.0001724630927676385,0.04942227529777738
44,current_scale_A_m2,current_A,0.04289479845412891,0.055273762949823
45,current_scale_A_m2,current_A,0.10963100489890087,0.04687745457103614
46,current_scale_A_m2,current_A,0.10021324108389518,0.061257764177138505
47,current_scale_A_m2,current_A,0.06979585998459381,0.06201649977549824
48,current_scale_A_m2,current_A,-0.027994211452213813,0.055985104056563005
49,current_scale_A_m2,current_A,0.07572525795301999,0.06297090647273208
50,current_scale_A_m2,current_A,0.12520498296098848,0.050038517265508155
51,current_scale_A_m2,current_A,-0.12416307880628463,0.04396499960716588
52,current_scale_A_m2,current_A,0.0920147584683314,0.04869593235534916
53,current_scale_A_m2,current_A,-0.03637032965471154,0.05455126015060739
54,current_scale_A_m2,current_A,0.08569028822246638,0.04667890151468799
55,current_scale_A_m2,current_A,0.14991030287100593,0.0519979788679047
56,current_scale_A_m2,current_A,-0.0038208398391454956,0.05311067919584468
57,current_scale_A_m2,current_A,0.026347949504317847,0.049163823582145307
58,current_scale_A_m2,current_A,0.12418586258559805,0.057468281249241505
59,current_scale_A_m2,current_A,0.07686682359915953,0.06193982860820349
60,current_scale_A_m2,current_A,0.14096264675912773,0.0560003299221267
61,current_scale_A_m2,current_A,0.0720714180502211,0.05438569925409411
62,current_scale_A_m2,current_A,0.032426218445015254,0.05506769216962603
63,current_scale_A_m2,current_A,0.047620010762652876,0.058918659828493695
64,current_scale_A_m2,current_A,0.0030090924197889724,0.048006080979937894
65,current_scale_A_m2,current_A,0.014353129940059883,0.05822362642961481
66,current_scale_A_m2,current_A,-0.006289515289581438,0.050252725223623194
67,current_scale_A_m2,current_A,0.029045705288879953,0.0607596811688289
68,current_scale_A_m2,current_A,-0.013483845271184736,0.057040496333233846
69,current_scale_A_m2,current_A,0.026938943853910713,0.053646121772882735
70,current_scale_A_m2,current_A,0.062212191568544184,0.07203783682025633
71,current_scale_A_m2,current_A,0.04522607516348398,0.05330556098351099
72,current_scale_A_m2,current_A,0.047299145807939036,0.05872822319118915
73,current_scale_A_m2,current_A,-0.08894524160311379,0.057116567559042694
74,current_scale_A_m2,current_A,-0.11713541806199301,0.04990098252839543
75,current_scale_A_m2,current_A,-0.054578689892315735,0.05293149856003362
76,current_scale_A_m2,current_A,0.025383781414428097,0.0594603548975931
77,current_scale_A_m2,current_A,0.09163792122824677,0.050489312351742616
78,current_scale_A_m2,current_A,0.12656658433919854,0.05004383917730667
79,current_scale_A_m2,current_A,-0.05965862959513557,0.05432179520175743
80,current_scale_A_m2,current_A,0.09199134251679464,0.05515526421846651
81,current_scale_A_m2,current_A,0.009261732045699356,0.04490172405234149
82,current_scale_A_m2,current_A,0.015627914873846405,0.04907623597178748
83,current_scale_A_m2,current_A,0.18988748851778747,0.06142010720865216
84,current_scale_A_m2,current_A,0.01802101443285764,0.06310057248297112
85,current_scale_A_m2,current_A,0.21343394873571653,0.05290740027463571
86,current_scale_A_m2,current_A,0.015211725756767436,0.05385963320947175
87,current_scale_A_m2,current_A,0.012790778400276093,0.05031826545089605
88,current_scale_A_m2,current_A,0.045064170593884234,0.04590033010891679
89,current_scale_A_m2,current_A,0.07766150568242958,0.05632485716167701
90,current_scale_A_m2,current_A,-0.0001421996131432124,0.04964482053853602
91,current_scale_A_m2,current_A,0.019159932047716044,0.055717139698647236
92,current_scale_A_m2,current_A,0.015076046086157091,0.05539199325195349
93,current_scale_A_m2,current_A,-0.16563484648547577,0.05547202174934404
94,current_scale_A_m2,current_A,0.036001991281352175,0.05613808611774053
95,current_scale_A_m2,current_A,0.051892828405427194,0.06391238854621985
96,current_scale_A_m2,current_A,0.056827287555375694,0.06123891602442046
97,current_scale_A_m2,current_A,0.04918265095937768,0.05416503849417464
98,current_scale_A_m2,current_A,-0.0013802037255696842,0.05333136167758371
99,current_scale_A_m2,current_A,0.08941915546432111,0.05797059334255156
100,current_scale_A_m2,current_A,0.05129991806668133,0.06642996359700315
101,current_scale_A_m2,current_A,0.072651151027332,0.054977033193076646
102,current_scale_A_m2,current_A,0.1056705984801537,0.05927503859221965
103,current_scale_A_m2,current_A,-0.01770238719016559,0.061015392603521644
104,current_scale_A_m2,current_A,-0.060112171496911504,0.06927370380906209
105,current_scale_A_m2,current_A,0.12231463151915445,0.055900659747986484
106,current_scale_A_m2,current_A,-0.020775075223882444,0.05276018711404828
107,current_scale_A_m2,current_A,0.022636970451775484,0.05742648655968443
108,current_scale_A_m2,current_A,0.07881369384572923,0.0583476348930185
109,current_scale_A_m2,current_A,-0.014719550930789804,0.04814450960188112
110,current_scale_A_m2,current_A,0.07081557539400496,0.050381513991340277
111,current_scale_A_m2,current_A,0.0419560841155977,0.05282282513583999
112,current_scale_A_m2,current_A,0.056769996132086886,0.06066245884848511
113,current_scale_A_m2,current_A,0.1047117541942515,0.044662009546900173
114,current_scale_A_m2,current_A,0.07467595914981628,0.05487971505995097
115,current_scale_A_m2,current_A,0.09112181057920854,0.056407332175574754
116,current_scale_A_m2,current_A,0.04072424723852697,0.04393285173609414
117,current_scale_A_m2,current_A,-0.06895482943589792,0.06029180609494188
118,current_scale_A_m2,current_A,0.09234276955640464,0.054645095827004296
119,current_scale_A_m2,current_A,0.12952212126035567,0.047589915871388735
120,current_scale_A_m2,current_A,0.028603364330061276,0.053065626346262204
121,current_scale_A_m2,current_A,0.04377659043962834,0.05030962613872804
122,current_scale_A_m2,current_A,0.046581924762427285,0.04920958321046043
123,current_scale_A_m2,current_A,-0.00973484097712296,0.061985272420509635
124,current_scale_A_m2,current_A,-0.07375704609331724,0.05475150709797903
125,current_scale_A_m2,current_A,0.05429566765250826,0.054853708445672354
126,current_scale_A_m2,current_A,-0.01943786436349071,0.0504187770888668
127,current_scale_A_m2,current_A,0.05629498786556386,0.057498350012751144
128,current_scale_A_m2,current_A,0.03457880187795115,0.05913485826527937
129,current_scale_A_m2,current_A,0.055274761062884536,0.05903708610603308
130,current_scale_A_m2,current_A,0.014674976054857347,0.04694714134165975
131,current_scale_A_m2,current_A,0.06542219921347825,0.06248982207561205
132,current_scale_A_m2,current_A,0.06375919128019891,0.06076640934615721
133,current_scale_A_m2,current_A,0.08306694911846813,0.057573635171790025
134,current_scale_A_m2,current_A,-0.01030816437292037,0.05034222134426757
135,current_scale_A_m2,current_A,0.04615697935173557,0.04904871591671539
136,current_scale_A_m2,current_A,-0.06450900460885833,0.06370743189822806
137,current_scale_A_m2,current_A,0.05870368098540413,0.04693579287775525
138,current_scale_A_m2,current_A,0.04407552801800252,0.055370409325502724
139,current_scale_A_m2,current_A,0.13169632955909882,0.057890417141973155
140,current_scale_A_m2,current_A,0.014988351325797233,0.055080832858062895
141,current_scale_A_m2,current_A,0.08748797816643383,0.054975484730560124
142,current_scale_A_m2,current_A,0.03853675968386805,0.0539308611860865
143,current_scale_A_m2,current_A,0.029269558791188754,0.04832561332198814
144,current_scale_A_m2,current_A,0.08158275300699802,0.06014407318574331
145,current_scale_A_m2,current_A,0.11845316697103214,0.05013503736680588
146,current_scale_A_m2,current_A,-0.059466489920871446,0.06144732319253563
147,current_scale_A_m2,current_A,0.06065179610930238,0.06590122506652502
148,current_scale_A_m2,current_A,0.06629012085463026,0.062437517814533224
149,current_scale_A_m2,current_A,0.007440569600351665,0.05714430649943087
150,current_scale_A_m2,current_A,0.0912593858185573,0.05920827972120242
151,current_scale_A_m2,current_A,0.07777187458382573,0.05191230987458069
152,current_scale_A_m2,current_A,0.12416458278935039,0.052837834316938774
153,current_scale_A_m2,current_A,0.022170532017252054,0.052109553031940085
154,current_scale_A_m2,current_A,-0.04625961995041683,0.06643101002565938
155,current_scale_A_m2,current_A,0.15225369453365944,0.05243324036196466
156,current_scale_A_m2,current_A,-0.10281970813804198,0.04627026252768958
157,current_scale_A_m2,current_A,0.043888547238854936,0.058353549367416165
158,current_scale_A_m2,current_A,0.014281649376911343,0.05205223277099865
159,current_scale_A_m2,current_A,0.03311862291331691,0.060294786130237775
160,current_scale_A_m2,current_A,0.002595737044143953,0.054706394954955974
161,current_scale_A_m2,current_A,0.12781105833993822,0.062224202898136786
162,current_scale_A_m2,current_A,0.12260952769853639,0.04488066172656699
163,current_scale_A_m2,current_A,0.05881339100861738,0.051483596697152266
164,current_scale_A_m2,current_A,0.08383301348355976,0.049715394997648765
165,current_scale_A_m2,current_A,0.05125138876635005,0.056000722579252794
166,current_scale_A_m2,current_A,0.05176370721560464,0.057413523685120815
167,current_scale_A_m2,current_A,0.08472696649216493,0.055268270567581275
168,current_scale_A_m2,current_A,0.02451090789938215,0.05617078868872597
169,current_scale_A_m2,current_A,0.03693471446552521,0.05880161129942933
170,current_scale_A_m2,current_A,-0.06715941615093812,0.047943579309291974
171,current_scale_A_m2,current_A,0.1880422195360717,0.054275766460263254
172,current_scale_A_m2,current_A,0.08735936133350863,0.06455677586888542
173,current_scale_A_m2,current_A,0.00886081566990471,0.04482027142055848
174,current_scale_A_m2,current_A,0.07597893818507462,0.0559732705061095
175,current_scale_A_m2,current_A,0.021344759675378522,0.06222515533255011
176,current_scale_A_m2,current_A,0.042175205055118514,0.052015957844157246
177,current_scale_A_m2,current_A,0.05840348698422293,0.059610045844137316
178,current_scale_A_m2,current_A,-0.043497405621270024,0.05180848337660123
179,current_scale_A_m2,current_A,0.18488973989590618,0.04857228691697762
180,current_scale_A_m2,current_A,0.09168751443571843,0.05373203368961578
181,current_scale_A_m2,current_A,0.014320856229742107,0.06156002659827051
182,current_scale_A_m2,current_A,0.1297448515303582,0.05499095389615069
183,current_scale_A_m2,current_A,0.11041328948473406,0.05092531918605059
184,current_scale_A_m2,current_A,0.05282967204317779,0.05475523075518914
185,current_scale_A_m2,current_A,0.027378013372100996,0.05219387106153177
186,current_scale_A_m2,current_A,-0.04269670932682823,0.062278099692351506
187,current_scale_A_m2,current_A,0.07006693699480793,0.06651531230201363
188,current_scale_A_m2,current_A,-0.017909873926046593,0.06129241765628154
189,current_scale_A_m2,current_A,0.028750529034295536,0.044360404136271105
190,current_scale_A_m2,current_A,0.004319645847692621,0.05817458034167143
191,current_scale_A_m2,current_A,0.16922005295327236,0.04912678271772468
192,current_scale_A_m2,current_A,0.07462714354279976,0.054799276703819434
193,current_scale_A_m2,current_A,0.02122650903779033,0.0487691192739077
194,current_scale_A_m2,current_A,0.11353485412009501,0.06162656246013107
195,current_scale_A_m2,current_A,0.1955198185503838,0.053903939910243934
196,current_scale_A_m2,current_A,-0.004504280276899086,0.056194258009000395
197,current_scale_A_m2,current_A,-0.0873421551032727,0.05375415527295602
198,current_scale_A_m2,current_A,0.17767120911410694,0.052025545144329874
199,current_scale_A_m2,current_A,0.07311817754143057,0.06118637144976884
200,current_scale_A_m2,current_A,0.05526434655621559,0.04772319986898143
201,current_scale_A_m2,current_A,0.1683769777851295,0.04897506735647243
202,current_scale_A_m2,current_A,0.07573951980583615,0.061053938871726686
203,current_scale_A_m2,current_A,0.054756978578353044,0.044883253915898154
204,current_scale_A_m2,current_A,0.09467277613299996,0.049365088486577474
205,current_scale_A_m2,current_A,0.08318872910916975,0.06315235952537566
206,current_scale_A_m2,current_A,0.14027486995563943,0.06308983735187763
207,current_scale_A_m2,current_A,-0.004545499268599151,0.05544787496841902
208,current_scale_A_m2,current_A,0.13861381527722694,0.059910282327921824
209,current_scale_A_m2,current_A,0.05537545144106781,0.045637298157523085
210,current_scale_A_m2,current_A,0.00579476854136507,0.05962079520857714
211,current_scale_A_m2,current_A,-0.06113326041860745,0.04926912838988016
212,current_scale_A_m2,current_A,-0.055478320487965416,0.05270188749655206
213,current_scale_A_m2,current_A,0.1656463616231132,0.05307250869566913
214,current_scale_A_m2,current_A,0.06716100494495303,0.054837722203071336
215,current_scale_A_m2,current_A,0.050853871470108336,0.054720157476869445
216,current_scale_A_m2,current_A,0.03287554444811358,0.051344686179973995
217,current_scale_A_m2,current_A,0.17018461534670148,0.06132875628438852
218,current_scale_A_m2,current_A,0.047476768211695775,0.052186368370977704
219,current_scale_A_m2,current_A,-0.0021230523234869736,0.052883186828276404
220,current_scale_A_m2,current_A,0.07571815465197518,0.05650293776196812
221,current_scale_A_m2,current_A,0.054070825381125176,0.057798957773077905
222,current_scale_A_m2,current_A,0.05569453449094208,0.05490718554560766
223,current_scale_A_m2,current_A,0.028441451810405916,0.046540486619537
224,current_scale_A_m2,current_A,0.027751651269984356,0.067035513416583
225,current_scale_A_m2,current_A,0.04495154383517086,0.051036398658652594
226,current_scale_A_m2,current_A,-9.464808362613653e-05,0.06228055582912534
227,current_scale_A_m2,current_A,0.14452223035970213,0.05623249521651613
228,current_scale_A_m2,current_A,0.038966374466396614,0.05134895535644509
229,current_scale_A_m2,current_A,-0.025579585854090592,0.05673244185344227
230,current_scale_A_m2,current_A,0.08514722336882252,0.05399963956595773
231,current_scale_A_m2,current_A,0.08329964598521944,0.06155615530368433
232,current_scale_A_m2,current_A,0.10776669492002866,0.05458837012168227
233,current_scale_A_m2,current_A,0.07344366738593189,0.05255136400485877
234,current_scale_A_m2,current_A,0.016765132370444635,0.04910700059944536
235,current_scale_A_m2,current_A,0.10372838059908329,0.059627486135204015
236,current_scale_A_m2,current_A,0.0710589687895049,0.06100640660278824
237,current_scale_A_m2,current_A,0.18496783342667744,0.06033149003674922
238,current_scale_A_m2,current_A,0.05186879372126296,0.06110879148555674
239,current_scale_A_m2,current_A,-0.031480498343380736,0.048098559820436135
240,current_scale_A_m2,current_A,0.10174768065448392,0.05337025999324367
241,current_scale_A_m2,current_A,-0.05437539971384009,0.05416087602707027
242,current_scale_A_m2,current_A,0.03133004585042487,0.061339633953058637
243,current_scale_A_m2,current_A,0.10428417852103566,0.04889191735591196
244,current_scale_A_m2,current_A,0.015283734673520732,0.05347696508512442
245,current_scale_A_m2,current_A,0.0054234253151804745,0.06308683863737918
246,current_scale_A_m2,current_A,0.03637395506342833,0.05575858354149358
247,current_scale_A_m2,current_A,0.14148925383127164,0.05147712281852932
248,current_scale_A_m2,current_A,0.060818063999155014,0.04990998840935457
249,current_scale_A_m2,current_A,0.022073489080038033,0.05288845102448872
250,current_scale_A_m2,current_A,-0.0627042159137996,0.05648994903884432
251,current_scale_A_m2,current_A,0.08132635435650848,0.03804418217379172
252,current_scale_A_m2,current_A,0.021042425072342996,0.049683682673679966
253,current_scale_A_m2,current_A,0.0728056748426883,0.056922132327811154
254,current_scale_A_m2,current_A,0.10883831812943823,0.06630539220910434
255,current_scale_A_m2,current_A,0.0613913546283299,0.04866024895887032
256,current_scale_A_m2,current_A,0.05768258387580516,0.04464132182071884
257,current_scale_A_m2,current_A,0.08489141880446383,0.048430442673290296
258,current_scale_A_m2,current_A,0.0391681600362761,0.05727975224788976
259,current_scale_A_m2,current_A,0.057872826499580254,0.05505906029671831
260,current_scale_A_m2,current_A,0.18600176642721,0.047842321172973545
261,current_scale_A_m2,current_A,0.06525131878755697,0.06557106791541019
262,current_scale_A_m2,current_A,0.07121761726459874,0.055878397728388714
263,current_scale_A_m2,current_A,-0.033374528196519204,0.05056024324191845
264,current_scale_A_m2,current_A,-0.043842937136748805,0.04995189592563102
265,current_scale_A_m2,current_A,-0.0647299163434043,0.05534559109343706
266,current_scale_A_m2,current_A,0.09264252581507082,0.06441601289943359
267,current_scale_A_m2,current_A,-0.03308266736942156,0.0508112601142463
268,current_scale_A_m2,current_A,0.04244509818064823,0.05749327293174134
269,current_scale_A_m2,current_A,-0.03698804519917265,0.0521212019130072
270,current_scale_A_m2,current_A,-0.006012854924025479,0.059840047823717886
271,current_scale_A_m2,current_A,0.11279088007183646,0.054407165263957204
272,current_scale_A_m2,current_A,0.023673370504012192,0.055773751340239465
273,current_scale_A_m2,current_A,0.07812794207489138,0.05028180558258223
274,current_scale_A_m2,current_A,0.06810896900044794,0.05631436761860585
275,current_scale_A_m2,current_A,-0.010511681641377502,0.0487855712832865
276,current_scale_A_m2,current_A,-0.02761247923444876,0.05469894622164207
277,current_scale_A_m2,current_A,-0.045279780147511106,0.05844839906926546
278,current_scale_A_m2,current_A,0.08046478776808008,0.0551515158460993
279,current_scale_A_m2,current_A,-0.10617472531770678,0.057259752398724106
280,current_scale_A_m2,current_A,0.0496872951059566,0.04419095756461693
281,current_scale_A_m2,current_A,-0.05324258188406028,0.05823625896939859
282,current_scale_A_m2,current_A,0.040627411942009806,0.06332657632369249
283,current_scale_A_m2,current_A,0.12222496178147291,0.058087489948710394
284,current_scale_A_m2,current_A,-0.051799818328148506,0.05172627190579556
285,current_scale_A_m2,current_A,-0.028458886303067255,0.052024345544462294
286,current_scale_A_m2,current_A,0.0773911693938244,0.05834961568936125
287,current_scale_A_m2,current_A,-0.005511470985243738,0.06006534412872822
288,current_scale_A_m2,current_A,-0.05417988365247406,0.046779199430213185
289,current_scale_A_m2,current_A,0.08742033195774035,0.055580952323228065
290,current_scale_A_m2,current_A,0.018837530975940098,0.04662675030934415
291,current_scale_A_m2,current_A,0.042694467342789255,0.05836087734527058
292,current_scale_A_m2,current_A,0.07206272883330445,0.054299603778023384
293,current_scale_A_m2,current_A,0.1294477187116827,0.055254169664786766
294,current_scale_A_m2,current_A,0.0573526801974199,0.055259387319763986
295,current_scale_A_m2,current_A,0.005250483504738335,0.05215243244782326
296,current_scale_A_m2,current_A,0.09410923476452282,0.06485041286345536
297,current_scale_A_m2,current_A,0.0047202694375054755,0.05346070259747822
298,current_scale_A_m2,current_A,0.09400186569630009,0.05584128568076075
299,current_scale_A_m2,current_A,0.12229786833596268,0.06231920967236781
300,current_scale_A_m2,current_A,0.14059173693188232,0.05603456374019111
301,current_scale_A_m2,current_A,0.05917788539451907,0.05273113859809275
302,current_scale_A_m2,current_A,0.03382706411794234,0.0539650735292443
303,current_scale_A_m2,current_A,0.061280119944384426,0.05348224365055793
304,current_scale_A_m2,current_A,-0.002969221316122539,0.04958078508333238
305,current_scale_A_m2,current_A,0.08626729009143408,0.05465053037264473
306,current_scale_A_m2,current_A,-0.00934648314440012,0.05714921996417921
307,current_scale_A_m2,current_A,0.1393882054107961,0.06014734614705101
308,current_scale_A_m2,current_A,-0.06986860631042524,0.05577071916005943
309,current_scale_A_m2,current_A,-0.02617103640248719,0.05863904432338489
310,current_scale_A_m2,current_A,0.10521820517675029,0.04024213186863014
311,current_scale_A_m2,current_A,0.1785351118955354,0.05623987611121448
312,current_scale_A_m2,current_A,0.06384313113008921,0.055982696307217195
313,current_scale_A_m2,current_A,-0.03573974778198652,0.05758254345689737
314,current_scale_A_m2,current_A,0.13841967343733974,0.05958733083521094
315,current_scale_A_m2,current_A,0.05579080617179599,0.0578151122656464
316,current_scale_A_m2,current_A,-0.0258237389348841,0.05878242088831486
317,current_scale_A_m2,current_A,-0.09544709939744589,0.06377354830750835
318,current_scale_A_m2,current_A,0.13503641453954218,0.06382592298275741
319,current_scale_A_m2,current_A,-0.0014104093400850726,0.06253405381065005
320,current_scale_A_m2,current_A,0.1424310019448498,0.057366746960262616
321,current_scale_A_m2,current_A,-0.04299637252228883,0.05513331935520399
322,current_scale_A_m2,current_A,0.10427158872351383,0.05865811711775096
323,current_scale_A_m2,current_A,0.07434668473813755,0.057960642083987504
324,current_scale_A_m2,current_A,0.007220277687971399,0.0591972610303695
325,current_scale_A_m2,current_A,-0.010974290966498712,0.04547044578707605
326,current_scale_A_m2,current_A,0.1325160471545337,0.04400106431661681
327,current_scale_A_m2,current_A,-0.11509198830855283,0.057901309533939724
328,current_scale_A_m2,current_A,0.03841900320119662,0.05794415737814856
329,current_scale_A_m2,current_A,0.041015124904919875,0.055984526197804835
330,current_scale_A_m2,current_A,0.013785052938458553,0.049820492847541566
331,current_scale_A_m2,current_A,-0.07203452776350905,0.05646994000493645
332,current_scale_A_m2,current_A,0.10588002730554347,0.0488398546254608
333,current_scale_A_m2,current_A,0.0015222787490125622,0.07237749686186695
334,current_scale_A_m2,current_A,0.005690639423084232,0.060463904132848245
335,current_scale_A_m2,current_A,-0.013636364846494109,0.05175562295145957
336,current_scale_A_m2,current_A,0.08432973118091602,0.058697733689232034
337,current_scale_A_m2,current_A,0.04356576511500787,0.05188297746285763
338,current_scale_A_m2,current_A,-0.023304472007420918,0.06102140694842292
339,current_scale_A_m2,current_A,0.062362488498334145,0.05227008364784035
340,current_scale_A_m2,current_A,0.07910641353020242,0.04616747612489076
341,current_scale_A_m2,current_A,0.020461859496565205,0.055602077547745286
342,current_scale_A_m2,current_A,0.02795176610494643,0.06152395839584688
343,current_scale_A_m2,current_A,0.2174642621374412,0.045935064353534116
344,current_scale_A_m2,current_A,-0.01869673418506501,0.05901579403855311
345,current_scale_A_m2,current_A,-0.009044273639724487,0.050564186483558426
346,current_scale_A_m2,current_A,0.10369506850490695,0.04910855027278401
347,current_scale_A_m2,current_A,0.06956157604954127,0.058061437876409557
348,current_scale_A_m2,current_A,0.11658500467397603,0.0505721223912323
349,current_scale_A_m2,current_A,-0.04596349238010666,0.0466101212738256
350,current_scale_A_m2,current_A,0.0817086650025286,0.05306405736439766
351,current_scale_A_m2,current_A,0.05994067444642215,0.06584776979222262
352,current_scale_A_m2,current_A,0.07335264240720307,0.059235299094977295
353,current_scale_A_m2,current_A,-0.03537890873318328,0.05667014454422727
354,current_scale_A_m2,current_A,0.04024377421625569,0.07334570972601652
355,current_scale_A_m2,current_A,0.047601682137290546,0.06365654716937026
356,current_scale_A_m2,current_A,0.01879779619430988,0.06022701734683501
357,current_scale_A_m2,current_A,0.06116522532218882,0.049897680008106286
358,current_scale_A_m2,current_A,0.057683984678045586,0.051263698835139614
359,current_scale_A_m2,current_A,-0.028107915227314262,0.06190812444645767
360,current_scale_A_m2,current_A,0.01658694356508139,0.05994158590315702
361,current_scale_A_m2,current_A,0.05583979076733736,0.0602592670333486
362,current_scale_A_m2,current_A,0.009266960735268337,0.05219165106934501
363,current_scale_A_m2,current_A,0.1865825377782806,0.04844258372665484
364,current_scale_A_m2,current_A,0.12403326745158127,0.06316275350461095
365,current_scale_A_m2,current_A,0.06365838307821992,0.0665603248148237
366,current_scale_A_m2,current_A,0.11140308668990251,0.05661326989631451
367,current_scale_A_m2,current_A,0.002831493408866792,0.04633771021779395
368,current_scale_A_m2,current_A,0.0437261105155633,0.061038148083356704
369,current_scale_A_m2,current_A,0.14676640924517992,0.0501386725908209
370,current_scale_A_m2,current_A,-0.0035095260150850294,0.05636041789607995
371,current_scale_A_m2,current_A,0.05390781940919909,0.04685580124367582
372,current_scale_A_m2,current_A,-0.028395116008680832,0.058269836549658505
373,current_scale_A_m2,current_A,0.1229392763519801,0.05444157738660199
374,current_scale_A_m2,current_A,0.17592218718475228,0.06416901908207526
375,current_scale_A_m2,current_A,0.13283363318786,0.062451536110007394
376,current_scale_A_m2,current_A,-0.013124980703261402,0.06508335804418403
377,current_scale_A_m2,current_A,0.008872719797772821,0.05427441651369988
378,current_scale_A_m2,current_A,0.04328826288788612,0.055351229306635975
379,current_scale_A_m2,current_A,0.11529672089528609,0.05415760553396689
380,current_scale_A_m2,current_A,0.024237044143027964,0.06163823012727472
381,current_scale_A_m2,current_A,0.052586068890550064,0.05429652042072448
382,current_scale_A_m2,current_A,-0.003853921863000709,0.056608958000156744
383,current_scale_A_m2,current_A,0.0929669930659145,0.06231092846690323
384,current_scale_A_m2,current_A,0.07559134054595462,0.055304098786643
385,current_scale_A_m2,current_A,-0.004161947669070409,0.061449439430763496
386,current_scale_A_m2,current_A,0.09194552238820719,0.05170590853497267
387,current_scale_A_m2,current_A,0.06691159677450431,0.05383997611052543
388,current_scale_A_m2,current_A,0.22816565662521948,0.05500603219307372
389,current_scale_A_m2,current_A,-0.06998222627710526,0.052975679124923326
390,current_scale_A_m2,current_A,0.02173196610148298,0.055422622833587176
391,current_scale_A_m2,current_A,0.0683483610921165,0.07406666497788958
392,current_scale_A_m2,current_A,0.02553935183942113,0.0492962048130742
393,current_scale_A_m2,current_A,0.16846624330589144,0.05545480321232026
394,current_scale_A_m2,current_A,0.0996541352109207,0.040677224760007576
395,current_scale_A_m2,current_A,0.05271991848251956,0.06131053061416483
396,current_scale_A_m2,current_A,-0.0017878506180843967,0.051224793545043404
397,current_scale_A_m2,current_A,-0.026745901152439577,0.046074270367464594
398,current_scale_A_m2,current_A,0.14808901209714698,0.04759406605256599
399,current_scale_A_m2,current_A,0.02550791857092838,0.061479225757067504
400,current_scale_A_m2,current_A,0.033278566070349735,0.0653280016804991
401,current_scale_A_m2,current_A,0.17239704740627348,0.053521990845252984
402,current_scale_A_m2,current_A,0.05558221092338711,0.056292058407762635
403,current_scale_A_m2,current_A,0.07902998511052695,0.05863054563965285
404,current_scale_A_m2,current_A,-0.019588907500910135,0.059200840948941076
405,current_scale_A_m2,current_A,0.06479725449894469,0.04992614458891275
406,current_scale_A_m2,current_A,0.004069456609081978,0.054233435331808015
407,current_scale_A_m2,current_A,0.09026181593872207,0.05109369942327287
408,current_scale_A_m2,current_A,0.02849038672021742,0.06860878203019326
409,current_scale_A_m2,current_A,0.09607508738246961,0.04425577865163593
410,current_scale_A_m2,current_A,0.08769080038743482,0.051150838460492024
411,current_scale_A_m2,current_A,-0.02055604160736002,0.06473816330468149
412,current_scale_A_m2,current_A,0.05221190676720666,0.06725234478743124
413,current_scale_A_m2,current_A,0.08742807447013412,0.05427064875889377
414,current_scale_A_m2,current_A,0.06972579967417392,0.04988737466720158
415,current_scale_A_m2,current_A,0.07978100370480423,0.05939508964953803
416,current_scale_A_m2,current_A,0.07143002162770273,0.048332775118953224
417,current_scale_A_m2,current_A,0.12234161302016466,0.053575810556911754
418,current_scale_A_m2,current_A,0.06783981275603734,0.0491651475862639
419,current_scale_A_m2,current_A,0.14091223549526755,0.06198685012254708
420,current_scale_A_m2,current_A,0.08517087812393898,0.050880982868004666
421,current_scale_A_m2,current_A,-0.11447629524871794,0.0667618886493741
422,current_scale_A_m2,current_A,0.12046787194793251,0.05801942065777093
423,current_scale_A_m2,current_A,0.06256792676137579,0.06151389363138496
424,current_scale_A_m2,current_A,0.04508057427279277,0.04507014146940377
425,current_scale_A_m2,current_A,-0.0024498783910409383,0.0555981372903527
426,current_scale_A_m2,current_A,0.1218579499969149,0.052664752973488084
427,current_scale_A_m2,current_A,0.0405633840510069,0.0687465063267165
428,current_scale_A_m2,current_A,0.0532596381588476,0.05204266576677141
429,current_scale_A_m2,current_A,0.042300051218935986,0.05699174516438484
430,current_scale_A_m2,current_A,0.026109837915203382,0.04920468511879686
431,current_scale_A_m2,current_A,0.04167038581624671,0.058323403417390354
432,current_scale_A_m2,current_A,0.044838763230899414,0.04777227766454638
433,current_scale_A_m2,current_A,0.11584992190351573,0.06047973930465226
434,current_scale_A_m2,current_A,0.07220844494475454,0.06557971987629233
435,current_scale_A_m2,current_A,0.008512624017649628,0.06061034713906044
436,current_scale_A_m2,current_A,0.11202847960305207,0.056891173945800545
437,current_scale_A_m2,current_A,0.07584129933929129,0.04559081218920525
438,current_scale_A_m2,current_A,0.08131925587322031,0.05999584355907879
439,current_scale_A_m2,current_A,0.054015288618472046,0.04778292659138552
440,current_scale_A_m2,current_A,0.11770219917298297,0.047850173823013216
441,current_scale_A_m2,current_A,0.07323427101392954,0.04561855955423665
442,current_scale_A_m2,current_A,0.02025590082424944,0.06281945372179164
443,current_scale_A_m2,current_A,0.026407969882777382,0.053540470804043554
444,current_scale_A_m2,current_A,0.011120591848064465,0.04908925926504893
445,current_scale_A_m2,current_A,0.07702243164974099,0.055674337556064706
446,current_scale_A_m2,current_A,0.17891027097555123,0.05414861653812565
447,current_scale_A_m2,current_A,0.05919480151018164,0.05431870716594132
448,current_scale_A_m2,current_A,-0.031074246704560604,0.05141862861358946
449,current_scale_A_m2,current_A,0.014180254856921981,0.052505153066145276
450,current_scale_A_m2,current_A,0.011917763750019295,0.0518452184392875
451,current_scale_A_m2,current_A,0.14691414374159406,0.052938594667377076
452,current_scale_A_m2,current_A,0.028910919959786563,0.055235249543006855
453,current_scale_A_m2,current_A,0.010619480764147315,0.053846256175566036
454,current_scale_A_m2,current_A,0.00917142855870523,0.05685015809659962
455,current_scale_A_m2,current_A,0.10793110230964886,0.05686201608404739
456,current_scale_A_m2,current_A,0.08078433448127642,0.05537797309468349
457,current_scale_A_m2,current_A,0.055861064544964756,0.049466309302888554
458,current_scale_A_m2,current_A,0.03269568136068535,0.05671206216845946
459,current_scale_A_m2,current_A,0.07464648379869587,0.052614283228922525
460,current_scale_A_m2,current_A,0.014779334517017961,0.05181573855531421
461,current_scale_A_m2,current_A,0.12474998023483252,0.05423437355925522
462,current_scale_A_m2,current_A,0.019184116320124178,0.06077838924650004
463,current_scale_A_m2,current_A,0.08799722080769912,0.050794424331126846
464,current_scale_A_m2,current_A,0.002932689573402314,0.061304113022118606
465,current_scale_A_m2,current_A,0.030517789185684707,0.06755099146859676
466,current_scale_A_m2,current_A,0.013842682041828036,0.055060613127508894
467,current_scale_A_m2,current_A,-0.022076161182688736,0.056015439612972506
468,current_scale_A_m2,current_A,0.013878167183694279,0.04063110793478884
469,current_scale_A_m2,current_A,0.0016213840228080922,0.05162994523045184
470,current_scale_A_m2,current_A,0.0120619046040924,0.054152337025146643
471,current_scale_A_m2,current_A,0.09439660373448333,0.059430671785341276
472,current_scale_A_m2,current_A,0.09567851875982614,0.04514274966370463
473,current_scale_A_m2,current_A,0.036766302614707924,0.057273959481774835
474,current_scale_A_m2,current_A,0.03285135516927762,0.054316627126475295
475,current_scale_A_m2,current_A,0.11363685215021846,0.04998511629983058
476,current_scale_A_m2,current_A,0.025552172911678328,0.051498497570429985
477,current_scale_A_m2,current_A,0.03899055744969193,0.05252447573576013
478,current_scale_A_m2,current_A,0.1803696665860638,0.05130419677499459
479,current_scale_A_m2,current_A,0.04192037219947542,0.06318211142553165
480,current_scale_A_m2,current_A,0.02257159998185454,0.05030745953932824
481,current_scale_A_m2,current_A,-0.02859396159864014,0.06022168437111464
482,current_scale_A_m2,current_A,0.07350598229758687,0.06251432673779393
483,current_scale_A_m2,current_A,0.11599091745938672,0.050181649190505266
484,current_scale_A_m2,current_A,-0.005837250457065846,0.05145239419349879
485,current_scale_A_m2,current_A,-0.0029359335938266007,0.05749904025238624
486,current_scale_A_m2,current_A,0.03748433254906369,0.050715319963153635
487,current_scale_A_m2,current_A,0.010180390415056917,0.05656562156576851
488,current_scale_A_m2,current_A,0.033453784459145264,0.0505429313421544
489,current_scale_A_m2,current_A,0.11059776396775922,0.06300195949827164
490,current_scale_A_m2,current_A,0.055513835962694325,0.05906988826225557
491,current_scale_A_m2,current_A,-0.01307768617501237,0.05385409414022796
492,current_scale_A_m2,current_A,0.05991625860294236,0.07004828052322937
493,current_scale_A_m2,current_A,0.13046567658659802,0.04937159586180985
494,current_scale_A_m2,current_A,0.011403302278525818,0.04931584073786105
495,current_scale_A_m2,current_A,0.010066161300686605,0.048184611298755335
496,current_scale_A_m2,current_A,-0.02327520172138131,0.05215234418202806
497,current_scale_A_m2,current_A,0.05376508485702336,0.06338958943388173
498,current_scale_A_m2,current_A,0.047218843879967665,0.05533777532612316
499,current_scale_A_m2,current_A,0.01956148414275216,0.051249626804163034
0,current_scale_A_m2,STY_assumed_product_kg_m3_day,0.03835775687078036,0.030232382894902765
1,current_scale_A_m2,STY_assumed_product_kg_m3_day,0.0908953535552226,0.033351728137209054
2,current_scale_A_m2,STY_assumed_product_kg_m3_day,0.13803611911636782,0.037439661798895914
3,current_scale_A_m2,STY_assumed_product_kg_m3_day,0.04295529774116558,0.027811602808156023
4,current_scale_A_m2,STY_assumed_product_kg_m3_day,-0.04938495111350072,0.031121529999474897
5,current_scale_A_m2,STY_assumed_product_kg_m3_day,0.0737443592709377,0.037408415700275865
6,current_scale_A_m2,STY_assumed_product_kg_m3_day,0.0923690884002516,0.030986108990405412
7,current_scale_A_m2,STY_assumed_product_kg_m3_day,0.030427702586444894,0.03872555674678963
8,current_scale_A_m2,STY_assumed_product_kg_m3_day,0.22849371350758685,0.029226854831657406
9,current_scale_A_m2,STY_assumed_product_kg_m3_day,0.1520016471467236,0.03558809216716628
10,current_scale_A_m2,STY_assumed_product_kg_m3_day,0.02730068274966535,0.03716627582899148
11,current_scale_A_m2,STY_assumed_product_kg_m3_day,0.08883658122644922,0.032489956780422345
12,current_scale_A_m2,STY_assumed_product_kg_m3_day,-0.075018839952391,0.03444497070562533
13,current_scale_A_m2,STY_assumed_product_kg_m3_day,0.09585913564165205,0.032258614776726466
14,current_scale_A_m2,STY_assumed_product_kg_m3_day,-0.0683837800972662,0.03252026506572507
15,current_scale_A_m2,STY_assumed_product_kg_m3_day,0.10371708278424074,0.03443011682705325
16,current_scale_A_m2,STY_assumed_product_kg_m3_day,0.05508239048120367,0.027060091440617034
17,current_scale_A_m2,STY_assumed_product_kg_m3_day,0.004579610610019325,0.033032474789920635
18,current_scale_A_m2,STY_assumed_product_kg_m3_day,-0.05066906186661346,0.03085855145166263
19,current_scale_A_m2,STY_assumed_product_kg_m3_day,0.020141505088191347,0.03206303083950451
20,current_scale_A_m2,STY_assumed_product_kg_m3_day,0.006030649924387843,0.03054806262963431
21,current_scale_A_m2,STY_assumed_product_kg_m3_day,-0.07200509678874023,0.029223243047567404
22,current_scale_A_m2,STY_assumed_product_kg_m3_day,-0.05324102607313086,0.03322494613542109
23,current_scale_A_m2,STY_assumed_product_kg_m3_day,0.03009242327730699,0.03694735964156404
24,current_scale_A_m2,STY_assumed_product_kg_m3_day,0.06257595458683096,0.03490339266155251
25,current_scale_A_m2,STY_assumed_product_kg_m3_day,0.02697467183232427,0.03316591905440161
26,current_scale_A_m2,STY_assumed_product_kg_m3_day,0.1123272376497858,0.03289975547207926
27,current_scale_A_m2,STY_assumed_product_kg_m3_day,-0.07179209320662072,0.03580268779522027
28,current_scale_A_m2,STY_assumed_product_kg_m3_day,0.06534204482509043,0.02942795453284062
29,current_scale_A_m2,STY_assumed_product_kg_m3_day,0.0026062734234536533,0.032686655997365206
30,current_scale_A_m2,STY_assumed_product_kg_m3_day,0.1449068865369456,0.034197860697268836
31,current_scale_A_m2,STY_assumed_product_kg_m3_day,-0.0059114795783064,0.03598663103165454
32,current_scale_A_m2,STY_assumed_product_kg_m3_day,-0.017290261224700787,0.03783786240523702
33,current_scale_A_m2,STY_assumed_product_kg_m3_day,0.039400647354687846,0.035471834774945574
34,current_scale_A_m2,STY_assumed_product_kg_m3_day,0.06064975188679245,0.036274201721049795
35,current_scale_A_m2,STY_assumed_product_kg_m3_day,-0.05805314161342445,0.03313031493210516
36,current_scale_A_m2,STY_assumed_product_kg_m3_day,0.13438062876363233,0.03563450070419675
37,current_scale_A_m2,STY_assumed_product_kg_m3_day,-0.04496117774242414,0.03566142170015496
38,current_scale_A_m2,STY_assumed_product_kg_m3_day,0.029512637267525288,0.02530569346152887
39,current_scale_A_m2,STY_assumed_product_kg_m3_day,0.0004292337306419647,0.033543565138028746
40,current_scale_A_m2,STY_assumed_product_kg_m3_day,0.05716343207612917,0.0340827859211044
41,current_scale_A_m2,STY_assumed_product_kg_m3_day,-0.0026335548429188282,0.028136416323412156
42,current_scale_A_m2,STY_assumed_product_kg_m3_day,0.07698915490528568,0.037547610227425865
43,current_scale_A_m2,STY_assumed_product_kg_m3_day,0.05610463093062945,0.029737829537847555
44,current_scale_A_m2,STY_assumed_product_kg_m3_day,0.008669198945742917,0.03146018529243368
45,current_scale_A_m2,STY_assumed_product_kg_m3_day,0.048134760512742125,0.029209227675201236
46,current_scale_A_m2,STY_assumed_product_kg_m3_day,0.11464812306866135,0.03765531137073502
47,current_scale_A_m2,STY_assumed_product_kg_m3_day,0.05977704322949973,0.03705597988944466
48,current_scale_A_m2,STY_assumed_product_kg_m3_day,0.026760630654648065,0.03457771901393799
49,current_scale_A_m2,STY_assumed_product_kg_m3_day,0.08201980761151151,0.03885902280558103
50,current_scale_A_m2,STY_assumed_product_kg_m3_day,0.16980995950795352,0.03018868731854433
51,current_scale_A_m2,STY_assumed_product_kg_m3_day,-0.1307143092772607,0.028580770922758344
52,current_scale_A_m2,STY_assumed_product_kg_m3_day,0.12003705456682101,0.02988248835491408
53,current_scale_A_m2,STY_assumed_product_kg_m3_day,0.01814081234275655,0.03235592215741921
54,current_scale_A_m2,STY_assumed_product_kg_m3_day,0.10578857906043915,0.027377454547167206
55,current_scale_A_m2,STY_assumed_product_kg_m3_day,0.1386174179145555,0.030265681205516086
56,current_scale_A_m2,STY_assumed_product_kg_m3_day,-0.06242013372742772,0.031738159877953434
57,current_scale_A_m2,STY_assumed_product_kg_m3_day,-0.0006564335800458565,0.030524038315966937
58,current_scale_A_m2,STY_assumed_product_kg_m3_day,0.12175837388537514,0.034505654159591614
59,current_scale_A_m2,STY_assumed_product_kg_m3_day,0.10120485163312853,0.03571062047046309
60,current_scale_A_m2,STY_assumed_product_kg_m3_day,0.13872919709244447,0.035069811351835345
61,current_scale_A_m2,STY_assumed_product_kg_m3_day,0.0637403545998454,0.03474665896820268
62,current_scale_A_m2,STY_assumed_product_kg_m3_day,0.05159651460481218,0.03363513481267598
63,current_scale_A_m2,STY_assumed_product_kg_m3_day,0.01676065367766444,0.035253540821502706
64,current_scale_A_m2,STY_assumed_product_kg_m3_day,-0.015496888640944784,0.027463934630558653
65,current_scale_A_m2,STY_assumed_product_kg_m3_day,-0.04699576390719651,0.03502249760024187
66,current_scale_A_m2,STY_assumed_product_kg_m3_day,-0.03245982877301401,0.029736606087333202
67,current_scale_A_m2,STY_assumed_product_kg_m3_day,-0.017632061575075353,0.03654384503488983
68,current_scale_A_m2,STY_assumed_product_kg_m3_day,-0.005931845052743023,0.033968021757326286
69,current_scale_A_m2,STY_assumed_product_kg_m3_day,-8.354054813097811e-05,0.03247749857022941
70,current_scale_A_m2,STY_assumed_product_kg_m3_day,0.005399297133530823,0.045468163907680624
71,current_scale_A_m2,STY_assumed_product_kg_m3_day,0.0033942541855827013,0.033421232674523516
72,current_scale_A_m2,STY_assumed_product_kg_m3_day,-0.011244019962340923,0.03732264996610213
73,current_scale_A_m2,STY_assumed_product_kg_m3_day,-0.06523149251428917,0.036567470362999566
74,current_scale_A_m2,STY_assumed_product_kg_m3_day,-0.11572270835811116,0.029823401163879232
75,current_scale_A_m2,STY_assumed_product_kg_m3_day,-0.05184756892843967,0.03240795193977582
76,current_scale_A_m2,STY_assumed_product_kg_m3_day,0.048181970439281074,0.03522664466459253
77,current_scale_A_m2,STY_assumed_product_kg_m3_day,0.10363175839407646,0.028760536262269425
78,current_scale_A_m2,STY_assumed_product_kg_m3_day,0.1239361078778598,0.02944418443807934
79,current_scale_A_m2,STY_assumed_product_kg_m3_day,-0.04698342776775233,0.03221654048183744
80,current_scale_A_m2,STY_assumed_product_kg_m3_day,0.06043218524597993,0.03300771727902044
81,current_scale_A_m2,STY_assumed_product_kg_m3_day,0.020930243077152633,0.028491591078421346
82,current_scale_A_m2,STY_assumed_product_kg_m3_day,-0.014966035127545352,0.029122193562743433
83,current_scale_A_m2,STY_assumed_product_kg_m3_day,0.14348242750942342,0.036246132116743504
84,current_scale_A_m2,STY_assumed_product_kg_m3_day,0.02360348336444984,0.03678679413325775
85,current_scale_A_m2,STY_assumed_product_kg_m3_day,0.19235003740838297,0.03433254827822773
86,current_scale_A_m2,STY_assumed_product_kg_m3_day,0.028333882078628525,0.03249163880115291
87,current_scale_A_m2,STY_assumed_product_kg_m3_day,0.025942335454000265,0.030274570983519055
88,current_scale_A_m2,STY_assumed_product_kg_m3_day,0.05974685285401049,0.028344712321421432
89,current_scale_A_m2,STY_assumed_product_kg_m3_day,0.03640297312872676,0.033748855878021906
90,current_scale_A_m2,STY_assumed_product_kg_m3_day,-0.009192952461613446,0.02873692759253365
91,current_scale_A_m2,STY_assumed_product_kg_m3_day,0.01205950975604142,0.03198747939464114
92,current_scale_A_m2,STY_assumed_product_kg_m3_day,-0.04264203481369022,0.03345673192062251
93,current_scale_A_m2,STY_assumed_product_kg_m3_day,-0.15397850986301997,0.03264347554275959
94,current_scale_A_m2,STY_assumed_product_kg_m3_day,0.03982155211823768,0.034522531014029245
95,current_scale_A_m2,STY_assumed_product_kg_m3_day,0.0421694784695682,0.03801415686096441
96,current_scale_A_m2,STY_assumed_product_kg_m3_day,0.11024063469335854,0.035295965950929764
97,current_scale_A_m2,STY_assumed_product_kg_m3_day,0.04321493884853245,0.0315082671880919
98,current_scale_A_m2,STY_assumed_product_kg_m3_day,0.04825377795890862,0.03109075679465533
99,current_scale_A_m2,STY_assumed_product_kg_m3_day,0.08540117987518203,0.033521544134070096
100,current_scale_A_m2,STY_assumed_product_kg_m3_day,-0.03780365877087122,0.037714529873437236
101,current_scale_A_m2,STY_assumed_product_kg_m3_day,0.05275026795817428,0.0322017050015217
102,current_scale_A_m2,STY_assumed_product_kg_m3_day,0.05442699317789823,0.03575049630223343
103,current_scale_A_m2,STY_assumed_product_kg_m3_day,-0.004019798293547705,0.03734540433977949
104,current_scale_A_m2,STY_assumed_product_kg_m3_day,-0.08413926885538636,0.04241941960924784
105,current_scale_A_m2,STY_assumed_product_kg_m3_day,0.11172789955474716,0.03349396018036152
106,current_scale_A_m2,STY_assumed_product_kg_m3_day,0.016926726551717453,0.0315000984823483
107,current_scale_A_m2,STY_assumed_product_kg_m3_day,0.058642684738687056,0.03580962691925918
108,current_scale_A_m2,STY_assumed_product_kg_m3_day,0.054148612260908724,0.036879622217088404
109,current_scale_A_m2,STY_assumed_product_kg_m3_day,0.001112654143087588,0.0277554998913318
110,current_scale_A_m2,STY_assumed_product_kg_m3_day,0.05528365546119274,0.03004615598966664
111,current_scale_A_m2,STY_assumed_product_kg_m3_day,0.009990527370663305,0.02988195289563473
112,current_scale_A_m2,STY_assumed_product_kg_m3_day,0.03499567350983912,0.035783309849005816
113,current_scale_A_m2,STY_assumed_product_kg_m3_day,0.041407287746153876,0.026936546773790992
114,current_scale_A_m2,STY_assumed_product_kg_m3_day,0.042866372507060935,0.03321495523351321
115,current_scale_A_m2,STY_assumed_product_kg_m3_day,0.06890328331969953,0.03243729709773945
116,current_scale_A_m2,STY_assumed_product_kg_m3_day,0.08527373855048526,0.026558511036735916
117,current_scale_A_m2,STY_assumed_product_kg_m3_day,-0.1478139489263648,0.03485452564977157
118,current_scale_A_m2,STY_assumed_product_kg_m3_day,0.052009759933340116,0.03347948666706383
119,current_scale_A_m2,STY_assumed_product_kg_m3_day,0.11092977044743046,0.030085877552888586
120,current_scale_A_m2,STY_assumed_product_kg_m3_day,0.06179228328291764,0.033093015747056025
121,current_scale_A_m2,STY_assumed_product_kg_m3_day,0.010921638042754256,0.03052906424264355
122,current_scale_A_m2,STY_assumed_product_kg_m3_day,0.05899269318458722,0.02797838704865105
123,current_scale_A_m2,STY_assumed_product_kg_m3_day,-0.059418596217921005,0.036920204535147265
124,current_scale_A_m2,STY_assumed_product_kg_m3_day,0.014031878872464154,0.033047411396547426
125,current_scale_A_m2,STY_assumed_product_kg_m3_day,0.08631582738892785,0.03339089227753721
126,current_scale_A_m2,STY_assumed_product_kg_m3_day,-0.007683477743660072,0.02926617598731742
127,current_scale_A_m2,STY_assumed_product_kg_m3_day,0.09670460798410685,0.034654267062572706
128,current_scale_A_m2,STY_assumed_product_kg_m3_day,0.018947604023071274,0.035672956059534
129,current_scale_A_m2,STY_assumed_product_kg_m3_day,0.06367754809778292,0.036019173488611576
130,current_scale_A_m2,STY_assumed_product_kg_m3_day,0.05877151671239178,0.02988071481319669
131,current_scale_A_m2,STY_assumed_product_kg_m3_day,0.08311795691009727,0.0368085314604506
132,current_scale_A_m2,STY_assumed_product_kg_m3_day,0.044985387406150656,0.03748196004838425
133,current_scale_A_m2,STY_assumed_product_kg_m3_day,0.07558507106826806,0.03317315248570978
134,current_scale_A_m2,STY_assumed_product_kg_m3_day,-0.0023290270095908117,0.029686411378667468
135,current_scale_A_m2,STY_assumed_product_kg_m3_day,0.032902390414411786,0.03078678971174346
136,current_scale_A_m2,STY_assumed_product_kg_m3_day,-0.0897400442549714,0.03992516176873886
137,current_scale_A_m2,STY_assumed_product_kg_m3_day,0.019554221790417103,0.028350327804060715
138,current_scale_A_m2,STY_assumed_product_kg_m3_day,0.030748629718990284,0.033822456002894075
139,current_scale_A_m2,STY_assumed_product_kg_m3_day,0.10366067711464666,0.034858173461458065
140,current_scale_A_m2,STY_assumed_product_kg_m3_day,0.006304102028543257,0.03279153376279847
141,current_scale_A_m2,STY_assumed_product_kg_m3_day,0.07399366981265854,0.03324497402060204
142,current_scale_A_m2,STY_assumed_product_kg_m3_day,0.061631905670384124,0.032528014877701836
143,current_scale_A_m2,STY_assumed_product_kg_m3_day,0.014528723414132139,0.029220415499164695
144,current_scale_A_m2,STY_assumed_product_kg_m3_day,0.07847452310519487,0.03581966317404957
145,current_scale_A_m2,STY_assumed_product_kg_m3_day,0.1305655367706242,0.030080087987093933
146,current_scale_A_m2,STY_assumed_product_kg_m3_day,-0.10246511243797896,0.03590321234695349
147,current_scale_A_m2,STY_assumed_product_kg_m3_day,-0.002111346039344486,0.04103545986226605
148,current_scale_A_m2,STY_assumed_product_kg_m3_day,0.0518774622802044,0.03681391744929548
149,current_scale_A_m2,STY_assumed_product_kg_m3_day,-0.0807574002673288,0.03344408534444304
150,current_scale_A_m2,STY_assumed_product_kg_m3_day,0.010151115314006809,0.03351712583429872
151,current_scale_A_m2,STY_assumed_product_kg_m3_day,0.0905241863401105,0.032734810999875234
152,current_scale_A_m2,STY_assumed_product_kg_m3_day,0.12043430527743448,0.03240828656850434
153,current_scale_A_m2,STY_assumed_product_kg_m3_day,-0.026766961667649358,0.03127514029669771
154,current_scale_A_m2,STY_assumed_product_kg_m3_day,-0.07554800694264152,0.03756807539423371
155,current_scale_A_m2,STY_assumed_product_kg_m3_day,0.09227278280958962,0.03246230152602016
156,current_scale_A_m2,STY_assumed_product_kg_m3_day,-0.11676555608891515,0.02786235870868634
157,current_scale_A_m2,STY_assumed_product_kg_m3_day,0.03144884536680337,0.03316533120951511
158,current_scale_A_m2,STY_assumed_product_kg_m3_day,-0.016704068848041542,0.029830803902636996
159,current_scale_A_m2,STY_assumed_product_kg_m3_day,0.029901247349550353,0.03725597750032448
160,current_scale_A_m2,STY_assumed_product_kg_m3_day,-0.004154506445501749,0.033865935345155036
161,current_scale_A_m2,STY_assumed_product_kg_m3_day,0.12647570201205627,0.03697096732699518
162,current_scale_A_m2,STY_assumed_product_kg_m3_day,0.1150282730074853,0.027879734698337492
163,current_scale_A_m2,STY_assumed_product_kg_m3_day,0.10429008116639527,0.031467628150401925
164,current_scale_A_m2,STY_assumed_product_kg_m3_day,0.05973247759497757,0.030517030094537666
165,current_scale_A_m2,STY_assumed_product_kg_m3_day,0.0583729431645843,0.03458054520466545
166,current_scale_A_m2,STY_assumed_product_kg_m3_day,0.022846275814745742,0.035321565611946
167,current_scale_A_m2,STY_assumed_product_kg_m3_day,0.10781819220238542,0.03307962547923271
168,current_scale_A_m2,STY_assumed_product_kg_m3_day,-0.008600581041541489,0.03527380671366778
169,current_scale_A_m2,STY_assumed_product_kg_m3_day,0.08845190800696989,0.037085971164696745
170,current_scale_A_m2,STY_assumed_product_kg_m3_day,-0.05182089534760648,0.027612833315540385
171,current_scale_A_m2,STY_assumed_product_kg_m3_day,0.1547672137694972,0.03184197325420861
172,current_scale_A_m2,STY_assumed_product_kg_m3_day,0.015902493565602138,0.0382955922461836
173,current_scale_A_m2,STY_assumed_product_kg_m3_day,-0.004377773611819791,0.02652297253245755
174,current_scale_A_m2,STY_assumed_product_kg_m3_day,0.08914112895348114,0.033982278828659465
175,current_scale_A_m2,STY_assumed_product_kg_m3_day,-0.003051570490832489,0.03726138497156453
176,current_scale_A_m2,STY_assumed_product_kg_m3_day,-0.028330798437233407,0.030707549926014033
177,current_scale_A_m2,STY_assumed_product_kg_m3_day,0.10250170315095153,0.03586670871329189
178,current_scale_A_m2,STY_assumed_product_kg_m3_day,-0.08485527241825674,0.02995151698478154
179,current_scale_A_m2,STY_assumed_product_kg_m3_day,0.1479617981608905,0.02788084542642237
180,current_scale_A_m2,STY_assumed_product_kg_m3_day,0.06309679452491745,0.032492712746371576
181,current_scale_A_m2,STY_assumed_product_kg_m3_day,-0.00799183583616836,0.036482522509972304
182,current_scale_A_m2,STY_assumed_product_kg_m3_day,0.10826684493847705,0.03046251148183836
183,current_scale_A_m2,STY_assumed_product_kg_m3_day,0.10942066086930136,0.03125206876372637
184,current_scale_A_m2,STY_assumed_product_kg_m3_day,-0.005515679558560249,0.031247765152595367
185,current_scale_A_m2,STY_assumed_product_kg_m3_day,0.04643598260924264,0.030673608277020002
186,current_scale_A_m2,STY_assumed_product_kg_m3_day,-0.040530588353169694,0.03685486156966584
187,current_scale_A_m2,STY_assumed_product_kg_m3_day,0.04056588039534159,0.038947962317730254
188,current_scale_A_m2,STY_assumed_product_kg_m3_day,-0.02968122227114245,0.03688991653395504
189,current_scale_A_m2,STY_assumed_product_kg_m3_day,-0.0196461471078051,0.028484757382193943
190,current_scale_A_m2,STY_assumed_product_kg_m3_day,0.05282038302112946,0.035423571740734336
191,current_scale_A_m2,STY_assumed_product_kg_m3_day,0.11997329189299788,0.03156812091717138
192,current_scale_A_m2,STY_assumed_product_kg_m3_day,-0.03259542963626627,0.031360728182433135
193,current_scale_A_m2,STY_assumed_product_kg_m3_day,-0.03311673172592933,0.02978136603792374
194,current_scale_A_m2,STY_assumed_product_kg_m3_day,0.10710054620183795,0.03549982714975139
195,current_scale_A_m2,STY_assumed_product_kg_m3_day,0.17222396845241827,0.03422964293010544
196,current_scale_A_m2,STY_assumed_product_kg_m3_day,0.002342551540284288,0.032317095918666404
197,current_scale_A_m2,STY_assumed_product_kg_m3_day,-0.0716029794107591,0.03328847287783252
198,current_scale_A_m2,STY_assumed_product_kg_m3_day,0.164850129904497,0.03208084439096106
199,current_scale_A_m2,STY_assumed_product_kg_m3_day,0.07121689083015192,0.038145043525359135
200,current_scale_A_m2,STY_assumed_product_kg_m3_day,0.028859990363728216,0.029183018978581596
201,current_scale_A_m2,STY_assumed_product_kg_m3_day,0.14521571998852678,0.029118999389036424
202,current_scale_A_m2,STY_assumed_product_kg_m3_day,0.025155232955088036,0.03786728149451239
203,current_scale_A_m2,STY_assumed_product_kg_m3_day,0.06657038414531347,0.02612004985247415
204,current_scale_A_m2,STY_assumed_product_kg_m3_day,0.05011526886094453,0.030321391331863626
205,current_scale_A_m2,STY_assumed_product_kg_m3_day,0.07502477249544359,0.03930987992994456
206,current_scale_A_m2,STY_assumed_product_kg_m3_day,0.10905482090574103,0.03677331659430468
207,current_scale_A_m2,STY_assumed_product_kg_m3_day,-0.03934891493809123,0.03319300814266752
208,current_scale_A_m2,STY_assumed_product_kg_m3_day,0.13857791002307873,0.03653850064904308
209,current_scale_A_m2,STY_assumed_product_kg_m3_day,0.030976753765878495,0.025981419818474422
210,current_scale_A_m2,STY_assumed_product_kg_m3_day,-0.016280037589046836,0.03435955127496822
211,current_scale_A_m2,STY_assumed_product_kg_m3_day,-0.0499581383388632,0.02881201266695714
212,current_scale_A_m2,STY_assumed_product_kg_m3_day,0.010330915589809808,0.032086061022604175
213,current_scale_A_m2,STY_assumed_product_kg_m3_day,0.14306940266099577,0.031145014049896776
214,current_scale_A_m2,STY_assumed_product_kg_m3_day,0.02656350669601193,0.03367687425868841
215,current_scale_A_m2,STY_assumed_product_kg_m3_day,0.02015764780605178,0.03431651170075203
216,current_scale_A_m2,STY_assumed_product_kg_m3_day,0.017159782180761973,0.032750035599905705
217,current_scale_A_m2,STY_assumed_product_kg_m3_day,0.07846579069962034,0.037458845136570273
218,current_scale_A_m2,STY_assumed_product_kg_m3_day,-0.019149600283034696,0.030572284788984955
219,current_scale_A_m2,STY_assumed_product_kg_m3_day,-0.050707006546094835,0.033254676584089427
220,current_scale_A_m2,STY_assumed_product_kg_m3_day,0.056688464553904194,0.035022459262859455
221,current_scale_A_m2,STY_assumed_product_kg_m3_day,0.057673098981877,0.03206482254287472
222,current_scale_A_m2,STY_assumed_product_kg_m3_day,0.04100397133467226,0.03167713495429066
223,current_scale_A_m2,STY_assumed_product_kg_m3_day,0.055990309322608844,0.026060064913406157
224,current_scale_A_m2,STY_assumed_product_kg_m3_day,0.03166283221477684,0.03954195392860017
225,current_scale_A_m2,STY_assumed_product_kg_m3_day,0.011515714662332588,0.03126889295484274
226,current_scale_A_m2,STY_assumed_product_kg_m3_day,-0.030531121078525958,0.03823703183253655
227,current_scale_A_m2,STY_assumed_product_kg_m3_day,0.10385763914040003,0.03243095113461365
228,current_scale_A_m2,STY_assumed_product_kg_m3_day,0.06850836821643547,0.031613226595404394
229,current_scale_A_m2,STY_assumed_product_kg_m3_day,0.015976046846104652,0.035587661648412316
230,current_scale_A_m2,STY_assumed_product_kg_m3_day,0.07246556612705313,0.032164414506286855
231,current_scale_A_m2,STY_assumed_product_kg_m3_day,0.050151935443953244,0.039505260641495205
232,current_scale_A_m2,STY_assumed_product_kg_m3_day,0.0405401617327148,0.03284710032980029
233,current_scale_A_m2,STY_assumed_product_kg_m3_day,0.039898989512636596,0.030072851931467103
234,current_scale_A_m2,STY_assumed_product_kg_m3_day,-0.0006068115848061328,0.03081630790576603
235,current_scale_A_m2,STY_assumed_product_kg_m3_day,0.0642766571107467,0.03459674324786361
236,current_scale_A_m2,STY_assumed_product_kg_m3_day,0.12854881394932716,0.03775190598441658
237,current_scale_A_m2,STY_assumed_product_kg_m3_day,0.15840033193523972,0.038249284790597096
238,current_scale_A_m2,STY_assumed_product_kg_m3_day,0.07481150390845348,0.03644309350380164
239,current_scale_A_m2,STY_assumed_product_kg_m3_day,-0.07715981398886296,0.028758288057463898
240,current_scale_A_m2,STY_assumed_product_kg_m3_day,0.044550774132048,0.034540146621916346
241,current_scale_A_m2,STY_assumed_product_kg_m3_day,-0.03748621129845331,0.031152008021104155
242,current_scale_A_m2,STY_assumed_product_kg_m3_day,0.03033848140636075,0.03753533185368312
243,current_scale_A_m2,STY_assumed_product_kg_m3_day,0.12758189631480377,0.030862111205461402
244,current_scale_A_m2,STY_assumed_product_kg_m3_day,-0.024527587478321733,0.0326739674508808
245,current_scale_A_m2,STY_assumed_product_kg_m3_day,-0.05280005110882735,0.03815215019225096
246,current_scale_A_m2,STY_assumed_product_kg_m3_day,0.04105704872902338,0.034857474669984664
247,current_scale_A_m2,STY_assumed_product_kg_m3_day,0.09441807079947961,0.03111437083521565
248,current_scale_A_m2,STY_assumed_product_kg_m3_day,0.04252316823869884,0.02888449194053712
249,current_scale_A_m2,STY_assumed_product_kg_m3_day,0.027952584402813452,0.03209435171037879
250,current_scale_A_m2,STY_assumed_product_kg_m3_day,0.009568438426164172,0.03322318942074884
251,current_scale_A_m2,STY_assumed_product_kg_m3_day,0.08835129256467533,0.02188692696744619
252,current_scale_A_m2,STY_assumed_product_kg_m3_day,-0.020975511477951514,0.02996699989469489
253,current_scale_A_m2,STY_assumed_product_kg_m3_day,0.038971473348039964,0.032865393460765745
254,current_scale_A_m2,STY_assumed_product_kg_m3_day,0.07538754524255253,0.04068460755951523
255,current_scale_A_m2,STY_assumed_product_kg_m3_day,-0.037250261478159796,0.030214910150151465
256,current_scale_A_m2,STY_assumed_product_kg_m3_day,0.07634177457778757,0.02617242301740347
257,current_scale_A_m2,STY_assumed_product_kg_m3_day,0.018413542881528855,0.030672880341854326
258,current_scale_A_m2,STY_assumed_product_kg_m3_day,-0.06491367590550312,0.03557642278743928
259,current_scale_A_m2,STY_assumed_product_kg_m3_day,0.05721727884275185,0.034499540828904905
260,current_scale_A_m2,STY_assumed_product_kg_m3_day,0.13543346209638474,0.02945704596165715
261,current_scale_A_m2,STY_assumed_product_kg_m3_day,-0.006974391109982436,0.038806112672806356
262,current_scale_A_m2,STY_assumed_product_kg_m3_day,0.014890977011922102,0.03347651832899537
263,current_scale_A_m2,STY_assumed_product_kg_m3_day,-0.02555294946904252,0.03289539950602036
264,current_scale_A_m2,STY_assumed_product_kg_m3_day,-0.011120459186456655,0.02861714422553443
265,current_scale_A_m2,STY_assumed_product_kg_m3_day,-0.07665553973957873,0.034250368665181365
266,current_scale_A_m2,STY_assumed_product_kg_m3_day,0.08776415753866063,0.04019958135075834
267,current_scale_A_m2,STY_assumed_product_kg_m3_day,-0.036106162143948906,0.03061535143125854
268,current_scale_A_m2,STY_assumed_product_kg_m3_day,0.03905357131948217,0.034736549498884474
269,current_scale_A_m2,STY_assumed_product_kg_m3_day,-0.06372171975100072,0.03122687059875784
270,current_scale_A_m2,STY_assumed_product_kg_m3_day,-0.05396336906454424,0.0363032958620817
271,current_scale_A_m2,STY_assumed_product_kg_m3_day,0.08286953153669707,0.03322998171675898
272,current_scale_A_m2,STY_assumed_product_kg_m3_day,0.06453677826711979,0.0349076783892264
273,current_scale_A_m2,STY_assumed_product_kg_m3_day,0.04407547836672254,0.029917567601609667
274,current_scale_A_m2,STY_assumed_product_kg_m3_day,0.02322818418856787,0.0359057365510126
275,current_scale_A_m2,STY_assumed_product_kg_m3_day,-0.0008206439471647453,0.03045406365766637
276,current_scale_A_m2,STY_assumed_product_kg_m3_day,-0.030945852009903962,0.033070705936182006
277,current_scale_A_m2,STY_assumed_product_kg_m3_day,-0.0637243880142182,0.036055764976202005
278,current_scale_A_m2,STY_assumed_product_kg_m3_day,0.05562813441127623,0.03351013497547141
279,current_scale_A_m2,STY_assumed_product_kg_m3_day,-0.0614266637174985,0.03514360578022049
280,current_scale_A_m2,STY_assumed_product_kg_m3_day,0.018698792987041135,0.02789387256323449
281,current_scale_A_m2,STY_assumed_product_kg_m3_day,-0.021620501473680998,0.03613943867393665
282,current_scale_A_m2,STY_assumed_product_kg_m3_day,0.1190660152230768,0.038416164400640496
283,current_scale_A_m2,STY_assumed_product_kg_m3_day,0.056692016015723046,0.03703065571862308
284,current_scale_A_m2,STY_assumed_product_kg_m3_day,-0.02353916757424468,0.030162502760286154
285,current_scale_A_m2,STY_assumed_product_kg_m3_day,-0.08909429315597328,0.03175701898409248
286,current_scale_A_m2,STY_assumed_product_kg_m3_day,0.10594079930907818,0.03481305562276976
287,current_scale_A_m2,STY_assumed_product_kg_m3_day,0.010077642606874715,0.03650722793338913
288,current_scale_A_m2,STY_assumed_product_kg_m3_day,-0.04873870787101442,0.02892623755452715
289,current_scale_A_m2,STY_assumed_product_kg_m3_day,0.08950856936261142,0.03281332063384951
290,current_scale_A_m2,STY_assumed_product_kg_m3_day,0.019367984129491478,0.028207168295775745
291,current_scale_A_m2,STY_assumed_product_kg_m3_day,0.04490662396107248,0.03459156575991807
292,current_scale_A_m2,STY_assumed_product_kg_m3_day,0.08282883846296141,0.03380208174007894
293,current_scale_A_m2,STY_assumed_product_kg_m3_day,0.06390116893224107,0.032267641375455784
294,current_scale_A_m2,STY_assumed_product_kg_m3_day,0.06252975477206424,0.03313658036006831
295,current_scale_A_m2,STY_assumed_product_kg_m3_day,-0.04275602629903763,0.03085085129519737
296,current_scale_A_m2,STY_assumed_product_kg_m3_day,-0.004763653442932503,0.0386607467892052
297,current_scale_A_m2,STY_assumed_product_kg_m3_day,0.013007809665669834,0.03148002348160452
298,current_scale_A_m2,STY_assumed_product_kg_m3_day,0.02012981999206631,0.032770946560048905
299,current_scale_A_m2,STY_assumed_product_kg_m3_day,0.11468535114850242,0.03764011139908555
300,current_scale_A_m2,STY_assumed_product_kg_m3_day,0.050415280222020575,0.032421849298684344
301,current_scale_A_m2,STY_assumed_product_kg_m3_day,0.08567215702068631,0.03229021144887067
302,current_scale_A_m2,STY_assumed_product_kg_m3_day,-0.0068337400494962175,0.031052879049541376
303,current_scale_A_m2,STY_assumed_product_kg_m3_day,-0.005365169831111238,0.03232181045304774
304,current_scale_A_m2,STY_assumed_product_kg_m3_day,-0.003586816806229187,0.03025120808875278
305,current_scale_A_m2,STY_assumed_product_kg_m3_day,0.0239127550209155,0.03410488773788795
306,current_scale_A_m2,STY_assumed_product_kg_m3_day,0.0092622095957402,0.03509454210252247
307,current_scale_A_m2,STY_assumed_product_kg_m3_day,0.13068580136006247,0.03689371939730537
308,current_scale_A_m2,STY_assumed_product_kg_m3_day,-0.12235848385985482,0.03472306704824431
309,current_scale_A_m2,STY_assumed_product_kg_m3_day,0.03829372057168434,0.035199535887831715
310,current_scale_A_m2,STY_assumed_product_kg_m3_day,0.003995714188636201,0.02387474341975991
311,current_scale_A_m2,STY_assumed_product_kg_m3_day,0.11272095133185978,0.03186535381412936
312,current_scale_A_m2,STY_assumed_product_kg_m3_day,0.0767420391673661,0.033393476493615695
313,current_scale_A_m2,STY_assumed_product_kg_m3_day,-0.003938486778995998,0.035258027612348385
314,current_scale_A_m2,STY_assumed_product_kg_m3_day,0.11570765217686341,0.03602543900503279
315,current_scale_A_m2,STY_assumed_product_kg_m3_day,0.06768768019731086,0.03457465257864267
316,current_scale_A_m2,STY_assumed_product_kg_m3_day,-0.018018312643115486,0.034333729655053255
317,current_scale_A_m2,STY_assumed_product_kg_m3_day,-0.07937979613213009,0.03940421135298546
318,current_scale_A_m2,STY_assumed_product_kg_m3_day,0.12803015413029795,0.03812253146404007
319,current_scale_A_m2,STY_assumed_product_kg_m3_day,0.01814089855825629,0.03795306471867712
320,current_scale_A_m2,STY_assumed_product_kg_m3_day,0.06699343313897455,0.03503808102365789
321,current_scale_A_m2,STY_assumed_product_kg_m3_day,-0.06842191684455967,0.03357788118319659
322,current_scale_A_m2,STY_assumed_product_kg_m3_day,0.0951576877714464,0.03304448303970292
323,current_scale_A_m2,STY_assumed_product_kg_m3_day,-0.014750401620560405,0.03436685434566139
324,current_scale_A_m2,STY_assumed_product_kg_m3_day,-0.012311215321842317,0.0339643474019671
325,current_scale_A_m2,STY_assumed_product_kg_m3_day,0.030117708540733368,0.025977845869808617
326,current_scale_A_m2,STY_assumed_product_kg_m3_day,0.09208887226205464,0.026439364061727057
327,current_scale_A_m2,STY_assumed_product_kg_m3_day,-0.08334254757216009,0.03398102812643757
328,current_scale_A_m2,STY_assumed_product_kg_m3_day,0.05939271964179005,0.035214881592476474
329,current_scale_A_m2,STY_assumed_product_kg_m3_day,-0.04451323198094381,0.033858686121383985
330,current_scale_A_m2,STY_assumed_product_kg_m3_day,0.01729550471845198,0.029712009341816947
331,current_scale_A_m2,STY_assumed_product_kg_m3_day,-0.027259182510243507,0.03328902428235085
332,current_scale_A_m2,STY_assumed_product_kg_m3_day,0.060474250240749594,0.030279465817401343
333,current_scale_A_m2,STY_assumed_product_kg_m3_day,-0.021085269528956285,0.0422569536571375
334,current_scale_A_m2,STY_assumed_product_kg_m3_day,0.06289841584970046,0.03745526429413475
335,current_scale_A_m2,STY_assumed_product_kg_m3_day,-0.003980232404312112,0.030922740348944718
336,current_scale_A_m2,STY_assumed_product_kg_m3_day,0.106289771520797,0.035237327636367756
337,current_scale_A_m2,STY_assumed_product_kg_m3_day,0.0646107046601273,0.030616736257730048
338,current_scale_A_m2,STY_assumed_product_kg_m3_day,-0.044453520611089425,0.03600005063446176
339,current_scale_A_m2,STY_assumed_product_kg_m3_day,0.03128893127790078,0.03150007574700838
340,current_scale_A_m2,STY_assumed_product_kg_m3_day,0.050037985077545755,0.029092130370328956
341,current_scale_A_m2,STY_assumed_product_kg_m3_day,-0.048581387104152274,0.033822569830193626
342,current_scale_A_m2,STY_assumed_product_kg_m3_day,-0.014157150573062882,0.036585241000122656
343,current_scale_A_m2,STY_assumed_product_kg_m3_day,0.18380631800257374,0.027087266941937367
344,current_scale_A_m2,STY_assumed_product_kg_m3_day,-0.05671079032341897,0.03417156993662765
345,current_scale_A_m2,STY_assumed_product_kg_m3_day,0.05746047226863171,0.032264377030203004
346,current_scale_A_m2,STY_assumed_product_kg_m3_day,0.12117016926516577,0.03073475399336624
347,current_scale_A_m2,STY_assumed_product_kg_m3_day,0.042549146467379395,0.03427933995688838
348,current_scale_A_m2,STY_assumed_product_kg_m3_day,0.11664080779382868,0.03132492037252569
349,current_scale_A_m2,STY_assumed_product_kg_m3_day,-0.008849363688356204,0.029043267382493933
350,current_scale_A_m2,STY_assumed_product_kg_m3_day,0.04127780795626901,0.030334114287769335
351,current_scale_A_m2,STY_assumed_product_kg_m3_day,0.05565463560238981,0.037725082145396306
352,current_scale_A_m2,STY_assumed_product_kg_m3_day,0.1159243867970352,0.03801274819313718
353,current_scale_A_m2,STY_assumed_product_kg_m3_day,-0.05191805168659114,0.03182787557014252
354,current_scale_A_m2,STY_assumed_product_kg_m3_day,0.06538824896504325,0.042773436699340896
355,current_scale_A_m2,STY_assumed_product_kg_m3_day,-0.01185869968814246,0.03794750092644275
356,current_scale_A_m2,STY_assumed_product_kg_m3_day,0.033255236375501984,0.035445244144045825
357,current_scale_A_m2,STY_assumed_product_kg_m3_day,0.04982624510243516,0.030290912751871266
358,current_scale_A_m2,STY_assumed_product_kg_m3_day,0.0772090745588141,0.03137378007261721
359,current_scale_A_m2,STY_assumed_product_kg_m3_day,-0.029031379413699376,0.03745721104321662
360,current_scale_A_m2,STY_assumed_product_kg_m3_day,-0.06118990133253943,0.03467719811978736
361,current_scale_A_m2,STY_assumed_product_kg_m3_day,0.04460671981586717,0.03423210957282259
362,current_scale_A_m2,STY_assumed_product_kg_m3_day,-0.0143565644259811,0.029770647136367834
363,current_scale_A_m2,STY_assumed_product_kg_m3_day,0.15179682266677275,0.030982182596386798
364,current_scale_A_m2,STY_assumed_product_kg_m3_day,0.05296638112414742,0.03627452112018775
365,current_scale_A_m2,STY_assumed_product_kg_m3_day,0.06595488375187397,0.03780538074641442
366,current_scale_A_m2,STY_assumed_product_kg_m3_day,0.01936526798919369,0.03453670361909344
367,current_scale_A_m2,STY_assumed_product_kg_m3_day,-0.0952574524613814,0.02769013132216074
368,current_scale_A_m2,STY_assumed_product_kg_m3_day,0.05931984524140843,0.03543787758906813
369,current_scale_A_m2,STY_assumed_product_kg_m3_day,0.08859762460397402,0.030081787085906406
370,current_scale_A_m2,STY_assumed_product_kg_m3_day,-0.03853886852744082,0.035795306460803936
371,current_scale_A_m2,STY_assumed_product_kg_m3_day,0.07944834946795043,0.02646505628453165
372,current_scale_A_m2,STY_assumed_product_kg_m3_day,-0.05160580907367418,0.035670796321079196
373,current_scale_A_m2,STY_assumed_product_kg_m3_day,0.08635065908988782,0.03254670967003704
374,current_scale_A_m2,STY_assumed_product_kg_m3_day,0.13421661701205168,0.03790666351048313
375,current_scale_A_m2,STY_assumed_product_kg_m3_day,0.09985632727534988,0.03822622721993535
376,current_scale_A_m2,STY_assumed_product_kg_m3_day,-0.017900860064561597,0.04020774276744661
377,current_scale_A_m2,STY_assumed_product_kg_m3_day,0.02707444439116624,0.03128855198961417
378,current_scale_A_m2,STY_assumed_product_kg_m3_day,0.059123973795503715,0.03233925613056454
379,current_scale_A_m2,STY_assumed_product_kg_m3_day,0.11151783889427536,0.032052460089837746
380,current_scale_A_m2,STY_assumed_product_kg_m3_day,0.0257745394941562,0.03840594618393023
381,current_scale_A_m2,STY_assumed_product_kg_m3_day,0.07081311250904265,0.033834059781120494
382,current_scale_A_m2,STY_assumed_product_kg_m3_day,-0.017056825777880036,0.03403338086250192
383,current_scale_A_m2,STY_assumed_product_kg_m3_day,0.023061158023031658,0.04021539807525453
384,current_scale_A_m2,STY_assumed_product_kg_m3_day,0.011764911493135854,0.03521001734846127
385,current_scale_A_m2,STY_assumed_product_kg_m3_day,-0.049023588158481735,0.036145826795718275
386,current_scale_A_m2,STY_assumed_product_kg_m3_day,0.07309870152281528,0.030979189406448466
387,current_scale_A_m2,STY_assumed_product_kg_m3_day,-0.012429923599308612,0.03347575350764265
388,current_scale_A_m2,STY_assumed_product_kg_m3_day,0.19587204605968922,0.03491374191190105
389,current_scale_A_m2,STY_assumed_product_kg_m3_day,-0.02572813622966219,0.030949382260415242
390,current_scale_A_m2,STY_assumed_product_kg_m3_day,-0.04728996121279616,0.03510231566231819
391,current_scale_A_m2,STY_assumed_product_kg_m3_day,0.04057127084100087,0.0444454846245084
392,current_scale_A_m2,STY_assumed_product_kg_m3_day,-0.0010063746808155472,0.02958802665145405
393,current_scale_A_m2,STY_assumed_product_kg_m3_day,0.11372076674138609,0.0325521931138397
394,current_scale_A_m2,STY_assumed_product_kg_m3_day,0.08459969828085112,0.025411345107893137
395,current_scale_A_m2,STY_assumed_product_kg_m3_day,0.07483035047727415,0.036377860298193024
396,current_scale_A_m2,STY_assumed_product_kg_m3_day,-0.035087624823336716,0.032228427779118655
397,current_scale_A_m2,STY_assumed_product_kg_m3_day,-0.042270540613206675,0.027406258688287367
398,current_scale_A_m2,STY_assumed_product_kg_m3_day,0.08059620160354009,0.03122049228928997
399,current_scale_A_m2,STY_assumed_product_kg_m3_day,0.04423148575744673,0.03913725817495501
400,current_scale_A_m2,STY_assumed_product_kg_m3_day,0.019522671766050603,0.03833172787501715
401,current_scale_A_m2,STY_assumed_product_kg_m3_day,0.08425742207651288,0.033677979265156525
402,current_scale_A_m2,STY_assumed_product_kg_m3_day,-0.05355757539668371,0.03602790799076296
403,current_scale_A_m2,STY_assumed_product_kg_m3_day,0.08570939258362653,0.036106103459244705
404,current_scale_A_m2,STY_assumed_product_kg_m3_day,-0.04502474764304054,0.03356360603720099
405,current_scale_A_m2,STY_assumed_product_kg_m3_day,0.01683306524402972,0.03201057776577371
406,current_scale_A_m2,STY_assumed_product_kg_m3_day,0.01030902996937788,0.033764420205426346
407,current_scale_A_m2,STY_assumed_product_kg_m3_day,0.04528665310793989,0.03147923880328245
408,current_scale_A_m2,STY_assumed_product_kg_m3_day,0.02171994893063256,0.04166448994338187
409,current_scale_A_m2,STY_assumed_product_kg_m3_day,0.10142713221187272,0.025883198612397258
410,current_scale_A_m2,STY_assumed_product_kg_m3_day,0.04518617164878824,0.030027464730950713
411,current_scale_A_m2,STY_assumed_product_kg_m3_day,-0.028508278516649055,0.038715818868225574
412,current_scale_A_m2,STY_assumed_product_kg_m3_day,-0.018240394521930048,0.04100309475294914
413,current_scale_A_m2,STY_assumed_product_kg_m3_day,0.08894758373483458,0.03239645019464984
414,current_scale_A_m2,STY_assumed_product_kg_m3_day,0.14062043170286853,0.03194969289289468
415,current_scale_A_m2,STY_assumed_product_kg_m3_day,0.08339584256539245,0.03583881571042399
416,current_scale_A_m2,STY_assumed_product_kg_m3_day,0.10264824062037825,0.02829920864384461
417,current_scale_A_m2,STY_assumed_product_kg_m3_day,0.062430742441969445,0.030095401218608993
418,current_scale_A_m2,STY_assumed_product_kg_m3_day,-0.0005602736110543738,0.027346771045436372
419,current_scale_A_m2,STY_assumed_product_kg_m3_day,0.09886176760466026,0.03704046611145114
420,current_scale_A_m2,STY_assumed_product_kg_m3_day,0.14266811022647796,0.029525967195877457
421,current_scale_A_m2,STY_assumed_product_kg_m3_day,-0.12409566222063484,0.03809018391549197
422,current_scale_A_m2,STY_assumed_product_kg_m3_day,0.15484361246602973,0.034816459833897154
423,current_scale_A_m2,STY_assumed_product_kg_m3_day,0.005346348982859128,0.0360659982183891
424,current_scale_A_m2,STY_assumed_product_kg_m3_day,0.035886470589804764,0.027834501922810926
425,current_scale_A_m2,STY_assumed_product_kg_m3_day,0.06454497762232336,0.033083727121561796
426,current_scale_A_m2,STY_assumed_product_kg_m3_day,0.07146059613997036,0.031149118797485595
427,current_scale_A_m2,STY_assumed_product_kg_m3_day,0.05082929991266527,0.039648906738367976
428,current_scale_A_m2,STY_assumed_product_kg_m3_day,0.057933760994860584,0.032619213468777115
429,current_scale_A_m2,STY_assumed_product_kg_m3_day,0.053949798955133854,0.03501065978744672
430,current_scale_A_m2,STY_assumed_product_kg_m3_day,0.06442932929212042,0.029070383015240616
431,current_scale_A_m2,STY_assumed_product_kg_m3_day,-6.420824934538771e-05,0.03380866096063112
432,current_scale_A_m2,STY_assumed_product_kg_m3_day,0.0155587791346119,0.028767050068531183
433,current_scale_A_m2,STY_assumed_product_kg_m3_day,0.07361039248822332,0.038068289812155556
434,current_scale_A_m2,STY_assumed_product_kg_m3_day,0.07344274562656483,0.038797066420583094
435,current_scale_A_m2,STY_assumed_product_kg_m3_day,-0.0015409007791784557,0.039207034300216596
436,current_scale_A_m2,STY_assumed_product_kg_m3_day,0.019042769162625706,0.033985240767385114
437,current_scale_A_m2,STY_assumed_product_kg_m3_day,0.05014790578750872,0.027426627478152485
438,current_scale_A_m2,STY_assumed_product_kg_m3_day,0.03534602982196522,0.03555653054714702
439,current_scale_A_m2,STY_assumed_product_kg_m3_day,-0.013782958382439148,0.02622988281659843
440,current_scale_A_m2,STY_assumed_product_kg_m3_day,0.08953653006422879,0.02801862922299486
441,current_scale_A_m2,STY_assumed_product_kg_m3_day,0.05689845193550125,0.02861533724709356
442,current_scale_A_m2,STY_assumed_product_kg_m3_day,0.004239823754919381,0.03549496049219618
443,current_scale_A_m2,STY_assumed_product_kg_m3_day,0.05263402517882032,0.03290965355577264
444,current_scale_A_m2,STY_assumed_product_kg_m3_day,-0.008316092131657182,0.030215013557008678
445,current_scale_A_m2,STY_assumed_product_kg_m3_day,0.04962823517343773,0.03449137129004312
446,current_scale_A_m2,STY_assumed_product_kg_m3_day,0.22781179530621254,0.032482728556786584
447,current_scale_A_m2,STY_assumed_product_kg_m3_day,0.10173902659913292,0.032679193323160334
448,current_scale_A_m2,STY_assumed_product_kg_m3_day,-0.0485785304726325,0.02860086480673343
449,current_scale_A_m2,STY_assumed_product_kg_m3_day,0.05394839999990919,0.03205904887311414
450,current_scale_A_m2,STY_assumed_product_kg_m3_day,0.03703631690113296,0.03039766903670745
451,current_scale_A_m2,STY_assumed_product_kg_m3_day,0.0976921456305293,0.03105559325788654
452,current_scale_A_m2,STY_assumed_product_kg_m3_day,-0.017502753488928935,0.03410129995492141
453,current_scale_A_m2,STY_assumed_product_kg_m3_day,-0.01978059298003587,0.03234328495230259
454,current_scale_A_m2,STY_assumed_product_kg_m3_day,-0.01118767367912743,0.03496813489716735
455,current_scale_A_m2,STY_assumed_product_kg_m3_day,0.053978619357808566,0.0333027903298875
456,current_scale_A_m2,STY_assumed_product_kg_m3_day,0.05197996696987994,0.03397963385101816
457,current_scale_A_m2,STY_assumed_product_kg_m3_day,0.09483852991418906,0.02840382748763743
458,current_scale_A_m2,STY_assumed_product_kg_m3_day,0.0013241990179045926,0.03482878721592185
459,current_scale_A_m2,STY_assumed_product_kg_m3_day,0.10910654677324605,0.03008892121112527
460,current_scale_A_m2,STY_assumed_product_kg_m3_day,0.03168349752509725,0.030476285056847022
461,current_scale_A_m2,STY_assumed_product_kg_m3_day,0.1768846929014447,0.032753014843649036
462,current_scale_A_m2,STY_assumed_product_kg_m3_day,0.04455963688551989,0.03431565355967595
463,current_scale_A_m2,STY_assumed_product_kg_m3_day,0.10225338425427088,0.030378274212038533
464,current_scale_A_m2,STY_assumed_product_kg_m3_day,-0.056698012301822365,0.03668309890475291
465,current_scale_A_m2,STY_assumed_product_kg_m3_day,-0.0067170081150309535,0.040575955782969145
466,current_scale_A_m2,STY_assumed_product_kg_m3_day,-0.008755558949212316,0.032881024766326
467,current_scale_A_m2,STY_assumed_product_kg_m3_day,-0.039760366189745655,0.0323437466530465
468,current_scale_A_m2,STY_assumed_product_kg_m3_day,0.0500726827394542,0.025324968707951454
469,current_scale_A_m2,STY_assumed_product_kg_m3_day,-0.0005706299371857071,0.03033961699305605
470,current_scale_A_m2,STY_assumed_product_kg_m3_day,-0.010135134746176444,0.03322093753611406
471,current_scale_A_m2,STY_assumed_product_kg_m3_day,-0.003634912565652515,0.03446171922639884
472,current_scale_A_m2,STY_assumed_product_kg_m3_day,0.06226762733682589,0.027794385853605105
473,current_scale_A_m2,STY_assumed_product_kg_m3_day,0.066527283356974,0.033186699686266814
474,current_scale_A_m2,STY_assumed_product_kg_m3_day,0.050900534083058724,0.0350707677374769
475,current_scale_A_m2,STY_assumed_product_kg_m3_day,0.07939378489125015,0.030523995239594252
476,current_scale_A_m2,STY_assumed_product_kg_m3_day,-0.011593115741458382,0.030488941206559754
477,current_scale_A_m2,STY_assumed_product_kg_m3_day,0.003763039699427262,0.032746363172462045
478,current_scale_A_m2,STY_assumed_product_kg_m3_day,0.1269945211266511,0.030671087747249665
479,current_scale_A_m2,STY_assumed_product_kg_m3_day,0.0341631425219604,0.03883926334148698
480,current_scale_A_m2,STY_assumed_product_kg_m3_day,0.00716120403094056,0.0300055536460406
481,current_scale_A_m2,STY_assumed_product_kg_m3_day,-0.025314564080836766,0.03797498088855374
482,current_scale_A_m2,STY_assumed_product_kg_m3_day,0.015252975550484993,0.03998270524184215
483,current_scale_A_m2,STY_assumed_product_kg_m3_day,0.1095730695702285,0.029459344937389383
484,current_scale_A_m2,STY_assumed_product_kg_m3_day,-0.04523023406625826,0.031165055291777332
485,current_scale_A_m2,STY_assumed_product_kg_m3_day,-0.03379863246283299,0.03489848819152092
486,current_scale_A_m2,STY_assumed_product_kg_m3_day,0.016936218395450897,0.03248511764012018
487,current_scale_A_m2,STY_assumed_product_kg_m3_day,0.026998959394042177,0.035788161164326135
488,current_scale_A_m2,STY_assumed_product_kg_m3_day,-0.009807099063934288,0.030544689737225243
489,current_scale_A_m2,STY_assumed_product_kg_m3_day,0.08479497242871192,0.03858711064337515
490,current_scale_A_m2,STY_assumed_product_kg_m3_day,0.09025554614477749,0.03499204981374656
491,current_scale_A_m2,STY_assumed_product_kg_m3_day,-0.022164770986333737,0.03181536385645438
492,current_scale_A_m2,STY_assumed_product_kg_m3_day,0.06441430170565077,0.041233608758371315
493,current_scale_A_m2,STY_assumed_product_kg_m3_day,0.13617308117943316,0.028875470938178032
494,current_scale_A_m2,STY_assumed_product_kg_m3_day,0.04140157717915571,0.028617193248465678
495,current_scale_A_m2,STY_assumed_product_kg_m3_day,-0.03281701397008119,0.0313290032432929
496,current_scale_A_m2,STY_assumed_product_kg_m3_day,-0.05442551230769155,0.0320700049912887
497,current_scale_A_m2,STY_assumed_product_kg_m3_day,-0.008154140220780093,0.039011666634645385
498,current_scale_A_m2,STY_assumed_product_kg_m3_day,0.09244188995420011,0.03228510228742339
499,current_scale_A_m2,STY_assumed_product_kg_m3_day,-0.027259845810527983,0.032722011194390686
0,current_scale_A_m2,SEC_assumed_product_kwh_kg,0.07102321956594204,0.04689805333128175
1,current_scale_A_m2,SEC_assumed_product_kwh_kg,0.07716429713475814,0.048683592993812135
2,current_scale_A_m2,SEC_assumed_product_kwh_kg,0.10534291235103133,0.05982329845902813
3,current_scale_A_m2,SEC_assumed_product_kwh_kg,0.11485318885614659,0.04198650034206453
4,current_scale_A_m2,SEC_assumed_product_kwh_kg,-0.022946780471605477,0.04751150322790572
5,current_scale_A_m2,SEC_assumed_product_kwh_kg,0.12786184725497818,0.056233233650200574
6,current_scale_A_m2,SEC_assumed_product_kwh_kg,0.13387607977679605,0.04823313150251468
7,current_scale_A_m2,SEC_assumed_product_kwh_kg,0.028431534644249634,0.057488834304820526
8,current_scale_A_m2,SEC_assumed_product_kwh_kg,0.18358002432092402,0.043618107486739555
9,current_scale_A_m2,SEC_assumed_product_kwh_kg,0.09906073466104226,0.05471316095371499
10,current_scale_A_m2,SEC_assumed_product_kwh_kg,0.06335481137170385,0.060912775239444064
11,current_scale_A_m2,SEC_assumed_product_kwh_kg,0.09830309260045977,0.048553637641627546
12,current_scale_A_m2,SEC_assumed_product_kwh_kg,-0.04549841225474194,0.05341849383640407
13,current_scale_A_m2,SEC_assumed_product_kwh_kg,0.12173722062305026,0.048277776817121
14,current_scale_A_m2,SEC_assumed_product_kwh_kg,-0.06015074849612323,0.049884205820885215
15,current_scale_A_m2,SEC_assumed_product_kwh_kg,0.11805175062518358,0.05524065497158039
16,current_scale_A_m2,SEC_assumed_product_kwh_kg,0.04975066263935235,0.039614396958057095
17,current_scale_A_m2,SEC_assumed_product_kwh_kg,-0.012011025922836538,0.0490244502936713
18,current_scale_A_m2,SEC_assumed_product_kwh_kg,-0.007566192770386726,0.048462769349717584
19,current_scale_A_m2,SEC_assumed_product_kwh_kg,0.10690687444193081,0.051341716110490494
20,current_scale_A_m2,SEC_assumed_product_kwh_kg,-0.0063661763337683475,0.046353692742828585
21,current_scale_A_m2,SEC_assumed_product_kwh_kg,-0.044946371458603585,0.04441850849921315
22,current_scale_A_m2,SEC_assumed_product_kwh_kg,0.01618355772120672,0.05384541011357739
23,current_scale_A_m2,SEC_assumed_product_kwh_kg,0.0517072880738656,0.060005243839176894
24,current_scale_A_m2,SEC_assumed_product_kwh_kg,0.07964227955252146,0.053944487359326485
25,current_scale_A_m2,SEC_assumed_product_kwh_kg,0.09919111737555841,0.052330563222259374
26,current_scale_A_m2,SEC_assumed_product_kwh_kg,0.09467294062605502,0.054166552908482185
27,current_scale_A_m2,SEC_assumed_product_kwh_kg,-0.048147427654001484,0.056877306547713
28,current_scale_A_m2,SEC_assumed_product_kwh_kg,0.04098461611353488,0.045312357535600194
29,current_scale_A_m2,SEC_assumed_product_kwh_kg,0.054395522194166435,0.04712809090571954
30,current_scale_A_m2,SEC_assumed_product_kwh_kg,0.06890973410173917,0.05440750196670022
31,current_scale_A_m2,SEC_assumed_product_kwh_kg,-0.03715918694222764,0.05964401789347669
32,current_scale_A_m2,SEC_assumed_product_kwh_kg,0.018418656937927658,0.05779858899060549
33,current_scale_A_m2,SEC_assumed_product_kwh_kg,0.10029374194968355,0.05271313654292806
34,current_scale_A_m2,SEC_assumed_product_kwh_kg,0.025077977310549726,0.05607405355668754
35,current_scale_A_m2,SEC_assumed_product_kwh_kg,-0.0047375296637925945,0.05134516200817199
36,current_scale_A_m2,SEC_assumed_product_kwh_kg,0.12583507596323473,0.05233412446603467
37,current_scale_A_m2,SEC_assumed_product_kwh_kg,0.03236731626642886,0.05760578655442298
38,current_scale_A_m2,SEC_assumed_product_kwh_kg,0.09678795115323602,0.04162834185861226
39,current_scale_A_m2,SEC_assumed_product_kwh_kg,0.022235567533012812,0.05331413145394798
40,current_scale_A_m2,SEC_assumed_product_kwh_kg,0.11978356687190361,0.055447301201132435
41,current_scale_A_m2,SEC_assumed_product_kwh_kg,-0.0013852536306386831,0.04635460129066048
42,current_scale_A_m2,SEC_assumed_product_kwh_kg,0.025966153043555096,0.0576082438340611
43,current_scale_A_m2,SEC_assumed_product_kwh_kg,-0.0073884516776585585,0.04634956141252631
44,current_scale_A_m2,SEC_assumed_product_kwh_kg,0.03254529187303523,0.05217244542213501
45,current_scale_A_m2,SEC_assumed_product_kwh_kg,0.10427732174946347,0.04375162981295983
46,current_scale_A_m2,SEC_assumed_product_kwh_kg,0.10523948888591173,0.05764287650867071
47,current_scale_A_m2,SEC_assumed_product_kwh_kg,0.06848609152264473,0.05882270428575864
48,current_scale_A_m2,SEC_assumed_product_kwh_kg,-0.04427199786142655,0.052156799232407944
49,current_scale_A_m2,SEC_assumed_product_kwh_kg,0.07585528046034007,0.05937755566758171
50,current_scale_A_m2,SEC_assumed_product_kwh_kg,0.12070302665435295,0.04718281465434196
51,current_scale_A_m2,SEC_assumed_product_kwh_kg,-0.11641915448759321,0.04101235508593437
52,current_scale_A_m2,SEC_assumed_product_kwh_kg,0.07724851444510294,0.04533291459703995
53,current_scale_A_m2,SEC_assumed_product_kwh_kg,-0.0249381564469624,0.05083363865270457
54,current_scale_A_m2,SEC_assumed_product_kwh_kg,0.0919432506736867,0.04359839651006832
55,current_scale_A_m2,SEC_assumed_product_kwh_kg,0.13199948270479578,0.04717330640640841
56,current_scale_A_m2,SEC_assumed_product_kwh_kg,-0.011868144688198301,0.049980512899469254
57,current_scale_A_m2,SEC_assumed_product_kwh_kg,0.020978037625132062,0.04623709190331696
58,current_scale_A_m2,SEC_assumed_product_kwh_kg,0.10991073232432369,0.05344690722085783
59,current_scale_A_m2,SEC_assumed_product_kwh_kg,0.04462692151798031,0.059070032694042825
60,current_scale_A_m2,SEC_assumed_product_kwh_kg,0.1341676195933763,0.051420724734882114
61,current_scale_A_m2,SEC_assumed_product_kwh_kg,0.024703349678744435,0.051857432457362226
62,current_scale_A_m2,SEC_assumed_product_kwh_kg,0.011658123963580902,0.0506809002110697
63,current_scale_A_m2,SEC_assumed_product_kwh_kg,0.059599887683797426,0.055257316492599566
64,current_scale_A_m2,SEC_assumed_product_kwh_kg,0.010100433649333551,0.04508383860731144
65,current_scale_A_m2,SEC_assumed_product_kwh_kg,0.026181100941834012,0.05440695334030308
66,current_scale_A_m2,SEC_assumed_product_kwh_kg,-0.03369982061144272,0.04742772304075726
67,current_scale_A_m2,SEC_assumed_product_kwh_kg,0.015294107233144727,0.05848806884772803
68,current_scale_A_m2,SEC_assumed_product_kwh_kg,-0.030531663732680236,0.05499747690229666
69,current_scale_A_m2,SEC_assumed_product_kwh_kg,0.019193947381997867,0.05076491348945369
70,current_scale_A_m2,SEC_assumed_product_kwh_kg,0.04783080212960589,0.06804419015826689
71,current_scale_A_m2,SEC_assumed_product_kwh_kg,0.04048815794747851,0.050005443779955666
72,current_scale_A_m2,SEC_assumed_product_kwh_kg,0.04950364325446199,0.0566180912770577
73,current_scale_A_m2,SEC_assumed_product_kwh_kg,-0.10283327381856666,0.053974133725837
74,current_scale_A_m2,SEC_assumed_product_kwh_kg,-0.10322168842375556,0.04740712932942038
75,current_scale_A_m2,SEC_assumed_product_kwh_kg,-0.03601999677262513,0.049133997665481675
76,current_scale_A_m2,SEC_assumed_product_kwh_kg,0.01161275538904949,0.0566654239903373
77,current_scale_A_m2,SEC_assumed_product_kwh_kg,0.10056269949230856,0.046920943006556005
78,current_scale_A_m2,SEC_assumed_product_kwh_kg,0.11819191014834052,0.047473348581873895
79,current_scale_A_m2,SEC_assumed_product_kwh_kg,-0.061263540709904474,0.05225266797920777
80,current_scale_A_m2,SEC_assumed_product_kwh_kg,0.1110440107238031,0.052430759042229304
81,current_scale_A_m2,SEC_assumed_product_kwh_kg,0.02113256709851752,0.04203579245985091
82,current_scale_A_m2,SEC_assumed_product_kwh_kg,0.022076558377581268,0.046962940044976656
83,current_scale_A_m2,SEC_assumed_product_kwh_kg,0.21540002603163122,0.058595630148505
84,current_scale_A_m2,SEC_assumed_product_kwh_kg,0.008553075716910663,0.058276922312757794
85,current_scale_A_m2,SEC_assumed_product_kwh_kg,0.2162001799817015,0.048558964860812355
86,current_scale_A_m2,SEC_assumed_product_kwh_kg,-0.0009976958621300547,0.05109178842992726
87,current_scale_A_m2,SEC_assumed_product_kwh_kg,0.009823911844593636,0.047210421264360584
88,current_scale_A_m2,SEC_assumed_product_kwh_kg,0.026381763106083533,0.043719844245448475
89,current_scale_A_m2,SEC_assumed_product_kwh_kg,0.08560751526058452,0.05223580042474121
90,current_scale_A_m2,SEC_assumed_product_kwh_kg,0.005390010778231313,0.047298183699994785
91,current_scale_A_m2,SEC_assumed_product_kwh_kg,0.0003456500900402837,0.053093745751374745
92,current_scale_A_m2,SEC_assumed_product_kwh_kg,0.026512827586612442,0.05138672337672248
93,current_scale_A_m2,SEC_assumed_product_kwh_kg,-0.1440535230204767,0.05274092582072134
94,current_scale_A_m2,SEC_assumed_product_kwh_kg,0.031863120656796085,0.052674044717726576
95,current_scale_A_m2,SEC_assumed_product_kwh_kg,0.07337590045752396,0.06086350746043258
96,current_scale_A_m2,SEC_assumed_product_kwh_kg,0.04577227404985218,0.05820156930947135
97,current_scale_A_m2,SEC_assumed_product_kwh_kg,0.04241224709876812,0.04992297114325492
98,current_scale_A_m2,SEC_assumed_product_kwh_kg,0.01171573564727546,0.04955656479293247
99,current_scale_A_m2,SEC_assumed_product_kwh_kg,0.09128737115763674,0.054510905110450175
100,current_scale_A_m2,SEC_assumed_product_kwh_kg,0.05467191044214803,0.06321353496877018
101,current_scale_A_m2,SEC_assumed_product_kwh_kg,0.06156745802083474,0.0507933721789851
102,current_scale_A_m2,SEC_assumed_product_kwh_kg,0.10423045809094622,0.05561647200047802
103,current_scale_A_m2,SEC_assumed_product_kwh_kg,-0.021851757390640936,0.057225113604721004
104,current_scale_A_m2,SEC_assumed_product_kwh_kg,-0.0799466093791299,0.06634503380987049
105,current_scale_A_m2,SEC_assumed_product_kwh_kg,0.11929649927988406,0.051867883134739105
106,current_scale_A_m2,SEC_assumed_product_kwh_kg,-0.022883731353674497,0.04961387183460605
107,current_scale_A_m2,SEC_assumed_product_kwh_kg,0.01446531348765867,0.0554608499774985
108,current_scale_A_m2,SEC_assumed_product_kwh_kg,0.09381051909767024,0.05557625038284936
109,current_scale_A_m2,SEC_assumed_product_kwh_kg,-0.007450109574038022,0.045973386158604926
110,current_scale_A_m2,SEC_assumed_product_kwh_kg,0.048631735634923956,0.0479296840342163
111,current_scale_A_m2,SEC_assumed_product_kwh_kg,0.0557433633437715,0.05085013870385219
112,current_scale_A_m2,SEC_assumed_product_kwh_kg,0.06680367669500487,0.056205872864872296
113,current_scale_A_m2,SEC_assumed_product_kwh_kg,0.10655348823658972,0.04184967541373537
114,current_scale_A_m2,SEC_assumed_product_kwh_kg,0.08106006293651513,0.05315557021775523
115,current_scale_A_m2,SEC_assumed_product_kwh_kg,0.0721414753865931,0.05352137937115392
116,current_scale_A_m2,SEC_assumed_product_kwh_kg,0.04486372539703143,0.04090260805592603
117,current_scale_A_m2,SEC_assumed_product_kwh_kg,-0.08160128146212342,0.057588436534484574
118,current_scale_A_m2,SEC_assumed_product_kwh_kg,0.0984447540724872,0.05088347911285431
119,current_scale_A_m2,SEC_assumed_product_kwh_kg,0.13462309709102915,0.04579707625669056
120,current_scale_A_m2,SEC_assumed_product_kwh_kg,0.03160717578692207,0.04903431280239765
121,current_scale_A_m2,SEC_assumed_product_kwh_kg,0.041705991598187886,0.04690624463683763
122,current_scale_A_m2,SEC_assumed_product_kwh_kg,0.049955006576035466,0.04641103958747167
123,current_scale_A_m2,SEC_assumed_product_kwh_kg,-0.0009082333551790889,0.057355471257181566
124,current_scale_A_m2,SEC_assumed_product_kwh_kg,-0.09130104963032659,0.052164467966550374
125,current_scale_A_m2,SEC_assumed_product_kwh_kg,0.05410066290044813,0.05129088193054812
126,current_scale_A_m2,SEC_assumed_product_kwh_kg,-0.008878434641377941,0.0477164622249211
127,current_scale_A_m2,SEC_assumed_product_kwh_kg,0.04686317320045097,0.053534781991356785
128,current_scale_A_m2,SEC_assumed_product_kwh_kg,0.03860699490507613,0.056715068209382
129,current_scale_A_m2,SEC_assumed_product_kwh_kg,0.06015559771631018,0.05566464500412827
130,current_scale_A_m2,SEC_assumed_product_kwh_kg,0.02035485957674321,0.04294784093527738
131,current_scale_A_m2,SEC_assumed_product_kwh_kg,0.06649571425964185,0.05865555408410845
132,current_scale_A_m2,SEC_assumed_product_kwh_kg,0.056926376651537436,0.05751357506955918
133,current_scale_A_m2,SEC_assumed_product_kwh_kg,0.08136303433465142,0.053650105601286094
134,current_scale_A_m2,SEC_assumed_product_kwh_kg,-0.013231023603108127,0.04753218903621693
135,current_scale_A_m2,SEC_assumed_product_kwh_kg,0.026111032619609564,0.045381155135780275
136,current_scale_A_m2,SEC_assumed_product_kwh_kg,-0.07158942155772308,0.05844981778189465
137,current_scale_A_m2,SEC_assumed_product_kwh_kg,0.052660557958066234,0.04388931563048187
138,current_scale_A_m2,SEC_assumed_product_kwh_kg,0.049123404500038825,0.0511792442609769
139,current_scale_A_m2,SEC_assumed_product_kwh_kg,0.1232156076357801,0.055700016720610805
140,current_scale_A_m2,SEC_assumed_product_kwh_kg,0.0013175978024803081,0.052064442699443714
141,current_scale_A_m2,SEC_assumed_product_kwh_kg,0.08861402392151474,0.05037824086557175
142,current_scale_A_m2,SEC_assumed_product_kwh_kg,0.03822714166140284,0.05160894274405864
143,current_scale_A_m2,SEC_assumed_product_kwh_kg,0.030602483142380454,0.0449837905575028
144,current_scale_A_m2,SEC_assumed_product_kwh_kg,0.07349953162841405,0.056662671065594195
145,current_scale_A_m2,SEC_assumed_product_kwh_kg,0.10184829214795033,0.04677927739670839
146,current_scale_A_m2,SEC_assumed_product_kwh_kg,-0.0678736960789732,0.05902965898317077
147,current_scale_A_m2,SEC_assumed_product_kwh_kg,0.04713039836600552,0.06182507739314742
148,current_scale_A_m2,SEC_assumed_product_kwh_kg,0.07751683856447411,0.05882897339996008
149,current_scale_A_m2,SEC_assumed_product_kwh_kg,0.001963162536260943,0.05378557784275527
150,current_scale_A_m2,SEC_assumed_product_kwh_kg,0.09450369220660626,0.055153999159982724
151,current_scale_A_m2,SEC_assumed_product_kwh_kg,0.08140350600201196,0.04913508755283199
152,current_scale_A_m2,SEC_assumed_product_kwh_kg,0.1301370689659358,0.05013913575866076
153,current_scale_A_m2,SEC_assumed_product_kwh_kg,0.012679842903644212,0.049720156551291306
154,current_scale_A_m2,SEC_assumed_product_kwh_kg,-0.011711210946035333,0.06316250107559447
155,current_scale_A_m2,SEC_assumed_product_kwh_kg,0.16254240082094895,0.04943055616638958
156,current_scale_A_m2,SEC_assumed_product_kwh_kg,-0.11136181952369761,0.042760593436805334
157,current_scale_A_m2,SEC_assumed_product_kwh_kg,0.043419043910299826,0.05447058303792767
158,current_scale_A_m2,SEC_assumed_product_kwh_kg,0.01976781265301153,0.04904264536891329
159,current_scale_A_m2,SEC_assumed_product_kwh_kg,0.007824811276374022,0.056547680437317546
160,current_scale_A_m2,SEC_assumed_product_kwh_kg,0.0128819972878772,0.05163520407174358
161,current_scale_A_m2,SEC_assumed_product_kwh_kg,0.12443314045109433,0.057902584271488845
162,current_scale_A_m2,SEC_assumed_product_kwh_kg,0.10774926005305585,0.04212247224471516
163,current_scale_A_m2,SEC_assumed_product_kwh_kg,0.06705869505291384,0.04816658298458679
164,current_scale_A_m2,SEC_assumed_product_kwh_kg,0.08753058886359888,0.04706550207511877
165,current_scale_A_m2,SEC_assumed_product_kwh_kg,0.04377901680554652,0.05278081561236637
166,current_scale_A_m2,SEC_assumed_product_kwh_kg,0.016044771966776006,0.05360149714649411
167,current_scale_A_m2,SEC_assumed_product_kwh_kg,0.061364193076278606,0.05163689789900111
168,current_scale_A_m2,SEC_assumed_product_kwh_kg,0.02924516195285165,0.05335859063535061
169,current_scale_A_m2,SEC_assumed_product_kwh_kg,0.032289033776906506,0.05622645829449192
170,current_scale_A_m2,SEC_assumed_product_kwh_kg,-0.07184689740965444,0.04588701656318532
171,current_scale_A_m2,SEC_assumed_product_kwh_kg,0.1731303616988774,0.05105953992262697
172,current_scale_A_m2,SEC_assumed_product_kwh_kg,0.1043112949305911,0.061895517705817825
173,current_scale_A_m2,SEC_assumed_product_kwh_kg,-0.0028693114259046304,0.041958604887015936
174,current_scale_A_m2,SEC_assumed_product_kwh_kg,0.07570009487895124,0.052813739311686446
175,current_scale_A_m2,SEC_assumed_product_kwh_kg,0.0233511228080292,0.05966227626568237
176,current_scale_A_m2,SEC_assumed_product_kwh_kg,0.03865975602755678,0.04947813299493452
177,current_scale_A_m2,SEC_assumed_product_kwh_kg,0.07196019570186374,0.056934300420613856
178,current_scale_A_m2,SEC_assumed_product_kwh_kg,-0.03313994160046496,0.04879542373458447
179,current_scale_A_m2,SEC_assumed_product_kwh_kg,0.15611595392926547,0.04544501649856832
180,current_scale_A_m2,SEC_assumed_product_kwh_kg,0.09422434606538233,0.050007305940610286
181,current_scale_A_m2,SEC_assumed_product_kwh_kg,-0.004724723360761018,0.057200065322591566
182,current_scale_A_m2,SEC_assumed_product_kwh_kg,0.1401875758195137,0.05168691422672363
183,current_scale_A_m2,SEC_assumed_product_kwh_kg,0.10956020533465716,0.04784974363972889
184,current_scale_A_m2,SEC_assumed_product_kwh_kg,0.04111714966970792,0.05291616351893503
185,current_scale_A_m2,SEC_assumed_product_kwh_kg,0.02201525451075148,0.04831089947115793
186,current_scale_A_m2,SEC_assumed_product_kwh_kg,-0.05409791301119471,0.05985445081425874
187,current_scale_A_m2,SEC_assumed_product_kwh_kg,0.07439345785921958,0.062247851270552775
188,current_scale_A_m2,SEC_assumed_product_kwh_kg,-0.02868120143497821,0.05936102337317922
189,current_scale_A_m2,SEC_assumed_product_kwh_kg,0.035314878647425996,0.04113166610249043
190,current_scale_A_m2,SEC_assumed_product_kwh_kg,0.011163460102705747,0.0544337765063486
191,current_scale_A_m2,SEC_assumed_product_kwh_kg,0.15779768130228322,0.04569448568086446
192,current_scale_A_m2,SEC_assumed_product_kwh_kg,0.06140059537014142,0.052094738532216155
193,current_scale_A_m2,SEC_assumed_product_kwh_kg,0.03029158751868377,0.046600175203423314
194,current_scale_A_m2,SEC_assumed_product_kwh_kg,0.10320743955282297,0.0577375841981552
195,current_scale_A_m2,SEC_assumed_product_kwh_kg,0.20066144227989724,0.05207767509202885
196,current_scale_A_m2,SEC_assumed_product_kwh_kg,-0.009033434502966786,0.053400631228974066
197,current_scale_A_m2,SEC_assumed_product_kwh_kg,-0.08330829505894544,0.05135414159925065
198,current_scale_A_m2,SEC_assumed_product_kwh_kg,0.18383248392291984,0.049904917527548075
199,current_scale_A_m2,SEC_assumed_product_kwh_kg,0.0654955403323132,0.05640726032124671
200,current_scale_A_m2,SEC_assumed_product_kwh_kg,0.048243558251852114,0.04430894540623448
201,current_scale_A_m2,SEC_assumed_product_kwh_kg,0.18378092182268269,0.04692367117151633
202,current_scale_A_m2,SEC_assumed_product_kwh_kg,0.06790860331934112,0.05737708328088848
203,current_scale_A_m2,SEC_assumed_product_kwh_kg,0.05895296717511955,0.04167006721057027
204,current_scale_A_m2,SEC_assumed_product_kwh_kg,0.09068964117557432,0.046666784843005654
205,current_scale_A_m2,SEC_assumed_product_kwh_kg,0.09231494377068339,0.05970617498454175
206,current_scale_A_m2,SEC_assumed_product_kwh_kg,0.1253601005525975,0.060255183740759215
207,current_scale_A_m2,SEC_assumed_product_kwh_kg,-0.011703562089304453,0.052929557513832305
208,current_scale_A_m2,SEC_assumed_product_kwh_kg,0.14050768471219077,0.05697454702156545
209,current_scale_A_m2,SEC_assumed_product_kwh_kg,0.05942762940787227,0.043137737262253006
210,current_scale_A_m2,SEC_assumed_product_kwh_kg,-0.015783539719913087,0.05631737000524232
211,current_scale_A_m2,SEC_assumed_product_kwh_kg,-0.06158666711964411,0.04700745827829618
212,current_scale_A_m2,SEC_assumed_product_kwh_kg,-0.06144691235005806,0.049766749604934574
213,current_scale_A_m2,SEC_assumed_product_kwh_kg,0.1732702657567632,0.0502089033010365
214,current_scale_A_m2,SEC_assumed_product_kwh_kg,0.04554634438934324,0.05239016902023223
215,current_scale_A_m2,SEC_assumed_product_kwh_kg,0.05900619096449955,0.05104700596502059
216,current_scale_A_m2,SEC_assumed_product_kwh_kg,0.049069814365249376,0.048677678260878876
217,current_scale_A_m2,SEC_assumed_product_kwh_kg,0.1561600563121508,0.05698549415934545
218,current_scale_A_m2,SEC_assumed_product_kwh_kg,0.06359979431146146,0.04903827052710436
219,current_scale_A_m2,SEC_assumed_product_kwh_kg,0.0029741285827351582,0.048776575204624396
220,current_scale_A_m2,SEC_assumed_product_kwh_kg,0.05894039532712747,0.05273455919063005
221,current_scale_A_m2,SEC_assumed_product_kwh_kg,0.03316764585114773,0.0545698335325639
222,current_scale_A_m2,SEC_assumed_product_kwh_kg,0.06800674430060671,0.05075245350647734
223,current_scale_A_m2,SEC_assumed_product_kwh_kg,0.03227311136313771,0.04342496538791529
224,current_scale_A_m2,SEC_assumed_product_kwh_kg,0.03867464890994843,0.0641002163697786
225,current_scale_A_m2,SEC_assumed_product_kwh_kg,0.041242861609632975,0.0479168679226016
226,current_scale_A_m2,SEC_assumed_product_kwh_kg,-0.009757695700547853,0.05962050021693038
227,current_scale_A_m2,SEC_assumed_product_kwh_kg,0.12038383279949927,0.0533363675748657
228,current_scale_A_m2,SEC_assumed_product_kwh_kg,0.021163817905343607,0.04879097693760214
229,current_scale_A_m2,SEC_assumed_product_kwh_kg,-0.02727071000403325,0.05296521155411312
230,current_scale_A_m2,SEC_assumed_product_kwh_kg,0.08334046413403418,0.05026292491599203
231,current_scale_A_m2,SEC_assumed_product_kwh_kg,0.06689348774221604,0.05886677207009367
232,current_scale_A_m2,SEC_assumed_product_kwh_kg,0.10725757776131184,0.051216219557591446
233,current_scale_A_m2,SEC_assumed_product_kwh_kg,0.06957866546520364,0.0495851328953682
234,current_scale_A_m2,SEC_assumed_product_kwh_kg,-0.006535549534115059,0.045890092218256025
235,current_scale_A_m2,SEC_assumed_product_kwh_kg,0.10255481627723839,0.05723919426266263
236,current_scale_A_m2,SEC_assumed_product_kwh_kg,0.07840540459703516,0.05714990858235218
237,current_scale_A_m2,SEC_assumed_product_kwh_kg,0.17717746158256775,0.05792166804539222
238,current_scale_A_m2,SEC_assumed_product_kwh_kg,0.03904064588211664,0.057353581974124976
239,current_scale_A_m2,SEC_assumed_product_kwh_kg,-0.03741571841314428,0.0453915586454745
240,current_scale_A_m2,SEC_assumed_product_kwh_kg,0.08454807233260553,0.05104366589154108
241,current_scale_A_m2,SEC_assumed_product_kwh_kg,-0.0660733694255955,0.050856303212885125
242,current_scale_A_m2,SEC_assumed_product_kwh_kg,0.029896196370151618,0.058746854643430636
243,current_scale_A_m2,SEC_assumed_product_kwh_kg,0.10757430737093077,0.045982559261995945
244,current_scale_A_m2,SEC_assumed_product_kwh_kg,0.015264233755291401,0.05125916959977349
245,current_scale_A_m2,SEC_assumed_product_kwh_kg,-0.027255248548852862,0.0606085965828709
246,current_scale_A_m2,SEC_assumed_product_kwh_kg,0.015323342524560246,0.05183250272451705
247,current_scale_A_m2,SEC_assumed_product_kwh_kg,0.1694572417036707,0.048548328722346504
248,current_scale_A_m2,SEC_assumed_product_kwh_kg,0.05961436263582043,0.046885685399777055
249,current_scale_A_m2,SEC_assumed_product_kwh_kg,0.019801746298616085,0.04975037564338804
250,current_scale_A_m2,SEC_assumed_product_kwh_kg,-0.04459687192910389,0.05281547043386749
251,current_scale_A_m2,SEC_assumed_product_kwh_kg,0.07734769100709982,0.03664697917946501
252,current_scale_A_m2,SEC_assumed_product_kwh_kg,0.025652714080087402,0.046805166729042974
253,current_scale_A_m2,SEC_assumed_product_kwh_kg,0.055642394898569925,0.053411707491086084
254,current_scale_A_m2,SEC_assumed_product_kwh_kg,0.08451099778806503,0.06142037584752238
255,current_scale_A_m2,SEC_assumed_product_kwh_kg,0.05322844699487439,0.04612740158416472
256,current_scale_A_m2,SEC_assumed_product_kwh_kg,0.03987467207798401,0.0420799970216784
257,current_scale_A_m2,SEC_assumed_product_kwh_kg,0.06960250392757017,0.04617137652744706
258,current_scale_A_m2,SEC_assumed_product_kwh_kg,0.03357502611722052,0.05426168266726169
259,current_scale_A_m2,SEC_assumed_product_kwh_kg,0.055616878234929445,0.05224434648354973
260,current_scale_A_m2,SEC_assumed_product_kwh_kg,0.19487734957058378,0.04508717300220623
261,current_scale_A_m2,SEC_assumed_product_kwh_kg,0.06298997491296043,0.06194491840730854
262,current_scale_A_m2,SEC_assumed_product_kwh_kg,0.05047079545279953,0.054071620786038936
263,current_scale_A_m2,SEC_assumed_product_kwh_kg,-0.038289969415902236,0.04684623322548529
264,current_scale_A_m2,SEC_assumed_product_kwh_kg,-0.03594783556965919,0.04738752090890343
265,current_scale_A_m2,SEC_assumed_product_kwh_kg,-0.0695997799500343,0.05264210078490999
266,current_scale_A_m2,SEC_assumed_product_kwh_kg,0.1031280051343223,0.06140192155578888
267,current_scale_A_m2,SEC_assumed_product_kwh_kg,-0.029820045927477112,0.048270278599660925
268,current_scale_A_m2,SEC_assumed_product_kwh_kg,0.02817646689815445,0.05397923565357748
269,current_scale_A_m2,SEC_assumed_product_kwh_kg,-0.0602152343115403,0.049489836018855614
270,current_scale_A_m2,SEC_assumed_product_kwh_kg,-0.024371717523012038,0.05703128687818361
271,current_scale_A_m2,SEC_assumed_product_kwh_kg,0.08000042090651693,0.05086877658512689
272,current_scale_A_m2,SEC_assumed_product_kwh_kg,0.033889898791440554,0.05113928585839457
273,current_scale_A_m2,SEC_assumed_product_kwh_kg,0.06995263667654861,0.0466077569446636
274,current_scale_A_m2,SEC_assumed_product_kwh_kg,0.02462120853949068,0.052747271664089615
275,current_scale_A_m2,SEC_assumed_product_kwh_kg,-0.03161610392043568,0.0449159300366719
276,current_scale_A_m2,SEC_assumed_product_kwh_kg,-0.0265181848475462,0.051172367783727774
277,current_scale_A_m2,SEC_assumed_product_kwh_kg,-0.022997978632465665,0.05445655435044579
278,current_scale_A_m2,SEC_assumed_product_kwh_kg,0.06405558101098818,0.05132805499410505
279,current_scale_A_m2,SEC_assumed_product_kwh_kg,-0.10158848470242932,0.05361749987104046
280,current_scale_A_m2,SEC_assumed_product_kwh_kg,0.05414649359724333,0.04242588423001702
281,current_scale_A_m2,SEC_assumed_product_kwh_kg,-0.05053727772585925,0.054472626859800775
282,current_scale_A_m2,SEC_assumed_product_kwh_kg,0.021455822186037143,0.058754287814771995
283,current_scale_A_m2,SEC_assumed_product_kwh_kg,0.11195237605426633,0.05465346132397971
284,current_scale_A_m2,SEC_assumed_product_kwh_kg,-0.04671133344623701,0.04863007567175262
285,current_scale_A_m2,SEC_assumed_product_kwh_kg,-0.053057019462700694,0.05001249654347172
286,current_scale_A_m2,SEC_assumed_product_kwh_kg,0.09052284647705988,0.053709407885685775
287,current_scale_A_m2,SEC_assumed_product_kwh_kg,-0.024710995704299465,0.05581790369253463
288,current_scale_A_m2,SEC_assumed_product_kwh_kg,-0.03654752708070519,0.043932121058547643
289,current_scale_A_m2,SEC_assumed_product_kwh_kg,0.09253187492653747,0.05203797931196051
290,current_scale_A_m2,SEC_assumed_product_kwh_kg,0.009768496524838577,0.043627497651976495
291,current_scale_A_m2,SEC_assumed_product_kwh_kg,0.027633259692008916,0.05516828467607054
292,current_scale_A_m2,SEC_assumed_product_kwh_kg,0.08154944297676714,0.05176405952272456
293,current_scale_A_m2,SEC_assumed_product_kwh_kg,0.1475009536529528,0.05150469290165552
294,current_scale_A_m2,SEC_assumed_product_kwh_kg,0.07600372568537561,0.051954884968633416
295,current_scale_A_m2,SEC_assumed_product_kwh_kg,0.011609356578281216,0.04930333007227299
296,current_scale_A_m2,SEC_assumed_product_kwh_kg,0.08312183951566166,0.06105544662642001
297,current_scale_A_m2,SEC_assumed_product_kwh_kg,-0.02141701405480534,0.05000482327676111
298,current_scale_A_m2,SEC_assumed_product_kwh_kg,0.11534638524980478,0.05202190192713149
299,current_scale_A_m2,SEC_assumed_product_kwh_kg,0.12865805938656005,0.05949545063164458
300,current_scale_A_m2,SEC_assumed_product_kwh_kg,0.1333548017491567,0.053202327783955776
301,current_scale_A_m2,SEC_assumed_product_kwh_kg,0.06003680395965727,0.0490400372192442
302,current_scale_A_m2,SEC_assumed_product_kwh_kg,0.040233251844740026,0.050724121001470404
303,current_scale_A_m2,SEC_assumed_product_kwh_kg,0.050740692177808744,0.051499384377425066
304,current_scale_A_m2,SEC_assumed_product_kwh_kg,0.0029487374860819315,0.04625382990318937
305,current_scale_A_m2,SEC_assumed_product_kwh_kg,0.0819787736516513,0.05118177331701634
306,current_scale_A_m2,SEC_assumed_product_kwh_kg,0.00837552072492409,0.05413461100662377
307,current_scale_A_m2,SEC_assumed_product_kwh_kg,0.11613413560106145,0.05638967316759343
308,current_scale_A_m2,SEC_assumed_product_kwh_kg,-0.07676453254369253,0.05178443835980159
309,current_scale_A_m2,SEC_assumed_product_kwh_kg,-0.035076563770675806,0.055576894275308576
310,current_scale_A_m2,SEC_assumed_product_kwh_kg,0.08580426551386322,0.038167347131450285
311,current_scale_A_m2,SEC_assumed_product_kwh_kg,0.1697641787530345,0.052623749546183235
312,current_scale_A_m2,SEC_assumed_product_kwh_kg,0.07364274375454105,0.052786790506473405
313,current_scale_A_m2,SEC_assumed_product_kwh_kg,-0.03432192517982258,0.05486446281764922
314,current_scale_A_m2,SEC_assumed_product_kwh_kg,0.1296944941008894,0.05490778526580874
315,current_scale_A_m2,SEC_assumed_product_kwh_kg,0.07119319113760991,0.05450794982113973
316,current_scale_A_m2,SEC_assumed_product_kwh_kg,-0.031925000000474935,0.054169904062725656
317,current_scale_A_m2,SEC_assumed_product_kwh_kg,-0.08901263991762898,0.060957760248554246
318,current_scale_A_m2,SEC_assumed_product_kwh_kg,0.11742918741170483,0.0603645378878994
319,current_scale_A_m2,SEC_assumed_product_kwh_kg,-0.028268176698023284,0.058663953403736396
320,current_scale_A_m2,SEC_assumed_product_kwh_kg,0.11771079825685893,0.054374873735664464
321,current_scale_A_m2,SEC_assumed_product_kwh_kg,-0.04827283062301402,0.052138269409683184
322,current_scale_A_m2,SEC_assumed_product_kwh_kg,0.09434662152803874,0.055745056793698115
323,current_scale_A_m2,SEC_assumed_product_kwh_kg,0.07180143974084185,0.05386249568247841
324,current_scale_A_m2,SEC_assumed_product_kwh_kg,-0.013401365831035461,0.05671500470639629
325,current_scale_A_m2,SEC_assumed_product_kwh_kg,-0.030075158625553655,0.04355477350622064
326,current_scale_A_m2,SEC_assumed_product_kwh_kg,0.13833243642783255,0.041822060760546044
327,current_scale_A_m2,SEC_assumed_product_kwh_kg,-0.11170962412273999,0.05359752865893954
328,current_scale_A_m2,SEC_assumed_product_kwh_kg,0.04927908427263816,0.05440271657643652
329,current_scale_A_m2,SEC_assumed_product_kwh_kg,0.031390242419989556,0.05133633557110304
330,current_scale_A_m2,SEC_assumed_product_kwh_kg,0.009092692813692071,0.04696564706833088
331,current_scale_A_m2,SEC_assumed_product_kwh_kg,-0.05832061308334757,0.0543396683502361
332,current_scale_A_m2,SEC_assumed_product_kwh_kg,0.08176202706741453,0.044762019808813384
333,current_scale_A_m2,SEC_assumed_product_kwh_kg,-0.004795573714754919,0.06955184693520351
334,current_scale_A_m2,SEC_assumed_product_kwh_kg,0.025908439886019985,0.05752407652920771
335,current_scale_A_m2,SEC_assumed_product_kwh_kg,0.004435765414499304,0.04886836037865079
336,current_scale_A_m2,SEC_assumed_product_kwh_kg,0.08164595241425254,0.05511167068389261
337,current_scale_A_m2,SEC_assumed_product_kwh_kg,0.051026292540660934,0.04871901072503026
338,current_scale_A_m2,SEC_assumed_product_kwh_kg,-0.023235063971513092,0.056618602942109596
339,current_scale_A_m2,SEC_assumed_product_kwh_kg,0.06647582333154611,0.049873731454211846
340,current_scale_A_m2,SEC_assumed_product_kwh_kg,0.09401913633041292,0.043040234916100956
341,current_scale_A_m2,SEC_assumed_product_kwh_kg,0.00969272264447063,0.05350450821497645
342,current_scale_A_m2,SEC_assumed_product_kwh_kg,-0.004869215776587499,0.05759826989484962
343,current_scale_A_m2,SEC_assumed_product_kwh_kg,0.204584323665983,0.043287950982851604
344,current_scale_A_m2,SEC_assumed_product_kwh_kg,-0.03623608892783081,0.056578124561324036
345,current_scale_A_m2,SEC_assumed_product_kwh_kg,-0.0022877050491592055,0.047184567525364624
346,current_scale_A_m2,SEC_assumed_product_kwh_kg,0.10284591136595977,0.046144028514010095
347,current_scale_A_m2,SEC_assumed_product_kwh_kg,0.09133343850759856,0.05540001060932572
348,current_scale_A_m2,SEC_assumed_product_kwh_kg,0.11732023465363783,0.048816008341893605
349,current_scale_A_m2,SEC_assumed_product_kwh_kg,-0.059423884870576815,0.04453883707474312
350,current_scale_A_m2,SEC_assumed_product_kwh_kg,0.08548349525595877,0.05018131002704648
351,current_scale_A_m2,SEC_assumed_product_kwh_kg,0.08209529449427522,0.06258273308894323
352,current_scale_A_m2,SEC_assumed_product_kwh_kg,0.08032273095400444,0.05587473412444448
353,current_scale_A_m2,SEC_assumed_product_kwh_kg,-0.01792948689744822,0.05379970010379409
354,current_scale_A_m2,SEC_assumed_product_kwh_kg,0.024593970167300583,0.06965620272244828
355,current_scale_A_m2,SEC_assumed_product_kwh_kg,0.04179399250997484,0.05875825366261548
356,current_scale_A_m2,SEC_assumed_product_kwh_kg,0.01772207917031665,0.05572329240076828
357,current_scale_A_m2,SEC_assumed_product_kwh_kg,0.05859321052819355,0.04628710587744342
358,current_scale_A_m2,SEC_assumed_product_kwh_kg,0.061077398568371244,0.04846518583330392
359,current_scale_A_m2,SEC_assumed_product_kwh_kg,-0.03577933764318364,0.058837235334503614
360,current_scale_A_m2,SEC_assumed_product_kwh_kg,0.009937083025015614,0.05706588160048496
361,current_scale_A_m2,SEC_assumed_product_kwh_kg,0.06709136431715312,0.05734898869224159
362,current_scale_A_m2,SEC_assumed_product_kwh_kg,-0.003464892478687087,0.04955882636061251
363,current_scale_A_m2,SEC_assumed_product_kwh_kg,0.19274497853065364,0.0451554303662896
364,current_scale_A_m2,SEC_assumed_product_kwh_kg,0.1170037590011136,0.05919489181275423
365,current_scale_A_m2,SEC_assumed_product_kwh_kg,0.05241811298210264,0.062426230222312876
366,current_scale_A_m2,SEC_assumed_product_kwh_kg,0.09623255360628069,0.05427264366431805
367,current_scale_A_m2,SEC_assumed_product_kwh_kg,0.01145979576846412,0.044296811909231674
368,current_scale_A_m2,SEC_assumed_product_kwh_kg,0.03132959479667652,0.057575283201656335
369,current_scale_A_m2,SEC_assumed_product_kwh_kg,0.1534758365427762,0.04626599136506112
370,current_scale_A_m2,SEC_assumed_product_kwh_kg,-0.002121080658531893,0.05311735258953198
371,current_scale_A_m2,SEC_assumed_product_kwh_kg,0.05609190263945241,0.04384310429190709
372,current_scale_A_m2,SEC_assumed_product_kwh_kg,-0.03858793186783083,0.055559669006376516
373,current_scale_A_m2,SEC_assumed_product_kwh_kg,0.12437111417266222,0.050911414716566884
374,current_scale_A_m2,SEC_assumed_product_kwh_kg,0.1826908137354616,0.06101554898589312
375,current_scale_A_m2,SEC_assumed_product_kwh_kg,0.12447806314988819,0.05796540312866573
376,current_scale_A_m2,SEC_assumed_product_kwh_kg,0.005764475349441911,0.061215057193737744
377,current_scale_A_m2,SEC_assumed_product_kwh_kg,0.03415024473563488,0.05027851215398138
378,current_scale_A_m2,SEC_assumed_product_kwh_kg,0.0333898004346288,0.05165268005669047
379,current_scale_A_m2,SEC_assumed_product_kwh_kg,0.10549981624847782,0.05128420700710304
380,current_scale_A_m2,SEC_assumed_product_kwh_kg,0.011965758797926607,0.05802897267453294
381,current_scale_A_m2,SEC_assumed_product_kwh_kg,0.06693450730096695,0.050946679350177194
382,current_scale_A_m2,SEC_assumed_product_kwh_kg,0.006760710736073872,0.05407870945813517
383,current_scale_A_m2,SEC_assumed_product_kwh_kg,0.07441533776372089,0.059242484211329174
384,current_scale_A_m2,SEC_assumed_product_kwh_kg,0.0950386822022935,0.05247176892273038
385,current_scale_A_m2,SEC_assumed_product_kwh_kg,0.002746522567297127,0.05860191368451916
386,current_scale_A_m2,SEC_assumed_product_kwh_kg,0.07640010692934296,0.04745682402797687
387,current_scale_A_m2,SEC_assumed_product_kwh_kg,0.06807197334347925,0.05142466325285739
388,current_scale_A_m2,SEC_assumed_product_kwh_kg,0.20639250192663927,0.05131417006771622
389,current_scale_A_m2,SEC_assumed_product_kwh_kg,-0.07009682070022416,0.049768528187489676
390,current_scale_A_m2,SEC_assumed_product_kwh_kg,0.012008974655778992,0.05352021018648356
391,current_scale_A_m2,SEC_assumed_product_kwh_kg,0.06833294697179804,0.06894084374547857
392,current_scale_A_m2,SEC_assumed_product_kwh_kg,0.018913181818976943,0.04552987677802116
393,current_scale_A_m2,SEC_assumed_product_kwh_kg,0.16912766731770978,0.05184620194029228
394,current_scale_A_m2,SEC_assumed_product_kwh_kg,0.10428989994752169,0.03813400000982837
395,current_scale_A_m2,SEC_assumed_product_kwh_kg,0.05633988021916525,0.0588194052593003
396,current_scale_A_m2,SEC_assumed_product_kwh_kg,0.01486152572749655,0.04759446621936254
397,current_scale_A_m2,SEC_assumed_product_kwh_kg,-0.010223109140890863,0.043007339575354915
398,current_scale_A_m2,SEC_assumed_product_kwh_kg,0.1307999645824255,0.04491442599331923
399,current_scale_A_m2,SEC_assumed_product_kwh_kg,0.038459244440510076,0.05738782407943024
400,current_scale_A_m2,SEC_assumed_product_kwh_kg,0.02362440386834419,0.06079984210393313
401,current_scale_A_m2,SEC_assumed_product_kwh_kg,0.16354790712030265,0.05190634651605489
402,current_scale_A_m2,SEC_assumed_product_kwh_kg,0.03928868123775153,0.053001029187529254
403,current_scale_A_m2,SEC_assumed_product_kwh_kg,0.07445360132865464,0.05514498232247772
404,current_scale_A_m2,SEC_assumed_product_kwh_kg,-0.006406281722634244,0.05714665875351936
405,current_scale_A_m2,SEC_assumed_product_kwh_kg,0.060154597525446385,0.04715442610352328
406,current_scale_A_m2,SEC_assumed_product_kwh_kg,0.01118540153524239,0.050239837670402826
407,current_scale_A_m2,SEC_assumed_product_kwh_kg,0.09407152232755733,0.04824212567406253
408,current_scale_A_m2,SEC_assumed_product_kwh_kg,0.046976350958227164,0.06580572492538675
409,current_scale_A_m2,SEC_assumed_product_kwh_kg,0.07514993555723326,0.04155943998654581
410,current_scale_A_m2,SEC_assumed_product_kwh_kg,0.0787187059716501,0.04765499214852035
411,current_scale_A_m2,SEC_assumed_product_kwh_kg,-0.0324705207582332,0.06052001225148002
412,current_scale_A_m2,SEC_assumed_product_kwh_kg,0.05998754056436506,0.0630648429322862
413,current_scale_A_m2,SEC_assumed_product_kwh_kg,0.07672214910191621,0.05149676467245191
414,current_scale_A_m2,SEC_assumed_product_kwh_kg,0.0628579254749787,0.046770924053276645
415,current_scale_A_m2,SEC_assumed_product_kwh_kg,0.0869369825146068,0.05549572862091718
416,current_scale_A_m2,SEC_assumed_product_kwh_kg,0.07800162117037923,0.045392208066133505
417,current_scale_A_m2,SEC_assumed_product_kwh_kg,0.10435263435912945,0.0508406902684317
418,current_scale_A_m2,SEC_assumed_product_kwh_kg,0.0716375277481055,0.0471921858969302
419,current_scale_A_m2,SEC_assumed_product_kwh_kg,0.14452360618779025,0.05776657121176504
420,current_scale_A_m2,SEC_assumed_product_kwh_kg,0.07529110285031382,0.04799792256264817
421,current_scale_A_m2,SEC_assumed_product_kwh_kg,-0.1210825312934467,0.0631676412150504
422,current_scale_A_m2,SEC_assumed_product_kwh_kg,0.08872249115244468,0.054021791258460634
423,current_scale_A_m2,SEC_assumed_product_kwh_kg,0.06942173287866404,0.057476292851147
424,current_scale_A_m2,SEC_assumed_product_kwh_kg,0.03549462578049645,0.042742411222253376
425,current_scale_A_m2,SEC_assumed_product_kwh_kg,-0.014297796290147158,0.05138692358838246
426,current_scale_A_m2,SEC_assumed_product_kwh_kg,0.12517069586621465,0.04942604748035844
427,current_scale_A_m2,SEC_assumed_product_kwh_kg,0.024405707226443085,0.06494328517472772
428,current_scale_A_m2,SEC_assumed_product_kwh_kg,0.038594061103355726,0.04847079460191371
429,current_scale_A_m2,SEC_assumed_product_kwh_kg,0.03443971079823327,0.054163221901891094
430,current_scale_A_m2,SEC_assumed_product_kwh_kg,0.02561845110318739,0.04596196345834139
431,current_scale_A_m2,SEC_assumed_product_kwh_kg,0.05779267018280443,0.0541786804916729
432,current_scale_A_m2,SEC_assumed_product_kwh_kg,0.03796724476637536,0.04494726774656526
433,current_scale_A_m2,SEC_assumed_product_kwh_kg,0.09696723526806572,0.05679146222207694
434,current_scale_A_m2,SEC_assumed_product_kwh_kg,0.04497365334183412,0.061507655957145066
435,current_scale_A_m2,SEC_assumed_product_kwh_kg,0.010996700001711268,0.05688670074658029
436,current_scale_A_m2,SEC_assumed_product_kwh_kg,0.09964772414349832,0.05487455541726009
437,current_scale_A_m2,SEC_assumed_product_kwh_kg,0.07120648744266556,0.04277699521144264
438,current_scale_A_m2,SEC_assumed_product_kwh_kg,0.07161241009353914,0.05638436895084188
439,current_scale_A_m2,SEC_assumed_product_kwh_kg,0.07996710441392019,0.044577378962840024
440,current_scale_A_m2,SEC_assumed_product_kwh_kg,0.11638998869865214,0.04539839407006092
441,current_scale_A_m2,SEC_assumed_product_kwh_kg,0.0667974500850066,0.042581791848343147
442,current_scale_A_m2,SEC_assumed_product_kwh_kg,0.0256655958558063,0.058839668744603404
443,current_scale_A_m2,SEC_assumed_product_kwh_kg,0.027138512746356147,0.05011801228257462
444,current_scale_A_m2,SEC_assumed_product_kwh_kg,0.01545438863260351,0.04598011101804353
445,current_scale_A_m2,SEC_assumed_product_kwh_kg,0.07611815151336654,0.05438831318521268
446,current_scale_A_m2,SEC_assumed_product_kwh_kg,0.17127274113201751,0.05039627990357918
447,current_scale_A_m2,SEC_assumed_product_kwh_kg,0.052470148695150653,0.0514246737935615
448,current_scale_A_m2,SEC_assumed_product_kwh_kg,-0.03267048639409853,0.049118312785442916
449,current_scale_A_m2,SEC_assumed_product_kwh_kg,0.008385133871000483,0.04971110813947773
450,current_scale_A_m2,SEC_assumed_product_kwh_kg,0.008605921583663467,0.04888987022419254
451,current_scale_A_m2,SEC_assumed_product_kwh_kg,0.15597769163425634,0.049861134659036854
452,current_scale_A_m2,SEC_assumed_product_kwh_kg,0.02726959846061161,0.052228122250674504
453,current_scale_A_m2,SEC_assumed_product_kwh_kg,0.0024186688833611747,0.0510774642410084
454,current_scale_A_m2,SEC_assumed_product_kwh_kg,0.02921077751217971,0.05361741244619382
455,current_scale_A_m2,SEC_assumed_product_kwh_kg,0.11281302971201479,0.05308055574228434
456,current_scale_A_m2,SEC_assumed_product_kwh_kg,0.07353381899425793,0.052371393785439556
457,current_scale_A_m2,SEC_assumed_product_kwh_kg,0.021416218874714343,0.046972910373548914
458,current_scale_A_m2,SEC_assumed_product_kwh_kg,0.02225340134140319,0.053012867813899814
459,current_scale_A_m2,SEC_assumed_product_kwh_kg,0.05742740356976439,0.050036019913149314
460,current_scale_A_m2,SEC_assumed_product_kwh_kg,0.012345877862975141,0.04887111211515529
461,current_scale_A_m2,SEC_assumed_product_kwh_kg,0.14429700028771897,0.05167073951068153
462,current_scale_A_m2,SEC_assumed_product_kwh_kg,-0.0064324401088133865,0.05722306671232183
463,current_scale_A_m2,SEC_assumed_product_kwh_kg,0.08208033564715078,0.04801666290400167
464,current_scale_A_m2,SEC_assumed_product_kwh_kg,-0.0196591405666644,0.057410872835516796
465,current_scale_A_m2,SEC_assumed_product_kwh_kg,0.014859465770239444,0.06481752571451362
466,current_scale_A_m2,SEC_assumed_product_kwh_kg,0.031068831299148947,0.05194744312812911
467,current_scale_A_m2,SEC_assumed_product_kwh_kg,-0.01203106211291094,0.05260852468197482
468,current_scale_A_m2,SEC_assumed_product_kwh_kg,0.026527715084020742,0.03734188228918212
469,current_scale_A_m2,SEC_assumed_product_kwh_kg,0.000922288472261168,0.04918816954279647
470,current_scale_A_m2,SEC_assumed_product_kwh_kg,0.014757461545895412,0.050213956218358474
471,current_scale_A_m2,SEC_assumed_product_kwh_kg,0.08605692558786027,0.055383742084078945
472,current_scale_A_m2,SEC_assumed_product_kwh_kg,0.09080443317620168,0.04264977290057259
473,current_scale_A_m2,SEC_assumed_product_kwh_kg,0.02732992691490066,0.054017977052535575
474,current_scale_A_m2,SEC_assumed_product_kwh_kg,0.0023350742670955604,0.05153771653353895
475,current_scale_A_m2,SEC_assumed_product_kwh_kg,0.10967125482373197,0.04756668769962551
476,current_scale_A_m2,SEC_assumed_product_kwh_kg,0.036946742533176646,0.04942203178981001
477,current_scale_A_m2,SEC_assumed_product_kwh_kg,0.05115180429420141,0.049761887633049284
478,current_scale_A_m2,SEC_assumed_product_kwh_kg,0.1862824058261453,0.04789396730898977
479,current_scale_A_m2,SEC_assumed_product_kwh_kg,0.04796287015994771,0.06034938808518077
480,current_scale_A_m2,SEC_assumed_product_kwh_kg,0.02614407037776456,0.047385379476836714
481,current_scale_A_m2,SEC_assumed_product_kwh_kg,-0.04708597923670821,0.05669387354506662
482,current_scale_A_m2,SEC_assumed_product_kwh_kg,0.09467319720137124,0.05867400708564174
483,current_scale_A_m2,SEC_assumed_product_kwh_kg,0.09901765605747281,0.04795389699063464
484,current_scale_A_m2,SEC_assumed_product_kwh_kg,-0.03414026287061889,0.04732964516471036
485,current_scale_A_m2,SEC_assumed_product_kwh_kg,-0.03820760601825213,0.053590103953407665
486,current_scale_A_m2,SEC_assumed_product_kwh_kg,0.03721341484064444,0.047356884904664574
487,current_scale_A_m2,SEC_assumed_product_kwh_kg,-0.003943532258187554,0.052687530400261424
488,current_scale_A_m2,SEC_assumed_product_kwh_kg,0.02836029770469395,0.046761385937689644
489,current_scale_A_m2,SEC_assumed_product_kwh_kg,0.08576175187039525,0.05940896558737463
490,current_scale_A_m2,SEC_assumed_product_kwh_kg,0.023806357476796602,0.05601863699977651
491,current_scale_A_m2,SEC_assumed_product_kwh_kg,-0.015713037805316743,0.05085835071545244
492,current_scale_A_m2,SEC_assumed_product_kwh_kg,0.0391657778116421,0.06566996596326634
493,current_scale_A_m2,SEC_assumed_product_kwh_kg,0.13643471358803494,0.04678844439894126
494,current_scale_A_m2,SEC_assumed_product_kwh_kg,0.009870730010668072,0.04589256244909518
495,current_scale_A_m2,SEC_assumed_product_kwh_kg,0.014937730678667882,0.04580364252957167
496,current_scale_A_m2,SEC_assumed_product_kwh_kg,-0.01979887528494717,0.04956562385066272
497,current_scale_A_m2,SEC_assumed_product_kwh_kg,0.06458110248458082,0.06001685255509187
498,current_scale_A_m2,SEC_assumed_product_kwh_kg,0.056984941125155064,0.051721364965281603
499,current_scale_A_m2,SEC_assumed_product_kwh_kg,0.01038402064675048,0.04847029782054009
0,height_m,conversion_pct,0.058344570149863384,0.0848576658930532
1,height_m,conversion_pct,0.10416566095491309,0.08102192302561638
2,height_m,conversion_pct,0.06348841090377144,0.07751956111011805
3,height_m,conversion_pct,0.19600311221166133,0.08111771529539039
4,height_m,conversion_pct,0.023858188901128008,0.07820960177907876
5,height_m,conversion_pct,-0.018974617789930592,0.07364747479785182
6,height_m,conversion_pct,0.10716939358004296,0.07768803744944716
7,height_m,conversion_pct,0.08159936852451866,0.08266544568403009
8,height_m,conversion_pct,0.18454535557121943,0.07703053031208551
9,height_m,conversion_pct,0.10563240251813788,0.06855903713791751
10,height_m,conversion_pct,0.07817356215545834,0.08726235873585575
11,height_m,conversion_pct,0.0741094246291607,0.08083871396353683
12,height_m,conversion_pct,-0.0026693203345866667,0.08201487227027995
13,height_m,conversion_pct,0.07021862169083104,0.08495676563648084
14,height_m,conversion_pct,0.08853212757476736,0.07998877583242872
15,height_m,conversion_pct,0.17178623099862722,0.0861970173122835
16,height_m,conversion_pct,0.11747217369175456,0.07008449836297542
17,height_m,conversion_pct,0.06731827857648087,0.08912153557557188
18,height_m,conversion_pct,0.09765156093982752,0.07197301634787526
19,height_m,conversion_pct,0.1623554888062554,0.0932744883069543
20,height_m,conversion_pct,0.07835141710012172,0.07858778096055137
21,height_m,conversion_pct,0.08619559194681004,0.07847389643718357
22,height_m,conversion_pct,0.08039691073800237,0.09041759018566985
23,height_m,conversion_pct,0.04937793217134856,0.07480345147690853
24,height_m,conversion_pct,0.04947119789749399,0.08263029049247596
25,height_m,conversion_pct,0.16531793986274335,0.07924656859292424
26,height_m,conversion_pct,0.1065870379989915,0.07400492659159572
27,height_m,conversion_pct,0.06645821824795384,0.07168934931455508
28,height_m,conversion_pct,0.08619244048925279,0.07592493472407422
29,height_m,conversion_pct,0.023411039679761436,0.08611904143612235
30,height_m,conversion_pct,0.13098482297868597,0.06690657403698118
31,height_m,conversion_pct,-0.021063680441639088,0.07653721526401389
32,height_m,conversion_pct,0.04052501764060035,0.08792308615205761
33,height_m,conversion_pct,0.12588863679166062,0.07686260302476221
34,height_m,conversion_pct,0.002558665774724078,0.07602654073582198
35,height_m,conversion_pct,0.07683805060583049,0.07927276149830488
36,height_m,conversion_pct,0.05553869396958211,0.08067041989335691
37,height_m,conversion_pct,0.017296777125532348,0.07154403379009289
38,height_m,conversion_pct,0.11392552526412059,0.08250175378217543
39,height_m,conversion_pct,0.11374530339475863,0.0748144469231184
40,height_m,conversion_pct,0.12165193308116251,0.08281608369581892
41,height_m,conversion_pct,0.047870430278869724,0.07002240163986527
42,height_m,conversion_pct,0.04649654234013345,0.0739106204463291
43,height_m,conversion_pct,0.04400599368140656,0.07456701210033698
44,height_m,conversion_pct,0.12827545402581442,0.08214178041010581
45,height_m,conversion_pct,0.14928035888339708,0.0839803897363966
46,height_m,conversion_pct,0.09225181936107474,0.07453699306846244
47,height_m,conversion_pct,0.16711544023160152,0.08174327413362521
48,height_m,conversion_pct,-0.011858518355089664,0.08350644842080751
49,height_m,conversion_pct,0.010852980819337832,0.07401632107657559
50,height_m,conversion_pct,0.14529322296156633,0.07298331434096421
51,height_m,conversion_pct,-0.06235959472131958,0.0753135284166373
52,height_m,conversion_pct,0.09782274378123068,0.0755015292326365
53,height_m,conversion_pct,0.02960017328544917,0.07482055269068506
54,height_m,conversion_pct,0.1302471998850987,0.07371255397367704
55,height_m,conversion_pct,0.13141397766115148,0.07998490594874282
56,height_m,conversion_pct,0.15973614772942846,0.07994357846595292
57,height_m,conversion_pct,-0.044036634791279505,0.07694940848622177
58,height_m,conversion_pct,0.12639550073028893,0.07159841678869612
59,height_m,conversion_pct,0.1114144587209247,0.07484441736603933
60,height_m,conversion_pct,0.07079048025362034,0.07408701074233903
61,height_m,conversion_pct,0.0626042130498603,0.06837962062046453
62,height_m,conversion_pct,0.05688151014136145,0.07428174832736713
63,height_m,conversion_pct,0.034480446141157306,0.08790839014074509
64,height_m,conversion_pct,-0.04132550727983597,0.07677464994122978
65,height_m,conversion_pct,0.04510889908041438,0.08875281298181897
66,height_m,conversion_pct,0.05568641563138943,0.07584940205115523
67,height_m,conversion_pct,-0.05876457621071429,0.09107624004387509
68,height_m,conversion_pct,0.04499038064662353,0.08934878394460503
69,height_m,conversion_pct,0.09547576610139674,0.07256484199715672
70,height_m,conversion_pct,0.03978665175781726,0.08338923440665408
71,height_m,conversion_pct,0.08960390664710782,0.08265664098106487
72,height_m,conversion_pct,0.040612369276720406,0.07954013112338157
73,height_m,conversion_pct,0.020163149052967677,0.08770441636512612
74,height_m,conversion_pct,0.02246663909755986,0.07892215004788584
75,height_m,conversion_pct,0.08466546091340632,0.08021041240177064
76,height_m,conversion_pct,0.004362343742929542,0.07261242559474247
77,height_m,conversion_pct,0.10729723815082293,0.07327235010339765
78,height_m,conversion_pct,0.10129346791361338,0.084531813659856
79,height_m,conversion_pct,0.018702376336421134,0.0794615387848639
80,height_m,conversion_pct,0.11481441261114045,0.07425434309480522
81,height_m,conversion_pct,0.017487257323627436,0.07959682201228035
82,height_m,conversion_pct,0.025566791013962198,0.08208967301953742
83,height_m,conversion_pct,0.07023692557536709,0.07723796637829321
84,height_m,conversion_pct,0.04902363886388539,0.08119142887702745
85,height_m,conversion_pct,0.08849414194717986,0.08391869476567768
86,height_m,conversion_pct,0.008830516980453784,0.07325302649721742
87,height_m,conversion_pct,0.100582930272339,0.07594275227389986
88,height_m,conversion_pct,0.14943049968306366,0.08384783422734826
89,height_m,conversion_pct,0.147868123732657,0.0848543907412447
90,height_m,conversion_pct,0.125561413946503,0.07066732120078766
91,height_m,conversion_pct,0.15233724377700342,0.08374111900271815
92,height_m,conversion_pct,0.004266234120251955,0.08250388222813482
93,height_m,conversion_pct,0.03391084356103791,0.08308092762275307
94,height_m,conversion_pct,0.03972240972656149,0.07522759717048022
95,height_m,conversion_pct,0.097713915114089,0.07495654842177249
96,height_m,conversion_pct,0.08067100776751246,0.07975327969884097
97,height_m,conversion_pct,0.06528835451721482,0.08268054880177718
98,height_m,conversion_pct,-0.04358092725684193,0.07924503161706538
99,height_m,conversion_pct,0.12445198400969393,0.07391971800000659
100,height_m,conversion_pct,0.14907403619217452,0.09300672184696443
101,height_m,conversion_pct,0.0947170488369804,0.0802782257593803
102,height_m,conversion_pct,0.11720740432288335,0.0909119842295044
103,height_m,conversion_pct,0.08232636160407591,0.09624641597699608
104,height_m,conversion_pct,0.015256753241282506,0.08443577989921672
105,height_m,conversion_pct,0.0882914928096612,0.07248515769622468
106,height_m,conversion_pct,0.10296172961037098,0.08020429530052745
107,height_m,conversion_pct,0.014703968884462792,0.08292564770507956
108,height_m,conversion_pct,0.0841663085335509,0.07945572631152743
109,height_m,conversion_pct,0.09120812701669734,0.08232804035425925
110,height_m,conversion_pct,0.05087867965864701,0.07157779901389395
111,height_m,conversion_pct,0.007593573446386892,0.09115316183943473
112,height_m,conversion_pct,0.14101248951669532,0.0828755435074362
113,height_m,conversion_pct,0.16190497329152553,0.07919652603955708
114,height_m,conversion_pct,0.03405983981686633,0.08591848971769672
115,height_m,conversion_pct,0.12989441311726824,0.07822254611118377
116,height_m,conversion_pct,0.028419709541286253,0.0702753005715303
117,height_m,conversion_pct,0.014433743975976188,0.10142814802940625
118,height_m,conversion_pct,0.1349296067173288,0.0772972704300226
119,height_m,conversion_pct,0.19643703971579585,0.06786984450729489
120,height_m,conversion_pct,0.03422744832657576,0.07269623459715942
121,height_m,conversion_pct,0.08620070080957254,0.07667300713361729
122,height_m,conversion_pct,0.14196070244570502,0.06793396273985766
123,height_m,conversion_pct,0.08120057674496506,0.08600666447755304
124,height_m,conversion_pct,-0.0251469882265396,0.06838726100719748
125,height_m,conversion_pct,0.049302679728078,0.07495244591891817
126,height_m,conversion_pct,0.06705332871901826,0.07002556676444813
127,height_m,conversion_pct,0.1384896030260686,0.06729762768759433
128,height_m,conversion_pct,-0.0056981935811943885,0.09066846238773037
129,height_m,conversion_pct,0.06590456505234588,0.08207751481412692
130,height_m,conversion_pct,-0.01887015839600581,0.07693170688238288
131,height_m,conversion_pct,0.048295198533517714,0.07454411941520059
132,height_m,conversion_pct,0.08850002362694753,0.06410607657970258
133,height_m,conversion_pct,0.1132850869368931,0.0811672025184971
134,height_m,conversion_pct,0.0018063280669675663,0.0825948999252067
135,height_m,conversion_pct,0.12173282879694303,0.08570188970184973
136,height_m,conversion_pct,0.031352287155658076,0.0829624792715932
137,height_m,conversion_pct,0.11342766449558994,0.07838624427590206
138,height_m,conversion_pct,0.032877547802858786,0.07519781550844647
139,height_m,conversion_pct,0.1513890889086521,0.08593793929310957
140,height_m,conversion_pct,0.14669832231826463,0.08694619506250974
141,height_m,conversion_pct,0.07655730027421981,0.07845577644722718
142,height_m,conversion_pct,0.1243346618397384,0.0803156101621731
143,height_m,conversion_pct,-0.0001273366198142334,0.06813633619953738
144,height_m,conversion_pct,0.014622387207171683,0.09178218820586026
145,height_m,conversion_pct,0.0884691008800158,0.07197257828824775
146,height_m,conversion_pct,0.04739798427300668,0.09052713297938642
147,height_m,conversion_pct,0.0840654429888058,0.08934481538665269
148,height_m,conversion_pct,0.17172527947971872,0.06961600148083123
149,height_m,conversion_pct,0.06849350848643487,0.09121136587567061
150,height_m,conversion_pct,0.20023418475006938,0.0749534271811406
151,height_m,conversion_pct,0.09432222690986769,0.09144606019964618
152,height_m,conversion_pct,0.1083925961149863,0.07474288274096239
153,height_m,conversion_pct,0.08742177555983599,0.07765438646525163
154,height_m,conversion_pct,0.08219737161829221,0.07596670196694348
155,height_m,conversion_pct,0.03558034133149002,0.07614297108658458
156,height_m,conversion_pct,0.020351639282567113,0.08222355084776653
157,height_m,conversion_pct,0.10143787674299176,0.09199528913753144
158,height_m,conversion_pct,0.09664318242829917,0.09114962598878795
159,height_m,conversion_pct,0.07614582928399849,0.08462634058939207
160,height_m,conversion_pct,-0.0629421232606695,0.09077510659277498
161,height_m,conversion_pct,0.1009530280787635,0.08171552913905389
162,height_m,conversion_pct,0.08691699260927277,0.07907025058253346
163,height_m,conversion_pct,0.048858058146786454,0.06993643847284141
164,height_m,conversion_pct,0.16891763301708373,0.08719522568352463
165,height_m,conversion_pct,0.09402617550603232,0.0796100694416944
166,height_m,conversion_pct,0.05675273105845213,0.07647461403574216
167,height_m,conversion_pct,0.05721013536398034,0.07312088690751634
168,height_m,conversion_pct,0.09600284446914653,0.08232764023669834
169,height_m,conversion_pct,-0.023549643896584094,0.07047449254607462
170,height_m,conversion_pct,0.02078829956712236,0.09145340652949512
171,height_m,conversion_pct,0.2118754893919228,0.0760264049799374
172,height_m,conversion_pct,0.1613927657933607,0.09253270094110885
173,height_m,conversion_pct,0.18012398620518755,0.07824757568582483
174,height_m,conversion_pct,0.17117463669838395,0.06594731302237122
175,height_m,conversion_pct,0.0835691011530223,0.09032867757891343
176,height_m,conversion_pct,0.12035476973352088,0.07882911534819222
177,height_m,conversion_pct,0.013659470265563911,0.07283615829125396
178,height_m,conversion_pct,0.0898908241084998,0.09164106225038803
179,height_m,conversion_pct,0.13202728994091506,0.08075106991913493
180,height_m,conversion_pct,0.0774967069304271,0.07440797249360075
181,height_m,conversion_pct,0.09395760745464943,0.07855198649698363
182,height_m,conversion_pct,0.14740464770413297,0.07801214583420647
183,height_m,conversion_pct,0.0738398445342382,0.07608776390898446
184,height_m,conversion_pct,0.1573696883042861,0.08188754765267474
185,height_m,conversion_pct,0.1423496824261017,0.07784609772539791
186,height_m,conversion_pct,0.030166954391833367,0.09055920023435583
187,height_m,conversion_pct,0.12018811379468963,0.08789698188993068
188,height_m,conversion_pct,0.043462343555173866,0.08328622203301357
189,height_m,conversion_pct,0.012640934141270987,0.08633811382024265
190,height_m,conversion_pct,0.022466918549363224,0.07914716608534399
191,height_m,conversion_pct,0.1461037276674939,0.07483638881791432
192,height_m,conversion_pct,0.15335662031162667,0.08710330196104177
193,height_m,conversion_pct,0.06048473809679611,0.08395384532207342
194,height_m,conversion_pct,0.042125399051809564,0.08481755551895247
195,height_m,conversion_pct,0.1312556733047544,0.07248555195269257
196,height_m,conversion_pct,0.03566610932591241,0.08109779142702883
197,height_m,conversion_pct,-0.01321352014448629,0.07584971136895477
198,height_m,conversion_pct,0.19722731570110397,0.07538391130698699
199,height_m,conversion_pct,0.1159573581106772,0.07598046946402558
200,height_m,conversion_pct,0.03613565423260401,0.07542318453354739
201,height_m,conversion_pct,0.20507309846365063,0.07872660300403403
202,height_m,conversion_pct,-0.00664100570737669,0.08593981380372642
203,height_m,conversion_pct,0.16241561417432426,0.07315046079326426
204,height_m,conversion_pct,0.0237392032799989,0.0774207609998173
205,height_m,conversion_pct,0.0726827100202585,0.08201876526276543
206,height_m,conversion_pct,0.1083478564837701,0.07834213688590098
207,height_m,conversion_pct,0.13122224990536224,0.08783621109947622
208,height_m,conversion_pct,0.13063733693486557,0.07536205179464882
209,height_m,conversion_pct,0.14497204217321524,0.07984513217894217
210,height_m,conversion_pct,0.06960179461809068,0.09243802993197998
211,height_m,conversion_pct,-0.00749425555197325,0.0748861563528711
212,height_m,conversion_pct,0.0123364706750414,0.07088225779910112
213,height_m,conversion_pct,0.16737579187604157,0.07798430715228291
214,height_m,conversion_pct,0.09079940906096884,0.08015730804660533
215,height_m,conversion_pct,0.10329613364224166,0.07257514347724782
216,height_m,conversion_pct,0.0971070370079905,0.07521754157578342
217,height_m,conversion_pct,0.16169736491513087,0.08389886162396121
218,height_m,conversion_pct,0.13447087965231175,0.08257195253294151
219,height_m,conversion_pct,0.01801677040315597,0.07720985461307468
220,height_m,conversion_pct,0.09044896570106997,0.08826212521227068
221,height_m,conversion_pct,0.04578129399254838,0.09115999555937239
222,height_m,conversion_pct,0.12608109005247425,0.07532556439551384
223,height_m,conversion_pct,0.037216457270636494,0.08638335078300265
224,height_m,conversion_pct,0.08650086705619453,0.07849263505604016
225,height_m,conversion_pct,0.09711917031207074,0.08240937746265817
226,height_m,conversion_pct,0.10452347697040998,0.07871392064611434
227,height_m,conversion_pct,0.07389999654414903,0.07878723686353328
228,height_m,conversion_pct,0.04852677920558024,0.07648088547502051
229,height_m,conversion_pct,0.07402615552549718,0.08315416658437623
230,height_m,conversion_pct,0.1154964275794339,0.07665737877199322
231,height_m,conversion_pct,0.086528732998286,0.07912047640729584
232,height_m,conversion_pct,0.10542741527028088,0.07539241720998095
233,height_m,conversion_pct,0.17498650281054295,0.0776330367664799
234,height_m,conversion_pct,0.06634267856529996,0.07845438941195806
235,height_m,conversion_pct,0.1731525556579694,0.08217534888201229
236,height_m,conversion_pct,0.0521662970580955,0.07567067494208923
237,height_m,conversion_pct,0.10189891203775914,0.08431522046056196
238,height_m,conversion_pct,0.10641720929550746,0.07684609249862527
239,height_m,conversion_pct,0.07991780977225316,0.08329903708411368
240,height_m,conversion_pct,0.07826905452765875,0.08295532595546003
241,height_m,conversion_pct,-0.047435411974593,0.07614110443206243
242,height_m,conversion_pct,0.02903683399989243,0.07791675217367952
243,height_m,conversion_pct,0.05980984212395468,0.06311067433555027
244,height_m,conversion_pct,0.04047551449475595,0.07396374211732347
245,height_m,conversion_pct,0.06088081118268385,0.08334061151550815
246,height_m,conversion_pct,0.09683791218916171,0.07515601242524043
247,height_m,conversion_pct,0.16093908654823752,0.07381105481370866
248,height_m,conversion_pct,0.03220314181455686,0.08389531073745256
249,height_m,conversion_pct,0.07523064289021064,0.07379698397115075
250,height_m,conversion_pct,-0.004843934933132177,0.06695239610382703
251,height_m,conversion_pct,0.1372296757793332,0.07637319588842871
252,height_m,conversion_pct,0.04460618779585157,0.08268046655189337
253,height_m,conversion_pct,0.13933973065038618,0.09030617342735311
254,height_m,conversion_pct,0.06783838166204625,0.07746304296041608
255,height_m,conversion_pct,0.16605761186313006,0.08709208870449674
256,height_m,conversion_pct,0.08837435178393083,0.07396302558127549
257,height_m,conversion_pct,0.2002945615778291,0.08297722179260646
258,height_m,conversion_pct,0.07072775257683095,0.08538145685042518
259,height_m,conversion_pct,0.1564187841222957,0.07539855591828926
260,height_m,conversion_pct,0.2163200918221715,0.0681676735362495
261,height_m,conversion_pct,0.1009860459117149,0.09223928601495301
262,height_m,conversion_pct,0.1591535672336739,0.0859501567131977
263,height_m,conversion_pct,-0.006593458609942093,0.07023398043382571
264,height_m,conversion_pct,0.03289942290171055,0.07734259009919073
265,height_m,conversion_pct,-0.004968608204346303,0.08462674954995326
266,height_m,conversion_pct,0.06285286486364061,0.09139445710242854
267,height_m,conversion_pct,0.025847930696663468,0.0939812025752052
268,height_m,conversion_pct,0.07922689546898598,0.0698438830126887
269,height_m,conversion_pct,0.11144329802768338,0.07849059101152527
270,height_m,conversion_pct,0.05602887563810721,0.07594459652525934
271,height_m,conversion_pct,0.05054927396076192,0.0800399521668474
272,height_m,conversion_pct,0.03957974072548753,0.08539553479800906
273,height_m,conversion_pct,0.20799994606469485,0.08093550847787029
274,height_m,conversion_pct,-0.02253717453395332,0.10092233148924488
275,height_m,conversion_pct,0.05969143254960574,0.07040671568778031
276,height_m,conversion_pct,0.07818927210033777,0.0859283400115761
277,height_m,conversion_pct,0.0512040684639834,0.09397637404061109
278,height_m,conversion_pct,0.11734730377306679,0.08645930852930625
279,height_m,conversion_pct,0.02065212766119018,0.07725215675923965
280,height_m,conversion_pct,0.04175360565816677,0.08411848012281131
281,height_m,conversion_pct,0.02737638031688827,0.07747725117834647
282,height_m,conversion_pct,0.022104627210956074,0.07015807354454315
283,height_m,conversion_pct,0.14778598213678773,0.08153222425676072
284,height_m,conversion_pct,0.009225314048231792,0.0815731585596555
285,height_m,conversion_pct,0.07468755176176578,0.09392610583643443
286,height_m,conversion_pct,0.07987163376470174,0.0692872458681539
287,height_m,conversion_pct,0.05987179399650788,0.08133982167089622
288,height_m,conversion_pct,-0.00012467389500270265,0.08244076859400368
289,height_m,conversion_pct,0.0380986488390509,0.07144883894113357
290,height_m,conversion_pct,0.03226929850432492,0.06933042231218899
291,height_m,conversion_pct,-0.004911986030760929,0.08323265288847742
292,height_m,conversion_pct,-0.025453092913431563,0.07961749782566409
293,height_m,conversion_pct,0.2253254923206195,0.07658460454765446
294,height_m,conversion_pct,0.07534554339791288,0.08248481974061511
295,height_m,conversion_pct,0.10278152562153187,0.08403000980243443
296,height_m,conversion_pct,0.09584650573192022,0.08544567566803746
297,height_m,conversion_pct,0.04412001048951808,0.08105810802843087
298,height_m,conversion_pct,0.12507329354379304,0.08408540769131945
299,height_m,conversion_pct,0.16910304971417178,0.07565877374876032
300,height_m,conversion_pct,0.16448189339676844,0.08097270893862765
301,height_m,conversion_pct,0.0785458896056167,0.06729323945232676
302,height_m,conversion_pct,0.04650243794262343,0.08099193523807185
303,height_m,conversion_pct,0.11295791277332778,0.07905079891349592
304,height_m,conversion_pct,0.049279252678005814,0.0794158337948854
305,height_m,conversion_pct,0.13074982350479503,0.07881957300941765
306,height_m,conversion_pct,0.06356229727104223,0.0764434122177956
307,height_m,conversion_pct,0.0835484471116823,0.07128585763910264
308,height_m,conversion_pct,0.07386222976022072,0.09026399091680039
309,height_m,conversion_pct,-0.024005126674119692,0.06902958591014005
310,height_m,conversion_pct,0.2010524477470712,0.07378396851123528
311,height_m,conversion_pct,0.17604559233792205,0.08654797798335197
312,height_m,conversion_pct,0.13110333047394207,0.07575040944053942
313,height_m,conversion_pct,0.0009122550644989902,0.08745275082297793
314,height_m,conversion_pct,0.17204045348414365,0.07505089883040095
315,height_m,conversion_pct,0.07189135321584839,0.07252694563256239
316,height_m,conversion_pct,0.0769568274080844,0.0878341340177921
317,height_m,conversion_pct,-0.004325433226547215,0.08710022173445042
318,height_m,conversion_pct,0.11101439444707051,0.07116998508954062
319,height_m,conversion_pct,0.03991744541072706,0.07522364308522662
320,height_m,conversion_pct,0.1253005044922766,0.0869421109422466
321,height_m,conversion_pct,0.018029352573043833,0.08286088769945299
322,height_m,conversion_pct,0.08770748229354675,0.08110041103497219
323,height_m,conversion_pct,0.14887484718716326,0.08291140813619412
324,height_m,conversion_pct,0.08712987823327112,0.09011713364816383
325,height_m,conversion_pct,0.0861111989373542,0.07198650471325223
326,height_m,conversion_pct,0.10648674939532576,0.07584984730550269
327,height_m,conversion_pct,0.037854690987421336,0.0868926906072463
328,height_m,conversion_pct,0.0657967251927486,0.0811606707157773
329,height_m,conversion_pct,0.09653753286000566,0.080149278062892
330,height_m,conversion_pct,0.016471656553984637,0.08509198814121234
331,height_m,conversion_pct,-0.002661587754273942,0.08725352352247803
332,height_m,conversion_pct,0.06406633842382692,0.07017056611272895
333,height_m,conversion_pct,0.0818509097138771,0.07587334479509686
334,height_m,conversion_pct,0.14547347443933656,0.0709749954478256
335,height_m,conversion_pct,0.08394230768271371,0.07451573177763861
336,height_m,conversion_pct,0.08475865734019994,0.07019246966646908
337,height_m,conversion_pct,0.10412355571764886,0.07039628136613706
338,height_m,conversion_pct,0.08976963579865527,0.08534412288630194
339,height_m,conversion_pct,0.07679905045085778,0.08770627365644137
340,height_m,conversion_pct,0.04296084963010971,0.07368110057745907
341,height_m,conversion_pct,0.09339133717755144,0.08326218322577653
342,height_m,conversion_pct,0.06612311605815013,0.08612340756342533
343,height_m,conversion_pct,0.13438939967223928,0.07297677943124185
344,height_m,conversion_pct,0.04336312200749837,0.08456322409452172
345,height_m,conversion_pct,-0.032974157036000706,0.06948580409542143
346,height_m,conversion_pct,0.09223696744908838,0.07592355499012039
347,height_m,conversion_pct,0.20540094052955993,0.07372790330965781
348,height_m,conversion_pct,0.2149121593078016,0.07453799191598753
349,height_m,conversion_pct,-0.029475761827085556,0.07397054216102315
350,height_m,conversion_pct,0.09524364452412282,0.090885975832957
351,height_m,conversion_pct,0.0146332002583347,0.08503820134187041
352,height_m,conversion_pct,0.055955015345644954,0.08126921160698783
353,height_m,conversion_pct,0.03851063934616228,0.08658493704477055
354,height_m,conversion_pct,0.023780117537516077,0.08748533209559634
355,height_m,conversion_pct,0.14688728883392022,0.09017037425674455
356,height_m,conversion_pct,0.0350890929413572,0.08747918687855467
357,height_m,conversion_pct,0.07536032258489156,0.0806602670335391
358,height_m,conversion_pct,0.03028110177218757,0.07671463882939343
359,height_m,conversion_pct,-0.051290679875245715,0.08941953409032932
360,height_m,conversion_pct,0.191057621875395,0.08403718866623429
361,height_m,conversion_pct,0.1636464932438203,0.07737402650651831
362,height_m,conversion_pct,0.10601130040713846,0.0842233531288966
363,height_m,conversion_pct,0.1646497677783697,0.07255877388391264
364,height_m,conversion_pct,0.20050023158600472,0.08667190512626445
365,height_m,conversion_pct,0.15852646778315738,0.08898915928573124
366,height_m,conversion_pct,0.1276542225285474,0.07797601140885808
367,height_m,conversion_pct,0.1729656564863289,0.08679472422691216
368,height_m,conversion_pct,0.0011867898103188335,0.07896385008485474
369,height_m,conversion_pct,0.12818123739025844,0.08000066686636029
370,height_m,conversion_pct,0.07810001976791581,0.07781968675483848
371,height_m,conversion_pct,0.02016664800764767,0.08199584495975527
372,height_m,conversion_pct,0.1086547093204423,0.0826527620401642
373,height_m,conversion_pct,0.13834954133603683,0.08049832792652568
374,height_m,conversion_pct,0.13350948204950952,0.08323461616224624
375,height_m,conversion_pct,0.04308478934385285,0.07945501024008782
376,height_m,conversion_pct,0.15492654317147592,0.073360415784798
377,height_m,conversion_pct,0.028486144642915767,0.07569562256727555
378,height_m,conversion_pct,0.12654715835845043,0.0697938465133279
379,height_m,conversion_pct,0.16853819673798043,0.07329049058369862
380,height_m,conversion_pct,0.06488578996352712,0.07420413887385119
381,height_m,conversion_pct,0.06811766336966307,0.06438951996028641
382,height_m,conversion_pct,-0.027379159029492728,0.0766097927540986
383,height_m,conversion_pct,0.13043880712364808,0.08527998420830983
384,height_m,conversion_pct,0.1185484330595955,0.08253372476868133
385,height_m,conversion_pct,0.067769217236329,0.09404746661929542
386,height_m,conversion_pct,0.15716893945354293,0.08073532000177984
387,height_m,conversion_pct,0.14260943672758797,0.0859407183414047
388,height_m,conversion_pct,0.1598256995417533,0.07084724214050264
389,height_m,conversion_pct,-0.02073015708135384,0.07570043027710999
390,height_m,conversion_pct,0.08792661781889222,0.08352414963738775
391,height_m,conversion_pct,0.0930644638040512,0.0894525213820795
392,height_m,conversion_pct,0.05429911394709075,0.08193595045261134
393,height_m,conversion_pct,0.18418461110247675,0.07252182323181096
394,height_m,conversion_pct,0.0673662790127233,0.08722362188475637
395,height_m,conversion_pct,0.11943512296378977,0.07446660330932245
396,height_m,conversion_pct,0.028646321998619162,0.09284738934678446
397,height_m,conversion_pct,0.03680707127905858,0.07092709028204906
398,height_m,conversion_pct,0.18155391909933916,0.07033784714011106
399,height_m,conversion_pct,0.10532469953194057,0.08462656596694393
400,height_m,conversion_pct,0.10696831768273352,0.07942724562185294
401,height_m,conversion_pct,0.18477380367482954,0.078253617212324
402,height_m,conversion_pct,0.09018149709391032,0.0970421473562447
403,height_m,conversion_pct,0.10063464596870297,0.08132396486038825
404,height_m,conversion_pct,0.08790283689108613,0.08334117907504578
405,height_m,conversion_pct,0.12101010156369951,0.08736061769275202
406,height_m,conversion_pct,0.08783674904014516,0.06989903485901146
407,height_m,conversion_pct,0.14201491968916957,0.07375007148578333
408,height_m,conversion_pct,0.020585981119338737,0.08563622638020496
409,height_m,conversion_pct,0.1372647926449534,0.07652266575298002
410,height_m,conversion_pct,0.11437724054659038,0.07842763253984662
411,height_m,conversion_pct,0.03386054373350633,0.07797792444598499
412,height_m,conversion_pct,0.1595463971293256,0.08616963179461141
413,height_m,conversion_pct,0.11644205934171381,0.0717712377574208
414,height_m,conversion_pct,-0.08730908353545686,0.08619625139749684
415,height_m,conversion_pct,0.12192065802950547,0.07714437533360421
416,height_m,conversion_pct,0.03399263792449958,0.07155579586125971
417,height_m,conversion_pct,0.15268750428010047,0.08287974996872305
418,height_m,conversion_pct,0.17800926499364889,0.08881131803914971
419,height_m,conversion_pct,0.10683231085899592,0.07157460352453496
420,height_m,conversion_pct,0.10600344757941627,0.07255872037860013
421,height_m,conversion_pct,0.09009307902028896,0.08903590268713504
422,height_m,conversion_pct,0.12717774972583207,0.07222787853115516
423,height_m,conversion_pct,0.10443664282460852,0.08932188534178441
424,height_m,conversion_pct,0.1480593365174745,0.07521538393792913
425,height_m,conversion_pct,0.07783999082959558,0.07103577207142425
426,height_m,conversion_pct,0.16879795994276714,0.07991687787900476
427,height_m,conversion_pct,0.03889196198200473,0.07777474965461005
428,height_m,conversion_pct,0.07919556863170996,0.07537720505269037
429,height_m,conversion_pct,0.04290834480122696,0.08076349642714323
430,height_m,conversion_pct,0.21408898569852375,0.0693862205516586
431,height_m,conversion_pct,0.11468332729681296,0.07925166716002063
432,height_m,conversion_pct,0.16940173622368748,0.07637155325643982
433,height_m,conversion_pct,0.057362733666440735,0.08316749125599258
434,height_m,conversion_pct,0.19163238060949073,0.07611648098956372
435,height_m,conversion_pct,0.06665492270737883,0.07692775474960518
436,height_m,conversion_pct,0.2320683922486354,0.08171852691913688
437,height_m,conversion_pct,0.06445753772888785,0.07658537510596536
438,height_m,conversion_pct,0.07377992287421253,0.08876197171264143
439,height_m,conversion_pct,0.1761098787882388,0.09484693580648972
440,height_m,conversion_pct,0.11236973047065357,0.08035273594584152
441,height_m,conversion_pct,0.07870526860365379,0.07459891546233219
442,height_m,conversion_pct,0.07021553236915234,0.07557571984460498
443,height_m,conversion_pct,0.07819848403811902,0.0718898622968144
444,height_m,conversion_pct,0.09213646130464037,0.08097607500347183
445,height_m,conversion_pct,0.13339561283716783,0.0801038663106761
446,height_m,conversion_pct,0.1634784416780266,0.06816019046588123
447,height_m,conversion_pct,0.04359665773588972,0.0671285471300584
448,height_m,conversion_pct,0.12691203979427046,0.08214209438723309
449,height_m,conversion_pct,0.04542627803237098,0.06674485772891495
450,height_m,conversion_pct,0.04928346817240814,0.07894743604973813
451,height_m,conversion_pct,0.13196274442261657,0.08884119162326187
452,height_m,conversion_pct,0.023851295149727725,0.07887406286942687
453,height_m,conversion_pct,0.044509865711643726,0.07169479959474849
454,height_m,conversion_pct,0.07099626939700754,0.07829914311424721
455,height_m,conversion_pct,0.1897123233045115,0.0865884815605215
456,height_m,conversion_pct,0.07980838856034211,0.08075117598634829
457,height_m,conversion_pct,0.07511140854777132,0.07494353901972307
458,height_m,conversion_pct,0.04941245699769059,0.08012940220858844
459,height_m,conversion_pct,0.06967171084592216,0.07059819635668838
460,height_m,conversion_pct,0.07427087814668742,0.07681090225894217
461,height_m,conversion_pct,0.11707351262511079,0.06146347014965642
462,height_m,conversion_pct,0.12983753140716192,0.06682719600934728
463,height_m,conversion_pct,0.14340274310945855,0.0737772604208425
464,height_m,conversion_pct,0.17780498768593955,0.0904767360769358
465,height_m,conversion_pct,0.12525888572206767,0.07910140342190126
466,height_m,conversion_pct,0.07686921083377707,0.07147354836979344
467,height_m,conversion_pct,0.05356130330531095,0.088009374600459
468,height_m,conversion_pct,0.012376954354755165,0.06728362832076516
469,height_m,conversion_pct,0.07452169501182337,0.07495332935307188
470,height_m,conversion_pct,0.07332529667632504,0.06902061736680253
471,height_m,conversion_pct,0.1630368631462732,0.07779361203670639
472,height_m,conversion_pct,0.16089864713797764,0.07547900562186992
473,height_m,conversion_pct,0.1272649569162383,0.0699921712260245
474,height_m,conversion_pct,-0.03431252169841881,0.07731711261491722
475,height_m,conversion_pct,0.06772407916770984,0.08617314979016019
476,height_m,conversion_pct,0.08261744667392923,0.07924749682328856
477,height_m,conversion_pct,0.13358816951937824,0.07286948358249302
478,height_m,conversion_pct,0.17020459566654578,0.0788986287924925
479,height_m,conversion_pct,0.11538641702815788,0.08305563357672331
480,height_m,conversion_pct,0.12137535183409764,0.08227016197121721
481,height_m,conversion_pct,0.007924405949934599,0.08288540179896299
482,height_m,conversion_pct,0.05101460190956275,0.08227701616855246
483,height_m,conversion_pct,0.09263115374601216,0.0744291883582946
484,height_m,conversion_pct,0.052027384232380736,0.0855835078615451
485,height_m,conversion_pct,0.079064034951834,0.07572796312989824
486,height_m,conversion_pct,0.1009362901746852,0.07428754253446296
487,height_m,conversion_pct,0.058348496545743256,0.08011164850181708
488,height_m,conversion_pct,0.10113601500659586,0.08083468353606899
489,height_m,conversion_pct,0.09514200867284317,0.08526409226465381
490,height_m,conversion_pct,0.0861397607436224,0.0689810992974896
491,height_m,conversion_pct,-0.0570285590473969,0.09200620453391761
492,height_m,conversion_pct,0.12274377011415716,0.08251982065426465
493,height_m,conversion_pct,0.1320582920517157,0.07079216785785909
494,height_m,conversion_pct,-0.002594089870544103,0.07568620042281511
495,height_m,conversion_pct,0.017304676602984848,0.08100986078350762
496,height_m,conversion_pct,0.050674552090597014,0.08480725724137957
497,height_m,conversion_pct,0.04356657993976931,0.08941004808631334
498,height_m,conversion_pct,-0.023913278457433407,0.07270589734628993
499,height_m,conversion_pct,0.15237340350751682,0.08242139570912721
0,height_m,current_A,0.055979160682195106,0.08506441712136033
1,height_m,current_A,0.08192299015002835,0.07333569211536749
2,height_m,current_A,0.14800677593634337,0.08511153114962845
3,height_m,current_A,0.17614505601695274,0.07952265664422536
4,height_m,current_A,0.014423965200298872,0.07717560161382526
5,height_m,current_A,0.13019356251056202,0.07797474812027222
6,height_m,current_A,0.11848557707005591,0.07231246606533427
7,height_m,current_A,0.06279472110382756,0.08476520671387558
8,height_m,current_A,0.17630687304164339,0.07443782634940292
9,height_m,current_A,0.0937211725490118,0.07634576160007009
10,height_m,current_A,0.10607065348865774,0.09641274978036728
11,height_m,current_A,0.08876962665994825,0.07633459737398172
12,height_m,current_A,0.03817175951841789,0.08589715901626784
13,height_m,current_A,0.11257720552231898,0.08768194574295629
14,height_m,current_A,0.01576725028710424,0.08532341222916101
15,height_m,current_A,0.16106320252460615,0.08873012733446578
16,height_m,current_A,0.10763207802013264,0.06730550957612783
17,height_m,current_A,0.029773025229596017,0.08612344262560308
18,height_m,current_A,0.12679072556853155,0.07726370478516977
19,height_m,current_A,0.17825734192845855,0.09640238514049451
20,height_m,current_A,0.014601493055882986,0.07908349474079056
21,height_m,current_A,0.07000516550582037,0.08357580257537385
22,height_m,current_A,0.13509274360528367,0.08920187303614643
23,height_m,current_A,0.07507283619580207,0.07977374210305219
24,height_m,current_A,0.12357918442218929,0.08896192959124348
25,height_m,current_A,0.20388320391150327,0.08328151420103728
26,height_m,current_A,0.13185987957951406,0.07116543642056465
27,height_m,current_A,0.05671665862806585,0.07686949250786647
28,height_m,current_A,0.09102118887908184,0.08228279963168367
29,height_m,current_A,0.07671375878690123,0.08351869277891248
30,height_m,current_A,0.10277282798772103,0.0753757590409089
31,height_m,current_A,-0.007451697547130598,0.07871140035242394
32,height_m,current_A,0.048815563905899695,0.08856001301535128
33,height_m,current_A,0.10928696001664606,0.081493611961086
34,height_m,current_A,0.013953721570053035,0.08625050735740315
35,height_m,current_A,0.09265228644962387,0.08285456856898085
36,height_m,current_A,0.09292641650422995,0.07862140100299352
37,height_m,current_A,0.11417264340204636,0.07989168735066121
38,height_m,current_A,0.15898172707140712,0.08253968876316127
39,height_m,current_A,0.11177083792050113,0.0786541079096519
40,height_m,current_A,0.19585866623303094,0.09022290843442615
41,height_m,current_A,0.09716051437511264,0.07216468902395153
42,height_m,current_A,0.07786760882458066,0.07587994578175146
43,height_m,current_A,0.05676148184095142,0.07724019597654314
44,height_m,current_A,0.1145678572030494,0.08932549037693006
45,height_m,current_A,0.14237198012057228,0.08292602666539552
46,height_m,current_A,0.09036182137429971,0.07473854258280556
47,height_m,current_A,0.07152643155819383,0.07841809265202292
48,height_m,current_A,-0.03350215380799426,0.08810070075200026
49,height_m,current_A,0.07098310577523015,0.07424627111575745
50,height_m,current_A,0.12480518611051772,0.06949829855597202
51,height_m,current_A,-0.09317365864436367,0.07561495395037804
52,height_m,current_A,0.07420346168986658,0.07585013929396472
53,height_m,current_A,0.009302509438509965,0.07683713282998167
54,height_m,current_A,0.10435857995108488,0.08180660723766428
55,height_m,current_A,0.19203332429232878,0.08386200795332927
56,height_m,current_A,0.09257316665397652,0.08930740595344057
57,height_m,current_A,0.0258107504458176,0.07937137721281705
58,height_m,current_A,0.12318034654541532,0.07562370355154768
59,height_m,current_A,0.12598232496324713,0.07617697847307908
60,height_m,current_A,0.10727881034276199,0.07062965302416303
61,height_m,current_A,0.056424737192781294,0.06914969873519188
62,height_m,current_A,0.04966555738654477,0.07836876589812032
63,height_m,current_A,0.020134963858503774,0.10115527779285553
64,height_m,current_A,0.06632917378134584,0.08399260889510812
65,height_m,current_A,0.03497979101919857,0.08818502670493926
66,height_m,current_A,0.06848607173281118,0.07647016087572162
67,height_m,current_A,0.0059510475250798,0.09365822997871301
68,height_m,current_A,0.005735221568606952,0.09699175781763467
69,height_m,current_A,0.055002961736157596,0.08198372331920623
70,height_m,current_A,-0.016980579598879775,0.09184812699510594
71,height_m,current_A,0.08793010494293652,0.07947887573804992
72,height_m,current_A,0.11660301966512232,0.07976396500369261
73,height_m,current_A,-0.007108969456391723,0.08813077534158989
74,height_m,current_A,-0.03167576435315356,0.0837548952188639
75,height_m,current_A,0.013072252988542532,0.07911988628255957
76,height_m,current_A,0.05814505983403828,0.08057554144413526
77,height_m,current_A,0.11090565259485596,0.07888755163146198
78,height_m,current_A,0.12446617275958594,0.08591230371697153
79,height_m,current_A,0.0169123422095403,0.08641146017130064
80,height_m,current_A,0.14739591627107318,0.07935319110086783
81,height_m,current_A,0.008620006608879849,0.08450762333889246
82,height_m,current_A,0.096521634723569,0.08692083682518174
83,height_m,current_A,0.16167770112072144,0.08833409135672896
84,height_m,current_A,0.03263173054416013,0.08598958366274354
85,height_m,current_A,0.09513809725661893,0.08630899036427823
86,height_m,current_A,0.011135403491315587,0.07748040103342407
87,height_m,current_A,0.030304803877975184,0.07883257904285722
88,height_m,current_A,0.07245452669104469,0.07951707561722982
89,height_m,current_A,0.12781634899568528,0.08765223708743085
90,height_m,current_A,0.129064240190095,0.07529410160209633
91,height_m,current_A,0.11676651351925216,0.08602388876562002
92,height_m,current_A,0.08027561561906582,0.09325885694293218
93,height_m,current_A,-0.04863191863906535,0.0821383324233862
94,height_m,current_A,0.06327977693474629,0.07655273950458061
95,height_m,current_A,0.04756181595686548,0.08113499580553267
96,height_m,current_A,0.07361888855594267,0.08768669017386824
97,height_m,current_A,0.0582617885345752,0.08786649820390435
98,height_m,current_A,-0.004159175248421132,0.08136492172870685
99,height_m,current_A,0.16572452696461515,0.08101568615709497
100,height_m,current_A,0.12038783311564427,0.09649907182785472
101,height_m,current_A,0.1321526133390708,0.08229023337372042
102,height_m,current_A,0.12220144135122313,0.09300567682921394
103,height_m,current_A,0.01303281461846284,0.0890087479113716
104,height_m,current_A,-0.02232156839033661,0.08194034157659273
105,height_m,current_A,0.12418123185853347,0.07206719396887466
106,height_m,current_A,0.037447184732816274,0.07740073685014112
107,height_m,current_A,-0.01833167477690889,0.08537992356662334
108,height_m,current_A,0.07854890191002417,0.07973439933867656
109,height_m,current_A,0.06409775894405201,0.08520424413173047
110,height_m,current_A,0.09329386839935783,0.08145912644953072
111,height_m,current_A,0.06367984303760799,0.09881811831120406
112,height_m,current_A,0.10902545751388482,0.09125357002389499
113,height_m,current_A,0.13071941193206082,0.08216471620106343
114,height_m,current_A,0.05544114851922022,0.09109644254507897
115,height_m,current_A,0.1604830947972249,0.08181467469472063
116,height_m,current_A,0.027540658340140522,0.07271236860742014
117,height_m,current_A,0.034826837447479275,0.11130060950034956
118,height_m,current_A,0.1472425487922825,0.0790914177625984
119,height_m,current_A,0.1718013876808674,0.06988619605269285
120,height_m,current_A,0.0659136445648485,0.07298823384274833
121,height_m,current_A,0.08232145066563767,0.08000928627009284
122,height_m,current_A,0.11311638523078626,0.07379378351605828
123,height_m,current_A,0.07779957069363752,0.08477546081936377
124,height_m,current_A,-0.05115291432721514,0.07442645271029764
125,height_m,current_A,0.06996464253570533,0.07576363298543304
126,height_m,current_A,0.10716376753527213,0.07382721291055275
127,height_m,current_A,0.08426850528830276,0.06950492999669365
128,height_m,current_A,0.05184778864032835,0.09486280968960063
129,height_m,current_A,0.09732830125265646,0.08340677737149363
130,height_m,current_A,-0.017814674023171495,0.07340744792039464
131,height_m,current_A,0.12061559531551636,0.07863932508948056
132,height_m,current_A,0.1561753045142028,0.06627253473916335
133,height_m,current_A,0.1346181012131037,0.08745220189222279
134,height_m,current_A,0.0700264341406388,0.0829935791430037
135,height_m,current_A,0.04743865348444032,0.08554445562872072
136,height_m,current_A,-0.0007514990441279679,0.0839364893164568
137,height_m,current_A,0.08939036011022528,0.08347424870827966
138,height_m,current_A,0.07551510160405828,0.08297874422258837
139,height_m,current_A,0.17130365626545652,0.08633091671199551
140,height_m,current_A,0.05357639072317644,0.09236269652005766
141,height_m,current_A,0.07985235675302005,0.0762858507240181
142,height_m,current_A,0.0696861597243491,0.082292914195857
143,height_m,current_A,0.0761441308057792,0.07304252864477963
144,height_m,current_A,0.08435503040894887,0.08872584101274546
145,height_m,current_A,0.16533416350272112,0.07599820015301723
146,height_m,current_A,0.07790697520792056,0.09180375886947775
147,height_m,current_A,0.08588196624681255,0.0882983375163311
148,height_m,current_A,0.1447048943701289,0.07955306113952565
149,height_m,current_A,0.129372402266286,0.0993041812699234
150,height_m,current_A,0.22018755605380436,0.08437277355279792
151,height_m,current_A,-0.014918786042249943,0.08811493353601006
152,height_m,current_A,0.11873898599245591,0.07725595103087127
153,height_m,current_A,0.07465361924446767,0.07927859059502884
154,height_m,current_A,0.07870725818184598,0.07876828459390779
155,height_m,current_A,0.16702731398194248,0.08435169843199394
156,height_m,current_A,-0.08363150197407343,0.07628311613040215
157,height_m,current_A,0.09908996736030118,0.09311991352116632
158,height_m,current_A,0.10597461189872237,0.09423370023053525
159,height_m,current_A,0.08297529501005363,0.07869220515905918
160,height_m,current_A,-0.03249521523324117,0.08909867391741716
161,height_m,current_A,0.15045185846533904,0.07487872421222783
162,height_m,current_A,0.07727969334715956,0.07777177437454733
163,height_m,current_A,0.03170468300557927,0.07276575839754035
164,height_m,current_A,0.12243342330703078,0.0865951716561774
165,height_m,current_A,0.05210604886553627,0.09024733491228297
166,height_m,current_A,0.059248127693729336,0.08045053108541798
167,height_m,current_A,0.07579347025647465,0.08328192332383526
168,height_m,current_A,0.09672320572351178,0.0850563740913192
169,height_m,current_A,-0.005487588778046559,0.06702967536395411
170,height_m,current_A,-0.013791453070747473,0.09447673537435915
171,height_m,current_A,0.1868567952341329,0.08152340873756746
172,height_m,current_A,0.1386922311636074,0.09607272228169042
173,height_m,current_A,0.10074252983155796,0.08058377091563831
174,height_m,current_A,0.14093678862257375,0.06520970568235694
175,height_m,current_A,0.06681550946857984,0.09089043349426716
176,height_m,current_A,0.17528042623547557,0.08182702128635631
177,height_m,current_A,0.04931992952857889,0.07943142149557306
178,height_m,current_A,0.04064291915814533,0.09591630471180429
179,height_m,current_A,0.1879990120526258,0.08669624872049969
180,height_m,current_A,0.1466999625770572,0.07511036287121793
181,height_m,current_A,0.0434841520144853,0.08252860592540426
182,height_m,current_A,0.1899859339724843,0.07698292359500919
183,height_m,current_A,0.08396849141816765,0.07986502924447594
184,height_m,current_A,0.1349812918108122,0.09378269205692122
185,height_m,current_A,0.09919571701704244,0.08100846618396086
186,height_m,current_A,-0.03994239340724515,0.09750874697486929
187,height_m,current_A,0.1384426847624206,0.09263198815650825
188,height_m,current_A,0.048014900239978786,0.08871953815508671
189,height_m,current_A,0.026771057951427757,0.08881213033225971
190,height_m,current_A,0.010334193979067208,0.08530183281074577
191,height_m,current_A,0.19745606535922833,0.07301706193388623
192,height_m,current_A,0.13813285967484212,0.09504449312500668
193,height_m,current_A,0.0687240630049828,0.09120066354569585
194,height_m,current_A,0.12300701548624626,0.09145032748224692
195,height_m,current_A,0.12186592114710226,0.07574292568137779
196,height_m,current_A,0.0905995803452957,0.08884383378699187
197,height_m,current_A,-0.04049588324204478,0.07143014569756219
198,height_m,current_A,0.18086668525438376,0.07542762904745288
199,height_m,current_A,0.10833659771404747,0.08039745034193833
200,height_m,current_A,0.10008910577581309,0.07686296603828827
201,height_m,current_A,0.17292328256722778,0.08454820694065888
202,height_m,current_A,0.07270529063470554,0.09349773269810756
203,height_m,current_A,0.15435817880529956,0.07312532673344442
204,height_m,current_A,0.1445158290708497,0.0833253425247835
205,height_m,current_A,0.040918427314653116,0.08611234754106041
206,height_m,current_A,0.2008285178716458,0.08329242651909241
207,height_m,current_A,0.13561906322364248,0.08668854966694998
208,height_m,current_A,0.09920766198960362,0.07664406045674513
209,height_m,current_A,0.13295150976653392,0.08510810001754973
210,height_m,current_A,0.07139624322553839,0.09080781801843048
211,height_m,current_A,0.024702975182253506,0.08254652458045027
212,height_m,current_A,-0.0193048663321862,0.07829588749691854
213,height_m,current_A,0.16542628623224598,0.08449370396719773
214,height_m,current_A,0.10226136888340542,0.0841761825012901
215,height_m,current_A,0.09161948377741469,0.07754880105721469
216,height_m,current_A,0.09363642939061889,0.07005023462776756
217,height_m,current_A,0.1358082487169966,0.08570846250268925
218,height_m,current_A,0.12910276178088465,0.0959472339292495
219,height_m,current_A,0.05847498136065854,0.07747912375950672
220,height_m,current_A,0.0025713726182673424,0.09068607861224283
221,height_m,current_A,0.02271965783280716,0.09659141654020378
222,height_m,current_A,0.1404134199984043,0.07854182898221934
223,height_m,current_A,0.08490016936687461,0.08555812722960143
224,height_m,current_A,0.10180618320931734,0.07683200604830483
225,height_m,current_A,0.08801075803806113,0.0798135954842887
226,height_m,current_A,0.048871172345627545,0.08301285795956082
227,height_m,current_A,0.15814920338333438,0.08589208896875085
228,height_m,current_A,0.0448900376726864,0.07402144294128328
229,height_m,current_A,-0.01657758907742246,0.08117406742434158
230,height_m,current_A,0.11350202169399237,0.08002276033978441
231,height_m,current_A,0.06738967021524034,0.0769632115639391
232,height_m,current_A,0.15740235361794486,0.07871413385806485
233,height_m,current_A,0.17989172211048166,0.08497203356722723
234,height_m,current_A,0.05952609500330519,0.07819056526672323
235,height_m,current_A,0.11333895906761438,0.09020213186271214
236,height_m,current_A,2.788456645541615e-05,0.07168093612199314
237,height_m,current_A,0.10557666422522094,0.0841765656033672
238,height_m,current_A,0.05124516769948917,0.08140520399065744
239,height_m,current_A,0.05156312473065261,0.09069219146972597
240,height_m,current_A,0.1030309042583426,0.08579525132110295
241,height_m,current_A,0.015227793935482348,0.07947609866552553
242,height_m,current_A,0.04892900521007604,0.07739354056933764
243,height_m,current_A,0.0672088788552998,0.06578693128744525
244,height_m,current_A,0.035978020468173666,0.0801521486330412
245,height_m,current_A,0.05088831568331753,0.08555392350679727
246,height_m,current_A,0.03816395218230573,0.07763807776039922
247,height_m,current_A,0.16974299998233155,0.07784328664885427
248,height_m,current_A,0.06437878624394622,0.08719858296304528
249,height_m,current_A,-0.029247491378460166,0.0809201106097877
250,height_m,current_A,-0.026754472371094407,0.07985400946897413
251,height_m,current_A,0.1342851945991682,0.07854278587876935
252,height_m,current_A,0.0569402997638877,0.08091280220346331
253,height_m,current_A,0.11446101005848075,0.08980640579836212
254,height_m,current_A,0.14586502093447096,0.08778551128467964
255,height_m,current_A,0.12215258351643965,0.08853469783838123
256,height_m,current_A,0.09550479026293612,0.07431950435101416
257,height_m,current_A,0.11438379988502345,0.08637314583563367
258,height_m,current_A,0.14280351127982926,0.08732383371184332
259,height_m,current_A,0.10166833039569834,0.07421432327438135
260,height_m,current_A,0.22785231934331396,0.06510812291285199
261,height_m,current_A,0.15172346934960135,0.09401995313547538
262,height_m,current_A,0.1147651607002248,0.08374426969271645
263,height_m,current_A,0.03519217132843966,0.06942523898414865
264,height_m,current_A,0.0018603758791810865,0.08282178440745842
265,height_m,current_A,-0.004147360668697253,0.08356269914287515
266,height_m,current_A,0.06657210157636084,0.0840531059110607
267,height_m,current_A,0.0018102357397316027,0.08871960917879793
268,height_m,current_A,0.03853020166169274,0.07843046510060513
269,height_m,current_A,0.03524230666514283,0.08214108905813869
270,height_m,current_A,0.022905396241678977,0.07960010293113749
271,height_m,current_A,0.10112210289105517,0.08227601026271018
272,height_m,current_A,0.012042299045872729,0.0837900784506051
273,height_m,current_A,0.13909018154078334,0.08662425772475416
274,height_m,current_A,-0.0016131624562760738,0.09775656780700408
275,height_m,current_A,0.0017910900764248616,0.07175393196503992
276,height_m,current_A,0.01303433702866097,0.09031771362443985
277,height_m,current_A,-0.010152841928899425,0.0852137925651374
278,height_m,current_A,0.16202103420967529,0.08179260382848572
279,height_m,current_A,-0.05955279151448045,0.08545678618176095
280,height_m,current_A,0.04842351710635573,0.08430139972314042
281,height_m,current_A,-0.021878715620225586,0.08387237891433091
282,height_m,current_A,0.02369878013145521,0.07225139087956332
283,height_m,current_A,0.1325777364914712,0.08398145459525493
284,height_m,current_A,0.03472795775557358,0.08277695622069998
285,height_m,current_A,-0.019514259778025567,0.08965030440716117
286,height_m,current_A,0.09343563059135074,0.07474733668165175
287,height_m,current_A,0.016892927837242167,0.0854513290787149
288,height_m,current_A,-0.037336339975626576,0.08088502023033242
289,height_m,current_A,0.09886240217658382,0.07776281820693937
290,height_m,current_A,0.07955193568920294,0.07262852642401747
291,height_m,current_A,0.06557281310206509,0.08093784459468963
292,height_m,current_A,0.03450946676011668,0.08158662655414961
293,height_m,current_A,0.2300286361321615,0.0793429122546806
294,height_m,current_A,0.07301459632362217,0.0892998724743311
295,height_m,current_A,0.07296463420411003,0.08537084224641922
296,height_m,current_A,0.15657290494768739,0.0869498249998288
297,height_m,current_A,0.030063833637780424,0.0844233056487326
298,height_m,current_A,0.20672233120289252,0.08058179774056047
299,height_m,current_A,0.1825945084665479,0.07426715353534485
300,height_m,current_A,0.19000136220131136,0.08505295959518781
301,height_m,current_A,0.11097564893396117,0.0694405899544758
302,height_m,current_A,0.11884589481834162,0.08327060288911073
303,height_m,current_A,0.11746561946523482,0.08320081073748754
304,height_m,current_A,-0.010717216508282279,0.07850299986332702
305,height_m,current_A,0.12312506876798013,0.08380003810203804
306,height_m,current_A,0.0020270166368924203,0.08079415297184557
307,height_m,current_A,0.14667973119951017,0.07307541759507268
308,height_m,current_A,-0.00451886006834501,0.08796505452291734
309,height_m,current_A,-0.054434969852024784,0.06846893804859445
310,height_m,current_A,0.22047381135730182,0.08170441898562295
311,height_m,current_A,0.18383441590997107,0.09220969905819788
312,height_m,current_A,0.06471379026099977,0.08341568426756536
313,height_m,current_A,-0.03385412122293019,0.08800256507324923
314,height_m,current_A,0.18129940020995783,0.07797027960732024
315,height_m,current_A,0.06851014896039853,0.0732074206684121
316,height_m,current_A,0.0005927230835558461,0.09175057352432141
317,height_m,current_A,-0.08642818601895175,0.08955164625398737
318,height_m,current_A,0.18355373744231918,0.07509275494050761
319,height_m,current_A,0.03952468124983599,0.08109253600510122
320,height_m,current_A,0.11590569873528389,0.09324647191009017
321,height_m,current_A,-0.005998910756722209,0.08977171479781153
322,height_m,current_A,0.15036057966142335,0.08625980507770109
323,height_m,current_A,0.18755159593098647,0.08539388765389516
324,height_m,current_A,0.11065985098736575,0.09529854528274
325,height_m,current_A,0.09875215030983198,0.07253105727570662
326,height_m,current_A,0.18646359692025682,0.07912590824505614
327,height_m,current_A,-0.07310344629548049,0.089402821278783
328,height_m,current_A,-0.01475842130560201,0.07905103490998756
329,height_m,current_A,0.1685628696108462,0.08437646384885948
330,height_m,current_A,0.0965189226867339,0.08874010691755585
331,height_m,current_A,-0.04761420464791177,0.0850670168157058
332,height_m,current_A,0.144354507074128,0.07670903585548194
333,height_m,current_A,0.08131564815600967,0.08308892812969713
334,height_m,current_A,0.017151493074292867,0.07629969105860092
335,height_m,current_A,-0.003834549068788329,0.08329509487676436
336,height_m,current_A,0.10322679159317183,0.07501445964108189
337,height_m,current_A,0.11393317926053781,0.076359691447646
338,height_m,current_A,0.09224574778712291,0.0920488669426215
339,height_m,current_A,0.09296708460904102,0.09064583285310951
340,height_m,current_A,0.08159965249519763,0.07678464126704633
341,height_m,current_A,0.04639763066752334,0.08438359076018385
342,height_m,current_A,-0.011767416815480436,0.08980286003135934
343,height_m,current_A,0.2091991942303132,0.07589045052669764
344,height_m,current_A,0.03147335246886762,0.0946688178475029
345,height_m,current_A,-0.0675840150864444,0.06905493063107405
346,height_m,current_A,0.0700284437025529,0.08266466508602391
347,height_m,current_A,0.13839617906954005,0.0745415804241169
348,height_m,current_A,0.1660028884474294,0.07804123436228336
349,height_m,current_A,-0.04421762238062499,0.07495841959370537
350,height_m,current_A,0.1136556944507594,0.09279718600688037
351,height_m,current_A,0.07331328852902697,0.0961375763372895
352,height_m,current_A,0.017549655070718928,0.08075740270333136
353,height_m,current_A,0.02454012297807151,0.09586873776430262
354,height_m,current_A,0.07131992432939549,0.10100676077705163
355,height_m,current_A,0.10992442797007373,0.09441719491876319
356,height_m,current_A,0.011136955881618116,0.0936199250150283
357,height_m,current_A,0.034285254523888975,0.0873932131071502
358,height_m,current_A,-0.004097985188433073,0.07857385454548778
359,height_m,current_A,-0.04369864615898478,0.08293671733723292
360,height_m,current_A,0.15852982539437177,0.09290712029177858
361,height_m,current_A,0.21670259282310278,0.08089924913339239
362,height_m,current_A,0.06571598088767472,0.08523442144205365
363,height_m,current_A,0.1939957438469131,0.07282462895933149
364,height_m,current_A,0.21445535040407226,0.08976591451821624
365,height_m,current_A,0.12330414570232684,0.08840088978894141
366,height_m,current_A,0.18489638759913107,0.084843542510246
367,height_m,current_A,0.09043036101125834,0.09070723229309988
368,height_m,current_A,0.0716517890553322,0.08030537967068178
369,height_m,current_A,0.19865283783512977,0.07750190284201927
370,height_m,current_A,-0.01707021769447281,0.0801180547416855
371,height_m,current_A,0.09749970221314896,0.08144615756150993
372,height_m,current_A,0.06956985494690038,0.0802824339355159
373,height_m,current_A,0.1298331765890529,0.08556785547873301
374,height_m,current_A,0.18491077619884155,0.09219085798171436
375,height_m,current_A,0.08503408841488413,0.08427989226460621
376,height_m,current_A,0.1063279682751348,0.07437402098954034
377,height_m,current_A,0.022775210384624267,0.08119755681953648
378,height_m,current_A,0.15337967359782523,0.07462922453819941
379,height_m,current_A,0.171765696814293,0.07686587207679368
380,height_m,current_A,0.0393071551405082,0.07753982428534598
381,height_m,current_A,0.09028581508756839,0.06472906400753585
382,height_m,current_A,0.06013060257285574,0.08085403176310879
383,height_m,current_A,0.10857214123932168,0.0869574228352519
384,height_m,current_A,0.13297170299923056,0.08822322403752941
385,height_m,current_A,0.06364948625372835,0.09814171406082865
386,height_m,current_A,0.12364157792071284,0.08292328088721414
387,height_m,current_A,0.12137480968419156,0.08772246753834498
388,height_m,current_A,0.19444624117271392,0.07453254271645646
389,height_m,current_A,0.0462336860272039,0.07509669505615223
390,height_m,current_A,0.07053790367272261,0.08269066415673881
391,height_m,current_A,0.08657558016575428,0.10033199517877828
392,height_m,current_A,0.027011970503696747,0.08005390073250106
393,height_m,current_A,0.184631996864291,0.08286047660188699
394,height_m,current_A,0.11099154772309372,0.08425135498936412
395,height_m,current_A,0.056807467671484146,0.08384516251115834
396,height_m,current_A,0.03628607695744579,0.09295595890485335
397,height_m,current_A,0.05483182670862796,0.07477061906548682
398,height_m,current_A,0.20153672547096768,0.07265460343693876
399,height_m,current_A,-0.02413681786658528,0.08794408278443758
400,height_m,current_A,0.11958365809829385,0.0833982501631176
401,height_m,current_A,0.22032634377990112,0.0816008595723019
402,height_m,current_A,0.011580981465669438,0.0970961860521047
403,height_m,current_A,0.06972017926323659,0.07883928435932674
404,height_m,current_A,0.11937621778160368,0.0959477351642254
405,height_m,current_A,0.07177700486666816,0.09042095100411401
406,height_m,current_A,0.05454968146394834,0.0744340329391212
407,height_m,current_A,0.1511702488493517,0.08136920936946279
408,height_m,current_A,0.054253490749384015,0.08626787286919653
409,height_m,current_A,0.12978165330497893,0.07543563901848263
410,height_m,current_A,0.1174645353177306,0.08297347747471862
411,height_m,current_A,0.008312004191228795,0.08174383175196008
412,height_m,current_A,0.0512944418357143,0.09118435146886526
413,height_m,current_A,0.1300963870746611,0.07900942816880765
414,height_m,current_A,-0.03155084996641477,0.08389911569143542
415,height_m,current_A,0.1170943574958202,0.07403184580468998
416,height_m,current_A,0.1304717916856748,0.07131201546815487
417,height_m,current_A,0.24030874627295362,0.08540068043523664
418,height_m,current_A,0.19132755292746273,0.08857548368553779
419,height_m,current_A,0.19570765879884244,0.07417926424480008
420,height_m,current_A,0.08351933106276499,0.0751296905055512
421,height_m,current_A,0.0003625984727128051,0.09510761471831403
422,height_m,current_A,0.08650009085469124,0.07502491131986716
423,height_m,current_A,0.12845960870197848,0.09638613897776821
424,height_m,current_A,0.09234296296350475,0.07535161531750446
425,height_m,current_A,0.005371602722961222,0.0738034118534817
426,height_m,current_A,0.19370641294144098,0.08272773234418128
427,height_m,current_A,0.0697558397346385,0.08234362428147661
428,height_m,current_A,0.07802742687144515,0.0747890509219921
429,height_m,current_A,0.01703413464618575,0.07819372624499879
430,height_m,current_A,0.1016201466543436,0.07220828049210853
431,height_m,current_A,0.15333470607440136,0.07977092761649864
432,height_m,current_A,0.07450746662317476,0.07611560301656714
433,height_m,current_A,0.10462095479659406,0.08574247402463511
434,height_m,current_A,0.10170796936053972,0.08089006497024911
435,height_m,current_A,-0.0017428372450889462,0.08035604013659571
436,height_m,current_A,0.21651958927899428,0.08177535676277242
437,height_m,current_A,0.14821065582200632,0.08119940078944247
438,height_m,current_A,0.14476117320284942,0.09526603763593583
439,height_m,current_A,0.1522084358852931,0.10484969616262992
440,height_m,current_A,0.10484518456887815,0.08866223978630226
441,height_m,current_A,0.09686329321321263,0.07820840441554754
442,height_m,current_A,0.09413744256349921,0.08380160689755045
443,height_m,current_A,0.028631661993303803,0.07053215937900316
444,height_m,current_A,0.05841256242117909,0.0834439991834675
445,height_m,current_A,0.09705837723155186,0.08456674091683981
446,height_m,current_A,0.10852485936198342,0.0769123077072058
447,height_m,current_A,0.09770080293612005,0.07072989288513344
448,height_m,current_A,0.1252216119666899,0.08279874545088185
449,height_m,current_A,0.07736927605817234,0.06786187240032221
450,height_m,current_A,0.03558035590103792,0.07697862149564098
451,height_m,current_A,0.17633272216960671,0.08294367359852378
452,height_m,current_A,0.09904354817948546,0.0872321977580145
453,height_m,current_A,0.07605101433763461,0.0811121145760007
454,height_m,current_A,0.059324297151278405,0.07606844448487808
455,height_m,current_A,0.13601968396654562,0.08432076311167737
456,height_m,current_A,0.09295882254133148,0.0864017023216644
457,height_m,current_A,0.1108497153221134,0.0768557347263796
458,height_m,current_A,0.05558766106532631,0.08937254936222074
459,height_m,current_A,0.09132527682379088,0.07420372208123169
460,height_m,current_A,0.07269653428174416,0.0817851773720635
461,height_m,current_A,0.11789676448187403,0.06564883114853735
462,height_m,current_A,0.1320433020437891,0.07008762813225723
463,height_m,current_A,0.13059530123208918,0.07586077819116177
464,height_m,current_A,0.04659705708241291,0.09341730656428435
465,height_m,current_A,0.09817874656831149,0.08917625485787364
466,height_m,current_A,0.12000986639568922,0.07776042395375427
467,height_m,current_A,0.061643189103186,0.08415740093178162
468,height_m,current_A,0.012792109318446432,0.06866501880315552
469,height_m,current_A,0.032981624753140926,0.07394698290331504
470,height_m,current_A,0.11243580054457358,0.07399868241952534
471,height_m,current_A,0.18884492453771917,0.09125427847921927
472,height_m,current_A,0.10175430854762113,0.07466569592587526
473,height_m,current_A,0.06236590800248687,0.07471678770176682
474,height_m,current_A,0.04607735526111134,0.07919776505267472
475,height_m,current_A,0.12215353181441357,0.08320151950357316
476,height_m,current_A,0.11569151604731975,0.08326138235777603
477,height_m,current_A,0.0967965047135948,0.07668312698825006
478,height_m,current_A,0.1850774343631585,0.08213189581305425
479,height_m,current_A,0.04017846543723069,0.08511443350572645
480,height_m,current_A,0.09173996384867178,0.07746104481845818
481,height_m,current_A,-0.06350660338864311,0.07993620518787448
482,height_m,current_A,0.030565202212477938,0.08099892359484374
483,height_m,current_A,0.18654688316627688,0.08073326436077738
484,height_m,current_A,0.08280200109736979,0.08504754551710644
485,height_m,current_A,0.03954697474055413,0.07973683466219267
486,height_m,current_A,0.08626791951225465,0.08211157510113257
487,height_m,current_A,0.05990258262304682,0.07845170899360089
488,height_m,current_A,0.09023003719595457,0.08616748771098956
489,height_m,current_A,0.11196518564914038,0.08767627728615911
490,height_m,current_A,0.06454899265128589,0.0758366276839322
491,height_m,current_A,0.03060306339420804,0.09505253048430887
492,height_m,current_A,0.06168936212471976,0.08789132567451262
493,height_m,current_A,0.14539845911709548,0.07396273169098333
494,height_m,current_A,0.05033323820758118,0.07819923526115248
495,height_m,current_A,0.009477665555951087,0.07916497749057277
496,height_m,current_A,0.01303487377763135,0.08961781246801373
497,height_m,current_A,0.07546673441619323,0.09300946223169951
498,height_m,current_A,0.07509496066438459,0.07711824558136247
499,height_m,current_A,0.0661230398290269,0.08357532621676503
0,height_m,STY_assumed_product_kg_m3_day,0.4289411220752417,0.47137582265121625
1,height_m,STY_assumed_product_kg_m3_day,0.406430807532981,0.42915138315742374
2,height_m,STY_assumed_product_kg_m3_day,0.5002097228519093,0.4631445970220776
3,height_m,STY_assumed_product_kg_m3_day,0.5129598579523313,0.4433353856325536
4,height_m,STY_assumed_product_kg_m3_day,0.39395339536531526,0.4410776330547855
5,height_m,STY_assumed_product_kg_m3_day,0.478330038693385,0.43472508894235207
6,height_m,STY_assumed_product_kg_m3_day,0.4554901002191387,0.41082822737042524
7,height_m,STY_assumed_product_kg_m3_day,0.4172310370721777,0.4707770015947093
8,height_m,STY_assumed_product_kg_m3_day,0.4998478457568737,0.4083009219073948
9,height_m,STY_assumed_product_kg_m3_day,0.43690150980384557,0.4310521313983575
10,height_m,STY_assumed_product_kg_m3_day,0.4821749930816107,0.516546593531541
11,height_m,STY_assumed_product_kg_m3_day,0.4335652048219526,0.44265377727664657
12,height_m,STY_assumed_product_kg_m3_day,0.41753648816884203,0.4676687704038607
13,height_m,STY_assumed_product_kg_m3_day,0.4601488072871156,0.4837087552017517
14,height_m,STY_assumed_product_kg_m3_day,0.404168901752886,0.4743978227438022
15,height_m,STY_assumed_product_kg_m3_day,0.5112935203173209,0.4816803189873304
16,height_m,STY_assumed_product_kg_m3_day,0.435327643193672,0.38614149014044585
17,height_m,STY_assumed_product_kg_m3_day,0.3915688792152152,0.49391783411718604
18,height_m,STY_assumed_product_kg_m3_day,0.4778038619854009,0.4282751188940714
19,height_m,STY_assumed_product_kg_m3_day,0.5248168345765407,0.5104288880030419
20,height_m,STY_assumed_product_kg_m3_day,0.3808418066548074,0.4453816089831103
21,height_m,STY_assumed_product_kg_m3_day,0.43535030352941007,0.4693509721692335
22,height_m,STY_assumed_product_kg_m3_day,0.49874305547934705,0.48183135830780316
23,height_m,STY_assumed_product_kg_m3_day,0.4431590901016804,0.43791740953902053
24,height_m,STY_assumed_product_kg_m3_day,0.47465515194618124,0.4743390580086524
25,height_m,STY_assumed_product_kg_m3_day,0.5237504291765045,0.45314077657892193
26,height_m,STY_assumed_product_kg_m3_day,0.4784061308117603,0.38199556868962603
27,height_m,STY_assumed_product_kg_m3_day,0.44659787415873053,0.41661892689279756
28,height_m,STY_assumed_product_kg_m3_day,0.4533735510471155,0.45013622643549334
29,height_m,STY_assumed_product_kg_m3_day,0.3876420946153405,0.4933980263791495
30,height_m,STY_assumed_product_kg_m3_day,0.4594915526749648,0.4125085406079186
31,height_m,STY_assumed_product_kg_m3_day,0.4019431700616438,0.4216574729098289
32,height_m,STY_assumed_product_kg_m3_day,0.4190412687200451,0.49132887176255857
33,height_m,STY_assumed_product_kg_m3_day,0.43114703687322375,0.4823559141998827
34,height_m,STY_assumed_product_kg_m3_day,0.40019520116688123,0.4820457527020803
35,height_m,STY_assumed_product_kg_m3_day,0.44979742652474464,0.46050481242832814
36,height_m,STY_assumed_product_kg_m3_day,0.4415261465044299,0.45138716777610294
37,height_m,STY_assumed_product_kg_m3_day,0.46783113041796975,0.4353467993521648
38,height_m,STY_assumed_product_kg_m3_day,0.5224329733837908,0.43314059261809024
39,height_m,STY_assumed_product_kg_m3_day,0.470900083824889,0.4353245501568176
40,height_m,STY_assumed_product_kg_m3_day,0.5404630250972386,0.47260758842887635
41,height_m,STY_assumed_product_kg_m3_day,0.4789046194203398,0.3790633539681675
42,height_m,STY_assumed_product_kg_m3_day,0.44812440437137024,0.4234587114607122
43,height_m,STY_assumed_product_kg_m3_day,0.4368440881559422,0.42402918745566254
44,height_m,STY_assumed_product_kg_m3_day,0.4899407684781959,0.4706831273226239
45,height_m,STY_assumed_product_kg_m3_day,0.4500709952287567,0.47918470144602504
46,height_m,STY_assumed_product_kg_m3_day,0.4405071831579661,0.4159859566920831
47,height_m,STY_assumed_product_kg_m3_day,0.433948246619025,0.4375945153950355
48,height_m,STY_assumed_product_kg_m3_day,0.37516502828084086,0.4951008254254494
49,height_m,STY_assumed_product_kg_m3_day,0.42408369453067063,0.4196759040833406
50,height_m,STY_assumed_product_kg_m3_day,0.46665231127704887,0.3828634439944651
51,height_m,STY_assumed_product_kg_m3_day,0.2966358178510955,0.45535043935831776
52,height_m,STY_assumed_product_kg_m3_day,0.43215463524531283,0.42390123576007815
53,height_m,STY_assumed_product_kg_m3_day,0.4092449770554396,0.41665304884434984
54,height_m,STY_assumed_product_kg_m3_day,0.4777681238018259,0.42581414103875664
55,height_m,STY_assumed_product_kg_m3_day,0.5397770169669991,0.4416487010372438
56,height_m,STY_assumed_product_kg_m3_day,0.46672741596030853,0.46812213652366935
57,height_m,STY_assumed_product_kg_m3_day,0.3717981425160346,0.4541990609438384
58,height_m,STY_assumed_product_kg_m3_day,0.47137788200395825,0.42858465537020923
59,height_m,STY_assumed_product_kg_m3_day,0.49021151884856273,0.41139235496826726
60,height_m,STY_assumed_product_kg_m3_day,0.4482440691270805,0.40616703558728534
61,height_m,STY_assumed_product_kg_m3_day,0.40663982649428565,0.4057414670604442
62,height_m,STY_assumed_product_kg_m3_day,0.41785118972784685,0.4445368885459674
63,height_m,STY_assumed_product_kg_m3_day,0.42525374870312294,0.5506645871082325
64,height_m,STY_assumed_product_kg_m3_day,0.4531198309579332,0.45063258793730154
65,height_m,STY_assumed_product_kg_m3_day,0.41237295980193134,0.4947815181772354
66,height_m,STY_assumed_product_kg_m3_day,0.4386575915065515,0.41934786389209444
67,height_m,STY_assumed_product_kg_m3_day,0.3904462055492711,0.525285656033558
68,height_m,STY_assumed_product_kg_m3_day,0.39256177473017617,0.5496977452188873
69,height_m,STY_assumed_product_kg_m3_day,0.4284979180212044,0.44513394412807505
70,height_m,STY_assumed_product_kg_m3_day,0.35088158358699073,0.534775550814506
71,height_m,STY_assumed_product_kg_m3_day,0.4239904127155182,0.4630832234008176
72,height_m,STY_assumed_product_kg_m3_day,0.45239914584657714,0.4543885964621988
73,height_m,STY_assumed_product_kg_m3_day,0.4020533974539169,0.5068237013928434
74,height_m,STY_assumed_product_kg_m3_day,0.38018975610687245,0.4674940112892859
75,height_m,STY_assumed_product_kg_m3_day,0.38923209281433757,0.4463679120395294
76,height_m,STY_assumed_product_kg_m3_day,0.4351737832016729,0.4311628703667071
77,height_m,STY_assumed_product_kg_m3_day,0.493170245578063,0.4176024299485052
78,height_m,STY_assumed_product_kg_m3_day,0.4991994637509858,0.4576070461081504
79,height_m,STY_assumed_product_kg_m3_day,0.41495292324218436,0.4731034169735391
80,height_m,STY_assumed_product_kg_m3_day,0.4982031777627044,0.42822854216170836
81,height_m,STY_assumed_product_kg_m3_day,0.3842660343851724,0.4757943678986329
82,height_m,STY_assumed_product_kg_m3_day,0.4704330368633811,0.4554253621629544
83,height_m,STY_assumed_product_kg_m3_day,0.5006258028807398,0.49345497839571006
84,height_m,STY_assumed_product_kg_m3_day,0.44967616502074226,0.44786903801220956
85,height_m,STY_assumed_product_kg_m3_day,0.4087887750344501,0.5201227889572212
86,height_m,STY_assumed_product_kg_m3_day,0.3846091134052594,0.4409959699200924
87,height_m,STY_assumed_product_kg_m3_day,0.4089862978744844,0.44617141732874444
88,height_m,STY_assumed_product_kg_m3_day,0.43585164491670025,0.4492988559512841
89,height_m,STY_assumed_product_kg_m3_day,0.4751788098017897,0.49248284483229116
90,height_m,STY_assumed_product_kg_m3_day,0.49398888947918473,0.3979683368607297
91,height_m,STY_assumed_product_kg_m3_day,0.4956729705824786,0.4577997552545732
92,height_m,STY_assumed_product_kg_m3_day,0.4420063949668259,0.5220677494888596
93,height_m,STY_assumed_product_kg_m3_day,0.3892880606793345,0.43688011424995177
94,height_m,STY_assumed_product_kg_m3_day,0.42479142244035484,0.4276752779545544
95,height_m,STY_assumed_product_kg_m3_day,0.4321122746389844,0.44202163343947976
96,height_m,STY_assumed_product_kg_m3_day,0.48533079835693493,0.45726479342616455
97,height_m,STY_assumed_product_kg_m3_day,0.449417444956141,0.4715326560537606
98,height_m,STY_assumed_product_kg_m3_day,0.4240528357959923,0.4429494267742489
99,height_m,STY_assumed_product_kg_m3_day,0.5228282813849063,0.4325791088397739
100,height_m,STY_assumed_product_kg_m3_day,0.49292578343492754,0.5170351082112752
101,height_m,STY_assumed_product_kg_m3_day,0.49003897365218707,0.4502902377705802
102,height_m,STY_assumed_product_kg_m3_day,0.47483876849899287,0.5135270767334946
103,height_m,STY_assumed_product_kg_m3_day,0.41616311986364884,0.49618988817139736
104,height_m,STY_assumed_product_kg_m3_day,0.38011516156676595,0.462213039237463
105,height_m,STY_assumed_product_kg_m3_day,0.47145862348567047,0.4007330023385672
106,height_m,STY_assumed_product_kg_m3_day,0.4262881937712336,0.41974898799785726
107,height_m,STY_assumed_product_kg_m3_day,0.3545083367686461,0.49540925931009444
108,height_m,STY_assumed_product_kg_m3_day,0.42299029463028415,0.4478648475202333
109,height_m,STY_assumed_product_kg_m3_day,0.46913520249007945,0.4425779474083487
110,height_m,STY_assumed_product_kg_m3_day,0.4624607930776562,0.4465085210432089
111,height_m,STY_assumed_product_kg_m3_day,0.4764469126459243,0.518556145660743
112,height_m,STY_assumed_product_kg_m3_day,0.4803865941283809,0.4951232637295715
113,height_m,STY_assumed_product_kg_m3_day,0.48021606369930614,0.4566852025075342
114,height_m,STY_assumed_product_kg_m3_day,0.4274085794619228,0.5005569028995883
115,height_m,STY_assumed_product_kg_m3_day,0.5247465584338,0.4332846423020669
116,height_m,STY_assumed_product_kg_m3_day,0.41381167647180106,0.3965104516705331
117,height_m,STY_assumed_product_kg_m3_day,0.4243821336393875,0.6093876405102429
118,height_m,STY_assumed_product_kg_m3_day,0.4842179174710147,0.44617050014758775
119,height_m,STY_assumed_product_kg_m3_day,0.4881949710047121,0.40305277818020147
120,height_m,STY_assumed_product_kg_m3_day,0.4231881746663131,0.41367264332270276
121,height_m,STY_assumed_product_kg_m3_day,0.4617806316531424,0.4374010978354087
122,height_m,STY_assumed_product_kg_m3_day,0.5054999014235162,0.38247729760639804
123,height_m,STY_assumed_product_kg_m3_day,0.4474047390329422,0.4613430962009733
124,height_m,STY_assumed_product_kg_m3_day,0.36948846354914955,0.39685949649454605
125,height_m,STY_assumed_product_kg_m3_day,0.4531045978593534,0.42220739326602613
126,height_m,STY_assumed_product_kg_m3_day,0.47675739652734916,0.39725217564262844
127,height_m,STY_assumed_product_kg_m3_day,0.43434559780407955,0.3816274794463612
128,height_m,STY_assumed_product_kg_m3_day,0.42930195990472875,0.5314014894849114
129,height_m,STY_assumed_product_kg_m3_day,0.4563427789272364,0.45924707016475
130,height_m,STY_assumed_product_kg_m3_day,0.3602207678857009,0.4230156727319132
131,height_m,STY_assumed_product_kg_m3_day,0.4892852679223343,0.42792468591438193
132,height_m,STY_assumed_product_kg_m3_day,0.4766708187284162,0.37389478086531036
133,height_m,STY_assumed_product_kg_m3_day,0.5072430958033695,0.4666139913060975
134,height_m,STY_assumed_product_kg_m3_day,0.4660599642860914,0.4514299030722151
135,height_m,STY_assumed_product_kg_m3_day,0.40764375950195353,0.48839819658265354
136,height_m,STY_assumed_product_kg_m3_day,0.3897518219544781,0.4803401692845115
137,height_m,STY_assumed_product_kg_m3_day,0.4561919606846344,0.4635936108458594
138,height_m,STY_assumed_product_kg_m3_day,0.43983569591493266,0.4504170815067679
139,height_m,STY_assumed_product_kg_m3_day,0.5007473803833988,0.4809278722095671
140,height_m,STY_assumed_product_kg_m3_day,0.45263681183940807,0.4961189896121353
141,height_m,STY_assumed_product_kg_m3_day,0.44125804280185665,0.4228990544703357
142,height_m,STY_assumed_product_kg_m3_day,0.4454345229652885,0.44311346317900635
143,height_m,STY_assumed_product_kg_m3_day,0.450910338621452,0.4003842127090337
144,height_m,STY_assumed_product_kg_m3_day,0.45472640265063446,0.49378154761223364
145,height_m,STY_assumed_product_kg_m3_day,0.4981686229503456,0.4196080390621161
146,height_m,STY_assumed_product_kg_m3_day,0.4733659892747848,0.4891290069340334
147,height_m,STY_assumed_product_kg_m3_day,0.4330405170687015,0.5079129716650375
148,height_m,STY_assumed_product_kg_m3_day,0.4891377720250665,0.4404637053934607
149,height_m,STY_assumed_product_kg_m3_day,0.4972759563304404,0.5326663727601715
150,height_m,STY_assumed_product_kg_m3_day,0.5583899648339958,0.43984699833812596
151,height_m,STY_assumed_product_kg_m3_day,0.36212349240961483,0.5026878097113668
152,height_m,STY_assumed_product_kg_m3_day,0.46730494127555244,0.43197524947289373
153,height_m,STY_assumed_product_kg_m3_day,0.4403336446722361,0.44588063220578694
154,height_m,STY_assumed_product_kg_m3_day,0.46469652299127795,0.4353113337308915
155,height_m,STY_assumed_product_kg_m3_day,0.4841412804275813,0.4774206606302102
156,height_m,STY_assumed_product_kg_m3_day,0.3012670700075165,0.43658133020112116
157,height_m,STY_assumed_product_kg_m3_day,0.48557439514474643,0.48626079133626054
158,height_m,STY_assumed_product_kg_m3_day,0.4891953762038831,0.4923468230075243
159,height_m,STY_assumed_product_kg_m3_day,0.46310942271684663,0.42961395684202613
160,height_m,STY_assumed_product_kg_m3_day,0.36878424917674946,0.5102732195941517
161,height_m,STY_assumed_product_kg_m3_day,0.4864925404165469,0.42117742438667116
162,height_m,STY_assumed_product_kg_m3_day,0.42436341497992425,0.43368216990830094
163,height_m,STY_assumed_product_kg_m3_day,0.4008361144264583,0.41469496891370844
164,height_m,STY_assumed_product_kg_m3_day,0.4614214899099872,0.4734354303784267
165,height_m,STY_assumed_product_kg_m3_day,0.4367013699806267,0.4895201920866499
166,height_m,STY_assumed_product_kg_m3_day,0.4043573569332213,0.45779452488720307
167,height_m,STY_assumed_product_kg_m3_day,0.4443843165181317,0.4644214261628186
168,height_m,STY_assumed_product_kg_m3_day,0.4408413622200026,0.4834557660044028
169,height_m,STY_assumed_product_kg_m3_day,0.36304323628042734,0.3892719902511857
170,height_m,STY_assumed_product_kg_m3_day,0.4094856465248653,0.5208964611588053
171,height_m,STY_assumed_product_kg_m3_day,0.5110578348087952,0.4371546298049422
172,height_m,STY_assumed_product_kg_m3_day,0.5000398984810674,0.5186612004930335
173,height_m,STY_assumed_product_kg_m3_day,0.4696287658783379,0.4340342744862684
174,height_m,STY_assumed_product_kg_m3_day,0.47808661016077936,0.36271353290754815
175,height_m,STY_assumed_product_kg_m3_day,0.4525425696065071,0.4966451225706932
176,height_m,STY_assumed_product_kg_m3_day,0.5190375894954042,0.4419042633304613
177,height_m,STY_assumed_product_kg_m3_day,0.42978238887063147,0.44032758657927956
178,height_m,STY_assumed_product_kg_m3_day,0.436085436311515,0.5153327252631679
179,height_m,STY_assumed_product_kg_m3_day,0.5170560545919751,0.4582928914678289
180,height_m,STY_assumed_product_kg_m3_day,0.4891798931493698,0.4161067396975918
181,height_m,STY_assumed_product_kg_m3_day,0.4331290281361425,0.43634903473836695
182,height_m,STY_assumed_product_kg_m3_day,0.5391360449437547,0.4083564815376732
183,height_m,STY_assumed_product_kg_m3_day,0.44089498318571463,0.4447378615297818
184,height_m,STY_assumed_product_kg_m3_day,0.5040774833470274,0.49289584574519524
185,height_m,STY_assumed_product_kg_m3_day,0.47503491016081156,0.43481692530561294
186,height_m,STY_assumed_product_kg_m3_day,0.37754891053761586,0.5450295869824667
187,height_m,STY_assumed_product_kg_m3_day,0.5083808051217282,0.49592376990790715
188,height_m,STY_assumed_product_kg_m3_day,0.4314488354254026,0.4771670769398909
189,height_m,STY_assumed_product_kg_m3_day,0.3988278712915587,0.5003565928534711
190,height_m,STY_assumed_product_kg_m3_day,0.41272962347301667,0.4719611896857012
191,height_m,STY_assumed_product_kg_m3_day,0.492737573475005,0.4141642330744912
192,height_m,STY_assumed_product_kg_m3_day,0.49417630595506257,0.5029658006348448
193,height_m,STY_assumed_product_kg_m3_day,0.438391636779075,0.492474138294276
194,height_m,STY_assumed_product_kg_m3_day,0.48904472458323744,0.4903727827560898
195,height_m,STY_assumed_product_kg_m3_day,0.44207178820160886,0.44064669828454534
196,height_m,STY_assumed_product_kg_m3_day,0.4779755541177726,0.46849662390423
197,height_m,STY_assumed_product_kg_m3_day,0.3497767560251561,0.4019420875324531
198,height_m,STY_assumed_product_kg_m3_day,0.504984535393769,0.4196293183120521
199,height_m,STY_assumed_product_kg_m3_day,0.453045560895302,0.4504562617651008
200,height_m,STY_assumed_product_kg_m3_day,0.4458336834340857,0.42700065053261355
201,height_m,STY_assumed_product_kg_m3_day,0.5198275035099704,0.45748570569926233
202,height_m,STY_assumed_product_kg_m3_day,0.4273294479190539,0.5302862490841347
203,height_m,STY_assumed_product_kg_m3_day,0.5051611518600756,0.38881692046631955
204,height_m,STY_assumed_product_kg_m3_day,0.4816567989289716,0.45109646470409964
205,height_m,STY_assumed_product_kg_m3_day,0.39915116642999426,0.4928835244919517
206,height_m,STY_assumed_product_kg_m3_day,0.5419691280796445,0.44012008785838835
207,height_m,STY_assumed_product_kg_m3_day,0.4926853817622874,0.4591821220570356
208,height_m,STY_assumed_product_kg_m3_day,0.450213917199503,0.42423327151863793
209,height_m,STY_assumed_product_kg_m3_day,0.5057711824484936,0.4427323150763975
210,height_m,STY_assumed_product_kg_m3_day,0.4755692505355602,0.4898762425792659
211,height_m,STY_assumed_product_kg_m3_day,0.41073574310193794,0.4404958236068687
212,height_m,STY_assumed_product_kg_m3_day,0.3783580742323055,0.4330285723822711
213,height_m,STY_assumed_product_kg_m3_day,0.5041371987189921,0.4545967947807991
214,height_m,STY_assumed_product_kg_m3_day,0.44506183528850196,0.46886466662939424
215,height_m,STY_assumed_product_kg_m3_day,0.4463333380791418,0.4476643970783097
216,height_m,STY_assumed_product_kg_m3_day,0.4261769163630085,0.4074650593691387
217,height_m,STY_assumed_product_kg_m3_day,0.4674236908555751,0.4818202029594293
218,height_m,STY_assumed_product_kg_m3_day,0.4903086025803216,0.5198803529832428
219,height_m,STY_assumed_product_kg_m3_day,0.4169366081292393,0.44431445682680676
220,height_m,STY_assumed_product_kg_m3_day,0.3802456773922597,0.513174571803579
221,height_m,STY_assumed_product_kg_m3_day,0.4369056088427762,0.5158145625367911
222,height_m,STY_assumed_product_kg_m3_day,0.5077562577165777,0.4175880087189231
223,height_m,STY_assumed_product_kg_m3_day,0.48981979827241273,0.44640721613645495
224,height_m,STY_assumed_product_kg_m3_day,0.4677377674467075,0.4222881508797693
225,height_m,STY_assumed_product_kg_m3_day,0.45761834910408616,0.44566272516504135
226,height_m,STY_assumed_product_kg_m3_day,0.4162567716936678,0.46222712362442775
227,height_m,STY_assumed_product_kg_m3_day,0.5157131284311717,0.4517490970656079
228,height_m,STY_assumed_product_kg_m3_day,0.40432125282252795,0.4182139756090627
229,height_m,STY_assumed_product_kg_m3_day,0.3692898729398082,0.45665888843867364
230,height_m,STY_assumed_product_kg_m3_day,0.4804178768791828,0.430492720022717
231,height_m,STY_assumed_product_kg_m3_day,0.38527732674232085,0.46668185474638446
232,height_m,STY_assumed_product_kg_m3_day,0.4839684487372351,0.438720904669907
233,height_m,STY_assumed_product_kg_m3_day,0.5322027858511376,0.4393584518540068
234,height_m,STY_assumed_product_kg_m3_day,0.4134468218841669,0.4483246647665628
235,height_m,STY_assumed_product_kg_m3_day,0.4963214844764051,0.47794868099524324
236,height_m,STY_assumed_product_kg_m3_day,0.3894019859532102,0.40250093748665955
237,height_m,STY_assumed_product_kg_m3_day,0.4431302804236834,0.47260483295247085
238,height_m,STY_assumed_product_kg_m3_day,0.42179991021411145,0.4594243786284037
239,height_m,STY_assumed_product_kg_m3_day,0.43523465989304533,0.48914280123824233
240,height_m,STY_assumed_product_kg_m3_day,0.4253573164553418,0.5019809876703298
241,height_m,STY_assumed_product_kg_m3_day,0.42030082623988996,0.43056185412991277
242,height_m,STY_assumed_product_kg_m3_day,0.4056544710269322,0.4373911023029674
243,height_m,STY_assumed_product_kg_m3_day,0.40531171877240035,0.37434698644648906
244,height_m,STY_assumed_product_kg_m3_day,0.40892061678491953,0.44242942223259846
245,height_m,STY_assumed_product_kg_m3_day,0.4187402033730383,0.4776762020230376
246,height_m,STY_assumed_product_kg_m3_day,0.40912688384473017,0.44282785929816604
247,height_m,STY_assumed_product_kg_m3_day,0.5034623459275505,0.41884795850078904
248,height_m,STY_assumed_product_kg_m3_day,0.4539382195276531,0.46925760555974183
249,height_m,STY_assumed_product_kg_m3_day,0.3755758987394391,0.44867385288281986
250,height_m,STY_assumed_product_kg_m3_day,0.4024684334854093,0.43636383835609777
251,height_m,STY_assumed_product_kg_m3_day,0.49320751108942884,0.4207886434858665
252,height_m,STY_assumed_product_kg_m3_day,0.43071148927150416,0.4395090701991539
253,height_m,STY_assumed_product_kg_m3_day,0.4938939475371006,0.4775646820052437
254,height_m,STY_assumed_product_kg_m3_day,0.4990556488917859,0.480786007070687
255,height_m,STY_assumed_product_kg_m3_day,0.4676206923943864,0.4904230096878577
256,height_m,STY_assumed_product_kg_m3_day,0.46448595912372836,0.4001214355355257
257,height_m,STY_assumed_product_kg_m3_day,0.4440408006094112,0.4828672577106789
258,height_m,STY_assumed_product_kg_m3_day,0.47387479256853016,0.48734587616987624
259,height_m,STY_assumed_product_kg_m3_day,0.45867755390868215,0.41590071327464584
260,height_m,STY_assumed_product_kg_m3_day,0.5265239200612462,0.36896036268366955
261,height_m,STY_assumed_product_kg_m3_day,0.5048784305955611,0.5095253891407914
262,height_m,STY_assumed_product_kg_m3_day,0.4708893881327345,0.46452729677997934
263,height_m,STY_assumed_product_kg_m3_day,0.4042997882494721,0.39375705163786817
264,height_m,STY_assumed_product_kg_m3_day,0.43754871316131805,0.42992773429479536
265,height_m,STY_assumed_product_kg_m3_day,0.3909072491584773,0.482156184906013
266,height_m,STY_assumed_product_kg_m3_day,0.4181513509827771,0.48417946758550995
267,height_m,STY_assumed_product_kg_m3_day,0.4191094843544487,0.4896781616111952
268,height_m,STY_assumed_product_kg_m3_day,0.4146987371394274,0.43914043882830883
269,height_m,STY_assumed_product_kg_m3_day,0.4083433331328835,0.4451840480845869
270,height_m,STY_assumed_product_kg_m3_day,0.39997175784186956,0.4502377784711873
271,height_m,STY_assumed_product_kg_m3_day,0.453578841288069,0.4629009527049167
272,height_m,STY_assumed_product_kg_m3_day,0.3906030365875294,0.4754956196357943
273,height_m,STY_assumed_product_kg_m3_day,0.4891606903949566,0.4609905286493012
274,height_m,STY_assumed_product_kg_m3_day,0.3860712016467518,0.5574006469892895
275,height_m,STY_assumed_product_kg_m3_day,0.3816428696075894,0.4063098482651263
276,height_m,STY_assumed_product_kg_m3_day,0.41701358143914025,0.4894769990378703
277,height_m,STY_assumed_product_kg_m3_day,0.3824602497217239,0.48972408631393183
278,height_m,STY_assumed_product_kg_m3_day,0.4907865831712438,0.44158471980357517
279,height_m,STY_assumed_product_kg_m3_day,0.36162109309631996,0.4649565665618157
280,height_m,STY_assumed_product_kg_m3_day,0.40583013401029866,0.48369789486101633
281,height_m,STY_assumed_product_kg_m3_day,0.3764888399549047,0.4667708452093586
282,height_m,STY_assumed_product_kg_m3_day,0.4031128237392331,0.41333152582667637
283,height_m,STY_assumed_product_kg_m3_day,0.45298039400032253,0.4919407154414168
284,height_m,STY_assumed_product_kg_m3_day,0.4335645511613877,0.4399970958916543
285,height_m,STY_assumed_product_kg_m3_day,0.3702641439612048,0.5107502492675787
286,height_m,STY_assumed_product_kg_m3_day,0.46569971969763535,0.40321338307436966
287,height_m,STY_assumed_product_kg_m3_day,0.4057489521712161,0.4795641281114145
288,height_m,STY_assumed_product_kg_m3_day,0.36616621793581516,0.44932009611359736
289,height_m,STY_assumed_product_kg_m3_day,0.4483779080360034,0.42545557716454
290,height_m,STY_assumed_product_kg_m3_day,0.43180498088693264,0.41415841839196627
291,height_m,STY_assumed_product_kg_m3_day,0.4273658183705218,0.43952942442738935
292,height_m,STY_assumed_product_kg_m3_day,0.3898361046558121,0.4759870896806939
293,height_m,STY_assumed_product_kg_m3_day,0.5430384606416134,0.42780465399471607
294,height_m,STY_assumed_product_kg_m3_day,0.4653057170153504,0.48205049632439273
295,height_m,STY_assumed_product_kg_m3_day,0.4476043432650647,0.46259937603119267
296,height_m,STY_assumed_product_kg_m3_day,0.49709695316310276,0.4824757018234008
297,height_m,STY_assumed_product_kg_m3_day,0.41416792892571086,0.46957065286713034
298,height_m,STY_assumed_product_kg_m3_day,0.5310504836408901,0.43194391127084203
299,height_m,STY_assumed_product_kg_m3_day,0.514719131926656,0.4157045057370383
300,height_m,STY_assumed_product_kg_m3_day,0.5291382407133143,0.45161735902862
301,height_m,STY_assumed_product_kg_m3_day,0.4682671742011919,0.3835680701725319
302,height_m,STY_assumed_product_kg_m3_day,0.5072580405881626,0.4284416658041986
303,height_m,STY_assumed_product_kg_m3_day,0.47043106858416384,0.4519134428517573
304,height_m,STY_assumed_product_kg_m3_day,0.37299782953537064,0.44855979838322985
305,height_m,STY_assumed_product_kg_m3_day,0.46432509168251823,0.48529355833645466
306,height_m,STY_assumed_product_kg_m3_day,0.41248696172158095,0.438464899745663
307,height_m,STY_assumed_product_kg_m3_day,0.4823418312057687,0.4102847800923422
308,height_m,STY_assumed_product_kg_m3_day,0.384971479279933,0.49570045763118176
309,height_m,STY_assumed_product_kg_m3_day,0.3617224759436186,0.3805209077738987
310,height_m,STY_assumed_product_kg_m3_day,0.5528097469002492,0.43623652325237033
311,height_m,STY_assumed_product_kg_m3_day,0.5250187493648015,0.486587988248306
312,height_m,STY_assumed_product_kg_m3_day,0.44626666212686494,0.4643409209701163
313,height_m,STY_assumed_product_kg_m3_day,0.38964415221482396,0.47293202456962663
314,height_m,STY_assumed_product_kg_m3_day,0.5072486994844576,0.42772493940325074
315,height_m,STY_assumed_product_kg_m3_day,0.4476541438656949,0.4072129626778668
316,height_m,STY_assumed_product_kg_m3_day,0.4149369963003612,0.49402812625782205
317,height_m,STY_assumed_product_kg_m3_day,0.32983073234737614,0.5045186311479375
318,height_m,STY_assumed_product_kg_m3_day,0.5166953748004877,0.40822298499336657
319,height_m,STY_assumed_product_kg_m3_day,0.4058107307317874,0.45875181129895154
320,height_m,STY_assumed_product_kg_m3_day,0.4417287576523735,0.5217922165919817
321,height_m,STY_assumed_product_kg_m3_day,0.3894414888353972,0.4963605704151219
322,height_m,STY_assumed_product_kg_m3_day,0.515843669333138,0.4543061727960971
323,height_m,STY_assumed_product_kg_m3_day,0.5254205359712061,0.46823112218648477
324,height_m,STY_assumed_product_kg_m3_day,0.4946633285956715,0.5078544052145606
325,height_m,STY_assumed_product_kg_m3_day,0.48094217829447994,0.37619350236272686
326,height_m,STY_assumed_product_kg_m3_day,0.5088263894628027,0.4402073523979
327,height_m,STY_assumed_product_kg_m3_day,0.36535102836879285,0.47606230459867793
328,height_m,STY_assumed_product_kg_m3_day,0.3869353444564757,0.44021229264667733
329,height_m,STY_assumed_product_kg_m3_day,0.5115534524569711,0.4508765749495293
330,height_m,STY_assumed_product_kg_m3_day,0.46635268010697384,0.4769441378679223
331,height_m,STY_assumed_product_kg_m3_day,0.3912234178782835,0.47018517563806017
332,height_m,STY_assumed_product_kg_m3_day,0.4720215732080906,0.4296288438411927
333,height_m,STY_assumed_product_kg_m3_day,0.4644944060657188,0.44030469953207146
334,height_m,STY_assumed_product_kg_m3_day,0.40800543397104383,0.4193624470382476
335,height_m,STY_assumed_product_kg_m3_day,0.3980917837313419,0.46562744002946443
336,height_m,STY_assumed_product_kg_m3_day,0.46281481042860195,0.4143429155496828
337,height_m,STY_assumed_product_kg_m3_day,0.4841230978396649,0.40364423300105756
338,height_m,STY_assumed_product_kg_m3_day,0.4861802240353752,0.47724075383060877
339,height_m,STY_assumed_product_kg_m3_day,0.45606048128325183,0.49894902003089947
340,height_m,STY_assumed_product_kg_m3_day,0.43321591076527055,0.43857215802544536
341,height_m,STY_assumed_product_kg_m3_day,0.4303840974114359,0.4701762777190143
342,height_m,STY_assumed_product_kg_m3_day,0.37935083307464423,0.504101754432827
343,height_m,STY_assumed_product_kg_m3_day,0.5144879606024968,0.4270876781732445
344,height_m,STY_assumed_product_kg_m3_day,0.4316761659918926,0.5076937106002007
345,height_m,STY_assumed_product_kg_m3_day,0.306704699710722,0.4100975935155057
346,height_m,STY_assumed_product_kg_m3_day,0.4319953418443182,0.46431931680375743
347,height_m,STY_assumed_product_kg_m3_day,0.4907878453895723,0.4211282855080635
348,height_m,STY_assumed_product_kg_m3_day,0.48795635808669846,0.4456571535563465
349,height_m,STY_assumed_product_kg_m3_day,0.3326836714667397,0.4259019597697259
350,height_m,STY_assumed_product_kg_m3_day,0.4949732155273251,0.4910865005295374
351,height_m,STY_assumed_product_kg_m3_day,0.4681221667009643,0.5062781030698854
352,height_m,STY_assumed_product_kg_m3_day,0.3807598924739005,0.47058098346985816
353,height_m,STY_assumed_product_kg_m3_day,0.45362422941146685,0.4902210196822062
354,height_m,STY_assumed_product_kg_m3_day,0.46685704682326123,0.525979352712453
355,height_m,STY_assumed_product_kg_m3_day,0.47068405830497206,0.5145460843542518
356,height_m,STY_assumed_product_kg_m3_day,0.4139128079799145,0.5071355474065458
357,height_m,STY_assumed_product_kg_m3_day,0.3997381818218162,0.4935514197212805
358,height_m,STY_assumed_product_kg_m3_day,0.3694132333448096,0.44628320878563466
359,height_m,STY_assumed_product_kg_m3_day,0.3645257334642711,0.4690592002417008
360,height_m,STY_assumed_product_kg_m3_day,0.520394749647461,0.4844435017677338
361,height_m,STY_assumed_product_kg_m3_day,0.5623557798714668,0.42911581764429474
362,height_m,STY_assumed_product_kg_m3_day,0.452522271037073,0.46412100909552595
363,height_m,STY_assumed_product_kg_m3_day,0.4957324872950526,0.42040971033392244
364,height_m,STY_assumed_product_kg_m3_day,0.5398895790392073,0.47957468063191727
365,height_m,STY_assumed_product_kg_m3_day,0.5074328595299213,0.4613347204119324
366,height_m,STY_assumed_product_kg_m3_day,0.5099961796604284,0.46763602054008757
367,height_m,STY_assumed_product_kg_m3_day,0.4566375771682267,0.4872529647207276
368,height_m,STY_assumed_product_kg_m3_day,0.4618148506399278,0.4346872731486527
369,height_m,STY_assumed_product_kg_m3_day,0.5217476233482261,0.4299713122332029
370,height_m,STY_assumed_product_kg_m3_day,0.33261155666259135,0.4719027174669699
371,height_m,STY_assumed_product_kg_m3_day,0.4879670815609244,0.41971967440716623
372,height_m,STY_assumed_product_kg_m3_day,0.4320035828763146,0.45545390807771347
373,height_m,STY_assumed_product_kg_m3_day,0.48485861504350014,0.4654320205510331
374,height_m,STY_assumed_product_kg_m3_day,0.52210098938172,0.4857908339617019
375,height_m,STY_assumed_product_kg_m3_day,0.4244883324993368,0.47376008320499163
376,height_m,STY_assumed_product_kg_m3_day,0.45542892364494825,0.4170644373621614
377,height_m,STY_assumed_product_kg_m3_day,0.43706037128506436,0.4426889837575315
378,height_m,STY_assumed_product_kg_m3_day,0.5077375132808728,0.39625390949123246
379,height_m,STY_assumed_product_kg_m3_day,0.5090312420645215,0.4079468507989373
380,height_m,STY_assumed_product_kg_m3_day,0.4076786897759299,0.44022598148416536
381,height_m,STY_assumed_product_kg_m3_day,0.4405449879613341,0.3697658178296574
382,height_m,STY_assumed_product_kg_m3_day,0.44206383274592453,0.4442214457805643
383,height_m,STY_assumed_product_kg_m3_day,0.42362147221329516,0.5194537899466753
384,height_m,STY_assumed_product_kg_m3_day,0.46345900054678746,0.5110875635687101
385,height_m,STY_assumed_product_kg_m3_day,0.46248539006512235,0.5210572954160608
386,height_m,STY_assumed_product_kg_m3_day,0.47669703023292564,0.45071474106440984
387,height_m,STY_assumed_product_kg_m3_day,0.4495129306285629,0.49949126290985135
388,height_m,STY_assumed_product_kg_m3_day,0.48664286474671226,0.4396520582194181
389,height_m,STY_assumed_product_kg_m3_day,0.4344778315503508,0.4109328501252072
390,height_m,STY_assumed_product_kg_m3_day,0.41273650459024414,0.47847075909041104
391,height_m,STY_assumed_product_kg_m3_day,0.4501047141739385,0.551477826707189
392,height_m,STY_assumed_product_kg_m3_day,0.4040733694766594,0.44561735210036213
393,height_m,STY_assumed_product_kg_m3_day,0.5130841050113695,0.45218225121268796
394,height_m,STY_assumed_product_kg_m3_day,0.47633031178029905,0.4590123257992015
395,height_m,STY_assumed_product_kg_m3_day,0.44625403181576095,0.4576043611069744
396,height_m,STY_assumed_product_kg_m3_day,0.4180912665935582,0.5207437520503998
397,height_m,STY_assumed_product_kg_m3_day,0.4408837954623931,0.3977346211961901
398,height_m,STY_assumed_product_kg_m3_day,0.4811859305879783,0.4270766024083077
399,height_m,STY_assumed_product_kg_m3_day,0.368868034072827,0.5029002286826736
400,height_m,STY_assumed_product_kg_m3_day,0.477753329900685,0.44362144904677225
401,height_m,STY_assumed_product_kg_m3_day,0.5270130505645945,0.46900638786959076
402,height_m,STY_assumed_product_kg_m3_day,0.36239658112010287,0.5720106168393447
403,height_m,STY_assumed_product_kg_m3_day,0.43111427970012595,0.44636159708998613
404,height_m,STY_assumed_product_kg_m3_day,0.5182094689498494,0.492341460473937
405,height_m,STY_assumed_product_kg_m3_day,0.43631249295988217,0.5134704374555944
406,height_m,STY_assumed_product_kg_m3_day,0.4235074362539659,0.4171472193155732
407,height_m,STY_assumed_product_kg_m3_day,0.47226390439064236,0.449791271635137
408,height_m,STY_assumed_product_kg_m3_day,0.4403284656567852,0.4807452119025441
409,height_m,STY_assumed_product_kg_m3_day,0.4803220210594129,0.4102159060687338
410,height_m,STY_assumed_product_kg_m3_day,0.48026134449843216,0.4619404916169531
411,height_m,STY_assumed_product_kg_m3_day,0.4090858827567925,0.43689435516100816
412,height_m,STY_assumed_product_kg_m3_day,0.41159707181678307,0.5203856299991615
413,height_m,STY_assumed_product_kg_m3_day,0.4705491303806124,0.43385231039242744
414,height_m,STY_assumed_product_kg_m3_day,0.34659982768814035,0.485816810960936
415,height_m,STY_assumed_product_kg_m3_day,0.4573669170675505,0.41494797417637225
416,height_m,STY_assumed_product_kg_m3_day,0.4987989410388559,0.38157953831953656
417,height_m,STY_assumed_product_kg_m3_day,0.5704152038304402,0.457309611744021
418,height_m,STY_assumed_product_kg_m3_day,0.544449159760179,0.4500517293039674
419,height_m,STY_assumed_product_kg_m3_day,0.5028228594285132,0.41510538903817173
420,height_m,STY_assumed_product_kg_m3_day,0.4678282978239121,0.3957862348386013
421,height_m,STY_assumed_product_kg_m3_day,0.435458089964348,0.5023987468740853
422,height_m,STY_assumed_product_kg_m3_day,0.45806335782666907,0.4166376450281018
423,height_m,STY_assumed_product_kg_m3_day,0.49171056356286313,0.5219124680288387
424,height_m,STY_assumed_product_kg_m3_day,0.4460302640828686,0.4207806467898797
425,height_m,STY_assumed_product_kg_m3_day,0.4094997240416177,0.4027235055396443
426,height_m,STY_assumed_product_kg_m3_day,0.5313901843421882,0.4436645395334386
427,height_m,STY_assumed_product_kg_m3_day,0.46534091335611316,0.4396542553352561
428,height_m,STY_assumed_product_kg_m3_day,0.4368616619159873,0.42479300028933525
429,height_m,STY_assumed_product_kg_m3_day,0.40935196139933194,0.4453001371904316
430,height_m,STY_assumed_product_kg_m3_day,0.47349547886166676,0.38150066157182716
431,height_m,STY_assumed_product_kg_m3_day,0.5085565450648417,0.4243756895490796
432,height_m,STY_assumed_product_kg_m3_day,0.43550904307589855,0.4289502026848334
433,height_m,STY_assumed_product_kg_m3_day,0.43906362862137494,0.48823450495188553
434,height_m,STY_assumed_product_kg_m3_day,0.46983937788966645,0.43806129259494847
435,height_m,STY_assumed_product_kg_m3_day,0.35867034503865314,0.4690804860235584
436,height_m,STY_assumed_product_kg_m3_day,0.5355247591176644,0.4504498747421659
437,height_m,STY_assumed_product_kg_m3_day,0.4818037852699445,0.45217380733897217
438,height_m,STY_assumed_product_kg_m3_day,0.5010585710112159,0.5204778602342952
439,height_m,STY_assumed_product_kg_m3_day,0.5328037234828678,0.5337840995604509
440,height_m,STY_assumed_product_kg_m3_day,0.4671579520439154,0.4790783722713261
441,height_m,STY_assumed_product_kg_m3_day,0.4419746100673977,0.43451893692928206
442,height_m,STY_assumed_product_kg_m3_day,0.4826387325996414,0.44034366513223705
443,height_m,STY_assumed_product_kg_m3_day,0.4165664166577153,0.38255183532930326
444,height_m,STY_assumed_product_kg_m3_day,0.4258412848195984,0.4675612957200954
445,height_m,STY_assumed_product_kg_m3_day,0.4625800865116255,0.4678636421771905
446,height_m,STY_assumed_product_kg_m3_day,0.4788368630611065,0.42076060873486226
447,height_m,STY_assumed_product_kg_m3_day,0.46132402818828633,0.3795279237883282
448,height_m,STY_assumed_product_kg_m3_day,0.5136410937334996,0.4114580706790246
449,height_m,STY_assumed_product_kg_m3_day,0.4525749655453071,0.37583807514228706
450,height_m,STY_assumed_product_kg_m3_day,0.43269223906089527,0.419270297263747
451,height_m,STY_assumed_product_kg_m3_day,0.5142988460823115,0.447456264814423
452,height_m,STY_assumed_product_kg_m3_day,0.4699985224519344,0.46632818793237457
453,height_m,STY_assumed_product_kg_m3_day,0.4483881752900959,0.4467072347782264
454,height_m,STY_assumed_product_kg_m3_day,0.43128234315225555,0.42461571072672855
455,height_m,STY_assumed_product_kg_m3_day,0.4861240737404582,0.4595549653003514
456,height_m,STY_assumed_product_kg_m3_day,0.43965074428641593,0.4863291118545312
457,height_m,STY_assumed_product_kg_m3_day,0.48778843499314806,0.405954692798097
458,height_m,STY_assumed_product_kg_m3_day,0.42230654371908927,0.5012925466996941
459,height_m,STY_assumed_product_kg_m3_day,0.473147502822849,0.4049125459018166
460,height_m,STY_assumed_product_kg_m3_day,0.4546486653444245,0.4435856744316753
461,height_m,STY_assumed_product_kg_m3_day,0.4702080504202676,0.3639891963114943
462,height_m,STY_assumed_product_kg_m3_day,0.5069541290013446,0.3643824411742547
463,height_m,STY_assumed_product_kg_m3_day,0.48247668011085765,0.4152580327481506
464,height_m,STY_assumed_product_kg_m3_day,0.41591409311818583,0.5316035035020759
465,height_m,STY_assumed_product_kg_m3_day,0.45702721879405905,0.49744162817943594
466,height_m,STY_assumed_product_kg_m3_day,0.48118311982229,0.4285880435335436
467,height_m,STY_assumed_product_kg_m3_day,0.45662107078136493,0.45081118314367025
468,height_m,STY_assumed_product_kg_m3_day,0.3959806865408182,0.385570548407466
469,height_m,STY_assumed_product_kg_m3_day,0.4313177445899318,0.40202338623156275
470,height_m,STY_assumed_product_kg_m3_day,0.44679181402624624,0.41824523878311
471,height_m,STY_assumed_product_kg_m3_day,0.5331477944527094,0.48811608472884616
472,height_m,STY_assumed_product_kg_m3_day,0.4455269328912165,0.4138094083439932
473,height_m,STY_assumed_product_kg_m3_day,0.44524893846845837,0.3998873424279272
474,height_m,STY_assumed_product_kg_m3_day,0.3842006564361311,0.444053382680913
475,height_m,STY_assumed_product_kg_m3_day,0.47877306764626226,0.4580681961932026
476,height_m,STY_assumed_product_kg_m3_day,0.4929951193583255,0.4364221416537638
477,height_m,STY_assumed_product_kg_m3_day,0.44846841386839054,0.43947636837201387
478,height_m,STY_assumed_product_kg_m3_day,0.5197256439316584,0.450434069476852
479,height_m,STY_assumed_product_kg_m3_day,0.40363292482679114,0.47536518033866004
480,height_m,STY_assumed_product_kg_m3_day,0.43226787168789316,0.43167461581434996
481,height_m,STY_assumed_product_kg_m3_day,0.33279484751267796,0.45726622516908516
482,height_m,STY_assumed_product_kg_m3_day,0.3706833704159248,0.4858378706877823
483,height_m,STY_assumed_product_kg_m3_day,0.528232606499516,0.42309350217583785
484,height_m,STY_assumed_product_kg_m3_day,0.44218521675810896,0.47118856229277783
485,height_m,STY_assumed_product_kg_m3_day,0.4159897391668368,0.4449627918329385
486,height_m,STY_assumed_product_kg_m3_day,0.4165116697734581,0.4763947672453738
487,height_m,STY_assumed_product_kg_m3_day,0.41305424566423465,0.45239027216078737
488,height_m,STY_assumed_product_kg_m3_day,0.44826329858656255,0.48156618261420664
489,height_m,STY_assumed_product_kg_m3_day,0.4580660582221715,0.4837198918965869
490,height_m,STY_assumed_product_kg_m3_day,0.44598814742124715,0.41028798738762595
491,height_m,STY_assumed_product_kg_m3_day,0.435416480510599,0.5058597751782341
492,height_m,STY_assumed_product_kg_m3_day,0.4503051265320849,0.4714400964142599
493,height_m,STY_assumed_product_kg_m3_day,0.4946328212247063,0.3991173922353581
494,height_m,STY_assumed_product_kg_m3_day,0.4416507839648448,0.4207333882664774
495,height_m,STY_assumed_product_kg_m3_day,0.3540263759905762,0.47409216908977075
496,height_m,STY_assumed_product_kg_m3_day,0.4014437141256665,0.49462190521722366
497,height_m,STY_assumed_product_kg_m3_day,0.44398015959852655,0.5064254846745542
498,height_m,STY_assumed_product_kg_m3_day,0.4622199287497921,0.41529060204791735
499,height_m,STY_assumed_product_kg_m3_day,0.4262500039865257,0.46957636460453234
0,height_m,SEC_assumed_product_kwh_kg,0.04880298156235474,0.08004376766045765
1,height_m,SEC_assumed_product_kwh_kg,0.08003790797783972,0.06963540688432557
2,height_m,SEC_assumed_product_kwh_kg,0.1421673439116128,0.08001134475168459
3,height_m,SEC_assumed_product_kwh_kg,0.170455244650757,0.07302360240528805
4,height_m,SEC_assumed_product_kwh_kg,0.002285351022991322,0.07266416618863696
5,height_m,SEC_assumed_product_kwh_kg,0.156860749242821,0.0734192904644304
6,height_m,SEC_assumed_product_kwh_kg,0.12878231916609117,0.06778345753458948
7,height_m,SEC_assumed_product_kwh_kg,0.05622018472587409,0.07905747176131148
8,height_m,SEC_assumed_product_kwh_kg,0.168280754609741,0.06836673644235526
9,height_m,SEC_assumed_product_kwh_kg,0.09364038912830341,0.07198469760328714
10,height_m,SEC_assumed_product_kwh_kg,0.12750294890453462,0.09185951599879685
11,height_m,SEC_assumed_product_kwh_kg,0.08211085013181663,0.0731440977097037
12,height_m,SEC_assumed_product_kwh_kg,0.021071996470823695,0.07928401584122842
13,height_m,SEC_assumed_product_kwh_kg,0.10609341222186941,0.08325256702586015
14,height_m,SEC_assumed_product_kwh_kg,0.008918432587808556,0.08009045362699255
15,height_m,SEC_assumed_product_kwh_kg,0.14320955160799342,0.08374776956601011
16,height_m,SEC_assumed_product_kwh_kg,0.10629513139088675,0.06282165083884492
17,height_m,SEC_assumed_product_kwh_kg,0.022008605363389,0.08117449171375428
18,height_m,SEC_assumed_product_kwh_kg,0.11932274493200001,0.07282106961609854
19,height_m,SEC_assumed_product_kwh_kg,0.17416956920384097,0.09119968225872462
20,height_m,SEC_assumed_product_kwh_kg,0.015903648278805305,0.07633342663320083
21,height_m,SEC_assumed_product_kwh_kg,0.05549632375425162,0.07992860048877175
22,height_m,SEC_assumed_product_kwh_kg,0.1355252888380869,0.08378968983157267
23,height_m,SEC_assumed_product_kwh_kg,0.07933071723199225,0.07584099060645103
24,height_m,SEC_assumed_product_kwh_kg,0.1267278094985118,0.08326612227122128
25,height_m,SEC_assumed_product_kwh_kg,0.2040907968049117,0.07892457989720637
26,height_m,SEC_assumed_product_kwh_kg,0.11870081104401564,0.06788142020283308
27,height_m,SEC_assumed_product_kwh_kg,0.06416470461231638,0.07232171976556215
28,height_m,SEC_assumed_product_kwh_kg,0.08772465980239252,0.07654125776513429
29,height_m,SEC_assumed_product_kwh_kg,0.09054512586339403,0.07968859823423546
30,height_m,SEC_assumed_product_kwh_kg,0.08701500206323909,0.071693245684509
31,height_m,SEC_assumed_product_kwh_kg,0.000926377570903858,0.0747842506311383
32,height_m,SEC_assumed_product_kwh_kg,0.045725654710095154,0.08254553192051543
33,height_m,SEC_assumed_product_kwh_kg,0.09573207599667288,0.07669663981381468
34,height_m,SEC_assumed_product_kwh_kg,0.0017039560667021503,0.0814106715161957
35,height_m,SEC_assumed_product_kwh_kg,0.07675946192707916,0.07763310433059475
36,height_m,SEC_assumed_product_kwh_kg,0.09642648618605021,0.07307750175386928
37,height_m,SEC_assumed_product_kwh_kg,0.1219936758484772,0.0757123653228891
38,height_m,SEC_assumed_product_kwh_kg,0.1734264688656192,0.0788241699505053
39,height_m,SEC_assumed_product_kwh_kg,0.10103471408201703,0.07417669748197868
40,height_m,SEC_assumed_product_kwh_kg,0.17601607775581773,0.08448898479291544
41,height_m,SEC_assumed_product_kwh_kg,0.11293478294054804,0.06818236648585664
42,height_m,SEC_assumed_product_kwh_kg,0.05881539616365705,0.0704178089213188
43,height_m,SEC_assumed_product_kwh_kg,0.04608774204797217,0.07243796821089198
44,height_m,SEC_assumed_product_kwh_kg,0.1219218560171218,0.08431358790835995
45,height_m,SEC_assumed_product_kwh_kg,0.12725862024286871,0.07739645536909558
46,height_m,SEC_assumed_product_kwh_kg,0.1032114057198642,0.0703281394352047
47,height_m,SEC_assumed_product_kwh_kg,0.09356860668003697,0.07437962947637332
48,height_m,SEC_assumed_product_kwh_kg,-0.042266742615154174,0.0820763065245717
49,height_m,SEC_assumed_product_kwh_kg,0.0741967371260277,0.07000950666313265
50,height_m,SEC_assumed_product_kwh_kg,0.12401075242847936,0.06553202450342882
51,height_m,SEC_assumed_product_kwh_kg,-0.1055183261917707,0.07053673078423046
52,height_m,SEC_assumed_product_kwh_kg,0.07254683114781613,0.07061180925123259
53,height_m,SEC_assumed_product_kwh_kg,0.026000270673211312,0.07160074826146173
54,height_m,SEC_assumed_product_kwh_kg,0.10960809666194182,0.07640790129495224
55,height_m,SEC_assumed_product_kwh_kg,0.1746169812298043,0.07608080704615397
56,height_m,SEC_assumed_product_kwh_kg,0.07786065514758123,0.08404392530576581
57,height_m,SEC_assumed_product_kwh_kg,0.017641525207583553,0.0746463841761611
58,height_m,SEC_assumed_product_kwh_kg,0.1119944300145016,0.0703318940388624
59,height_m,SEC_assumed_product_kwh_kg,0.08592668940286197,0.07264754698307588
60,height_m,SEC_assumed_product_kwh_kg,0.09892226337717003,0.06485368838587353
61,height_m,SEC_assumed_product_kwh_kg,0.007269369129863423,0.06593508736282662
62,height_m,SEC_assumed_product_kwh_kg,0.033688180666341605,0.07212576826195807
63,height_m,SEC_assumed_product_kwh_kg,0.03499697046051642,0.09486925222276461
64,height_m,SEC_assumed_product_kwh_kg,0.06829636293559527,0.07887978244290665
65,height_m,SEC_assumed_product_kwh_kg,0.04570179815150288,0.08240432497019147
66,height_m,SEC_assumed_product_kwh_kg,0.0396827865535575,0.07217132194834594
67,height_m,SEC_assumed_product_kwh_kg,-0.0006988220154959812,0.09015664496214623
68,height_m,SEC_assumed_product_kwh_kg,-0.00842559913454366,0.09351780407248192
69,height_m,SEC_assumed_product_kwh_kg,0.04574453265914513,0.0775805684418846
70,height_m,SEC_assumed_product_kwh_kg,-0.01825511736269969,0.0867562338737275
71,height_m,SEC_assumed_product_kwh_kg,0.08238255414652462,0.07455838338597602
72,height_m,SEC_assumed_product_kwh_kg,0.11133395982578276,0.07689800926714647
73,height_m,SEC_assumed_product_kwh_kg,-0.010935507375616105,0.08328200480064707
74,height_m,SEC_assumed_product_kwh_kg,-0.019373728684754843,0.0795691577285735
75,height_m,SEC_assumed_product_kwh_kg,0.015101266718570594,0.07344353388165095
76,height_m,SEC_assumed_product_kwh_kg,0.04732119420891445,0.07678809228512858
77,height_m,SEC_assumed_product_kwh_kg,0.12317711099942408,0.07331211580461912
78,height_m,SEC_assumed_product_kwh_kg,0.11872939150588802,0.08149943747075898
79,height_m,SEC_assumed_product_kwh_kg,0.009294625531953704,0.08312003167714499
80,height_m,SEC_assumed_product_kwh_kg,0.15558622282430412,0.075433380671732
81,height_m,SEC_assumed_product_kwh_kg,0.01231926858579624,0.07911377549352025
82,height_m,SEC_assumed_product_kwh_kg,0.09537025967347645,0.08317789593372314
83,height_m,SEC_assumed_product_kwh_kg,0.18424651385216995,0.08427194255880405
84,height_m,SEC_assumed_product_kwh_kg,0.016745360662260622,0.07941620954663219
85,height_m,SEC_assumed_product_kwh_kg,0.10385079000145592,0.07921529329575418
86,height_m,SEC_assumed_product_kwh_kg,0.006055765956676895,0.07349868577213836
87,height_m,SEC_assumed_product_kwh_kg,0.021281285259889815,0.0739635842495638
88,height_m,SEC_assumed_product_kwh_kg,0.056684170697874015,0.07573963308301943
89,height_m,SEC_assumed_product_kwh_kg,0.13468480133841199,0.08128888370082377
90,height_m,SEC_assumed_product_kwh_kg,0.13775029030447083,0.07173506139150265
91,height_m,SEC_assumed_product_kwh_kg,0.09486924657893514,0.08197352741668419
92,height_m,SEC_assumed_product_kwh_kg,0.083112673494104,0.08651551971343283
93,height_m,SEC_assumed_product_kwh_kg,-0.03272762788758854,0.07809435388806146
94,height_m,SEC_assumed_product_kwh_kg,0.07192382170707834,0.07182899708179544
95,height_m,SEC_assumed_product_kwh_kg,0.06624969223346544,0.07726452624972724
96,height_m,SEC_assumed_product_kwh_kg,0.05936422714927592,0.08333757856911439
97,height_m,SEC_assumed_product_kwh_kg,0.05928625863222847,0.08098501868071442
98,height_m,SEC_assumed_product_kwh_kg,0.013466472232509297,0.07560590783143957
99,height_m,SEC_assumed_product_kwh_kg,0.1647868024938417,0.07618066550520818
100,height_m,SEC_assumed_product_kwh_kg,0.12684277815121447,0.09182674686455895
101,height_m,SEC_assumed_product_kwh_kg,0.11001919894066947,0.0760280831409674
102,height_m,SEC_assumed_product_kwh_kg,0.1289719624820318,0.08726519196119745
103,height_m,SEC_assumed_product_kwh_kg,0.00762247354471457,0.08347952039151839
104,height_m,SEC_assumed_product_kwh_kg,-0.03895393464514729,0.078476166761278
105,height_m,SEC_assumed_product_kwh_kg,0.11882464087351585,0.06686813378371267
106,height_m,SEC_assumed_product_kwh_kg,0.033007122358952534,0.07278500035805303
107,height_m,SEC_assumed_product_kwh_kg,-0.01321814370199803,0.08245747590874059
108,height_m,SEC_assumed_product_kwh_kg,0.09597367811325186,0.07594719048847946
109,height_m,SEC_assumed_product_kwh_kg,0.07329611791036295,0.08136187594830156
110,height_m,SEC_assumed_product_kwh_kg,0.07741988395893207,0.07749489610614577
111,height_m,SEC_assumed_product_kwh_kg,0.07169086935858915,0.09512772195838119
112,height_m,SEC_assumed_product_kwh_kg,0.11990669211657479,0.08454959875660871
113,height_m,SEC_assumed_product_kwh_kg,0.14278942392451022,0.07699086401083799
114,height_m,SEC_assumed_product_kwh_kg,0.06871744467285867,0.08823448414414888
115,height_m,SEC_assumed_product_kwh_kg,0.144393043641034,0.0776288130208677
116,height_m,SEC_assumed_product_kwh_kg,0.035323519558136174,0.06769707397628047
117,height_m,SEC_assumed_product_kwh_kg,0.016901857350595684,0.10631010250989993
118,height_m,SEC_assumed_product_kwh_kg,0.1560639367133796,0.07364698410393156
119,height_m,SEC_assumed_product_kwh_kg,0.17187516974387462,0.0672533958363096
120,height_m,SEC_assumed_product_kwh_kg,0.06381769599537634,0.06744343062657422
121,height_m,SEC_assumed_product_kwh_kg,0.07453714421270508,0.07459676095892824
122,height_m,SEC_assumed_product_kwh_kg,0.12614870793019328,0.06959713910653557
123,height_m,SEC_assumed_product_kwh_kg,0.07885722483456237,0.07844341593520952
124,height_m,SEC_assumed_product_kwh_kg,-0.07160166991720551,0.07090976146688754
125,height_m,SEC_assumed_product_kwh_kg,0.06980045274144031,0.07084267708051012
126,height_m,SEC_assumed_product_kwh_kg,0.11100078310608263,0.06987026698026551
127,height_m,SEC_assumed_product_kwh_kg,0.0845314817341557,0.06471370524323425
128,height_m,SEC_assumed_product_kwh_kg,0.06835319284244756,0.09098103690286853
129,height_m,SEC_assumed_product_kwh_kg,0.10076505733673258,0.07864223930333963
130,height_m,SEC_assumed_product_kwh_kg,-0.009038910555270174,0.06715406533074936
131,height_m,SEC_assumed_product_kwh_kg,0.10723564829878718,0.07381415137240384
132,height_m,SEC_assumed_product_kwh_kg,0.15184414569048266,0.06272495681056423
133,height_m,SEC_assumed_product_kwh_kg,0.1303132393294898,0.08149250698836596
134,height_m,SEC_assumed_product_kwh_kg,0.06097602928453649,0.07836099375989687
135,height_m,SEC_assumed_product_kwh_kg,0.028782451583412527,0.07914796828697075
136,height_m,SEC_assumed_product_kwh_kg,-0.007575019624219248,0.0770094219719325
137,height_m,SEC_assumed_product_kwh_kg,0.08810087755342788,0.07805615765599079
138,height_m,SEC_assumed_product_kwh_kg,0.08139135873776726,0.07669781514656286
139,height_m,SEC_assumed_product_kwh_kg,0.17692184016382795,0.08306441276059233
140,height_m,SEC_assumed_product_kwh_kg,0.039858577761527125,0.08730464067103787
141,height_m,SEC_assumed_product_kwh_kg,0.07905789814161379,0.06990655891885716
142,height_m,SEC_assumed_product_kwh_kg,0.07357204873935819,0.07874990689137047
143,height_m,SEC_assumed_product_kwh_kg,0.06734426593285703,0.06799147666175923
144,height_m,SEC_assumed_product_kwh_kg,0.09488605699428976,0.08359000110945372
145,height_m,SEC_assumed_product_kwh_kg,0.14148856984213898,0.07091130421620868
146,height_m,SEC_assumed_product_kwh_kg,0.054861843931554244,0.08819171117443857
147,height_m,SEC_assumed_product_kwh_kg,0.07167079847186197,0.08283687511305975
148,height_m,SEC_assumed_product_kwh_kg,0.15153866833382257,0.07495533265054233
149,height_m,SEC_assumed_product_kwh_kg,0.10831532552778234,0.09346745282240286
150,height_m,SEC_assumed_product_kwh_kg,0.21654198051518125,0.07859535699345865
151,height_m,SEC_assumed_product_kwh_kg,-0.006597670140422673,0.08340093100198888
152,height_m,SEC_assumed_product_kwh_kg,0.12547200570034112,0.07331009430981784
153,height_m,SEC_assumed_product_kwh_kg,0.060658197627892596,0.0756434032956398
154,height_m,SEC_assumed_product_kwh_kg,0.11042682201825138,0.07489276255868522
155,height_m,SEC_assumed_product_kwh_kg,0.16698550313504734,0.07952114609528615
156,height_m,SEC_assumed_product_kwh_kg,-0.0893526960314952,0.07049692689754501
157,height_m,SEC_assumed_product_kwh_kg,0.09629886849467395,0.08692352113840011
158,height_m,SEC_assumed_product_kwh_kg,0.10934338267019572,0.08878523929105091
159,height_m,SEC_assumed_product_kwh_kg,0.06888648849673351,0.07380176555615457
160,height_m,SEC_assumed_product_kwh_kg,-0.018491440436335216,0.08409671692012605
161,height_m,SEC_assumed_product_kwh_kg,0.14045700364512748,0.06967821903540912
162,height_m,SEC_assumed_product_kwh_kg,0.05268780507715576,0.07299222608330896
163,height_m,SEC_assumed_product_kwh_kg,0.0467471847674954,0.06807756577126126
164,height_m,SEC_assumed_product_kwh_kg,0.12518938017265058,0.08197954037118281
165,height_m,SEC_assumed_product_kwh_kg,0.05038769678399779,0.08505833003800187
166,height_m,SEC_assumed_product_kwh_kg,0.019610742933484637,0.07510894011764892
167,height_m,SEC_assumed_product_kwh_kg,0.053872235736303176,0.07780992832491129
168,height_m,SEC_assumed_product_kwh_kg,0.0985115487981526,0.08079801533883088
169,height_m,SEC_assumed_product_kwh_kg,-0.002845213352226983,0.06409418318748156
170,height_m,SEC_assumed_product_kwh_kg,-0.018420656432715843,0.09042411066122907
171,height_m,SEC_assumed_product_kwh_kg,0.1740525081515204,0.07669256492420067
172,height_m,SEC_assumed_product_kwh_kg,0.14472404048479404,0.09211226556774975
173,height_m,SEC_assumed_product_kwh_kg,0.09266745586192549,0.07543869095366856
174,height_m,SEC_assumed_product_kwh_kg,0.1342381788701006,0.06152880411238206
175,height_m,SEC_assumed_product_kwh_kg,0.06507385486283479,0.08714691227465485
176,height_m,SEC_assumed_product_kwh_kg,0.1631688314344083,0.07783473398520525
177,height_m,SEC_assumed_product_kwh_kg,0.0661869715091693,0.07586594424184899
178,height_m,SEC_assumed_product_kwh_kg,0.05109385174564052,0.09033803783535962
179,height_m,SEC_assumed_product_kwh_kg,0.1695727568433283,0.08111441119091999
180,height_m,SEC_assumed_product_kwh_kg,0.14160158780237864,0.06990368012326163
181,height_m,SEC_assumed_product_kwh_kg,0.022784707831948525,0.07668355442276799
182,height_m,SEC_assumed_product_kwh_kg,0.19646997444501946,0.07235753313703072
183,height_m,SEC_assumed_product_kwh_kg,0.08363262535080984,0.07504167349773613
184,height_m,SEC_assumed_product_kwh_kg,0.12307849573268992,0.0906328071251821
185,height_m,SEC_assumed_product_kwh_kg,0.09026590246852051,0.07498182806774864
186,height_m,SEC_assumed_product_kwh_kg,-0.04024278018719851,0.09371404279511217
187,height_m,SEC_assumed_product_kwh_kg,0.1419851803007126,0.08668894457686109
188,height_m,SEC_assumed_product_kwh_kg,0.03098644542495821,0.08592388389075144
189,height_m,SEC_assumed_product_kwh_kg,0.03437335025267707,0.0823480074585372
190,height_m,SEC_assumed_product_kwh_kg,0.020677914545774945,0.079816663489981
191,height_m,SEC_assumed_product_kwh_kg,0.18144292446100985,0.06791564410329211
192,height_m,SEC_assumed_product_kwh_kg,0.12038819426696912,0.09035371114540984
193,height_m,SEC_assumed_product_kwh_kg,0.0847983847222652,0.08714463092983699
194,height_m,SEC_assumed_product_kwh_kg,0.11622976830366138,0.08567930405612129
195,height_m,SEC_assumed_product_kwh_kg,0.13116923697249416,0.07317675629504196
196,height_m,SEC_assumed_product_kwh_kg,0.07935102155187201,0.08442707445781204
197,height_m,SEC_assumed_product_kwh_kg,-0.041249562492846614,0.06824093501201722
198,height_m,SEC_assumed_product_kwh_kg,0.18350640768161752,0.07235310262427612
199,height_m,SEC_assumed_product_kwh_kg,0.10433173417712349,0.07411781092992666
200,height_m,SEC_assumed_product_kwh_kg,0.08912188280018718,0.07136396920788532
201,height_m,SEC_assumed_product_kwh_kg,0.19912697562173232,0.08100677497282555
202,height_m,SEC_assumed_product_kwh_kg,0.07082935083121444,0.08786701226377142
203,height_m,SEC_assumed_product_kwh_kg,0.15317824145424486,0.06789029345972179
204,height_m,SEC_assumed_product_kwh_kg,0.1378756382848233,0.07877076595600788
205,height_m,SEC_assumed_product_kwh_kg,0.05446921295735241,0.08141325089445385
206,height_m,SEC_assumed_product_kwh_kg,0.1877062954321621,0.07955006186067148
207,height_m,SEC_assumed_product_kwh_kg,0.12373990129117951,0.08275135121049962
208,height_m,SEC_assumed_product_kwh_kg,0.10346635799224391,0.07288833330003103
209,height_m,SEC_assumed_product_kwh_kg,0.12730179152727739,0.08044671805009923
210,height_m,SEC_assumed_product_kwh_kg,0.0516868481874897,0.08577640517577192
211,height_m,SEC_assumed_product_kwh_kg,0.014948115591990385,0.07875727533736634
212,height_m,SEC_assumed_product_kwh_kg,-0.014710265998826744,0.07393533729527647
213,height_m,SEC_assumed_product_kwh_kg,0.1818941446423631,0.07993472169107453
214,height_m,SEC_assumed_product_kwh_kg,0.07682884028031678,0.08041917591671029
215,height_m,SEC_assumed_product_kwh_kg,0.0900494523455938,0.07234325142103533
216,height_m,SEC_assumed_product_kwh_kg,0.09534071027879332,0.06641160044015369
217,height_m,SEC_assumed_product_kwh_kg,0.11862067977854696,0.07963864564128983
218,height_m,SEC_assumed_product_kwh_kg,0.162918161113613,0.09015929946116936
219,height_m,SEC_assumed_product_kwh_kg,0.06790035549237639,0.07146252965268154
220,height_m,SEC_assumed_product_kwh_kg,0.0039455480379402275,0.08463790680212066
221,height_m,SEC_assumed_product_kwh_kg,0.011912549633312453,0.09119502711394134
222,height_m,SEC_assumed_product_kwh_kg,0.15181925609762414,0.07259870423376003
223,height_m,SEC_assumed_product_kwh_kg,0.09025907678665901,0.07983068041322522
224,height_m,SEC_assumed_product_kwh_kg,0.10874985480211596,0.07346774807578504
225,height_m,SEC_assumed_product_kwh_kg,0.07928383539779871,0.07493509757276295
226,height_m,SEC_assumed_product_kwh_kg,0.04041636165833051,0.07946730805622418
227,height_m,SEC_assumed_product_kwh_kg,0.13860196000104774,0.08146841094941934
228,height_m,SEC_assumed_product_kwh_kg,0.022491519041499153,0.07033402121554315
229,height_m,SEC_assumed_product_kwh_kg,-0.019274955428348672,0.07578382867680443
230,height_m,SEC_assumed_product_kwh_kg,0.11147033800506123,0.07448527484366065
231,height_m,SEC_assumed_product_kwh_kg,0.06471965514704481,0.07360069534176421
232,height_m,SEC_assumed_product_kwh_kg,0.1606039686108578,0.07385163456930151
233,height_m,SEC_assumed_product_kwh_kg,0.17961818715921918,0.08017583666203347
234,height_m,SEC_assumed_product_kwh_kg,0.03406247699006271,0.07306844659390536
235,height_m,SEC_assumed_product_kwh_kg,0.1026933820352629,0.08658921720913836
236,height_m,SEC_assumed_product_kwh_kg,0.011367120714366297,0.06714965156269487
237,height_m,SEC_assumed_product_kwh_kg,0.0946908675706789,0.08081429925084845
238,height_m,SEC_assumed_product_kwh_kg,0.04391954405158882,0.07640275526152371
239,height_m,SEC_assumed_product_kwh_kg,0.036983091481222585,0.08558800810571413
240,height_m,SEC_assumed_product_kwh_kg,0.07362909718442157,0.08205513977390293
241,height_m,SEC_assumed_product_kwh_kg,-0.000709654026990636,0.07462694233178435
242,height_m,SEC_assumed_product_kwh_kg,0.045426242033574815,0.07412217493255226
243,height_m,SEC_assumed_product_kwh_kg,0.07048187748752421,0.06187221999433434
244,height_m,SEC_assumed_product_kwh_kg,0.02750462395699893,0.07682808053948788
245,height_m,SEC_assumed_product_kwh_kg,0.018963452458910957,0.08219310632618872
246,height_m,SEC_assumed_product_kwh_kg,0.014717808716554703,0.07217141507993086
247,height_m,SEC_assumed_product_kwh_kg,0.18583760332948873,0.07341438802589992
248,height_m,SEC_assumed_product_kwh_kg,0.05886184811797068,0.08191477214098893
249,height_m,SEC_assumed_product_kwh_kg,-0.021698366648857936,0.07611880896412378
250,height_m,SEC_assumed_product_kwh_kg,-0.009954241626015214,0.07465977838348319
251,height_m,SEC_assumed_product_kwh_kg,0.12724037505867913,0.07565823929786782
252,height_m,SEC_assumed_product_kwh_kg,0.0518943062429259,0.07622496952411657
253,height_m,SEC_assumed_product_kwh_kg,0.09576492905207912,0.08426798647850892
254,height_m,SEC_assumed_product_kwh_kg,0.1274568793203894,0.08131795797343339
255,height_m,SEC_assumed_product_kwh_kg,0.11336180093925141,0.0839263186831525
256,height_m,SEC_assumed_product_kwh_kg,0.0720921553920153,0.07005537457656133
257,height_m,SEC_assumed_product_kwh_kg,0.10234899595726787,0.08234422024881728
258,height_m,SEC_assumed_product_kwh_kg,0.1288892157085727,0.08272274177539395
259,height_m,SEC_assumed_product_kwh_kg,0.09777435453609973,0.07042035948840918
260,height_m,SEC_assumed_product_kwh_kg,0.24012886016745794,0.061358670098953405
261,height_m,SEC_assumed_product_kwh_kg,0.15563081230595677,0.08882055014186045
262,height_m,SEC_assumed_product_kwh_kg,0.1012413848754583,0.081036475237511
263,height_m,SEC_assumed_product_kwh_kg,0.023311877516728585,0.06432546065146373
264,height_m,SEC_assumed_product_kwh_kg,0.005655922999914242,0.07856997152148681
265,height_m,SEC_assumed_product_kwh_kg,-0.017468857709467045,0.07948087540906147
266,height_m,SEC_assumed_product_kwh_kg,0.07788545578663575,0.08012017483492481
267,height_m,SEC_assumed_product_kwh_kg,-0.0017174723632895628,0.08428289797742887
268,height_m,SEC_assumed_product_kwh_kg,0.027362531573668303,0.07363672899804455
269,height_m,SEC_assumed_product_kwh_kg,0.01428753783098713,0.0779941536014917
270,height_m,SEC_assumed_product_kwh_kg,0.006429506406589014,0.07586384822371897
271,height_m,SEC_assumed_product_kwh_kg,0.07768656008405384,0.07692516167796064
272,height_m,SEC_assumed_product_kwh_kg,0.029528162659769874,0.07682762358663958
273,height_m,SEC_assumed_product_kwh_kg,0.11907706936268114,0.08029469711298093
274,height_m,SEC_assumed_product_kwh_kg,-0.04927886604119913,0.0915644169883464
275,height_m,SEC_assumed_product_kwh_kg,-0.015271776500957124,0.06606245459919398
276,height_m,SEC_assumed_product_kwh_kg,0.010731484084615772,0.0844947037964426
277,height_m,SEC_assumed_product_kwh_kg,0.013168324654940222,0.07939395432767582
278,height_m,SEC_assumed_product_kwh_kg,0.14072959408976748,0.0761222099340811
279,height_m,SEC_assumed_product_kwh_kg,-0.05708339479533264,0.08002094019152949
280,height_m,SEC_assumed_product_kwh_kg,0.05778108829918782,0.08093423682554601
281,height_m,SEC_assumed_product_kwh_kg,-0.026125679821706882,0.07845196242507409
282,height_m,SEC_assumed_product_kwh_kg,0.006165240262670624,0.06703471529957408
283,height_m,SEC_assumed_product_kwh_kg,0.11300826677879083,0.07901662104363669
284,height_m,SEC_assumed_product_kwh_kg,0.025534031460178186,0.07782214910483283
285,height_m,SEC_assumed_product_kwh_kg,-0.04732661650827574,0.08618341071589998
286,height_m,SEC_assumed_product_kwh_kg,0.10196269500676214,0.06880311287012406
287,height_m,SEC_assumed_product_kwh_kg,0.0009521696701902949,0.07940875268595246
288,height_m,SEC_assumed_product_kwh_kg,-0.027042093643222964,0.07596219139840503
289,height_m,SEC_assumed_product_kwh_kg,0.10372785137140561,0.0728058760411215
290,height_m,SEC_assumed_product_kwh_kg,0.07501963037989057,0.06795671679901125
291,height_m,SEC_assumed_product_kwh_kg,0.054962598966250775,0.07651019406803468
292,height_m,SEC_assumed_product_kwh_kg,0.03909920472134165,0.0777769025805777
293,height_m,SEC_assumed_product_kwh_kg,0.24882441686532097,0.07395880445570388
294,height_m,SEC_assumed_product_kwh_kg,0.08729991271637205,0.08395975466159568
295,height_m,SEC_assumed_product_kwh_kg,0.08089139833399928,0.08070700859512495
296,height_m,SEC_assumed_product_kwh_kg,0.13984730798404876,0.0818616284005985
297,height_m,SEC_assumed_product_kwh_kg,0.009100482904923823,0.07896589970375596
298,height_m,SEC_assumed_product_kwh_kg,0.21569465213691152,0.07507023393294947
299,height_m,SEC_assumed_product_kwh_kg,0.19107811644882278,0.07090201865435433
300,height_m,SEC_assumed_product_kwh_kg,0.1870894206491135,0.08075400490952851
301,height_m,SEC_assumed_product_kwh_kg,0.11363830526925722,0.06457985179969053
302,height_m,SEC_assumed_product_kwh_kg,0.10759004122719684,0.07826966333185259
303,height_m,SEC_assumed_product_kwh_kg,0.11443564965940367,0.08011613276135496
304,height_m,SEC_assumed_product_kwh_kg,-0.005201329966860957,0.0732353147790128
305,height_m,SEC_assumed_product_kwh_kg,0.12272845638364216,0.07848111491050926
306,height_m,SEC_assumed_product_kwh_kg,0.0223839843576239,0.07653227892667575
307,height_m,SEC_assumed_product_kwh_kg,0.12336160409741992,0.06851007033123376
308,height_m,SEC_assumed_product_kwh_kg,-0.014143712554161247,0.08167764397452461
309,height_m,SEC_assumed_product_kwh_kg,-0.0645041236654389,0.06489346773940942
310,height_m,SEC_assumed_product_kwh_kg,0.19154090715145988,0.0774919413260172
311,height_m,SEC_assumed_product_kwh_kg,0.19191393067292273,0.08628077521671311
312,height_m,SEC_assumed_product_kwh_kg,0.06150896488627511,0.07865370089040191
313,height_m,SEC_assumed_product_kwh_kg,-0.03259715024313836,0.08384856189850574
314,height_m,SEC_assumed_product_kwh_kg,0.1739513566250105,0.07184707403044154
315,height_m,SEC_assumed_product_kwh_kg,0.08829413061110725,0.06901978143697109
316,height_m,SEC_assumed_product_kwh_kg,-0.0009034928368762962,0.08455112413548986
317,height_m,SEC_assumed_product_kwh_kg,-0.07859421098794828,0.08559768002702055
318,height_m,SEC_assumed_product_kwh_kg,0.16916769011577826,0.07102035096206243
319,height_m,SEC_assumed_product_kwh_kg,0.026391689679839625,0.07607389036377944
320,height_m,SEC_assumed_product_kwh_kg,0.09745242868372228,0.08838334758496
321,height_m,SEC_assumed_product_kwh_kg,-0.008618279383829863,0.08489497650853348
322,height_m,SEC_assumed_product_kwh_kg,0.14813799600291733,0.08197599870819235
323,height_m,SEC_assumed_product_kwh_kg,0.18196095363898057,0.07935605506928387
324,height_m,SEC_assumed_product_kwh_kg,0.08941292120797029,0.0913024918745895
325,height_m,SEC_assumed_product_kwh_kg,0.086019376992156,0.06947532000462542
326,height_m,SEC_assumed_product_kwh_kg,0.1959344002503305,0.0752074658591481
327,height_m,SEC_assumed_product_kwh_kg,-0.06958212749275461,0.08275754580077058
328,height_m,SEC_assumed_product_kwh_kg,-0.010411396076895452,0.07421958040076405
329,height_m,SEC_assumed_product_kwh_kg,0.15518568492413654,0.07737099439126759
330,height_m,SEC_assumed_product_kwh_kg,0.08701296947720893,0.08365506449423864
331,height_m,SEC_assumed_product_kwh_kg,-0.04024383769940232,0.08185794921874015
332,height_m,SEC_assumed_product_kwh_kg,0.11919439942428789,0.07030429162432432
333,height_m,SEC_assumed_product_kwh_kg,0.07451738277399422,0.07984509912405492
334,height_m,SEC_assumed_product_kwh_kg,0.0390286111383501,0.07258990848434825
335,height_m,SEC_assumed_product_kwh_kg,0.006947213577941258,0.0786483570689368
336,height_m,SEC_assumed_product_kwh_kg,0.09646386877571544,0.0704315471216868
337,height_m,SEC_assumed_product_kwh_kg,0.10968602697699359,0.07170306733573772
338,height_m,SEC_assumed_product_kwh_kg,0.07873187395793224,0.0854073760229816
339,height_m,SEC_assumed_product_kwh_kg,0.09488372628563768,0.0864901222584162
340,height_m,SEC_assumed_product_kwh_kg,0.08589322818686407,0.07158348853946626
341,height_m,SEC_assumed_product_kwh_kg,0.026543388767634846,0.08120024869863053
342,height_m,SEC_assumed_product_kwh_kg,-0.03227001843934296,0.08407276619192301
343,height_m,SEC_assumed_product_kwh_kg,0.1946525549989616,0.07151708936733892
344,height_m,SEC_assumed_product_kwh_kg,0.024350745825810427,0.09075848686794342
345,height_m,SEC_assumed_product_kwh_kg,-0.05145775710342493,0.06443942370912609
346,height_m,SEC_assumed_product_kwh_kg,0.0706404977342362,0.07767447097587302
347,height_m,SEC_assumed_product_kwh_kg,0.16285665087887913,0.07112473437399691
348,height_m,SEC_assumed_product_kwh_kg,0.16586968091335852,0.07533125697531216
349,height_m,SEC_assumed_product_kwh_kg,-0.053494960822144,0.07162737934215702
350,height_m,SEC_assumed_product_kwh_kg,0.11095126619219309,0.08775590469214767
351,height_m,SEC_assumed_product_kwh_kg,0.09683579871635095,0.09137063105886747
352,height_m,SEC_assumed_product_kwh_kg,0.026261040090912458,0.07617583558402102
353,height_m,SEC_assumed_product_kwh_kg,0.02922373331973238,0.09101281428748588
354,height_m,SEC_assumed_product_kwh_kg,0.04709997916318576,0.09592582076451711
355,height_m,SEC_assumed_product_kwh_kg,0.11414448000965005,0.08715190716185589
356,height_m,SEC_assumed_product_kwh_kg,0.016797377262583013,0.08661910693846679
357,height_m,SEC_assumed_product_kwh_kg,0.0449342622213309,0.08106947872934034
358,height_m,SEC_assumed_product_kwh_kg,-0.0007593002556529616,0.07428446539592487
359,height_m,SEC_assumed_product_kwh_kg,-0.05430628759713563,0.07882272641068802
360,height_m,SEC_assumed_product_kwh_kg,0.14970130601851905,0.08844989078164163
361,height_m,SEC_assumed_product_kwh_kg,0.23360026174735748,0.07699214331953537
362,height_m,SEC_assumed_product_kwh_kg,0.05479388877659741,0.08093474350105496
363,height_m,SEC_assumed_product_kwh_kg,0.19612684539398573,0.0678829907273203
364,height_m,SEC_assumed_product_kwh_kg,0.20915459819604554,0.08412685172109907
365,height_m,SEC_assumed_product_kwh_kg,0.11868608734740071,0.08291026693716952
366,height_m,SEC_assumed_product_kwh_kg,0.1772950466018146,0.08133576029631043
367,height_m,SEC_assumed_product_kwh_kg,0.10074563331288389,0.0867121225630065
368,height_m,SEC_assumed_product_kwh_kg,0.05291537837417193,0.0757494308451462
369,height_m,SEC_assumed_product_kwh_kg,0.2036978808214316,0.07151570199967881
370,height_m,SEC_assumed_product_kwh_kg,-0.01090106659813217,0.07550793839655853
371,height_m,SEC_assumed_product_kwh_kg,0.09675887787344484,0.07620939745697677
372,height_m,SEC_assumed_product_kwh_kg,0.06646354548695266,0.07654844634208398
373,height_m,SEC_assumed_product_kwh_kg,0.12658114399419784,0.08001936728888986
374,height_m,SEC_assumed_product_kwh_kg,0.2025362198880295,0.0876603054199724
375,height_m,SEC_assumed_product_kwh_kg,0.07940072700229273,0.07822574487444149
376,height_m,SEC_assumed_product_kwh_kg,0.11921929715430735,0.06995351938528029
377,height_m,SEC_assumed_product_kwh_kg,0.04258758148150543,0.07521946083739324
378,height_m,SEC_assumed_product_kwh_kg,0.14999961483895718,0.06964252657507564
379,height_m,SEC_assumed_product_kwh_kg,0.16967801184685816,0.07278765847384844
380,height_m,SEC_assumed_product_kwh_kg,0.027227318241874743,0.07299944101820245
381,height_m,SEC_assumed_product_kwh_kg,0.09962628955705355,0.060735583847289575
382,height_m,SEC_assumed_product_kwh_kg,0.060151802284711176,0.07724010203868939
383,height_m,SEC_assumed_product_kwh_kg,0.08604790011836694,0.08267528467516824
384,height_m,SEC_assumed_product_kwh_kg,0.15801628052822025,0.08370498257596617
385,height_m,SEC_assumed_product_kwh_kg,0.06069990298568395,0.09359389295525636
386,height_m,SEC_assumed_product_kwh_kg,0.10314774402336091,0.07610881735547223
387,height_m,SEC_assumed_product_kwh_kg,0.11378219975203696,0.08378715368685338
388,height_m,SEC_assumed_product_kwh_kg,0.18305300299061666,0.0695301118813134
389,height_m,SEC_assumed_product_kwh_kg,0.04354573147396423,0.07055033642657016
390,height_m,SEC_assumed_product_kwh_kg,0.054993408537202804,0.07985226068093117
391,height_m,SEC_assumed_product_kwh_kg,0.08118142427970365,0.09338846840690244
392,height_m,SEC_assumed_product_kwh_kg,0.027433927782642087,0.07393762359134082
393,height_m,SEC_assumed_product_kwh_kg,0.17960323117544386,0.07746851046107166
394,height_m,SEC_assumed_product_kwh_kg,0.11306391905043245,0.07898378492996946
395,height_m,SEC_assumed_product_kwh_kg,0.056337086073591,0.08043842621117807
396,height_m,SEC_assumed_product_kwh_kg,0.05297644435896798,0.08636812254001873
397,height_m,SEC_assumed_product_kwh_kg,0.056016517458455595,0.06979351770005764
398,height_m,SEC_assumed_product_kwh_kg,0.18601692510853385,0.06856400555351212
399,height_m,SEC_assumed_product_kwh_kg,-0.010729851081100028,0.08209146243322643
400,height_m,SEC_assumed_product_kwh_kg,0.11258267505809183,0.07761756538123865
401,height_m,SEC_assumed_product_kwh_kg,0.21655349404616275,0.07913761102822427
402,height_m,SEC_assumed_product_kwh_kg,0.0018356250037099286,0.09141960582908203
403,height_m,SEC_assumed_product_kwh_kg,0.06755347024392044,0.07415231932229355
404,height_m,SEC_assumed_product_kwh_kg,0.1289565087222443,0.09261848973280645
405,height_m,SEC_assumed_product_kwh_kg,0.0645269327454191,0.08540110772504236
406,height_m,SEC_assumed_product_kwh_kg,0.0590730764747226,0.06895292007846635
407,height_m,SEC_assumed_product_kwh_kg,0.1374083305250544,0.07682793903572263
408,height_m,SEC_assumed_product_kwh_kg,0.0751706160008021,0.08274334194462553
409,height_m,SEC_assumed_product_kwh_kg,0.11462589901046039,0.07083962836386538
410,height_m,SEC_assumed_product_kwh_kg,0.1172727460683679,0.07730274882291849
411,height_m,SEC_assumed_product_kwh_kg,-0.009220003739050187,0.07641764064001207
412,height_m,SEC_assumed_product_kwh_kg,0.06518659162812546,0.08550671090268272
413,height_m,SEC_assumed_product_kwh_kg,0.1199756212330233,0.07497109436428652
414,height_m,SEC_assumed_product_kwh_kg,-0.02783026761292362,0.07865796094339343
415,height_m,SEC_assumed_product_kwh_kg,0.1381236347685697,0.0691715636481849
416,height_m,SEC_assumed_product_kwh_kg,0.13155773533633075,0.06697339095011788
417,height_m,SEC_assumed_product_kwh_kg,0.2142881261143017,0.0810408558935189
418,height_m,SEC_assumed_product_kwh_kg,0.19818795798346023,0.08502101381195123
419,height_m,SEC_assumed_product_kwh_kg,0.1884442499877126,0.06912888365777638
420,height_m,SEC_assumed_product_kwh_kg,0.08708794105961937,0.07087262988602311
421,height_m,SEC_assumed_product_kwh_kg,-0.007349346573211735,0.08998732367949518
422,height_m,SEC_assumed_product_kwh_kg,0.06431428756115798,0.06985557684922432
423,height_m,SEC_assumed_product_kwh_kg,0.13640093729248415,0.09005962106503751
424,height_m,SEC_assumed_product_kwh_kg,0.08462465761269644,0.07145994272834101
425,height_m,SEC_assumed_product_kwh_kg,-0.005700335461149786,0.06821326163628216
426,height_m,SEC_assumed_product_kwh_kg,0.19219766606754896,0.07764025455211503
427,height_m,SEC_assumed_product_kwh_kg,0.05467585951857101,0.07778817804381037
428,height_m,SEC_assumed_product_kwh_kg,0.06236452001012194,0.06965601535397324
429,height_m,SEC_assumed_product_kwh_kg,0.015803192978729008,0.07431294012365586
430,height_m,SEC_assumed_product_kwh_kg,0.09984733077062069,0.0674495597595056
431,height_m,SEC_assumed_product_kwh_kg,0.16624197130507445,0.07410204731930807
432,height_m,SEC_assumed_product_kwh_kg,0.0781013802120627,0.07161451276198805
433,height_m,SEC_assumed_product_kwh_kg,0.07674231353466876,0.08051358240598243
434,height_m,SEC_assumed_product_kwh_kg,0.07532856931302823,0.07586733056997767
435,height_m,SEC_assumed_product_kwh_kg,-0.003493078860727472,0.07541930089829148
436,height_m,SEC_assumed_product_kwh_kg,0.20205695800759482,0.0788766698806388
437,height_m,SEC_assumed_product_kwh_kg,0.1359704114321122,0.07618785917493216
438,height_m,SEC_assumed_product_kwh_kg,0.15144977997995213,0.08953145911282936
439,height_m,SEC_assumed_product_kwh_kg,0.17313887742794898,0.09781578847083
440,height_m,SEC_assumed_product_kwh_kg,0.09870341463990018,0.084119303638076
441,height_m,SEC_assumed_product_kwh_kg,0.08962781640427353,0.0730021734608806
442,height_m,SEC_assumed_product_kwh_kg,0.09809006369967288,0.07849254487239923
443,height_m,SEC_assumed_product_kwh_kg,0.02273123313546832,0.06602354400302374
444,height_m,SEC_assumed_product_kwh_kg,0.05065149970643246,0.07815893748832947
445,height_m,SEC_assumed_product_kwh_kg,0.08805395025919016,0.08261332944296143
446,height_m,SEC_assumed_product_kwh_kg,0.11093115166578182,0.07158251558492613
447,height_m,SEC_assumed_product_kwh_kg,0.08542647445027807,0.06696149188455168
448,height_m,SEC_assumed_product_kwh_kg,0.128706527768361,0.07909457694528665
449,height_m,SEC_assumed_product_kwh_kg,0.06692053647735785,0.06425062456612556
450,height_m,SEC_assumed_product_kwh_kg,0.03575383791964104,0.0725905865237359
451,height_m,SEC_assumed_product_kwh_kg,0.18498319283676146,0.07812193928449243
452,height_m,SEC_assumed_product_kwh_kg,0.08475389642335196,0.08248308691270083
453,height_m,SEC_assumed_product_kwh_kg,0.06333857571385126,0.07694130337046869
454,height_m,SEC_assumed_product_kwh_kg,0.07645721139250838,0.07174286402433189
455,height_m,SEC_assumed_product_kwh_kg,0.15108846898088557,0.0787132302865541
456,height_m,SEC_assumed_product_kwh_kg,0.07683783081256512,0.08171078360494549
457,height_m,SEC_assumed_product_kwh_kg,0.07913483365483687,0.07298174434017479
458,height_m,SEC_assumed_product_kwh_kg,0.046816380040864636,0.08354298828804728
459,height_m,SEC_assumed_product_kwh_kg,0.07793557124461259,0.07056750919767883
460,height_m,SEC_assumed_product_kwh_kg,0.06906488415736478,0.07713742357336388
461,height_m,SEC_assumed_product_kwh_kg,0.14828088307402632,0.06254564090706477
462,height_m,SEC_assumed_product_kwh_kg,0.10882759825454036,0.06598774778407744
463,height_m,SEC_assumed_product_kwh_kg,0.12130689486861046,0.0717122294820071
464,height_m,SEC_assumed_product_kwh_kg,0.023823285907558667,0.0874846538577856
465,height_m,SEC_assumed_product_kwh_kg,0.08445388246542385,0.08556771805579406
466,height_m,SEC_assumed_product_kwh_kg,0.12652231851819906,0.07336378895022946
467,height_m,SEC_assumed_product_kwh_kg,0.05053431962723354,0.07903886383255511
468,height_m,SEC_assumed_product_kwh_kg,0.021381975795076058,0.06310635323179276
469,height_m,SEC_assumed_product_kwh_kg,0.026673527437817035,0.07044974996566947
470,height_m,SEC_assumed_product_kwh_kg,0.10780685716190785,0.06861692040187893
471,height_m,SEC_assumed_product_kwh_kg,0.171888475420233,0.08504032129430493
472,height_m,SEC_assumed_product_kwh_kg,0.09573186687317958,0.07054233511305402
473,height_m,SEC_assumed_product_kwh_kg,0.06660246432376882,0.07046919333030315
474,height_m,SEC_assumed_product_kwh_kg,0.020550678733731176,0.07514590248526368
475,height_m,SEC_assumed_product_kwh_kg,0.11928592517541792,0.07917598251890393
476,height_m,SEC_assumed_product_kwh_kg,0.11873154971928179,0.0799042084698076
477,height_m,SEC_assumed_product_kwh_kg,0.09696998913947785,0.07264988550741845
478,height_m,SEC_assumed_product_kwh_kg,0.18543961481349547,0.07667252545337656
479,height_m,SEC_assumed_product_kwh_kg,0.04493531178220034,0.0812983906899267
480,height_m,SEC_assumed_product_kwh_kg,0.08971872952933613,0.07296176425934212
481,height_m,SEC_assumed_product_kwh_kg,-0.09024935205390028,0.07525350969372062
482,height_m,SEC_assumed_product_kwh_kg,0.04569953816277672,0.07602307606809708
483,height_m,SEC_assumed_product_kwh_kg,0.1665011912049028,0.07714921102287874
484,height_m,SEC_assumed_product_kwh_kg,0.0557060164845985,0.07823290275504459
485,height_m,SEC_assumed_product_kwh_kg,0.012544569930355243,0.0743161144900185
486,height_m,SEC_assumed_product_kwh_kg,0.06617928975835796,0.07667403881569151
487,height_m,SEC_assumed_product_kwh_kg,0.04899089068228202,0.07307312618755342
488,height_m,SEC_assumed_product_kwh_kg,0.08413058329147505,0.07972056707312758
489,height_m,SEC_assumed_product_kwh_kg,0.09738326010612919,0.08267611010202656
490,height_m,SEC_assumed_product_kwh_kg,0.048064403330534855,0.07191929157969904
491,height_m,SEC_assumed_product_kwh_kg,0.028210803169022025,0.08976504031754055
492,height_m,SEC_assumed_product_kwh_kg,0.051451329746346586,0.08239774513233877
493,height_m,SEC_assumed_product_kwh_kg,0.1469291057176867,0.07009295727453314
494,height_m,SEC_assumed_product_kwh_kg,0.049629333219148086,0.07277100489414773
495,height_m,SEC_assumed_product_kwh_kg,0.012732572133900777,0.07525316137464479
496,height_m,SEC_assumed_product_kwh_kg,0.019308503295825452,0.08517283072846991
497,height_m,SEC_assumed_product_kwh_kg,0.07188812006621514,0.08806075620367758
498,height_m,SEC_assumed_product_kwh_kg,0.07422898317297266,0.07207844734793503
499,height_m,SEC_assumed_product_kwh_kg,0.053878463897994555,0.07904293562282753
