step,time_fs,potential_eV,kinetic_eV,total_eV,temperature_COM_dof_K,temperature_3N_K,COM_speed_A_fs
0,0.0,0.3495082976706474,0.406888348641142,0.7563966463117894,449.6898300241637,393.4786012711433,2.042518913240695e-19
10,5.0,0.3434909139915743,0.3995956720535015,0.7430865860450757,441.6300207274134,386.4262681364868,6.27731976837899e-19
20,10.0,0.3420405715449674,0.3886816127433445,0.7307221842883119,429.56788748509064,375.8719015494544,6.082846498942609e-19
30,15.0,0.3443383779142548,0.375272002458687,0.7196103803729419,414.7476907659257,362.904229420185,9.647325612340057e-19
40,20.0,0.34909244835603925,0.3608311536744518,0.7099236020304911,398.7877772985712,348.93930513624986,1.6918583524302191e-18
50,25.0,0.35475958037924654,0.34691936861562045,0.7016789489948669,383.4125809349219,335.4860083180567,1.7225713765067346e-18
60,30.0,0.3597875243272511,0.33495442867055203,0.6947419529978032,370.18902260960715,323.91539478340627,1.6059487612009162e-18
70,35.0,0.3628426615588823,0.32600996118734915,0.6888526227462315,360.30366689566017,315.26570853370265,1.8057101039982865e-18
80,40.0,0.3629931958020307,0.3206754013605424,0.6836685971625731,354.4079529736914,310.10695885198,2.2690727012649967e-18
90,45.0,0.35982529357957127,0.318992954770751,0.6788182483503222,352.54852612228433,308.4799603569988,2.1546517397307014e-18
100,50.0,0.3534781682823459,0.32047738139978144,0.6739555496821273,354.1891028572077,309.9154650000567,1.1418027838337972e-18
110,55.0,0.3445945138433711,0.32421399258554123,0.6688085064289123,358.31877640181114,313.52892935158474,1.249217825606575e-18
120,60.0,0.3341953183143742,0.32901873003772963,0.6632140483521038,363.6289347668788,318.175317921019,1.668849355680648e-18
130,65.0,0.3235010060846913,0.3336335223812059,0.6571345284658971,368.72916727897984,322.6380213691074,1.895530182772672e-18
140,70.0,0.3137302746585602,0.3369238067487482,0.6506540814073084,372.3655639045225,325.8198684164572,1.1666520455757646e-18
150,75.0,0.30591082347470006,0.33804564668472925,0.6439564701594294,373.60541265371967,326.9047360720047,1.9836050812499752e-18
160,80.0,0.3007319231369661,0.336557064484945,0.6372889876219111,371.9602432144041,325.4652128126036,1.829341469016177e-18
170,85.0,0.2984592553752383,0.3324596729849497,0.630918928360188,367.4318380798536,321.5028583198719,1.3933155550019466e-18
180,90.0,0.2989204236452353,0.32616941809047795,0.6250898417357132,360.47989742156153,315.41991024386635,1.809766417107982e-18
190,95.0,0.30155761329198644,0.31842663068233285,0.6199842439743193,351.9226291559301,307.9323005114389,1.0433994133299491e-18
200,100.0,0.3055340725677872,0.31016387191987216,0.6156979444876594,342.7906926042185,299.94185602869123,7.271432773205739e-19
210,105.0,0.30987461288261553,0.3023543864412838,0.6122289993238994,334.1597101512413,292.38974638233617,9.141555752640579e-19
220,110.0,0.3136175656485737,0.2958643813276971,0.6094819469762708,326.9870071084252,286.11363121987205,1.3877719234154734e-18
230,115.0,0.3159561760316373,0.29132959195871533,0.6072857679903526,321.97519325987645,281.7282941023919,1.7257141323048807e-18
240,120.0,0.3163503788677844,0.2890718177439959,0.6054221966117803,319.47991880377356,279.54492895330185,1.814353006681938e-18
250,125.0,0.31459449369872544,0.28906525413942163,0.6036597478381471,319.47266475918076,279.5385816642832,2.3877059200050316e-18
260,130.0,0.310832329756061,0.2909558613465018,0.6017881911025629,321.5621491015898,281.3668804638911,1.835783115917026e-18
270,135.0,0.3055185630327023,0.29412971242878505,0.5996482754614874,325.06986456820476,284.4361314971792,1.748207825221933e-18
280,140.0,0.2993335789570719,0.2978187626288427,0.5971523415859146,329.1469740822883,288.0036023220023,1.9344208312254446e-18
290,145.0,0.29306675357357015,0.3012262358983374,0.5942929894719076,332.91288696843577,291.29877609738134,1.7758841948887114e-18
300,150.0,0.2874883298868568,0.30365064813493636,0.5911389780217932,335.59232846688536,293.6432874085247,1.5681612712546695e-18
310,155.0,0.28323120887595665,0.30458842604858355,0.5878196349245401,336.6287533043052,294.55015914126705,1.438965990114506e-18
320,160.0,0.2807010101813913,0.3037998323558334,0.5845008425372247,335.75720570449005,293.7875549914288,1.319790870005925e-18
330,165.0,0.2800267127363092,0.30133010964436213,0.5813568223806713,333.0276874225403,291.39922649472277,1.1964543421499727e-18
340,170.0,0.28105664604951053,0.29748567017141536,0.5785423162209259,328.77884289577713,287.681487533805,2.037971040694942e-18
350,175.0,0.2833971372646222,0.29277223566619914,0.5761693729308213,323.5695918357275,283.1233928562616,1.334523980989055e-18
360,180.0,0.28648495729591633,0.28780698944150646,0.5742919467374228,318.08204042692705,278.3217853735612,1.411524107082831e-18
370,185.0,0.28968059782221,0.2832195236677303,0.5729001214899403,313.01200902656745,273.88550789824654,1.7215304048340496e-18
380,190.0,0.2923675844073085,0.27955666231670023,0.5719242467240087,308.96384322420994,270.3433628211837,1.798588570262637e-18
390,195.0,0.29404329985888517,0.2772045288802887,0.5712478287391738,306.3642836921012,268.0687482305886,1.6570898479082525e-18
400,200.0,0.29438875295572603,0.276338081859876,0.570726834815602,305.4066932016496,267.2308565514434,9.093296151591341e-19
410,205.0,0.2933080153193332,0.27690424232685884,0.5702122576461921,306.0324093348693,267.7783581680107,6.339319492878082e-19
420,210.0,0.2909324372169859,0.2786399910294644,0.5695724282464503,307.9507452657116,269.4569021074976,7.401929743053149e-19
430,215.0,0.2875899771774802,0.2811217312476741,0.5687117084251543,310.6935452023967,271.85685205209717,1.025240990069556e-18
440,220.0,0.2837454356827249,0.28383740582056244,0.5675828415032873,313.69488756366485,274.4830266182068,9.614223527638423e-19
450,225.0,0.2799220601783037,0.2862692543824613,0.566191314560765,316.3825476308478,276.83472917699186,7.613029462980942e-19
460,230.0,0.2766178121193152,0.28797360068799693,0.5645914128073122,318.2661778773226,278.4829056426573,6.085524987182915e-19
470,235.0,0.2742299073987031,0.2886450782997084,0.5628749856984115,319.0082896976389,279.13225348543403,1.0140633462921701e-18
480,240.0,0.2729990974363852,0.2881559538327812,0.5611550512691663,318.4677131509579,278.6592490070882,1.0078067147502677e-18
490,245.0,0.2729811838754956,0.2865658727633515,0.5595470566388471,316.710367952393,277.12157195834396,1.3478537085913765e-18
500,250.0,0.2740483953296222,0.28410240725630714,0.5581508025859294,313.9877650839826,274.73929444848477,1.216376725818918e-18
510,255.0,0.2759184531144755,0.281117290044741,0.5570357431592166,310.68863681954736,271.85255721710394,1.3123593806431978e-18
520,260.0,0.2782051801575338,0.27802650284644803,0.5562316830039818,307.2727229097906,268.8636325460668,1.2797617772247996e-18
530,265.0,0.2804818412108662,0.2752441188861861,0.5557259600970523,304.19765385379344,266.17294712206933,1.6948176842852876e-18
540,270.0,0.2823472188971748,0.2731199611637554,0.5554671800609302,301.8500513030337,264.1187948901545,1.9736522101275197e-18
550,275.0,0.2834846641443563,0.2718899440666511,0.5553746082110074,300.4906459989229,262.9293152490576,1.748487456450597e-18
560,280.0,0.28370581678957807,0.27164573001516024,0.5553515468047383,300.2207425335836,262.69314971688567,2.2023034554470366e-18
570,285.0,0.2829731474866569,0.27232736773022836,0.5553005152168853,300.97408322090166,263.352322818289,2.159184990565213e-18
580,290.0,0.28139868420978487,0.27373918291394217,0.555137867123727,302.53441035268133,264.71760905859617,2.3721622654843076e-18
590,295.0,0.2792199187688794,0.2755857268017252,0.5548056455706046,304.5751962582067,266.50329672593085,2.050481980139112e-18
600,300.0,0.27675743089251403,0.2775215439171329,0.5542789748096469,306.71464623875477,268.37531545891045,2.4191841227568205e-18
610,305.0,0.2743615843711078,0.279206458795642,0.5535680431667498,308.57680102360507,270.0047008956545,2.8330891696310372e-18
620,310.0,0.27235717090100503,0.2803574471343206,0.5527146180353256,309.8488643601659,271.1177563151452,2.8928988071893273e-18
630,315.0,0.2709948095187853,0.28078908793973734,0.5517838974585226,310.3259104124001,271.5351716108501,2.7629651554683648e-18
640,320.0,0.2704163354865472,0.28043685897155074,0.5508531944580979,309.9366297034233,271.19455099049543,3.450658744305843e-18
650,325.0,0.27063873582914677,0.2793606264344187,0.5499993622635655,308.7471858957899,270.1537876588162,3.981029946714261e-18
660,330.0,0.27155798616975774,0.2777289661765832,0.549286952346341,306.94388770243137,268.57590173962745,3.546683256847226e-18
670,335.0,0.27297100568977795,0.2757878601058427,0.5487588657956206,304.7985924096924,266.6987683584809,3.543637872010529e-18
680,340.0,0.2746113586390238,0.2738194168536037,0.5484307754926275,302.6230842771352,264.79519874249337,3.964796108248752e-18
690,345.0,0.27619260626595205,0.27209735034834875,0.5482899566143008,300.71986980411185,263.12988607859785,3.82226902484547e-18
700,350.0,0.2774524860388601,0.27084598627475004,0.5482984723136102,299.336871988042,261.91976298953676,3.289761994523668e-18
710,355.0,0.2781913507148309,0.270208669677639,0.5484000203924699,298.63251465467636,261.3034503228418,2.820795989066122e-18
720,360.0,0.2782994263309778,0.27022981287313025,0.5485292392041081,298.65588194945974,261.32389670577726,3.0981067494147645e-18
730,365.0,0.27776927558139414,0.2708526831173319,0.548621958698726,299.34427328624184,261.9262391254617,3.4478379468009957e-18
740,370.0,0.2766921569495683,0.2719326453550761,0.5486248023046444,300.5378391299078,262.97060923866934,2.886752035266371e-18
750,375.0,0.2752394515522951,0.2732632537046258,0.5485027052569209,302.0084171018159,264.25736496408894,2.801549889501588e-18
760,380.0,0.2736326153085952,0.27461067424182617,0.5482432895504213,303.497575772415,265.56037880086313,2.982830019627442e-18
770,385.0,0.27210681186431146,0.27575075259812304,0.5478575644624345,304.757581481523,266.66288379633266,3.2408398089393e-18
780,390.0,0.2708741841235888,0.2765028319449887,0.5473770160685776,305.5887737110036,267.39017699712815,3.58235790066731e-18
790,395.0,0.2700925010193835,0.2767552079328947,0.5468477089522782,305.8676976848226,267.6342354742198,3.926833185845768e-18
800,400.0,0.26984375801457106,0.2764786988067523,0.5463224568213234,305.56210195481367,267.366839210462,4.218943542126611e-18
810,405.0,0.27012548091569943,0.27572688067163603,0.5458523615873354,304.7311984145216,266.63979861270644,4.455637576308756e-18
820,410.0,0.27085534752373097,0.27462369829640326,0.5454790458201342,303.5119698559727,265.57297362397617,4.0890251752359095e-18
830,415.0,0.2718876739992846,0.27334104910788565,0.5452287231071702,302.09439597485425,264.33259647799747,3.369430802459216e-18
840,420.0,0.2730386240020698,0.27207028419264456,0.5451089081947144,300.689956499888,263.10371193740207,3.579920472382925e-18
850,425.0,0.27411589741606096,0.2709922302323299,0.5451081276483909,299.4984996695565,262.061187210862,3.3320301609536652e-18
860,430.0,0.27494823835536886,0.27025028540483326,0.5451985237602022,298.67850803185416,261.3436945278724,3.604599234006686e-18
870,435.0,0.2754103671925978,0.26993045091894546,0.5453408181115433,298.32502945210354,261.0344007705906,3.519874463998907e-18
880,440.0,0.2754398109956932,0.2700509631811014,0.5454907741767946,298.45821866448995,261.1509413314287,3.959315372735379e-18
890,445.0,0.27504344567812383,0.27056266643317356,0.5456061121112974,299.023749108445,261.64578046988936,3.768338417496705e-18
900,450.0,0.27429318532178926,0.2713596199369882,0.5456528052587775,299.90453590625924,262.4164689179769,3.8912280382854396e-18
910,455.0,0.2733119277560059,0.272297898631665,0.5456098263876709,300.94151420296794,263.32382492759695,3.9956980165361066e-18
920,460.0,0.27225233287292117,0.273219355058143,0.5454716879310642,301.9599006600425,264.2149130775372,3.5560443638762646e-18
930,465.0,0.27127203087642626,0.27397645757938954,0.5452484884558157,302.7966444626784,264.9470639048436,3.540796985043196e-18
940,470.0,0.2705092640313107,0.2744543119695478,0.5449635760008584,303.32476540839775,265.40916973234806,3.353872580601859e-18
950,475.0,0.2700627060821618,0.27458659630442184,0.5446493023865837,303.4709650237542,265.537094395785,3.2041254536108704e-18
960,480.0,0.26997835444927115,0.27436325945862744,0.5443416139078986,303.22413488335127,265.3211180229324,3.618039010548002e-18
970,485.0,0.27024513115668913,0.2738292332112387,0.5440743643679278,302.633933239046,264.80469158416525,2.9677024069490198e-18
980,490.0,0.27079939526981756,0.27307483660003834,0.543874231869856,301.8001799870926,264.07515748870605,2.643110060617706e-18
990,495.0,0.271537202914862,0.27221977849440493,0.5437569814092669,300.8551764364448,263.24827938188923,3.0080057002544594e-18
1000,500.0,0.2723320529617692,0.27139351862944155,0.5437255715912108,299.94200047681846,262.44925041721615,2.9497431324636805e-18
1010,505.0,0.27305516527381146,0.2707151340769901,0.5437702993508016,299.1922551594563,261.79322326452433,2.8823998353702024e-18
1020,510.0,0.2735951196101477,0.27027574054891274,0.5438708601590605,298.70664085859295,261.36831075126884,2.2076248219801818e-18
1030,515.0,0.27387393444584235,0.27012598507804975,0.543999919523892,298.54113227998045,261.22349074498294,2.3232951213062914e-18
1040,520.0,0.27385732647773664,0.27027025700559465,0.5441275834833312,298.70058048927814,261.3630079281184,2.1799165263117e-18
1050,525.0,0.273557857071807,0.27066819100575534,0.5442260480775624,299.14037404318725,261.7478272877889,2.4180892215363313e-18
1060,530.0,0.27303079780107264,0.2712429147165987,0.5442737125176713,299.775554206746,262.3036099309028,2.417819631344119e-18
1070,535.0,0.2723636651256949,0.2718944885253157,0.5442581536510106,300.4956684992016,262.9337099368014,2.8313486025217872e-18
1080,540.0,0.2716613116941763,0.27251624825783266,0.5441775599520089,301.1828325071295,263.53497844373834,3.0699555495228522e-18
1090,545.0,0.2710290714177216,0.27301140637871346,0.544040477796435,301.73007740110984,264.01381772597114,3.2281053675932733e-18
1100,550.0,0.2705566456936504,0.27330734357823727,0.5438639892718877,302.0571448863208,264.30000177553075,3.113179783351121e-18
1110,555.0,0.27030517298179846,0.27336550352108413,0.5436706765028826,302.121422801627,264.3562449514236,3.0527098999242667e-18
1120,560.0,0.27029930511808453,0.27318559135193654,0.5434848964700211,301.9225852752307,264.1822621158269,2.9224152074176872e-18
1130,565.0,0.27052524416831275,0.2728037252571317,0.5433289694254444,301.5005498450242,263.8129811143962,3.1681973296089248e-18
1140,570.0,0.2709347288025374,0.272285137251606,0.5432198660541434,300.9274104252393,263.31148412208444,3.141566147478166e-18
1150,575.0,0.2714540560013702,0.2717128161709622,0.5431668721723324,300.2948856298416,262.75802492611143,2.883362899316868e-18
1160,580.0,0.2719965144565256,0.2711740222204616,0.5431705366769872,299.69941475723533,262.23698791258096,2.8709586011839117e-18
1170,585.0,0.2724761807156179,0.27074681805414896,0.5432229987697669,299.2272720439423,261.82386303844953,2.155200014017124e-18
1180,590.0,0.2728209299046315,0.270488647567723,0.5433095774723545,298.9419440355443,261.57420103110127,2.0704917860006728e-18
1190,595.0,0.2729827342863889,0.27042858740251374,0.5434113216889027,298.875566009301,261.5161202581384,1.982927181987921e-18
1200,600.0,0.2729438177288567,0.2705642705570552,0.5435080882859118,299.0255219736501,261.64733172694383,2.2641836922993084e-18
1210,605.0,0.27271792103457,0.270863734680005,0.543581655714575,299.3564873871287,261.9369264637376,1.6867213751611622e-18
1220,610.0,0.2723467060745123,0.27127169159549097,0.5436183976700033,299.8073581888971,262.331438415285,1.7005771628843262e-18
1230,615.0,0.2718920677535028,0.2717190620155574,0.5436111297690602,300.30178848858344,262.7640649275105,1.8382670219166256e-18
1240,620.0,0.27142571848799296,0.27213416767632825,0.5435598861643212,300.76056002789517,263.1654900244083,1.474761068268304e-18
1250,625.0,0.2710177700426551,0.2724537880722503,0.5434715581149054,301.1138019970851,263.4745767474495,1.903102166211729e-18
1260,630.0,0.2707261124570356,0.27263239182193233,0.5433585042789679,301.311193468491,263.64729428492967,2.2264433784565883e-18
1270,635.0,0.2705881791927014,0.27264821574348747,0.5432363949361889,301.3286819431996,263.66259670029973,2.1867193916900046e-18
1280,640.0,0.270616239578657,0.27250541725736704,0.543121656836024,301.17086216987445,263.5245043986402,2.228093082514954e-18
1290,645.0,0.2707967589273342,0.2722321691633628,0.543028928090697,300.8688705071553,263.2602616937609,1.8915928339720895e-18
1300,650.0,0.2710937170112952,0.27187519326279036,0.5429689102740856,300.474343525522,262.91505058483176,1.8114765038714754e-18
1310,655.0,0.2714551801590782,0.2714917446152008,0.5429469247742791,300.0505590703185,262.5442391865287,1.845698683265175e-18
1320,660.0,0.2718219673752177,0.27114039062420237,0.54296235799942,299.662245379307,262.2044647068937,1.7258085626268285e-18
1330,665.0,0.2721369950003447,0.27087204111275087,0.5430090361130956,299.36566759182625,261.944959142848,1.6867213751611622e-18
1340,670.0,0.2723538528654449,0.27072257441134934,0.5430764272767943,299.2004781589708,261.8004183890995,2.7207509633802793e-18
1350,675.0,0.27244334997062625,0.2707080991030979,0.5431514490737241,299.184480161169,261.7864201410229,3.0540289786702794e-18
1360,680.0,0.27239713225054435,0.2708234454254307,0.5432205776759751,299.31196001714665,261.8979650150033,3.184432490600529e-18
1370,685.0,0.27222795833334745,0.2710439653861395,0.543271923719487,299.5556769581189,262.1112173383541,3.2674318121775886e-18
1380,690.0,0.27196674541111737,0.2713302150046819,0.5432969604157993,299.87203780437244,262.3880330788259,3.478331224904055e-18
1390,695.0,0.2716569854837157,0.2716346714489271,0.5432916569326428,300.20852069241687,262.6824556058648,3.494469185727403e-18
1400,700.0,0.27134750839564753,0.27190936393631776,0.5432568723319653,300.51210868744334,262.948095101513,3.93301961761305e-18
1410,705.0,0.2710847773656384,0.2721132078398433,0.5431979852054817,300.73739538005566,263.14522095754876,4.192358795067626e-18
1420,710.0,0.2709059186175574,0.27221793367287606,0.5431238522904335,300.85313755407697,263.24649535981735,4.7286030016484555e-18
1430,715.0,0.2708335153404417,0.2722117721842528,0.5430452875246945,300.8463279248975,263.24053693428533,4.820316997469994e-18
1440,720.0,0.27087287395376136,0.27210044299169267,0.542973316945454,300.72328776941924,263.13287679824185,4.109164147181242e-18
1450,725.0,0.27101205630875513,0.27190543009795914,0.5429174864067143,300.50776103996526,262.94429090996965,4.393947671809415e-18
1460,730.0,0.27122453463620266,0.27165994258453474,0.5428844772207374,300.2364501544274,262.70689388512403,4.5850259799128614e-18
1470,735.0,0.27147393497101685,0.27140329025542514,0.542877225226442,299.9528000016569,262.4587000014498,4.585017094229429e-18
1480,740.0,0.27172004574320896,0.2711746068299319,0.5428946525731408,299.70006086306313,262.2375532551803,4.997549127894304e-18
1490,745.0,0.271925118342334,0.2710069047948151,0.5429320231371491,299.51471788158375,262.0753781463858,4.876079449721846e-18
1500,750.0,0.27205949013402103,0.27092234724918474,0.5429818373832058,299.4212655415284,261.9936073488373,5.02992962128618e-18
1510,755.0,0.2721057091572182,0.2709293955749362,0.5430351047321544,299.42905529618645,262.0004233841632,5.634539335056476e-18
1520,760.0,0.27206060480460925,0.2710221771143951,0.5430827819190043,299.53159673009077,262.0901471388295,5.60254714338745e-18
1530,765.0,0.27193508588512944,0.27118206469475575,0.5431171505798852,299.70830323711044,262.2447653324716,5.724976841251772e-18
1540,770.0,0.27175180319964853,0.27138112398391123,0.5431329271835598,299.92830201123115,262.43726425982726,5.715354539834604e-18
1550,775.0,0.2715411334166439,0.2715868154819345,0.5431279488985783,300.1556306508749,262.6361768195156,5.05549219749498e-18
1560,780.0,0.2713361768595734,0.2717671741857196,0.543103351045293,300.3549616838705,262.8105914733867,5.514091812185661e-18
1570,785.0,0.2711675805418199,0.2718956528837526,0.5430632334255725,300.49695533906646,262.93483592168315,5.330230942563849e-18
1580,790.0,0.27105898586458477,0.27195490518256427,0.543013891047149,300.56244051766674,262.99213545295845,5.197469045910146e-18
1590,795.0,0.27102376573198245,0.27193898192467236,0.5429627476566548,300.54484225721336,262.9767369750617,5.403069708817701e-18
1600,800.0,0.27106348557436166,0.2718536835388002,0.5429171691131618,300.45057114629975,262.89424975301233,4.9581397233890355e-18
1610,805.0,0.2711682377148752,0.2717151055410011,0.5428833432558763,300.2974158237562,262.76023884578666,4.596101924136932e-18
1620,810.0,0.2713187055888525,0.2715466879831654,0.5428653935720179,300.11128205214743,262.59737179562904,4.740484443232529e-18
1630,815.0,0.2714895586647947,0.27137529146355444,0.5428648501283491,299.9218559552145,262.4316239608127,4.3787057467691935e-18
1640,820.0,0.2716535970651018,0.2712269437763127,0.5428805408414145,299.7579032480824,262.28816534207215,4.813421618164911e-18
1650,825.0,0.2717859800475022,0.27112291917776865,0.5429088992252709,299.6429360729499,262.1875690638312,5.013053882361525e-18
1660,830.0,0.27186789220918206,0.2710767294930766,0.5429446217022587,299.591887593613,262.1429016444114,4.4472082475950496e-18
1670,835.0,0.2718891173583171,0.2710924403398469,0.542981557698164,299.6092510989512,262.15809471158235,4.346205967209212e-18
1680,840.0,0.271849180638283,0.2711645053122748,0.5430136859505579,299.68889674451964,262.2277846514547,4.821599409402061e-18
1690,845.0,0.27175695283962104,0.27127907146618085,0.5430360243058019,299.8155143644357,262.33857506888125,5.11242116771265e-18
1700,850.0,0.27162884988043,0.27141648774899,0.54304533762942,299.96738576863146,262.4714625475525,4.6672018072851565e-18
1710,855.0,0.27148596856522444,0.2715545770547842,0.5430405456200087,300.120000992582,262.60500086850925,4.772279781307168e-18
1720,860.0,0.27135064630139394,0.27167213644031457,0.5430227827417085,300.2499267087482,262.71868587015473,5.0956907004690755e-18
1730,865.0,0.2712429974686163,0.2717521203844177,0.542995117853034,300.3383243400604,262.79603379755287,4.951397710487872e-18
1740,870.0,0.27117795618072116,0.27178403650412913,0.5429619926848503,300.37359778668525,262.82689806334963,5.5346847122198824e-18
1750,875.0,0.2711632519690834,0.27176522639476064,0.5429284783638441,300.35280900049145,262.80870787543,5.704403813134587e-18
1760,880.0,0.27119858141668934,0.27170089068662856,0.5428994721033179,300.28170567755035,262.74649246785657,5.563235607282106e-18
1770,885.0,0.27127604330888055,0.2716029160217795,0.54287895933066,300.17342484196047,262.65174673671544,5.734654041067207e-18
1780,890.0,0.27138170910227916,0.2714877413108688,0.5428694504131479,300.0461346495883,262.54036781838977,5.8613600976854946e-18
1790,895.0,0.27149803427833397,0.2713736349434719,0.5428716692218059,299.9200251821367,262.43002203436964,5.846522244712384e-18
1800,900.0,0.27160670301788487,0.27127782567886405,0.542884528696749,299.81413753000777,262.33737033875684,5.2926592754121524e-18
1810,905.0,0.27169145284648577,0.27121393039189384,0.5429053832383797,299.7435209571004,262.2755808374629,5.293859972947784e-18
1820,910.0,0.2717404508923101,0.2711900552760106,0.5429305061683207,299.71713436520315,262.25249256955277,6.062558837638865e-18
1830,915.0,0.2717478819513793,0.27120782683226136,0.5429557087836406,299.7367753505898,262.2696784317661,5.5366251282051354e-18
1840,920.0,0.27171454438410825,0.27126245560928774,0.542976999993396,299.79715064896703,262.3225068178462,5.385146725527823e-18
1850,925.0,0.27164741036292067,0.2713437738064146,0.5429911841693353,299.88702288631663,262.40114502552706,5.47616162019691e-18
1860,930.0,0.2715582667538914,0.27143804236898667,0.542996309122878,299.9912077665699,262.49230679574873,5.8831104509167026e-18
1870,935.0,0.27146168763815376,0.27153021551116785,0.5429919031493216,300.09307680454725,262.58144220397884,5.5530322652743205e-18
1880,940.0,0.2713726796251109,0.2716062955240464,0.5429789751491574,300.17715984151266,262.6550148613236,5.659604465296961e-18
1890,945.0,0.27130437481236463,0.271655414398689,0.5429597892110536,300.23144563874126,262.7025149338986,5.54550748619909e-18
1900,950.0,0.27126612091902125,0.27167133797130816,0.5429374588903294,300.24904424702873,262.7179137161502,5.423150994203838e-18
1910,955.0,0.27126224048866876,0.27165319123518605,0.5429154317238548,300.2289886157739,262.7003650388022,5.5410255798445595e-18
1920,960.0,0.2712916156633114,0.2716053321652169,0.5428969478285283,300.1760951448465,262.6540832517407,5.565746920438518e-18
1930,965.0,0.2713481214986596,0.2715364347961597,0.5428845562948192,300.09995030982253,262.58745652109474,5.4541927305824815e-18
1940,970.0,0.27142180047252007,0.2714579597299551,0.5428797602024752,300.0132202785977,262.511567743773,5.860491185238813e-18
1950,975.0,0.271500563395352,0.2713822746603655,0.5428828380557176,299.92957372987553,262.4383770136411,5.731193617454028e-18
1960,980.0,0.271572132461835,0.2713207278081542,0.5428928602699892,299.8615526287507,262.37885855015685,5.784473649329123e-18
1970,985.0,0.27162591923883017,0.27128196953410766,0.5429078887729378,299.81871728650947,262.34137762569577,6.249245292964975e-18
1980,990.0,0.2716545551057022,0.27127076540582473,0.542925320511527,299.80633457130034,262.33054274988785,6.10669711561556e-18
1990,995.0,0.27165485800901934,0.271287457647855,0.5429423156568743,299.824782707027,262.34668486864865,6.38593464729296e-18
2000,1000.0,0.2716281153898033,0.2713281258629438,0.5429562412527471,299.8697289012145,262.3860127885627,5.977449353399576e-18
2010,1005.0,0.2715796728978749,0.27138538911948695,0.5429650620173618,299.9330158058101,262.4413888300839,5.789690288413703e-18
2020,1010.0,0.2715179247354533,0.2714496965846946,0.5429676213201479,300.0040879148914,262.50357692552996,6.014169106360527e-18
2030,1015.0,0.27145288813897656,0.27151088667224177,0.5429637748112184,300.07171472249144,262.56275038218,5.64219855589213e-18
2040,1020.0,0.2713945992456462,0.2715597641883665,0.5429543634340127,300.1257337721682,262.6100170506472,5.663188217719877e-18
2050,1025.0,0.2713515834758342,0.27158945419559044,0.5429410376714247,300.15854693663096,262.6387285695521,6.012607693879355e-18
2060,1030.0,0.2713296299823252,0.2715963369993656,0.5429259669816908,300.16615375769146,262.6453845379801,6.302277294576266e-18
2070,1035.0,0.2713310421935117,0.27158044204393367,0.5429114842374454,300.14858677689614,262.6300134297841,6.61927020536523e-18
2080,1040.0,0.27135445550329745,0.27154526696700637,0.5428997224703038,300.1097115561695,262.59599761164833,6.634355639704352e-18
2090,1045.0,0.27139522230154517,0.2714970773105019,0.5428922996120471,300.0564527235812,262.54939613313354,5.968582247291806e-18
2100,1050.0,0.2714462781601514,0.27144381874789086,0.5428900969080422,299.99759177549095,262.4978928035546,6.24535854856631e-18
2110,1055.0,0.2714993340040457,0.2713938261969502,0.5428931602009959,299.9423403980306,262.4495478482768,5.905035969265929e-18
2120,1060.0,0.2715461970892874,0.27135453607984994,0.5429007331691373,299.8989172669937,262.4115526086195,6.2951813430269266e-18
2130,1065.0,0.271580013591991,0.27133139749474716,0.5429114110867381,299.8733446831716,262.38917659777513,6.384939319361167e-18
2140,1070.0,0.2715962475231266,0.2713271383671,0.5429233858902266,299.8686375285084,262.38505783744483,6.595727330930688e-18
2150,1075.0,0.2715932596704607,0.27134148117663903,0.5429347408470997,299.8844890897664,262.39892795354564,6.6417206561150045e-18
2160,1080.0,0.27157241763149087,0.27137132994785446,0.5429437475793453,299.91747771895456,262.4277930040853,6.627597184822826e-18
2170,1085.0,0.2715377426654627,0.2714113774358936,0.5429491201013563,299.96173789044724,262.46652065414133,6.62393860138186e-18
2180,1090.0,0.2714951693684955,0.27145501988378395,0.5429501892522794,300.0099711835341,262.5087247855924,6.086361773022165e-18
2190,1095.0,0.27145154955334766,0.2714954252321024,0.5429469747854501,300.0546268594169,262.5477985019898,5.847255625412927e-18
2200,1100.0,0.271413564424383,0.27152658463836254,0.5429401490627456,300.08906399223616,262.5779309932067,6.5006253145193914e-18
2210,1105.0,0.2713867152355449,0.27154418787458645,0.5429309031101314,300.1085189516417,262.5949540826865,6.407434128002102e-18
2220,1110.0,0.27137454243607684,0.2715461977141641,0.5429207401502409,300.1107402106703,262.59689768433657,6.1537254871127504e-18
2230,1115.0,0.2713781812054655,0.2715330503585146,0.5429112315639801,300.0962098557289,262.5841836237628,5.53780971398838e-18
2240,1120.0,0.27139630477119303,0.27150746949311444,0.5429037742643075,300.0679380827669,262.559445822421,5.245586638487909e-18
2250,1125.0,0.27142544533537444,0.27147394102522127,0.5428993863605958,300.0308826815046,262.5270223463165,5.5581362776253135e-18
2260,1130.0,0.2714606254467568,0.2714379449266428,0.5428985703733996,299.99110007405136,262.49221256479495,5.511054288444782e-18
2270,1135.0,0.2714961886833847,0.27140507287474275,0.5429012615581275,299.9547701386259,262.46042387129773,5.174395244382942e-18
2280,1140.0,0.27152669358731535,0.27138017150497207,0.5429068650922875,299.927249338935,262.4363431715681,5.194292908745622e-18
2290,1145.0,0.2715477317555809,0.2713666404200531,0.542914372175634,299.91229488939723,262.42325802822256,5.37063176471836e-18
2300,1150.0,0.2715565492336948,0.27136598432955816,0.542922533563253,299.9115697832984,262.4226235603861,5.426657227178534e-18
2310,1155.0,0.27155238608959353,0.27137767525546286,0.5429300613450564,299.924490503443,262.43392919051263,5.658810767476131e-18
2320,1160.0,0.27153649601454866,0.27139933087475937,0.5429358268893081,299.94842412502015,262.4548711093926,5.750000239360512e-18
2330,1165.0,0.2715118583388701,0.2714271666547625,0.5429390249936326,299.97918801201763,262.48178951051545,5.481723697997316e-18
2340,1170.0,0.27148264110614245,0.2714566397662076,0.5429392808723501,300.011761464957,262.5102912818374,5.781352681644782e-18
2350,1175.0,0.2714535089704042,0.2714831774687367,0.542936686439141,300.04109072685253,262.535954385996,5.960276152100834e-18
2360,1180.0,0.27142888882842875,0.2715028749379382,0.5429317637663669,300.0628602162142,262.5550026891874,6.497519149591478e-18
2370,1185.0,0.2714123071049931,0.27151305769381406,0.5429253647988072,300.0741141186036,262.5648498537782,6.446093602579884e-18
2380,1190.0,0.27140589618718625,0.2715126294857749,0.5429185256729612,300.07364086641786,262.5644357581157,6.1175237606817e-18
2390,1195.0,0.2714101370073518,0.27150216301417246,0.5429123000215242,300.0620734036198,262.55431422816736,6.807792637427882e-18
2400,1200.0,0.2714238655483293,0.27148373211589566,0.542907597664225,300.0417037185675,262.5364907537466,7.006991904629615e-18
2410,1205.0,0.27144452950282927,0.27146052348515737,0.5429050529879866,300.0160537208552,262.51404700574835,7.182111958585185e-18
2420,1210.0,0.2714686439041644,0.2714362977180874,0.5429049416222518,299.9892795920008,262.4906196430007,7.742160477217835e-18
2430,1215.0,0.2714923667463666,0.2714147890160992,0.5429071557624658,299.96550834228714,262.4698197995013,7.334805466352987e-18
2440,1220.0,0.27151210117870034,0.2713991378878347,0.542911239066535,299.9482108373759,262.45468448270395,6.94073822136021e-18
2450,1225.0,0.2715250313300727,0.2713914416064845,0.5429164729365572,299.93970496724285,262.4472418463375,6.777732091924524e-18
2460,1230.0,0.2715295133980101,0.27139248517346226,0.5429219985714724,299.940858309329,262.4482510206629,7.045302533254097e-18
2470,1235.0,0.2715252694326297,0.2714016850507882,0.5429269544834179,299.95102594200944,262.4571476992583,7.506452397645178e-18
2480,1240.0,0.2715133638044577,0.2714172439895057,0.5429306077939633,299.96822155975224,262.4721938647832,7.991069747099797e-18
2490,1245.0,0.27149597639451545,0.2714364832223145,0.5429324596168299,299.989484609826,262.4907990335978,8.259268143023022e-18
2500,1250.0,0.2714760168318966,0.27145629289553763,0.5429323097274342,300.0113781061974,262.50995584292275,9.369272840871267e-18
2510,1255.0,0.2714566461902582,0.27147362644238676,0.542930272632645,300.03053500700895,262.5267181311329,9.243598098981234e-18
2520,1260.0,0.2714407834600907,0.27148596147648896,0.5429267449365797,300.04416759051077,262.53864664169697,9.865540360333397e-18
2530,1265.0,0.27143067270710663,0.2714916586149296,0.5429223313220362,300.0504640234894,262.5441560205532,1.0914258779797049e-17
2540,1270.0,0.2714275739147962,0.2714901685028873,0.5429177424176835,300.0488171632801,262.5427150178701,1.1489531463825282e-17
2550,1275.0,0.2714316186189468,0.2714820628433817,0.5429136814623285,300.039858851602,262.53487649515176,1.1968662091278767e-17
2560,1280.0,0.2714418443505796,0.2714688932157603,0.5429107375663399,300.02530388185085,262.52214089661953,1.2099369122610737e-17
2570,1285.0,0.27145639399560884,0.2714529075093449,0.5429093015049538,300.0076366037763,262.5066820283043,1.2090567415896914e-17
2580,1290.0,0.2714728417449761,0.27143667403186117,0.5429095157768373,299.9896954910491,262.49098355466793,1.2000440280438063e-17
2590,1295.0,0.27148858989567937,0.271422674981552,0.5429112648772314,299.9742238498112,262.4774458685848,1.162174920548858e-17
2600,1300.0,0.2715012726752904,0.2714129326500993,0.5429142053253897,299.9634567010599,262.4680246134274,1.1090720183083235e-17
2610,1305.0,0.2715091052754204,0.27140872368089236,0.5429178289563128,299.9588049811137,262.4639543584745,1.1224580524855572e-17
2620,1310.0,0.2715111275985096,0.2714104206373345,0.542921548235844,299.9606804441408,262.4655953886232,1.1302939271248694e-17
2630,1315.0,0.2715073106794268,0.2714174788676722,0.542924789547099,299.9684811452703,262.4724210021115,1.126097749618526e-17
2640,1320.0,0.27149851619082477,0.2714285636686045,0.5429270798594292,299.980731980822,262.48314048321924,1.1606584660344268e-17
2650,1325.0,0.2714863222734523,0.2714417916278679,0.5429281139013202,299.99535141824896,262.49593249096785,1.1753364379542463e-17
2660,1330.0,0.27147274865481336,0.27145504389292885,0.5429277925477423,300.0099977182538,262.50874800347214,1.1706903441515316e-17
2670,1335.0,0.2714599277745101,0.2714663001893601,0.5429262279638702,300.02243808929364,262.51963332813193,1.1662542237133078e-17
2680,1340.0,0.27144977460987063,0.2714739417152296,0.5429237163251002,300.0308834440964,262.52702301358437,1.130088455347307e-17
2690,1345.0,0.2714437055524226,0.2714769782796969,0.5429206838321194,300.0342394314667,262.5299595025334,1.1412106769280345e-17
2700,1350.0,0.271442446782354,0.27147516874877203,0.542917615531126,300.03223955199917,262.52820960799926,1.1581913557563812e-17
2710,1355.0,0.27144595700055085,0.27146902160826836,0.5429149786088192,300.0254457802496,262.5222650577184,1.146773435830688e-17
2720,1360.0,0.2714534707587133,0.2714596813507406,0.5429131521094539,300.01512300046477,262.51323262540666,1.1899110783395378e-17
2730,1365.0,0.27146364996213906,0.27144872350386806,0.5429123734660071,300.0030124735499,262.5026359143562,1.2359692103433141e-17
2740,1370.0,0.27147481525163236,0.2714378939235204,0.5429127091751528,299.9910437057982,262.49216324257344,1.1569130419712741e-17
2750,1375.0,0.2714852181790489,0.27142883473658125,0.5429140529156302,299.9810315630361,262.4834026176566,1.1830655531011017e-17
2760,1380.0,0.27149331076973293,0.2714228393023091,0.5429161500720421,299.9744054558306,262.4776047738518,1.2387639361676887e-17
2770,1385.0,0.2714979715577696,0.2714206720983022,0.5429186436560718,299.9720102788619,262.4755089940042,1.2839888339553654e-17
2780,1390.0,0.27149865577837373,0.27142247782259343,0.5429211336009672,299.97400595126766,262.47725520735924,1.249948148864287e-17
2790,1395.0,0.27149545050441565,0.271427789251418,0.5429232397558337,299.9798761009863,262.48239158836304,1.2449852830295344e-17
2800,1400.0,0.2714890309117737,0.2714356278973825,0.5429246588091562,299.9885393113809,262.48997189745836,1.2545290170037356e-17
2810,1405.0,0.27148052909752235,0.2714446776686441,0.5429252067661665,299.9985410480096,262.4987234170084,1.2754788691383048e-17
2820,1410.0,0.27147133964284453,0.27145350156531356,0.5429248412081581,300.0082931498004,262.5072565060754,1.2689823780228207e-17
2830,1415.0,0.27146289458189765,0.2714607663371399,0.5429236609190375,300.01632211897254,262.514281854101,1.2396194809264307e-17
2840,1420.0,0.2714564435237825,0.27146544050391586,0.5429218840276984,300.02148797164443,262.5188019751889,1.2738096629949338e-17
2850,1425.0,0.2714528721654693,0.2714669368658932,0.5429198090313625,300.0231417392332,262.5202490218291,1.2945836581140742e-17
2860,1430.0,0.27145258498131497,0.271465180480207,0.542917765461522,300.0212005954691,262.5185505210355,1.2925187339788783e-17
2870,1435.0,0.2714554668546946,0.2714605953503087,0.5429160622050033,300.0161331456601,262.51411650245257,1.2923522941517517e-17
2880,1440.0,0.27146092568162783,0.271454015781194,0.5429149414628218,300.00886145718164,262.50775377503396,1.2921908774821934e-17
2890,1445.0,0.2714680055484548,0.2714465395370041,0.5429145450854589,300.00059877040235,262.500523924102,1.2530767187124161e-17
2900,1450.0,0.27147554984293726,0.2714393479702882,0.5429148978132254,299.99265070694736,262.49356936857896,1.2434043586784904e-17
2910,1455.0,0.2714823870534012,0.2714335221043269,0.5429159091577281,299.98621200531676,262.48793550465217,1.217309839455848e-17
2920,1460.0,0.27148750987215614,0.27142988286626757,0.5429173927384237,299.98218994779216,262.48441620431817,1.1799428308076753e-17
2930,1465.0,0.2714902206565696,0.27142887863127857,0.5429190992878481,299.9810800751133,262.48344506572414,1.1748978652717914e-17
2940,1470.0,0.2714902227222183,0.27143053491837515,0.5429207576405934,299.9829105906968,262.48504676685974,1.2033756334550013e-17
2950,1475.0,0.2714876461787805,0.27143447090083506,0.5429221170796156,299.9872606078189,262.48885303184153,1.1843968214055522e-17
2960,1480.0,0.2714830075299378,0.2714399769963018,0.5429229845262395,299.9933459015925,262.4941776638934,1.232444082089147e-17
2970,1485.0,0.2714771123823224,0.27144613877706397,0.5429232511593864,300.0001558536416,262.50013637193643,1.2056867698843439e-17
2980,1490.0,0.27147091882229996,0.27145198609798776,0.5429229049202877,300.00661826712945,262.50579098373834,1.1928028774367782e-17
2990,1495.0,0.2714653841634706,0.2714566435157826,0.5429220276792532,300.011765608958,262.5102949078383,1.1953541448535782e-17
3000,1500.0,0.2714613192058246,0.2714594590300272,0.5429207782358518,300.01487729334593,262.5130176316777,1.2085353644910561e-17
3010,1505.0,0.2714592718387305,0.27146009258605414,0.5429193644247846,300.01557749452644,262.5136303077107,1.1586366918226849e-17
3020,1510.0,0.2714594562969338,0.27145855280394315,0.542918009100877,300.01387573934454,262.5121412719265,1.2006020302184635e-17
3030,1515.0,0.2714617366384957,0.2714551788398304,0.5429169154783261,300.0101468605171,262.5088785029525,1.2558442217047438e-17
3040,1520.0,0.271465664342635,0.2714505727907007,0.5429162371333357,300.0050562909367,262.50442425456964,1.2329950211094172e-17
3050,1525.0,0.27147056168953254,0.27144549532330087,0.5429160570128334,299.99944471356025,262.49951412436525,1.1977254899508145e-17
3060,1530.0,0.27147563601616276,0.27144074219479386,0.5429163782109566,299.99419159299896,262.4949176438741,1.2060864481101885e-17
3070,1535.0,0.2714801059610974,0.27143702138877873,0.5429171273498761,299.9900793872057,262.491319463805,1.1654347511071897e-17
3080,1540.0,0.2714833198975878,0.27143484954440017,0.542918169441988,299.9876790817344,262.48921919651764,1.1577902748817769e-17
3090,1545.0,0.27148484889886404,0.2714344825176483,0.5429193314165124,299.9872734466303,262.4888642658015,1.1514955119332286e-17
3100,1550.0,0.2714845413085624,0.27143588900160304,0.5429204303101655,299.9888278817294,262.4902243965132,1.1738709995844719e-17
3110,1555.0,0.27148253245834875,0.27143876914595483,0.5429213016043035,299.9920109948078,262.4930096204568,1.1733631324296134e-17
3120,1560.0,0.27147921021572485,0.2714426131707578,0.5429218233864826,299.9962593810445,262.49672695841394,1.1798972529854722e-17
3130,1565.0,0.2714751437381817,0.2714467891204326,0.5429219328586143,300.0008746080612,262.50076528205364,1.1441247942678017e-17
3140,1570.0,0.27147098805750874,0.2714506449895555,0.5429216330470643,300.00513608454804,262.5044940739796,1.143913168680272e-17
3150,1575.0,0.2714673801903224,0.27145360897519916,0.5429209891655216,300.0084118583684,262.50736037607237,1.1627323299053027e-17
3160,1580.0,0.2714648430043805,0.271455272679315,0.5429201156836956,300.01025057118375,262.5089692497858,1.1299420765690096e-17
3170,1585.0,0.2714637111060083,0.2714554454134255,0.5429191565194338,300.0104414755757,262.50913629112875,1.1930640547681651e-17
3180,1590.0,0.2714640889717913,0.2714541727305945,0.5429182617023858,300.0090349164352,262.50790555188087,1.1313257749358913e-17
3190,1595.0,0.27146584614377456,0.2714517180892807,0.5429175642330553,300.00632206599636,262.5055318077468,1.0935168715940576e-17
3200,1600.0,0.2714686484307363,0.27144851222084826,0.5429171606515846,300.002778965204,262.5024315945535,1.0560661194530235e-17
3210,1605.0,0.2714720186265215,0.2714450794695679,0.5429170980960893,299.99898511525737,262.4991119758502,1.0868454186315658e-17
3220,1610.0,0.27147541607537456,0.2714419534326426,0.5429173695080172,299.9955302436242,262.4960889631712,1.0989874037289165e-17
3230,1615.0,0.2714783220596816,0.2714395952618066,0.5429179173214882,299.99292401160517,262.4938085101545,1.1431493171322511e-17
3240,1620.0,0.27148031772759346,0.27143832693790565,0.5429186446654991,299.99152226992015,262.49258198618014,1.1501077409048685e-17
3250,1625.0,0.27148114305465487,0.2714382889561141,0.542919432010769,299.9914802927403,262.49254525614776,1.16957757929061e-17
3260,1630.0,0.27148072877624607,0.2714394276874968,0.5429201564637429,299.99273880978467,262.4936464585616,1.2043191587516557e-17
3270,1635.0,0.2714791977320406,0.2714415129100712,0.5429207106421118,299.9950433815134,262.49566295882425,1.2053079161505265e-17
3280,1640.0,0.2714768368929342,0.27144418138485804,0.5429210182777923,299.99799255903923,262.4982434891594,1.1852784616262297e-17
3290,1645.0,0.27147404574405987,0.27144699858521115,0.542921044329271,300.00110610690115,262.5009678435385,1.2009084137960311e-17
3300,1650.0,0.2714712700245114,0.2714495283037956,0.542920798328307,300.00390193215406,262.5034141906348,1.195922254473524e-17
3310,1655.0,0.2714689316203255,0.27145139915742417,0.5429203307777497,300.0059695849955,262.5052233868711,1.2199183984211005e-17
3320,1660.0,0.2714673654722819,0.2714523580119765,0.5429197234842584,300.00702930356965,262.50615064062345,1.2106092403788183e-17
3330,1665.0,0.2714667727677328,0.2714523028229275,0.5429190755906603,300.00696830906304,262.5060972704302,1.222662672619344e-17
3340,1670.0,0.2714671967585017,0.2714512908838925,0.5429184876423943,300.0058499219327,262.5051186816911,1.2367627007152248e-17
3350,1675.0,0.27146852379523284,0.2714495224139576,0.5429180462091905,300.003895422751,262.50340849490715,1.2630694957149807e-17
3360,1680.0,0.2714705082036678,0.271447303173245,0.5429178113769129,300.00144273522096,262.50126239331837,1.2306256734501072e-17
3370,1685.0,0.27147281606425866,0.2714449928114585,0.5429178088757172,299.9988893413906,262.4990281737168,1.3056778189017998e-17
3380,1690.0,0.2714750803165818,0.2714429475028878,0.5429180278194696,299.99662888230745,262.49705027201907,1.3328756437599186e-17
3390,1695.0,0.27147695825143636,0.2714414658784612,0.5429184241298975,299.9949914025448,262.49561747722674,1.345681309400549e-17
3400,1700.0,0.27147818252120426,0.2714407463285924,0.5429189288497966,299.99419616164084,262.4949216414358,1.359963329465215e-17
3410,1705.0,0.2714785982138649,0.2714408616296912,0.542919459843556,299.99432359151615,262.4950331425767,1.4229263385537013e-17
3420,1710.0,0.2714781810176367,0.2714417539222902,0.542919934939927,299.9953097463385,262.4958960280462,1.4189489659823476e-17
3430,1715.0,0.27147703462235634,0.27144324982381146,0.5429202844461678,299.99696300503484,262.4973426294055,1.410310177726665e-17
3440,1720.0,0.2714753687547913,0.27144509240352116,0.5429204611583125,299.99899940976167,262.4991244835415,1.387410489643011e-17
3450,1725.0,0.2714734621267149,0.2714469843373196,0.5429204464640345,300.00109036024253,262.5009540652122,1.416105985600342e-17
3460,1730.0,0.2714716166657144,0.271448635131576,0.5429202517972904,300.0029148051819,262.5025504545342,1.381175696305868e-17
3470,1735.0,0.27147011041894636,0.2714498050285338,0.5429199154474802,300.0042077661768,262.5036817954047,1.3749507159611098e-17
3480,1740.0,0.27146915636562363,0.27145033906752153,0.5429194954331451,300.0047979819017,262.504198234164,1.4034423759475685e-17
3490,1745.0,0.27146887312508294,0.2714501865901642,0.5429190597152471,300.00462946511533,262.50405078197593,1.4142599925428156e-17
3500,1750.0,0.27146927144689237,0.27144940392178213,0.5429186753686746,300.0037644661227,262.50329390785737,1.3938508086504758e-17
3510,1755.0,0.2714702577786221,0.271448140632528,0.5429183984111501,300.00236828869004,262.50207225260385,1.3774621426137832e-17
3520,1760.0,0.2714716535438739,0.2714466122627378,0.5429182658066117,300.0006791463161,262.50059425302663,1.371435458745091e-17
3530,1765.0,0.27147322643694194,0.27144506431887017,0.5429182907558121,299.9989683708244,262.49909732447134,1.357138402553981e-17
3540,1770.0,0.271474728388996,0.2714437334436429,0.5429184618326389,299.9974974979013,262.4978103106637,1.2940220258905655e-17
3550,1775.0,0.2714759341027635,0.2714428118093518,0.5429187459121153,299.99647891486967,262.49691905051094,1.2620975834534436e-17
3560,1780.0,0.2714766742606013,0.27144242000069135,0.5429190942612927,299.9960458909934,262.49654015461925,1.2682147491026235e-17
3570,1785.0,0.2714768586063066,0.2714425921066546,0.5429194507129612,299.9962361011619,262.4967065885167,1.2548939848873177e-17
3580,1790.0,0.27147648587445006,0.2714432747026151,0.5429197605770651,299.9969905008946,262.4973666882828,1.1910048456095842e-17
3590,1795.0,0.2714756396897116,0.27144433920754796,0.5429199788972596,299.99816698344546,262.4983961105148,1.1542321637403256e-17
3600,1800.0,0.27147447173742906,0.2714456050895122,0.5429200768269413,299.9995660263211,262.4996202730309,1.174601345932621e-17
3610,1805.0,0.271473175382105,0.271446869862461,0.542920045244566,300.00096384352145,262.5008433630813,1.1807618956433314e-17
3620,1810.0,0.271471954211964,0.27144794097895086,0.5429198951909149,300.0021476331135,262.5018791789744,1.264233588881157e-17
3630,1815.0,0.2714709905442993,0.2714486646707514,0.5429196552150507,300.00294745164814,262.5025790201922,1.3075125137166972e-17
3640,1820.0,0.27147041868941624,0.2714489474928425,0.5429193661822587,300.0032600244178,262.5028525213656,1.3562005595446765e-17
3650,1825.0,0.2714703068148455,0.2714487676421987,0.5429190744570442,300.0030612548888,262.50267859802767,1.357428062900596e-17
3660,1830.0,0.2714706497564787,0.27144817482117534,0.5429188245776541,300.00240607371654,262.502105314502,1.3398619032287968e-17
3670,1835.0,0.2714713733430757,0.2714472792190622,0.5429186525621379,300.0014162612449,262.5012392285893,1.2920710630104186e-17
3680,1840.0,0.27147234902006556,0.2714462318147205,0.5429185808347861,300.0002586781341,262.50022634336733,1.2800342547057341e-17
3690,1845.0,0.27147341604886893,0.2714451994184652,0.5429186154673341,299.9991176818433,262.4992279716129,1.2262451584836685e-17
3700,1850.0,0.2714744075358799,0.2714443385074526,0.5429187460433325,299.9981662097055,262.49839543349236,1.1923081145034487e-17
3710,1855.0,0.27147517614286437,0.271443771896908,0.5429189480397724,299.99753999615,262.49784749663127,1.2287251650403454e-17
3720,1860.0,0.27147561557918337,0.27144357166267935,0.5429191872418627,299.9973186988419,262.4976538614867,1.231752002282627e-17
3730,1865.0,0.27147567480668006,0.27144375061393466,0.5429194254206147,299.99751647437387,262.49782691507716,1.2432968824433077e-17
3740,1870.0,0.27147536314576937,0.2714442632019955,0.5429196263477649,299.99808298270153,262.49832260986386,1.2965973769152257e-17
3750,1875.0,0.27147474594414334,0.2714450152717078,0.5429197612158512,299.99891416428295,262.4990498937476,1.2662175886475497e-17
3760,1880.0,0.2714739319229075,0.2714458807438878,0.5429198126667953,299.99987067738743,262.49988684271403,1.25061549976547e-17
3770,1885.0,0.27147305452851717,0.271446722354163,0.5429197768826801,300.00080081850075,262.5007007161882,1.2939729295238412e-17
3780,1890.0,0.2714722504193473,0.27144741309448367,0.5429196635138309,300.0015642193168,262.5013686919022,1.212210847853031e-17
3790,1895.0,0.27147163850112044,0.2714478550583766,0.542919493559497,300.00205267436485,262.50179609006926,1.2279438165636242e-17
3800,1900.0,0.27147130267711583,0.2714479929455187,0.5429192956226345,300.00220506615904,262.5019294328892,1.1343686391558668e-17
3810,1905.0,0.27147128076064647,0.27144782042688975,0.5429191011875363,300.00201439991565,262.5017625999262,1.1911091732792465e-17
3820,1910.0,0.2714715609408212,0.27144737874573477,0.5429189396865559,300.00152625734734,262.50133547517896,1.1591983712409796e-17
3830,1915.0,0.27147208597530603,0.27144674814200476,0.5429188341173108,300.0008293190224,262.5007256541446,1.1389512279584116e-17
3840,1920.0,0.2714727640987971,0.27144603375239373,0.5429187978511909,300.000039781195,262.50003480854565,1.1537407234656908e-17
3850,1925.0,0.2714734846620994,0.27144534839957135,0.5429188330616708,299.9992823346001,262.4993720427751,1.0837040840964018e-17
3860,1930.0,0.2714741358921633,0.271444795041437,0.5429189309336002,299.998670767505,262.4988369215669,1.1484061454458471e-17
3870,1935.0,0.27147462196638533,0.2714444515692909,0.5429190735356763,299.9982911647676,262.4985047691717,1.1144194048026508e-17
3880,1940.0,0.27147487683431254,0.2714443601564089,0.5429192369907214,299.99819013596317,262.4984163689678,1.1255896823507184e-17
3890,1945.0,0.27147487283900407,0.2714445225594087,0.5429193953984128,299.9983696224922,262.49857341968067,1.1687189546848465e-17
3900,1950.0,0.2714746230761293,0.271444901800696,0.5429195248768253,299.9987887570056,262.49894016237994,1.1761708342527108e-17
3910,1955.0,0.2714741774336832,0.271445429667957,0.5429196071016402,299.99937215178613,262.4994506328129,1.1871677901233311e-17
3920,1960.0,0.27147361322023494,0.2714460186080831,0.542919631828318,300.000023043821,262.5000201633434,1.2120568148675903e-17
3930,1965.0,0.271473022069864,0.27144657599238453,0.5429195980622485,300.0006390606045,262.50055917802894,1.1937539967467585e-17
3940,1970.0,0.2714724952974696,0.2714470184664438,0.5429195137639133,300.00112807948443,262.5009870695489,1.283630630874904e-17
3950,1975.0,0.271472110009245,0.2714472841954018,0.5429193942046469,300.0014217610567,262.50124404092463,1.2395175106780915e-17
3960,1980.0,0.27147191804691506,0.27144734124155323,0.5429192592884683,300.0014848080184,262.5012992070161,1.2766103834906177e-17
3970,1985.0,0.2714719393125285,0.27144719098516445,0.542919130297693,300.00131874582917,262.50115390260055,1.3361632718565399e-17
3980,1990.0,0.2714721602789082,0.27144686630677345,0.5429190265856816,300.0009599138033,262.5008399245779,1.3926366862864583e-17
3990,1995.0,0.2714725376623696,0.27144642506051603,0.5429189627228856,300.0004722518804,262.5004132203954,1.360310267516685e-17
4000,2000.0,0.27147300644937045,0.2714459400595335,0.5429189465089039,299.9999362325765,262.49994420350447,1.3888389397514216e-17
4010,2005.0,0.27147349084477157,0.27144548726670387,0.5429189781114754,299.99943580947206,262.4995063332881,1.412019312087816e-17
4020,2010.0,0.27147391633362183,0.27144513407552384,0.5429190504091457,299.99904546533406,262.4991647821673,1.4257100697212716e-17
4030,2015.0,0.2714742209660619,0.2714449294612918,0.5429191504273536,299.9988193272804,262.49896691137036,1.4577785665415553e-17
4040,2020.0,0.27147436418444115,0.2714448974120664,0.5429192615965075,299.9987839067264,262.4989359183856,1.450174943398188e-17
4050,2025.0,0.2714743319670922,0.2714450344814514,0.5429193664485437,299.99893539474186,262.49906847039915,1.4476445669765945e-17
4060,2030.0,0.27147413768320344,0.27144531163699964,0.5429194493202031,299.9992417048925,262.499336491781,1.4059300204160904e-17
4070,2035.0,0.2714738187355281,0.27144567991553237,0.5429194986510605,299.99964872345504,262.4996926330232,1.3913746554564492e-17
4080,2040.0,0.27147342970537347,0.27144607884055,0.5429195085459235,300.0000896122737,262.50007841073955,1.3786541671496243e-17
4090,2045.0,0.27147303321246213,0.27144644618672403,0.5429194793991862,300.0004956004007,262.50043365035066,1.3639915528101617e-17
4100,2050.0,0.27147268999172747,0.2714467275395877,0.5429194175313152,300.0008065493917,262.50070573071775,1.3787818968116422e-17
4110,2055.0,0.2714724497358799,0.2714468842046078,0.5429193339404876,300.00097969435024,262.5008572325564,1.3654178304760235e-17
4120,2060.0,0.2714723440612443,0.27144689834091906,0.5429192424021634,300.0009953176912,262.50087090297984,1.384967535588527e-17
4130,2065.0,0.2714723825655504,0.27144677467188916,0.5429191572374396,300.0008586396437,262.50075130968827,1.343825964430218e-17
4140,2070.0,0.27147255242878876,0.27144653867720164,0.5429190911059905,300.00059782015535,262.50052309263594,1.3803729824973874e-17
4150,2075.0,0.2714728214469634,0.2714462317115214,0.5429190531584848,300.0002585640792,262.50022624356933,1.3959268692990386e-17
4160,2080.0,0.27147314387114313,0.27144590394132967,0.5429190478124728,299.99989631501927,262.4999092756419,1.405396434053198e-17
4170,2085.0,0.27147346802733113,0.2714456062807347,0.5429190743080659,299.99956734285087,262.49962142499453,1.424171852668823e-17
4180,2090.0,0.2714737444709276,0.2714453826025134,0.542919127073441,299.9993201354249,262.49940511849684,1.4513128612207544e-17
4190,2095.0,0.27147393340828596,0.27144526339715536,0.5429191968054413,299.9991883905928,262.4992898417687,1.4572910832249798e-17
4200,2100.0,0.27147401029062035,0.2714452617756082,0.5429192720662286,299.99918659847145,262.49928827366256,1.4629029295081302e-17
4210,2105.0,0.2714739688166338,0.27144537231132265,0.5429193411279565,299.99930876168116,262.49939516647106,1.4633865945939912e-17
4220,2110.0,0.27147382101166495,0.2714455727609438,0.5429193937726087,299.9995302970393,262.4995890099094,1.463027689748447e-17
4230,2115.0,0.2714735945123419,0.2714458282627469,0.5429194227750888,299.9998126756397,262.49983609118476,1.500243223020385e-17
4240,2120.0,0.27147332760504617,0.27144609725397095,0.5429194248590171,300.00010996264297,262.50009621731266,1.4878718951549167e-17
4250,2125.0,0.2714730628820666,0.27144633812305574,0.5429194010051224,300.0003761692772,262.5003291481176,1.4838362483008374e-17
4260,2130.0,0.2714728405481443,0.2714465155483635,0.5429193560965078,300.0005722583438,262.50050072605086,1.4954827071558846e-17
4270,2135.0,0.27147269241352023,0.2714466055732817,0.5429192979868019,300.0006717531814,262.50058778403377,1.5313638377066337e-17
4280,2140.0,0.2714726374550681,0.27144659870586524,0.5429192361609334,300.00066416336625,262.5005811429455,1.5404142563201155e-17
4290,2145.0,0.2714726795457836,0.27144650066633186,0.5429191802121154,300.0005558108385,262.5004863344837,1.559989489806434e-17
4300,2150.0,0.27147280759374826,0.27144633078207414,0.5429191383758224,300.0003680560816,262.5003220490714,1.5798823786764106e-17
4310,2155.0,0.2714729979531568,0.2714461183880896,0.5429191163412463,300.00013331990607,262.50011665491786,1.5866632565520582e-17
4320,2160.0,0.2714732186306459,0.2714458978771858,0.5429191165078318,299.9998896129748,262.499903411353,1.6197077186129717e-17
4330,2165.0,0.2714734345597931,0.2714457032188271,0.5429191377786202,299.99967447807467,262.4997151683154,1.6201573978102487e-17
4340,2170.0,0.27147361308908274,0.27144556280689774,0.5429191758959805,299.99951929590526,262.49957938391714,1.5964877448964377e-17
4350,2175.0,0.271473728837368,0.2714454954050568,0.5429192242424248,299.9994448039163,262.49951420342677,1.646276104266268e-17
4360,2180.0,0.27147376720798644,0.27144550775414794,0.5429192749621343,299.99945845203547,262.4995261455311,1.6641359388913537e-17
4370,2185.0,0.27147372609113657,0.27144559412580627,0.5429193202169429,299.99955390931876,262.4996096706539,1.723669392858182e-17
4380,2190.0,0.27147361558269645,0.27144573779633463,0.5429193533790311,299.99971269286635,262.4997486062581,1.6762747910965574e-17
4390,2195.0,0.2714734558579994,0.27144591412377733,0.5429193699817767,299.999907568581,262.49991912250846,1.6658898703171026e-17
4400,2200.0,0.27147327361335133,0.2714460946822818,0.5429193682956331,300.00010712043223,262.5000937303782,1.612028579621841e-17
4410,2205.0,0.2714730976862565,0.2714462517731821,0.5429193494594386,300.00028073607024,262.50024564406147,1.6928988583927577e-17
4420,2210.0,0.2714729545609045,0.2714463626077041,0.5429193171686086,300.00040322951963,262.50035282582974,1.6982532248967158e-17
4430,2215.0,0.2714728644488529,0.27144641254021895,0.5429192769890718,300.0004584145457,262.5004011127275,1.7396256309839092e-17
4440,2220.0,0.2714728385139673,0.2714463969055096,0.542919235419477,300.0004411351868,262.5003859932885,1.7493530976319525e-17
4450,2225.0,0.27147287760897926,0.2714463212476354,0.5429191988566147,300.0003575186943,262.5003128288575,1.7261739592930205e-17
4460,2230.0,0.27147297264312065,0.2714461999831458,0.5429191726262664,300.00022349812593,262.5001955608602,1.7007757563921345e-17
4470,2235.0,0.271473106446157,0.2714460537777418,0.5429191602238987,300.0000619130535,262.50005417392185,1.7027616138824508e-17
4480,2240.0,0.2714732567727772,0.2714459060979242,0.5429191628707014,299.9998986984707,262.49991136116194,1.675180730779149e-17
4490,2245.0,0.27147339993483266,0.271445779502526,0.5429191794373587,299.9997587862239,262.4997889379459,1.7106791331459315e-17
4500,2250.0,0.2714735144780362,0.2714456922513823,0.5429192067294185,299.99966235694023,262.49970456232273,1.742348585418999e-17
4510,2255.0,0.27147358434111524,0.27144565573224494,0.5429192400733602,299.99962199627436,262.4996692467401,1.7306355681066626e-17
4520,2260.0,0.27147360104132956,0.2714456730582813,0.5429192740996109,299.99964114487466,262.4996860017654,1.7484820972724082e-17
4530,2265.0,0.27147356460053246,0.2714457389932411,0.5429193035937736,299.999714015678,262.49974976371834,1.744531175197242e-17
4540,2270.0,0.2714734831315242,0.2714458411516328,0.5429193242831569,299.9998269203359,262.49984855529397,1.712053224459657e-17
4550,2275.0,0.27147337121232074,0.27144596222964074,0.5429193334419615,299.99996073480617,262.49996564295543,1.755850887872409e-17
4560,2280.0,0.2714732473543726,0.27144608287734134,0.5429193302317139,300.0000940737041,262.50008231449107,1.717917476788015e-17
4570,2285.0,0.27147313099397474,0.2714461847439128,0.5429193157378875,300.00020665584447,262.50018082386396,1.7453124110872396e-17
4580,2290.0,0.27147303948799995,0.27144625322378785,0.5429192927117878,300.0002823392684,262.50024704685984,1.661913465561264e-17
4590,2295.0,0.27147298557122324,0.2714462795000052,0.5429192650712285,300.0003113795389,262.50027245709657,1.6550164508751866e-17
4600,2300.0,0.27147297564014783,0.2714462616075209,0.5429192372476688,300.00029160490476,262.50025515429166,1.592923330558375e-17
4610,2305.0,0.27147300908478705,0.27144620440184786,0.542919213486635,300.000228381641,262.50019983393594,1.6335363450773916e-17
4620,2310.0,0.2714730787195926,0.27144611849061523,0.5429191972102079,300.00013343321666,262.5001167540646,1.597643855297074e-17
4630,2315.0,0.2714731721948779,0.271446018340779,0.542919190535657,300.00002274839864,262.50001990484884,1.615597479276103e-17
4640,2320.0,0.2714732741265089,0.2714459198894801,0.542919194015989,299.99991394079075,262.49992469819193,1.614204882638217e-17
4650,2325.0,0.2714733685849098,0.2714458380462992,0.542919206631209,299.99982348834544,262.4998455523023,1.6669694986871602e-17
4660,2330.0,0.27147344154703856,0.2714457844724935,0.5429192260195321,299.99976427899315,262.4997937441191,1.6683649382240153e-17
4670,2335.0,0.2714734829397475,0.27144576596201114,0.5429192489017587,299.9997438213524,262.4997758436834,1.664511936924182e-17
4680,2340.0,0.2714734879830914,0.27144578364178273,0.5429192716248741,299.9997633608981,262.4997929407859,1.6810387552463195e-17
4690,2345.0,0.27147345766280867,0.27144583307353337,0.542919290736342,299.99981799248343,262.499840743423,1.7278460547678452e-17
4700,2350.0,0.27147339830204376,0.2714459051981209,0.5429193035001647,299.99989770401515,262.4999104910133,1.7371855466379594e-17
4710,2355.0,0.2714733203409826,0.27144598793794944,0.5429193082789321,299.99998914742844,262.4999905039999,1.745362495966264e-17
4720,2360.0,0.2714732365484486,0.27144606818170636,0.542919304730155,300.00007783220286,262.5000681031775,1.756481487856886e-17
4730,2365.0,0.2714731599651923,0.2714461338307474,0.5429192937959397,300.0001503870111,262.5001315886347,1.7109460865030005e-17
4740,2370.0,0.2714731019050027,0.2714461755925497,0.5429192774975524,300.0001965418293,262.5001719741007,1.6579403019091118e-17
4750,2375.0,0.27147307031523144,0.27144618826033484,0.5429192585755662,300.0002105421667,262.50018422439587,1.6252189960136528e-17
4760,2380.0,0.2714730687290379,0.2714461713088009,0.5429192400378389,300.0001918074636,262.50016783153063,1.6741531222911583e-17
4770,2385.0,0.27147309594035257,0.27144612874824486,0.5429192246885974,300.00014476986894,262.50012667363535,1.6752615333285805e-17
4780,2390.0,0.2714731464161837,0.2714460682950689,0.5429192147112526,300.00007795749025,262.500068212804,1.622631920945062e-17
4790,2395.0,0.27147321134790936,0.2714460000179646,0.542919211365874,300.000002498167,262.50000218589616,1.599180299198886e-17
4800,2400.0,0.27147328015064126,0.271445934691221,0.5429192148418622,299.9999302995594,262.4999390121145,1.5451602001263405e-17
4810,2405.0,0.2714733421607268,0.27144588212003895,0.5429192242807658,299.99987219829893,262.4998881735116,1.520837804072582e-17
4820,2410.0,0.27147338826334644,0.27144584969420854,0.5429192379575549,299.99983636152405,262.49985681633353,1.4702157423728395e-17
4830,2415.0,0.2714734122057372,0.2714458413793723,0.5429192535851095,299.9998271720318,262.4998487755279,1.4466161381618522e-17
4840,2420.0,0.2714734114112411,0.2714458572783657,0.5429192686896067,299.99984474347536,262.499864150541,1.449379387259921e-17
4850,2425.0,0.27147338719430203,0.2714458938019258,0.5429192809962278,299.9998851090292,262.4998994704006,1.4552364948131363e-17
4860,2430.0,0.27147334437257736,0.27144594439337516,0.5429192887659525,299.99994102230454,262.4999483945165,1.4120516271230137e-17
4870,2435.0,0.271473290364314,0.27144600067020197,0.542919291034516,300.0000032190147,262.50000281663785,1.4376263559698976e-17
4880,2440.0,0.27147323393327166,0.27144605378859005,0.5429192877218617,300.0000619250429,262.5000541844126,1.3769878879260528e-17
4890,2445.0,0.2714731837893123,0.2714460958123597,0.542919279601672,300.00010836938543,262.5000948232123,1.428277380982413e-17
4900,2450.0,0.2714731472647145,0.2714461208776502,0.5429192681423647,300.00013607134906,262.50011906243043,1.4592724254800727e-17
4910,2455.0,0.27147312926412215,0.27144612598585205,0.5429192552499742,300.00014171689395,262.50012400228223,1.4572197918956792e-17
4920,2460.0,0.2714731316348196,0.2714461113219765,0.5429192429567962,300.00012551049304,262.5001098216814,1.439851339822514e-17
4930,2465.0,0.27147315303294794,0.271446080072883,0.542919233105831,300.00009097423856,262.50007960245875,1.421222294242657e-17
4940,2470.0,0.2714731892821021,0.2714460377971735,0.5429192270792756,300.00004425145414,262.50003872002236,1.4666811206269238e-17
4950,2475.0,0.27147323414595104,0.27144599146433135,0.5429192256102824,299.99999304475824,262.4999939141635,1.414693188394058e-17
4960,2480.0,0.2714732803772539,0.2714459483253805,0.5429192287026343,299.99994536792616,262.4999521969354,1.4247129911890328e-17
4970,2485.0,0.2714733208701998,0.27144591479515856,0.5429192356653584,299.99990831058636,262.4999197717631,1.4164614634721554e-17
4980,2490.0,0.27147334973561477,0.27144589551584736,0.5429192452514622,299.99988700324195,262.4999011278367,1.3853272540143702e-17
4990,2495.0,0.27147336313903053,0.27144589273561487,0.5429192558746454,299.99988393055065,262.49989843923186,1.4795934195548066e-17
5000,2500.0,0.27147335978544157,0.27144590608178076,0.5429192658672224,299.99989868062914,262.4999113455505,1.4088687962621774e-17
5010,2505.0,0.2714733409939796,0.271445932744014,0.5429192737379935,299.9999281475214,262.4999371290813,1.4204044987838517e-17
5020,2510.0,0.2714733103709199,0.2714459680198828,0.5429192783908027,299.9999671341365,262.4999712423695,1.3990189489937262e-17
5030,2515.0,0.2714732731501916,0.27144600612219955,0.5429192792723911,300.0000092445199,262.5000080889549,1.3819284256367812e-17
5040,2520.0,0.27147323531785716,0.27144604111259685,0.542919276430454,300.0000479156341,262.5000419261799,1.3932008935169817e-17
5050,2525.0,0.2714732026643014,0.2714460678130804,0.5429192704773818,300.00007742480034,262.5000677467003,1.349312184721438e-17
5060,2530.0,0.27147317991194764,0.2714460825578171,0.5429192624697647,300.0000937205684,262.50008200549735,1.3271363891874676e-17
5070,2535.0,0.2714731700476805,0.2714460836783894,0.5429192537260699,300.0000949590161,262.50008308913914,1.361669834130151e-17
5080,2540.0,0.271473173951756,0.27144607166148305,0.542919245613239,300.0000816780249,262.5000714682718,1.4282784506547473e-17
5090,2545.0,0.2714731903653994,0.2714460489707994,0.5429192393361988,300.00005660045827,262.50004952540104,1.459159908613243e-17
5100,2550.0,0.27147321618568604,0.2714460195765133,0.5429192357621994,300.00002411412254,262.50002109985724,1.4575337271821536e-17
5110,2555.0,0.2714732470270106,0.27144598827803545,0.542919235305046,299.9999895232889,262.49999083287776,1.483255213636999e-17
5120,2560.0,0.2714732779507866,0.27144595993317844,0.542919237883965,299.99995819677395,262.4999634221772,1.4240356776215225e-17
5130,2565.0,0.27147330424414406,0.27144593871562095,0.542919242959765,299.99993474729484,262.49994290388304,1.3852331421084181e-17
5140,2570.0,0.27147332212668734,0.2714459275123721,0.5429192496390595,299.9999223655516,262.49993206985766,1.3474736309343868e-17
5150,2575.0,0.2714733292811621,0.27144592754623237,0.5429192568273944,299.9999224029737,262.499932102602,1.3992978290751996e-17
5160,2580.0,0.2714733251357207,0.27144593826988633,0.542919263405607,299.99993425467244,262.49994247283837,1.3592453591527728e-17
5170,2585.0,0.2714733108667896,0.27144595753464706,0.5429192684014367,299.99995554593573,262.4999611026938,1.3597431242909128e-17
5180,2590.0,0.27147328913558105,0.27144598199490644,0.5429192711304875,299.9999825792237,262.49998475682077,1.3993834437902854e-17
5190,2595.0,0.27147326361122326,0.27144600767533184,0.5429192712865551,300.00001096102955,262.5000095909009,1.4100337104588748e-17
5200,2600.0,0.2714732383634187,0.27144603060658923,0.542919268970008,300.0000363044764,262.5000317664169,1.3807911399495677e-17
5210,2605.0,0.27147321722340717,0.2714460474294798,0.542919264652887,300.0000548970039,262.50004803487843,1.4554335745126872e-17
5220,2610.0,0.27147320321207286,0.2714460558770216,0.5429192590890944,300.0000642331612,262.50005620401606,1.4008680125411617e-17
5230,2615.0,0.2714731981190389,0.27144605506695607,0.542919253185995,300.0000633378831,262.50005542064775,1.4533954218434997e-17
5240,2620.0,0.27147320228955907,0.27144604556928464,0.5429192478588437,300.0000528411307,262.50004623598943,1.4385188627021936e-17
5250,2625.0,0.2714732146416311,0.2714460292494043,0.5429192438910354,300.00003480452625,262.5000304539605,1.417643686349433e-17
5260,2630.0,0.27147323289961833,0.2714460089215578,0.5429192418211761,300.00001233834877,262.5000107960552,1.4435487517675152e-17
5270,2635.0,0.271473253998359,0.2714459878745186,0.5429192418728777,299.9999890773252,262.49999044265957,1.4362453965542227e-17
5280,2640.0,0.27147327458800347,0.27144596934790166,0.5429192439359052,299.99996860185263,262.49997252662104,1.4620248511489276e-17
5290,2645.0,0.27147329155784405,0.27144595604122507,0.5429192475990692,299.99995389541743,262.49995965849024,1.4901302822186302e-17
5300,2650.0,0.27147330249845747,0.2714459497289024,0.5429192522273598,299.9999469190876,262.4999535542017,1.5050600102214947e-17
5310,2655.0,0.27147330603476283,0.2714459510346787,0.5429192570694416,299.9999483622214,262.4999548169438,1.4562540798176645e-17
5320,2660.0,0.27147330198550623,0.2714459593921667,0.542919261377673,299.99995759885195,262.4999628989955,1.4627004499547255e-17
5330,2665.0,0.27147329133326326,0.2714459731885131,0.5429192645217764,299.99997284646645,262.49997624065816,1.4710524437425162e-17
5340,2670.0,0.27147327601866644,0.27144599006048287,0.5429192660791493,299.9999914932358,262.4999925565814,1.465406094481156e-17
5350,2675.0,0.2714732585986746,0.2714460072905223,0.5429192658891969,300.00001053574107,262.50000921877347,1.5013122570969802e-17
5360,2680.0,0.27147324182747784,0.27144602223766684,0.5429192640651447,300.00002705520865,262.5000236733076,1.441951866736387e-17
5370,2685.0,0.2714732282275907,0.2714460327359959,0.5429192609635866,300.00003865788005,262.50003382564506,1.404812184079426e-17
5380,2690.0,0.2714732197169158,0.27144603740152706,0.5429192571184429,300.00004381418876,262.50003833741516,1.4716618190170888e-17
5390,2695.0,0.27147321734586793,0.2714460358052349,0.5429192531511029,300.0000420499791,262.50003679373174,1.468187010805455e-17
5400,2700.0,0.27147322117927697,0.27144602849230626,0.5429192496715832,300.0000339677874,262.500029721814,1.491918992420382e-17
5410,2705.0,0.271473230334067,0.27144601685211944,0.5429192471861864,300.0000211031437,262.5000184652507,1.5208978092560718e-17
5420,2710.0,0.27147324315946014,0.2714460028659491,0.5429192460254093,300.0000056457373,262.5000049400201,1.486279030391619e-17
5430,2715.0,0.27147325752538565,0.2714459887767115,0.5429192463020971,299.99999007442176,262.4999913151191,1.5171633328750536e-17
5440,2720.0,0.27147327116995945,0.2714459767348033,0.5429192479047628,299.9999767657987,262.4999796700739,1.5624101535403996e-17
5450,2725.0,0.2714732820502695,0.2714459684751165,0.5429192505253859,299.99996763725727,262.4999716826001,1.573485436257597e-17
5460,2730.0,0.27147328864289355,0.27144596507290564,0.5429192537157992,299.9999638771603,262.4999683925153,1.5829997712086327e-17
5470,2735.0,0.2714732901508131,0.2714459668118803,0.5429192569626935,299.9999657990616,262.4999700741789,1.592438586334034e-17
5480,2740.0,0.27147328658973213,0.2714459731791921,0.5429192597689243,299.99997283616494,262.4999762316443,1.6165990532192182e-17
5490,2745.0,0.271473278746474,0.27144598298196143,0.5429192617284354,299.99998367010915,262.4999857113455,1.5976306586260295e-17
5500,2750.0,0.2714732680219647,0.27144599456173,0.5429192625836947,299.9999964679791,262.49999690948175,1.5460099723438346e-17
5510,2755.0,0.2714732561882796,0.2714460060694643,0.5429192622577439,300.00000918623726,262.5000080379576,1.5184832093816826e-17
5520,2760.0,0.2714732451008955,0.27144601575631006,0.5429192608572055,300.0000198920637,262.50001740555575,1.5454610169180767e-17
5530,2765.0,0.27147323641212606,0.2714460222350638,0.5429192586471898,300.0000270523318,262.50002367079037,1.4664244320799768e-17
5540,2770.0,0.27147323132931883,0.2714460246739599,0.5429192560032787,300.00002974778073,262.5000260293082,1.478185144779545e-17
5550,2775.0,0.2714732304524764,0.2714460228965282,0.5429192533490046,300.0000277833771,262.500024310455,1.4918266208718747e-17
5560,2780.0,0.2714732337121936,0.27144601737684987,0.5429192510890435,300.0000216830716,262.5000189726877,1.516916529715187e-17
5570,2785.0,0.27147324041252346,0.27144600913598005,0.5429192495485036,300.0000125753266,262.5000110034108,1.493538490981369e-17
5580,2790.0,0.2714732493671801,0.2714459995600783,0.5429192489272584,300.0000019921147,262.50000174310037,1.4905501746128032e-17
5590,2795.0,0.27147325910383724,0.2714459901717165,0.5429192492755537,299.9999916161704,262.4999926641491,1.44769719341564e-17
5600,2800.0,0.2714732681021252,0.2714459823914499,0.5429192504935751,299.9999830174804,262.4999851402954,1.4393430662200948e-17
5610,2805.0,0.271473275027462,0.271445977326425,0.542919252353887,299.9999774196544,262.49998024219764,1.4442259411620147e-17
5620,2810.0,0.27147327892531203,0.2714459756169115,0.5429192545422235,299.99997553031335,262.49997858902424,1.4639151854916462e-17
5630,2815.0,0.2714732793482006,0.27144597736133,0.5429192567095307,299.99997745823117,262.4999802759523,1.4315632727523214e-17
5640,2820.0,0.27147327639938873,0.271445982127409,0.5429192585267977,299.9999827256645,262.49998488495646,1.4103506925741627e-17
5650,2825.0,0.2714732706905779,0.2714459890436122,0.5429192597341901,299.99999036939835,262.49999157322355,1.3998486013528507e-17
5660,2830.0,0.27147326322423315,0.27144599695304433,0.5429192601772774,299.99999911084103,262.49999922198595,1.452652831803986e-17
5670,2835.0,0.2714732552220802,0.2714460046033839,0.5429192598254642,300.0000075659367,262.5000066201946,1.4242754771604952e-17
5680,2840.0,0.27147324792849015,0.2714460108421829,0.542919258770673,300.0000144610087,262.5000126533826,1.4134995627494447e-17
5690,2845.0,0.27147324241990123,0.2714460147875363,0.5429192572074375,300.0000188213825,262.5000164687097,1.4412340339615362e-17
5700,2850.0,0.27147323944900736,0.27144601594932094,0.5429192553983283,300.0000201053778,262.5000175922056,1.424731292492268e-17
5710,2855.0,0.27147323934576245,0.2714460142849254,0.5429192536306878,300.0000182659008,262.50001598266323,1.4797220038223595e-17
5720,2860.0,0.2714732419875325,0.2714460101841486,0.542919252171681,300.0000137337543,262.50001201703503,1.4658064173351866e-17
5730,2865.0,0.2714732468396056,0.27144600438898014,0.5429192512285858,300.0000073289793,262.5000064128569,1.451419530364705e-17
5740,2870.0,0.2714732530564966,0.27144599786362267,0.5429192509201193,300.0000001172051,262.5000001025545,1.4698077808378628e-17
5750,2875.0,0.27147325962568586,0.2714459916369479,0.5429192512626337,299.9999932355327,262.49999408109113,1.5004185745578466e-17
5760,2880.0,0.27147326552985895,0.27144598664270614,0.5429192521725651,299.9999877159357,262.4999892514437,1.4351193781014223e-17
5770,2885.0,0.27147326990204856,0.2714459835819296,0.5429192534839782,299.99998433318933,262.49998629154067,1.4119454463729828e-17
5780,2890.0,0.271473272150397,0.27144598282741095,0.5429192549778079,299.99998349930115,262.49998556188854,1.375102251229432e-17
5790,2895.0,0.271473272035008,0.2714459843827735,0.5429192564177815,299.99998521827575,262.4999870659913,1.4534708249855476e-17
5800,2900.0,0.27147326968749513,0.2714459878997316,0.5429192575872268,299.9999891051904,262.49999046704164,1.4593528292410936e-17
5810,2905.0,0.2714732655730169,0.27144599274810266,0.5429192583211195,299.9999944635723,262.49999515562575,1.4858388916687785e-17
5820,2910.0,0.2714732604033519,0.27144599812536874,0.5429192585287206,300.00000040648484,262.5000003556742,1.4846368631604635e-17
5830,2915.0,0.27147325501661546,0.2714460031871941,0.5429192582038096,300.0000060007747,262.50000525067793,1.5147814430185014e-17
5840,2920.0,0.2714732502435405,0.27144600717801304,0.5429192574215536,300.0000104113967,262.50000910997215,1.592264349329514e-17
5850,2925.0,0.2714732467813352,0.2714460095418004,0.5429192563231356,300.0000130238361,262.50001139585663,1.5874326153333512e-17
5860,2930.0,0.27147324509395787,0.27144600999711177,0.5429192550910696,300.00001352704265,262.50001183616234,1.5249897206830178e-17
5870,2935.0,0.2714732453527222,0.27144600856669326,0.5429192539194154,300.00001194615527,262.5000104528859,1.509060151444852e-17
5880,2940.0,0.2714732474243297,0.2714460055593409,0.5429192529836706,300.00000862245287,262.5000075446463,1.5301520589244196e-17
5890,2945.0,0.271473250905864,0.27144600150907866,0.5429192524149427,300.00000414613464,262.50000362786784,1.5479925708566755e-17
5900,2950.0,0.271473255199153,0.2714459970829735,0.5429192522821265,299.99999925443774,262.49999934763304,1.5437410103654002e-17
5910,2955.0,0.2714732596112756,0.27144599297313954,0.5429192525844151,299.9999947122813,262.4999953732462,1.523741055588229e-17
5920,2960.0,0.27147326346464673,0.2714459897901383,0.5429192532547851,299.9999911944531,262.4999922951465,1.4794741868980516e-17
5930,2965.0,0.27147326619945594,0.2714459879739415,0.5429192541733974,299.9999891872066,262.4999905388058,1.533545973940486e-17
5940,2970.0,0.27147326745322986,0.2714459877351649,0.5429192551883948,299.9999889233125,262.4999903078985,1.5346231355475852e-17
5950,2975.0,0.27147326710650677,0.271445989034062,0.5429192561405687,299.9999903588435,262.4999915639881,1.495278917558733e-17
5960,2980.0,0.2714732652893025,0.271445991598656,0.5429192568879585,299.9999931932128,262.4999940440612,1.4835707796085454e-17
5970,2985.0,0.2714732623492764,0.27144599497736005,0.5429192573266364,299.9999969273302,262.49999731141395,1.494905014390364e-17
5980,2990.0,0.2714732587882906,0.27144599861640684,0.5429192574046975,300.0000009491763,262.5000008305293,1.4539579779637185e-17
5990,2995.0,0.27147325517855037,0.27144600194910345,0.5429192571276538,300.00000463244663,262.5000040533908,1.5150912493652575e-17
6000,3000.0,0.27147325207207745,0.2714460044827469,0.5429192565548244,300.0000074326096,262.5000065035334,1.5297771260759296e-17
6010,3005.0,0.271473249917626,0.27144600587008094,0.542919255787707,300.00000896588034,262.5000078451453,1.526966464222373e-17
6020,3010.0,0.27147324899733083,0.2714460059551564,0.5429192549524873,300.0000090599051,262.50000792741696,1.4910235051826632e-17
6030,3015.0,0.27147324939178463,0.27144600478784875,0.5429192541796334,300.0000077698058,262.5000067985801,1.5645377915974724e-17
6040,3020.0,0.27147325097748976,0.27144600260633195,0.5429192535838216,300.0000053588104,262.50000468895917,1.5189410630148977e-17
6050,3025.0,0.27147325345551016,0.27144599979172707,0.5429192532472372,300.00000224813107,262.5000019671147,1.541746664956776e-17
6060,3030.0,0.27147325640545616,0.2714459968031696,0.5429192532086258,299.9999989452007,262.4999990770506,1.5627105175547064e-17
6070,3035.0,0.2714732593553586,0.27144599410413206,0.5429192534594907,299.9999959622454,262.4999964669648,1.55336488282673e-17
6080,3040.0,0.2714732618560259,0.2714459920916392,0.542919253947665,299.999993738054,262.49999452079726,1.4782543226107884e-17
6090,3045.0,0.27147326354834556,0.271445991039018,0.5429192545873636,299.99999257470523,262.49999350286714,1.489876539884636e-17
6100,3050.0,0.27147326421362156,0.27144599106024414,0.5429192552738658,299.9999925981642,262.4999935233937,1.5274789209666295e-17
6110,3055.0,0.2714732638001013,0.27144599210027576,0.542919255900377,299.99999374759904,262.4999945291492,1.5656173759005143e-17
6120,3060.0,0.2714732624228017,0.27144599395158886,0.5429192563743905,299.99999579365584,262.4999963194489,1.594278297013358e-17
6130,3065.0,0.27147326033794916,0.27144599629313426,0.5429192566310834,299.9999983815136,262.4999985838244,1.617157084068848e-17
6140,3070.0,0.2714732578971499,0.2714459987447033,0.5429192566418533,300.00000109096857,262.5000009545975,1.559271650548229e-17
6150,3075.0,0.27147325548924756,0.27144600092767734,0.542919256416925,300.0000035035744,262.50000306562765,1.59115886895507e-17
6160,3080.0,0.27147325347931595,0.27144600252260515,0.5429192560019211,300.0000052662762,262.5000046079917,1.5787885500327398e-17
6170,3085.0,0.27147325215421453,0.27144600331499186,0.5429192554692064,300.0000061420158,262.5000053742639,1.5766483594261394e-17
6180,3090.0,0.271473251682681,0.27144600322289775,0.5429192549055788,300.00000604023415,262.5000052852049,1.5628755367488415e-17
6190,3095.0,0.27147325209533546,0.2714460023030198,0.5429192543983552,300.0000050235922,262.5000043956432,1.5673276067563968e-17
6200,3100.0,0.271473253286682,0.27144600073536956,0.5429192540220515,300.0000032910374,262.50000287965776,1.585643030662137e-17
6210,3105.0,0.27147325503774006,0.27144599878991243,0.5429192538276525,300.00000114093336,262.5000009983167,1.5585838031161663e-17
6220,3110.0,0.27147325705486447,0.27144599678111914,0.5429192538359836,299.99999892083065,262.49999905572685,1.6179480415992357e-17
6230,3115.0,0.27147325901806263,0.2714459950179324,0.5429192540359951,299.9999969721704,262.4999973506491,1.6092210514195755e-17
6240,3120.0,0.2714732606309923,0.27144599375698997,0.5429192543879823,299.99999557858666,262.49999613126334,1.5194227099216502e-17
6250,3125.0,0.2714732616649454,0.2714459931660692,0.5429192548310147,299.99999492550563,262.4999955598175,1.5642075656098008e-17
6260,3130.0,0.2714732619904116,0.2714459933028252,0.5429192552932368,299.99999507664734,262.4999956920664,1.5734629098545394e-17
6270,3135.0,0.27147326159201324,0.27144599411132536,0.5429192557033387,299.9999959701954,262.499996473921,1.6194813227808553e-17
6280,3140.0,0.2714732605653401,0.2714459954360467,0.5429192560013868,299.9999974342671,262.4999977549837,1.6304849403785128e-17
6290,3145.0,0.27147325909704034,0.2714459970503623,0.5429192561474027,299.9999992183961,262.49999931609665,1.589973588777931e-17
6300,3150.0,0.271473257432005,0.2714459986944819,0.5429192561264868,300.0000010354642,262.50000090603123,1.5801040702452046e-17
6310,3155.0,0.27147325583326765,0.2714460001166105,0.5429192559498781,300.0000026071897,262.500002281291,1.6193887429239097e-17
6320,3160.0,0.2714732545410756,0.2714460011109054,0.5429192556519811,300.00000370607665,262.5000032428171,1.5818648945742423e-17
6330,3165.0,0.2714732537374066,0.271446001546603,0.5429192552840096,300.00000418760624,262.5000036641555,1.6179802725628567e-17
6340,3170.0,0.27147325352106855,0.27144600138430847,0.542919254905377,300.0000040082396,262.50000350720967,1.5877149024060137e-17
6350,3175.0,0.2714732538966673,0.27144600067758623,0.5429192545742536,300.0000032271757,262.50000282377874,1.5915149896444327e-17
6360,3180.0,0.27147325477844975,0.27144599956031884,0.5429192543387686,300.0000019923805,262.500001743333,1.5916184058832076e-17
6370,3185.0,0.2714732560077216,0.27144599822244464,0.5429192542301662,300.00000051377236,262.50000044955084,1.5738830906925852e-17
6380,3190.0,0.27147325738053113,0.2714459968783306,0.5429192542588617,299.999999028268,262.4999991497345,1.5799937118286957e-17
6390,3195.0,0.27147325868091005,0.27144599573295164,0.5429192544138617,299.9999977624041,262.49999804210364,1.5501965034771044e-17
6400,3200.0,0.27147325971433894,0.2714459949511307,0.5429192546654696,299.9999968983417,262.499997286049,1.543707229365793e-17
6410,3205.0,0.27147326033633284,0.27144599463437835,0.5429192549707111,299.99999654826945,262.4999969797358,1.5918753815008346e-17
6420,3210.0,0.27147326047202874,0.2714459948084893,0.542919255280518,299.9999967406955,262.4999971481086,1.5313297836677164e-17
6430,3215.0,0.27147326012422607,0.2714459954232688,0.5429192555474949,299.99999742014506,262.49999774262693,1.5602950850975975e-17
6440,3220.0,0.27147325936921346,0.2714459963638407,0.5429192557330542,299.9999984596578,262.4999986522006,1.4945019429392056e-17
6450,3225.0,0.27147325834160635,0.27144599747126186,0.5429192558128682,299.999999683571,262.49999972312463,1.5449348952100852e-17
6460,3230.0,0.27147325721103444,0.2714459985688509,0.5429192557798853,300.00000089661785,262.50000078454065,1.5686901377313053e-17
6470,3235.0,0.27147325615462226,0.27144599948994785,0.5429192556445701,300.000001914607,262.50000167528117,1.5631716412543988e-17
6480,3240.0,0.27147325532965594,0.27144600010280884,0.5429192554324648,300.0000025919362,262.5000022679442,1.6159436760833806e-17
6490,3245.0,0.2714732548505899,0.2714460003289822,0.5429192551795721,300.0000028419012,262.5000024866636,1.5965091808594037e-17
6500,3250.0,0.27147325477368484,0.2714460001526843,0.542919254926369,300.0000026470581,262.5000023161759,1.626427828555296e-17
6510,3255.0,0.2714732550912483,0.2714459996201786,0.542919254711427,300.00000205853706,262.5000018012199,1.5838619702523506e-17
6520,3260.0,0.27147325573589187,0.27144599882973813,0.5429192545656301,300.00000118494836,262.5000010368299,1.5783704494501108e-17
6530,3265.0,0.2714732565936723,0.27144599791417073,0.542919254507843,300.0000001730704,262.50000015143667,1.528396965023907e-17
6540,3270.0,0.27147325752368867,0.27144599701893063,0.5429192545426194,299.9999991836581,262.4999992857008,1.5230649812143936e-17
6550,3275.0,0.27147325838083863,0.27144599627935895,0.5429192546601975,299.9999983662892,262.49999857050307,1.4785530454737038e-17
6560,3280.0,0.271473259038116,0.2714459958005626,0.5429192548386785,299.99999783712724,262.49999810748636,1.491976542533436e-17
6570,3285.0,0.27147325940507766,0.2714459956428684,0.542919255047946,299.9999976628448,262.4999979549892,1.4765239044978507e-17
6580,3290.0,0.2714732594398518,0.27144599581479684,0.5429192552546487,299.99999785285877,262.49999812125145,1.459079214996814e-17
6590,3295.0,0.2714732591531702,0.27144599627426413,0.5429192554274344,299.9999983606584,262.49999856557616,1.445018008477802e-17
6600,3300.0,0.2714732586041964,0.27144599693743277,0.5429192555416291,299.99999909358723,262.49999920688884,1.466537815339579e-17
6610,3305.0,0.27147325788917953,0.27144599769349137,0.542919255582671,299.9999999291773,262.49999993803016,1.4171947906877237e-17
6620,3310.0,0.2714732571250092,0.2714459984228301,0.5429192555478393,300.0000007352368,262.50000064333227,1.4122654070749028e-17
6630,3315.0,0.2714732564304202,0.2714459990156789,0.5429192554460991,300.0000013904487,262.5000012166426,1.4601912212079187e-17
6640,3320.0,0.2714732559078233,0.2714459993883474,0.5429192552961707,300.000001802319,262.50000157702914,1.42995129365386e-17
6650,3325.0,0.27147325562849833,0.27144599949471093,0.5429192551232093,300.0000019198711,262.50000167988725,1.47905913825422e-17
6660,3330.0,0.2714732556232421,0.2714459993314214,0.5429192549546635,300.0000017394048,262.50000152197924,1.5153114637924206e-17
6670,3335.0,0.27147325587963206,0.27144599893635357,0.5429192548159856,300.0000013027789,262.5000011399316,1.5276376116380895e-17
6680,3340.0,0.27147325634600306,0.2714459983808486,0.5429192547268517,300.0000006888392,262.5000006027343,1.497696448470087e-17
6690,3345.0,0.27147325694120794,0.2714459977572361,0.542919254698444,299.9999999996275,262.4999999996741,1.500262164417679e-17
6700,3350.0,0.27147325756839663,0.2714459971637619,0.5429192547321585,299.9999993437244,262.4999994257589,1.483228844772616e-17
6710,3355.0,0.2714732581305215,0.27144599668934266,0.5429192548198641,299.9999988194,262.499998966975,1.489867789378196e-17
6720,3360.0,0.2714732585451245,0.27144599640047645,0.542919254945601,299.99999850014734,262.49999868762893,1.493714425044749e-17
6730,3365.0,0.27147325875618994,0.2714459963321971,0.542919255088387,299.99999842468554,262.4999986215999,1.530808236583303e-17
6740,3370.0,0.27147325874139805,0.2714459964842595,0.5429192552256575,299.9999985927437,262.49999876865076,1.5468879126246118e-17
6750,3375.0,0.27147325851389825,0.27144599682287757,0.5429192553367759,299.99999896698176,262.49999909610904,1.5263485564459657e-17
6760,3380.0,0.2714732581185953,0.2714459972874881,0.5429192554060833,299.99999948046565,262.4999995454075,1.5237471550717177e-17
6770,3385.0,0.2714732576237795,0.2714459978012639,0.5429192554250434,300.00000004828667,262.50000004225086,1.4501486051406435e-17
6780,3390.0,0.2714732571095998,0.27144599828359833,0.5429192553931981,300.00000058135896,262.5000005086891,1.4542823524663452e-17
6790,3395.0,0.27147325665528643,0.27144599866256136,0.5429192553178478,300.00000100018593,262.5000008751627,1.4045206931315697e-17
6800,3400.0,0.2714732563271314,0.2714459988854341,0.5429192552125655,300.00000124650313,262.50000109069026,1.393912773033955e-17
6810,3405.0,0.27147325616901724,0.27144599892580945,0.5429192550948267,300.00000129112567,262.500001129735,1.415296406483869e-17
6820,3410.0,0.27147325619681684,0.2714459987863445,0.5429192549831614,300.0000011369901,262.50000099486635,1.4233443025520078e-17
6830,3415.0,0.2714732563973272,0.2714459984969528,0.5429192548942801,300.0000008171566,262.50000071501205,1.4581675417788897e-17
6840,3420.0,0.2714732567316831,0.27144599810893477,0.5429192548406179,300.0000003883221,262.5000003397819,1.4856648872292205e-17
6850,3425.0,0.27147325714251314,0.2714459976861337,0.5429192548286468,299.9999999210457,262.499999930915,1.4571490562670428e-17
6860,3430.0,0.2714732575635689,0.2714459972946095,0.5429192548581784,299.9999994883362,262.4999995522942,1.4982306098196097e-17
6870,3435.0,0.27147325793024124,0.27144599699247207,0.5429192549227133,299.9999991544163,262.49999926011424,1.5156569127884635e-17
6880,3440.0,0.2714732581893192,0.2714459968214167,0.5429192550107359,299.9999989653672,262.4999990946963,1.4899410732824967e-17
6890,3445.0,0.27147325830654323,0.27144599680116616,0.5429192551077093,299.99999894298645,262.4999990751132,1.4996743944413554e-17
6900,3450.0,0.27147325827090696,0.2714459969275283,0.5429192551984352,299.9999990826409,262.49999919731084,1.4885136444086346e-17
6910,3455.0,0.2714732580952119,0.2714459971741877,0.5429192552693995,299.999999355247,262.4999994358411,1.4857685376758018e-17
6920,3460.0,0.2714732578129693,0.2714459974977806,0.5429192553107499,299.9999997128793,262.4999997487694,1.4614769167594928e-17
6930,3465.0,0.271473257472298,0.27144599784532053,0.5429192553176185,300.0000000969777,262.5000000848555,1.4677330326902094e-17
6940,3470.0,0.2714732571278925,0.27144599816273074,0.5429192552906232,300.00000044777704,262.5000003918049,1.4457777643536968e-17
6950,3475.0,0.2714732568323768,0.27144599840313166,0.5429192552355084,300.00000071346625,262.50000062428296,1.4341063987380858e-17
6960,3480.0,0.2714732566283914,0.2714459985336317,0.5429192551620231,300.00000085769386,262.5000007504822,1.463313929735127e-17
6970,3485.0,0.2714732565425822,0.27144599853966167,0.5429192550822439,300.0000008643581,262.5000007563134,1.491207112616489e-17
6980,3490.0,0.2714732565823139,0.2714459984263085,0.5429192550086224,300.0000007390811,262.500000646696,1.5077212849165875e-17
6990,3495.0,0.27147325673547956,0.27144599821659293,0.5429192549520725,300.0000005073051,262.50000044389196,1.4894509869832467e-17
7000,3500.0,0.27147325697328306,0.2714459979470984,0.5429192549203814,300.0000002094618,262.5000001832791,1.4948636239116635e-17
7010,3505.0,0.27147325725542965,0.27144599766174593,0.5429192549171755,299.9999998940925,262.49999990733096,1.4956755733343515e-17
7020,3510.0,0.2714732575368163,0.27144599740475234,0.5429192549415687,299.9999996100652,262.4999996588071,1.48910629847825e-17
7030,3515.0,0.2714732577746317,0.271445997213883,0.5429192549885147,299.99999939911794,262.4999994742282,1.502605522458888e-17
7040,3520.0,0.27147325793476507,0.27144599711501216,0.5429192550497772,299.99999928984664,262.4999993786158,1.4562151918129538e-17
7050,3525.0,0.27147325799658,0.2714459971187567,0.5429192551153368,299.99999929398507,262.499999382237,1.482994869235988e-17
7060,3530.0,0.2714732579554074,0.27144599721959534,0.5429192551750027,299.99999940543114,262.49999947975226,1.4896501039882082e-17
7070,3535.0,0.27147325782248555,0.2714459973974883,0.5429192552199739,299.99999960203706,262.49999965178245,1.5431380906461284e-17
7080,3540.0,0.2714732576224816,0.27144599762162974,0.5429192552441113,299.9999998497564,262.49999986853686,1.5290720140931268e-17
7090,3545.0,0.27147325738908756,0.2714459978556574,0.5429192552447449,300.00000010840193,262.5000000948517,1.559412736751385e-17
7100,3550.0,0.27147325715945403,0.27144599806345787,0.5429192552229118,300.0000003380614,262.5000002958038,1.566776437908256e-17
7110,3555.0,0.27147325696836716,0.27144599821465404,0.5429192551830212,300.00000050516223,262.500000442017,1.5822323768179107e-17
7120,3560.0,0.27147325684306445,0.27144599828895344,0.5429192551320179,300.0000005872774,262.5000005138677,1.6044038170568286e-17
7130,3565.0,0.27147325679945244,0.27144599827875243,0.5429192550782049,300.0000005760033,262.5000005040029,1.5123403084227604e-17
7140,3570.0,0.2714732568402308,0.2714459981896811,0.542919255029912,300.00000047756237,262.5000004178671,1.5308473587781444e-17
7150,3575.0,0.2714732569551186,0.27144599803910807,0.5429192549942267,300.0000003111502,262.50000027225644,1.5246990270026386e-17
7160,3580.0,0.27147325712304565,0.27144599785292894,0.5429192549759746,300.0000001053865,262.5000000922132,1.501377316547694e-17
7170,3585.0,0.27147325731588223,0.2714459976612116,0.5429192549770938,299.999999893502,262.49999990681425,1.4821462178990562e-17
7180,3590.0,0.2714732575030624,0.27144599749341713,0.5429192549964795,299.99999970805686,262.49999974454977,1.5271329448226412e-17
7190,3595.0,0.2714732576563565,0.2714459973739421,0.5429192550302986,299.999999576014,262.4999996290122,1.6065219945767196e-17
7200,3600.0,0.2714732577540566,0.271445997318648,0.5429192550727047,299.9999995149033,262.49999957554047,1.528314862136345e-17
7210,3605.0,0.27147325778396775,0.2714459973328581,0.5429192551168258,299.99999953060825,262.49999958928225,1.438753345829836e-17
7220,3610.0,0.27147325774480596,0.2714459974110555,0.5429192551558615,299.99999961703145,262.49999966490253,1.4321326979075817e-17
7230,3615.0,0.27147325764586705,0.2714459975382454,0.5429192551841124,299.9999997576007,262.4999997879006,1.4034723484534433e-17
7240,3620.0,0.27147325750510093,0.2714459976926961,0.542919255197797,299.9999999282984,262.4999999372611,1.3687925659029112e-17
7250,3625.0,0.2714732573459606,0.2714459978495741,0.5429192551955347,300.0000001016788,262.50000008896893,1.3676398329537172e-17
7260,3630.0,0.27147325719356563,0.27144599798487345,0.5429192551784391,300.0000002512105,262.50000021980924,1.388007054391247e-17
7270,3635.0,0.2714732570707962,0.27144599807903264,0.5429192551498289,300.00000035527455,262.50000031086523,1.421034231493922e-17
7280,3640.0,0.27147325699491776,0.2714459981196986,0.5429192551146164,300.00000040021825,262.500000350191,1.39239568054258e-17
7290,3645.0,0.2714732569752222,0.27144599810326003,0.5429192550784823,300.0000003820505,262.50000033429416,1.3990415905097756e-17
7300,3650.0,0.2714732570119979,0.27144599803497504,0.542919255046973,300.0000003065824,262.50000026825967,1.4411986983147967e-17
7310,3655.0,0.2714732570969205,0.27144599792774315,0.5429192550246636,300.00000018807054,262.50000016456175,1.443783546727168e-17
7320,3660.0,0.2714732572147354,0.2714459977997721,0.5429192550145074,300.0000000466379,262.50000004080823,1.418778979979412e-17
7330,3665.0,0.2714732573459156,0.271445997671549,0.5429192550174646,299.99999990492677,262.49999991681096,1.4683601557522436e-17
7340,3670.0,0.27147325746984086,0.271445997562611,0.5429192550324519,299.9999997845294,262.4999998114632,1.5067341327204953e-17
7350,3675.0,0.2714732575679907,0.27144599748861653,0.5429192550566072,299.99999970275127,262.49999973990737,1.4977957342122013e-17
7360,3680.0,0.27147325762666286,0.27144599745914677,0.5429192550858096,299.9999996701815,262.49999971140886,1.4653608071191374e-17
7370,3685.0,0.27147325763882785,0.2714459974765411,0.542919255115369,299.99999968940557,262.4999997282299,1.5208924517466558e-17
7380,3690.0,0.2714732576048771,0.27144599753588966,0.5429192551407668,299.99999975499713,262.49999978562255,1.5280638039027693e-17
7390,3695.0,0.27147325753220536,0.2714459976261313,0.5429192551583366,299.9999998547315,262.4999998728901,1.5330985941332353e-17
7400,3700.0,0.27147325743374684,0.27144599773203376,0.5429192551657807,299.99999997177406,262.49999997530233,1.542520268422238e-17
7410,3705.0,0.2714732573257384,0.2714459978367155,0.542919255162454,300.0000000874675,262.50000007653415,1.50564378365572e-17
7420,3710.0,0.2714732572250875,0.27144599792429497,0.5429192551493824,300.00000018425965,262.5000001612272,1.4776589014252584e-17
7430,3715.0,0.27147325714676585,0.2714459979822614,0.5429192551290272,300.00000024832366,262.50000021728323,1.4922908102776048e-17
7440,3720.0,0.27147325710162246,0.2714459980032164,0.5429192551048388,300.00000027148303,262.5000002375477,1.4935289435789208e-17
7450,3725.0,0.27147325709493075,0.271445997985755,0.5429192550806858,300.00000025218486,262.5000002206618,1.5537551006656963e-17
7460,3730.0,0.2714732571258546,0.2714459979343896,0.5429192550602442,300.0000001954162,262.5000001709892,1.516634765161349e-17
7470,3735.0,0.2714732571878701,0.27144599785857765,0.5429192550464477,300.0000001116294,262.50000009767575,1.5395814446049358e-17
7480,3740.0,0.2714732572700339,0.27144599777104256,0.5429192550410764,300.00000001488627,262.50000001302556,1.5679243144720586e-17
7490,3745.0,0.27147325735886246,0.27144599768567934,0.5429192550445419,299.99999992054353,262.4999999304756,1.6132758170441802e-17
7500,3750.0,0.27147325744050804,0.27144599761538196,0.54291925505589,299.9999998428514,262.49999986249503,1.6074063004419862e-17
7510,3755.0,0.2714732575028846,0.2714459975701279,0.5429192550730124,299.99999979283695,262.49999981873236,1.6095379921647425e-17
7520,3760.0,0.2714732575374235,0.2714459975555999,0.5429192550930234,299.9999997767807,262.49999980468317,1.5701558620967305e-17
7530,3765.0,0.27147325754020846,0.271445997572528,0.5429192551127364,299.9999997954896,262.4999998210534,1.592436299756717e-17
7540,3770.0,0.2714732575123474,0.2714459976168165,0.542919255129164,299.99999984443684,262.49999986388224,1.6039519209498906e-17
7550,3775.0,0.2714732574595614,0.27144599768040134,0.5429192551399628,299.9999999147103,262.4999999253716,1.562195339606684e-17
7560,3780.0,0.27147325739109107,0.27144599775266964,0.5429192551437607,299.9999999945807,262.4999999952581,1.5059032560554532e-17
7570,3785.0,0.2714732573181192,0.27144599782219747,0.5429192551403167,300.0000000714223,262.50000006249456,1.5335077176086624e-17
7580,3790.0,0.27147325725197485,0.2714459978785297,0.5429192551305045,300.0000001336802,262.5000001169702,1.5420478834469848e-17
7590,3795.0,0.2714732572024007,0.2714459979137254,0.5429192551161262,300.00000017257827,262.500000151006,1.5080295699188087e-17
7600,3800.0,0.27147325717614595,0.27144599792344476,0.5429192550995907,300.00000018332,262.500000160405,1.4760964341218758e-17
7610,3805.0,0.2714732571760837,0.27144599790743684,0.5429192550835206,300.0000001656282,262.5000001449247,1.4792979362720624e-17
7620,3810.0,0.2714732572009595,0.2714459978693807,0.5429192550703401,300.00000012356884,262.5000001081227,1.427300292938661e-17
7630,3815.0,0.27147325724578225,0.2714459978161348,0.5429192550619171,300.0000000647219,262.5000000566317,1.4000488036600738e-17
7640,3820.0,0.2714732573027644,0.2714459977565401,0.5429192550593045,299.9999999988583,262.49999999900103,1.3713343774071698e-17
7650,3825.0,0.2714732573626423,0.2714459976999776,0.5429192550626198,299.9999999363459,262.49999994430266,1.3201642588153971e-17
7660,3830.0,0.27147325741615835,0.27144599765491406,0.5429192550710724,299.99999988654196,262.4999999007243,1.2990333978653981e-17
7670,3835.0,0.2714732574554704,0.27144599762765664,0.542919255083127,299.9999998564173,262.4999998743652,1.2162919836130625e-17
7680,3840.0,0.27147325747527745,0.271445997621497,0.5429192550967745,299.9999998496097,262.4999998684085,1.2295817306580739e-17
7690,3845.0,0.2714732574735046,0.271445997636355,0.5429192551098596,299.9999998660307,262.4999998827769,1.2221932689092099e-17
7700,3850.0,0.27147325745146283,0.27144599766895405,0.5429192551204169,299.99999990205885,262.49999991430155,1.1808715486883972e-17
7710,3855.0,0.2714732574134865,0.27144599771347444,0.5429192551269609,299.99999995126245,262.4999999573547,1.1678694666305596e-17
7720,3860.0,0.27147325736612726,0.27144599776256156,0.5429192551286888,300.0000000055132,262.500000004824,1.1889300765882854e-17
7730,3865.0,0.2714732573170492,0.2714459978085205,0.5429192551255697,300.00000005630665,262.50000004926835,1.1833592629653545e-17
7740,3870.0,0.2714732572738088,0.27144599784450385,0.5429192551183126,300.00000009607515,262.5000000840658,1.1304842268614039e-17
7750,3875.0,0.27147325724270865,0.2714459978655134,0.542919255108222,300.0000001192947,262.5000001043829,1.1061034966788131e-17
7760,3880.0,0.27147325722789883,0.2714459978690725,0.5429192550969713,300.0000001232282,262.5000001078247,1.1364752630748064e-17
7770,3885.0,0.2714732572308485,0.27144599785548096,0.5429192550863294,300.00000010820696,262.5000000946811,1.147345627853731e-17
7780,3890.0,0.27147325725025173,0.27144599782763607,0.5429192550778879,300.000000077433,262.5000000677539,1.1573637101451572e-17
7790,3895.0,0.27147325728236005,0.27144599779046547,0.5429192550728255,300.00000003635233,262.5000000318083,1.1637037530183647e-17
7800,3900.0,0.2714732573216712,0.27144599775007916,0.5429192550717503,299.9999999917177,262.49999999275303,1.1168734068410845e-17
7810,3905.0,0.2714732573618516,0.271445997712782,0.5429192550746336,299.99999995049717,262.49999995668503,1.1036514742891109e-17
7820,3910.0,0.27147325739674094,0.27144599768410466,0.5429192550808456,299.9999999188032,262.49999992895283,1.117719735195593e-17
7830,3915.0,0.2714732574212817,0.27144599766799793,0.5429192550892796,299.9999999010022,262.49999991337694,1.0824206080083908e-17
7840,3920.0,0.27147325743223616,0.2714459976663078,0.542919255098544,299.99999989913425,262.49999991174246,1.0784903770440822e-17
7850,3925.0,0.27147325742859185,0.27144599767859634,0.5429192551071882,299.99999991271545,262.49999992362604,1.1573480577045926e-17
7860,3930.0,0.271473257411608,0.2714459977023177,0.5429192551139257,299.9999999389321,262.49999994656565,1.1400273273774632e-17
7870,3935.0,0.2714732573845144,0.2714459977333081,0.5429192551178225,299.9999999731824,262.49999997653464,1.1173460587134671e-17
7880,3940.0,0.2714732573519244,0.2714459977664979,0.5429192551184223,300.0000000098636,262.50000000863065,1.085043116159408e-17
7890,3945.0,0.2714732573190659,0.27144599779672723,0.5429192551157931,300.0000000432728,262.50000003786374,1.1341039134156253e-17
7900,3950.0,0.27147325729095534,0.27144599781953554,0.5429192551104909,300.00000006848035,262.50000005992035,1.1319694823532713e-17
7910,3955.0,0.2714732572716441,0.2714459978318078,0.5429192551034518,300.0000000820435,262.5000000717881,1.0815082345329322e-17
7920,3960.0,0.27147325726364835,0.27144599783218354,0.5429192550958319,300.0000000824588,262.5000000721515,1.0408786528412831e-17
7930,3965.0,0.27147325726763955,0.2714459978211796,0.5429192550888191,300.0000000702974,262.5000000615102,1.0488190428995239e-17
7940,3970.0,0.27147325728243177,0.2714459978010205,0.5429192550834523,300.0000000480177,262.50000004201553,1.1023113925379452e-17
7950,3975.0,0.27147325730525135,0.2714459977752179,0.5429192550804692,300.0000000195008,262.50000001706326,1.1684177291094004e-17
7960,3980.0,0.27147325733223615,0.27144599774797284,0.542919255080209,299.99999998938983,262.4999999907161,1.2019284504032595e-17
7970,3985.0,0.27147325735907624,0.2714459977235038,0.5429192550825801,299.99999996234686,262.4999999670535,1.1718538552774898e-17
7980,3990.0,0.2714732573816913,0.2714459977054026,0.5429192550870939,299.99999994234156,262.49999994954885,1.2050212465050667e-17
7990,3995.0,0.2714732573968418,0.2714459976961191,0.5429192550929609,299.9999999320815,262.4999999405713,1.126064554929832e-17
8000,4000.0,0.27147325740258066,0.27144599769664085,0.5429192550992215,299.9999999326581,262.4999999410759,1.1213192234770682e-17
8010,4005.0,0.27147325739848815,0.2714459977064153,0.5429192551049035,299.99999994346075,262.4999999505282,1.1661581219320313e-17
8020,4010.0,0.27147325738566175,0.27144599772350775,0.5429192551091695,299.9999999623512,262.4999999670573,1.0798952014044491e-17
8030,4015.0,0.2714732573664759,0.2714459977449624,0.5429192551114383,299.99999998606273,262.4999999878049,1.0827517790886786e-17
8040,4020.0,0.27147325734415906,0.271445997767302,0.542919255111461,300.0000000107523,262.50000000940827,1.1246761043233081e-17
8050,4025.0,0.2714732573222604,0.27144599778708217,0.5429192551093426,300.0000000326132,262.50000002853653,1.1392025786156216e-17
8060,4030.0,0.2714732573040945,0.27144599780141404,0.5429192551055085,300.0000000484526,262.50000004239604,1.1500638147013927e-17
8070,4035.0,0.27147325729224736,0.2714459978083783,0.5429192551006257,300.0000000561495,262.5000000491308,1.1703589929159833e-17
8080,4040.0,0.2714732572882182,0.2714459978072698,0.542919255095488,300.0000000549244,262.50000004805884,1.147031685696884e-17
8090,4045.0,0.27147325729224336,0.2714459977986469,0.5429192550908903,300.0000000453944,262.50000003972013,1.121051779662526e-17
8100,4050.0,0.2714732573033213,0.27144599778418527,0.5429192550875066,300.0000000294115,262.5000000257351,1.1108881474269802e-17
8110,4055.0,0.2714732573194248,0.2714459977663687,0.5429192550857935,300.0000000097208,262.5000000085057,1.0762059095388619e-17
8120,4060.0,0.2714732573378594,0.2714459977480719,0.5429192550859312,299.99999998949926,262.4999999908119,1.0367182591193439e-17
8130,4065.0,0.27147325735570543,0.2714459977321044,0.5429192550878099,299.99999997185216,262.49999997537066,1.0344144029477736e-17
8140,4070.0,0.2714732573702737,0.2714459977207852,0.5429192550910589,299.99999995934223,262.4999999644245,1.074633350386405e-17
8150,4075.0,0.2714732573795043,0.2714459977156134,0.5429192550951176,299.9999999536264,262.4999999594231,1.1077363792853308e-17
8160,4080.0,0.2714732573822488,0.2714459977170802,0.542919255099329,299.9999999552475,262.49999996084165,1.097223449460065e-17
8170,4085.0,0.27147325737840244,0.2714459977246421,0.5429192551030446,299.99999996360486,262.4999999681543,1.1381204417554595e-17
8180,4090.0,0.2714732573688689,0.27144599773685324,0.5429192551057221,299.9999999771005,262.499999979963,1.1216828592603372e-17
8190,4095.0,0.2714732573553742,0.2714459977516299,0.5429192551070041,299.9999999934316,262.4999999942527,1.1809054237061061e-17
8200,4100.0,0.2714732573401645,0.27144599776659833,0.5429192551067628,300.0000000099746,262.5000000087278,1.2658986903347232e-17
8210,4105.0,0.2714732573256383,0.2714459977794701,0.5429192551051084,300.00000002420035,262.5000000211753,1.2647546936795494e-17
8220,4110.0,0.2714732573139748,0.27144599778838613,0.5429192551023609,300.00000003405427,262.5000000297975,1.2610063560529729e-17
8230,4115.0,0.2714732573068118,0.27144599779217965,0.5429192550989914,300.00000003824687,262.500000033466,1.2836130950018204e-17
8240,4120.0,0.27147325730502314,0.27144599779052014,0.5429192550955433,300.00000003641276,262.5000000318612,1.2881337056621573e-17
8250,4125.0,0.2714732573086217,0.27144599778392325,0.542919255092545,300.00000002912196,262.5000000254817,1.3051759784055961e-17
8260,4130.0,0.27147325731679967,0.27144599777363204,0.5429192550904317,300.00000001774816,262.5000000155297,1.3250866046433902e-17
8270,4135.0,0.2714732573280908,0.27144599776139156,0.5429192550894824,300.00000000422006,262.5000000036926,1.3310318331095906e-17
8280,4140.0,0.27147325734062555,0.27144599774916,0.5429192550897856,299.9999999907019,262.4999999918642,1.3201778374058282e-17
8290,4145.0,0.2714732573524351,0.27144599773879907,0.5429192550912342,299.9999999792511,262.49999998184467,1.3726397662048613e-17
8300,4150.0,0.27147325736175637,0.27144599773179673,0.5429192550935531,299.9999999715121,262.49999997507314,1.3825438395134946e-17
8310,4155.0,0.27147325736728994,0.2714459977290569,0.5429192550963469,299.9999999684841,262.4999999724236,1.3303153985484853e-17
8320,4160.0,0.27147325736837585,0.2714459977307914,0.5429192550991673,299.99999997040106,262.49999997410094,1.38955342042931e-17
8330,4165.0,0.27147325736506334,0.27144599773651984,0.5429192551015831,299.99999997673206,262.49999997964056,1.3598969907920663e-17
8340,4170.0,0.27147325735806915,0.2714459977451777,0.5429192551032469,299.9999999863006,262.4999999880131,1.3900968981900204e-17
8350,4175.0,0.2714732573486358,0.27144599775530465,0.5429192551039405,299.99999999749286,262.4999999978063,1.3285992857235464e-17
8360,4180.0,0.2714732573383175,0.2714459977652883,0.5429192551036058,300.00000000852674,262.5000000074609,1.3870777464080602e-17
8370,4185.0,0.2714732573287282,0.2714459977736153,0.5429192551023434,300.00000001772963,262.5000000155135,1.3740506600684437e-17
8380,4190.0,0.27147325732129274,0.2714459977790973,0.5429192551003901,300.0000000237883,262.5000000208148,1.3110374768837557e-17
8390,4195.0,0.27147325731703975,0.271445997781037,0.5429192550980768,300.0000000259321,262.5000000226906,1.35583131056281e-17
8400,4200.0,0.271473257316463,0.2714459977793097,0.5429192550957727,300.0000000240231,262.50000002102024,1.3551039354554125e-17
8410,4205.0,0.27147325731947314,0.2714459977743556,0.5429192550938287,300.00000001854784,262.50000001622936,1.356166613265676e-17
8420,4210.0,0.2714732573254387,0.2714459977670847,0.5429192550925235,300.0000000105121,262.5000000091981,1.3694697577375709e-17
8430,4215.0,0.2714732573333087,0.2714459977587159,0.5429192550920245,300.000000001263,262.50000000110515,1.3579882977234242e-17
8440,4220.0,0.27147325734179284,0.2714459977505763,0.5429192550923692,299.9999999922672,262.4999999932338,1.2989308381524012e-17
8450,4225.0,0.2714732573495695,0.2714459977438947,0.5429192550934643,299.9999999848827,262.4999999867724,1.2974015182582904e-17
8460,4230.0,0.2714732573554888,0.2714459977396179,0.5429192550951067,299.999999980156,262.49999998263655,1.2577856224920061e-17
8470,4235.0,0.2714732573587388,0.27144599773828126,0.5429192550970201,299.9999999786788,262.49999998134393,1.2398514915573822e-17
8480,4240.0,0.27147325735895345,0.27144599773994654,0.5429192550988999,299.9999999805192,262.49999998295436,1.1760543571489186e-17
8490,4245.0,0.2714732573562466,0.27144599774421513,0.5429192551004618,299.99999998523685,262.4999999870822,1.1689730533880373e-17
8500,4250.0,0.2714732573511713,0.2714459977503118,0.5429192551014831,299.99999999197485,262.499999992978,1.1355116025645456e-17
8510,4255.0,0.2714732573446146,0.2714459977572195,0.542919255101834,299.99999999960914,262.49999999965803,1.105442971070394e-17
8520,4260.0,0.2714732573376465,0.2714459977638475,0.542919255101494,300.00000000693433,262.5000000060676,1.1517728654838947e-17
8530,4265.0,0.27147325733134786,0.27144599776919986,0.5429192551005477,300.00000001284974,262.50000001124357,1.1429097958934118e-17
8540,4270.0,0.2714732573266455,0.27144599777252326,0.5429192550991688,300.00000001652273,262.50000001445744,1.139313795429043e-17
8550,4275.0,0.2714732573241786,0.27144599777340955,0.5429192550975881,300.00000001750226,262.5000000153145,1.1197892811500995e-17
8560,4280.0,0.2714732573242148,0.27144599777184125,0.542919255096056,300.000000015769,262.5000000137979,1.0693761821240323e-17
8570,4285.0,0.27147325732662786,0.27144599776817563,0.5429192550948034,300.00000001171776,262.5000000102531,1.0874510171651713e-17
8580,4290.0,0.27147325733093564,0.27144599776307204,0.5429192550940076,300.00000000607736,262.5000000053177,1.1056651841090381e-17
8590,4295.0,0.2714732573363908,0.2714459977573771,0.5429192550937679,299.9999999997833,262.4999999998104,1.1586682501140724e-17
8600,4300.0,0.2714732573421073,0.27144599775198647,0.5429192550940938,299.99999999382567,262.4999999945975,1.178421582931684e-17
8610,4305.0,0.271473257347202,0.27144599774770617,0.5429192550949082,299.9999999890951,262.4999999904582,1.2229878479817171e-17
8620,4310.0,0.2714732573509292,0.27144599774513445,0.5429192550960636,299.9999999862529,262.49999998797125,1.2208770815591539e-17
8630,4315.0,0.2714732573527873,0.27144599774458067,0.542919255097368,299.99999998564084,262.49999998743573,1.1958525009990355e-17
8640,4320.0,0.27147325735258354,0.2714459977460319,0.5429192550986155,299.9999999872447,262.49999998883914,1.2940979002187188e-17
8650,4325.0,0.27147325735044825,0.27144599774916983,0.542919255099618,299.99999999071275,262.49999999187366,1.291354545531993e-17
8660,4330.0,0.27147325734679995,0.27144599775343575,0.5429192551002358,299.9999999954274,262.49999999599896,1.3430050268835902e-17
8670,4335.0,0.2714732573422671,0.27144599775812556,0.5429192551003927,300.0000000006105,262.5000000005342,1.3776387053469783e-17
8680,4340.0,0.27147325733758254,0.2714459977625047,0.5429192551000872,300.0000000054503,262.50000000476905,1.3874524806904943e-17
8690,4345.0,0.271473257333467,0.2714459977659213,0.5429192550993883,300.00000000922637,262.5000000080731,1.4257652381383143e-17
8700,4350.0,0.27147325733051964,0.27144599776790157,0.5429192550984212,300.0000000114149,262.50000000998807,1.464262465174476e-17
8710,4355.0,0.2714732573291331,0.27144599776821304,0.5429192550973461,300.00000001175914,262.5000000102893,1.4596688177747663e-17
8720,4360.0,0.27147325732944305,0.271445997766889,0.542919255096332,300.0000000102958,262.50000000900883,1.4456875876828092e-17
8730,4365.0,0.27147325733132044,0.27144599776420986,0.5429192550955303,300.00000000733485,262.500000006418,1.457188198936461e-17
8740,4370.0,0.27147325733440375,0.27144599776064904,0.5429192550950528,300.00000000339946,262.50000000297456,1.4689471427634867e-17
8750,4375.0,0.27147325733816535,0.2714459977567913,0.5429192550949566,299.9999999991359,262.4999999992439,1.4524712052999442e-17
8760,4380.0,0.27147325734199973,0.27144599775323813,0.5429192550952379,299.999999995209,262.49999999580785,1.3892049874570873e-17
8770,4385.0,0.2714732573453195,0.27144599775051625,0.5429192550958357,299.9999999922008,262.4999999931757,1.403305640947541e-17
8780,4390.0,0.271473257347644,0.2714459977490001,0.5429192550966441,299.9999999905251,262.4999999917095,1.3981800081422288e-17
8790,4395.0,0.27147325734866723,0.27144599774886213,0.5429192550975294,299.99999999037266,262.4999999915761,1.3987139637761248e-17
8800,4400.0,0.271473257348296,0.2714459977500567,0.5429192550983527,299.99999999169285,262.49999999273126,1.4160063847344723e-17
8810,4405.0,0.2714732573466544,0.2714459977523378,0.5429192550989922,299.99999999421397,262.49999999493724,1.3744668876026235e-17
8820,4410.0,0.2714732573440537,0.27144599775530587,0.5429192550993596,299.9999999974942,262.4999999978075,1.3536218278487013e-17
8830,4415.0,0.271473257340936,0.27144599775847555,0.5429192550994115,300.0000000009973,262.5000000008727,1.3590598118480454e-17
8840,4420.0,0.2714732573378011,0.2714459977613546,0.5429192550991557,300.00000000417924,262.50000000365685,1.38359103669597e-17
8850,4425.0,0.27147325733512706,0.27144599776351847,0.5429192550986455,300.0000000065707,262.5000000057494,1.414806721947241e-17
8860,4430.0,0.27147325733329897,0.2714459977646724,0.5429192550979713,300.00000000784604,262.50000000686526,1.428029694612219e-17
8870,4435.0,0.27147325733255434,0.2714459977646892,0.5429192550972435,300.0000000078646,262.5000000068816,1.4017739371209303e-17
8880,4440.0,0.2714732573329543,0.2714459977636212,0.5429192550965756,300.0000000066843,262.5000000058488,1.3928917631680452e-17
8890,4445.0,0.27147325733438277,0.2714459977616835,0.5429192550960662,300.0000000045427,262.5000000039749,1.3874301639283835e-17
8900,4450.0,0.27147325733657257,0.2714459977592129,0.5429192550957855,300.0000000018123,262.50000000158576,1.3817040360195643e-17
8910,4455.0,0.27147325733915356,0.2714459977566116,0.5429192550957651,299.9999999989373,262.49999999907016,1.3630083917453032e-17
8920,4460.0,0.2714732573417138,0.2714459977542817,0.5429192550959955,299.9999999963623,262.49999999681705,1.3867193634483582e-17
8930,4465.0,0.27147325734386446,0.2714459977525651,0.5429192550964296,299.99999999446516,262.49999999515705,1.501559929265484e-17
8940,4470.0,0.27147325734529776,0.27144599775169354,0.5429192550969912,299.9999999935019,262.4999999943142,1.5620940832217115e-17
8950,4475.0,0.2714732573458301,0.27144599775175904,0.5429192550975892,299.9999999935743,262.49999999437756,1.5861204946662925e-17
8960,4480.0,0.2714732573454239,0.27144599775270617,0.5429192550981301,299.9999999946211,262.4999999952935,1.550353394400317e-17
8970,4485.0,0.2714732573441862,0.2714459977543485,0.5429192550985347,299.9999999964362,262.4999999968817,1.541987644456248e-17
8980,4490.0,0.2714732573423457,0.2714459977564023,0.542919255098748,299.999999998706,262.4999999988678,1.5436998396735883e-17
8990,4495.0,0.2714732573402116,0.2714459977585352,0.5429192550987467,300.00000000106326,262.50000000093036,1.5525253724190657e-17
9000,4500.0,0.2714732573381232,0.271445997760418,0.5429192550985412,300.0000000031441,262.5000000027511,1.534850103466586e-17
9010,4505.0,0.27147325733639616,0.2714459977617765,0.5429192550981727,300.0000000046455,262.5000000040649,1.475323416757244e-17
9020,4510.0,0.2714732573352761,0.2714459977624291,0.5429192550977052,300.00000000536676,262.50000000469595,1.4559496625019412e-17
9030,4515.0,0.2714732573349043,0.2714459977623104,0.5429192550972146,300.00000000523556,262.5000000045811,1.4926642414034617e-17
9040,4520.0,0.2714732573353013,0.2714459977614757,0.542919255096777,300.0000000043131,262.50000000377395,1.4140110753331225e-17
9050,4525.0,0.2714732573363695,0.27144599776008677,0.5429192550964563,300.00000000277805,262.5000000024308,1.409588948661216e-17
9060,4530.0,0.27147325733791394,0.2714459977583817,0.5429192550962956,300.0000000008936,262.50000000078194,1.4359696490918305e-17
9070,4535.0,0.27147325733967637,0.2714459977566352,0.5429192550963116,299.9999999989634,262.499999999093,1.4382953885007098e-17
9080,4540.0,0.27147325734137795,0.2714459977551154,0.5429192550964934,299.99999999728374,262.49999999762326,1.4535156725828194e-17
9090,4545.0,0.2714732573427625,0.27144599775404293,0.5429192550968054,299.99999999609844,262.49999999658615,1.4571937906605462e-17
9100,4550.0,0.2714732573436345,0.27144599775355915,0.5429192550971936,299.99999999556377,262.49999999611833,1.4897325772665908e-17
9110,4555.0,0.27147325734388583,0.2714459977537097,0.5429192550975955,299.99999999573015,262.4999999962639,1.5077777083510087e-17
9120,4560.0,0.27147325734350813,0.27144599775444095,0.5429192550979491,299.99999999653835,262.49999999697104,1.462713819482701e-17
9130,4565.0,0.27147325734258937,0.27144599775561346,0.5429192550982028,299.99999999783415,262.4999999981049,1.486674798906371e-17
9140,4570.0,0.2714732573412954,0.2714459977570275,0.5429192550983228,299.99999999939695,262.4999999994724,1.4592068149621252e-17
9150,4575.0,0.2714732573398415,0.27144599775845607,0.5429192550982975,300.00000000097583,262.50000000085384,1.450853532921799e-17
9160,4580.0,0.27147325733845673,0.2714459977596809,0.5429192550981377,300.0000000023295,262.50000000203835,1.411784500949645e-17
9170,4585.0,0.2714732573373485,0.2714459977605252,0.5429192550978736,300.0000000032626,262.5000000028548,1.3851966720259548e-17
9180,4590.0,0.2714732573366725,0.2714459977608789,0.5429192550975515,300.0000000036535,262.5000000031968,1.3663711134579065e-17
9190,4595.0,0.2714732573365106,0.27144599776071165,0.5429192550972223,300.00000000346864,262.5000000030351,1.3196049464157109e-17
9200,4600.0,0.2714732573368627,0.2714459977600743,0.5429192550969371,300.00000000276424,262.50000000241874,1.3225716587798936e-17
9210,4605.0,0.27147325733765054,0.2714459977590865,0.542919255096737,300.00000000167256,262.5000000014635,1.3263416749699626e-17
9220,4610.0,0.27147325733873295,0.27144599775791545,0.5429192550966484,300.0000000003783,262.50000000033106,1.3438199009751423e-17
9230,4615.0,0.2714732573399309,0.2714459977567483,0.5429192550966793,299.9999999990884,262.4999999992024,1.3577065588102694e-17
9240,4620.0,0.27147325734105654,0.2714459977557626,0.5429192550968192,299.999999997999,262.49999999824917,1.3839222631522479e-17
9250,4625.0,0.2714732573419418,0.27144599775509987,0.5429192550970416,299.99999999726657,262.49999999760826,1.4118161720727647e-17
9260,4630.0,0.2714732573424635,0.27144599775484535,0.5429192550973089,299.99999999698525,262.4999999973621,1.3978620740942613e-17
9270,4635.0,0.2714732573425598,0.2714459977550181,0.5429192550975779,299.9999999971762,262.4999999975292,1.3978943657556528e-17
9280,4640.0,0.27147325734223643,0.2714459977555712,0.5429192550978077,299.9999999977875,262.4999999980641,1.3851166697719947e-17
9290,4645.0,0.271473257341563,0.27144599775640227,0.5429192550979653,299.99999999870596,262.49999999886774,1.4138315626986245e-17
9300,4650.0,0.27147325734065897,0.27144599775737077,0.5429192550980297,299.9999999997763,262.49999999980434,1.3865501274990525e-17
9310,4655.0,0.271473257339673,0.2714459977583232,0.5429192550979962,300.00000000082895,262.5000000007253,1.3901818157139565e-17
9320,4660.0,0.27147325733875927,0.2714459977591152,0.5429192550978745,300.0000000017043,262.5000000014913,1.4344464811702297e-17
9330,4665.0,0.2714732573380533,0.27144599775963363,0.5429192550976869,300.00000000227726,262.5000000019926,1.3895709387366443e-17
9340,4670.0,0.2714732573376527,0.2714459977598129,0.5429192550974655,300.00000000247536,262.50000000216596,1.4391426506809936e-17
9350,4675.0,0.2714732573376037,0.2714459977596422,0.5429192550972459,300.0000000022867,262.5000000020009,1.438681702262177e-17
9360,4680.0,0.27147325733789684,0.27144599775916417,0.542919255097061,300.0000000017584,262.50000000153864,1.4568795024770026e-17
9370,4685.0,0.27147325733847105,0.2714459977584664,0.5429192550969375,300.0000000009872,262.50000000086385,1.464369303892346e-17
9380,4690.0,0.27147325733922534,0.271445997757666,0.5429192550968913,300.0000000001026,262.5000000000898,1.445844547825303e-17
9390,4695.0,0.27147325734003597,0.27144599775688966,0.5429192550969256,299.9999999992446,262.4999999993391,1.3927291278013714e-17
9400,4700.0,0.2714732573407769,0.2714459977562545,0.5429192550970314,299.99999999854265,262.49999999872483,1.3955547024958465e-17
9410,4705.0,0.27147325734133865,0.2714459977558504,0.5429192550971891,299.99999999809603,262.49999999833403,1.4041679952221476e-17
9420,4710.0,0.27147325734164435,0.2714459977557275,0.5429192550973718,299.9999999979602,262.4999999982152,1.3484021450650837e-17
9430,4715.0,0.2714732573416598,0.27144599775589157,0.5429192550975513,299.99999999814156,262.4999999983739,1.3495365070421125e-17
9440,4720.0,0.2714732573413966,0.271445997756303,0.5429192550976996,299.99999999859625,262.4999999987717,1.3599348695784226e-17
9450,4725.0,0.2714732573409082,0.27144599775688794,0.5429192550977961,299.99999999924273,262.4999999993374,1.39868277765414e-17
9460,4730.0,0.27147325734028005,0.2714459977575485,0.5429192550978286,299.9999999999728,262.49999999997624,1.4060320193006156e-17
9470,4735.0,0.2714732573396143,0.27144599775818073,0.542919255097795,300.0000000006715,262.5000000005876,1.3817040360195641e-17
9480,4740.0,0.2714732573390143,0.27144599775868955,0.5429192550977038,300.00000000123384,262.5000000010796,1.397107805372176e-17
9490,4745.0,0.2714732573385682,0.2714459977590034,0.5429192550975717,300.0000000015807,262.50000000138317,1.3861692710682671e-17
9500,4750.0,0.2714732573383365,0.271445997759084,0.5429192550974205,300.0000000016698,262.5000000014611,1.3774183681171148e-17
9510,4755.0,0.27147325733834415,0.2714459977589302,0.5429192550972743,300.0000000014998,262.50000000131234,1.3569222426388493e-17
9520,4760.0,0.2714732573385786,0.2714459977585768,0.5429192550971553,300.00000000110924,262.5000000009706,1.3800423802516764e-17
9530,4765.0,0.2714732573389929,0.2714459977580874,0.5429192550970803,300.0000000005684,262.5000000004974,1.4208002650418404e-17
9540,4770.0,0.27147325733951555,0.27144599775754297,0.5429192550970585,299.99999999996663,262.49999999997084,1.448004752469614e-17
9550,4775.0,0.2714732573400617,0.2714459977570288,0.5429192550970905,299.9999999993984,262.49999999947363,1.45729108322498e-17
9560,4780.0,0.271473257340547,0.271445997756622,0.542919255097169,299.9999999989488,262.4999999990802,1.414274108062549e-17
9570,4785.0,0.27147325734090055,0.27144599775637934,0.5429192550972799,299.9999999986806,262.49999999884557,1.4236551910194373e-17
9580,4790.0,0.27147325734107464,0.2714459977563297,0.5429192550974044,299.99999999862575,262.4999999987976,1.4038147461672496e-17
9590,4795.0,0.27147325734105165,0.27144599775647155,0.5429192550975233,299.9999999987825,262.49999999893475,1.3903626236696895e-17
9600,4800.0,0.2714732573408446,0.2714459977567741,0.5429192550976187,299.9999999991169,262.49999999922727,1.3611853444641168e-17
9610,4805.0,0.27147325734049377,0.27144599775718303,0.5429192550976768,299.99999999956884,262.4999999996228,1.4143501566018407e-17
9620,4810.0,0.27147325734005956,0.27144599775763145,0.542919255097691,300.00000000006446,262.5000000000564,1.4010773924661518e-17
9630,4815.0,0.27147325733961203,0.2714459977580491,0.5429192550976611,300.00000000052603,262.5000000004603,1.3971603670720083e-17
9640,4820.0,0.2714732573392201,0.27144599775837397,0.5429192550975941,300.00000000088505,262.50000000077443,1.4061823962049336e-17
9650,4825.0,0.27147325733894073,0.2714459977585606,0.5429192550975013,300.00000000109134,262.5000000009549,1.3332778353224395e-17
9660,4830.0,0.271473257338811,0.2714459977585875,0.5429192550973985,300.00000000112107,262.50000000098095,1.3583626589977936e-17
9670,4835.0,0.27147325733884353,0.27144599775845835,0.5429192550973019,300.00000000097833,262.50000000085606,1.4244567482547114e-17
9680,4840.0,0.27147325733902544,0.27144599775820033,0.5429192550972257,300.00000000069315,262.5000000006065,1.415121645277859e-17
9690,4845.0,0.27147325733932187,0.27144599775785905,0.5429192550971809,300.000000000316,262.5000000002765,1.3915491601670054e-17
9700,4850.0,0.2714732573396822,0.27144599775749023,0.5429192550971724,299.99999999990837,262.49999999991985,1.458511720682186e-17
9710,4855.0,0.27147325734004846,0.27144599775715145,0.5429192550972,299.99999999953394,262.4999999995922,1.3595992975789821e-17
9720,4860.0,0.27147325734036465,0.2714459977568928,0.5429192550972575,299.99999999924813,262.49999999934215,1.432871794852981e-17
9730,4865.0,0.2714732573405849,0.2714459977567498,0.5429192550973347,299.99999999909005,262.49999999920385,1.3937536366661023e-17
9740,4870.0,0.2714732573406804,0.27144599775673894,0.5429192550974193,299.99999999907806,262.49999999919334,1.3767658929684191e-17
9750,4875.0,0.27147325734064265,0.2714459977568553,0.5429192550974979,299.99999999920664,262.4999999993058,1.3614149673757776e-17
9760,4880.0,0.2714732573404838,0.271445997757075,0.5429192550975588,299.99999999944947,262.4999999995183,1.3490884290801883e-17
9770,4885.0,0.27147325734023375,0.2714459977573596,0.5429192550975934,299.999999999764,262.49999999979354,1.3598198256504279e-17
9780,4890.0,0.2714732573399352,0.27144599775766265,0.5429192550975979,300.0000000000989,262.5000000000866,1.3771687085843581e-17
9790,4895.0,0.2714732573396358,0.27144599775793726,0.542919255097573,300.00000000040245,262.50000000035214,1.3442673104893352e-17
9800,4900.0,0.27147325733938116,0.27144599775814277,0.5429192550975239,300.00000000062954,262.50000000055087,1.3236653794647338e-17
9810,4905.0,0.2714732573392079,0.2714459977582514,0.5429192550974593,300.0000000007496,262.5000000006559,1.277722721116321e-17
9820,4910.0,0.27147325733913863,0.2714459977582511,0.5429192550973898,300.0000000007493,262.50000000065563,1.3067046175392279e-17
9830,4915.0,0.2714732573391787,0.2714459977581474,0.5429192550973261,300.00000000063466,262.5000000005553,1.3731679828570824e-17
9840,4920.0,0.2714732573393169,0.27144599775796086,0.5429192550972777,300.0000000004285,262.50000000037494,1.3861986618640756e-17
9850,4925.0,0.27147325733952743,0.2714459977577239,0.5429192550972513,300.0000000001666,262.5000000001458,1.4337290820151027e-17
9860,4930.0,0.2714732573397747,0.27144599775747513,0.5429192550972498,299.99999999989166,262.49999999990524,1.3888049111858937e-17
9870,4935.0,0.2714732573400192,0.271445997757253,0.5429192550972721,299.99999999964615,262.49999999969043,1.3646824293007542e-17
9880,4940.0,0.271473257340224,0.27144599775708994,0.5429192550973139,299.99999999946596,262.49999999953275,1.4053883171072308e-17
9890,4945.0,0.2714732573403597,0.27144599775700795,0.5429192550973676,299.99999999937535,262.49999999945345,1.4485819879671844e-17
9900,4950.0,0.27147325734040906,0.2714459977570157,0.5429192550974248,299.99999999938393,262.49999999946095,1.4211180170957844e-17
9910,4955.0,0.27147325734036876,0.27144599775710765,0.5429192550974764,299.99999999948557,262.49999999954986,1.3798581532127917e-17
9920,4960.0,0.27147325734024896,0.27144599775726574,0.5429192550975147,299.99999999966025,262.49999999970277,1.4338572330905444e-17
9930,4965.0,0.27147325734007205,0.27144599775746264,0.5429192550975347,299.9999999998779,262.4999999998932,1.4335605643864226e-17
9940,4970.0,0.2714732573398675,0.27144599775766665,0.5429192550975341,300.00000000010334,262.50000000009044,1.4421662993990013e-17
9950,4975.0,0.27147325733966793,0.27144599775784617,0.5429192550975142,300.0000000003017,262.50000000026404,1.4992364049388267e-17
9960,4980.0,0.2714732573395035,0.2714459977579752,0.5429192550974786,300.00000000044435,262.5000000003888,1.43953213326507e-17
9970,4985.0,0.2714732573393975,0.27144599775803646,0.542919255097434,300.00000000051205,262.5000000004481,1.4460291021379884e-17
9980,4990.0,0.2714732573393633,0.2714459977580238,0.5429192550973871,300.00000000049806,262.5000000004358,1.487436439004498e-17
9990,4995.0,0.27147325733940253,0.2714459977579428,0.5429192550973454,300.00000000040853,262.5000000003575,1.4893426649062557e-17
10000,5000.0,0.2714732573395058,0.2714459977578092,0.542919255097315,300.0000000002609,262.5000000002283,1.467410937395112e-17
10010,5005.0,0.2714732573396543,0.2714459977576458,0.5429192550973001,300.00000000008026,262.50000000007026,1.4440002466505058e-17
10020,5010.0,0.27147325733982314,0.2714459977574787,0.5429192550973019,299.9999999998956,262.49999999990865,1.5033496066331654e-17
10030,5015.0,0.2714732573399857,0.27144599775733375,0.5429192550973194,299.9999999997354,262.49999999976853,1.475309333042179e-17
10040,5020.0,0.27147325734011746,0.27144599775723194,0.5429192550973494,299.9999999996229,262.4999999996701,1.4301923802384427e-17
10050,5025.0,0.2714732573402,0.2714459977571865,0.5429192550973865,299.99999999957265,262.4999999996261,1.46785475538412e-17
10060,5030.0,0.271473257340223,0.2714459977572018,0.5429192550974248,299.9999999995896,262.4999999996409,1.4672332376782955e-17
10070,5035.0,0.2714732573401858,0.27144599775727263,0.5429192550974584,299.99999999966786,262.4999999997094,1.425665776277844e-17
10080,5040.0,0.271473257340097,0.2714459977573856,0.5429192550974826,299.99999999979275,262.49999999981867,1.398172650618799e-17
10090,5045.0,0.2714732573399725,0.2714459977575211,0.5429192550974936,299.9999999999425,262.4999999999497,1.4196654399096853e-17
10100,5050.0,0.2714732573398332,0.2714459977576578,0.5429192550974911,300.00000000009356,262.5000000000819,1.4669869213876795e-17
10110,5055.0,0.27147325733970074,0.2714459977577746,0.5429192550974753,300.00000000022266,262.50000000019486,1.4333616142010904e-17
10120,5060.0,0.27147325733959515,0.27144599775785494,0.5429192550974501,300.00000000031145,262.5000000002725,1.4300048561351168e-17
10130,5065.0,0.27147325733953126,0.271445997757888,0.5429192550974193,300.000000000348,262.5000000003045,1.4450009332967393e-17
10140,5070.0,0.2714732573395166,0.2714459977578712,0.5429192550973878,300.0000000003294,262.50000000028825,1.4289891065128236e-17
10150,5075.0,0.27147325733955124,0.27144599775780937,0.5429192550973606,300.0000000002611,262.50000000022845,1.4279577983269367e-17
10160,5080.0,0.27147325733962735,0.27144599775771416,0.5429192550973415,300.00000000015586,262.5000000001364,1.418596337185651e-17
10170,5085.0,0.27147325733973143,0.2714459977576018,0.5429192550973332,300.00000000003166,262.50000000002774,1.4103009335342136e-17
10180,5090.0,0.2714732573398463,0.27144599775749,0.5429192550973363,299.99999999990814,262.4999999999196,1.3842869621813421e-17
10190,5095.0,0.27147325733995387,0.27144599775739586,0.5429192550973497,299.99999999980406,262.49999999982856,1.296413312344381e-17
10200,5100.0,0.27147325734003813,0.271445997757333,0.5429192550973712,299.9999999997346,262.4999999997678,1.2771820698284256e-17
10210,5105.0,0.2714732573400875,0.2714459977573094,0.5429192550973969,299.9999999997085,262.49999999974494,1.2976041240794612e-17
10220,5110.0,0.2714732573400959,0.2714459977573267,0.5429192550974227,299.9999999997276,262.4999999997617,1.2915361765958676e-17
10230,5115.0,0.2714732573400642,0.27144599775738015,0.5429192550974444,299.9999999997867,262.4999999998134,1.2358505384379263e-17
10240,5120.0,0.27147325733999916,0.27144599775746003,0.5429192550974592,299.999999999875,262.49999999989063,1.2904950991703557e-17
10250,5125.0,0.27147325733991223,0.27144599775755285,0.5429192550974651,299.99999999997755,262.4999999999804,1.2485941046091e-17
10260,5130.0,0.27147325733981764,0.27144599775764405,0.5429192550974618,300.0000000000784,262.5000000000686,1.2381388975607808e-17
10270,5135.0,0.27147325733973027,0.2714459977577197,0.54291925509745,300.000000000162,262.50000000014177,1.2819717558282208e-17
10280,5140.0,0.271473257339663,0.271445997757769,0.542919255097432,300.00000000021646,262.50000000018946,1.2858658818211136e-17
10290,5145.0,0.27147325733962513,0.27144599775778566,0.5429192550974108,300.0000000002349,262.50000000020555,1.3068979097531847e-17
10300,5150.0,0.271473257339621,0.27144599775776884,0.5429192550973898,300.0000000002163,262.5000000001893,1.2452876172043535e-17
10310,5155.0,0.27147325733964967,0.27144599775772266,0.5429192550973723,300.00000000016524,262.5000000001446,1.2630217565418094e-17
10320,5160.0,0.2714732573397051,0.2714459977576555,0.5429192550973606,300.000000000091,262.50000000007964,1.2963186381434205e-17
10330,5165.0,0.2714732573397778,0.27144599775757866,0.5429192550973565,300.0000000000061,262.50000000000534,1.2958543594801172e-17
10340,5170.0,0.2714732573398556,0.2714459977575042,0.5429192550973598,299.99999999992383,262.4999999999334,1.3580302985182311e-17
10350,5175.0,0.2714732573399265,0.27144599775744355,0.54291925509737,299.99999999985675,262.4999999998747,1.3286122414806712e-17
10360,5180.0,0.2714732573399801,0.2714459977574051,0.5429192550973851,299.99999999981424,262.4999999998375,1.3231176074232611e-17
10370,5185.0,0.271473257340009,0.27144599775739386,0.5429192550974029,299.99999999980184,262.4999999998266,1.3257505508810956e-17
10380,5190.0,0.27147325734001004,0.2714459977574099,0.54291925509742,299.9999999998196,262.49999999984215,1.3095714508139912e-17
10390,5195.0,0.2714732573399843,0.27144599775744976,0.542919255097434,299.99999999986363,262.4999999998807,1.2884780881838834e-17
10400,5200.0,0.2714732573399371,0.2714459977575059,0.542919255097443,299.99999999992565,262.49999999993497,1.3112279554164639e-17
10410,5205.0,0.27147325733987654,0.2714459977575694,0.542919255097446,299.99999999999585,262.4999999999964,1.3497345318299692e-17
10420,5210.0,0.2714732573398126,0.27144599775762995,0.5429192550974425,300.0000000000628,262.50000000005497,1.3562242913943673e-17
10430,5215.0,0.2714732573397551,0.2714459977576787,0.5429192550974338,300.00000000011664,262.5000000001021,1.3699504254136146e-17
10440,5220.0,0.2714732573397125,0.2714459977577085,0.542919255097421,300.0000000001496,262.5000000001309,1.3890172827350916e-17
10450,5225.0,0.27147325733969063,0.27144599775771605,0.5429192550974067,300.00000000015797,262.50000000013824,1.3800530079843488e-17
10460,5230.0,0.2714732573396919,0.271445997757701,0.5429192550973929,300.0000000001413,262.5000000001237,1.3618517350824055e-17
10470,5235.0,0.27147325733971484,0.2714459977576668,0.5429192550973816,300.0000000001035,262.5000000000906,1.3635451200752185e-17
10480,5240.0,0.2714732573397548,0.27144599775761963,0.5429192550973745,300.0000000000514,262.50000000004496,1.3080907007155407e-17
10490,5245.0,0.2714732573398052,0.2714459977575672,0.5429192550973725,299.99999999999346,262.4999999999943,1.2890268860589858e-17
10500,5250.0,0.2714732573398577,0.2714459977575179,0.5429192550973756,299.9999999999389,262.49999999994657,1.3247179093786227e-17
10510,5255.0,0.27147325733990424,0.2714459977574788,0.542919255097383,299.99999999989575,262.49999999990877,1.2837703737004871e-17
10520,5260.0,0.271473257339938,0.27144599775745576,0.5429192550973938,299.9999999998703,262.4999999998865,1.2673578340465082e-17
10530,5265.0,0.27147325733995437,0.2714459977574515,0.5429192550974058,299.99999999986557,262.4999999998824,1.3387705351132761e-17
10540,5270.0,0.2714732573399518,0.2714459977574655,0.5429192550974173,299.999999999881,262.4999999998959,1.301499919196233e-17
10550,5275.0,0.27147325733993155,0.27144599775749473,0.5429192550974262,299.9999999999133,262.49999999992417,1.3150685990482585e-17
10560,5280.0,0.2714732573398976,0.27144599775753414,0.5429192550974318,299.9999999999569,262.4999999999623,1.3392341577123635e-17
10570,5285.0,0.2714732573398557,0.2714459977575771,0.5429192550974329,300.0000000000044,262.50000000000387,1.3184451303548629e-17
10580,5290.0,0.27147325733981276,0.2714459977576172,0.54291925509743,300.00000000004866,262.50000000004263,1.3393850381420074e-17
10590,5295.0,0.2714732573397752,0.2714459977576484,0.5429192550974236,300.00000000008316,262.50000000007276,1.3585533995814929e-17
10600,5300.0,0.27147325733974853,0.2714459977576661,0.5429192550974147,300.0000000001027,262.5000000000899,1.3740886119615064e-17
10610,5305.0,0.2714732573397363,0.27144599775766864,0.5429192550974049,300.00000000010556,262.50000000009237,1.369783876504587e-17
10620,5310.0,0.27147325733973976,0.27144599775765604,0.5429192550973958,300.00000000009163,262.5000000000802,1.407145122720031e-17
10630,5315.0,0.2714732573397575,0.2714459977576311,0.5429192550973887,300.00000000006406,262.5000000000561,1.4060456379099092e-17
10640,5320.0,0.27147325733978633,0.2714459977575982,0.5429192550973845,300.0000000000277,262.5000000000243,1.3624466328309674e-17
10650,5325.0,0.27147325733982114,0.2714459977575626,0.5429192550973838,299.99999999998835,262.4999999999898,1.3903930978976697e-17
10660,5330.0,0.27147325733985644,0.2714459977575299,0.5429192550973864,299.99999999995225,262.4999999999582,1.4238274562451468e-17
10670,5335.0,0.2714732573398868,0.27144599775750505,0.5429192550973918,299.99999999992474,262.4999999999342,1.4347222773467833e-17
10680,5340.0,0.27147325733990785,0.2714459977574914,0.5429192550973992,299.9999999999097,262.499999999921,1.475075016218047e-17
10690,5345.0,0.2714732573399169,0.2714459977574908,0.5429192550974077,299.999999999909,262.49999999992036,1.533339537830238e-17
10700,5350.0,0.271473257339913,0.2714459977575022,0.5429192550974152,299.9999999999216,262.49999999993145,1.4512087108870416e-17
10710,5355.0,0.2714732573398974,0.2714459977575236,0.542919255097421,299.99999999994526,262.4999999999521,1.4477413756331768e-17
10720,5360.0,0.2714732573398731,0.271445997757551,0.5429192550974241,299.99999999997556,262.4999999999786,1.497566959092232e-17
10730,5365.0,0.27147325733984423,0.27144599775758016,0.5429192550974244,300.00000000000773,262.5000000000068,1.5992386386510405e-17
10740,5370.0,0.2714732573398153,0.27144599775760664,0.542919255097422,300.000000000037,262.5000000000324,1.602646402467417e-17
10750,5375.0,0.2714732573397908,0.27144599775762634,0.5429192550974171,300.0000000000588,262.5000000000515,1.593573858237103e-17
10760,5380.0,0.2714732573397742,0.27144599775763667,0.5429192550974109,300.0000000000702,262.50000000006145,1.5868060152921652e-17
10770,5385.0,0.2714732573397676,0.27144599775763656,0.5429192550974042,300.0000000000701,262.50000000006133,1.6036212597402698e-17
10780,5390.0,0.27147325733977173,0.2714459977576264,0.5429192550973981,300.00000000005883,262.5000000000515,1.6217941016108553e-17
10790,5395.0,0.27147325733978533,0.27144599775760825,0.5429192550973936,300.0000000000388,262.500000000034,1.5766517186601845e-17
10800,5400.0,0.2714732573398058,0.2714459977575853,0.5429192550973911,300.0000000000135,262.5000000000118,1.6088574546486285e-17
10810,5405.0,0.2714732573398298,0.2714459977575613,0.5429192550973911,299.99999999998687,262.4999999999886,1.5901609992844332e-17
10820,5410.0,0.2714732573398534,0.27144599775753975,0.5429192550973931,299.9999999999631,262.4999999999677,1.6086257327809604e-17
10830,5415.0,0.27147325733987315,0.27144599775752415,0.5429192550973974,299.9999999999458,262.49999999995265,1.6175972139740545e-17
10840,5420.0,0.27147325733988614,0.27144599775751604,0.5429192550974022,299.9999999999369,262.4999999999448,1.5868035119896435e-17
10850,5425.0,0.2714732573398907,0.27144599775751715,0.5429192550974078,299.9999999999381,262.4999999999459,1.4590437530687498e-17
10860,5430.0,0.2714732573398866,0.27144599775752604,0.5429192550974127,299.99999999994793,262.49999999995447,1.5315359586446036e-17
10870,5435.0,0.2714732573398748,0.27144599775754125,0.542919255097416,299.99999999996476,262.4999999999692,1.4504985488617013e-17
10880,5440.0,0.2714732573398576,0.2714459977575603,0.5429192550974179,299.9999999999858,262.4999999999876,1.3719557500834387e-17
10890,5445.0,0.2714732573398376,0.27144599775758,0.5429192550974176,300.00000000000756,262.50000000000665,1.3441354674719361e-17
10900,5450.0,0.27147325733981825,0.27144599775759753,0.5429192550974158,300.00000000002694,262.5000000000236,1.3414955823298066e-17
10910,5455.0,0.27147325733980227,0.2714459977576101,0.5429192550974123,300.0000000000408,262.50000000003575,1.326404335881697e-17
10920,5460.0,0.2714732573397921,0.27144599775761613,0.5429192550974082,300.0000000000475,262.5000000000416,1.432350520506571e-17
10930,5465.0,0.2714732573397889,0.2714459977576149,0.5429192550974038,300.00000000004616,262.5000000000404,1.3854460611652411e-17
10940,5470.0,0.27147325733979283,0.27144599775760686,0.5429192550973997,300.0000000000373,262.5000000000326,1.401904137449748e-17
10950,5475.0,0.271473257339803,0.27144599775759376,0.5429192550973967,300.0000000000228,262.50000000001995,1.4024120356384676e-17
10960,5480.0,0.2714732573398176,0.27144599775757766,0.5429192550973952,300.000000000005,262.5000000000044,1.3988831650116763e-17
10970,5485.0,0.2714732573398341,0.27144599775756134,0.5429192550973954,299.999999999987,262.49999999998863,1.3411957981909772e-17
10980,5490.0,0.27147325733984995,0.2714459977575472,0.5429192550973971,299.9999999999713,262.49999999997493,1.367881700781261e-17
10990,5495.0,0.27147325733986283,0.27144599775753714,0.5429192550974,299.9999999999602,262.4999999999652,1.4084880903127458e-17
11000,5500.0,0.2714732573398709,0.27144599775753286,0.5429192550974038,299.9999999999555,262.49999999996106,1.4197102792664893e-17
11010,5505.0,0.27147325733987304,0.2714459977575343,0.5429192550974073,299.9999999999571,262.4999999999625,1.47334623893704e-17
11020,5510.0,0.2714732573398692,0.27144599775754136,0.5429192550974106,299.99999999996487,262.4999999999693,1.5537592960238854e-17
11030,5515.0,0.27147325733986033,0.27144599775755257,0.5429192550974129,299.99999999997726,262.4999999999801,1.526180772333665e-17
11040,5520.0,0.27147325733984795,0.27144599775756584,0.5429192550974138,299.9999999999919,262.49999999999295,1.6361191885739026e-17
11050,5525.0,0.2714732573398342,0.2714459977575793,0.5429192550974136,300.0000000000068,262.500000000006,1.6543181738458038e-17
11060,5530.0,0.2714732573398212,0.27144599775759076,0.542919255097412,300.0000000000195,262.50000000001705,1.660112141273245e-17
11070,5535.0,0.27147325733981087,0.27144599775759864,0.5429192550974096,300.0000000000282,262.50000000002467,1.5990783911198807e-17
11080,5540.0,0.27147325733980465,0.27144599775760175,0.5429192550974065,300.0000000000316,262.5000000000277,1.5476419669477223e-17
11090,5545.0,0.2714732573398033,0.2714459977576001,0.5429192550974034,300.0000000000298,262.5000000000261,1.59332840729662e-17
11100,5550.0,0.2714732573398069,0.2714459977575939,0.5429192550974008,300.00000000002296,262.5000000000201,1.5946860953306736e-17
11110,5555.0,0.2714732573398144,0.2714459977575845,0.5429192550973989,300.00000000001256,262.50000000001097,1.5605608083796893e-17
11120,5560.0,0.27147325733982475,0.27144599775757333,0.542919255097398,300.0000000000002,262.5000000000002,1.5811814647845042e-17
11130,5565.0,0.2714732573398361,0.2714459977575623,0.5429192550973985,299.999999999988,262.49999999998954,1.5875781277562628e-17
11140,5570.0,0.27147325733984673,0.27144599775755296,0.5429192550973997,299.9999999999777,262.4999999999805,1.5853008177702465e-17
11150,5575.0,0.27147325733985506,0.2714459977575471,0.5429192550974021,299.9999999999712,262.4999999999748,1.5088780414319285e-17
11160,5580.0,0.2714732573398599,0.2714459977575446,0.5429192550974045,299.99999999996845,262.4999999999724,1.4914182878554362e-17
11170,5585.0,0.2714732573398607,0.2714459977575462,0.5429192550974069,299.9999999999702,262.49999999997397,1.5345973838505895e-17
11180,5590.0,0.2714732573398575,0.2714459977575518,0.5429192550974093,299.9999999999764,262.49999999997937,1.5070588398346827e-17
11190,5595.0,0.271473257339851,0.2714459977575595,0.5429192550974105,299.99999999998494,262.4999999999868,1.558212573918772e-17
11200,5600.0,0.2714732573398423,0.27144599775756867,0.5429192550974109,299.99999999999505,262.4999999999957,1.4999157672103748e-17
11210,5605.0,0.27147325733983285,0.2714459977575778,0.5429192550974107,300.0000000000051,262.5000000000045,1.5094485973676664e-17
11220,5610.0,0.2714732573398242,0.2714459977575853,0.5429192550974096,300.0000000000135,262.5000000000118,1.5328590743798482e-17
11230,5615.0,0.27147325733981753,0.27144599775759015,0.5429192550974077,300.0000000000188,262.5000000000165,1.5550708389831607e-17
11240,5620.0,0.27147325733981376,0.27144599775759204,0.5429192550974058,300.00000000002086,262.5000000000183,1.5019676751302294e-17
11250,5625.0,0.2714732573398133,0.27144599775759043,0.5429192550974038,300.0000000000191,262.50000000001677,1.4909338790569403e-17
11260,5630.0,0.27147325733981625,0.2714459977575858,0.542919255097402,300.00000000001404,262.5000000000123,1.479134885744985e-17
11270,5635.0,0.27147325733982186,0.27144599775757905,0.5429192550974009,300.00000000000654,262.50000000000574,1.3744316139471084e-17
11280,5640.0,0.27147325733982924,0.2714459977575714,0.5429192550974007,299.99999999999807,262.49999999999835,1.3835627683663645e-17
11290,5645.0,0.27147325733983707,0.2714459977575637,0.5429192550974007,299.99999999998954,262.49999999999085,1.3826662007137626e-17
11300,5650.0,0.2714732573398442,0.2714459977575578,0.542919255097402,299.999999999983,262.49999999998516,1.3079381955671153e-17
11310,5655.0,0.27147325733984956,0.27144599775755357,0.5429192550974031,299.99999999997834,262.49999999998107,1.2819473644536568e-17
11320,5660.0,0.2714732573398524,0.2714459977575522,0.5429192550974046,299.9999999999768,262.49999999997976,1.2919414616918987e-17
11330,5665.0,0.2714732573398524,0.2714459977575535,0.5429192550974059,299.9999999999783,262.499999999981,1.32610574851159e-17
11340,5670.0,0.2714732573398496,0.2714459977575575,0.5429192550974071,299.9999999999827,262.4999999999849,1.283312488123928e-17
11350,5675.0,0.2714732573398446,0.27144599775756373,0.5429192550974083,299.9999999999896,262.4999999999909,1.3259435247205735e-17
11360,5680.0,0.2714732573398383,0.27144599775757006,0.5429192550974083,299.9999999999966,262.49999999999704,1.3037933586453926e-17
11370,5685.0,0.27147325733983174,0.2714459977575763,0.542919255097408,300.00000000000347,262.50000000000307,1.3266991710271277e-17
11380,5690.0,0.27147325733982575,0.27144599775758127,0.542919255097407,300.000000000009,262.5000000000079,1.3143980171784254e-17
11390,5695.0,0.2714732573398214,0.2714459977575845,0.5429192550974059,300.00000000001256,262.50000000001097,1.3397195913685524e-17
11400,5700.0,0.27147325733981925,0.27144599775758543,0.5429192550974047,300.0000000000136,262.50000000001194,1.2696929100051275e-17
11410,5705.0,0.27147325733981953,0.27144599775758393,0.5429192550974035,300.00000000001194,262.50000000001046,1.2544666631173182e-17
11420,5710.0,0.271473257339822,0.2714459977575802,0.5429192550974022,300.00000000000784,262.5000000000069,1.3407810926555259e-17
11430,5715.0,0.2714732573398263,0.27144599775757516,0.5429192550974015,300.0000000000022,262.500000000002,1.2517838096074305e-17
11440,5720.0,0.27147325733983163,0.27144599775756983,0.5429192550974015,299.99999999999636,262.4999999999968,1.259025347423586e-17
11450,5725.0,0.2714732573398372,0.27144599775756423,0.5429192550974014,299.99999999999017,262.4999999999914,1.2676487658572297e-17
11460,5730.0,0.27147325733984207,0.2714459977575606,0.5429192550974027,299.9999999999862,262.4999999999879,1.3494440939423221e-17
11470,5735.0,0.2714732573398455,0.2714459977575583,0.5429192550974038,299.9999999999836,262.4999999999857,1.4422166539619296e-17
11480,5740.0,0.2714732573398472,0.2714459977575578,0.5429192550974049,299.999999999983,262.49999999998516,1.3162171520251475e-17
11490,5745.0,0.27147325733984684,0.27144599775755923,0.542919255097406,299.99999999998465,262.4999999999866,1.2522878517823098e-17
11500,5750.0,0.2714732573398446,0.2714459977575626,0.5429192550974072,299.99999999998835,262.4999999999898,1.2163120811129405e-17
11510,5755.0,0.27147325733984107,0.27144599775756656,0.5429192550974076,299.9999999999927,262.49999999999363,1.2051392355479126e-17
11520,5760.0,0.2714732573398366,0.271445997757571,0.5429192550974076,299.9999999999976,262.49999999999795,1.1934024159474047e-17
11530,5765.0,0.27147325733983213,0.2714459977575753,0.5429192550974073,300.00000000000233,262.5000000000021,1.1820568121082815e-17
11540,5770.0,0.2714732573398282,0.27144599775757833,0.5429192550974065,300.00000000000574,262.50000000000506,1.1650641393632161e-17
11550,5775.0,0.2714732573398254,0.27144599775758044,0.5429192550974058,300.0000000000081,262.5000000000071,1.1358283701775286e-17
11560,5780.0,0.27147325733982414,0.2714459977575805,0.5429192550974047,300.00000000000813,262.5000000000071,1.1869917264809477e-17
11570,5785.0,0.2714732573398245,0.27144599775757927,0.5429192550974038,300.00000000000676,262.50000000000597,1.2459417689278096e-17
11580,5790.0,0.27147325733982647,0.27144599775757666,0.5429192550974031,300.00000000000387,262.5000000000034,1.3476396116141473e-17
11590,5795.0,0.2714732573398295,0.2714459977575732,0.5429192550974027,300.0000000000001,262.5000000000001,1.3398558218345469e-17
11600,5800.0,0.2714732573398332,0.27144599775756956,0.5429192550974027,299.999999999996,262.49999999999653,1.3907690626870658e-17
11610,5805.0,0.27147325733983696,0.27144599775756584,0.5429192550974028,299.9999999999919,262.49999999999295,1.3686887778360188e-17
11620,5810.0,0.2714732573398401,0.2714459977575632,0.5429192550974034,299.999999999989,262.4999999999904,1.2839924234140173e-17
11630,5815.0,0.2714732573398423,0.27144599775756206,0.5429192550974044,299.9999999999878,262.4999999999893,1.3212563491967016e-17
11640,5820.0,0.2714732573398431,0.27144599775756234,0.5429192550974055,299.99999999998806,262.4999999999896,1.3879413039232828e-17
11650,5825.0,0.27147325733984273,0.27144599775756395,0.5429192550974067,299.9999999999898,262.49999999999113,1.4919697158270574e-17
11660,5830.0,0.2714732573398411,0.2714459977575656,0.5429192550974067,299.9999999999917,262.4999999999927,1.526374030257231e-17
11670,5835.0,0.2714732573398386,0.2714459977575681,0.5429192550974067,299.99999999999443,262.49999999999517,1.5222099813849813e-17
11680,5840.0,0.27147325733983574,0.27144599775757106,0.5429192550974068,299.99999999999767,262.499999999998,1.5172632243720544e-17
11690,5845.0,0.27147325733983263,0.2714459977575741,0.5429192550974067,300.0000000000011,262.50000000000097,1.4946368532268238e-17
11700,5850.0,0.2714732573398301,0.27144599775757594,0.542919255097406,300.00000000000307,262.50000000000273,1.518238163760041e-17
11710,5855.0,0.2714732573398283,0.2714459977575769,0.5429192550974051,300.00000000000415,262.50000000000364,1.543559428799942e-17
11720,5860.0,0.2714732573398275,0.27144599775757683,0.5429192550974044,300.0000000000041,262.5000000000036,1.5328771476333404e-17
11730,5865.0,0.27147325733982786,0.27144599775757566,0.5429192550974036,300.0000000000028,262.50000000000244,1.476594263807132e-17
11740,5870.0,0.2714732573398292,0.27144599775757394,0.5429192550974031,300.0000000000009,262.5000000000008,1.440158028395069e-17
11750,5875.0,0.27147325733983124,0.27144599775757194,0.5429192550974031,299.9999999999987,262.49999999999886,1.471387171047254e-17
11760,5880.0,0.2714732573398337,0.27144599775756956,0.5429192550974032,299.999999999996,262.49999999999653,1.4524142637563265e-17
11770,5885.0,0.27147325733983607,0.2714459977575671,0.5429192550974031,299.99999999999335,262.4999999999942,1.4709742763711593e-17
11780,5890.0,0.27147325733983824,0.27144599775756506,0.5429192550974034,299.9999999999911,262.4999999999922,1.473395735282482e-17
11790,5895.0,0.2714732573398396,0.2714459977575641,0.5429192550974038,299.99999999999005,262.4999999999913,1.4696115198734576e-17
11800,5900.0,0.2714732573398401,0.2714459977575641,0.5429192550974042,299.99999999999005,262.4999999999913,1.4427074658969577e-17
11810,5905.0,0.2714732573398397,0.2714459977575646,0.5429192550974042,299.99999999999056,262.49999999999176,1.47417750170446e-17
11820,5910.0,0.2714732573398384,0.27144599775756595,0.5429192550974044,299.99999999999204,262.49999999999307,1.4926511401384638e-17
11830,5915.0,0.2714732573398364,0.27144599775756784,0.5429192550974042,299.99999999999415,262.4999999999949,1.51244375093541e-17
11840,5920.0,0.2714732573398341,0.27144599775757006,0.5429192550974041,299.9999999999966,262.49999999999704,1.5024504246440076e-17
11850,5925.0,0.2714732573398319,0.27144599775757244,0.5429192550974044,299.9999999999992,262.4999999999994,1.4775828025412957e-17
11860,5930.0,0.27147325733983,0.27144599775757433,0.5429192550974044,300.0000000000013,262.5000000000012,1.4839922534638087e-17
11870,5935.0,0.27147325733982874,0.2714459977575749,0.5429192550974036,300.00000000000193,262.5000000000017,1.4231324731269994e-17
11880,5940.0,0.27147325733982836,0.27144599775757455,0.5429192550974029,300.00000000000153,262.50000000000136,1.4674364799604237e-17
11890,5945.0,0.27147325733982886,0.2714459977575741,0.5429192550974029,300.0000000000011,262.50000000000097,1.4506336440156247e-17
11900,5950.0,0.27147325733983,0.27144599775757294,0.5429192550974029,299.9999999999998,262.49999999999983,1.4388869954404735e-17
11910,5955.0,0.27147325733983174,0.27144599775757117,0.5429192550974029,299.99999999999784,262.4999999999981,1.4434214611330084e-17
11920,5960.0,0.27147325733983374,0.2714459977575691,0.5429192550974029,299.99999999999557,262.49999999999613,1.4677596278978698e-17
11930,5965.0,0.27147325733983585,0.271445997757567,0.5429192550974029,299.99999999999324,262.4999999999941,1.491858474511739e-17
11940,5970.0,0.2714732573398375,0.27144599775756534,0.5429192550974029,299.99999999999136,262.4999999999925,1.5524626532662165e-17
11950,5975.0,0.2714732573398385,0.27144599775756423,0.5429192550974027,299.99999999999017,262.4999999999914,1.5853246536500333e-17
11960,5980.0,0.27147325733983885,0.2714459977575641,0.5429192550974029,299.99999999999005,262.4999999999913,1.5691212034360272e-17
11970,5985.0,0.2714732573398383,0.27144599775756467,0.5429192550974029,299.9999999999906,262.4999999999918,1.6153109850395083e-17
11980,5990.0,0.27147325733983685,0.27144599775756606,0.5429192550974029,299.99999999999216,262.4999999999932,1.6116466411912288e-17
11990,5995.0,0.2714732573398351,0.27144599775756784,0.5429192550974029,299.99999999999415,262.4999999999949,1.6312452096251614e-17
12000,6000.0,0.2714732573398331,0.2714459977575699,0.5429192550974029,299.9999999999964,262.4999999999969,1.6194933980241924e-17
