case,iteration,climbing,climbing_index,barrier_eV,max_NEB_force_eV_A,climbing_true_force_eV_A,optimizer_step_parameter
images7_tol0.001_seed1,0,False,2,2.65334162163916,6.110151471153691,6.351716127279909,0.025
images7_tol0.001_seed1,1,False,2,2.6302819427073922,6.079141728884063,6.321712879761145,0.025
images7_tol0.001_seed1,2,False,2,2.584658453067233,6.017050670352391,6.261784056624405,0.025
images7_tol0.001_seed1,3,False,2,2.5174621154599333,5.923717636675734,6.172092003835434,0.025
images7_tol0.001_seed1,4,False,2,2.4301714314047764,5.798844401015272,6.052892433877864,0.025
images7_tol0.001_seed1,5,False,2,2.3247385449446853,5.641901326791569,5.904546951113096,0.025
images7_tol0.001_seed1,6,False,3,2.248744583506542,5.4050859333048535,4.498492401830757,0.027500000000000004
images7_tol0.001_seed1,7,False,3,2.158597859981895,5.094427788781443,4.322682518869673,0.030250000000000006
images7_tol0.001_seed1,8,False,3,2.045429656397734,4.699100255770262,4.097021813360374,0.033275000000000006
images7_tol0.001_seed1,9,False,3,1.9072227767547287,4.206320119264782,3.810828907300411,0.03660250000000001
images7_tol0.001_seed1,10,False,3,1.7445060201765665,3.606736707589247,3.45248744899905,0.040262750000000014
images7_tol0.001_seed1,11,False,3,1.5621725274666374,3.010088674696279,3.0100850973897666,0.04428902500000002
images7_tol0.001_seed1,12,False,3,1.376440210040766,2.6575382597455808,2.4878679479501735,0.04871792750000002
images7_tol0.001_seed1,13,False,3,1.2186076208667636,2.205690089401961,1.9404208417208841,0.05358972025000003
images7_tol0.001_seed1,14,False,3,1.0949860813167116,1.5329364131047758,1.3643387203067652,0.058948692275000034
images7_tol0.001_seed1,15,False,3,1.0136186832616532,0.7606530676266015,0.766395142529888,0.06484356150250004
images7_tol0.001_seed1,16,False,3,0.9861826096167635,0.6809641914725048,0.33298386072709796,0.07132791765275004
images7_tol0.001_seed1,17,False,3,0.9861826096167635,0.6809641914725048,0.33298386072709796,0.03566395882637502
images7_tol0.001_seed1,18,False,3,0.9863474054035803,0.6716781834674299,0.3311213861029043,0.03566395882637502
images7_tol0.001_seed1,19,False,3,0.9866717006580916,0.6532118589676739,0.3274220038749604,0.03566395882637502
images7_tol0.001_seed1,20,False,3,0.9871451076867668,0.6257743749114529,0.32193638890500553,0.03566395882637502
images7_tol0.001_seed1,21,False,3,0.9877525723144694,0.5896793844140527,0.3147395012518143,0.03566395882637502
images7_tol0.001_seed1,22,False,3,0.9884749993681767,0.5453492932431753,0.305929355063535,0.03566395882637502
images7_tol0.001_seed1,23,False,3,0.989369983252321,0.4881294566283578,0.2945945312716928,0.039230354709012524
images7_tol0.001_seed1,24,False,3,0.9904399192017569,0.41598678395531363,0.2803416299045429,0.04315339017991378
images7_tol0.001_seed1,25,False,3,0.9916702352794796,0.32730715641462094,0.26281450644478155,0.04746872919790516
images7_tol0.001_seed1,26,False,3,0.993021996946751,0.225085405540879,0.24176627977849252,0.05221560211769568
images7_tol0.001_seed1,27,False,3,0.994423243542478,0.17773700445799745,0.21721854767844492,0.057437162329465254
images7_tol0.001_seed1,28,False,3,0.9957564996786541,0.19129426897199348,0.18997112654265233,0.06318087856241178
images7_tol0.001_seed1,29,False,3,0.9968846096657205,0.19415774856384388,0.16225426493738926,0.06949896641865297
images7_tol0.001_seed1,30,False,3,0.9968846096657205,0.19415774856384388,0.16225426493738926,0.034749483209326484
images7_tol0.001_seed1,31,False,3,0.9968740662351869,0.19131797983622317,0.1624310099795034,0.034749483209326484
images7_tol0.001_seed1,32,False,3,0.9968534200611763,0.18568715197968613,0.16277608657474274,0.034749483209326484
images7_tol0.001_seed1,33,False,3,0.9968236024333963,0.17736125108087225,0.16327139005122504,0.034749483209326484
images7_tol0.001_seed1,34,False,3,0.9967860899953861,0.16648165464014317,0.16388779989342367,0.034749483209326484
images7_tol0.001_seed1,35,False,3,0.9967429731277034,0.1533544317719245,0.16458359964564792,0.034749483209326484
images7_tol0.001_seed1,36,False,3,0.9966924624242681,0.13970966433484577,0.16537515468631697,0.03822443153025914
images7_tol0.001_seed1,37,False,3,0.9966381631669976,0.1229453136785761,0.16617741684800794,0.04204687468328506
images7_tol0.001_seed1,38,False,3,0.9965883590605172,0.10305969190315158,0.1668066746097647,0.046251562151613565
images7_tol0.001_seed1,39,False,3,0.9965598338948466,0.08059522709429631,0.16689691270015153,0.050876718366774924
images7_tol0.001_seed1,40,False,3,0.9965826115790374,0.06507536581160345,0.16578936679837772,0.055964390203452424
images7_tol0.001_seed1,41,False,3,0.9966915267894612,0.09177232951999581,0.16269940112089495,0.06156082922379767
images7_tol0.001_seed1,42,False,3,0.9969034150923352,0.11905254666806121,0.15715759050490516,0.06771691214617745
images7_tol0.001_seed1,43,False,3,0.9972209127758833,0.13678586099240014,0.1488343814772896,0.0744886033607952
images7_tol0.001_seed1,44,False,3,0.9976370908688915,0.13991451519877585,0.13737660714330652,0.08193746369687473
images7_tol0.001_seed1,45,False,3,0.9981314628071195,0.12417673889124738,0.12245637367381862,0.0901312100665622
images7_tol0.001_seed1,46,False,3,0.9986637192468387,0.1018357866850591,0.10395046844350254,0.09914433107321843
images7_tol0.001_seed1,47,False,3,0.9991715189917011,0.09358295863791342,0.08225458141441996,0.10905876418054028
images7_tol0.001_seed1,48,False,3,0.9995800834845221,0.086490433061609,0.058824864424636955,0.11996464059859431
images7_tol0.001_seed1,49,False,3,0.9998397562337069,0.10452930368439198,0.03634076539881603,0.13196110465845376
images7_tol0.001_seed1,50,True,3,0.9998397562337069,0.10452930368439198,0.03634076539881603,0.06598055232922688
images7_tol0.001_seed1,51,True,3,0.9998405449758891,0.1036013710609076,0.036248148517829516,0.025
images7_tol0.001_seed1,52,True,3,0.9998421152072812,0.10175438188720312,0.03606312864834215,0.025
images7_tol0.001_seed1,53,True,3,0.9998444532039515,0.0990063726114015,0.03578604987064245,0.025
images7_tol0.001_seed1,54,True,3,0.9998475395299509,0.0953847406758104,0.035417306198006565,0.025
images7_tol0.001_seed1,55,True,3,0.9998513497660078,0.09092639082644853,0.03495726156406504,0.025
images7_tol0.001_seed1,56,True,3,0.9998563019919201,0.08515313302464807,0.03435106860440087,0.027500000000000004
images7_tol0.001_seed1,57,True,3,0.9998626182485296,0.08117545252253211,0.03356364143578513,0.030250000000000006
images7_tol0.001_seed1,58,True,3,0.9998705375605237,0.07636967680544039,0.032552178124348845,0.033275000000000006
images7_tol0.001_seed1,59,True,3,0.9998803030485223,0.07041646994447337,0.031264363030999304,0.03660250000000001
images7_tol0.001_seed1,60,True,3,0.9998921380760796,0.06316224154197525,0.02963597107007701,0.040262750000000014
images7_tol0.001_seed1,61,True,3,0.9999062029147567,0.05448571112726695,0.027587749960756105,0.04428902500000002
images7_tol0.001_seed1,62,True,3,0.9999225093796528,0.04435069993399871,0.025022777349999702,0.04871792750000002
images7_tol0.001_seed1,63,True,3,0.9999407227128424,0.03292281076269416,0.021834062954866992,0.05358972025000003
images7_tol0.001_seed1,64,True,3,0.9999597254979887,0.03124747882558506,0.017958762762796916,0.058948692275000034
images7_tol0.001_seed1,65,True,3,0.999977349025199,0.03751405427740048,0.013469415056726863,0.06484356150250004
images7_tol0.001_seed1,66,True,3,0.9999911177842348,0.04676705770448269,0.00855950105485945,0.07132791765275004
images7_tol0.001_seed1,67,True,3,0.999998999126674,0.050182997381701726,0.003697030556703831,0.07846070941802505
images7_tol0.001_seed1,68,True,3,0.9999997124056509,0.047099134978161906,0.0034189278944314057,0.08630678035982756
images7_tol0.001_seed1,69,True,3,0.9999930625640334,0.03772357692611808,0.008205933891734712,0.09493745839581032
images7_tol0.001_seed1,70,True,3,0.9999804814365845,0.024237839673552284,0.012949946519173203,0.10443120423539136
images7_tol0.001_seed1,71,True,3,0.999965668276617,0.019740726243598482,0.01681413473393367,0.11487432465893051
images7_tol0.001_seed1,72,True,3,0.999965668276617,0.019740726243598482,0.01681413473393367,0.057437162329465254
images7_tol0.001_seed1,73,True,3,0.999966560707002,0.01867972251255983,0.016588043246350374,0.057437162329465254
images7_tol0.001_seed1,74,True,3,0.9999683011541544,0.01669891375295299,0.016138678548708315,0.057437162329465254
images7_tol0.001_seed1,75,True,3,0.9999708056869518,0.015470878035148029,0.015470878035148026,0.057437162329465254
images7_tol0.001_seed1,76,True,3,0.9999739552252994,0.014591082563414058,0.014591082563414058,0.057437162329465254
images7_tol0.001_seed1,77,True,3,0.9999775968643487,0.013508007179566702,0.013508007179566704,0.057437162329465254
images7_tol0.001_seed1,78,True,3,0.9999819136576578,0.012108572118493205,0.012108572118493208,0.06318087856241178
images7_tol0.001_seed1,79,True,3,0.9999866971841492,0.012385718055500356,0.010355083644589475,0.06949896641865297
images7_tol0.001_seed1,80,True,3,0.9999915255992589,0.0145271944132456,0.008241055257954367,0.07644886306051828
images7_tol0.001_seed1,81,True,3,0.9999957957312996,0.015079128222979524,0.005803999027483054,0.08409374936657012
images7_tol0.001_seed1,82,True,3,0.9999988367725102,0.01289274852774133,0.0031482641327971695,0.09250312430322713
images7_tol0.001_seed1,83,True,3,1.0000000586059816,0.009744964298897485,0.0010210487248352395,0.10175343673354985
images7_tol0.001_seed1,84,True,3,0.9999991718144183,0.010004118604290558,0.002973341919601227,0.11192878040690485
images7_tol0.001_seed1,85,True,3,0.9999965045932956,0.012706973090650253,0.0054893195066041045,0.12312165844759534
images7_tol0.001_seed1,86,True,3,0.9999965045932956,0.012706973090650253,0.0054893195066041045,0.06156082922379767
images7_tol0.001_seed1,87,True,3,0.9999966069344214,0.012404173793977626,0.0054021197982541186,0.06156082922379767
images7_tol0.001_seed1,88,True,3,0.9999968059550979,0.011808973800606453,0.005229212703629424,0.06156082922379767
images7_tol0.001_seed1,89,True,3,0.999997090923531,0.010941516107806644,0.004973301957183179,0.06156082922379767
images7_tol0.001_seed1,90,True,3,0.9999974467287831,0.009830549419973475,0.004638040837040394,0.06156082922379767
images7_tol0.001_seed1,91,True,3,0.9999978545141753,0.008512046659635227,0.004227858470046515,0.06156082922379767
images7_tol0.001_seed1,92,True,3,0.999998333132269,0.006880710752783675,0.0037002937631605243,0.06771691214617745
images7_tol0.001_seed1,93,True,3,0.9999988570570226,0.004938940805954746,0.003039500459774075,0.0744886033607952
images7_tol0.001_seed1,94,True,3,0.9999993719289205,0.004183680637361186,0.002241579109436768,0.08193746369687473
images7_tol0.001_seed1,95,True,3,0.9999997881927748,0.004564380705475468,0.0013419532247112096,0.0901312100665622
images7_tol0.001_seed1,96,True,3,1.0000000036397223,0.003554533026807131,0.0005656381808131325,0.09914433107321843
images7_tol0.001_seed1,97,True,3,1.0000000036397223,0.003554533026807131,0.0005656381808131325,0.04957216553660922
images7_tol0.001_seed1,98,True,3,1.0000000032867418,0.0034806677610819486,0.0005560392338521322,0.04957216553660922
images7_tol0.001_seed1,99,True,3,1.0000000026167497,0.003335502523163146,0.0005370421485449361,0.04957216553660922
images7_tol0.001_seed1,100,True,3,1.0000000016987383,0.003124174028887302,0.0005090373040218574,0.04957216553660922
images7_tol0.001_seed1,101,True,3,1.0000000006292864,0.002854406272320564,0.0004726018419723248,0.04957216553660922
images7_tol0.001_seed1,102,True,3,0.9999999995252037,0.002536608984128198,0.00042851728479114575,0.04957216553660922
images7_tol0.001_seed1,103,True,3,0.9999999984274079,0.0021495428756273284,0.0003728110328038905,0.05452938209027014
images7_tol0.001_seed1,104,True,3,0.9999999975443074,0.0018299629917997453,0.00030508437886651716,0.059982320299297155
images7_tol0.001_seed1,105,True,3,0.9999999971627285,0.001625358733673025,0.0002276776326447628,0.06598055232922688
images7_tol0.001_seed1,106,True,3,0.9999999975680348,0.002270876090696844,0.00015119822175932036,0.07257860756214958
images7_tol0.001_seed1,107,True,3,0.9999999988678668,0.002686336837341647,0.00011166087534287114,0.07983646831836455
images7_tol0.001_seed1,108,True,3,1.0000000008284309,0.0026873186378671317,0.0001479948658704805,0.08782011515020101
images7_tol0.001_seed1,109,True,3,1.000000002809117,0.002154130977884117,0.00021209175391026123,0.09660212666522111
images7_tol0.001_seed1,110,True,3,1.000000003822803,0.0010593915162349931,0.0002602518790568121,0.10626233933174323
images7_tol0.001_seed1,111,True,3,1.000000003822803,0.0010593915162349931,0.0002602518790568121,0.053131169665871614
images7_tol0.001_seed1,112,True,3,1.000000003646017,0.0010078717705404936,0.00025447003097055595,0.053131169665871614
images7_tol0.001_seed1,113,True,3,1.0000000033084202,0.0009073167573751293,0.0002430325599219634,0.053131169665871614
images7_tol0.001_seed2,0,False,2,2.9101357280521043,6.9164878347697165,7.116816150839861,0.025
images7_tol0.001_seed2,1,False,2,2.8823553547511276,6.881003531609594,7.080678526781315,0.025
images7_tol0.001_seed2,2,False,2,2.827423475649809,6.809958219601655,7.008519407385958,0.025
images7_tol0.001_seed2,3,False,2,2.746588358182189,6.70317648092019,6.900574024067376,0.025
images7_tol0.001_seed2,4,False,2,2.641701952119147,6.560333604678559,6.7572049553347036,0.025
images7_tol0.001_seed2,5,False,2,2.5152005891165996,6.380863000122313,6.578920418506297,0.025
images7_tol0.001_seed2,6,False,2,2.355879831201259,6.141796224455493,6.345112977053277,0.027500000000000004
images7_tol0.001_seed2,7,False,2,2.1614117019707737,5.825537883869557,6.04363800879605,0.030250000000000006
images7_tol0.001_seed2,8,False,3,1.9692974297108121,5.391835669361276,4.007745158849179,0.033275000000000006
images7_tol0.001_seed2,9,False,3,1.8882532016520344,4.772036693765311,3.801544317289792,0.03660250000000001
images7_tol0.001_seed2,10,False,3,1.7772088192924724,4.00045283924213,3.5323051981446163,0.040262750000000014
images7_tol0.001_seed2,11,False,3,1.6335894040230436,3.5280245904709027,3.185361534496443,0.04428902500000002
images7_tol0.001_seed2,12,False,3,1.4834076703856236,3.221473978413734,2.802984845272039,0.04871792750000002
images7_tol0.001_seed2,13,False,3,1.3337698014265733,2.649632268277444,2.3761071667661082,0.05358972025000003
images7_tol0.001_seed2,14,False,3,1.1935986123163442,1.8928813705572707,1.8939505447004414,0.058948692275000034
images7_tol0.001_seed2,15,False,3,1.0745892136386215,1.3672623896025244,1.343731268907235,0.06484356150250004
images7_tol0.001_seed2,16,False,3,0.9983615740066234,0.8647922512713951,0.7690230372081437,0.07132791765275004
images7_tol0.001_seed2,17,False,3,0.9983615740066234,0.8647922512713951,0.7690230372081437,0.03566395882637502
images7_tol0.001_seed2,18,False,3,0.9984202716065882,0.8538546155650424,0.762717052471573,0.03566395882637502
images7_tol0.001_seed2,19,False,3,0.9985277985016833,0.8321362144268751,0.7501491988401705,0.03566395882637502
images7_tol0.001_seed2,20,False,3,0.9986648008537127,0.7999624759493055,0.7313991729576993,0.03566395882637502
images7_tol0.001_seed2,21,False,3,0.9988041786237164,0.7578454668837612,0.7065755611100287,0.03566395882637502
images7_tol0.001_seed2,22,False,3,0.9989140059405487,0.7065063327403032,0.6758100835722991,0.03566395882637502
images7_tol0.001_seed2,23,False,3,0.9989654097190103,0.6409507757296451,0.635595589653388,0.039230354709012524
images7_tol0.001_seed2,24,False,3,0.9989010257127269,0.5596988494035088,0.583947951154618,0.04315339017991378
images7_tol0.001_seed2,25,False,3,0.9986580875792892,0.46254932150805544,0.5186675601534749,0.04746872919790516
images7_tol0.001_seed2,26,False,3,0.9981995664475691,0.3525700609118056,0.437590874526257,0.05221560211769568
images7_tol0.001_seed2,27,False,3,0.9975957243905867,0.2419298124403944,0.3401575186077,0.057437162329465254
images7_tol0.001_seed2,28,False,3,0.9971925578167226,0.31428257962905265,0.23398520103592596,0.06318087856241178
images7_tol0.001_seed2,29,False,3,0.9971925578167226,0.31428257962905265,0.23398520103592596,0.03159043928120589
images7_tol0.001_seed2,30,False,3,0.9971554481377373,0.3099178400888121,0.2335508758893021,0.03159043928120589
images7_tol0.001_seed2,31,False,3,0.9970823431988104,0.30124801513307364,0.23269379959597125,0.03159043928120589
images7_tol0.001_seed2,32,False,3,0.9969754986430733,0.2883918939799481,0.23143490952043586,0.03159043928120589
images7_tol0.001_seed2,33,False,3,0.996838332136756,0.27152640897684466,0.22980180537743952,0.03159043928120589
images7_tol0.001_seed2,34,False,3,0.9966754481336589,0.25088549905301677,0.22782541991568836,0.03159043928120589
images7_tol0.001_seed2,35,False,3,0.996474662561041,0.2250684030924015,0.22531661091300034,0.034749483209326484
images7_tol0.001_seed2,36,False,3,0.9962378201830588,0.2019543696483176,0.22219919701411012,0.03822443153025914
images7_tol0.001_seed2,37,False,3,0.9959740736297297,0.1741049347986377,0.2183858917127323,0.04204687468328506
images7_tol0.001_seed2,38,False,3,0.9957056095284527,0.14174677394841315,0.21374834421582606,0.046251562151613565
images7_tol0.001_seed2,39,False,3,0.9954776566418656,0.1061409606731135,0.20803545740717236,0.050876718366774924
images7_tol0.001_seed2,40,False,3,0.9953729553104498,0.10766758639689765,0.20075844556586203,0.055964390203452424
images7_tol0.001_seed2,41,False,3,0.9954918471135473,0.12347931649222571,0.19163638298917368,0.06156082922379767
images7_tol0.001_seed2,42,False,3,0.9954918471135473,0.12347931649222571,0.19163638298917368,0.030780414611898836
images7_tol0.001_seed2,43,False,3,0.9955136311733167,0.1223125522441444,0.1911640374339622,0.030780414611898836
images7_tol0.001_seed2,44,False,3,0.9955568387286543,0.11999652344263342,0.19022366756572137,0.030780414611898836
images7_tol0.001_seed2,45,False,3,0.995620766955905,0.11656672681494307,0.18882366888402402,0.030780414611898836
images7_tol0.001_seed2,46,False,3,0.9957043965572903,0.11207703899330726,0.18697625522347452,0.030780414611898836
images7_tol0.001_seed2,47,False,3,0.9958064226429789,0.10660016699334486,0.18469722688503096,0.030780414611898836
images7_tol0.001_seed2,48,False,3,0.9959370798920292,0.09959130063182008,0.18173669558414132,0.033858456073088725
images7_tol0.001_seed2,49,False,3,0.9961004546276706,0.09085096270846356,0.17796539828982996,0.0372443016803976
images7_tol0.001_seed2,50,True,3,0.9962999868385681,0.17324842763645484,0.17324842763645493,0.04096873184843736
images7_tol0.001_seed2,51,True,3,0.9963184953860473,0.17281563759485805,0.17281563759485816,0.025
images7_tol0.001_seed2,52,True,3,0.9963553270474441,0.17195107481477162,0.17195107481477176,0.025
images7_tol0.001_seed2,53,True,3,0.9964101124727047,0.17065678046982452,0.17065678046982452,0.025
images7_tol0.001_seed2,54,True,3,0.9964823010277503,0.16893584323419092,0.168935843234191,0.025
images7_tol0.001_seed2,55,True,3,0.9965711641534601,0.16679245061300174,0.16679245061300174,0.025
images7_tol0.001_seed2,56,True,3,0.9966861734014608,0.16397589237864893,0.16397589237864887,0.027500000000000004
images7_tol0.001_seed2,57,True,3,0.9968319923840939,0.16033216887610469,0.16033216887610477,0.030250000000000006
images7_tol0.001_seed2,58,True,3,0.9970133219504863,0.15567979498744192,0.15567979498744197,0.033275000000000006
images7_tol0.001_seed2,59,True,3,0.9972344121762147,0.14980831161803665,0.14980831161803657,0.03660250000000001
images7_tol0.001_seed2,60,True,3,0.9974982780212663,0.14247926220788043,0.14247926220788043,0.040262750000000014
images7_tol0.001_seed2,61,True,3,0.9978055316782494,0.13343170299873924,0.13343170299873927,0.04428902500000002
images7_tol0.001_seed2,62,True,3,0.9981527885397632,0.12239515614023633,0.12239515614023642,0.04871792750000002
images7_tol0.001_seed2,63,True,3,0.9985307375866739,0.10911334598022956,0.10911334598022956,0.05358972025000003
images7_tol0.001_seed2,64,True,3,0.9989222262971391,0.09338139084779004,0.09338139084779007,0.058948692275000034
images7_tol0.001_seed2,65,True,3,0.9993010547838008,0.09442076875931202,0.07509766479056719,0.06484356150250004
images7_tol0.001_seed2,66,True,3,0.9996324584638128,0.09889357248642097,0.054333340747562534,0.07132791765275004
images7_tol0.001_seed2,67,True,3,0.9998763737268261,0.09830971819184768,0.03144838494625928,0.07846070941802505
images7_tol0.001_seed2,68,True,3,0.9999946196838216,0.09055029256362716,0.007967429561348114,0.08630678035982756
images7_tol0.001_seed2,69,True,3,0.999963165010031,0.07380035354351522,0.019063792540958482,0.09493745839581032
images7_tol0.001_seed2,70,True,3,0.9997900109973543,0.0507771790472717,0.04241511684901725,0.10443120423539136
images7_tol0.001_seed2,71,True,3,0.9995338927040089,0.062109917360003895,0.06210991736000391,0.11487432465893051
images7_tol0.001_seed2,72,True,3,0.9992995564436189,0.07537515689371954,0.07537515689371953,0.12636175712482356
images7_tol0.001_seed2,73,True,3,0.9992995564436189,0.07537515689371954,0.07537515689371953,0.06318087856241178
images7_tol0.001_seed2,74,True,3,0.999321426447206,0.07416136451792595,0.07416136451792596,0.06318087856241178
images7_tol0.001_seed2,75,True,3,0.9993638525794031,0.07175323787705509,0.07175323787705508,0.06318087856241178
images7_tol0.001_seed2,76,True,3,0.9994243263502847,0.06818648534766487,0.06818648534766485,0.06318087856241178
images7_tol0.001_seed2,77,True,3,0.9994993014202692,0.06350999215681682,0.06350999215681681,0.06318087856241178
images7_tol0.001_seed2,78,True,3,0.9995843582771765,0.05778383541051761,0.057783835410517605,0.06318087856241178
images7_tol0.001_seed2,79,True,3,0.999682737376601,0.05041254618659654,0.05041254618659653,0.06949896641865297
images7_tol0.001_seed2,80,True,3,0.9997880617456271,0.041170801489995454,0.041170801489995475,0.07644886306051828
images7_tol0.001_seed2,81,True,3,0.9998879566215222,0.030006622393333366,0.030006622393333363,0.08409374936657012
images7_tol0.001_seed2,82,True,3,0.9999642883315865,0.03402276058716931,0.017333030772247453,0.09250312430322713
images7_tol0.001_seed2,83,True,3,0.9999998684332599,0.04344363684827102,0.005184228637309263,0.10175343673354985
images7_tol0.001_seed2,84,True,3,0.999986205997259,0.048343815620936634,0.011882661698788054,0.11192878040690485
images7_tol0.001_seed2,85,True,3,0.9999281685229694,0.04628444460856523,0.02451214446644285,0.12312165844759534
images7_tol0.001_seed2,86,True,3,0.9998473655714198,0.03576017397226579,0.035142977337947544,0.1354338242923549
images7_tol0.001_seed2,87,True,3,0.9997825166715516,0.0417384967556929,0.041738496755692904,0.1489772067215904
images7_tol0.001_seed2,88,True,3,0.9997792855292824,0.04201800237527779,0.042018002375277794,0.15
images7_tol0.001_seed2,89,True,3,0.9997792855292824,0.04201800237527779,0.042018002375277794,0.075
images7_tol0.001_seed2,90,True,3,0.9997890982031976,0.04107312694902002,0.041073126949020024,0.075
images7_tol0.001_seed2,91,True,3,0.9998078420127832,0.03920512265656514,0.03920512265656514,0.075
images7_tol0.001_seed2,92,True,3,0.9998338181674272,0.03645871409527672,0.03645871409527674,0.075
images7_tol0.001_seed2,93,True,3,0.9998646422241402,0.032904124316982204,0.03290412431698224,0.075
images7_tol0.001_seed2,94,True,3,0.9998974473206858,0.02864114493533534,0.028641144935335344,0.075
images7_tol0.001_seed2,95,True,3,0.99993202847039,0.0233191943718877,0.023319194371887706,0.0825
images7_tol0.001_seed2,96,True,3,0.9999642019511662,0.023105450651390507,0.01692752796917569,0.09075000000000001
images7_tol0.001_seed2,97,True,3,0.9999885480016112,0.023621764441452087,0.009586011400931077,0.09982500000000002
images7_tol0.001_seed2,98,True,3,0.999999701304061,0.021764805863932948,0.0016407568054212197,0.10980750000000003
images7_tol0.001_seed2,99,True,3,0.99999469860401,0.016857442535258272,0.006528341058775073,0.12078825000000004
images7_tol0.001_seed2,100,True,3,0.9999760588990336,0.013889473420689875,0.013841479336294352,0.13286707500000006
images7_tol0.001_seed2,101,True,3,0.999953703971751,0.019244368449150076,0.01924436844915008,0.14615378250000008
images7_tol0.001_seed2,102,True,3,0.999941842991285,0.021569683628953444,0.02156968362895344,0.15
images7_tol0.001_seed2,103,True,3,0.999941842991285,0.021569683628953444,0.02156968362895344,0.075
images7_tol0.001_seed2,104,True,3,0.999944429871845,0.021084434990101826,0.021084434990101826,0.075
images7_tol0.001_seed2,105,True,3,0.9999493751568611,0.020124291733328106,0.02012429173332812,0.075
images7_tol0.001_seed2,106,True,3,0.9999562454818324,0.018708873590272634,0.01870887359027263,0.075
images7_tol0.001_seed2,107,True,3,0.9999644373377653,0.016866786702921212,0.016866786702921202,0.075
images7_tol0.001_seed2,108,True,3,0.9999732162264808,0.014637755640507167,0.014637755640507174,0.075
images7_tol0.001_seed2,109,True,3,0.9999825247844492,0.011824008027084082,0.011824008027084082,0.0825
images7_tol0.001_seed2,110,True,3,0.9999911468642247,0.008876259965734636,0.008416905841597702,0.09075000000000001
images7_tol0.001_seed2,111,True,3,0.9999974641209927,0.011624663957482665,0.004507286020849796,0.09982500000000002
images7_tol0.001_seed2,112,True,3,0.9999999905098578,0.013050417138023025,0.00032223399566030545,0.10980750000000003
images7_tol0.001_seed2,113,True,3,0.9999980778393428,0.012408088674796043,0.003923594846876567,0.12078825000000004
images7_tol0.001_seed2,114,True,3,0.9999925549811871,0.009651873135515961,0.007717789366973031,0.13286707500000006
images7_tol0.001_seed2,115,True,3,0.9999861966450619,0.01050832409117206,0.01050832409117206,0.14615378250000008
images7_tol0.001_seed2,116,True,3,0.9999835148687638,0.01148398676710812,0.01148398676710812,0.15
images7_tol0.001_seed2,117,True,3,0.9999835148687638,0.01148398676710812,0.01148398676710812,0.075
images7_tol0.001_seed2,118,True,3,0.9999842483012913,0.011225605068630507,0.01122560506863051,0.075
images7_tol0.001_seed2,119,True,3,0.9999856490902201,0.010714822935321264,0.010714822935321265,0.075
images7_tol0.001_seed2,120,True,3,0.999987589952096,0.009963937772558744,0.00996393777255874,0.075
images7_tol0.001_seed2,121,True,3,0.9999898926370958,0.008992123161605315,0.008992123161605317,0.075
images7_tol0.001_seed2,122,True,3,0.9999923435782666,0.007826288070032036,0.007826288070032036,0.075
images7_tol0.001_seed2,123,True,3,0.9999949286585583,0.006369506103651138,0.006369506103651138,0.0825
images7_tol0.001_seed2,124,True,3,0.9999973356503911,0.006334213329105452,0.004616876186830014,0.09075000000000001
images7_tol0.001_seed2,125,True,3,0.9999991559127823,0.006305970507540872,0.002598926364003569,0.09982500000000002
images7_tol0.001_seed2,126,True,3,0.9999999802347256,0.005645912632364061,0.0004004367285133905,0.10980750000000003
images7_tol0.001_seed2,127,True,3,0.9999995829839612,0.004166398037529498,0.0018270027044488479,0.12078825000000004
images7_tol0.001_seed2,128,True,3,0.999998172024957,0.0038242001492390077,0.0038242001492390064,0.13286707500000006
images7_tol0.001_seed2,129,True,3,0.9999965434810261,0.005258522599808873,0.00525852259980887,0.14615378250000008
images7_tol0.001_seed2,130,True,3,0.9999957603200975,0.0058238636788418225,0.005823863678841822,0.15
images7_tol0.001_seed2,131,True,3,0.9999957603200975,0.0058238636788418225,0.005823863678841822,0.075
images7_tol0.001_seed2,132,True,3,0.99999594895567,0.005692828180381256,0.005692828180381256,0.075
images7_tol0.001_seed2,133,True,3,0.9999963094560478,0.005433624505732919,0.005433624505732919,0.075
images7_tol0.001_seed2,134,True,3,0.9999968098476297,0.005051844861185314,0.005051844861185313,0.075
images7_tol0.001_seed2,135,True,3,0.9999974054788563,0.004555886280611179,0.004555886280611179,0.075
images7_tol0.001_seed2,136,True,3,0.9999980422161856,0.003957554507486917,0.003957554507486918,0.075
images7_tol0.001_seed2,137,True,3,0.9999987159552982,0.003205056061500907,0.003205056061500907,0.0825
images7_tol0.001_seed2,138,True,3,0.9999993411670615,0.002681610335178713,0.0022958128749689995,0.09075000000000001
images7_tol0.001_seed2,139,True,3,0.9999998046326108,0.0031194795539055803,0.0012502300306242637,0.09982500000000002
images7_tol0.001_seed2,140,True,3,0.9999999982579327,0.003365915546696545,0.00011859621092590752,0.10980750000000003
images7_tol0.001_seed2,141,True,3,0.9999998704953819,0.003060143539147229,0.001017895364617269,0.12078825000000004
images7_tol0.001_seed2,142,True,3,0.9999994813739984,0.002221043030213414,0.0020369145001756053,0.13286707500000006
images7_tol0.001_seed2,143,True,3,0.9999990451810409,0.0027637916079533524,0.002763791607953351,0.14615378250000008
images7_tol0.001_seed2,144,True,3,0.9999990451810409,0.0027637916079533524,0.002763791607953351,0.07307689125000004
images7_tol0.001_seed2,145,True,3,0.999999085536893,0.00270475462188024,0.002704754621880241,0.07307689125000004
images7_tol0.001_seed2,146,True,3,0.9999991628255571,0.0025879314055497578,0.002587931405549757,0.07307689125000004
images7_tol0.001_seed2,147,True,3,0.9999992704861186,0.0024158033095768223,0.002415803309576822,0.07307689125000004
images7_tol0.001_seed2,148,True,3,0.9999993993233838,0.002192124348470633,0.0021921243484706336,0.07307689125000004
images7_tol0.001_seed2,149,True,3,0.9999995381863395,0.0019221101892417823,0.0019221101892417831,0.07307689125000004
images7_tol0.001_seed2,150,True,3,0.9999996871849579,0.001581935870376304,0.001581935870376304,0.08038458037500006
images7_tol0.001_seed2,151,True,3,0.9999998291770433,0.001169011036218088,0.0011690110362180884,0.08842303841250007
images7_tol0.001_seed2,152,True,3,0.9999999404472648,0.001211995026550218,0.0006902365597806208,0.09726534225375008
images7_tol0.001_seed2,153,True,3,0.9999999965528338,0.0012041248318120296,0.00016607760362326776,0.1069918764791251
images7_tol0.001_seed2,154,True,3,0.9999999830047138,0.0011872120053341977,0.0003687342634615657,0.11769106412703761
images7_tol0.001_seed2,155,True,3,0.9999999062573569,0.0012363865236620305,0.0008659917424461304,0.12946017053974138
images7_tol0.001_seed2,156,True,3,0.9999998001580842,0.0012644109016202104,0.0012644109016202102,0.14240618759371554
images7_tol0.001_seed2,157,True,3,0.9999997253410606,0.0014823195918491187,0.0014823195918491194,0.15
images7_tol0.001_seed2,158,True,3,0.9999997264053011,0.0014794450208950418,0.0014794450208950416,0.15
images7_tol0.001_seed2,159,True,3,0.9999997264053011,0.0014794450208950418,0.0014794450208950416,0.075
images7_tol0.001_seed2,160,True,3,0.9999997385785387,0.001446157528911563,0.0014461575289115628,0.075
images7_tol0.001_seed2,161,True,3,0.9999997618332861,0.0013803381890724897,0.0013803381890724904,0.075
images7_tol0.001_seed2,162,True,3,0.9999997940751288,0.00128351030131447,0.00128351030131447,0.075
images7_tol0.001_seed2,163,True,3,0.9999998323770964,0.0011580081850521833,0.0011580081850521835,0.075
images7_tol0.001_seed2,164,True,3,0.9999998732222765,0.0010070857133326271,0.0010070857133326276,0.075
images7_tol0.001_seed2,165,True,3,0.9999999163793372,0.00081790304226098,0.0008179030422609799,0.0825
images7_tol0.001_seed3,0,False,3,2.7737105591448117,5.344718465122827,5.345822897728528,0.025
images7_tol0.001_seed3,1,False,3,2.7558978323568195,5.317859942721912,5.31924034123617,0.025
images7_tol0.001_seed3,2,False,3,2.7206268662714175,5.264272682661616,5.266205539711391,0.025
images7_tol0.001_seed3,3,False,3,2.6685987524655146,5.184214906628598,5.186976349108785,0.025
images7_tol0.001_seed3,4,False,3,2.6008471100968555,5.0780726719855585,5.081935457476522,0.025
images7_tol0.001_seed3,5,False,3,2.5187182322811568,4.946359938008101,4.9515880085219655,0.025
images7_tol0.001_seed3,6,False,3,2.414525046747145,4.77405428976096,4.781057423651945,0.027500000000000004
images7_tol0.001_seed3,7,False,3,2.2859407279598294,4.552477553220696,4.561726761018079,0.030250000000000006
images7_tol0.001_seed3,8,False,3,2.131764530003863,4.271776270044505,4.2837816764932395,0.033275000000000006
images7_tol0.001_seed3,9,False,3,1.9528322843426325,3.921088559257701,3.9363534319939637,0.03660250000000001
images7_tol0.001_seed3,10,False,3,1.7532515224976122,3.488952309430227,3.507903048564889,0.040262750000000014
images7_tol0.001_seed3,11,False,3,1.5419249371934365,2.96408700745514,2.987007329173099,0.04428902500000002
images7_tol0.001_seed3,12,False,3,1.334160873308917,2.3367301482433223,2.3638247012579114,0.04871792750000002
images7_tol0.001_seed3,13,False,3,1.1725308697868408,1.918966466654713,1.7273487963191034,0.05358972025000003
images7_tol0.001_seed3,14,False,3,1.0624803208400508,1.5608225098008022,1.0952264132528444,0.058948692275000034
images7_tol0.001_seed3,15,False,3,1.0039857821938463,1.024636151243778,0.48629388925398465,0.06484356150250004
images7_tol0.001_seed3,16,False,3,0.9969552343688686,1.413033373026128,0.3080524298759872,0.07132791765275004
images7_tol0.001_seed3,17,False,3,0.9969552343688686,1.413033373026128,0.3080524298759872,0.03566395882637502
images7_tol0.001_seed3,18,False,3,0.9969103454087178,1.3874359060351085,0.30615905158962886,0.03566395882637502
images7_tol0.001_seed3,19,False,3,0.9968230491815989,1.3365079377071558,0.3024107231602464,0.03566395882637502
images7_tol0.001_seed3,20,False,3,0.9966981655575746,1.260823109546725,0.29688285490707444,0.03566395882637502
images7_tol0.001_seed3,21,False,3,0.9965426234533524,1.1613361025039661,0.28968710128194264,0.03566395882637502
images7_tol0.001_seed3,22,False,3,0.9963651682697264,1.0394905639356466,0.28097143737645486,0.03566395882637502
images7_tol0.001_seed3,23,False,3,0.9961583177043101,0.8830865777189824,0.2699327968670798,0.039230354709012524
images7_tol0.001_seed3,24,False,3,0.9959335880814184,0.6881689911328368,0.2563843021725251,0.04315339017991378
images7_tol0.001_seed3,25,False,3,0.9957139916048627,0.45406629814731136,0.24036532513500503,0.04746872919790516
images7_tol0.001_seed3,26,False,3,0.9955396108196073,0.30890536288914655,0.22239931345737315,0.05221560211769568
images7_tol0.001_seed3,27,False,3,0.9954746792950687,0.28971845144112685,0.20403620524364297,0.057437162329465254
images7_tol0.001_seed3,28,False,3,0.995602869558035,0.38270053043915847,0.1887574587998591,0.06318087856241178
images7_tol0.001_seed3,29,False,3,0.9959770072650943,0.5704009993138915,0.18085848064265547,0.06949896641865297
images7_tol0.001_seed3,30,False,3,0.9959770072650943,0.5704009993138915,0.18085848064265547,0.034749483209326484
images7_tol0.001_seed3,31,False,3,0.995981301540463,0.5575973108651839,0.1807378981027086,0.034749483209326484
images7_tol0.001_seed3,32,False,3,0.9959899997134979,0.5322724335269609,0.18049487609452783,0.034749483209326484
images7_tol0.001_seed3,33,False,3,0.9960033563008431,0.49499427621913034,0.18012482427506157,0.034749483209326484
images7_tol0.001_seed3,34,False,3,0.9960218098815457,0.4466162103010193,0.17961939884411854,0.034749483209326484
images7_tol0.001_seed3,35,False,3,0.9960460361745616,0.3882756570825387,0.17896509923407977,0.034749483209326484
images7_tol0.001_seed3,36,False,3,0.9960801289154005,0.31470493711822567,0.17805885552389,0.03822443153025914
images7_tol0.001_seed3,37,False,3,0.99612851106225,0.22488873307958165,0.1767957630655812,0.04204687468328506
images7_tol0.001_seed3,38,False,3,0.9961985671884716,0.11939575867050603,0.1750009876918115,0.046251562151613565
images7_tol0.001_seed3,39,False,3,0.9963038830701572,0.10665009519928069,0.17234913977891467,0.050876718366774924
images7_tol0.001_seed3,40,False,3,0.9964664163108481,0.11731933883695873,0.16829851267319956,0.055964390203452424
images7_tol0.001_seed3,41,False,3,0.9964664163108481,0.11731933883695873,0.16829851267319956,0.027982195101726212
images7_tol0.001_seed3,42,False,3,0.9964725364545453,0.11567867315066264,0.1681512657180056,0.027982195101726212
images7_tol0.001_seed3,43,False,3,0.996484765288872,0.1124209548136417,0.16785668482681373,0.027982195101726212
images7_tol0.001_seed3,44,False,3,0.9965030889738253,0.10759509865781801,0.16741437786059973,0.027982195101726212
images7_tol0.001_seed3,45,False,3,0.9965274992539415,0.10127676990951887,0.16682344946333608,0.027982195101726212
images7_tol0.001_seed3,46,False,3,0.9965580002130919,0.09356975341726753,0.1660823227194855,0.027982195101726212
images7_tol0.001_seed3,47,False,3,0.996598264052705,0.0870483056966318,0.16509921502438302,0.030780414611898836
images7_tol0.001_seed3,48,False,3,0.9966506855110088,0.08480073494791131,0.16381099404483362,0.033858456073088725
images7_tol0.001_seed3,49,False,3,0.9967181900234631,0.08195480436318892,0.16213799524899106,0.0372443016803976
images7_tol0.001_seed3,50,True,3,0.9968043086811434,0.15997981014947318,0.15997981014947324,0.04096873184843736
images7_tol0.001_seed3,51,True,3,0.996820259989294,0.15958286250942122,0.1595828625094212,0.025
images7_tol0.001_seed3,52,True,3,0.9968520029482203,0.15878991235884266,0.15878991235884266,0.025
images7_tol0.001_seed3,53,True,3,0.9968992180794229,0.157602890879404,0.1576028908794039,0.025
images7_tol0.001_seed3,54,True,3,0.9969614273593074,0.15602476143704785,0.1560247614370478,0.025
images7_tol0.001_seed3,55,True,3,0.9970379967899523,0.15405957681514765,0.15405957681514776,0.025
images7_tol0.001_seed3,56,True,3,0.9971370781257262,0.15147781793993348,0.1514778179399335,0.027500000000000004
images7_tol0.001_seed3,57,True,3,0.9972626775868632,0.14813880362008927,0.14813880362008924,0.030250000000000006
images7_tol0.001_seed3,58,True,3,0.9974188342637679,0.14387677592118409,0.143876775921184,0.033275000000000006
images7_tol0.001_seed3,59,True,3,0.9976092103145758,0.13849929841966682,0.13849929841966674,0.03660250000000001
images7_tol0.001_seed3,60,True,3,0.9978364376891629,0.13178748973302407,0.13178748973302407,0.040262750000000014
images7_tol0.001_seed3,61,True,3,0.9981011491908027,0.12349962230012852,0.12349962230012855,0.04428902500000002
images7_tol0.001_seed3,62,True,3,0.9984006466697676,0.11338036176449122,0.1133803617644912,0.04871792750000002
images7_tol0.001_seed3,63,True,3,0.9987272420870063,0.10117873675551486,0.10117873675551486,0.05358972025000003
images7_tol0.001_seed3,64,True,3,0.9990664868294329,0.09264285667064211,0.08667855111378615,0.058948692275000034
images7_tol0.001_seed3,65,True,3,0.9993958068914452,0.09147149399117604,0.06974511410901356,0.06484356150250004
images7_tol0.001_seed3,66,True,3,0.9996844612394201,0.08769076530312961,0.05039216399021109,0.07132791765275004
images7_tol0.001_seed3,67,True,3,0.999896139519658,0.08011805349062653,0.02887511549824798,0.07846070941802505
images7_tol0.001_seed3,68,True,3,0.9999957578957444,0.0754822630460614,0.0058889051534113225,0.08630678035982756
images7_tol0.001_seed3,69,True,3,0.9999618145700648,0.06638909605977959,0.017825547225333475,0.09493745839581032
images7_tol0.001_seed3,70,True,3,0.9998040840383515,0.05109105801951059,0.03998994050078524,0.10443120423539136
images7_tol0.001_seed3,71,True,3,0.9995801428297281,0.058319020849397406,0.058319020849397434,0.11487432465893051
images7_tol0.001_seed3,72,True,3,0.999388125992627,0.07017090781773058,0.0701709078177306,0.12636175712482356
images7_tol0.001_seed3,73,True,3,0.999388125992627,0.07017090781773058,0.0701709078177306,0.06318087856241178
images7_tol0.001_seed3,74,True,3,0.9994073526291368,0.06904713606113921,0.06904713606113921,0.06318087856241178
images7_tol0.001_seed3,75,True,3,0.9994446171339548,0.0668176714553312,0.06681767145533117,0.06318087856241178
images7_tol0.001_seed3,76,True,3,0.9994976248472903,0.06351755860876108,0.06351755860876108,0.06318087856241178
images7_tol0.001_seed3,77,True,3,0.9995631057284136,0.05919816522921144,0.05919816522921144,0.06318087856241178
images7_tol0.001_seed3,78,True,3,0.999636977764975,0.053927826660634524,0.05392782666063454,0.06318087856241178
images7_tol0.001_seed3,79,True,3,0.9997217821534522,0.04718245821299918,0.04718245821299916,0.06949896641865297
images7_tol0.001_seed3,80,True,3,0.9998118969752295,0.038787785628532905,0.038787785628532905,0.07644886306051828
images7_tol0.001_seed3,81,True,3,0.999897415778635,0.03191777025286013,0.02868513286845143,0.08409374936657012
images7_tol0.001_seed3,82,True,3,0.9999643840110702,0.028651011988277134,0.017081444651331084,0.09250312430322713
images7_tol0.001_seed3,83,True,3,0.9999983054054481,0.034955282722555416,0.004963878631181544,0.10175343673354985
images7_tol0.001_seed3,84,True,3,0.999990600771076,0.041765729752100404,0.00934217866797541,0.11192878040690485
images7_tol0.001_seed3,85,True,3,0.9999445914001672,0.042807821046917986,0.02126410794690081,0.12312165844759534
images7_tol0.001_seed3,86,True,3,0.9998789947017362,0.03550085774161879,0.03116957350807364,0.1354338242923549
images7_tol0.001_seed3,87,True,3,0.9998270429175925,0.03719609026378114,0.03719609026378114,0.1489772067215904
images7_tol0.001_seed3,88,True,3,0.9998242261997556,0.0375048140642901,0.0375048140642901,0.15
images7_tol0.001_seed3,89,True,3,0.9998242261997556,0.0375048140642901,0.0375048140642901,0.075
images7_tol0.001_seed3,90,True,3,0.9998320394379157,0.03666110526360857,0.036661105263608565,0.075
images7_tol0.001_seed3,91,True,3,0.9998469614689681,0.034993470546828685,0.03499347054682871,0.075
images7_tol0.001_seed3,92,True,3,0.9998676335657657,0.03254281051936213,0.032542810519362114,0.075
images7_tol0.001_seed3,93,True,3,0.9998921561758151,0.029372563149982264,0.029372563149982257,0.075
images7_tol0.001_seed3,94,True,3,0.9999182635342291,0.02557030151536978,0.025570301515369785,0.075
images7_tol0.001_seed3,95,True,3,0.9999458285791603,0.023602730133772443,0.020817027346765608,0.0825
images7_tol0.001_seed3,96,True,3,0.9999715508736625,0.022280185190072223,0.015089116647118227,0.09075000000000001
images7_tol0.001_seed3,97,True,3,0.9999910478929369,0.01983676478113423,0.008476788332644494,0.09982500000000002
images7_tol0.001_seed3,98,True,3,0.999999826255783,0.018252464488003686,0.001313523074522938,0.10980750000000003
images7_tol0.001_seed3,99,True,3,0.9999953615063881,0.014426654169394487,0.006115166610759173,0.12078825000000004
images7_tol0.001_seed3,100,True,3,0.9999801924455093,0.012592747755114592,0.012592747755114589,0.13286707500000006
images7_tol0.001_seed3,101,True,3,0.9999636180303704,0.017060096647398937,0.01706009664739895,0.14615378250000008
images7_tol0.001_seed3,102,True,3,0.9999636180303704,0.017060096647398937,0.01706009664739895,0.07307689125000004
images7_tol0.001_seed3,103,True,3,0.9999651556881635,0.016695724594681945,0.01669572459468194,0.07307689125000004
images7_tol0.001_seed3,104,True,3,0.9999681012654162,0.015974526519910957,0.015974526519910957,0.07307689125000004
images7_tol0.001_seed3,105,True,3,0.9999722072602123,0.014911110686469851,0.01491111068646986,0.07307689125000004
images7_tol0.001_seed3,106,True,3,0.9999771279377181,0.013526993484808942,0.01352699348480894,0.07307689125000004
images7_tol0.001_seed3,107,True,3,0.9999824437394421,0.011851419890500916,0.011851419890500921,0.07307689125000004
images7_tol0.001_seed3,108,True,3,0.9999881629589619,0.009731601582571952,0.00973160158257195,0.08038458037500006
images7_tol0.001_seed3,109,True,3,0.9999936171310269,0.008153772014631404,0.007146337929323084,0.08842303841250007
images7_tol0.001_seed3,110,True,3,0.9999978568140493,0.007492527047258483,0.0041412477470994125,0.09726534225375008
images7_tol0.001_seed3,111,True,3,0.999999908283279,0.00871723728005186,0.0008572733641697769,0.1069918764791251
images7_tol0.001_seed3,112,True,3,0.9999992317488344,0.010308079805596256,0.0024791228323009632,0.11769106412703761
images7_tol0.001_seed3,113,True,3,0.9999961286771596,0.010255568066262799,0.005565314348035001,0.12946017053974138
images7_tol0.001_seed3,114,True,3,0.9999919695117425,0.008073786467326713,0.008015543091193024,0.14240618759371554
images7_tol0.001_seed3,115,True,3,0.9999891976172789,0.009296418972097306,0.00929641897209731,0.15
images7_tol0.001_seed3,116,True,3,0.9999895376046138,0.009148767352328512,0.009148767352328512,0.15
images7_tol0.001_seed3,117,True,3,0.9999895376046138,0.009148767352328512,0.009148767352328512,0.075
images7_tol0.001_seed3,118,True,3,0.9999900030928913,0.00894292345108859,0.008942923451088587,0.075
images7_tol0.001_seed3,119,True,3,0.999990891999741,0.008536062207089749,0.00853606220708975,0.075
images7_tol0.001_seed3,120,True,3,0.9999921232310024,0.007938149514749358,0.007938149514749358,0.075
images7_tol0.001_seed3,121,True,3,0.999993583578362,0.007164581180077479,0.007164581180077478,0.075
images7_tol0.001_seed3,122,True,3,0.9999951382626654,0.006236480270107691,0.006236480270107689,0.075
images7_tol0.001_seed3,123,True,3,0.9999967800245001,0.005857309208356414,0.005075404276106882,0.0825
images7_tol0.001_seed3,124,True,3,0.9999983123376148,0.0053515436313487375,0.0036744474240675315,0.09075000000000001
images7_tol0.001_seed3,125,True,3,0.999999472816232,0.004603697123321561,0.002053813625658382,0.09982500000000002
images7_tol0.001_seed3,126,True,3,0.9999999903465095,0.004160184894516221,0.00027953434469500367,0.10980750000000003
images7_tol0.001_seed3,127,True,3,0.9999997127662476,0.0031715122662527434,0.001516113327650867,0.12078825000000004
images7_tol0.001_seed3,128,True,3,0.9999988038957178,0.003093392888987256,0.003093392888987255,0.13286707500000006
images7_tol0.001_seed3,129,True,3,0.9999978460124503,0.004151126723041977,0.004151126723041977,0.14615378250000008
images7_tol0.001_seed3,130,True,3,0.9999978460124503,0.004151126723041977,0.004151126723041977,0.07307689125000004
images7_tol0.001_seed3,131,True,3,0.9999979370516084,0.004062455490760468,0.004062455490760468,0.07307689125000004
images7_tol0.001_seed3,132,True,3,0.9999981114173073,0.003886981883901509,0.0038869818839015083,0.07307689125000004
images7_tol0.001_seed3,133,True,3,0.9999983543450007,0.003628390699609115,0.0036283906996091146,0.07307689125000004
images7_tol0.001_seed3,134,True,3,0.9999986451649963,0.003292214028088703,0.0032922140280887044,0.07307689125000004
images7_tol0.001_seed3,135,True,3,0.9999989588221728,0.002886075065530722,0.0028860750655307207,0.07307689125000004
images7_tol0.001_seed3,136,True,3,0.9999992956804488,0.002373725824069104,0.0023737258240691043,0.08038458037500006
images7_tol0.001_seed3,137,True,3,0.9999996169160703,0.0021344362267021167,0.0017506268927216459,0.08842303841250007
images7_tol0.001_seed3,138,True,3,0.9999998682417702,0.0019335892156959245,0.0010266867061759276,0.09726534225375008
images7_tol0.001_seed3,139,True,3,0.9999999932044327,0.0020122795480247875,0.0002331834740117327,0.1069918764791251
images7_tol0.001_seed3,140,True,3,0.9999999585764949,0.0023031999351666474,0.0005756642466258944,0.11769106412703761
images7_tol0.001_seed3,141,True,3,0.9999997811171388,0.00221445545123045,0.001323277662522194,0.12946017053974138
images7_tol0.001_seed3,142,True,3,0.9999995442669589,0.0019094165157553915,0.0019094165157553917,0.14240618759371554
images7_tol0.001_seed3,143,True,3,0.9999993945048514,0.0022009020731528265,0.002200902073152826,0.15
images7_tol0.001_seed3,144,True,3,0.9999993945048514,0.0022009020731528265,0.002200902073152826,0.075
images7_tol0.001_seed3,145,True,3,0.9999994214454879,0.0021513817793511365,0.002151381779351136,0.075
images7_tol0.001_seed3,146,True,3,0.9999994729074921,0.0020534715272404564,0.002053471527240457,0.075
images7_tol0.001_seed3,147,True,3,0.9999995442468349,0.0019094575275476668,0.0019094575275476677,0.075
images7_tol0.001_seed3,148,True,3,0.9999996289778688,0.001722840000548956,0.0017228400005489554,0.075
images7_tol0.001_seed3,149,True,3,0.9999997193247604,0.0014984663588592517,0.0014984663588592515,0.075
images7_tol0.001_seed3,150,True,3,0.9999998148052403,0.0012171926063824531,0.0012171926063824533,0.0825
images7_tol0.001_seed3,151,True,3,0.9999999037220727,0.0010448309427466657,0.0008776245901327494,0.09075000000000001
images7_tol0.001_seed3,152,True,3,0.9999999704807621,0.0009529774378247662,0.000485960828311249,0.09982500000000002
images7_tol1e-05_seed1,0,False,2,2.65334162163916,6.110151471153691,6.351716127279909,0.025
images7_tol1e-05_seed1,1,False,2,2.6302819427073922,6.079141728884063,6.321712879761145,0.025
images7_tol1e-05_seed1,2,False,2,2.584658453067233,6.017050670352391,6.261784056624405,0.025
images7_tol1e-05_seed1,3,False,2,2.5174621154599333,5.923717636675734,6.172092003835434,0.025
images7_tol1e-05_seed1,4,False,2,2.4301714314047764,5.798844401015272,6.052892433877864,0.025
images7_tol1e-05_seed1,5,False,2,2.3247385449446853,5.641901326791569,5.904546951113096,0.025
images7_tol1e-05_seed1,6,False,3,2.248744583506542,5.4050859333048535,4.498492401830757,0.027500000000000004
images7_tol1e-05_seed1,7,False,3,2.158597859981895,5.094427788781443,4.322682518869673,0.030250000000000006
images7_tol1e-05_seed1,8,False,3,2.045429656397734,4.699100255770262,4.097021813360374,0.033275000000000006
images7_tol1e-05_seed1,9,False,3,1.9072227767547287,4.206320119264782,3.810828907300411,0.03660250000000001
images7_tol1e-05_seed1,10,False,3,1.7445060201765665,3.606736707589247,3.45248744899905,0.040262750000000014
images7_tol1e-05_seed1,11,False,3,1.5621725274666374,3.010088674696279,3.0100850973897666,0.04428902500000002
images7_tol1e-05_seed1,12,False,3,1.376440210040766,2.6575382597455808,2.4878679479501735,0.04871792750000002
images7_tol1e-05_seed1,13,False,3,1.2186076208667636,2.205690089401961,1.9404208417208841,0.05358972025000003
images7_tol1e-05_seed1,14,False,3,1.0949860813167116,1.5329364131047758,1.3643387203067652,0.058948692275000034
images7_tol1e-05_seed1,15,False,3,1.0136186832616532,0.7606530676266015,0.766395142529888,0.06484356150250004
images7_tol1e-05_seed1,16,False,3,0.9861826096167635,0.6809641914725048,0.33298386072709796,0.07132791765275004
images7_tol1e-05_seed1,17,False,3,0.9861826096167635,0.6809641914725048,0.33298386072709796,0.03566395882637502
images7_tol1e-05_seed1,18,False,3,0.9863474054035803,0.6716781834674299,0.3311213861029043,0.03566395882637502
images7_tol1e-05_seed1,19,False,3,0.9866717006580916,0.6532118589676739,0.3274220038749604,0.03566395882637502
images7_tol1e-05_seed1,20,False,3,0.9871451076867668,0.6257743749114529,0.32193638890500553,0.03566395882637502
images7_tol1e-05_seed1,21,False,3,0.9877525723144694,0.5896793844140527,0.3147395012518143,0.03566395882637502
images7_tol1e-05_seed1,22,False,3,0.9884749993681767,0.5453492932431753,0.305929355063535,0.03566395882637502
images7_tol1e-05_seed1,23,False,3,0.989369983252321,0.4881294566283578,0.2945945312716928,0.039230354709012524
images7_tol1e-05_seed1,24,False,3,0.9904399192017569,0.41598678395531363,0.2803416299045429,0.04315339017991378
images7_tol1e-05_seed1,25,False,3,0.9916702352794796,0.32730715641462094,0.26281450644478155,0.04746872919790516
images7_tol1e-05_seed1,26,False,3,0.993021996946751,0.225085405540879,0.24176627977849252,0.05221560211769568
images7_tol1e-05_seed1,27,False,3,0.994423243542478,0.17773700445799745,0.21721854767844492,0.057437162329465254
images7_tol1e-05_seed1,28,False,3,0.9957564996786541,0.19129426897199348,0.18997112654265233,0.06318087856241178
images7_tol1e-05_seed1,29,False,3,0.9968846096657205,0.19415774856384388,0.16225426493738926,0.06949896641865297
images7_tol1e-05_seed1,30,False,3,0.9968846096657205,0.19415774856384388,0.16225426493738926,0.034749483209326484
images7_tol1e-05_seed1,31,False,3,0.9968740662351869,0.19131797983622317,0.1624310099795034,0.034749483209326484
images7_tol1e-05_seed1,32,False,3,0.9968534200611763,0.18568715197968613,0.16277608657474274,0.034749483209326484
images7_tol1e-05_seed1,33,False,3,0.9968236024333963,0.17736125108087225,0.16327139005122504,0.034749483209326484
images7_tol1e-05_seed1,34,False,3,0.9967860899953861,0.16648165464014317,0.16388779989342367,0.034749483209326484
images7_tol1e-05_seed1,35,False,3,0.9967429731277034,0.1533544317719245,0.16458359964564792,0.034749483209326484
images7_tol1e-05_seed1,36,False,3,0.9966924624242681,0.13970966433484577,0.16537515468631697,0.03822443153025914
images7_tol1e-05_seed1,37,False,3,0.9966381631669976,0.1229453136785761,0.16617741684800794,0.04204687468328506
images7_tol1e-05_seed1,38,False,3,0.9965883590605172,0.10305969190315158,0.1668066746097647,0.046251562151613565
images7_tol1e-05_seed1,39,False,3,0.9965598338948466,0.08059522709429631,0.16689691270015153,0.050876718366774924
images7_tol1e-05_seed1,40,False,3,0.9965826115790374,0.06507536581160345,0.16578936679837772,0.055964390203452424
images7_tol1e-05_seed1,41,False,3,0.9966915267894612,0.09177232951999581,0.16269940112089495,0.06156082922379767
images7_tol1e-05_seed1,42,False,3,0.9969034150923352,0.11905254666806121,0.15715759050490516,0.06771691214617745
images7_tol1e-05_seed1,43,False,3,0.9972209127758833,0.13678586099240014,0.1488343814772896,0.0744886033607952
images7_tol1e-05_seed1,44,False,3,0.9976370908688915,0.13991451519877585,0.13737660714330652,0.08193746369687473
images7_tol1e-05_seed1,45,False,3,0.9981314628071195,0.12417673889124738,0.12245637367381862,0.0901312100665622
images7_tol1e-05_seed1,46,False,3,0.9986637192468387,0.1018357866850591,0.10395046844350254,0.09914433107321843
images7_tol1e-05_seed1,47,False,3,0.9991715189917011,0.09358295863791342,0.08225458141441996,0.10905876418054028
images7_tol1e-05_seed1,48,False,3,0.9995800834845221,0.086490433061609,0.058824864424636955,0.11996464059859431
images7_tol1e-05_seed1,49,False,3,0.9998397562337069,0.10452930368439198,0.03634076539881603,0.13196110465845376
images7_tol1e-05_seed1,50,True,3,0.9998397562337069,0.10452930368439198,0.03634076539881603,0.06598055232922688
images7_tol1e-05_seed1,51,True,3,0.9998405449758891,0.1036013710609076,0.036248148517829516,0.025
images7_tol1e-05_seed1,52,True,3,0.9998421152072812,0.10175438188720312,0.03606312864834215,0.025
images7_tol1e-05_seed1,53,True,3,0.9998444532039515,0.0990063726114015,0.03578604987064245,0.025
images7_tol1e-05_seed1,54,True,3,0.9998475395299509,0.0953847406758104,0.035417306198006565,0.025
images7_tol1e-05_seed1,55,True,3,0.9998513497660078,0.09092639082644853,0.03495726156406504,0.025
images7_tol1e-05_seed1,56,True,3,0.9998563019919201,0.08515313302464807,0.03435106860440087,0.027500000000000004
images7_tol1e-05_seed1,57,True,3,0.9998626182485296,0.08117545252253211,0.03356364143578513,0.030250000000000006
images7_tol1e-05_seed1,58,True,3,0.9998705375605237,0.07636967680544039,0.032552178124348845,0.033275000000000006
images7_tol1e-05_seed1,59,True,3,0.9998803030485223,0.07041646994447337,0.031264363030999304,0.03660250000000001
images7_tol1e-05_seed1,60,True,3,0.9998921380760796,0.06316224154197525,0.02963597107007701,0.040262750000000014
images7_tol1e-05_seed1,61,True,3,0.9999062029147567,0.05448571112726695,0.027587749960756105,0.04428902500000002
images7_tol1e-05_seed1,62,True,3,0.9999225093796528,0.04435069993399871,0.025022777349999702,0.04871792750000002
images7_tol1e-05_seed1,63,True,3,0.9999407227128424,0.03292281076269416,0.021834062954866992,0.05358972025000003
images7_tol1e-05_seed1,64,True,3,0.9999597254979887,0.03124747882558506,0.017958762762796916,0.058948692275000034
images7_tol1e-05_seed1,65,True,3,0.999977349025199,0.03751405427740048,0.013469415056726863,0.06484356150250004
images7_tol1e-05_seed1,66,True,3,0.9999911177842348,0.04676705770448269,0.00855950105485945,0.07132791765275004
images7_tol1e-05_seed1,67,True,3,0.999998999126674,0.050182997381701726,0.003697030556703831,0.07846070941802505
images7_tol1e-05_seed1,68,True,3,0.9999997124056509,0.047099134978161906,0.0034189278944314057,0.08630678035982756
images7_tol1e-05_seed1,69,True,3,0.9999930625640334,0.03772357692611808,0.008205933891734712,0.09493745839581032
images7_tol1e-05_seed1,70,True,3,0.9999804814365845,0.024237839673552284,0.012949946519173203,0.10443120423539136
images7_tol1e-05_seed1,71,True,3,0.999965668276617,0.019740726243598482,0.01681413473393367,0.11487432465893051
images7_tol1e-05_seed1,72,True,3,0.999965668276617,0.019740726243598482,0.01681413473393367,0.057437162329465254
images7_tol1e-05_seed1,73,True,3,0.999966560707002,0.01867972251255983,0.016588043246350374,0.057437162329465254
images7_tol1e-05_seed1,74,True,3,0.9999683011541544,0.01669891375295299,0.016138678548708315,0.057437162329465254
images7_tol1e-05_seed1,75,True,3,0.9999708056869518,0.015470878035148029,0.015470878035148026,0.057437162329465254
images7_tol1e-05_seed1,76,True,3,0.9999739552252994,0.014591082563414058,0.014591082563414058,0.057437162329465254
images7_tol1e-05_seed1,77,True,3,0.9999775968643487,0.013508007179566702,0.013508007179566704,0.057437162329465254
images7_tol1e-05_seed1,78,True,3,0.9999819136576578,0.012108572118493205,0.012108572118493208,0.06318087856241178
images7_tol1e-05_seed1,79,True,3,0.9999866971841492,0.012385718055500356,0.010355083644589475,0.06949896641865297
images7_tol1e-05_seed1,80,True,3,0.9999915255992589,0.0145271944132456,0.008241055257954367,0.07644886306051828
images7_tol1e-05_seed1,81,True,3,0.9999957957312996,0.015079128222979524,0.005803999027483054,0.08409374936657012
images7_tol1e-05_seed1,82,True,3,0.9999988367725102,0.01289274852774133,0.0031482641327971695,0.09250312430322713
images7_tol1e-05_seed1,83,True,3,1.0000000586059816,0.009744964298897485,0.0010210487248352395,0.10175343673354985
images7_tol1e-05_seed1,84,True,3,0.9999991718144183,0.010004118604290558,0.002973341919601227,0.11192878040690485
images7_tol1e-05_seed1,85,True,3,0.9999965045932956,0.012706973090650253,0.0054893195066041045,0.12312165844759534
images7_tol1e-05_seed1,86,True,3,0.9999965045932956,0.012706973090650253,0.0054893195066041045,0.06156082922379767
images7_tol1e-05_seed1,87,True,3,0.9999966069344214,0.012404173793977626,0.0054021197982541186,0.06156082922379767
images7_tol1e-05_seed1,88,True,3,0.9999968059550979,0.011808973800606453,0.005229212703629424,0.06156082922379767
images7_tol1e-05_seed1,89,True,3,0.999997090923531,0.010941516107806644,0.004973301957183179,0.06156082922379767
images7_tol1e-05_seed1,90,True,3,0.9999974467287831,0.009830549419973475,0.004638040837040394,0.06156082922379767
images7_tol1e-05_seed1,91,True,3,0.9999978545141753,0.008512046659635227,0.004227858470046515,0.06156082922379767
images7_tol1e-05_seed1,92,True,3,0.999998333132269,0.006880710752783675,0.0037002937631605243,0.06771691214617745
images7_tol1e-05_seed1,93,True,3,0.9999988570570226,0.004938940805954746,0.003039500459774075,0.0744886033607952
images7_tol1e-05_seed1,94,True,3,0.9999993719289205,0.004183680637361186,0.002241579109436768,0.08193746369687473
images7_tol1e-05_seed1,95,True,3,0.9999997881927748,0.004564380705475468,0.0013419532247112096,0.0901312100665622
images7_tol1e-05_seed1,96,True,3,1.0000000036397223,0.003554533026807131,0.0005656381808131325,0.09914433107321843
images7_tol1e-05_seed1,97,True,3,1.0000000036397223,0.003554533026807131,0.0005656381808131325,0.04957216553660922
images7_tol1e-05_seed1,98,True,3,1.0000000032867418,0.0034806677610819486,0.0005560392338521322,0.04957216553660922
images7_tol1e-05_seed1,99,True,3,1.0000000026167497,0.003335502523163146,0.0005370421485449361,0.04957216553660922
images7_tol1e-05_seed1,100,True,3,1.0000000016987383,0.003124174028887302,0.0005090373040218574,0.04957216553660922
images7_tol1e-05_seed1,101,True,3,1.0000000006292864,0.002854406272320564,0.0004726018419723248,0.04957216553660922
images7_tol1e-05_seed1,102,True,3,0.9999999995252037,0.002536608984128198,0.00042851728479114575,0.04957216553660922
images7_tol1e-05_seed1,103,True,3,0.9999999984274079,0.0021495428756273284,0.0003728110328038905,0.05452938209027014
images7_tol1e-05_seed1,104,True,3,0.9999999975443074,0.0018299629917997453,0.00030508437886651716,0.059982320299297155
images7_tol1e-05_seed1,105,True,3,0.9999999971627285,0.001625358733673025,0.0002276776326447628,0.06598055232922688
images7_tol1e-05_seed1,106,True,3,0.9999999975680348,0.002270876090696844,0.00015119822175932036,0.07257860756214958
images7_tol1e-05_seed1,107,True,3,0.9999999988678668,0.002686336837341647,0.00011166087534287114,0.07983646831836455
images7_tol1e-05_seed1,108,True,3,1.0000000008284309,0.0026873186378671317,0.0001479948658704805,0.08782011515020101
images7_tol1e-05_seed1,109,True,3,1.000000002809117,0.002154130977884117,0.00021209175391026123,0.09660212666522111
images7_tol1e-05_seed1,110,True,3,1.000000003822803,0.0010593915162349931,0.0002602518790568121,0.10626233933174323
images7_tol1e-05_seed1,111,True,3,1.000000003822803,0.0010593915162349931,0.0002602518790568121,0.053131169665871614
images7_tol1e-05_seed1,112,True,3,1.000000003646017,0.0010078717705404936,0.00025447003097055595,0.053131169665871614
images7_tol1e-05_seed1,113,True,3,1.0000000033084202,0.0009073167573751293,0.0002430325599219634,0.053131169665871614
images7_tol1e-05_seed1,114,True,3,1.0000000028402505,0.0008242357194948347,0.00022617708136181565,0.053131169665871614
images7_tol1e-05_seed1,115,True,3,1.0000000022832705,0.0007269850263275938,0.0002042378260346097,0.053131169665871614
images7_tol1e-05_seed1,116,True,3,1.0000000016874389,0.0006138509977869254,0.000177636779924589,0.053131169665871614
images7_tol1e-05_seed1,117,True,3,1.000000001055991,0.0004789811652118496,0.00014383762307151415,0.05844428663245878
images7_tol1e-05_seed1,118,True,3,1.0000000004733203,0.0003607095155096743,0.00010237558059684909,0.06428871529570467
images7_tol1e-05_seed1,119,True,3,1.000000000065584,0.0004822816468252601,5.4835041366747456e-05,0.07071758682527514
images7_tol1e-05_seed1,120,True,3,0.9999999999565375,0.000688064632154883,1.9384518623180276e-05,0.07778934550780266
images7_tol1e-05_seed1,121,True,3,1.00000000018306,0.0008020685817897656,5.763899355573555e-05,0.08556828005858293
images7_tol1e-05_seed1,122,True,3,1.0000000006625196,0.000788145754697784,0.00010313584206363634,0.09412510806444123
images7_tol1e-05_seed1,123,True,3,1.000000001194075,0.0006218015793775545,0.00013845259272787062,0.10353761887088536
images7_tol1e-05_seed1,124,True,3,1.0000000014912258,0.0003681807443462301,0.00015595303930902803,0.1138913807579739
images7_tol1e-05_seed1,125,True,3,1.0000000012964425,0.0003338865424401286,0.00014779419436110417,0.1252805188337713
images7_tol1e-05_seed1,126,True,3,1.0000000012964425,0.0003338865424401286,0.00014779419436110417,0.06264025941688565
images7_tol1e-05_seed1,127,True,3,1.000000001214922,0.0003231765653968503,0.00014319410340144235,0.06264025941688565
images7_tol1e-05_seed1,128,True,3,1.000000001062184,0.0003022053784242715,0.00013414306663083242,0.06264025941688565
images7_tol1e-05_seed1,129,True,3,1.0000000008576384,0.00027189348884130825,0.00012094285087832659,0.06264025941688565
images7_tol1e-05_seed1,130,True,3,1.0000000006273986,0.00023365725328754558,0.00010405045063580399,0.06264025941688565
images7_tol1e-05_seed1,131,True,3,1.0000000004008929,0.0001977625402691847,8.408472552466705e-05,0.06264025941688565
images7_tol1e-05_seed1,132,True,3,1.0000000001907805,0.00016082330819854935,5.963180062726103e-05,0.06890428535857422
images7_tol1e-05_seed1,133,True,3,1.000000000039953,0.00014055176771164216,3.129244864222004e-05,0.07579471389443165
images7_tol1e-05_seed1,134,True,3,0.9999999999926861,0.00011914492401515295,8.1012623654351e-06,0.08337418528387483
images7_tol1e-05_seed1,135,True,3,1.000000000066682,8.401988701964327e-05,3.3546460186374515e-05,0.09171160381226232
images7_tol1e-05_seed1,136,True,3,1.0000000002074618,0.0001005588920190904,5.762386350485945e-05,0.10088276419348856
images7_tol1e-05_seed1,137,True,3,1.0000000002074618,0.0001005588920190904,5.762386350485945e-05,0.05044138209674428
images7_tol1e-05_seed1,138,True,3,1.0000000001991012,9.785974982977074e-05,5.645101532285023e-05,0.05044138209674428
images7_tol1e-05_seed1,139,True,3,1.0000000001830522,9.253896827657196e-05,5.4128456750937976e-05,0.05044138209674428
images7_tol1e-05_seed1,140,True,3,1.000000000160597,8.475041055541941e-05,5.070052167408438e-05,0.05044138209674428
images7_tol1e-05_seed1,141,True,3,1.0000000001335208,7.472235373110342e-05,4.6230286362037865e-05,0.05044138209674428
images7_tol1e-05_seed1,142,True,3,1.0000000001039713,6.27565635369409e-05,4.0796461530677744e-05,0.05044138209674428
images7_tol1e-05_seed1,143,True,3,1.000000000071608,4.788926109042214e-05,3.3858769381045825e-05,0.05548552030641871
images7_tol1e-05_seed1,144,True,3,1.0000000000397091,3.0222639892103903e-05,2.521694500292013e-05,0.06103407233706059
images7_tol1e-05_seed1,145,True,3,1.0000000000135043,1.4712433429769981e-05,1.471243342976998e-05,0.06713747957076666
images7_tol1e-05_seed1,146,True,3,1.000000000000364,1.5466544106447022e-05,2.45766114174912e-06,0.07385122752784333
images7_tol1e-05_seed1,147,True,3,1.000000000000364,1.5466544106447022e-05,2.45766114174912e-06,0.036925613763921665
images7_tol1e-05_seed1,148,True,3,1.000000000000356,1.5176489051769933e-05,2.4310142642656056e-06,0.036925613763921665
images7_tol1e-05_seed1,149,True,3,1.0000000000003404,1.4602346113439457e-05,2.377991610122667e-06,0.036925613763921665
images7_tol1e-05_seed1,150,True,3,1.0000000000003177,1.3756024821225277e-05,2.2990894911640722e-06,0.036925613763921665
images7_tol1e-05_seed1,151,True,3,1.000000000000289,1.26552768472053e-05,2.194977200693223e-06,0.036925613763921665
images7_tol1e-05_seed1,152,True,3,1.0000000000002556,1.1323569906587644e-05,2.06643102217631e-06,0.036925613763921665
images7_tol1e-05_seed1,153,True,3,1.0000000000002147,9.722218232741588e-06,1.8990257850131667e-06,0.040618175140313836
images7_tol1e-05_seed2,0,False,2,2.9101357280521043,6.9164878347697165,7.116816150839861,0.025
images7_tol1e-05_seed2,1,False,2,2.8823553547511276,6.881003531609594,7.080678526781315,0.025
images7_tol1e-05_seed2,2,False,2,2.827423475649809,6.809958219601655,7.008519407385958,0.025
images7_tol1e-05_seed2,3,False,2,2.746588358182189,6.70317648092019,6.900574024067376,0.025
images7_tol1e-05_seed2,4,False,2,2.641701952119147,6.560333604678559,6.7572049553347036,0.025
images7_tol1e-05_seed2,5,False,2,2.5152005891165996,6.380863000122313,6.578920418506297,0.025
images7_tol1e-05_seed2,6,False,2,2.355879831201259,6.141796224455493,6.345112977053277,0.027500000000000004
images7_tol1e-05_seed2,7,False,2,2.1614117019707737,5.825537883869557,6.04363800879605,0.030250000000000006
images7_tol1e-05_seed2,8,False,3,1.9692974297108121,5.391835669361276,4.007745158849179,0.033275000000000006
images7_tol1e-05_seed2,9,False,3,1.8882532016520344,4.772036693765311,3.801544317289792,0.03660250000000001
images7_tol1e-05_seed2,10,False,3,1.7772088192924724,4.00045283924213,3.5323051981446163,0.040262750000000014
images7_tol1e-05_seed2,11,False,3,1.6335894040230436,3.5280245904709027,3.185361534496443,0.04428902500000002
images7_tol1e-05_seed2,12,False,3,1.4834076703856236,3.221473978413734,2.802984845272039,0.04871792750000002
images7_tol1e-05_seed2,13,False,3,1.3337698014265733,2.649632268277444,2.3761071667661082,0.05358972025000003
images7_tol1e-05_seed2,14,False,3,1.1935986123163442,1.8928813705572707,1.8939505447004414,0.058948692275000034
images7_tol1e-05_seed2,15,False,3,1.0745892136386215,1.3672623896025244,1.343731268907235,0.06484356150250004
images7_tol1e-05_seed2,16,False,3,0.9983615740066234,0.8647922512713951,0.7690230372081437,0.07132791765275004
images7_tol1e-05_seed2,17,False,3,0.9983615740066234,0.8647922512713951,0.7690230372081437,0.03566395882637502
images7_tol1e-05_seed2,18,False,3,0.9984202716065882,0.8538546155650424,0.762717052471573,0.03566395882637502
images7_tol1e-05_seed2,19,False,3,0.9985277985016833,0.8321362144268751,0.7501491988401705,0.03566395882637502
images7_tol1e-05_seed2,20,False,3,0.9986648008537127,0.7999624759493055,0.7313991729576993,0.03566395882637502
images7_tol1e-05_seed2,21,False,3,0.9988041786237164,0.7578454668837612,0.7065755611100287,0.03566395882637502
images7_tol1e-05_seed2,22,False,3,0.9989140059405487,0.7065063327403032,0.6758100835722991,0.03566395882637502
images7_tol1e-05_seed2,23,False,3,0.9989654097190103,0.6409507757296451,0.635595589653388,0.039230354709012524
images7_tol1e-05_seed2,24,False,3,0.9989010257127269,0.5596988494035088,0.583947951154618,0.04315339017991378
images7_tol1e-05_seed2,25,False,3,0.9986580875792892,0.46254932150805544,0.5186675601534749,0.04746872919790516
images7_tol1e-05_seed2,26,False,3,0.9981995664475691,0.3525700609118056,0.437590874526257,0.05221560211769568
images7_tol1e-05_seed2,27,False,3,0.9975957243905867,0.2419298124403944,0.3401575186077,0.057437162329465254
images7_tol1e-05_seed2,28,False,3,0.9971925578167226,0.31428257962905265,0.23398520103592596,0.06318087856241178
images7_tol1e-05_seed2,29,False,3,0.9971925578167226,0.31428257962905265,0.23398520103592596,0.03159043928120589
images7_tol1e-05_seed2,30,False,3,0.9971554481377373,0.3099178400888121,0.2335508758893021,0.03159043928120589
images7_tol1e-05_seed2,31,False,3,0.9970823431988104,0.30124801513307364,0.23269379959597125,0.03159043928120589
images7_tol1e-05_seed2,32,False,3,0.9969754986430733,0.2883918939799481,0.23143490952043586,0.03159043928120589
images7_tol1e-05_seed2,33,False,3,0.996838332136756,0.27152640897684466,0.22980180537743952,0.03159043928120589
images7_tol1e-05_seed2,34,False,3,0.9966754481336589,0.25088549905301677,0.22782541991568836,0.03159043928120589
images7_tol1e-05_seed2,35,False,3,0.996474662561041,0.2250684030924015,0.22531661091300034,0.034749483209326484
images7_tol1e-05_seed2,36,False,3,0.9962378201830588,0.2019543696483176,0.22219919701411012,0.03822443153025914
images7_tol1e-05_seed2,37,False,3,0.9959740736297297,0.1741049347986377,0.2183858917127323,0.04204687468328506
images7_tol1e-05_seed2,38,False,3,0.9957056095284527,0.14174677394841315,0.21374834421582606,0.046251562151613565
images7_tol1e-05_seed2,39,False,3,0.9954776566418656,0.1061409606731135,0.20803545740717236,0.050876718366774924
images7_tol1e-05_seed2,40,False,3,0.9953729553104498,0.10766758639689765,0.20075844556586203,0.055964390203452424
images7_tol1e-05_seed2,41,False,3,0.9954918471135473,0.12347931649222571,0.19163638298917368,0.06156082922379767
images7_tol1e-05_seed2,42,False,3,0.9954918471135473,0.12347931649222571,0.19163638298917368,0.030780414611898836
images7_tol1e-05_seed2,43,False,3,0.9955136311733167,0.1223125522441444,0.1911640374339622,0.030780414611898836
images7_tol1e-05_seed2,44,False,3,0.9955568387286543,0.11999652344263342,0.19022366756572137,0.030780414611898836
images7_tol1e-05_seed2,45,False,3,0.995620766955905,0.11656672681494307,0.18882366888402402,0.030780414611898836
images7_tol1e-05_seed2,46,False,3,0.9957043965572903,0.11207703899330726,0.18697625522347452,0.030780414611898836
images7_tol1e-05_seed2,47,False,3,0.9958064226429789,0.10660016699334486,0.18469722688503096,0.030780414611898836
images7_tol1e-05_seed2,48,False,3,0.9959370798920292,0.09959130063182008,0.18173669558414132,0.033858456073088725
images7_tol1e-05_seed2,49,False,3,0.9961004546276706,0.09085096270846356,0.17796539828982996,0.0372443016803976
images7_tol1e-05_seed2,50,True,3,0.9962999868385681,0.17324842763645484,0.17324842763645493,0.04096873184843736
images7_tol1e-05_seed2,51,True,3,0.9963184953860473,0.17281563759485805,0.17281563759485816,0.025
images7_tol1e-05_seed2,52,True,3,0.9963553270474441,0.17195107481477162,0.17195107481477176,0.025
images7_tol1e-05_seed2,53,True,3,0.9964101124727047,0.17065678046982452,0.17065678046982452,0.025
images7_tol1e-05_seed2,54,True,3,0.9964823010277503,0.16893584323419092,0.168935843234191,0.025
images7_tol1e-05_seed2,55,True,3,0.9965711641534601,0.16679245061300174,0.16679245061300174,0.025
images7_tol1e-05_seed2,56,True,3,0.9966861734014608,0.16397589237864893,0.16397589237864887,0.027500000000000004
images7_tol1e-05_seed2,57,True,3,0.9968319923840939,0.16033216887610469,0.16033216887610477,0.030250000000000006
images7_tol1e-05_seed2,58,True,3,0.9970133219504863,0.15567979498744192,0.15567979498744197,0.033275000000000006
images7_tol1e-05_seed2,59,True,3,0.9972344121762147,0.14980831161803665,0.14980831161803657,0.03660250000000001
images7_tol1e-05_seed2,60,True,3,0.9974982780212663,0.14247926220788043,0.14247926220788043,0.040262750000000014
images7_tol1e-05_seed2,61,True,3,0.9978055316782494,0.13343170299873924,0.13343170299873927,0.04428902500000002
images7_tol1e-05_seed2,62,True,3,0.9981527885397632,0.12239515614023633,0.12239515614023642,0.04871792750000002
images7_tol1e-05_seed2,63,True,3,0.9985307375866739,0.10911334598022956,0.10911334598022956,0.05358972025000003
images7_tol1e-05_seed2,64,True,3,0.9989222262971391,0.09338139084779004,0.09338139084779007,0.058948692275000034
images7_tol1e-05_seed2,65,True,3,0.9993010547838008,0.09442076875931202,0.07509766479056719,0.06484356150250004
images7_tol1e-05_seed2,66,True,3,0.9996324584638128,0.09889357248642097,0.054333340747562534,0.07132791765275004
images7_tol1e-05_seed2,67,True,3,0.9998763737268261,0.09830971819184768,0.03144838494625928,0.07846070941802505
images7_tol1e-05_seed2,68,True,3,0.9999946196838216,0.09055029256362716,0.007967429561348114,0.08630678035982756
images7_tol1e-05_seed2,69,True,3,0.999963165010031,0.07380035354351522,0.019063792540958482,0.09493745839581032
images7_tol1e-05_seed2,70,True,3,0.9997900109973543,0.0507771790472717,0.04241511684901725,0.10443120423539136
images7_tol1e-05_seed2,71,True,3,0.9995338927040089,0.062109917360003895,0.06210991736000391,0.11487432465893051
images7_tol1e-05_seed2,72,True,3,0.9992995564436189,0.07537515689371954,0.07537515689371953,0.12636175712482356
images7_tol1e-05_seed2,73,True,3,0.9992995564436189,0.07537515689371954,0.07537515689371953,0.06318087856241178
images7_tol1e-05_seed2,74,True,3,0.999321426447206,0.07416136451792595,0.07416136451792596,0.06318087856241178
images7_tol1e-05_seed2,75,True,3,0.9993638525794031,0.07175323787705509,0.07175323787705508,0.06318087856241178
images7_tol1e-05_seed2,76,True,3,0.9994243263502847,0.06818648534766487,0.06818648534766485,0.06318087856241178
images7_tol1e-05_seed2,77,True,3,0.9994993014202692,0.06350999215681682,0.06350999215681681,0.06318087856241178
images7_tol1e-05_seed2,78,True,3,0.9995843582771765,0.05778383541051761,0.057783835410517605,0.06318087856241178
images7_tol1e-05_seed2,79,True,3,0.999682737376601,0.05041254618659654,0.05041254618659653,0.06949896641865297
images7_tol1e-05_seed2,80,True,3,0.9997880617456271,0.041170801489995454,0.041170801489995475,0.07644886306051828
images7_tol1e-05_seed2,81,True,3,0.9998879566215222,0.030006622393333366,0.030006622393333363,0.08409374936657012
images7_tol1e-05_seed2,82,True,3,0.9999642883315865,0.03402276058716931,0.017333030772247453,0.09250312430322713
images7_tol1e-05_seed2,83,True,3,0.9999998684332599,0.04344363684827102,0.005184228637309263,0.10175343673354985
images7_tol1e-05_seed2,84,True,3,0.999986205997259,0.048343815620936634,0.011882661698788054,0.11192878040690485
images7_tol1e-05_seed2,85,True,3,0.9999281685229694,0.04628444460856523,0.02451214446644285,0.12312165844759534
images7_tol1e-05_seed2,86,True,3,0.9998473655714198,0.03576017397226579,0.035142977337947544,0.1354338242923549
images7_tol1e-05_seed2,87,True,3,0.9997825166715516,0.0417384967556929,0.041738496755692904,0.1489772067215904
images7_tol1e-05_seed2,88,True,3,0.9997792855292824,0.04201800237527779,0.042018002375277794,0.15
images7_tol1e-05_seed2,89,True,3,0.9997792855292824,0.04201800237527779,0.042018002375277794,0.075
images7_tol1e-05_seed2,90,True,3,0.9997890982031976,0.04107312694902002,0.041073126949020024,0.075
images7_tol1e-05_seed2,91,True,3,0.9998078420127832,0.03920512265656514,0.03920512265656514,0.075
images7_tol1e-05_seed2,92,True,3,0.9998338181674272,0.03645871409527672,0.03645871409527674,0.075
images7_tol1e-05_seed2,93,True,3,0.9998646422241402,0.032904124316982204,0.03290412431698224,0.075
images7_tol1e-05_seed2,94,True,3,0.9998974473206858,0.02864114493533534,0.028641144935335344,0.075
images7_tol1e-05_seed2,95,True,3,0.99993202847039,0.0233191943718877,0.023319194371887706,0.0825
images7_tol1e-05_seed2,96,True,3,0.9999642019511662,0.023105450651390507,0.01692752796917569,0.09075000000000001
images7_tol1e-05_seed2,97,True,3,0.9999885480016112,0.023621764441452087,0.009586011400931077,0.09982500000000002
images7_tol1e-05_seed2,98,True,3,0.999999701304061,0.021764805863932948,0.0016407568054212197,0.10980750000000003
images7_tol1e-05_seed2,99,True,3,0.99999469860401,0.016857442535258272,0.006528341058775073,0.12078825000000004
images7_tol1e-05_seed2,100,True,3,0.9999760588990336,0.013889473420689875,0.013841479336294352,0.13286707500000006
images7_tol1e-05_seed2,101,True,3,0.999953703971751,0.019244368449150076,0.01924436844915008,0.14615378250000008
images7_tol1e-05_seed2,102,True,3,0.999941842991285,0.021569683628953444,0.02156968362895344,0.15
images7_tol1e-05_seed2,103,True,3,0.999941842991285,0.021569683628953444,0.02156968362895344,0.075
images7_tol1e-05_seed2,104,True,3,0.999944429871845,0.021084434990101826,0.021084434990101826,0.075
images7_tol1e-05_seed2,105,True,3,0.9999493751568611,0.020124291733328106,0.02012429173332812,0.075
images7_tol1e-05_seed2,106,True,3,0.9999562454818324,0.018708873590272634,0.01870887359027263,0.075
images7_tol1e-05_seed2,107,True,3,0.9999644373377653,0.016866786702921212,0.016866786702921202,0.075
images7_tol1e-05_seed2,108,True,3,0.9999732162264808,0.014637755640507167,0.014637755640507174,0.075
images7_tol1e-05_seed2,109,True,3,0.9999825247844492,0.011824008027084082,0.011824008027084082,0.0825
images7_tol1e-05_seed2,110,True,3,0.9999911468642247,0.008876259965734636,0.008416905841597702,0.09075000000000001
images7_tol1e-05_seed2,111,True,3,0.9999974641209927,0.011624663957482665,0.004507286020849796,0.09982500000000002
images7_tol1e-05_seed2,112,True,3,0.9999999905098578,0.013050417138023025,0.00032223399566030545,0.10980750000000003
images7_tol1e-05_seed2,113,True,3,0.9999980778393428,0.012408088674796043,0.003923594846876567,0.12078825000000004
images7_tol1e-05_seed2,114,True,3,0.9999925549811871,0.009651873135515961,0.007717789366973031,0.13286707500000006
images7_tol1e-05_seed2,115,True,3,0.9999861966450619,0.01050832409117206,0.01050832409117206,0.14615378250000008
images7_tol1e-05_seed2,116,True,3,0.9999835148687638,0.01148398676710812,0.01148398676710812,0.15
images7_tol1e-05_seed2,117,True,3,0.9999835148687638,0.01148398676710812,0.01148398676710812,0.075
images7_tol1e-05_seed2,118,True,3,0.9999842483012913,0.011225605068630507,0.01122560506863051,0.075
images7_tol1e-05_seed2,119,True,3,0.9999856490902201,0.010714822935321264,0.010714822935321265,0.075
images7_tol1e-05_seed2,120,True,3,0.999987589952096,0.009963937772558744,0.00996393777255874,0.075
images7_tol1e-05_seed2,121,True,3,0.9999898926370958,0.008992123161605315,0.008992123161605317,0.075
images7_tol1e-05_seed2,122,True,3,0.9999923435782666,0.007826288070032036,0.007826288070032036,0.075
images7_tol1e-05_seed2,123,True,3,0.9999949286585583,0.006369506103651138,0.006369506103651138,0.0825
images7_tol1e-05_seed2,124,True,3,0.9999973356503911,0.006334213329105452,0.004616876186830014,0.09075000000000001
images7_tol1e-05_seed2,125,True,3,0.9999991559127823,0.006305970507540872,0.002598926364003569,0.09982500000000002
images7_tol1e-05_seed2,126,True,3,0.9999999802347256,0.005645912632364061,0.0004004367285133905,0.10980750000000003
images7_tol1e-05_seed2,127,True,3,0.9999995829839612,0.004166398037529498,0.0018270027044488479,0.12078825000000004
images7_tol1e-05_seed2,128,True,3,0.999998172024957,0.0038242001492390077,0.0038242001492390064,0.13286707500000006
images7_tol1e-05_seed2,129,True,3,0.9999965434810261,0.005258522599808873,0.00525852259980887,0.14615378250000008
images7_tol1e-05_seed2,130,True,3,0.9999957603200975,0.0058238636788418225,0.005823863678841822,0.15
images7_tol1e-05_seed2,131,True,3,0.9999957603200975,0.0058238636788418225,0.005823863678841822,0.075
images7_tol1e-05_seed2,132,True,3,0.99999594895567,0.005692828180381256,0.005692828180381256,0.075
images7_tol1e-05_seed2,133,True,3,0.9999963094560478,0.005433624505732919,0.005433624505732919,0.075
images7_tol1e-05_seed2,134,True,3,0.9999968098476297,0.005051844861185314,0.005051844861185313,0.075
images7_tol1e-05_seed2,135,True,3,0.9999974054788563,0.004555886280611179,0.004555886280611179,0.075
images7_tol1e-05_seed2,136,True,3,0.9999980422161856,0.003957554507486917,0.003957554507486918,0.075
images7_tol1e-05_seed2,137,True,3,0.9999987159552982,0.003205056061500907,0.003205056061500907,0.0825
images7_tol1e-05_seed2,138,True,3,0.9999993411670615,0.002681610335178713,0.0022958128749689995,0.09075000000000001
images7_tol1e-05_seed2,139,True,3,0.9999998046326108,0.0031194795539055803,0.0012502300306242637,0.09982500000000002
images7_tol1e-05_seed2,140,True,3,0.9999999982579327,0.003365915546696545,0.00011859621092590752,0.10980750000000003
images7_tol1e-05_seed2,141,True,3,0.9999998704953819,0.003060143539147229,0.001017895364617269,0.12078825000000004
images7_tol1e-05_seed2,142,True,3,0.9999994813739984,0.002221043030213414,0.0020369145001756053,0.13286707500000006
images7_tol1e-05_seed2,143,True,3,0.9999990451810409,0.0027637916079533524,0.002763791607953351,0.14615378250000008
images7_tol1e-05_seed2,144,True,3,0.9999990451810409,0.0027637916079533524,0.002763791607953351,0.07307689125000004
images7_tol1e-05_seed2,145,True,3,0.999999085536893,0.00270475462188024,0.002704754621880241,0.07307689125000004
images7_tol1e-05_seed2,146,True,3,0.9999991628255571,0.0025879314055497578,0.002587931405549757,0.07307689125000004
images7_tol1e-05_seed2,147,True,3,0.9999992704861186,0.0024158033095768223,0.002415803309576822,0.07307689125000004
images7_tol1e-05_seed2,148,True,3,0.9999993993233838,0.002192124348470633,0.0021921243484706336,0.07307689125000004
images7_tol1e-05_seed2,149,True,3,0.9999995381863395,0.0019221101892417823,0.0019221101892417831,0.07307689125000004
images7_tol1e-05_seed2,150,True,3,0.9999996871849579,0.001581935870376304,0.001581935870376304,0.08038458037500006
images7_tol1e-05_seed2,151,True,3,0.9999998291770433,0.001169011036218088,0.0011690110362180884,0.08842303841250007
images7_tol1e-05_seed2,152,True,3,0.9999999404472648,0.001211995026550218,0.0006902365597806208,0.09726534225375008
images7_tol1e-05_seed2,153,True,3,0.9999999965528338,0.0012041248318120296,0.00016607760362326776,0.1069918764791251
images7_tol1e-05_seed2,154,True,3,0.9999999830047138,0.0011872120053341977,0.0003687342634615657,0.11769106412703761
images7_tol1e-05_seed2,155,True,3,0.9999999062573569,0.0012363865236620305,0.0008659917424461304,0.12946017053974138
images7_tol1e-05_seed2,156,True,3,0.9999998001580842,0.0012644109016202104,0.0012644109016202102,0.14240618759371554
images7_tol1e-05_seed2,157,True,3,0.9999997253410606,0.0014823195918491187,0.0014823195918491194,0.15
images7_tol1e-05_seed2,158,True,3,0.9999997264053011,0.0014794450208950418,0.0014794450208950416,0.15
images7_tol1e-05_seed2,159,True,3,0.9999997264053011,0.0014794450208950418,0.0014794450208950416,0.075
images7_tol1e-05_seed2,160,True,3,0.9999997385785387,0.001446157528911563,0.0014461575289115628,0.075
images7_tol1e-05_seed2,161,True,3,0.9999997618332861,0.0013803381890724897,0.0013803381890724904,0.075
images7_tol1e-05_seed2,162,True,3,0.9999997940751288,0.00128351030131447,0.00128351030131447,0.075
images7_tol1e-05_seed2,163,True,3,0.9999998323770964,0.0011580081850521833,0.0011580081850521835,0.075
images7_tol1e-05_seed2,164,True,3,0.9999998732222765,0.0010070857133326271,0.0010070857133326276,0.075
images7_tol1e-05_seed2,165,True,3,0.9999999163793372,0.00081790304226098,0.0008179030422609799,0.0825
images7_tol1e-05_seed2,166,True,3,0.9999999565400296,0.000718116070491768,0.0005896440861323524,0.09075000000000001
images7_tol1e-05_seed2,167,True,3,0.9999999866653362,0.0006575994009901545,0.00032661587072924445,0.09982500000000002
images7_tol1e-05_seed2,168,True,3,0.9999999997938946,0.0006829515512433818,4.0613693450412556e-05,0.10980750000000003
images7_tol1e-05_seed2,169,True,3,0.9999999923427094,0.0006610959685551817,0.0002475049946919407,0.12078825000000004
images7_tol1e-05_seed2,170,True,3,0.9999999679247025,0.0005543220902998041,0.000506559447499823,0.13286707500000006
images7_tol1e-05_seed2,171,True,3,0.999999939793848,0.0006940094945720541,0.0006940094945720539,0.14615378250000008
images7_tol1e-05_seed2,172,True,3,0.9999999278457047,0.0007597594408155597,0.0007597594408155596,0.15
images7_tol1e-05_seed2,173,True,3,0.9999999278457047,0.0007597594408155597,0.0007597594408155596,0.075
images7_tol1e-05_seed2,174,True,3,0.9999999310561187,0.0007426648551485895,0.0007426648551485892,0.075
images7_tol1e-05_seed2,175,True,3,0.9999999371870557,0.00070887486771668,0.0007088748677166803,0.075
images7_tol1e-05_seed2,176,True,3,0.9999999456800627,0.0006592112751309327,0.0006592112751309328,0.075
images7_tol1e-05_seed2,177,True,3,0.9999999557554247,0.0005949425163121183,0.0005949425163121182,0.075
images7_tol1e-05_seed2,178,True,3,0.9999999664837411,0.0005178127676903939,0.0005178127676903939,0.075
images7_tol1e-05_seed2,179,True,3,0.999999977813303,0.00042129985979671715,0.00042129985979671704,0.0825
images7_tol1e-05_seed2,180,True,3,0.9999999883827465,0.0003982773598409977,0.00030485740886084683,0.09075000000000001
images7_tol1e-05_seed2,181,True,3,0.9999999963767043,0.00036456207285950193,0.0001702539250328178,0.09982500000000002
images7_tol1e-05_seed2,182,True,3,0.9999999999336885,0.00030323572811744715,2.303341289333701e-05,0.10980750000000003
images7_tol1e-05_seed2,183,True,3,0.9999999980252308,0.00025460576403439476,0.0001256908604163979,0.12078825000000004
images7_tol1e-05_seed2,184,True,3,0.9999999917248379,0.0002572961551005014,0.00025729615510050146,0.13286707500000006
images7_tol1e-05_seed2,185,True,3,0.9999999850219116,0.00034615705283497835,0.0003461570528349783,0.14615378250000008
images7_tol1e-05_seed2,186,True,3,0.9999999850219116,0.00034615705283497835,0.0003461570528349783,0.07307689125000004
images7_tol1e-05_seed2,187,True,3,0.9999999856549688,0.0003387628173031761,0.000338762817303176,0.07307689125000004
images7_tol1e-05_seed2,188,True,3,0.9999999868672431,0.00032413277157275873,0.0003241327715727588,0.07307689125000004
images7_tol1e-05_seed2,189,True,3,0.9999999885553346,0.0003025844044377604,0.00030258440443776036,0.07307689125000004
images7_tol1e-05_seed2,190,True,3,0.9999999905742654,0.00027460130430796324,0.0002746013043079631,0.07307689125000004
images7_tol1e-05_seed2,191,True,3,0.9999999927486061,0.00024085504241293774,0.00024085504241293774,0.07307689125000004
images7_tol1e-05_seed2,192,True,3,0.9999999950802425,0.00019838865935730945,0.00019838865935730947,0.08038458037500006
images7_tol1e-05_seed2,193,True,3,0.9999999973032667,0.00015479519729330664,0.00014688045280335905,0.08842303841250007
images7_tol1e-05_seed2,194,True,3,0.9999999990507698,0.00015379135330674534,8.714266011810165e-05,0.09726534225375008
images7_tol1e-05_seed2,195,True,3,0.9999999999413933,0.0001479882795860064,2.1653041355791805e-05,0.1069918764791251
images7_tol1e-05_seed2,196,True,3,0.9999999997439324,0.00015324770573150708,4.52608125146951e-05,0.11769106412703761
images7_tol1e-05_seed2,197,True,3,0.9999999985562138,0.00015708966274887627,0.0001074722714909154,0.12946017053974138
images7_tol1e-05_seed2,198,True,3,0.9999999969170039,0.00015704766619380555,0.00015704766619380555,0.14240618759371554
images7_tol1e-05_seed2,199,True,3,0.9999999958002062,0.00018329852999882695,0.00018329852999882692,0.15
images7_tol1e-05_seed2,200,True,3,0.9999999958934123,0.0001812531441172649,0.00018125314411726487,0.15
images7_tol1e-05_seed2,201,True,3,0.9999999958934123,0.0001812531441172649,0.00018125314411726487,0.075
images7_tol1e-05_seed2,202,True,3,0.9999999960761297,0.00017717494839931069,0.00017717494839931066,0.075
images7_tol1e-05_seed2,203,True,3,0.999999996425067,0.0001691137613928275,0.00016911376139282764,0.075
images7_tol1e-05_seed2,204,True,3,0.9999999969084492,0.00015726540135738013,0.00015726540135738018,0.075
images7_tol1e-05_seed2,205,True,3,0.9999999974819298,0.00014193153938398578,0.0001419315393839858,0.075
images7_tol1e-05_seed2,206,True,3,0.999999998092671,0.00012352583447955244,0.00012352583447955241,0.075
images7_tol1e-05_seed2,207,True,3,0.9999999987378134,0.00010299326776755221,0.00010048628279589549,0.0825
images7_tol1e-05_seed2,208,True,3,0.9999999993398514,9.491618042596885e-05,7.267178432156094e-05,0.09075000000000001
images7_tol1e-05_seed2,209,True,3,0.9999999997950646,8.32935909173256e-05,4.049053265274827e-05,0.09982500000000002
images7_tol1e-05_seed2,210,True,3,0.9999999999965388,6.813271217691829e-05,5.262070231800401e-06,0.10980750000000003
images7_tol1e-05_seed2,211,True,3,0.9999999998851328,6.149978278978726e-05,3.031399986776303e-05,0.12078825000000004
images7_tol1e-05_seed2,212,True,3,0.9999999995257782,6.159362490595915e-05,6.159362490595915e-05,0.13286707500000006
images7_tol1e-05_seed2,213,True,3,0.9999999991592265,8.201334277615379e-05,8.201334277615376e-05,0.14615378250000008
images7_tol1e-05_seed2,214,True,3,0.9999999991592265,8.201334277615379e-05,8.201334277615376e-05,0.07307689125000004
images7_tol1e-05_seed2,215,True,3,0.9999999991947621,8.026146165980019e-05,8.026146165980017e-05,0.07307689125000004
images7_tol1e-05_seed2,216,True,3,0.9999999992627941,7.679613257328476e-05,7.679613257328476e-05,0.07307689125000004
images7_tol1e-05_seed2,217,True,3,0.9999999993574613,7.169594921012876e-05,7.169594921012876e-05,0.07307689125000004
images7_tol1e-05_seed2,218,True,3,0.9999999994705393,6.508214235952824e-05,6.508214235952826e-05,0.07307689125000004
images7_tol1e-05_seed2,219,True,3,0.9999999995921236,5.7122767953455676e-05,5.712276795345567e-05,0.07307689125000004
images7_tol1e-05_seed2,220,True,3,0.9999999997223408,4.713039558847761e-05,4.7130395588477595e-05,0.08038458037500006
images7_tol1e-05_seed2,221,True,3,0.9999999998466145,3.960653311600299e-05,3.502975006374432e-05,0.08842303841250007
images7_tol1e-05_seed2,222,True,3,0.9999999999449518,3.8187466631386463e-05,2.0985365360438206e-05,0.09726534225375008
images7_tol1e-05_seed2,223,True,3,0.9999999999961708,3.486659090122168e-05,5.534742216017475e-06,0.1069918764791251
images7_tol1e-05_seed2,224,True,3,0.9999999999867202,3.214190632937019e-05,1.0307177076596218e-05,0.11769106412703761
images7_tol1e-05_seed2,225,True,3,0.9999999999218387,3.2806546776765145e-05,2.5005797839138836e-05,0.12946017053974138
images7_tol1e-05_seed2,226,True,3,0.9999999998332361,3.652548845146311e-05,3.6525488451463094e-05,0.14240618759371554
images7_tol1e-05_seed2,227,True,3,0.999999999776545,4.228049639231361e-05,4.22804963923136e-05,0.15
images7_tol1e-05_seed2,228,True,3,0.999999999776545,4.228049639231361e-05,4.22804963923136e-05,0.075
images7_tol1e-05_seed2,229,True,3,0.9999999997864872,4.1329185223522836e-05,4.1329185223522816e-05,0.075
images7_tol1e-05_seed2,230,True,3,0.9999999998054827,3.944792832587807e-05,3.944792832587807e-05,0.075
images7_tol1e-05_seed2,231,True,3,0.9999999998318281,3.667935856838245e-05,3.667935856838246e-05,0.075
images7_tol1e-05_seed2,232,True,3,0.9999999998631457,3.308828772988748e-05,3.3088287729887475e-05,0.075
images7_tol1e-05_seed2,233,True,3,0.9999999998965723,2.8764925929532396e-05,2.8764925929532403e-05,0.075
images7_tol1e-05_seed2,234,True,3,0.9999999999319169,2.3338064156073228e-05,2.3338064156073214e-05,0.0825
images7_tol1e-05_seed2,235,True,3,0.9999999999647886,1.7776430748656366e-05,1.6783637977527925e-05,0.09075000000000001
images7_tol1e-05_seed2,236,True,3,0.9999999999893434,1.6760844888995655e-05,9.233234548418485e-06,0.09982500000000002
images7_tol1e-05_seed2,237,True,3,0.999999999999865,1.8081751802553624e-05,1.0389945470126165e-06,0.10980750000000003
images7_tol1e-05_seed2,238,True,3,0.9999999999935172,1.908592422846764e-05,7.201572443284112e-06,0.12078825000000004
images7_tol1e-05_seed2,239,True,3,0.999999999973217,1.7009010689196692e-05,1.4637783380579529e-05,0.13286707500000006
images7_tol1e-05_seed2,240,True,3,0.9999999999492313,2.015317662639325e-05,2.015317662639326e-05,0.14615378250000008
images7_tol1e-05_seed2,241,True,3,0.9999999999377778,2.2310924716289033e-05,2.2310924716289033e-05,0.15
images7_tol1e-05_seed2,242,True,3,0.9999999999377778,2.2310924716289033e-05,2.2310924716289033e-05,0.075
images7_tol1e-05_seed2,243,True,3,0.9999999999405462,2.180892891026536e-05,2.180892891026536e-05,0.075
images7_tol1e-05_seed2,244,True,3,0.9999999999458338,2.0816585584483073e-05,2.081658558448307e-05,0.075
images7_tol1e-05_seed2,245,True,3,0.9999999999531595,1.9357789018688053e-05,1.9357789018688053e-05,0.075
images7_tol1e-05_seed2,246,True,3,0.9999999999618523,1.7469466469498978e-05,1.746946646949897e-05,0.075
images7_tol1e-05_seed2,247,True,3,0.9999999999711093,1.520281064783772e-05,1.5202810647837719e-05,0.075
images7_tol1e-05_seed2,248,True,3,0.9999999999808817,1.2367162744560579e-05,1.236716274456058e-05,0.0825
images7_tol1e-05_seed2,249,True,3,0.9999999999899862,1.073387650768116e-05,8.950470060702074e-06,0.09075000000000001
images7_tol1e-05_seed2,250,True,3,0.9999999999968583,1.0356446796608995e-05,5.013291132595229e-06,0.09982500000000002
images7_tol1e-05_seed2,251,True,3,0.999999999999934,9.335918966012898e-06,7.262400947935191e-07,0.10980750000000003
images7_tol1e-05_seed3,0,False,3,2.7737105591448117,5.344718465122827,5.345822897728528,0.025
images7_tol1e-05_seed3,1,False,3,2.7558978323568195,5.317859942721912,5.31924034123617,0.025
images7_tol1e-05_seed3,2,False,3,2.7206268662714175,5.264272682661616,5.266205539711391,0.025
images7_tol1e-05_seed3,3,False,3,2.6685987524655146,5.184214906628598,5.186976349108785,0.025
images7_tol1e-05_seed3,4,False,3,2.6008471100968555,5.0780726719855585,5.081935457476522,0.025
images7_tol1e-05_seed3,5,False,3,2.5187182322811568,4.946359938008101,4.9515880085219655,0.025
images7_tol1e-05_seed3,6,False,3,2.414525046747145,4.77405428976096,4.781057423651945,0.027500000000000004
images7_tol1e-05_seed3,7,False,3,2.2859407279598294,4.552477553220696,4.561726761018079,0.030250000000000006
images7_tol1e-05_seed3,8,False,3,2.131764530003863,4.271776270044505,4.2837816764932395,0.033275000000000006
images7_tol1e-05_seed3,9,False,3,1.9528322843426325,3.921088559257701,3.9363534319939637,0.03660250000000001
images7_tol1e-05_seed3,10,False,3,1.7532515224976122,3.488952309430227,3.507903048564889,0.040262750000000014
images7_tol1e-05_seed3,11,False,3,1.5419249371934365,2.96408700745514,2.987007329173099,0.04428902500000002
images7_tol1e-05_seed3,12,False,3,1.334160873308917,2.3367301482433223,2.3638247012579114,0.04871792750000002
images7_tol1e-05_seed3,13,False,3,1.1725308697868408,1.918966466654713,1.7273487963191034,0.05358972025000003
images7_tol1e-05_seed3,14,False,3,1.0624803208400508,1.5608225098008022,1.0952264132528444,0.058948692275000034
images7_tol1e-05_seed3,15,False,3,1.0039857821938463,1.024636151243778,0.48629388925398465,0.06484356150250004
images7_tol1e-05_seed3,16,False,3,0.9969552343688686,1.413033373026128,0.3080524298759872,0.07132791765275004
images7_tol1e-05_seed3,17,False,3,0.9969552343688686,1.413033373026128,0.3080524298759872,0.03566395882637502
images7_tol1e-05_seed3,18,False,3,0.9969103454087178,1.3874359060351085,0.30615905158962886,0.03566395882637502
images7_tol1e-05_seed3,19,False,3,0.9968230491815989,1.3365079377071558,0.3024107231602464,0.03566395882637502
images7_tol1e-05_seed3,20,False,3,0.9966981655575746,1.260823109546725,0.29688285490707444,0.03566395882637502
images7_tol1e-05_seed3,21,False,3,0.9965426234533524,1.1613361025039661,0.28968710128194264,0.03566395882637502
images7_tol1e-05_seed3,22,False,3,0.9963651682697264,1.0394905639356466,0.28097143737645486,0.03566395882637502
images7_tol1e-05_seed3,23,False,3,0.9961583177043101,0.8830865777189824,0.2699327968670798,0.039230354709012524
images7_tol1e-05_seed3,24,False,3,0.9959335880814184,0.6881689911328368,0.2563843021725251,0.04315339017991378
images7_tol1e-05_seed3,25,False,3,0.9957139916048627,0.45406629814731136,0.24036532513500503,0.04746872919790516
images7_tol1e-05_seed3,26,False,3,0.9955396108196073,0.30890536288914655,0.22239931345737315,0.05221560211769568
images7_tol1e-05_seed3,27,False,3,0.9954746792950687,0.28971845144112685,0.20403620524364297,0.057437162329465254
images7_tol1e-05_seed3,28,False,3,0.995602869558035,0.38270053043915847,0.1887574587998591,0.06318087856241178
images7_tol1e-05_seed3,29,False,3,0.9959770072650943,0.5704009993138915,0.18085848064265547,0.06949896641865297
images7_tol1e-05_seed3,30,False,3,0.9959770072650943,0.5704009993138915,0.18085848064265547,0.034749483209326484
images7_tol1e-05_seed3,31,False,3,0.995981301540463,0.5575973108651839,0.1807378981027086,0.034749483209326484
images7_tol1e-05_seed3,32,False,3,0.9959899997134979,0.5322724335269609,0.18049487609452783,0.034749483209326484
images7_tol1e-05_seed3,33,False,3,0.9960033563008431,0.49499427621913034,0.18012482427506157,0.034749483209326484
images7_tol1e-05_seed3,34,False,3,0.9960218098815457,0.4466162103010193,0.17961939884411854,0.034749483209326484
images7_tol1e-05_seed3,35,False,3,0.9960460361745616,0.3882756570825387,0.17896509923407977,0.034749483209326484
images7_tol1e-05_seed3,36,False,3,0.9960801289154005,0.31470493711822567,0.17805885552389,0.03822443153025914
images7_tol1e-05_seed3,37,False,3,0.99612851106225,0.22488873307958165,0.1767957630655812,0.04204687468328506
images7_tol1e-05_seed3,38,False,3,0.9961985671884716,0.11939575867050603,0.1750009876918115,0.046251562151613565
images7_tol1e-05_seed3,39,False,3,0.9963038830701572,0.10665009519928069,0.17234913977891467,0.050876718366774924
images7_tol1e-05_seed3,40,False,3,0.9964664163108481,0.11731933883695873,0.16829851267319956,0.055964390203452424
images7_tol1e-05_seed3,41,False,3,0.9964664163108481,0.11731933883695873,0.16829851267319956,0.027982195101726212
images7_tol1e-05_seed3,42,False,3,0.9964725364545453,0.11567867315066264,0.1681512657180056,0.027982195101726212
images7_tol1e-05_seed3,43,False,3,0.996484765288872,0.1124209548136417,0.16785668482681373,0.027982195101726212
images7_tol1e-05_seed3,44,False,3,0.9965030889738253,0.10759509865781801,0.16741437786059973,0.027982195101726212
images7_tol1e-05_seed3,45,False,3,0.9965274992539415,0.10127676990951887,0.16682344946333608,0.027982195101726212
images7_tol1e-05_seed3,46,False,3,0.9965580002130919,0.09356975341726753,0.1660823227194855,0.027982195101726212
images7_tol1e-05_seed3,47,False,3,0.996598264052705,0.0870483056966318,0.16509921502438302,0.030780414611898836
images7_tol1e-05_seed3,48,False,3,0.9966506855110088,0.08480073494791131,0.16381099404483362,0.033858456073088725
images7_tol1e-05_seed3,49,False,3,0.9967181900234631,0.08195480436318892,0.16213799524899106,0.0372443016803976
images7_tol1e-05_seed3,50,True,3,0.9968043086811434,0.15997981014947318,0.15997981014947324,0.04096873184843736
images7_tol1e-05_seed3,51,True,3,0.996820259989294,0.15958286250942122,0.1595828625094212,0.025
images7_tol1e-05_seed3,52,True,3,0.9968520029482203,0.15878991235884266,0.15878991235884266,0.025
images7_tol1e-05_seed3,53,True,3,0.9968992180794229,0.157602890879404,0.1576028908794039,0.025
images7_tol1e-05_seed3,54,True,3,0.9969614273593074,0.15602476143704785,0.1560247614370478,0.025
images7_tol1e-05_seed3,55,True,3,0.9970379967899523,0.15405957681514765,0.15405957681514776,0.025
images7_tol1e-05_seed3,56,True,3,0.9971370781257262,0.15147781793993348,0.1514778179399335,0.027500000000000004
images7_tol1e-05_seed3,57,True,3,0.9972626775868632,0.14813880362008927,0.14813880362008924,0.030250000000000006
images7_tol1e-05_seed3,58,True,3,0.9974188342637679,0.14387677592118409,0.143876775921184,0.033275000000000006
images7_tol1e-05_seed3,59,True,3,0.9976092103145758,0.13849929841966682,0.13849929841966674,0.03660250000000001
images7_tol1e-05_seed3,60,True,3,0.9978364376891629,0.13178748973302407,0.13178748973302407,0.040262750000000014
images7_tol1e-05_seed3,61,True,3,0.9981011491908027,0.12349962230012852,0.12349962230012855,0.04428902500000002
images7_tol1e-05_seed3,62,True,3,0.9984006466697676,0.11338036176449122,0.1133803617644912,0.04871792750000002
images7_tol1e-05_seed3,63,True,3,0.9987272420870063,0.10117873675551486,0.10117873675551486,0.05358972025000003
images7_tol1e-05_seed3,64,True,3,0.9990664868294329,0.09264285667064211,0.08667855111378615,0.058948692275000034
images7_tol1e-05_seed3,65,True,3,0.9993958068914452,0.09147149399117604,0.06974511410901356,0.06484356150250004
images7_tol1e-05_seed3,66,True,3,0.9996844612394201,0.08769076530312961,0.05039216399021109,0.07132791765275004
images7_tol1e-05_seed3,67,True,3,0.999896139519658,0.08011805349062653,0.02887511549824798,0.07846070941802505
images7_tol1e-05_seed3,68,True,3,0.9999957578957444,0.0754822630460614,0.0058889051534113225,0.08630678035982756
images7_tol1e-05_seed3,69,True,3,0.9999618145700648,0.06638909605977959,0.017825547225333475,0.09493745839581032
images7_tol1e-05_seed3,70,True,3,0.9998040840383515,0.05109105801951059,0.03998994050078524,0.10443120423539136
images7_tol1e-05_seed3,71,True,3,0.9995801428297281,0.058319020849397406,0.058319020849397434,0.11487432465893051
images7_tol1e-05_seed3,72,True,3,0.999388125992627,0.07017090781773058,0.0701709078177306,0.12636175712482356
images7_tol1e-05_seed3,73,True,3,0.999388125992627,0.07017090781773058,0.0701709078177306,0.06318087856241178
images7_tol1e-05_seed3,74,True,3,0.9994073526291368,0.06904713606113921,0.06904713606113921,0.06318087856241178
images7_tol1e-05_seed3,75,True,3,0.9994446171339548,0.0668176714553312,0.06681767145533117,0.06318087856241178
images7_tol1e-05_seed3,76,True,3,0.9994976248472903,0.06351755860876108,0.06351755860876108,0.06318087856241178
images7_tol1e-05_seed3,77,True,3,0.9995631057284136,0.05919816522921144,0.05919816522921144,0.06318087856241178
images7_tol1e-05_seed3,78,True,3,0.999636977764975,0.053927826660634524,0.05392782666063454,0.06318087856241178
images7_tol1e-05_seed3,79,True,3,0.9997217821534522,0.04718245821299918,0.04718245821299916,0.06949896641865297
images7_tol1e-05_seed3,80,True,3,0.9998118969752295,0.038787785628532905,0.038787785628532905,0.07644886306051828
images7_tol1e-05_seed3,81,True,3,0.999897415778635,0.03191777025286013,0.02868513286845143,0.08409374936657012
images7_tol1e-05_seed3,82,True,3,0.9999643840110702,0.028651011988277134,0.017081444651331084,0.09250312430322713
images7_tol1e-05_seed3,83,True,3,0.9999983054054481,0.034955282722555416,0.004963878631181544,0.10175343673354985
images7_tol1e-05_seed3,84,True,3,0.999990600771076,0.041765729752100404,0.00934217866797541,0.11192878040690485
images7_tol1e-05_seed3,85,True,3,0.9999445914001672,0.042807821046917986,0.02126410794690081,0.12312165844759534
images7_tol1e-05_seed3,86,True,3,0.9998789947017362,0.03550085774161879,0.03116957350807364,0.1354338242923549
images7_tol1e-05_seed3,87,True,3,0.9998270429175925,0.03719609026378114,0.03719609026378114,0.1489772067215904
images7_tol1e-05_seed3,88,True,3,0.9998242261997556,0.0375048140642901,0.0375048140642901,0.15
images7_tol1e-05_seed3,89,True,3,0.9998242261997556,0.0375048140642901,0.0375048140642901,0.075
images7_tol1e-05_seed3,90,True,3,0.9998320394379157,0.03666110526360857,0.036661105263608565,0.075
images7_tol1e-05_seed3,91,True,3,0.9998469614689681,0.034993470546828685,0.03499347054682871,0.075
images7_tol1e-05_seed3,92,True,3,0.9998676335657657,0.03254281051936213,0.032542810519362114,0.075
images7_tol1e-05_seed3,93,True,3,0.9998921561758151,0.029372563149982264,0.029372563149982257,0.075
images7_tol1e-05_seed3,94,True,3,0.9999182635342291,0.02557030151536978,0.025570301515369785,0.075
images7_tol1e-05_seed3,95,True,3,0.9999458285791603,0.023602730133772443,0.020817027346765608,0.0825
images7_tol1e-05_seed3,96,True,3,0.9999715508736625,0.022280185190072223,0.015089116647118227,0.09075000000000001
images7_tol1e-05_seed3,97,True,3,0.9999910478929369,0.01983676478113423,0.008476788332644494,0.09982500000000002
images7_tol1e-05_seed3,98,True,3,0.999999826255783,0.018252464488003686,0.001313523074522938,0.10980750000000003
images7_tol1e-05_seed3,99,True,3,0.9999953615063881,0.014426654169394487,0.006115166610759173,0.12078825000000004
images7_tol1e-05_seed3,100,True,3,0.9999801924455093,0.012592747755114592,0.012592747755114589,0.13286707500000006
images7_tol1e-05_seed3,101,True,3,0.9999636180303704,0.017060096647398937,0.01706009664739895,0.14615378250000008
images7_tol1e-05_seed3,102,True,3,0.9999636180303704,0.017060096647398937,0.01706009664739895,0.07307689125000004
images7_tol1e-05_seed3,103,True,3,0.9999651556881635,0.016695724594681945,0.01669572459468194,0.07307689125000004
images7_tol1e-05_seed3,104,True,3,0.9999681012654162,0.015974526519910957,0.015974526519910957,0.07307689125000004
images7_tol1e-05_seed3,105,True,3,0.9999722072602123,0.014911110686469851,0.01491111068646986,0.07307689125000004
images7_tol1e-05_seed3,106,True,3,0.9999771279377181,0.013526993484808942,0.01352699348480894,0.07307689125000004
images7_tol1e-05_seed3,107,True,3,0.9999824437394421,0.011851419890500916,0.011851419890500921,0.07307689125000004
images7_tol1e-05_seed3,108,True,3,0.9999881629589619,0.009731601582571952,0.00973160158257195,0.08038458037500006
images7_tol1e-05_seed3,109,True,3,0.9999936171310269,0.008153772014631404,0.007146337929323084,0.08842303841250007
images7_tol1e-05_seed3,110,True,3,0.9999978568140493,0.007492527047258483,0.0041412477470994125,0.09726534225375008
images7_tol1e-05_seed3,111,True,3,0.999999908283279,0.00871723728005186,0.0008572733641697769,0.1069918764791251
images7_tol1e-05_seed3,112,True,3,0.9999992317488344,0.010308079805596256,0.0024791228323009632,0.11769106412703761
images7_tol1e-05_seed3,113,True,3,0.9999961286771596,0.010255568066262799,0.005565314348035001,0.12946017053974138
images7_tol1e-05_seed3,114,True,3,0.9999919695117425,0.008073786467326713,0.008015543091193024,0.14240618759371554
images7_tol1e-05_seed3,115,True,3,0.9999891976172789,0.009296418972097306,0.00929641897209731,0.15
images7_tol1e-05_seed3,116,True,3,0.9999895376046138,0.009148767352328512,0.009148767352328512,0.15
images7_tol1e-05_seed3,117,True,3,0.9999895376046138,0.009148767352328512,0.009148767352328512,0.075
images7_tol1e-05_seed3,118,True,3,0.9999900030928913,0.00894292345108859,0.008942923451088587,0.075
images7_tol1e-05_seed3,119,True,3,0.999990891999741,0.008536062207089749,0.00853606220708975,0.075
images7_tol1e-05_seed3,120,True,3,0.9999921232310024,0.007938149514749358,0.007938149514749358,0.075
images7_tol1e-05_seed3,121,True,3,0.999993583578362,0.007164581180077479,0.007164581180077478,0.075
images7_tol1e-05_seed3,122,True,3,0.9999951382626654,0.006236480270107691,0.006236480270107689,0.075
images7_tol1e-05_seed3,123,True,3,0.9999967800245001,0.005857309208356414,0.005075404276106882,0.0825
images7_tol1e-05_seed3,124,True,3,0.9999983123376148,0.0053515436313487375,0.0036744474240675315,0.09075000000000001
images7_tol1e-05_seed3,125,True,3,0.999999472816232,0.004603697123321561,0.002053813625658382,0.09982500000000002
images7_tol1e-05_seed3,126,True,3,0.9999999903465095,0.004160184894516221,0.00027953434469500367,0.10980750000000003
images7_tol1e-05_seed3,127,True,3,0.9999997127662476,0.0031715122662527434,0.001516113327650867,0.12078825000000004
images7_tol1e-05_seed3,128,True,3,0.9999988038957178,0.003093392888987256,0.003093392888987255,0.13286707500000006
images7_tol1e-05_seed3,129,True,3,0.9999978460124503,0.004151126723041977,0.004151126723041977,0.14615378250000008
images7_tol1e-05_seed3,130,True,3,0.9999978460124503,0.004151126723041977,0.004151126723041977,0.07307689125000004
images7_tol1e-05_seed3,131,True,3,0.9999979370516084,0.004062455490760468,0.004062455490760468,0.07307689125000004
images7_tol1e-05_seed3,132,True,3,0.9999981114173073,0.003886981883901509,0.0038869818839015083,0.07307689125000004
images7_tol1e-05_seed3,133,True,3,0.9999983543450007,0.003628390699609115,0.0036283906996091146,0.07307689125000004
images7_tol1e-05_seed3,134,True,3,0.9999986451649963,0.003292214028088703,0.0032922140280887044,0.07307689125000004
images7_tol1e-05_seed3,135,True,3,0.9999989588221728,0.002886075065530722,0.0028860750655307207,0.07307689125000004
images7_tol1e-05_seed3,136,True,3,0.9999992956804488,0.002373725824069104,0.0023737258240691043,0.08038458037500006
images7_tol1e-05_seed3,137,True,3,0.9999996169160703,0.0021344362267021167,0.0017506268927216459,0.08842303841250007
images7_tol1e-05_seed3,138,True,3,0.9999998682417702,0.0019335892156959245,0.0010266867061759276,0.09726534225375008
images7_tol1e-05_seed3,139,True,3,0.9999999932044327,0.0020122795480247875,0.0002331834740117327,0.1069918764791251
images7_tol1e-05_seed3,140,True,3,0.9999999585764949,0.0023031999351666474,0.0005756642466258944,0.11769106412703761
images7_tol1e-05_seed3,141,True,3,0.9999997811171388,0.00221445545123045,0.001323277662522194,0.12946017053974138
images7_tol1e-05_seed3,142,True,3,0.9999995442669589,0.0019094165157553915,0.0019094165157553917,0.14240618759371554
images7_tol1e-05_seed3,143,True,3,0.9999993945048514,0.0022009020731528265,0.002200902073152826,0.15
images7_tol1e-05_seed3,144,True,3,0.9999993945048514,0.0022009020731528265,0.002200902073152826,0.075
images7_tol1e-05_seed3,145,True,3,0.9999994214454879,0.0021513817793511365,0.002151381779351136,0.075
images7_tol1e-05_seed3,146,True,3,0.9999994729074921,0.0020534715272404564,0.002053471527240457,0.075
images7_tol1e-05_seed3,147,True,3,0.9999995442468349,0.0019094575275476668,0.0019094575275476677,0.075
images7_tol1e-05_seed3,148,True,3,0.9999996289778688,0.001722840000548956,0.0017228400005489554,0.075
images7_tol1e-05_seed3,149,True,3,0.9999997193247604,0.0014984663588592517,0.0014984663588592515,0.075
images7_tol1e-05_seed3,150,True,3,0.9999998148052403,0.0012171926063824531,0.0012171926063824533,0.0825
images7_tol1e-05_seed3,151,True,3,0.9999999037220727,0.0010448309427466657,0.0008776245901327494,0.09075000000000001
images7_tol1e-05_seed3,152,True,3,0.9999999704807621,0.0009529774378247662,0.000485960828311249,0.09982500000000002
images7_tol1e-05_seed3,153,True,3,0.9999999995522676,0.0009591833561052848,5.9896856679687825e-05,0.10980750000000003
images7_tol1e-05_seed3,154,True,3,0.9999999829543506,0.0009001529524149056,0.0003692837896322493,0.12078825000000004
images7_tol1e-05_seed3,155,True,3,0.9999999284561049,0.000951239440610425,0.0007565407932285502,0.13286707500000006
images7_tol1e-05_seed3,156,True,3,0.9999998632996449,0.0010457548196470526,0.0010457548196470521,0.14615378250000008
images7_tol1e-05_seed3,157,True,3,0.9999998290833378,0.0011693301751473254,0.001169330175147325,0.15
images7_tol1e-05_seed3,158,True,3,0.9999998290833378,0.0011693301751473254,0.001169330175147325,0.075
images7_tol1e-05_seed3,159,True,3,0.9999998366880566,0.0011430202604822066,0.001143020260482207,0.075
images7_tol1e-05_seed3,160,True,3,0.9999998512174139,0.0010909905943293741,0.0010909905943293741,0.075
images7_tol1e-05_seed3,161,True,3,0.9999998713700569,0.0010144157787850808,0.001014415778785081,0.075
images7_tol1e-05_seed3,162,True,3,0.9999998953302792,0.0009150724881396118,0.0009150724881396119,0.075
images7_tol1e-05_seed3,163,True,3,0.9999999209142134,0.0007954157827364724,0.0007954157827364727,0.075
images7_tol1e-05_seed3,164,True,3,0.9999999479830526,0.0006450857717426675,0.0006450857717426675,0.0825
images7_tol1e-05_seed3,165,True,3,0.9999999731699456,0.0005948141169767789,0.00046329320596774924,0.09075000000000001
images7_tol1e-05_seed3,166,True,3,0.9999999919565975,0.0005426927231912773,0.0002536679169038056,0.09982500000000002
images7_tol1e-05_seed3,167,True,3,0.9999999999140959,0.0005389763571974111,2.6218003495451885e-05,0.10980750000000003
images7_tol1e-05_seed3,168,True,3,0.999999994885517,0.000625533911758989,0.00020227686256156377,0.12078825000000004
images7_tol1e-05_seed3,169,True,3,0.9999999791255024,0.0006112067505448077,0.00040865141748532046,0.13286707500000006
images7_tol1e-05_seed3,170,True,3,0.9999999603096252,0.0005634917892222688,0.0005634917892222686,0.14615378250000008
images7_tol1e-05_seed3,171,True,3,0.9999999505880468,0.0006287254172989709,0.0006287254172989708,0.15
images7_tol1e-05_seed3,172,True,3,0.9999999505880468,0.0006287254172989709,0.0006287254172989708,0.075
images7_tol1e-05_seed3,173,True,3,0.9999999527865694,0.0006145790963200052,0.0006145790963200051,0.075
images7_tol1e-05_seed3,174,True,3,0.9999999569861947,0.0005866092852459334,0.0005866092852459333,0.075
images7_tol1e-05_seed3,175,True,3,0.9999999628079965,0.0005454686339669871,0.0005454686339669871,0.075
images7_tol1e-05_seed3,176,True,3,0.9999999697228781,0.0004921554348548829,0.0004921554348548829,0.075
images7_tol1e-05_seed3,177,True,3,0.9999999770966225,0.0004280502480446613,0.0004280502480446613,0.075
images7_tol1e-05_seed3,178,True,3,0.9999999848903979,0.00034767343295091097,0.000347673432950911,0.0825
images7_tol1e-05_seed3,179,True,3,0.9999999921495858,0.0003014887074672739,0.00025060591265922845,0.09075000000000001
images7_tol1e-05_seed3,180,True,3,0.9999999975990871,0.0002682000889177506,0.00013859049026083747,0.09982500000000002
images7_tol1e-05_seed3,181,True,3,0.9999999999652633,0.000258239171560458,1.6670929086188512e-05,0.10980750000000003
images7_tol1e-05_seed3,182,True,3,0.999999998592811,0.00026041161189958005,0.00010610153017185811,0.12078825000000004
images7_tol1e-05_seed3,183,True,3,0.9999999941355472,0.0002637443119994625,0.00021660016688769323,0.13286707500000006
images7_tol1e-05_seed3,184,True,3,0.9999999888849103,0.0002981957709832414,0.0002981957709832414,0.14615378250000008
images7_tol1e-05_seed3,185,True,3,0.9999999862818195,0.0003312784969876998,0.0003312784969876997,0.15
images7_tol1e-05_seed3,186,True,3,0.9999999862818195,0.0003312784969876998,0.0003312784969876997,0.075
images7_tol1e-05_seed3,187,True,3,0.9999999868921928,0.00032382473108348364,0.0003238247310834836,0.075
images7_tol1e-05_seed3,188,True,3,0.9999999880581222,0.00030908739980937575,0.0003090873998093759,0.075
images7_tol1e-05_seed3,189,True,3,0.9999999896743872,0.0002874106842995082,0.0002874106842995083,0.075
images7_tol1e-05_seed3,190,True,3,0.9999999915940843,0.0002593208926209305,0.00025932089262093035,0.075
images7_tol1e-05_seed3,191,True,3,0.999999993641167,0.00022554525825960357,0.00022554525825960365,0.075
images7_tol1e-05_seed3,192,True,3,0.9999999958049204,0.00018606132935772553,0.00018319562604047893,0.0825
images7_tol1e-05_seed3,193,True,3,0.9999999978203433,0.00017594333303306756,0.00013205019241387946,0.09075000000000001
images7_tol1e-05_seed3,194,True,3,0.9999999993333115,0.00015815425204122736,7.303087476935242e-05,0.09982500000000002
images7_tol1e-05_seed3,195,True,3,0.9999999999903113,0.00014002390929832817,8.804014229970173e-06,0.10980750000000003
images7_tol1e-05_seed3,196,True,3,0.9999999996098234,0.000161899003786765,5.586960501073026e-05,0.12078825000000004
images7_tol1e-05_seed3,197,True,3,0.9999999983720262,0.00015788090911578564,0.00011412181994816206,0.13286707500000006
images7_tol1e-05_seed3,198,True,3,0.9999999969112736,0.00015719354499761518,0.00015719354499761523,0.14615378250000008
images7_tol1e-05_seed3,199,True,3,0.9999999961921848,0.00017453515782901054,0.00017453515782901046,0.15
images7_tol1e-05_seed3,200,True,3,0.9999999961921848,0.00017453515782901054,0.00017453515782901046,0.075
images7_tol1e-05_seed3,201,True,3,0.9999999963616089,0.00017060811680049114,0.00017060811680049112,0.075
images7_tol1e-05_seed3,202,True,3,0.9999999966852178,0.000162844275846756,0.00016284427584675596,0.075
images7_tol1e-05_seed3,203,True,3,0.9999999971337294,0.0001514270896806956,0.0001514270896806956,0.075
images7_tol1e-05_seed3,204,True,3,0.9999999976662592,0.00013663794032338575,0.0001366379403233857,0.075
images7_tol1e-05_seed3,205,True,3,0.9999999982338865,0.00011886508596299885,0.00011886508596299885,0.075
images7_tol1e-05_seed3,206,True,3,0.9999999988337227,9.753263604406163e-05,9.65930516472303e-05,0.0825
images7_tol1e-05_seed3,207,True,3,0.9999999993927637,8.801342556162011e-05,6.969857062536884e-05,0.09075000000000001
images7_tol1e-05_seed3,208,True,3,0.9999999998134312,7.551697745758868e-05,3.863353643729287e-05,0.09982500000000002
images7_tol1e-05_seed3,209,True,3,0.9999999999971725,6.778850423315176e-05,4.756063796877578e-06,0.10980750000000003
images7_tol1e-05_seed3,210,True,3,0.9999999998920526,7.047084567798332e-05,2.9386723096454637e-05,0.12078825000000004
images7_tol1e-05_seed3,211,True,3,0.9999999995511974,6.566432298260599e-05,5.992012383227178e-05,0.13286707500000006
images7_tol1e-05_seed3,212,True,3,0.9999999991636559,8.179702050811779e-05,8.17970205081178e-05,0.14615378250000008
images7_tol1e-05_seed3,213,True,3,0.9999999991636559,8.179702050811779e-05,8.17970205081178e-05,0.07307689125000004
images7_tol1e-05_seed3,214,True,3,0.9999999991990045,8.00497602362901e-05,8.004976023629006e-05,0.07307689125000004
images7_tol1e-05_seed3,215,True,3,0.9999999992667084,7.659199594521524e-05,7.659199594521521e-05,0.07307689125000004
images7_tol1e-05_seed3,216,True,3,0.9999999993610427,7.149586422855411e-05,7.149586422855408e-05,0.07307689125000004
images7_tol1e-05_seed3,217,True,3,0.9999999994740083,6.486858155902522e-05,6.48685815590252e-05,0.07307689125000004
images7_tol1e-05_seed3,218,True,3,0.999999999595931,5.6855539026649294e-05,5.685553902664929e-05,0.07307689125000004
images7_tol1e-05_seed3,219,True,3,0.9999999997270321,4.673053116240478e-05,4.673053116240479e-05,0.08038458037500006
images7_tol1e-05_seed3,220,True,3,0.9999999998521871,3.652856536581921e-05,3.438753051986608e-05,0.08842303841250007
images7_tol1e-05_seed3,221,True,3,0.9999999999498745,3.6361431727216e-05,2.002509738680692e-05,0.09726534225375008
images7_tol1e-05_seed3,222,True,3,0.9999999999976792,3.5651822233476124e-05,4.3089037844935455e-06,0.1069918764791251
images7_tol1e-05_seed3,223,True,3,0.9999999999829796,4.198452912423048e-05,1.1668926927062806e-05,0.11769106412703761
images7_tol1e-05_seed3,224,True,3,0.9999999999121627,4.8747670806334693e-05,2.6508454097017232e-05,0.12946017053974138
images7_tol1e-05_seed3,225,True,3,0.9999999998146349,4.7917767746756464e-05,3.850871767844573e-05,0.14240618759371554
images7_tol1e-05_seed3,226,True,3,0.9999999997429241,4.534982465012538e-05,4.5349824650125376e-05,0.15
images7_tol1e-05_seed3,227,True,3,0.9999999997390201,4.569287821997381e-05,4.569287821997381e-05,0.15
images7_tol1e-05_seed3,228,True,3,0.9999999997992037,4.2576919478662636e-05,4.007955156427791e-05,0.15
images7_tol1e-05_seed3,229,True,3,0.9999999997992037,4.2576919478662636e-05,4.007955156427791e-05,0.075
images7_tol1e-05_seed3,230,True,3,0.9999999998081379,4.197839229383171e-05,3.917776165461918e-05,0.075
images7_tol1e-05_seed3,231,True,3,0.9999999998251989,4.078900947781109e-05,3.739529268958366e-05,0.075
images7_tol1e-05_seed3,232,True,3,0.9999999998488327,3.902370085949582e-05,3.477554988005029e-05,0.075
images7_tol1e-05_seed3,233,True,3,0.9999999998768725,3.670387135234473e-05,3.1385031768871623e-05,0.075
images7_tol1e-05_seed3,234,True,3,0.9999999999067439,3.385623853871342e-05,2.7313885284449834e-05,0.075
images7_tol1e-05_seed3,235,True,3,0.9999999999383251,3.017689030702779e-05,2.2212589068290034e-05,0.0825
images7_tol1e-05_seed3,236,True,3,0.9999999999678388,2.551676409328105e-05,1.6040246242383887e-05,0.09075000000000001
images7_tol1e-05_seed3,237,True,3,0.9999999999901645,1.9717854873954274e-05,8.87041766616701e-06,0.09982500000000002
images7_tol1e-05_seed3,238,True,3,0.9999999999998794,1.4103612830106106e-05,9.816844708233332e-07,0.10980750000000003
images7_tol1e-05_seed3,239,True,3,0.99999999999391,1.1439030494157438e-05,6.979994498350624e-06,0.12078825000000004
images7_tol1e-05_seed3,240,True,3,0.9999999999766318,1.3672812061911046e-05,1.3672812061911044e-05,0.13286707500000006
images7_tol1e-05_seed3,241,True,3,0.9999999999766318,1.3672812061911046e-05,1.3672812061911044e-05,0.06643353750000003
images7_tol1e-05_seed3,242,True,3,0.9999999999774496,1.3431436891747542e-05,1.343143689174754e-05,0.06643353750000003
images7_tol1e-05_seed3,243,True,3,0.9999999999790277,1.2952954037802549e-05,1.2952954037802549e-05,0.06643353750000003
images7_tol1e-05_seed3,244,True,3,0.9999999999812548,1.2245888506419647e-05,1.2245888506419642e-05,0.06643353750000003
images7_tol1e-05_seed3,245,True,3,0.9999999999839735,1.1323106276709662e-05,1.1323106276709662e-05,0.06643353750000003
images7_tol1e-05_seed3,246,True,3,0.9999999999869895,1.0202149866528607e-05,1.020214986652861e-05,0.06643353750000003
images7_tol1e-05_seed3,247,True,3,0.9999999999903717,8.776425683327468e-06,8.77642568332747e-06,0.07307689125000004
images11_tol0.001_seed1,0,False,5,2.5653852068122527,5.492841213765768,5.016698642578035,0.025
images11_tol0.001_seed1,1,False,5,2.5498587414647673,5.452828607563462,4.991578247078589,0.025
images11_tol0.001_seed1,2,False,5,2.5191107497923433,5.37285077420878,4.941465823491055,0.025
images11_tol0.001_seed1,3,False,5,2.473744495125653,5.253265363791633,4.866615947338491,0.025
images11_tol0.001_seed1,4,False,5,2.4146504866669067,5.095121272912627,4.767408051456377,0.025
images11_tol0.001_seed1,5,False,5,2.3429916581877333,4.900486336226433,4.644347014619488,0.025
images11_tol0.001_seed1,6,False,5,2.2520485524552813,4.649829923611214,4.483441129818445,0.027500000000000004
images11_tol0.001_seed1,7,False,5,2.139777503219145,4.335937877794886,4.276669688035271,0.030250000000000006
images11_tol0.001_seed1,8,False,5,2.005130695441334,4.020325353413211,4.01499006115567,0.033275000000000006
images11_tol0.001_seed1,9,False,5,1.8488614891501416,3.6925703812064645,3.6885469465395517,0.03660250000000001
images11_tol0.001_seed1,10,False,5,1.6745774407166762,3.2894338887207697,3.287078282244043,0.040262750000000014
images11_tol0.001_seed1,11,False,5,1.4899469096285813,2.889700845295425,2.800490012985412,0.04428902500000002
images11_tol0.001_seed1,12,False,5,1.307896960630401,2.4070071517461917,2.219574352483885,0.04871792750000002
images11_tol0.001_seed1,13,False,5,1.156128713435537,1.7193165467774671,1.5807678049869038,0.05358972025000003
images11_tol0.001_seed1,14,False,5,1.0552589834203903,1.1564620005301325,0.9419215854547588,0.058948692275000034
images11_tol0.001_seed1,15,False,5,1.005492290908142,0.7418345187340077,0.3040806222324816,0.06484356150250004
images11_tol0.001_seed1,16,False,5,1.0069638531121627,1.1339003159970404,0.33901498537327196,0.07132791765275004
images11_tol0.001_seed1,17,False,5,1.0069638531121627,1.1339003159970404,0.33901498537327196,0.03566395882637502
images11_tol0.001_seed1,18,False,5,1.0068271009991296,1.100068903585043,0.3355391156035951,0.03566395882637502
images11_tol0.001_seed1,19,False,5,1.0065586504864081,1.0395734731640645,0.3286207315448432,0.03566395882637502
images11_tol0.001_seed1,20,False,5,1.006168128237923,0.9763591848168541,0.3183182343714101,0.03566395882637502
images11_tol0.001_seed1,21,False,5,1.0056691530226487,0.8933525453750283,0.30470586930822635,0.03566395882637502
images11_tol0.001_seed1,22,False,5,1.005078691368493,0.7917505498226388,0.28786233875930006,0.03566395882637502
images11_tol0.001_seed1,23,False,5,1.004352622228449,0.6612941714954733,0.26585606467067124,0.039230354709012524
images11_tol0.001_seed1,24,False,5,1.0034950157313054,0.498448778681109,0.23754201842146427,0.04315339017991378
images11_tol0.001_seed1,25,False,5,1.0025298213317708,0.3020274211651212,0.20148208554120728,0.04746872919790516
images11_tol0.001_seed1,26,False,5,1.0015154756906164,0.17378697132611065,0.15573597493999078,0.05221560211769568
images11_tol0.001_seed1,27,False,5,1.0005940651170475,0.3421937249499285,0.09884414609559368,0.057437162329465254
images11_tol0.001_seed1,28,False,5,1.0005940651170475,0.3421937249499285,0.09884414609559368,0.028718581164732627
images11_tol0.001_seed1,29,False,5,1.0005863193893703,0.33600795263128014,0.09818929689214932,0.028718581164732627
images11_tol0.001_seed1,30,False,5,1.0005710235732905,0.32374841653538206,0.09688346790823797,0.028718581164732627
images11_tol0.001_seed1,31,False,5,1.0005485529673257,0.30564364650856946,0.09493338971053078,0.028718581164732627
images11_tol0.001_seed1,32,False,5,1.0005194440896132,0.2820432435324247,0.09234763616334414,0.028718581164732627
images11_tol0.001_seed1,33,False,5,1.0004843749802201,0.2534240029702957,0.08913555032189963,0.028718581164732627
images11_tol0.001_seed1,34,False,5,1.000440218540017,0.2170992209014206,0.084923174305078,0.03159043928120589
images11_tol0.001_seed1,35,False,5,1.0003862896494864,0.1723879152490147,0.07948458371851116,0.034749483209326484
images11_tol0.001_seed1,36,False,5,1.000322589918023,0.11937666773892096,0.07255194396128865,0.03822443153025914
images11_tol0.001_seed1,37,False,5,1.0002503871387887,0.09104709690848718,0.06381559148868886,0.04204687468328506
images11_tol0.001_seed1,38,False,5,1.0001732696993777,0.07880002679000903,0.05296359598401841,0.046251562151613565
images11_tol0.001_seed1,39,False,5,1.0000988954417511,0.08183686712164184,0.03988306901529278,0.050876718366774924
images11_tol0.001_seed1,40,False,5,1.0000389580447395,0.1340021093220323,0.024968435336251725,0.055964390203452424
images11_tol0.001_seed1,41,False,5,1.0000043578903928,0.1687278167336893,0.009146438467472805,0.06156082922379767
images11_tol0.001_seed1,42,False,5,1.0000014236592043,0.17878615049372665,0.008715670870821588,0.06771691214617745
images11_tol0.001_seed1,43,False,5,1.0000301166184824,0.15916788292264772,0.024517427143555433,0.0744886033607952
images11_tol0.001_seed1,44,False,5,1.0000818748182876,0.13224783908384685,0.03902330470517578,0.08193746369687473
images11_tol0.001_seed1,45,False,5,1.0001371657605778,0.10870875244296754,0.050314561625252566,0.0901312100665622
images11_tol0.001_seed1,46,False,5,1.0001652801754433,0.06437217155549356,0.056101193061403216,0.09914433107321843
images11_tol0.001_seed1,47,False,5,1.0001389234726523,0.11989336968445868,0.05440806127288159,0.10905876418054028
images11_tol0.001_seed1,48,False,5,1.0000639377109848,0.13206676322512664,0.045773102552211495,0.11996464059859431
images11_tol0.001_seed1,49,False,5,0.9999736816703019,0.101628213898341,0.03319668957659352,0.13196110465845376
images11_tol0.001_seed1,50,True,5,0.9999153019559766,0.09903898569039596,0.026178584553132257,0.14515721512429916
images11_tol0.001_seed1,51,True,5,0.999915724110766,0.09800961962665687,0.02611268077721217,0.025
images11_tol0.001_seed1,52,True,5,0.9999165644980081,0.09596192284862928,0.025980998165875596,0.025
images11_tol0.001_seed1,53,True,5,0.9999178158537603,0.09291815006899073,0.025783699743948126,0.025
images11_tol0.001_seed1,54,True,5,0.9999194681440865,0.08891186006889669,0.025520900475398373,0.025
images11_tol0.001_seed1,55,True,5,0.9999215091358603,0.08398793948929875,0.025192575872084996,0.025
images11_tol0.001_seed1,56,True,5,0.9999241644865823,0.07762407563061242,0.024759048431583358,0.027500000000000004
images11_tol0.001_seed1,57,True,5,0.9999275565527317,0.06957446933376471,0.02419419233178731,0.030250000000000006
images11_tol0.001_seed1,58,True,5,0.9999318201494483,0.059602097857080996,0.023465356796446006,0.033275000000000006
images11_tol0.001_seed1,59,True,5,0.9999370988500585,0.04751590495302788,0.022531085675531526,0.03660250000000001
images11_tol0.001_seed1,60,True,5,0.9999435385334239,0.03441960281422308,0.021337259502253313,0.040262750000000014
images11_tol0.001_seed1,61,True,5,0.9999512751515888,0.026764614036412476,0.019810244737511314,0.04428902500000002
images11_tol0.001_seed1,62,True,5,0.9999603889106975,0.020415123393636853,0.017848402015907577,0.04871792750000002
images11_tol0.001_seed1,63,True,5,0.999970629734139,0.01847681810668215,0.01535438918997299,0.05358972025000003
images11_tol0.001_seed1,64,True,5,0.9999808860309888,0.033140666354765994,0.012373393595441859,0.058948692275000034
images11_tol0.001_seed1,65,True,5,0.9999808860309888,0.033140666354765994,0.012373393595441859,0.029474346137500017
images11_tol0.001_seed1,66,True,5,0.9999810186193392,0.03264190646796554,0.012330364780634113,0.029474346137500017
images11_tol0.001_seed1,67,True,5,0.9999812820634797,0.03165189647744125,0.012244421627205505,0.029474346137500017
images11_tol0.001_seed1,68,True,5,0.9999816731258907,0.030185871917769534,0.012115723896162944,0.029474346137500017
images11_tol0.001_seed1,69,True,5,0.9999821872846142,0.028266998472356603,0.011944409980336296,0.029474346137500017
images11_tol0.001_seed1,70,True,5,0.999982818937659,0.025926662868314083,0.01173053090115229,0.029474346137500017
images11_tol0.001_seed1,71,True,5,0.9999836349366262,0.022933093029551554,0.011448331111073948,0.03242178075125002
images11_tol0.001_seed1,72,True,5,0.9999846672177143,0.019204421870558874,0.011081064546923123,0.03566395882637502
images11_tol0.001_seed1,73,True,5,0.9999859470485023,0.01469519394062299,0.010608123402811752,0.039230354709012524
images11_tol0.001_seed1,74,True,5,0.9999874998788587,0.011679414677781118,0.01000439176298532,0.04315339017991378
images11_tol0.001_seed1,75,True,5,0.9999893340554626,0.011173827704510404,0.009240715958915707,0.04746872919790516
images11_tol0.001_seed1,76,True,5,0.9999914166595639,0.011443977563930233,0.008288932600636319,0.05221560211769568
images11_tol0.001_seed1,77,True,5,0.9999936395664739,0.012225833556791063,0.007134600475981402,0.057437162329465254
images11_tol0.001_seed1,78,True,5,0.9999958175107592,0.015303804563665254,0.0057848753112984454,0.06318087856241178
images11_tol0.001_seed1,79,True,5,0.9999977306529279,0.018871545679725363,0.004260836128691352,0.06949896641865297
images11_tol0.001_seed1,80,True,5,0.999999161063364,0.020081111018220982,0.0025917111357038284,0.07644886306051828
images11_tol0.001_seed1,81,True,5,0.9999999178364185,0.018329978716887293,0.0008229605938521814,0.08409374936657012
images11_tol0.001_seed1,82,True,5,0.9999998752052117,0.013373747049921253,0.0010180412290335542,0.09250312430322713
images11_tol0.001_seed1,83,True,5,0.9999990492969661,0.0064431417479539855,0.0027668084597408963,0.10175343673354985
images11_tol0.001_seed1,84,True,5,0.9999977430393484,0.006410642300544641,0.004254209663083389,0.11192878040690485
images11_tol0.001_seed1,85,True,5,0.9999977430393484,0.006410642300544641,0.004254209663083389,0.055964390203452424
images11_tol0.001_seed1,86,True,5,0.9999977991818265,0.0062015688724832785,0.0042008281567609196,0.055964390203452424
images11_tol0.001_seed1,87,True,5,0.9999979087933614,0.005894229900531131,0.004094616873480998,0.055964390203452424
images11_tol0.001_seed1,88,True,5,0.9999980668647261,0.0054551342494869705,0.00393644439959413,0.055964390203452424
images11_tol0.001_seed1,89,True,5,0.9999982663582503,0.00491028205256269,0.003727327642775944,0.055964390203452424
images11_tol0.001_seed1,90,True,5,0.9999984983080796,0.004293864232248596,0.00346849332273567,0.055964390203452424
images11_tol0.001_seed1,91,True,5,0.999998775508464,0.004221273749810978,0.0031314303785917575,0.06156082922379767
images11_tol0.001_seed1,92,True,5,0.9999990860376733,0.004946795010684339,0.0027047567438891274,0.06771691214617745
images11_tol0.001_seed1,93,True,5,0.9999994035708035,0.0057759992291158,0.002184477659971722,0.0744886033607952
images11_tol0.001_seed1,94,True,5,0.9999996894071781,0.006230572993930642,0.0015764309572304323,0.08193746369687473
images11_tol0.001_seed1,95,True,5,0.9999999002894934,0.005894291174355015,0.0008951501360996299,0.0901312100665622
images11_tol0.001_seed1,96,True,5,0.999999997168238,0.004450896303043798,0.00017677202122009099,0.09914433107321843
images11_tol0.001_seed1,97,True,5,0.9999999577154172,0.0017680704223521988,0.0005918476970558572,0.10905876418054028
images11_tol0.001_seed1,98,True,5,0.9999998048826927,0.0019099540536495318,0.001253163356137413,0.11996464059859431
images11_tol0.001_seed1,99,True,5,0.9999998048826927,0.0019099540536495318,0.001253163356137413,0.059982320299297155
images11_tol0.001_seed1,100,True,5,0.9999998104476506,0.0017604804611931666,0.0012350566184143215,0.059982320299297155
images11_tol0.001_seed1,101,True,5,0.9999998212808769,0.0014750171760279564,0.001199037356890204,0.059982320299297155
images11_tol0.001_seed1,102,True,5,0.9999998368443179,0.0011955190350481921,0.0011453428651285293,0.059982320299297155
images11_tol0.001_seed1,103,True,5,0.999999856411993,0.001074095595882712,0.001074095595882712,0.059982320299297155
images11_tol0.001_seed1,104,True,5,0.9999998790766165,0.0009852614891181534,0.0009852614891181534,0.059982320299297155
images11_tol0.001_seed2,0,False,5,2.925403548401928,6.025713497702771,5.557545173346585,0.025
images11_tol0.001_seed2,1,False,5,2.9062186182274856,5.97566331666659,5.53004686777333,0.025
images11_tol0.001_seed2,2,False,5,2.8682231814525188,5.875753835543895,5.475185884204328,0.025
images11_tol0.001_seed2,3,False,5,2.8121580202699668,5.726523945023203,5.3932310969578205,0.025
images11_tol0.001_seed2,4,False,5,2.739118205857126,5.529116601335122,5.284585525075859,0.025
images11_tol0.001_seed2,5,False,5,2.6505384591917913,5.28557129162814,5.149792878529372,0.025
images11_tol0.001_seed2,6,False,5,2.538117499987401,4.970353139041802,4.973529758946127,0.027500000000000004
images11_tol0.001_seed2,7,False,5,2.399354437378165,4.745162316867023,4.747046743942207,0.030250000000000006
images11_tol0.001_seed2,8,False,5,2.2330312724027204,4.460362504659099,4.460580407395253,0.033275000000000006
images11_tol0.001_seed2,9,False,5,2.0402363270627886,4.102964422116663,4.103687403157976,0.03660250000000001
images11_tol0.001_seed2,10,False,5,1.825614636041466,3.6564768617520604,3.6657075028989023,0.040262750000000014
images11_tol0.001_seed2,11,False,5,1.5987709901240543,3.195566886830307,3.1363224805272587,0.04428902500000002
images11_tol0.001_seed2,12,False,4,1.4192944540096433,2.7624330397882457,2.79069623970951,0.04871792750000002
images11_tol0.001_seed2,13,False,4,1.2683295695697332,2.263342275095276,2.253525001096589,0.05358972025000003
images11_tol0.001_seed2,14,False,4,1.1391787504665412,1.730893560876331,1.6883936827258992,0.058948692275000034
images11_tol0.001_seed2,15,False,4,1.0409261732861383,1.1866645699941465,1.1053925592365332,0.06484356150250004
images11_tol0.001_seed2,16,False,5,0.9943596894936343,1.3347072078898055,0.21974463104532396,0.07132791765275004
images11_tol0.001_seed2,17,False,5,0.9943596894936343,1.3347072078898055,0.21974463104532396,0.03566395882637502
images11_tol0.001_seed2,18,False,5,0.9943128903588561,1.2943712042846063,0.22034347794593726,0.03566395882637502
images11_tol0.001_seed2,19,False,5,0.9942200564285274,1.2153507624979285,0.22153139375837286,0.03566395882637502
images11_tol0.001_seed2,20,False,5,0.9940827804394301,1.1009814580996993,0.22328783576571692,0.03566395882637502
images11_tol0.001_seed2,21,False,5,0.9939036330630286,0.956311639748787,0.22558071185295378,0.03566395882637502
images11_tol0.001_seed2,22,False,5,0.993686413248138,0.7882159726477556,0.22836537784797814,0.03566395882637502
images11_tol0.001_seed2,23,False,5,0.9934114658986665,0.588123447564242,0.2319107961191825,0.039230354709012524
images11_tol0.001_seed2,24,False,5,0.9930765176377646,0.4592312195433073,0.23628696120406617,0.04315339017991378
images11_tol0.001_seed2,25,False,5,0.9926900647065148,0.3813486343544814,0.24147612123749132,0.04746872919790516
images11_tol0.001_seed2,26,False,5,0.9922868608474916,0.28965697977179317,0.2472094570746262,0.05221560211769568
images11_tol0.001_seed2,27,False,5,0.9919481155616882,0.4568345886958909,0.2527079596698286,0.057437162329465254
images11_tol0.001_seed2,28,False,5,0.9919481155616882,0.4568345886958909,0.2527079596698286,0.028718581164732627
images11_tol0.001_seed2,29,False,5,0.9919630068819117,0.44876150633437767,0.2524840003955003,0.028718581164732627
images11_tol0.001_seed2,30,False,5,0.9919927130870008,0.4327736853397084,0.25203680546423796,0.028718581164732627
images11_tol0.001_seed2,31,False,5,0.9920371095689257,0.4091972509994753,0.25136736738858023,0.028718581164732627
images11_tol0.001_seed2,32,False,5,0.9920960524415925,0.3785370665280261,0.25047646194273887,0.028718581164732627
images11_tol0.001_seed2,33,False,5,0.9921694096737377,0.34149216311896163,0.2493640966912638,0.028718581164732627
images11_tol0.001_seed2,34,False,5,0.9922658418987016,0.2947436547993385,0.24789542933615533,0.03159043928120589
images11_tol0.001_seed2,35,False,5,0.9923907926584573,0.23777693749872483,0.24598074189004968,0.034749483209326484
images11_tol0.001_seed2,36,False,5,0.9925509234196211,0.17159302492232673,0.2435058133279301,0.03822443153025914
images11_tol0.001_seed2,37,False,5,0.9927543992909975,0.15204721234103377,0.24032264713944856,0.04204687468328506
images11_tol0.001_seed2,38,False,5,0.993010858659772,0.14545477372809273,0.23624122310686252,0.046251562151613565
images11_tol0.001_seed2,39,False,5,0.9933293513990741,0.1373562725835452,0.23104914968921747,0.050876718366774924
images11_tol0.001_seed2,40,False,5,0.9937124703011395,0.16758121669793227,0.2245975380498174,0.055964390203452424
images11_tol0.001_seed2,41,False,5,0.9941548216160027,0.20546427687658397,0.2168324824490488,0.06156082922379767
images11_tol0.001_seed2,42,False,5,0.9946493092727198,0.21036357863022662,0.20769563903672983,0.06771691214617745
images11_tol0.001_seed2,43,False,5,0.9951910142717826,0.17662929638587263,0.19704927374705689,0.0744886033607952
images11_tol0.001_seed2,44,False,5,0.9957779039433714,0.1502591210024672,0.18464410560970088,0.08193746369687473
images11_tol0.001_seed2,45,False,5,0.9964100213169559,0.1452440214443135,0.17010530657041925,0.0901312100665622
images11_tol0.001_seed2,46,False,5,0.9970840352371073,0.11675461208304444,0.15301581978281606,0.09914433107321843
images11_tol0.001_seed2,47,False,5,0.9977775201658132,0.1712091918957398,0.1332965651916225,0.10905876418054028
images11_tol0.001_seed2,48,False,5,0.998445441659342,0.17784587005007577,0.1114109273183573,0.11996464059859431
images11_tol0.001_seed2,49,False,5,0.9990308974067865,0.13368259255039422,0.0883586579244677,0.13196110465845376
images11_tol0.001_seed2,50,True,5,0.9994760573182063,0.1217551632011409,0.06599424028686118,0.14515721512429916
images11_tol0.001_seed2,51,True,5,0.9994785852506693,0.12076154912337995,0.0658246276962554,0.025
images11_tol0.001_seed2,52,True,5,0.9994836192075461,0.11878879710813782,0.06548585173165863,0.025
images11_tol0.001_seed2,53,True,5,0.9994911177737354,0.1158665709274795,0.06497866799757665,0.025
images11_tol0.001_seed2,54,True,5,0.9995010222191025,0.11204033825666672,0.06430400672089218,0.025
images11_tol0.001_seed2,55,True,5,0.9995132583967508,0.10737191368394314,0.0634628515551274,0.025
images11_tol0.001_seed2,56,True,5,0.9995291747265937,0.10139940076571893,0.06235550918544335,0.027500000000000004
images11_tol0.001_seed2,57,True,5,0.9995494932814095,0.0939540095087271,0.06091907324300696,0.030250000000000006
images11_tol0.001_seed2,58,True,5,0.9995749904069079,0.08492241694169304,0.05907775847482284,0.033275000000000006
images11_tol0.001_seed2,59,True,5,0.9996064463234997,0.07431237933825742,0.05674096718777063,0.03660250000000001
images11_tol0.001_seed2,60,True,5,0.9996445437348181,0.062364602827649517,0.05380204535456258,0.040262750000000014
images11_tol0.001_seed2,61,True,5,0.9996896711122468,0.05013994380952324,0.05013994380952325,0.04428902500000002
images11_tol0.001_seed2,62,True,5,0.9997415549579542,0.04562976286235078,0.04562976286235077,0.04871792750000002
images11_tol0.001_seed2,63,True,5,0.9997986696297244,0.046178427427081316,0.040172394287578204,0.05358972025000003
images11_tol0.001_seed2,64,True,5,0.9998576669739117,0.051232207521418924,0.033741727761319576,0.058948692275000034
images11_tol0.001_seed2,65,True,5,0.9999134468332005,0.05524952947641524,0.02641743674996999,0.06484356150250004
images11_tol0.001_seed2,66,True,5,0.9999599471064615,0.05743168367835178,0.018410686273503334,0.07132791765275004
images11_tol0.001_seed2,67,True,5,0.9999911135066449,0.06540898408904057,0.010294839078005312,0.07846070941802505
images11_tol0.001_seed2,68,True,5,1.000002001644237,0.06827040763647908,0.005684256277329542,0.08630678035982756
images11_tol0.001_seed2,69,True,5,0.9999903654656291,0.06371733099905338,0.011377418442309972,0.09493745839581032
images11_tol0.001_seed2,70,True,5,0.9999588443559088,0.05635329236258651,0.01930707104889109,0.10443120423539136
images11_tol0.001_seed2,71,True,5,0.999916933212449,0.062336764405956445,0.02625444946363887,0.11487432465893051
images11_tol0.001_seed2,72,True,5,0.9998807068283704,0.05629322036791106,0.03099336805174072,0.12636175712482356
images11_tol0.001_seed2,73,True,5,0.9998685535224661,0.03427450585759386,0.03242756929509913,0.13899793283730594
images11_tol0.001_seed2,74,True,5,0.9998914535760458,0.041308581762732166,0.029628803719087275,0.15
images11_tol0.001_seed2,75,True,5,0.9998914535760458,0.041308581762732166,0.029628803719087275,0.075
images11_tol0.001_seed2,76,True,5,0.9998962620930206,0.039943521417984025,0.02895786072093981,0.075
images11_tol0.001_seed2,77,True,5,0.9999054642389985,0.037285430734644964,0.02762984403586088,0.075
images11_tol0.001_seed2,78,True,5,0.9999182820366843,0.033476502940217874,0.025669304330048555,0.075
images11_tol0.001_seed2,79,True,5,0.9999336334624658,0.028728299270728494,0.023110177909547874,0.075
images11_tol0.001_seed2,80,True,5,0.999950177007281,0.02332761333477671,0.02000035771260476,0.075
images11_tol0.001_seed2,81,True,5,0.9999677927915538,0.017078460286575007,0.0160598793061229,0.0825
images11_tol0.001_seed2,82,True,5,0.9999840828690196,0.0164466914553388,0.011286375032867956,0.09075000000000001
images11_tol0.001_seed2,83,True,5,0.9999958341490922,0.018718435653342833,0.005847043547669659,0.09982500000000002
images11_tol0.001_seed2,84,True,5,1.0000000901113166,0.017882912317875945,0.0012161839831833436,0.10980750000000003
images11_tol0.001_seed2,85,True,5,0.9999956613646569,0.017302549413071366,0.006147678579414515,0.12078825000000004
images11_tol0.001_seed2,86,True,5,0.9999843965902709,0.016723643827783297,0.01129559155018259,0.13286707500000006
images11_tol0.001_seed2,87,True,5,0.9999712489489764,0.015213134334318647,0.015213134334318656,0.14615378250000008
images11_tol0.001_seed2,88,True,5,0.9999633984681962,0.018696545316443606,0.017119035876096873,0.15
images11_tol0.001_seed2,89,True,5,0.999964166518162,0.019660985639590383,0.016931893260685768,0.15
images11_tol0.001_seed2,90,True,5,0.999972329514894,0.015994826510184284,0.01489622704630955,0.15
images11_tol0.001_seed2,91,True,5,0.9999840142329071,0.014252341629628469,0.011355760104750295,0.15
images11_tol0.001_seed2,92,True,5,0.999994432331186,0.01224044414456817,0.006754137580200384,0.15
images11_tol0.001_seed2,93,True,5,0.9999996922147514,0.012597005257694319,0.0017517736240578537,0.15
images11_tol0.001_seed2,94,True,5,0.9999987329350533,0.014585933017779574,0.0032040749534684677,0.15
images11_tol0.001_seed2,95,True,5,0.9999987329350533,0.014585933017779574,0.0032040749534684677,0.075
images11_tol0.001_seed2,96,True,5,0.9999987890165809,0.014015227255340797,0.0031313552070800056,0.075
images11_tol0.001_seed2,97,True,5,0.9999988963497333,0.012911012818551363,0.0029874555872537885,0.075
images11_tol0.001_seed2,98,True,5,0.9999990458427273,0.011351030250688234,0.0027751574042905085,0.075
images11_tol0.001_seed2,99,True,5,0.9999992247109659,0.009464747346910194,0.0024985470002825494,0.075
images11_tol0.001_seed2,100,True,5,0.9999994168061589,0.008720093590906811,0.002164048333112061,0.075
images11_tol0.001_seed2,101,True,5,0.9999996199566248,0.009810486101984546,0.0017444724379169982,0.0825
images11_tol0.001_seed2,102,True,5,0.9999998069068495,0.010686979596338655,0.0012432581122963204,0.09075000000000001
images11_tol0.001_seed2,103,True,5,0.9999999440187626,0.010656027604480773,0.0006782627473659237,0.09982500000000002
images11_tol0.001_seed2,104,True,5,1.0000000008433785,0.009143760249242353,0.00015292169951459903,0.10980750000000003
images11_tol0.001_seed2,105,True,5,0.9999999626898252,0.00590590895453654,0.0005836187404309116,0.12078825000000004
images11_tol0.001_seed2,106,True,5,0.9999998486559946,0.0042747094072087734,0.0011162584174869228,0.13286707500000006
images11_tol0.001_seed2,107,True,5,0.9999997318015146,0.004720069698947801,0.0014687936649395114,0.14615378250000008
images11_tol0.001_seed2,108,True,5,0.9999997318015146,0.004720069698947801,0.0014687936649395114,0.07307689125000004
images11_tol0.001_seed2,109,True,5,0.9999997431175905,0.004265437826895834,0.0014373062404657937,0.07307689125000004
images11_tol0.001_seed2,110,True,5,0.999999764861947,0.0034014333501457025,0.0013748092970314295,0.07307689125000004
images11_tol0.001_seed2,111,True,5,0.9999997954833314,0.002217111491275934,0.0012817202228005984,0.07307689125000004
images11_tol0.001_seed2,112,True,5,0.9999998331061241,0.0012806590891046117,0.001157298146754342,0.07307689125000004
images11_tol0.001_seed2,113,True,5,0.9999998760462461,0.000996780062105785,0.0009967800621057843,0.07307689125000004
images11_tol0.001_seed3,0,False,6,2.578041370169762,5.963501981953561,5.652768148199633,0.025
images11_tol0.001_seed3,1,False,6,2.5580101824325845,5.935331292631483,5.62580233883181,0.025
images11_tol0.001_seed3,2,False,6,2.518352371893501,5.878904137883277,5.571967407071221,0.025
images11_tol0.001_seed3,3,False,6,2.4598783283625774,5.794046661098549,5.491465340236984,0.025
images11_tol0.001_seed3,4,False,6,2.383798784786374,5.680490437699825,5.384611219050848,0.025
images11_tol0.001_seed3,5,False,6,2.2917117248367407,5.537834067011814,5.2518403356659205,0.025
images11_tol0.001_seed3,6,False,6,2.1751625375875117,5.348031238900221,5.077880254482882,0.027500000000000004
images11_tol0.001_seed3,7,False,6,2.031844909754497,5.096867954807497,4.853703082282119,0.030250000000000006
images11_tol0.001_seed3,8,False,6,1.8609237098886777,4.754758918341974,4.568875996616585,0.033275000000000006
images11_tol0.001_seed3,9,False,6,1.6641498070683132,4.371985033568542,4.211559387471886,0.03660250000000001
images11_tol0.001_seed3,10,False,6,1.4475628761956942,3.9387764242928656,3.7690574473787377,0.040262750000000014
images11_tol0.001_seed3,11,False,5,1.2397477062117144,3.307647849473818,1.9653117980590105,0.04428902500000002
images11_tol0.001_seed3,12,False,5,1.174798866527559,2.4920017843722144,1.6733284155587949,0.04871792750000002
images11_tol0.001_seed3,13,False,5,1.1151097723411272,1.8657224104039845,1.3572220005934599,0.05358972025000003
images11_tol0.001_seed3,14,False,5,1.0631815643756508,1.142404682043382,1.0069623024125778,0.058948692275000034
images11_tol0.001_seed3,15,False,5,1.02321992446977,0.9531581918076116,0.6117533139426646,0.06484356150250004
images11_tol0.001_seed3,16,False,5,1.02321992446977,0.9531581918076116,0.6117533139426646,0.03242178075125002
images11_tol0.001_seed3,17,False,5,1.022852645804743,0.942781739416588,0.6066205709978277,0.03242178075125002
images11_tol0.001_seed3,18,False,5,1.022126570600666,0.9222611398032232,0.5964107471282813,0.03242178075125002
images11_tol0.001_seed3,19,False,5,1.0210582813997882,0.8920789765947985,0.5812319401657979,0.03242178075125002
images11_tol0.001_seed3,20,False,5,1.0196720910332204,0.8530097247578688,0.5612433286797399,0.03242178075125002
images11_tol0.001_seed3,21,False,5,1.0179997338171658,0.8061877820685102,0.5366567112342768,0.03242178075125002
images11_tol0.001_seed3,22,False,5,1.0158920075488655,0.7480593653630999,0.5048665505119753,0.03566395882637502
images11_tol0.001_seed3,23,False,5,1.0133183161402717,0.6794302399224919,0.4646892907608552,0.039230354709012524
images11_tol0.001_seed3,24,False,5,1.0102862627592506,0.6043691086116161,0.41515222548576586,0.04315339017991378
images11_tol0.001_seed3,25,False,5,1.0068726820536873,0.5329193764222153,0.35605294128893167,0.04746872919790516
images11_tol0.001_seed3,26,False,5,1.0032676535815797,0.4824939928872428,0.2894391388843311,0.05221560211769568
images11_tol0.001_seed3,27,False,5,0.9998183072551141,0.4689589291721688,0.22363376300966262,0.057437162329465254
images11_tol0.001_seed3,28,False,5,0.9970128327141186,0.4854585726766816,0.1818180524761532,0.06318087856241178
images11_tol0.001_seed3,29,False,5,0.9953288693159291,0.5008514885320376,0.19566684595470074,0.06949896641865297
images11_tol0.001_seed3,30,False,5,0.9950026909996247,0.4846086400709085,0.25552132682099193,0.07644886306051828
images11_tol0.001_seed3,31,False,5,0.9958545969734233,0.4670708910117799,0.3253385940994676,0.08409374936657012
images11_tol0.001_seed3,32,False,5,0.9958545969734233,0.4670708910117799,0.3253385940994676,0.04204687468328506
images11_tol0.001_seed3,33,False,5,0.9958290548323906,0.45705798545178256,0.3220028552257664,0.04204687468328506
images11_tol0.001_seed3,34,False,5,0.9957825130137066,0.43720895604589843,0.3154121063538169,0.04204687468328506
images11_tol0.001_seed3,35,False,5,0.9957236922188515,0.4078747859232343,0.3057261700048351,0.04204687468328506
images11_tol0.001_seed3,36,False,5,0.9956647917505823,0.3695784970007686,0.29318457773103906,0.04204687468328506
images11_tol0.001_seed3,37,False,5,0.9956205300517719,0.32301585936739,0.2781105461394868,0.04204687468328506
images11_tol0.001_seed3,38,False,5,0.9956078065123806,0.26418663269646464,0.2592307301536956,0.046251562151613565
images11_tol0.001_seed3,39,False,5,0.99566092672862,0.2228340903669108,0.23649487959384777,0.050876718366774924
images11_tol0.001_seed3,40,False,5,0.9958287365462953,0.17146523497590294,0.2105575332460298,0.055964390203452424
images11_tol0.001_seed3,41,False,5,0.9961718769112378,0.11652835852867557,0.18366859036466338,0.06156082922379767
images11_tol0.001_seed3,42,False,5,0.9967348883622733,0.15173214746781788,0.1612986442505623,0.06771691214617745
images11_tol0.001_seed3,43,False,5,0.9967348883622733,0.15173214746781788,0.1612986442505623,0.033858456073088725
images11_tol0.001_seed3,44,False,5,0.9967357933830296,0.14962758272025026,0.1612746724018315,0.033858456073088725
images11_tol0.001_seed3,45,False,5,0.9967376421287624,0.14545092188729417,0.16122595742791027,0.033858456073088725
images11_tol0.001_seed3,46,False,5,0.9967405200514534,0.13926816411155565,0.16115074794798775,0.033858456073088725
images11_tol0.001_seed3,47,False,5,0.9967445670387501,0.1311807389352003,0.16104610235828307,0.033858456073088725
images11_tol0.001_seed3,48,False,5,0.9967499856940915,0.1213289637745122,0.1609076538739681,0.033858456073088725
images11_tol0.001_seed3,49,False,5,0.9967577588668193,0.10876056596247978,0.16071155900530731,0.0372443016803976
images11_tol0.001_seed3,50,True,5,0.9967689756588997,0.16043226359744442,0.16043226359744434,0.04096873184843736
images11_tol0.001_seed3,51,True,5,0.9967849971883562,0.16003567901024685,0.16003567901024685,0.025
images11_tol0.001_seed3,52,True,5,0.9968168858985998,0.15924339983614225,0.15924339983614225,0.025
images11_tol0.001_seed3,53,True,5,0.9968643383676911,0.15805710583768223,0.15805710583768223,0.025
images11_tol0.001_seed3,54,True,5,0.9969269076235016,0.15647918585718137,0.15647918585718137,0.025
images11_tol0.001_seed3,55,True,5,0.9970040084939757,0.15451268332010196,0.15451268332010193,0.025
images11_tol0.001_seed3,56,True,5,0.9971039378392668,0.15192612122912796,0.15192612122912794,0.027500000000000004
images11_tol0.001_seed3,57,True,5,0.9972308833287691,0.14857542167535503,0.14857542167535503,0.030250000000000006
images11_tol0.001_seed3,58,True,5,0.9973891493526794,0.14428911151521423,0.1442891115152143,0.033275000000000006
images11_tol0.001_seed3,59,True,5,0.9975827601443827,0.13886559840392534,0.13886559840392534,0.03660250000000001
images11_tol0.001_seed3,60,True,5,0.9978147891340217,0.13207218871798548,0.1320721887179855,0.040262750000000014
images11_tol0.001_seed3,61,True,5,0.9980862974325254,0.12364809524601332,0.12364809524601333,0.04428902500000002
images11_tol0.001_seed3,62,True,5,0.9983947650435944,0.11331554315478931,0.11331554315478934,0.04871792750000002
images11_tol0.001_seed3,63,True,5,0.9987319980631262,0.10080540535573305,0.10080540535573304,0.05358972025000003
images11_tol0.001_seed3,64,True,5,0.9990818395140579,0.08656476879940242,0.08590417363392681,0.058948692275000034
images11_tol0.001_seed3,65,True,5,0.9994186922740267,0.09609023983762205,0.06852237507435596,0.06484356150250004
images11_tol0.001_seed3,66,True,5,0.999708469164418,0.10414766912289415,0.04877265295772276,0.07132791765275004
images11_tol0.001_seed3,67,True,5,0.9999132189436841,0.10785553199605692,0.027064068050354946,0.07846070941802505
images11_tol0.001_seed3,68,True,5,0.999999505846253,0.1043365796855744,0.0051616013899430995,0.08630678035982756
images11_tol0.001_seed3,69,True,5,0.9999499557589874,0.09237475556967487,0.020182090367900963,0.09493745839581032
images11_tol0.001_seed3,70,True,5,0.9997768221741035,0.09419959803245864,0.04224814290127775,0.10443120423539136
images11_tol0.001_seed3,71,True,5,0.9995337706386891,0.08652040504356218,0.06110076827742484,0.11487432465893051
images11_tol0.001_seed3,72,True,5,0.9993156055822979,0.07407063531276142,0.07407063531276141,0.12636175712482356
images11_tol0.001_seed3,73,True,5,0.9992286875303813,0.07862094450532027,0.07862094450532031,0.13899793283730594
images11_tol0.001_seed3,74,True,5,0.9993287525938258,0.07782247790109871,0.07329350559231666,0.15
images11_tol0.001_seed3,75,True,5,0.9995572274331896,0.09229806979869143,0.059499391333800014,0.15
images11_tol0.001_seed3,76,True,5,0.9998002013959029,0.0938685521545251,0.040024130359270195,0.15
images11_tol0.001_seed3,77,True,5,0.9999620176063342,0.10106632555633564,0.0177691579556972,0.15
images11_tol0.001_seed3,78,True,5,0.9999973856927213,0.10028820115045005,0.005976900478646352,0.15
images11_tol0.001_seed3,79,True,5,0.9999201649698806,0.09004224916398032,0.025478832292495385,0.15
images11_tol0.001_seed3,80,True,5,0.9997876246039511,0.08573635265541361,0.04126148946110483,0.15
images11_tol0.001_seed3,81,True,5,0.9996674133000083,0.10037296936625717,0.05157344719018285,0.15
images11_tol0.001_seed3,82,True,5,0.9996095338515176,0.10248812674168949,0.05588062985771076,0.15
images11_tol0.001_seed3,83,True,5,0.9996328546318538,0.09538330757890325,0.05420326702177584,0.15
images11_tol0.001_seed3,84,True,5,0.9997234526250253,0.09574481711665607,0.04705784947361442,0.15
images11_tol0.001_seed3,85,True,5,0.9998431920470664,0.08904086056266948,0.03544095296704409,0.15
images11_tol0.001_seed3,86,True,5,0.9999462713001811,0.0691545224598992,0.020743293114984532,0.15
images11_tol0.001_seed3,87,True,5,0.999997323718105,0.04191333179086021,0.004627539990301106,0.15
images11_tol0.001_seed3,88,True,5,0.999984941029316,0.029326077030003422,0.01099718201023078,0.15
images11_tol0.001_seed3,89,True,5,0.999984941029316,0.029326077030003422,0.01099718201023078,0.075
images11_tol0.001_seed3,90,True,5,0.999985610677996,0.02798723348684408,0.01074917630241337,0.075
images11_tol0.001_seed3,91,True,5,0.9999868920385053,0.02561197685137328,0.010258039061788921,0.075
images11_tol0.001_seed3,92,True,5,0.9999886768053428,0.022803004620870104,0.009532177081575185,0.075
images11_tol0.001_seed3,93,True,5,0.9999908133875967,0.020366919262521783,0.008583485075645964,0.075
images11_tol0.001_seed3,94,True,5,0.99999310855809,0.018921368918207664,0.007431678610664185,0.075
images11_tol0.001_seed3,95,True,5,0.9999955291588181,0.018304805122628335,0.005983141382004695,0.0825
images11_tol0.001_seed3,96,True,5,0.9999977390363265,0.021040238589207377,0.004253037672347153,0.09075000000000001
images11_tol0.001_seed3,97,True,5,0.9999993423076323,0.02305095697132839,0.002297299249855411,0.09982500000000002
images11_tol0.001_seed3,98,True,5,0.9999999980922788,0.02133045524321122,0.0002894900738014422,0.10980750000000003
images11_tol0.001_seed3,99,True,5,0.9999995497109888,0.014831026679260867,0.0019306246584357217,0.12078825000000004
images11_tol0.001_seed3,100,True,5,0.9999982052364514,0.00962248109212681,0.00380704478943212,0.13286707500000006
images11_tol0.001_seed3,101,True,5,0.999996664838951,0.014612308909357274,0.005173075278123814,0.14615378250000008
images11_tol0.001_seed3,102,True,5,0.999996664838951,0.014612308909357274,0.005173075278123814,0.07307689125000004
images11_tol0.001_seed3,103,True,5,0.9999968056184103,0.013550809352666369,0.005062349768617473,0.07307689125000004
images11_tol0.001_seed3,104,True,5,0.9999970759127478,0.011523701375731625,0.00484273949055903,0.07307689125000004
images11_tol0.001_seed3,105,True,5,0.9999974554392794,0.00872828631513176,0.004516578091136485,0.07307689125000004
images11_tol0.001_seed3,106,True,5,0.9999979179065054,0.005504583200350465,0.004084442851804271,0.07307689125000004
images11_tol0.001_seed3,107,True,5,0.9999984343439384,0.0035406997059218765,0.003540699705921878,0.07307689125000004
images11_tol0.001_seed3,108,True,5,0.9999990149349559,0.003342097136008699,0.0028075070628119578,0.08038458037500006
images11_tol0.001_seed3,109,True,5,0.9999990149349559,0.003342097136008699,0.0028075070628119578,0.04019229018750003
images11_tol0.001_seed3,110,True,5,0.9999990276228512,0.0032615044948568024,0.0027893633624005787,0.04019229018750003
images11_tol0.001_seed3,111,True,5,0.9999990526880097,0.003103460286446254,0.0027531690259711087,0.04019229018750003
images11_tol0.001_seed3,112,True,5,0.9999990895480271,0.002874481515300946,0.0026990619091013675,0.04019229018750003
images11_tol0.001_seed3,113,True,5,0.9999991373884707,0.002627176601321875,0.0026271766013218753,0.04019229018750003
images11_tol0.001_seed3,114,True,5,0.9999991951992693,0.002537596110544346,0.0025375961105443467,0.04019229018750003
images11_tol0.001_seed3,115,True,5,0.9999992683014883,0.0024195805902643168,0.002419580590264317,0.044211519206250036
images11_tol0.001_seed3,116,True,5,0.9999993580567589,0.002266297184227496,0.002266297184227496,0.04863267112687504
images11_tol0.001_seed3,117,True,5,0.999999464602792,0.0020696643288827107,0.00206966432888271,0.05349593823956255
images11_tol0.001_seed3,118,True,5,0.9999995853178126,0.0018214276491916015,0.001821427649191601,0.05884553206351881
images11_tol0.001_seed3,119,True,5,0.9999997123117779,0.001517078722063963,0.001517078722063963,0.06473008526987069
images11_tol0.001_seed3,120,True,5,0.9999998318587968,0.0015999597931341844,0.0011598003337361207,0.07120309379685777
images11_tol0.001_seed3,121,True,5,0.9999999281120945,0.0018362970552175245,0.0007584218690511158,0.07832340317654356
images11_tol0.001_seed3,122,True,5,0.9999999868242557,0.001823859559131969,0.00032507644838676277,0.08615574349419793
images11_tol0.001_seed3,123,True,5,0.9999999980757492,0.001565509663431048,0.00012584212665346713,0.09477131784361773
images11_tol0.001_seed3,124,True,5,0.9999999599419581,0.0012704429038003873,0.0005665639202095178,0.10424844962797951
images11_tol0.001_seed3,125,True,5,0.9999998833089647,0.0014220019658972149,0.0009664345069354166,0.11467329459077746
images11_tol0.001_seed3,126,True,5,0.9999997927386141,0.0019216557954438859,0.0012877774232007832,0.1261406240498552
images11_tol0.001_seed3,127,True,5,0.9999997197658911,0.002189601694814614,0.0014973156398365912,0.13875468645484074
images11_tol0.001_seed3,128,True,5,0.9999996955274139,0.002206242086326682,0.0015606984703471851,0.15
images11_tol0.001_seed3,129,True,5,0.9999997329008042,0.002224267755860109,0.0014617995315442422,0.15
images11_tol0.001_seed3,130,True,5,0.9999998131872649,0.001732628683330409,0.00122257366722908,0.15
images11_tol0.001_seed3,131,True,5,0.9999999038433681,0.0016252093070586331,0.0008772120654019967,0.15
images11_tol0.001_seed3,132,True,5,0.9999999724777191,0.0016821357287026585,0.0004694533209899156,0.15
images11_tol0.001_seed3,133,True,5,0.9999999997408168,0.0015849658088867113,4.6666046505828136e-05,0.15
images11_tol0.001_seed3,134,True,5,0.999999984903919,0.001426169190441904,0.00034754259438925494,0.15
images11_tol0.001_seed3,135,True,5,0.9999999442483157,0.001074186516959761,0.0006678466617682437,0.15
images11_tol0.001_seed3,136,True,5,0.9999999442483157,0.001074186516959761,0.0006678466617682437,0.075
images11_tol0.001_seed3,137,True,5,0.9999999467289127,0.0009866193866714605,0.0006528199974480955,0.075
images11_tol1e-05_seed1,0,False,5,2.5653852068122527,5.492841213765768,5.016698642578035,0.025
images11_tol1e-05_seed1,1,False,5,2.5498587414647673,5.452828607563462,4.991578247078589,0.025
images11_tol1e-05_seed1,2,False,5,2.5191107497923433,5.37285077420878,4.941465823491055,0.025
images11_tol1e-05_seed1,3,False,5,2.473744495125653,5.253265363791633,4.866615947338491,0.025
images11_tol1e-05_seed1,4,False,5,2.4146504866669067,5.095121272912627,4.767408051456377,0.025
images11_tol1e-05_seed1,5,False,5,2.3429916581877333,4.900486336226433,4.644347014619488,0.025
images11_tol1e-05_seed1,6,False,5,2.2520485524552813,4.649829923611214,4.483441129818445,0.027500000000000004
images11_tol1e-05_seed1,7,False,5,2.139777503219145,4.335937877794886,4.276669688035271,0.030250000000000006
images11_tol1e-05_seed1,8,False,5,2.005130695441334,4.020325353413211,4.01499006115567,0.033275000000000006
images11_tol1e-05_seed1,9,False,5,1.8488614891501416,3.6925703812064645,3.6885469465395517,0.03660250000000001
images11_tol1e-05_seed1,10,False,5,1.6745774407166762,3.2894338887207697,3.287078282244043,0.040262750000000014
images11_tol1e-05_seed1,11,False,5,1.4899469096285813,2.889700845295425,2.800490012985412,0.04428902500000002
images11_tol1e-05_seed1,12,False,5,1.307896960630401,2.4070071517461917,2.219574352483885,0.04871792750000002
images11_tol1e-05_seed1,13,False,5,1.156128713435537,1.7193165467774671,1.5807678049869038,0.05358972025000003
images11_tol1e-05_seed1,14,False,5,1.0552589834203903,1.1564620005301325,0.9419215854547588,0.058948692275000034
images11_tol1e-05_seed1,15,False,5,1.005492290908142,0.7418345187340077,0.3040806222324816,0.06484356150250004
images11_tol1e-05_seed1,16,False,5,1.0069638531121627,1.1339003159970404,0.33901498537327196,0.07132791765275004
images11_tol1e-05_seed1,17,False,5,1.0069638531121627,1.1339003159970404,0.33901498537327196,0.03566395882637502
images11_tol1e-05_seed1,18,False,5,1.0068271009991296,1.100068903585043,0.3355391156035951,0.03566395882637502
images11_tol1e-05_seed1,19,False,5,1.0065586504864081,1.0395734731640645,0.3286207315448432,0.03566395882637502
images11_tol1e-05_seed1,20,False,5,1.006168128237923,0.9763591848168541,0.3183182343714101,0.03566395882637502
images11_tol1e-05_seed1,21,False,5,1.0056691530226487,0.8933525453750283,0.30470586930822635,0.03566395882637502
images11_tol1e-05_seed1,22,False,5,1.005078691368493,0.7917505498226388,0.28786233875930006,0.03566395882637502
images11_tol1e-05_seed1,23,False,5,1.004352622228449,0.6612941714954733,0.26585606467067124,0.039230354709012524
images11_tol1e-05_seed1,24,False,5,1.0034950157313054,0.498448778681109,0.23754201842146427,0.04315339017991378
images11_tol1e-05_seed1,25,False,5,1.0025298213317708,0.3020274211651212,0.20148208554120728,0.04746872919790516
images11_tol1e-05_seed1,26,False,5,1.0015154756906164,0.17378697132611065,0.15573597493999078,0.05221560211769568
images11_tol1e-05_seed1,27,False,5,1.0005940651170475,0.3421937249499285,0.09884414609559368,0.057437162329465254
images11_tol1e-05_seed1,28,False,5,1.0005940651170475,0.3421937249499285,0.09884414609559368,0.028718581164732627
images11_tol1e-05_seed1,29,False,5,1.0005863193893703,0.33600795263128014,0.09818929689214932,0.028718581164732627
images11_tol1e-05_seed1,30,False,5,1.0005710235732905,0.32374841653538206,0.09688346790823797,0.028718581164732627
images11_tol1e-05_seed1,31,False,5,1.0005485529673257,0.30564364650856946,0.09493338971053078,0.028718581164732627
images11_tol1e-05_seed1,32,False,5,1.0005194440896132,0.2820432435324247,0.09234763616334414,0.028718581164732627
images11_tol1e-05_seed1,33,False,5,1.0004843749802201,0.2534240029702957,0.08913555032189963,0.028718581164732627
images11_tol1e-05_seed1,34,False,5,1.000440218540017,0.2170992209014206,0.084923174305078,0.03159043928120589
images11_tol1e-05_seed1,35,False,5,1.0003862896494864,0.1723879152490147,0.07948458371851116,0.034749483209326484
images11_tol1e-05_seed1,36,False,5,1.000322589918023,0.11937666773892096,0.07255194396128865,0.03822443153025914
images11_tol1e-05_seed1,37,False,5,1.0002503871387887,0.09104709690848718,0.06381559148868886,0.04204687468328506
images11_tol1e-05_seed1,38,False,5,1.0001732696993777,0.07880002679000903,0.05296359598401841,0.046251562151613565
images11_tol1e-05_seed1,39,False,5,1.0000988954417511,0.08183686712164184,0.03988306901529278,0.050876718366774924
images11_tol1e-05_seed1,40,False,5,1.0000389580447395,0.1340021093220323,0.024968435336251725,0.055964390203452424
images11_tol1e-05_seed1,41,False,5,1.0000043578903928,0.1687278167336893,0.009146438467472805,0.06156082922379767
images11_tol1e-05_seed1,42,False,5,1.0000014236592043,0.17878615049372665,0.008715670870821588,0.06771691214617745
images11_tol1e-05_seed1,43,False,5,1.0000301166184824,0.15916788292264772,0.024517427143555433,0.0744886033607952
images11_tol1e-05_seed1,44,False,5,1.0000818748182876,0.13224783908384685,0.03902330470517578,0.08193746369687473
images11_tol1e-05_seed1,45,False,5,1.0001371657605778,0.10870875244296754,0.050314561625252566,0.0901312100665622
images11_tol1e-05_seed1,46,False,5,1.0001652801754433,0.06437217155549356,0.056101193061403216,0.09914433107321843
images11_tol1e-05_seed1,47,False,5,1.0001389234726523,0.11989336968445868,0.05440806127288159,0.10905876418054028
images11_tol1e-05_seed1,48,False,5,1.0000639377109848,0.13206676322512664,0.045773102552211495,0.11996464059859431
images11_tol1e-05_seed1,49,False,5,0.9999736816703019,0.101628213898341,0.03319668957659352,0.13196110465845376
images11_tol1e-05_seed1,50,True,5,0.9999153019559766,0.09903898569039596,0.026178584553132257,0.14515721512429916
images11_tol1e-05_seed1,51,True,5,0.999915724110766,0.09800961962665687,0.02611268077721217,0.025
images11_tol1e-05_seed1,52,True,5,0.9999165644980081,0.09596192284862928,0.025980998165875596,0.025
images11_tol1e-05_seed1,53,True,5,0.9999178158537603,0.09291815006899073,0.025783699743948126,0.025
images11_tol1e-05_seed1,54,True,5,0.9999194681440865,0.08891186006889669,0.025520900475398373,0.025
images11_tol1e-05_seed1,55,True,5,0.9999215091358603,0.08398793948929875,0.025192575872084996,0.025
images11_tol1e-05_seed1,56,True,5,0.9999241644865823,0.07762407563061242,0.024759048431583358,0.027500000000000004
images11_tol1e-05_seed1,57,True,5,0.9999275565527317,0.06957446933376471,0.02419419233178731,0.030250000000000006
images11_tol1e-05_seed1,58,True,5,0.9999318201494483,0.059602097857080996,0.023465356796446006,0.033275000000000006
images11_tol1e-05_seed1,59,True,5,0.9999370988500585,0.04751590495302788,0.022531085675531526,0.03660250000000001
images11_tol1e-05_seed1,60,True,5,0.9999435385334239,0.03441960281422308,0.021337259502253313,0.040262750000000014
images11_tol1e-05_seed1,61,True,5,0.9999512751515888,0.026764614036412476,0.019810244737511314,0.04428902500000002
images11_tol1e-05_seed1,62,True,5,0.9999603889106975,0.020415123393636853,0.017848402015907577,0.04871792750000002
images11_tol1e-05_seed1,63,True,5,0.999970629734139,0.01847681810668215,0.01535438918997299,0.05358972025000003
images11_tol1e-05_seed1,64,True,5,0.9999808860309888,0.033140666354765994,0.012373393595441859,0.058948692275000034
images11_tol1e-05_seed1,65,True,5,0.9999808860309888,0.033140666354765994,0.012373393595441859,0.029474346137500017
images11_tol1e-05_seed1,66,True,5,0.9999810186193392,0.03264190646796554,0.012330364780634113,0.029474346137500017
images11_tol1e-05_seed1,67,True,5,0.9999812820634797,0.03165189647744125,0.012244421627205505,0.029474346137500017
images11_tol1e-05_seed1,68,True,5,0.9999816731258907,0.030185871917769534,0.012115723896162944,0.029474346137500017
images11_tol1e-05_seed1,69,True,5,0.9999821872846142,0.028266998472356603,0.011944409980336296,0.029474346137500017
images11_tol1e-05_seed1,70,True,5,0.999982818937659,0.025926662868314083,0.01173053090115229,0.029474346137500017
images11_tol1e-05_seed1,71,True,5,0.9999836349366262,0.022933093029551554,0.011448331111073948,0.03242178075125002
images11_tol1e-05_seed1,72,True,5,0.9999846672177143,0.019204421870558874,0.011081064546923123,0.03566395882637502
images11_tol1e-05_seed1,73,True,5,0.9999859470485023,0.01469519394062299,0.010608123402811752,0.039230354709012524
images11_tol1e-05_seed1,74,True,5,0.9999874998788587,0.011679414677781118,0.01000439176298532,0.04315339017991378
images11_tol1e-05_seed1,75,True,5,0.9999893340554626,0.011173827704510404,0.009240715958915707,0.04746872919790516
images11_tol1e-05_seed1,76,True,5,0.9999914166595639,0.011443977563930233,0.008288932600636319,0.05221560211769568
images11_tol1e-05_seed1,77,True,5,0.9999936395664739,0.012225833556791063,0.007134600475981402,0.057437162329465254
images11_tol1e-05_seed1,78,True,5,0.9999958175107592,0.015303804563665254,0.0057848753112984454,0.06318087856241178
images11_tol1e-05_seed1,79,True,5,0.9999977306529279,0.018871545679725363,0.004260836128691352,0.06949896641865297
images11_tol1e-05_seed1,80,True,5,0.999999161063364,0.020081111018220982,0.0025917111357038284,0.07644886306051828
images11_tol1e-05_seed1,81,True,5,0.9999999178364185,0.018329978716887293,0.0008229605938521814,0.08409374936657012
images11_tol1e-05_seed1,82,True,5,0.9999998752052117,0.013373747049921253,0.0010180412290335542,0.09250312430322713
images11_tol1e-05_seed1,83,True,5,0.9999990492969661,0.0064431417479539855,0.0027668084597408963,0.10175343673354985
images11_tol1e-05_seed1,84,True,5,0.9999977430393484,0.006410642300544641,0.004254209663083389,0.11192878040690485
images11_tol1e-05_seed1,85,True,5,0.9999977430393484,0.006410642300544641,0.004254209663083389,0.055964390203452424
images11_tol1e-05_seed1,86,True,5,0.9999977991818265,0.0062015688724832785,0.0042008281567609196,0.055964390203452424
images11_tol1e-05_seed1,87,True,5,0.9999979087933614,0.005894229900531131,0.004094616873480998,0.055964390203452424
images11_tol1e-05_seed1,88,True,5,0.9999980668647261,0.0054551342494869705,0.00393644439959413,0.055964390203452424
images11_tol1e-05_seed1,89,True,5,0.9999982663582503,0.00491028205256269,0.003727327642775944,0.055964390203452424
images11_tol1e-05_seed1,90,True,5,0.9999984983080796,0.004293864232248596,0.00346849332273567,0.055964390203452424
images11_tol1e-05_seed1,91,True,5,0.999998775508464,0.004221273749810978,0.0031314303785917575,0.06156082922379767
images11_tol1e-05_seed1,92,True,5,0.9999990860376733,0.004946795010684339,0.0027047567438891274,0.06771691214617745
images11_tol1e-05_seed1,93,True,5,0.9999994035708035,0.0057759992291158,0.002184477659971722,0.0744886033607952
images11_tol1e-05_seed1,94,True,5,0.9999996894071781,0.006230572993930642,0.0015764309572304323,0.08193746369687473
images11_tol1e-05_seed1,95,True,5,0.9999999002894934,0.005894291174355015,0.0008951501360996299,0.0901312100665622
images11_tol1e-05_seed1,96,True,5,0.999999997168238,0.004450896303043798,0.00017677202122009099,0.09914433107321843
images11_tol1e-05_seed1,97,True,5,0.9999999577154172,0.0017680704223521988,0.0005918476970558572,0.10905876418054028
images11_tol1e-05_seed1,98,True,5,0.9999998048826927,0.0019099540536495318,0.001253163356137413,0.11996464059859431
images11_tol1e-05_seed1,99,True,5,0.9999998048826927,0.0019099540536495318,0.001253163356137413,0.059982320299297155
images11_tol1e-05_seed1,100,True,5,0.9999998104476506,0.0017604804611931666,0.0012350566184143215,0.059982320299297155
images11_tol1e-05_seed1,101,True,5,0.9999998212808769,0.0014750171760279564,0.001199037356890204,0.059982320299297155
images11_tol1e-05_seed1,102,True,5,0.9999998368443179,0.0011955190350481921,0.0011453428651285293,0.059982320299297155
images11_tol1e-05_seed1,103,True,5,0.999999856411993,0.001074095595882712,0.001074095595882712,0.059982320299297155
images11_tol1e-05_seed1,104,True,5,0.9999998790766165,0.0009852614891181534,0.0009852614891181534,0.059982320299297155
images11_tol1e-05_seed1,105,True,5,0.9999999058742308,0.0010038314720619927,0.0008687779652526437,0.06598055232922688
images11_tol1e-05_seed1,106,True,5,0.9999999347690272,0.001230339514457209,0.0007227695187321656,0.07257860756214958
images11_tol1e-05_seed1,107,True,5,0.9999999621689304,0.0014067981014270112,0.0005501437923072089,0.07983646831836455
images11_tol1e-05_seed1,108,True,5,0.9999999842062516,0.0014105239058104016,0.00035587924667914296,0.08782011515020101
images11_tol1e-05_seed1,109,True,5,0.9999999974369869,0.00116059102357897,0.00014763365450098302,0.09660212666522111
images11_tol1e-05_seed1,110,True,5,0.9999999994188455,0.0008676131990969985,8.461284653088888e-05,0.10626233933174323
images11_tol1e-05_seed1,111,True,5,0.9999999899087997,0.0005756257850814458,0.0002895953745904426,0.11688857326491756
images11_tol1e-05_seed1,112,True,5,0.9999999728307508,0.0008932443677009365,0.00046889083229561716,0.12857743059140933
images11_tol1e-05_seed1,113,True,5,0.9999999728307508,0.0008932443677009365,0.00046889083229561716,0.06428871529570467
images11_tol1e-05_seed1,114,True,5,0.9999999737182513,0.000839170125764303,0.0004610806015761203,0.06428871529570467
images11_tol1e-05_seed1,115,True,5,0.9999999754389636,0.000735579429994901,0.0004455604744320055,0.06428871529570467
images11_tol1e-05_seed1,116,True,5,0.9999999778942216,0.0005919532378686917,0.00042246104741121607,0.06428871529570467
images11_tol1e-05_seed1,117,True,5,0.99999998094964,0.00044760600379698613,0.0003918804598640201,0.06428871529570467
images11_tol1e-05_seed1,118,True,5,0.9999999844317706,0.0003769437320541293,0.0003539263674634283,0.06428871529570467
images11_tol1e-05_seed1,119,True,5,0.9999999884330397,0.0003047131469527574,0.00030471314695275733,0.07071758682527514
images11_tol1e-05_seed1,120,True,5,0.9999999925584517,0.00042023365881753986,0.0002441035578848451,0.07778934550780266
images11_tol1e-05_seed1,121,True,5,0.9999999962364434,0.00043937132742328773,0.0001735546881446954,0.08556828005858293
images11_tol1e-05_seed1,122,True,5,0.9999999988831514,0.0003859286879610633,9.556682195369766e-05,0.09412510806444123
images11_tol1e-05_seed1,123,True,5,1.0000000000067835,0.00032316720321430364,2.1598343749317004e-05,0.10353761887088536
images11_tol1e-05_seed1,124,True,5,0.9999999993571181,0.0002568446570747383,7.695471389758163e-05,0.1138913807579739
images11_tol1e-05_seed1,125,True,5,0.9999999972008445,0.0004338872263125046,0.00015216001718230856,0.1252805188337713
images11_tol1e-05_seed1,126,True,5,0.9999999972008445,0.0004338872263125046,0.00015216001718230856,0.06264025941688565
images11_tol1e-05_seed1,127,True,5,0.9999999972870542,0.0004007327972329592,0.00014972003431264262,0.06264025941688565
images11_tol1e-05_seed1,128,True,5,0.9999999974545961,0.0003379450083351028,0.00014487116715053693,0.06264025941688565
images11_tol1e-05_seed1,129,True,5,0.9999999976947369,0.0002530508014502023,0.0001376508516180434,0.06264025941688565
images11_tol1e-05_seed1,130,True,5,0.9999999979959332,0.00016012074476939696,0.00012807362591368786,0.06264025941688565
images11_tol1e-05_seed1,131,True,5,0.9999999983440331,0.00011611535653992811,0.00011611535653992814,0.06264025941688565
images11_tol1e-05_seed1,132,True,5,0.9999999987531479,0.00012260329671299382,0.00010041818758990092,0.06890428535857422
images11_tol1e-05_seed1,133,True,5,0.9999999991843913,0.00018260184704407036,8.091686359158023e-05,0.07579471389443165
images11_tol1e-05_seed1,134,True,5,0.9999999995754312,0.00021050864643544314,5.829399581070024e-05,0.08337418528387483
images11_tol1e-05_seed1,135,True,5,0.9999999998646175,0.00018991213686998036,3.3680033830569506e-05,0.09171160381226232
images11_tol1e-05_seed1,136,True,5,1.000000000001132,0.00013113977736732628,1.1852354810223885e-05,0.10088276419348856
images11_tol1e-05_seed1,137,True,5,0.999999999956683,0.00011224131626631809,2.4323860930220412e-05,0.11097104061283743
images11_tol1e-05_seed1,138,True,5,0.999999999956683,0.00011224131626631809,2.4323860930220412e-05,0.05548552030641871
images11_tol1e-05_seed1,139,True,5,0.9999999999574963,0.00011001341845505573,2.3941965031391607e-05,0.05548552030641871
images11_tol1e-05_seed1,140,True,5,0.9999999999591089,0.00010560424207968639,2.3186944223186426e-05,0.05548552030641871
images11_tol1e-05_seed1,141,True,5,0.9999999999614934,9.910494489752984e-05,2.2075878403803845e-05,0.05548552030641871
images11_tol1e-05_seed1,142,True,5,0.999999999964608,9.064910237614146e-05,2.0633820102848994e-05,0.05548552030641871
images11_tol1e-05_seed1,143,True,5,0.9999999999683917,8.041137298560662e-05,1.8893734100603124e-05,0.05548552030641871
images11_tol1e-05_seed1,144,True,5,0.9999999999731839,6.742893623155197e-05,1.6699744943306074e-05,0.06103407233706059
images11_tol1e-05_seed1,145,True,5,0.9999999999790232,5.1454738825720505e-05,1.4027905629705845e-05,0.06713747957076666
images11_tol1e-05_seed1,146,True,5,0.9999999999857635,3.378666524963353e-05,1.092231572100809e-05,0.07385122752784333
images11_tol1e-05_seed1,147,True,5,0.9999999999928642,2.5412094013707823e-05,7.6193978868203146e-06,0.08123635028062767
images11_tol1e-05_seed1,148,True,5,0.9999999999989504,2.4476318043378482e-05,5.020376049681571e-06,0.08935998530869045
images11_tol1e-05_seed1,149,True,5,0.9999999999989504,2.4476318043378482e-05,5.020376049681571e-06,0.044679992654345226
images11_tol1e-05_seed1,150,True,5,0.999999999998956,2.4122618250244105e-05,4.962506007092549e-06,0.044679992654345226
images11_tol1e-05_seed1,151,True,5,0.9999999999989678,2.342930343459543e-05,4.847720682858891e-06,0.044679992654345226
images11_tol1e-05_seed1,152,True,5,0.9999999999989869,2.242381063063588e-05,4.677871384412235e-06,0.044679992654345226
images11_tol1e-05_seed1,153,True,5,0.9999999999990149,2.114509201068796e-05,4.455677311935e-06,0.044679992654345226
images11_tol1e-05_seed1,154,True,5,0.9999999999990534,1.9640454290006443e-05,4.18475356105325e-06,0.044679992654345226
images11_tol1e-05_seed1,155,True,5,0.9999999999991097,1.779725743937129e-05,3.838478398122158e-06,0.049147991919779754
images11_tol1e-05_seed1,156,True,5,0.999999999999191,1.561504465433659e-05,3.4083703411438437e-06,0.054062791111757734
images11_tol1e-05_seed1,157,True,5,0.9999999999993046,1.3107977036501497e-05,2.8924431039965603e-06,0.05946907022293351
images11_tol1e-05_seed1,158,True,5,0.9999999999994562,1.1301856977775251e-05,2.3054481977111157e-06,0.06541597724522687
images11_tol1e-05_seed1,159,True,5,0.9999999999996436,1.0248343889715609e-05,1.7026039680523877e-06,0.07195757496974955
images11_tol1e-05_seed1,160,True,5,0.9999999999998487,9.666842831713047e-06,1.2357722389377779e-06,0.07915333246672451
images11_tol1e-05_seed2,0,False,5,2.925403548401928,6.025713497702771,5.557545173346585,0.025
images11_tol1e-05_seed2,1,False,5,2.9062186182274856,5.97566331666659,5.53004686777333,0.025
images11_tol1e-05_seed2,2,False,5,2.8682231814525188,5.875753835543895,5.475185884204328,0.025
images11_tol1e-05_seed2,3,False,5,2.8121580202699668,5.726523945023203,5.3932310969578205,0.025
images11_tol1e-05_seed2,4,False,5,2.739118205857126,5.529116601335122,5.284585525075859,0.025
images11_tol1e-05_seed2,5,False,5,2.6505384591917913,5.28557129162814,5.149792878529372,0.025
images11_tol1e-05_seed2,6,False,5,2.538117499987401,4.970353139041802,4.973529758946127,0.027500000000000004
images11_tol1e-05_seed2,7,False,5,2.399354437378165,4.745162316867023,4.747046743942207,0.030250000000000006
images11_tol1e-05_seed2,8,False,5,2.2330312724027204,4.460362504659099,4.460580407395253,0.033275000000000006
images11_tol1e-05_seed2,9,False,5,2.0402363270627886,4.102964422116663,4.103687403157976,0.03660250000000001
images11_tol1e-05_seed2,10,False,5,1.825614636041466,3.6564768617520604,3.6657075028989023,0.040262750000000014
images11_tol1e-05_seed2,11,False,5,1.5987709901240543,3.195566886830307,3.1363224805272587,0.04428902500000002
images11_tol1e-05_seed2,12,False,4,1.4192944540096433,2.7624330397882457,2.79069623970951,0.04871792750000002
images11_tol1e-05_seed2,13,False,4,1.2683295695697332,2.263342275095276,2.253525001096589,0.05358972025000003
images11_tol1e-05_seed2,14,False,4,1.1391787504665412,1.730893560876331,1.6883936827258992,0.058948692275000034
images11_tol1e-05_seed2,15,False,4,1.0409261732861383,1.1866645699941465,1.1053925592365332,0.06484356150250004
images11_tol1e-05_seed2,16,False,5,0.9943596894936343,1.3347072078898055,0.21974463104532396,0.07132791765275004
images11_tol1e-05_seed2,17,False,5,0.9943596894936343,1.3347072078898055,0.21974463104532396,0.03566395882637502
images11_tol1e-05_seed2,18,False,5,0.9943128903588561,1.2943712042846063,0.22034347794593726,0.03566395882637502
images11_tol1e-05_seed2,19,False,5,0.9942200564285274,1.2153507624979285,0.22153139375837286,0.03566395882637502
images11_tol1e-05_seed2,20,False,5,0.9940827804394301,1.1009814580996993,0.22328783576571692,0.03566395882637502
images11_tol1e-05_seed2,21,False,5,0.9939036330630286,0.956311639748787,0.22558071185295378,0.03566395882637502
images11_tol1e-05_seed2,22,False,5,0.993686413248138,0.7882159726477556,0.22836537784797814,0.03566395882637502
images11_tol1e-05_seed2,23,False,5,0.9934114658986665,0.588123447564242,0.2319107961191825,0.039230354709012524
images11_tol1e-05_seed2,24,False,5,0.9930765176377646,0.4592312195433073,0.23628696120406617,0.04315339017991378
images11_tol1e-05_seed2,25,False,5,0.9926900647065148,0.3813486343544814,0.24147612123749132,0.04746872919790516
images11_tol1e-05_seed2,26,False,5,0.9922868608474916,0.28965697977179317,0.2472094570746262,0.05221560211769568
images11_tol1e-05_seed2,27,False,5,0.9919481155616882,0.4568345886958909,0.2527079596698286,0.057437162329465254
images11_tol1e-05_seed2,28,False,5,0.9919481155616882,0.4568345886958909,0.2527079596698286,0.028718581164732627
images11_tol1e-05_seed2,29,False,5,0.9919630068819117,0.44876150633437767,0.2524840003955003,0.028718581164732627
images11_tol1e-05_seed2,30,False,5,0.9919927130870008,0.4327736853397084,0.25203680546423796,0.028718581164732627
images11_tol1e-05_seed2,31,False,5,0.9920371095689257,0.4091972509994753,0.25136736738858023,0.028718581164732627
images11_tol1e-05_seed2,32,False,5,0.9920960524415925,0.3785370665280261,0.25047646194273887,0.028718581164732627
images11_tol1e-05_seed2,33,False,5,0.9921694096737377,0.34149216311896163,0.2493640966912638,0.028718581164732627
images11_tol1e-05_seed2,34,False,5,0.9922658418987016,0.2947436547993385,0.24789542933615533,0.03159043928120589
images11_tol1e-05_seed2,35,False,5,0.9923907926584573,0.23777693749872483,0.24598074189004968,0.034749483209326484
images11_tol1e-05_seed2,36,False,5,0.9925509234196211,0.17159302492232673,0.2435058133279301,0.03822443153025914
images11_tol1e-05_seed2,37,False,5,0.9927543992909975,0.15204721234103377,0.24032264713944856,0.04204687468328506
images11_tol1e-05_seed2,38,False,5,0.993010858659772,0.14545477372809273,0.23624122310686252,0.046251562151613565
images11_tol1e-05_seed2,39,False,5,0.9933293513990741,0.1373562725835452,0.23104914968921747,0.050876718366774924
images11_tol1e-05_seed2,40,False,5,0.9937124703011395,0.16758121669793227,0.2245975380498174,0.055964390203452424
images11_tol1e-05_seed2,41,False,5,0.9941548216160027,0.20546427687658397,0.2168324824490488,0.06156082922379767
images11_tol1e-05_seed2,42,False,5,0.9946493092727198,0.21036357863022662,0.20769563903672983,0.06771691214617745
images11_tol1e-05_seed2,43,False,5,0.9951910142717826,0.17662929638587263,0.19704927374705689,0.0744886033607952
images11_tol1e-05_seed2,44,False,5,0.9957779039433714,0.1502591210024672,0.18464410560970088,0.08193746369687473
images11_tol1e-05_seed2,45,False,5,0.9964100213169559,0.1452440214443135,0.17010530657041925,0.0901312100665622
images11_tol1e-05_seed2,46,False,5,0.9970840352371073,0.11675461208304444,0.15301581978281606,0.09914433107321843
images11_tol1e-05_seed2,47,False,5,0.9977775201658132,0.1712091918957398,0.1332965651916225,0.10905876418054028
images11_tol1e-05_seed2,48,False,5,0.998445441659342,0.17784587005007577,0.1114109273183573,0.11996464059859431
images11_tol1e-05_seed2,49,False,5,0.9990308974067865,0.13368259255039422,0.0883586579244677,0.13196110465845376
images11_tol1e-05_seed2,50,True,5,0.9994760573182063,0.1217551632011409,0.06599424028686118,0.14515721512429916
images11_tol1e-05_seed2,51,True,5,0.9994785852506693,0.12076154912337995,0.0658246276962554,0.025
images11_tol1e-05_seed2,52,True,5,0.9994836192075461,0.11878879710813782,0.06548585173165863,0.025
images11_tol1e-05_seed2,53,True,5,0.9994911177737354,0.1158665709274795,0.06497866799757665,0.025
images11_tol1e-05_seed2,54,True,5,0.9995010222191025,0.11204033825666672,0.06430400672089218,0.025
images11_tol1e-05_seed2,55,True,5,0.9995132583967508,0.10737191368394314,0.0634628515551274,0.025
images11_tol1e-05_seed2,56,True,5,0.9995291747265937,0.10139940076571893,0.06235550918544335,0.027500000000000004
images11_tol1e-05_seed2,57,True,5,0.9995494932814095,0.0939540095087271,0.06091907324300696,0.030250000000000006
images11_tol1e-05_seed2,58,True,5,0.9995749904069079,0.08492241694169304,0.05907775847482284,0.033275000000000006
images11_tol1e-05_seed2,59,True,5,0.9996064463234997,0.07431237933825742,0.05674096718777063,0.03660250000000001
images11_tol1e-05_seed2,60,True,5,0.9996445437348181,0.062364602827649517,0.05380204535456258,0.040262750000000014
images11_tol1e-05_seed2,61,True,5,0.9996896711122468,0.05013994380952324,0.05013994380952325,0.04428902500000002
images11_tol1e-05_seed2,62,True,5,0.9997415549579542,0.04562976286235078,0.04562976286235077,0.04871792750000002
images11_tol1e-05_seed2,63,True,5,0.9997986696297244,0.046178427427081316,0.040172394287578204,0.05358972025000003
images11_tol1e-05_seed2,64,True,5,0.9998576669739117,0.051232207521418924,0.033741727761319576,0.058948692275000034
images11_tol1e-05_seed2,65,True,5,0.9999134468332005,0.05524952947641524,0.02641743674996999,0.06484356150250004
images11_tol1e-05_seed2,66,True,5,0.9999599471064615,0.05743168367835178,0.018410686273503334,0.07132791765275004
images11_tol1e-05_seed2,67,True,5,0.9999911135066449,0.06540898408904057,0.010294839078005312,0.07846070941802505
images11_tol1e-05_seed2,68,True,5,1.000002001644237,0.06827040763647908,0.005684256277329542,0.08630678035982756
images11_tol1e-05_seed2,69,True,5,0.9999903654656291,0.06371733099905338,0.011377418442309972,0.09493745839581032
images11_tol1e-05_seed2,70,True,5,0.9999588443559088,0.05635329236258651,0.01930707104889109,0.10443120423539136
images11_tol1e-05_seed2,71,True,5,0.999916933212449,0.062336764405956445,0.02625444946363887,0.11487432465893051
images11_tol1e-05_seed2,72,True,5,0.9998807068283704,0.05629322036791106,0.03099336805174072,0.12636175712482356
images11_tol1e-05_seed2,73,True,5,0.9998685535224661,0.03427450585759386,0.03242756929509913,0.13899793283730594
images11_tol1e-05_seed2,74,True,5,0.9998914535760458,0.041308581762732166,0.029628803719087275,0.15
images11_tol1e-05_seed2,75,True,5,0.9998914535760458,0.041308581762732166,0.029628803719087275,0.075
images11_tol1e-05_seed2,76,True,5,0.9998962620930206,0.039943521417984025,0.02895786072093981,0.075
images11_tol1e-05_seed2,77,True,5,0.9999054642389985,0.037285430734644964,0.02762984403586088,0.075
images11_tol1e-05_seed2,78,True,5,0.9999182820366843,0.033476502940217874,0.025669304330048555,0.075
images11_tol1e-05_seed2,79,True,5,0.9999336334624658,0.028728299270728494,0.023110177909547874,0.075
images11_tol1e-05_seed2,80,True,5,0.999950177007281,0.02332761333477671,0.02000035771260476,0.075
images11_tol1e-05_seed2,81,True,5,0.9999677927915538,0.017078460286575007,0.0160598793061229,0.0825
images11_tol1e-05_seed2,82,True,5,0.9999840828690196,0.0164466914553388,0.011286375032867956,0.09075000000000001
images11_tol1e-05_seed2,83,True,5,0.9999958341490922,0.018718435653342833,0.005847043547669659,0.09982500000000002
images11_tol1e-05_seed2,84,True,5,1.0000000901113166,0.017882912317875945,0.0012161839831833436,0.10980750000000003
images11_tol1e-05_seed2,85,True,5,0.9999956613646569,0.017302549413071366,0.006147678579414515,0.12078825000000004
images11_tol1e-05_seed2,86,True,5,0.9999843965902709,0.016723643827783297,0.01129559155018259,0.13286707500000006
images11_tol1e-05_seed2,87,True,5,0.9999712489489764,0.015213134334318647,0.015213134334318656,0.14615378250000008
images11_tol1e-05_seed2,88,True,5,0.9999633984681962,0.018696545316443606,0.017119035876096873,0.15
images11_tol1e-05_seed2,89,True,5,0.999964166518162,0.019660985639590383,0.016931893260685768,0.15
images11_tol1e-05_seed2,90,True,5,0.999972329514894,0.015994826510184284,0.01489622704630955,0.15
images11_tol1e-05_seed2,91,True,5,0.9999840142329071,0.014252341629628469,0.011355760104750295,0.15
images11_tol1e-05_seed2,92,True,5,0.999994432331186,0.01224044414456817,0.006754137580200384,0.15
images11_tol1e-05_seed2,93,True,5,0.9999996922147514,0.012597005257694319,0.0017517736240578537,0.15
images11_tol1e-05_seed2,94,True,5,0.9999987329350533,0.014585933017779574,0.0032040749534684677,0.15
images11_tol1e-05_seed2,95,True,5,0.9999987329350533,0.014585933017779574,0.0032040749534684677,0.075
images11_tol1e-05_seed2,96,True,5,0.9999987890165809,0.014015227255340797,0.0031313552070800056,0.075
images11_tol1e-05_seed2,97,True,5,0.9999988963497333,0.012911012818551363,0.0029874555872537885,0.075
images11_tol1e-05_seed2,98,True,5,0.9999990458427273,0.011351030250688234,0.0027751574042905085,0.075
images11_tol1e-05_seed2,99,True,5,0.9999992247109659,0.009464747346910194,0.0024985470002825494,0.075
images11_tol1e-05_seed2,100,True,5,0.9999994168061589,0.008720093590906811,0.002164048333112061,0.075
images11_tol1e-05_seed2,101,True,5,0.9999996199566248,0.009810486101984546,0.0017444724379169982,0.0825
images11_tol1e-05_seed2,102,True,5,0.9999998069068495,0.010686979596338655,0.0012432581122963204,0.09075000000000001
images11_tol1e-05_seed2,103,True,5,0.9999999440187626,0.010656027604480773,0.0006782627473659237,0.09982500000000002
images11_tol1e-05_seed2,104,True,5,1.0000000008433785,0.009143760249242353,0.00015292169951459903,0.10980750000000003
images11_tol1e-05_seed2,105,True,5,0.9999999626898252,0.00590590895453654,0.0005836187404309116,0.12078825000000004
images11_tol1e-05_seed2,106,True,5,0.9999998486559946,0.0042747094072087734,0.0011162584174869228,0.13286707500000006
images11_tol1e-05_seed2,107,True,5,0.9999997318015146,0.004720069698947801,0.0014687936649395114,0.14615378250000008
images11_tol1e-05_seed2,108,True,5,0.9999997318015146,0.004720069698947801,0.0014687936649395114,0.07307689125000004
images11_tol1e-05_seed2,109,True,5,0.9999997431175905,0.004265437826895834,0.0014373062404657937,0.07307689125000004
images11_tol1e-05_seed2,110,True,5,0.999999764861947,0.0034014333501457025,0.0013748092970314295,0.07307689125000004
images11_tol1e-05_seed2,111,True,5,0.9999997954833314,0.002217111491275934,0.0012817202228005984,0.07307689125000004
images11_tol1e-05_seed2,112,True,5,0.9999998331061241,0.0012806590891046117,0.001157298146754342,0.07307689125000004
images11_tol1e-05_seed2,113,True,5,0.9999998760462461,0.000996780062105785,0.0009967800621057843,0.07307689125000004
images11_tol1e-05_seed2,114,True,5,0.9999999242934392,0.0017974192146347173,0.0007784536473538812,0.08038458037500006
images11_tol1e-05_seed2,115,True,5,0.9999999242934392,0.0017974192146347173,0.0007784536473538812,0.04019229018750003
images11_tol1e-05_seed2,116,True,5,0.9999999252684951,0.0017435382739586943,0.0007734216782041392,0.04019229018750003
images11_tol1e-05_seed2,117,True,5,0.9999999271953331,0.001637392440878249,0.0007633804591247854,0.04019229018750003
images11_tol1e-05_seed2,118,True,5,0.9999999300316461,0.001482225017371136,0.0007483550242549212,0.04019229018750003
images11_tol1e-05_seed2,119,True,5,0.9999999337206827,0.0012829212865241484,0.0007283493556931596,0.04019229018750003
images11_tol1e-05_seed2,120,True,5,0.9999999381962349,0.0010461048174050763,0.000703316014156304,0.04019229018750003
images11_tol1e-05_seed2,121,True,5,0.9999999438944135,0.0007541623838760377,0.0006700941981860566,0.044211519206250036
images11_tol1e-05_seed2,122,True,5,0.9999999509710824,0.0006263909909293479,0.000626390990929348,0.04863267112687504
images11_tol1e-05_seed2,123,True,5,0.9999999595172933,0.0005691630435932171,0.0005691630435932168,0.05349593823956255
images11_tol1e-05_seed2,124,True,5,0.9999999693009822,0.0004956128580311713,0.000495612858031171,0.05884553206351881
images11_tol1e-05_seed2,125,True,5,0.9999999793246893,0.0007701704300392491,0.0004067084556245728,0.06473008526987069
images11_tol1e-05_seed2,126,True,5,0.9999999883314019,0.0010147856500592888,0.0003055305932953426,0.07120309379685777
images11_tol1e-05_seed2,127,True,5,0.9999999952575791,0.0011198701123478077,0.00019481759937876942,0.07832340317654356
images11_tol1e-05_seed2,128,True,5,0.9999999992570077,0.0010465771683001153,7.740843215438712e-05,0.08615574349419793
images11_tol1e-05_seed2,129,True,5,0.9999999997657887,0.0007685575500061177,4.430535983890345e-05,0.09477131784361773
images11_tol1e-05_seed2,130,True,5,0.9999999967286679,0.00029742684670148415,0.00016213875518519846,0.10424844962797951
images11_tol1e-05_seed2,131,True,5,0.9999999910969783,0.00034121386807269054,0.0002670859735106556,0.11467329459077746
images11_tol1e-05_seed2,132,True,5,0.9999999910969783,0.00034121386807269054,0.0002670859735106556,0.05733664729538873
images11_tol1e-05_seed2,133,True,5,0.9999999913294664,0.0003275335191596883,0.00026357018408385376,0.05733664729538873
images11_tol1e-05_seed2,134,True,5,0.9999999917825989,0.0003011782692259223,0.0002565798972522767,0.05733664729538873
images11_tol1e-05_seed2,135,True,5,0.9999999924338034,0.00026427396328022716,0.00024618824691411025,0.05733664729538873
images11_tol1e-05_seed2,136,True,5,0.9999999932509662,0.00023549247663531007,0.0002324950677029093,0.05733664729538873
images11_tol1e-05_seed2,137,True,5,0.9999999941933343,0.00021704259319843002,0.00021563172095373856,0.05733664729538873
images11_tol1e-05_seed2,138,True,5,0.9999999953084049,0.0001990132821893022,0.00019379994659214316,0.0630703120249276
images11_tol1e-05_seed2,139,True,5,0.9999999965462392,0.0001807274184996001,0.0001662542448759741,0.06937734322742037
images11_tol1e-05_seed2,140,True,5,0.9999999978044093,0.00015870468338014345,0.00013253693307229976,0.07631507755016241
images11_tol1e-05_seed2,141,True,5,0.999999998924811,0.00015981422057782934,9.275002437263978e-05,0.08394658530517866
images11_tol1e-05_seed2,142,True,5,0.9999999997158346,0.00014618536269102292,4.777784625384019e-05,0.09234124383569654
images11_tol1e-05_seed2,143,True,5,1.000000000000834,0.0001248091169622227,3.8481141847528194e-06,0.1015753682192662
images11_tol1e-05_seed2,144,True,5,0.999999999702647,0.00012678932658454536,4.9058862767978876e-05,0.11173290504119283
images11_tol1e-05_seed2,145,True,5,0.9999999989585503,0.00012071787654625016,9.139982468523167e-05,0.12290619554531212
images11_tol1e-05_seed2,146,True,5,0.9999999989585503,0.00012071787654625016,9.139982468523167e-05,0.06145309777265606
images11_tol1e-05_seed2,147,True,5,0.9999999989897496,0.00011250646405183619,9.001670506402538e-05,0.06145309777265606
images11_tol1e-05_seed2,148,True,5,0.99999999905036,0.00010512785504389544,8.72675616786857e-05,0.06145309777265606
images11_tol1e-05_seed2,149,True,5,0.999999999137059,9.567314358058881e-05,8.317849325728935e-05,0.06145309777265606
images11_tol1e-05_seed2,150,True,5,0.9999999992452511,8.36322043585373e-05,7.777707251754442e-05,0.06145309777265606
images11_tol1e-05_seed2,151,True,5,0.9999999993692156,7.108933062601402e-05,7.108933062601406e-05,0.06145309777265606
images11_tol1e-05_seed2,152,True,5,0.999999999514322,6.236313611754256e-05,6.236313611754258e-05,0.06759840754992168
images11_tol1e-05_seed2,153,True,5,0.9999999996710344,5.131009984644956e-05,5.1310099846449564e-05,0.07435824830491385
images11_tol1e-05_seed2,154,True,5,0.9999999998200744,5.359222005765234e-05,3.7939483508044594e-05,0.08179407313540524
images11_tol1e-05_seed2,155,True,5,0.9999999999360162,6.024537126167394e-05,2.264791207173971e-05,0.08997348044894576
images11_tol1e-05_seed2,156,True,5,0.9999999999955747,5.6127567511134345e-05,6.248864376407716e-06,0.09897082849384035
images11_tol1e-05_seed2,157,True,5,0.9999999999855298,5.52339202791785e-05,1.105292990852062e-05,0.1088679113432244
images11_tol1e-05_seed2,158,True,5,0.9999999999855298,5.52339202791785e-05,1.105292990852062e-05,0.0544339556716122
images11_tol1e-05_seed2,159,True,5,0.9999999999858645,5.4212827508707196e-05,1.0917375421512656e-05,0.0544339556716122
images11_tol1e-05_seed2,160,True,5,0.9999999999865191,5.218791644131451e-05,1.0648018032535914e-05,0.0544339556716122
images11_tol1e-05_seed2,161,True,5,0.9999999999874649,4.9192686301577884e-05,1.024810012916435e-05,0.0544339556716122
images11_tol1e-05_seed2,162,True,5,0.9999999999886616,4.5275925467416504e-05,9.722082198182986e-06,0.0544339556716122
images11_tol1e-05_seed2,163,True,5,0.9999999999900581,4.0501107086971734e-05,9.075347572519453e-06,0.0544339556716122
images11_tol1e-05_seed2,164,True,5,0.9999999999917417,3.439146470467203e-05,8.237863651736169e-06,0.05987735123877343
images11_tol1e-05_seed2,165,True,5,0.9999999999936728,2.677609255940522e-05,7.1746527743848495e-06,0.06586508636265077
images11_tol1e-05_seed2,166,True,5,0.9999999999957487,1.755584624934936e-05,5.848791726311795e-06,0.07245159499891586
images11_tol1e-05_seed2,167,True,5,0.9999999999977695,1.2254011841302409e-05,4.225167433501694e-06,0.07969675449880745
images11_tol1e-05_seed2,168,True,5,0.9999999999993757,1.5095683444493889e-05,2.312574615148804e-06,0.0876664299486882
images11_tol1e-05_seed2,169,True,5,0.9999999999993757,1.5095683444493889e-05,2.312574615148804e-06,0.0438332149743441
images11_tol1e-05_seed2,170,True,5,0.999999999999385,1.4747989326590824e-05,2.2940213155865816e-06,0.0438332149743441
images11_tol1e-05_seed2,171,True,5,0.9999999999994035,1.4066369061607017e-05,2.257071233656496e-06,0.0438332149743441
images11_tol1e-05_seed2,172,True,5,0.9999999999994305,1.3079364100228867e-05,2.202007275237535e-06,0.0438332149743441
images11_tol1e-05_seed2,173,True,5,0.9999999999994653,1.1831459705114091e-05,2.129213043436724e-06,0.0438332149743441
images11_tol1e-05_seed2,174,True,5,0.9999999999995068,1.0384800631574275e-05,2.039155600340997e-06,0.0438332149743441
images11_tol1e-05_seed2,175,True,5,0.999999999999559,8.669697515499972e-06,1.921721587879041e-06,0.048216536471778516
images11_tol1e-05_seed3,0,False,6,2.578041370169762,5.963501981953561,5.652768148199633,0.025
images11_tol1e-05_seed3,1,False,6,2.5580101824325845,5.935331292631483,5.62580233883181,0.025
images11_tol1e-05_seed3,2,False,6,2.518352371893501,5.878904137883277,5.571967407071221,0.025
images11_tol1e-05_seed3,3,False,6,2.4598783283625774,5.794046661098549,5.491465340236984,0.025
images11_tol1e-05_seed3,4,False,6,2.383798784786374,5.680490437699825,5.384611219050848,0.025
images11_tol1e-05_seed3,5,False,6,2.2917117248367407,5.537834067011814,5.2518403356659205,0.025
images11_tol1e-05_seed3,6,False,6,2.1751625375875117,5.348031238900221,5.077880254482882,0.027500000000000004
images11_tol1e-05_seed3,7,False,6,2.031844909754497,5.096867954807497,4.853703082282119,0.030250000000000006
images11_tol1e-05_seed3,8,False,6,1.8609237098886777,4.754758918341974,4.568875996616585,0.033275000000000006
images11_tol1e-05_seed3,9,False,6,1.6641498070683132,4.371985033568542,4.211559387471886,0.03660250000000001
images11_tol1e-05_seed3,10,False,6,1.4475628761956942,3.9387764242928656,3.7690574473787377,0.040262750000000014
images11_tol1e-05_seed3,11,False,5,1.2397477062117144,3.307647849473818,1.9653117980590105,0.04428902500000002
images11_tol1e-05_seed3,12,False,5,1.174798866527559,2.4920017843722144,1.6733284155587949,0.04871792750000002
images11_tol1e-05_seed3,13,False,5,1.1151097723411272,1.8657224104039845,1.3572220005934599,0.05358972025000003
images11_tol1e-05_seed3,14,False,5,1.0631815643756508,1.142404682043382,1.0069623024125778,0.058948692275000034
images11_tol1e-05_seed3,15,False,5,1.02321992446977,0.9531581918076116,0.6117533139426646,0.06484356150250004
images11_tol1e-05_seed3,16,False,5,1.02321992446977,0.9531581918076116,0.6117533139426646,0.03242178075125002
images11_tol1e-05_seed3,17,False,5,1.022852645804743,0.942781739416588,0.6066205709978277,0.03242178075125002
images11_tol1e-05_seed3,18,False,5,1.022126570600666,0.9222611398032232,0.5964107471282813,0.03242178075125002
images11_tol1e-05_seed3,19,False,5,1.0210582813997882,0.8920789765947985,0.5812319401657979,0.03242178075125002
images11_tol1e-05_seed3,20,False,5,1.0196720910332204,0.8530097247578688,0.5612433286797399,0.03242178075125002
images11_tol1e-05_seed3,21,False,5,1.0179997338171658,0.8061877820685102,0.5366567112342768,0.03242178075125002
images11_tol1e-05_seed3,22,False,5,1.0158920075488655,0.7480593653630999,0.5048665505119753,0.03566395882637502
images11_tol1e-05_seed3,23,False,5,1.0133183161402717,0.6794302399224919,0.4646892907608552,0.039230354709012524
images11_tol1e-05_seed3,24,False,5,1.0102862627592506,0.6043691086116161,0.41515222548576586,0.04315339017991378
images11_tol1e-05_seed3,25,False,5,1.0068726820536873,0.5329193764222153,0.35605294128893167,0.04746872919790516
images11_tol1e-05_seed3,26,False,5,1.0032676535815797,0.4824939928872428,0.2894391388843311,0.05221560211769568
images11_tol1e-05_seed3,27,False,5,0.9998183072551141,0.4689589291721688,0.22363376300966262,0.057437162329465254
images11_tol1e-05_seed3,28,False,5,0.9970128327141186,0.4854585726766816,0.1818180524761532,0.06318087856241178
images11_tol1e-05_seed3,29,False,5,0.9953288693159291,0.5008514885320376,0.19566684595470074,0.06949896641865297
images11_tol1e-05_seed3,30,False,5,0.9950026909996247,0.4846086400709085,0.25552132682099193,0.07644886306051828
images11_tol1e-05_seed3,31,False,5,0.9958545969734233,0.4670708910117799,0.3253385940994676,0.08409374936657012
images11_tol1e-05_seed3,32,False,5,0.9958545969734233,0.4670708910117799,0.3253385940994676,0.04204687468328506
images11_tol1e-05_seed3,33,False,5,0.9958290548323906,0.45705798545178256,0.3220028552257664,0.04204687468328506
images11_tol1e-05_seed3,34,False,5,0.9957825130137066,0.43720895604589843,0.3154121063538169,0.04204687468328506
images11_tol1e-05_seed3,35,False,5,0.9957236922188515,0.4078747859232343,0.3057261700048351,0.04204687468328506
images11_tol1e-05_seed3,36,False,5,0.9956647917505823,0.3695784970007686,0.29318457773103906,0.04204687468328506
images11_tol1e-05_seed3,37,False,5,0.9956205300517719,0.32301585936739,0.2781105461394868,0.04204687468328506
images11_tol1e-05_seed3,38,False,5,0.9956078065123806,0.26418663269646464,0.2592307301536956,0.046251562151613565
images11_tol1e-05_seed3,39,False,5,0.99566092672862,0.2228340903669108,0.23649487959384777,0.050876718366774924
images11_tol1e-05_seed3,40,False,5,0.9958287365462953,0.17146523497590294,0.2105575332460298,0.055964390203452424
images11_tol1e-05_seed3,41,False,5,0.9961718769112378,0.11652835852867557,0.18366859036466338,0.06156082922379767
images11_tol1e-05_seed3,42,False,5,0.9967348883622733,0.15173214746781788,0.1612986442505623,0.06771691214617745
images11_tol1e-05_seed3,43,False,5,0.9967348883622733,0.15173214746781788,0.1612986442505623,0.033858456073088725
images11_tol1e-05_seed3,44,False,5,0.9967357933830296,0.14962758272025026,0.1612746724018315,0.033858456073088725
images11_tol1e-05_seed3,45,False,5,0.9967376421287624,0.14545092188729417,0.16122595742791027,0.033858456073088725
images11_tol1e-05_seed3,46,False,5,0.9967405200514534,0.13926816411155565,0.16115074794798775,0.033858456073088725
images11_tol1e-05_seed3,47,False,5,0.9967445670387501,0.1311807389352003,0.16104610235828307,0.033858456073088725
images11_tol1e-05_seed3,48,False,5,0.9967499856940915,0.1213289637745122,0.1609076538739681,0.033858456073088725
images11_tol1e-05_seed3,49,False,5,0.9967577588668193,0.10876056596247978,0.16071155900530731,0.0372443016803976
images11_tol1e-05_seed3,50,True,5,0.9967689756588997,0.16043226359744442,0.16043226359744434,0.04096873184843736
images11_tol1e-05_seed3,51,True,5,0.9967849971883562,0.16003567901024685,0.16003567901024685,0.025
images11_tol1e-05_seed3,52,True,5,0.9968168858985998,0.15924339983614225,0.15924339983614225,0.025
images11_tol1e-05_seed3,53,True,5,0.9968643383676911,0.15805710583768223,0.15805710583768223,0.025
images11_tol1e-05_seed3,54,True,5,0.9969269076235016,0.15647918585718137,0.15647918585718137,0.025
images11_tol1e-05_seed3,55,True,5,0.9970040084939757,0.15451268332010196,0.15451268332010193,0.025
images11_tol1e-05_seed3,56,True,5,0.9971039378392668,0.15192612122912796,0.15192612122912794,0.027500000000000004
images11_tol1e-05_seed3,57,True,5,0.9972308833287691,0.14857542167535503,0.14857542167535503,0.030250000000000006
images11_tol1e-05_seed3,58,True,5,0.9973891493526794,0.14428911151521423,0.1442891115152143,0.033275000000000006
images11_tol1e-05_seed3,59,True,5,0.9975827601443827,0.13886559840392534,0.13886559840392534,0.03660250000000001
images11_tol1e-05_seed3,60,True,5,0.9978147891340217,0.13207218871798548,0.1320721887179855,0.040262750000000014
images11_tol1e-05_seed3,61,True,5,0.9980862974325254,0.12364809524601332,0.12364809524601333,0.04428902500000002
images11_tol1e-05_seed3,62,True,5,0.9983947650435944,0.11331554315478931,0.11331554315478934,0.04871792750000002
images11_tol1e-05_seed3,63,True,5,0.9987319980631262,0.10080540535573305,0.10080540535573304,0.05358972025000003
images11_tol1e-05_seed3,64,True,5,0.9990818395140579,0.08656476879940242,0.08590417363392681,0.058948692275000034
images11_tol1e-05_seed3,65,True,5,0.9994186922740267,0.09609023983762205,0.06852237507435596,0.06484356150250004
images11_tol1e-05_seed3,66,True,5,0.999708469164418,0.10414766912289415,0.04877265295772276,0.07132791765275004
images11_tol1e-05_seed3,67,True,5,0.9999132189436841,0.10785553199605692,0.027064068050354946,0.07846070941802505
images11_tol1e-05_seed3,68,True,5,0.999999505846253,0.1043365796855744,0.0051616013899430995,0.08630678035982756
images11_tol1e-05_seed3,69,True,5,0.9999499557589874,0.09237475556967487,0.020182090367900963,0.09493745839581032
images11_tol1e-05_seed3,70,True,5,0.9997768221741035,0.09419959803245864,0.04224814290127775,0.10443120423539136
images11_tol1e-05_seed3,71,True,5,0.9995337706386891,0.08652040504356218,0.06110076827742484,0.11487432465893051
images11_tol1e-05_seed3,72,True,5,0.9993156055822979,0.07407063531276142,0.07407063531276141,0.12636175712482356
images11_tol1e-05_seed3,73,True,5,0.9992286875303813,0.07862094450532027,0.07862094450532031,0.13899793283730594
images11_tol1e-05_seed3,74,True,5,0.9993287525938258,0.07782247790109871,0.07329350559231666,0.15
images11_tol1e-05_seed3,75,True,5,0.9995572274331896,0.09229806979869143,0.059499391333800014,0.15
images11_tol1e-05_seed3,76,True,5,0.9998002013959029,0.0938685521545251,0.040024130359270195,0.15
images11_tol1e-05_seed3,77,True,5,0.9999620176063342,0.10106632555633564,0.0177691579556972,0.15
images11_tol1e-05_seed3,78,True,5,0.9999973856927213,0.10028820115045005,0.005976900478646352,0.15
images11_tol1e-05_seed3,79,True,5,0.9999201649698806,0.09004224916398032,0.025478832292495385,0.15
images11_tol1e-05_seed3,80,True,5,0.9997876246039511,0.08573635265541361,0.04126148946110483,0.15
images11_tol1e-05_seed3,81,True,5,0.9996674133000083,0.10037296936625717,0.05157344719018285,0.15
images11_tol1e-05_seed3,82,True,5,0.9996095338515176,0.10248812674168949,0.05588062985771076,0.15
images11_tol1e-05_seed3,83,True,5,0.9996328546318538,0.09538330757890325,0.05420326702177584,0.15
images11_tol1e-05_seed3,84,True,5,0.9997234526250253,0.09574481711665607,0.04705784947361442,0.15
images11_tol1e-05_seed3,85,True,5,0.9998431920470664,0.08904086056266948,0.03544095296704409,0.15
images11_tol1e-05_seed3,86,True,5,0.9999462713001811,0.0691545224598992,0.020743293114984532,0.15
images11_tol1e-05_seed3,87,True,5,0.999997323718105,0.04191333179086021,0.004627539990301106,0.15
images11_tol1e-05_seed3,88,True,5,0.999984941029316,0.029326077030003422,0.01099718201023078,0.15
images11_tol1e-05_seed3,89,True,5,0.999984941029316,0.029326077030003422,0.01099718201023078,0.075
images11_tol1e-05_seed3,90,True,5,0.999985610677996,0.02798723348684408,0.01074917630241337,0.075
images11_tol1e-05_seed3,91,True,5,0.9999868920385053,0.02561197685137328,0.010258039061788921,0.075
images11_tol1e-05_seed3,92,True,5,0.9999886768053428,0.022803004620870104,0.009532177081575185,0.075
images11_tol1e-05_seed3,93,True,5,0.9999908133875967,0.020366919262521783,0.008583485075645964,0.075
images11_tol1e-05_seed3,94,True,5,0.99999310855809,0.018921368918207664,0.007431678610664185,0.075
images11_tol1e-05_seed3,95,True,5,0.9999955291588181,0.018304805122628335,0.005983141382004695,0.0825
images11_tol1e-05_seed3,96,True,5,0.9999977390363265,0.021040238589207377,0.004253037672347153,0.09075000000000001
images11_tol1e-05_seed3,97,True,5,0.9999993423076323,0.02305095697132839,0.002297299249855411,0.09982500000000002
images11_tol1e-05_seed3,98,True,5,0.9999999980922788,0.02133045524321122,0.0002894900738014422,0.10980750000000003
images11_tol1e-05_seed3,99,True,5,0.9999995497109888,0.014831026679260867,0.0019306246584357217,0.12078825000000004
images11_tol1e-05_seed3,100,True,5,0.9999982052364514,0.00962248109212681,0.00380704478943212,0.13286707500000006
images11_tol1e-05_seed3,101,True,5,0.999996664838951,0.014612308909357274,0.005173075278123814,0.14615378250000008
images11_tol1e-05_seed3,102,True,5,0.999996664838951,0.014612308909357274,0.005173075278123814,0.07307689125000004
images11_tol1e-05_seed3,103,True,5,0.9999968056184103,0.013550809352666369,0.005062349768617473,0.07307689125000004
images11_tol1e-05_seed3,104,True,5,0.9999970759127478,0.011523701375731625,0.00484273949055903,0.07307689125000004
images11_tol1e-05_seed3,105,True,5,0.9999974554392794,0.00872828631513176,0.004516578091136485,0.07307689125000004
images11_tol1e-05_seed3,106,True,5,0.9999979179065054,0.005504583200350465,0.004084442851804271,0.07307689125000004
images11_tol1e-05_seed3,107,True,5,0.9999984343439384,0.0035406997059218765,0.003540699705921878,0.07307689125000004
images11_tol1e-05_seed3,108,True,5,0.9999990149349559,0.003342097136008699,0.0028075070628119578,0.08038458037500006
images11_tol1e-05_seed3,109,True,5,0.9999990149349559,0.003342097136008699,0.0028075070628119578,0.04019229018750003
images11_tol1e-05_seed3,110,True,5,0.9999990276228512,0.0032615044948568024,0.0027893633624005787,0.04019229018750003
images11_tol1e-05_seed3,111,True,5,0.9999990526880097,0.003103460286446254,0.0027531690259711087,0.04019229018750003
images11_tol1e-05_seed3,112,True,5,0.9999990895480271,0.002874481515300946,0.0026990619091013675,0.04019229018750003
images11_tol1e-05_seed3,113,True,5,0.9999991373884707,0.002627176601321875,0.0026271766013218753,0.04019229018750003
images11_tol1e-05_seed3,114,True,5,0.9999991951992693,0.002537596110544346,0.0025375961105443467,0.04019229018750003
images11_tol1e-05_seed3,115,True,5,0.9999992683014883,0.0024195805902643168,0.002419580590264317,0.044211519206250036
images11_tol1e-05_seed3,116,True,5,0.9999993580567589,0.002266297184227496,0.002266297184227496,0.04863267112687504
images11_tol1e-05_seed3,117,True,5,0.999999464602792,0.0020696643288827107,0.00206966432888271,0.05349593823956255
images11_tol1e-05_seed3,118,True,5,0.9999995853178126,0.0018214276491916015,0.001821427649191601,0.05884553206351881
images11_tol1e-05_seed3,119,True,5,0.9999997123117779,0.001517078722063963,0.001517078722063963,0.06473008526987069
images11_tol1e-05_seed3,120,True,5,0.9999998318587968,0.0015999597931341844,0.0011598003337361207,0.07120309379685777
images11_tol1e-05_seed3,121,True,5,0.9999999281120945,0.0018362970552175245,0.0007584218690511158,0.07832340317654356
images11_tol1e-05_seed3,122,True,5,0.9999999868242557,0.001823859559131969,0.00032507644838676277,0.08615574349419793
images11_tol1e-05_seed3,123,True,5,0.9999999980757492,0.001565509663431048,0.00012584212665346713,0.09477131784361773
images11_tol1e-05_seed3,124,True,5,0.9999999599419581,0.0012704429038003873,0.0005665639202095178,0.10424844962797951
images11_tol1e-05_seed3,125,True,5,0.9999998833089647,0.0014220019658972149,0.0009664345069354166,0.11467329459077746
images11_tol1e-05_seed3,126,True,5,0.9999997927386141,0.0019216557954438859,0.0012877774232007832,0.1261406240498552
images11_tol1e-05_seed3,127,True,5,0.9999997197658911,0.002189601694814614,0.0014973156398365912,0.13875468645484074
images11_tol1e-05_seed3,128,True,5,0.9999996955274139,0.002206242086326682,0.0015606984703471851,0.15
images11_tol1e-05_seed3,129,True,5,0.9999997329008042,0.002224267755860109,0.0014617995315442422,0.15
images11_tol1e-05_seed3,130,True,5,0.9999998131872649,0.001732628683330409,0.00122257366722908,0.15
images11_tol1e-05_seed3,131,True,5,0.9999999038433681,0.0016252093070586331,0.0008772120654019967,0.15
images11_tol1e-05_seed3,132,True,5,0.9999999724777191,0.0016821357287026585,0.0004694533209899156,0.15
images11_tol1e-05_seed3,133,True,5,0.9999999997408168,0.0015849658088867113,4.6666046505828136e-05,0.15
images11_tol1e-05_seed3,134,True,5,0.999999984903919,0.001426169190441904,0.00034754259438925494,0.15
images11_tol1e-05_seed3,135,True,5,0.9999999442483157,0.001074186516959761,0.0006678466617682437,0.15
images11_tol1e-05_seed3,136,True,5,0.9999999442483157,0.001074186516959761,0.0006678466617682437,0.075
images11_tol1e-05_seed3,137,True,5,0.9999999467289127,0.0009866193866714605,0.0006528199974480955,0.075
images11_tol1e-05_seed3,138,True,5,0.9999999514753054,0.0008389925366446685,0.0006230585812429062,0.075
images11_tol1e-05_seed3,139,True,5,0.9999999580860147,0.000771926077871406,0.0005790641245503672,0.075
images11_tol1e-05_seed3,140,True,5,0.9999999659998914,0.0006955013179629635,0.0005215391674588288,0.075
images11_tol1e-05_seed3,141,True,5,0.9999999745069785,0.0006166360651801691,0.0004516031042861133,0.075
images11_tol1e-05_seed3,142,True,5,0.9999999835035513,0.0005318626350405414,0.00036327945241830485,0.0825
images11_tol1e-05_seed3,143,True,5,0.999999991751659,0.0004794597625686053,0.0002568788300280034,0.09075000000000001
images11_tol1e-05_seed3,144,True,5,0.9999999977163074,0.000447946107023872,0.00013516567547151883,0.09982500000000002
images11_tol1e-05_seed3,145,True,5,0.999999999998397,0.00033869041443286893,3.701504416746813e-06,0.10980750000000003
images11_tol1e-05_seed3,146,True,5,0.9999999979662393,0.0003552774592114463,0.0001275599877418666,0.12078825000000004
images11_tol1e-05_seed3,147,True,5,0.9999999926408442,0.00037690897238938745,0.0002426410110108313,0.13286707500000006
images11_tol1e-05_seed3,148,True,5,0.9999999926408442,0.00037690897238938745,0.0002426410110108313,0.06643353750000003
images11_tol1e-05_seed3,149,True,5,0.9999999928983805,0.0003453510741279376,0.00023835744002431472,0.06643353750000003
images11_tol1e-05_seed3,150,True,5,0.9999999933963983,0.00028499875250378434,0.00022984764052998418,0.06643353750000003
images11_tol1e-05_seed3,151,True,5,0.9999999941039066,0.00024078477445525269,0.0002171856910459347,0.06643353750000003
images11_tol1e-05_seed3,152,True,5,0.9999999949794555,0.00020041197491290843,0.00020041197491290843,0.06643353750000003
images11_tol1e-05_seed3,153,True,5,0.9999999959729783,0.00017948960160191958,0.00017948960160191964,0.06643353750000003
images11_tol1e-05_seed3,154,True,5,0.9999999971136884,0.00015195596781942712,0.00015195596781942712,0.07307689125000004
images11_tol1e-05_seed3,155,True,5,0.9999999982718869,0.00021808424988243704,0.00011757938483784418,0.08038458037500006
images11_tol1e-05_seed3,156,True,5,0.9999999992451373,0.00025058447377055055,7.771059911403961e-05,0.08842303841250007
images11_tol1e-05_seed3,157,True,5,0.9999999998545435,0.0002280180441243541,3.411517280186166e-05,0.09726534225375008
images11_tol1e-05_seed3,158,True,5,0.9999999999843888,0.0001602097888120409,1.1193603195603276e-05,0.1069918764791251
images11_tol1e-05_seed3,159,True,5,0.9999999996144857,0.00018972945309348919,5.553989752811189e-05,0.11769106412703761
images11_tol1e-05_seed3,160,True,5,0.9999999988574385,0.00019555310579491515,9.560890766563713e-05,0.12946017053974138
images11_tol1e-05_seed3,161,True,5,0.999999997966071,0.00019968631909821869,0.00012756108799924656,0.14240618759371554
images11_tol1e-05_seed3,162,True,5,0.9999999973357626,0.0002065362771747007,0.0001459933404456201,0.15
images11_tol1e-05_seed3,163,True,5,0.9999999972833092,0.00014742298223450461,0.0001474229822345046,0.15
images11_tol1e-05_seed3,164,True,5,0.9999999978513545,0.00013110758319583816,0.00013110758319583813,0.15
images11_tol1e-05_seed3,165,True,5,0.9999999987412784,0.00014901856157414876,0.00010034906721619867,0.15
images11_tol1e-05_seed3,166,True,5,0.9999999987412784,0.00014901856157414876,0.00010034906721619867,0.075
images11_tol1e-05_seed3,167,True,5,0.9999999987972834,0.0001344835410959146,9.80911891601273e-05,0.075
images11_tol1e-05_seed3,168,True,5,0.9999999989044821,0.00011945675562377005,9.36176558647906e-05,0.075
images11_tol1e-05_seed3,169,True,5,0.9999999990539523,0.00010200326821900397,8.69969586167297e-05,0.075
images11_tol1e-05_seed3,170,True,5,0.9999999992332517,8.89517165073977e-05,7.832011770048426e-05,0.075
images11_tol1e-05_seed3,171,True,5,0.9999999994263241,8.206665241691307e-05,6.774534756069406e-05,0.075
images11_tol1e-05_seed3,172,True,5,0.9999999996300666,0.00010270541874712167,5.440103969309225e-05,0.0825
images11_tol1e-05_seed3,173,True,5,0.9999999998154998,0.00011387569998115553,3.841877070999554e-05,0.09075000000000001
images11_tol1e-05_seed3,174,True,5,0.9999999999486665,0.00010186657231574135,2.026526742746882e-05,0.09982500000000002
images11_tol1e-05_seed3,175,True,5,0.9999999999999357,6.031856861223356e-05,7.407997076301656e-07,0.10980750000000003
images11_tol1e-05_seed3,176,True,5,0.9999999999559015,4.071390525143891e-05,1.8783911016565215e-05,0.12078825000000004
images11_tol1e-05_seed3,177,True,5,0.9999999999559015,4.071390525143891e-05,1.8783911016565215e-05,0.06039412500000002
images11_tol1e-05_seed3,178,True,5,0.999999999957179,3.990258284617298e-05,1.8509832722245822e-05,0.06039412500000002
images11_tol1e-05_seed3,179,True,5,0.9999999999596597,3.830321767935255e-05,1.7965605771088905e-05,0.06039412500000002
images11_tol1e-05_seed3,180,True,5,0.9999999999632005,3.596352088648275e-05,1.715890286534672e-05,0.06039412500000002
images11_tol1e-05_seed3,181,True,5,0.999999999967598,3.295637241837036e-05,1.610092787554286e-05,0.06039412500000002
images11_tol1e-05_seed3,182,True,5,0.9999999999725993,2.93803884721456e-05,1.4806189317045966e-05,0.06039412500000002
images11_tol1e-05_seed3,183,True,5,0.9999999999784158,2.495942473416057e-05,1.3140876268635783e-05,0.06643353750000003
images11_tol1e-05_seed3,184,True,5,0.9999999999847436,2.0336259581972525e-05,1.1047831291948834e-05,0.07307689125000004
images11_tol1e-05_seed3,185,True,5,0.9999999999910194,1.5961909318673424e-05,8.476154222647072e-06,0.08038458037500006
images11_tol1e-05_seed3,186,True,5,0.9999999999963656,1.0277500985107152e-05,5.392219747619136e-06,0.08842303841250007
images11_tol1e-05_seed3,187,True,5,0.9999999999995932,7.593068077754116e-06,1.8052635918087139e-06,0.09726534225375008
images17_tol0.001_seed1,0,False,9,2.721889981565939,6.38970616560894,5.476633101431628,0.025
images17_tol0.001_seed1,1,False,9,2.7033416447289036,6.361728684781117,5.44955325531807,0.025
images17_tol0.001_seed1,2,False,9,2.6666171909407446,6.305046065080669,5.395524418466546,0.025
images17_tol0.001_seed1,3,False,9,2.6124505601103074,6.218164401953051,5.314803615841499,0.025
images17_tol0.001_seed1,4,False,9,2.5419251678406543,6.09874785583806,5.20777617109788,0.025
images17_tol0.001_seed1,5,False,9,2.456463319374339,5.943539514866862,5.074970419394418,0.025
images17_tol0.001_seed1,6,False,9,2.3481350498479676,5.728150224422602,4.901304793537949,0.027500000000000004
images17_tol0.001_seed1,7,False,9,2.214717930458065,5.429886350221466,4.678282073708711,0.030250000000000006
images17_tol0.001_seed1,8,False,9,2.055376459284475,5.0176058596267765,4.396600912728725,0.033275000000000006
images17_tol0.001_seed1,9,False,9,1.8713500137956247,4.447607673450085,4.045957948030113,0.03660250000000001
images17_tol0.001_seed1,10,False,6,1.6831972355476992,4.077936814395705,4.070774512570174,0.040262750000000014
images17_tol0.001_seed1,11,False,8,1.4934453813500774,3.697762039045785,2.813811014767391,0.04428902500000002
images17_tol0.001_seed1,12,False,8,1.3232124509003347,3.241736756699811,2.286119459960398,0.04871792750000002
images17_tol0.001_seed1,13,False,8,1.183186145516342,2.773385821665727,1.734457860046811,0.05358972025000003
images17_tol0.001_seed1,14,False,8,1.0800756836701526,2.350829809504296,1.1663882246366304,0.058948692275000034
images17_tol0.001_seed1,15,False,8,1.0219507428569825,2.5117065829966605,0.6442765340778441,0.06484356150250004
images17_tol0.001_seed1,16,False,8,0.9995144588362846,2.8903950431448497,0.18057502719589352,0.07132791765275004
images17_tol0.001_seed1,17,False,8,1.0060276852707792,2.9329220317207327,0.33720068562318245,0.07846070941802505
images17_tol0.001_seed1,18,False,8,1.0060276852707792,2.9329220317207327,0.33720068562318245,0.039230354709012524
images17_tol0.001_seed1,19,False,8,1.005901963205574,2.8500609903992773,0.33256274068332886,0.039230354709012524
images17_tol0.001_seed1,20,False,8,1.0056545232196548,2.6848217493213977,0.3233688492401117,0.039230354709012524
images17_tol0.001_seed1,21,False,8,1.0052929159382904,2.439711258462122,0.3097786111359362,0.039230354709012524
images17_tol0.001_seed1,22,False,8,1.0048276617488998,2.1226112961384525,0.2920322520305765,0.039230354709012524
images17_tol0.001_seed1,23,False,8,1.0042715275108656,1.7522878626868716,0.2704604303484581,0.039230354709012524
images17_tol0.001_seed1,24,False,8,1.0035766465713563,1.33315118996291,0.2430388745826483,0.04315339017991378
images17_tol0.001_seed1,25,False,8,1.002733802189924,1.1051399293404736,0.20935261585723355,0.04746872919790516
images17_tol0.001_seed1,26,False,8,1.0017417322086932,0.9449875965316769,0.17005729131263744,0.05221560211769568
images17_tol0.001_seed1,27,False,8,1.0006218080330185,1.1930373989577607,0.12971493750077054,0.057437162329465254
images17_tol0.001_seed1,28,False,8,0.9994525867953223,1.4201563354344249,0.10421609074464135,0.06318087856241178
images17_tol0.001_seed1,29,False,8,0.9994525867953223,1.4201563354344249,0.10421609074464135,0.03159043928120589
images17_tol0.001_seed1,30,False,8,0.999443532898514,1.3941524894827682,0.10406097106352849,0.03159043928120589
images17_tol0.001_seed1,31,False,8,0.9994255542333899,1.3420891615150252,0.10376063273894728,0.03159043928120589
images17_tol0.001_seed1,32,False,8,0.9993988855802197,1.2639986757210044,0.10333438208530471,0.03159043928120589
images17_tol0.001_seed1,33,False,8,0.9993638404869639,1.16031120819248,0.10281042803322432,0.03159043928120589
images17_tol0.001_seed1,34,False,8,0.9993207806182314,1.032360393842946,0.10222547477284358,0.03159043928120589
images17_tol0.001_seed1,35,False,8,0.9992650534701428,0.8682532047241838,0.10157058322620252,0.034749483209326484
images17_tol0.001_seed1,36,False,8,0.9991942923259948,0.6689971729639242,0.10091741333066231,0.03822443153025914
images17_tol0.001_seed1,37,False,8,0.9991059402276894,0.45532347486456537,0.10040797639751359,0.04204687468328506
images17_tol0.001_seed1,38,False,8,0.9989976295372792,0.32229737455836477,0.10029935255188162,0.046251562151613565
images17_tol0.001_seed1,39,False,8,0.9988697893757686,0.41161956092413887,0.1010003938082842,0.050876718366774924
images17_tol0.001_seed1,40,False,8,0.998730596401135,0.5867305679224858,0.10294381258753789,0.055964390203452424
images17_tol0.001_seed1,41,False,8,0.998730596401135,0.5867305679224858,0.10294381258753789,0.027982195101726212
images17_tol0.001_seed1,42,False,8,0.998729205506036,0.5770311571920279,0.1029659856808802,0.027982195101726212
images17_tol0.001_seed1,43,False,8,0.9987264397321328,0.5578189489980074,0.10301053902011348,0.027982195101726212
images17_tol0.001_seed1,44,False,8,0.9987223295679747,0.529483774714538,0.10307787363827865,0.027982195101726212
images17_tol0.001_seed1,45,False,8,0.9987169187821093,0.4926520546238886,0.10316854833507844,0.027982195101726212
images17_tol0.001_seed1,46,False,8,0.9987102638428398,0.4482448648688204,0.10328321692649732,0.027982195101726212
images17_tol0.001_seed1,47,False,8,0.9987016543174939,0.3925788136445562,0.10343677094276098,0.030780414611898836
images17_tol0.001_seed1,48,False,8,0.9986907573491932,0.3259779257332085,0.10363958116887395,0.033858456073088725
images17_tol0.001_seed1,49,False,8,0.9986772758210936,0.2524811844263041,0.10390371691229051,0.0372443016803976
images17_tol0.001_seed1,50,True,8,0.9986610717786447,0.1870132183134617,0.10424096368797753,0.04096873184843736
images17_tol0.001_seed1,51,True,8,0.9986676296057384,0.18591918967946502,0.10397835636721169,0.025
images17_tol0.001_seed1,52,True,8,0.9986806843797287,0.18375682355212242,0.10345379606593691,0.025
images17_tol0.001_seed1,53,True,8,0.9987001176625315,0.18057824306010262,0.10266848254608965,0.025
images17_tol0.001_seed1,54,True,8,0.9987257564417897,0.1764620583388162,0.10162407556087262,0.025
images17_tol0.001_seed1,55,True,8,0.9987573754473068,0.17151245704538298,0.10032264233095713,0.025
images17_tol0.001_seed1,56,True,8,0.9987984003376746,0.1653012203443107,0.09861108114990563,0.027500000000000004
images17_tol0.001_seed1,57,True,8,0.9988505869346128,0.1577535779615349,0.0963943764501202,0.030250000000000006
images17_tol0.001_seed1,58,True,8,0.998915754577111,0.148893678414929,0.09355985883118799,0.033275000000000006
images17_tol0.001_seed1,59,True,8,0.9989956196060412,0.13889119872933786,0.08997604585446912,0.03660250000000001
images17_tol0.001_seed1,60,True,8,0.9990915050283647,0.12808545200099133,0.08549333475414195,0.040262750000000014
images17_tol0.001_seed1,61,True,8,0.9992038742797839,0.11692907008031829,0.07994843124930731,0.04428902500000002
images17_tol0.001_seed1,62,True,8,0.9993316538745173,0.10576919196569753,0.07317509466792671,0.04871792750000002
images17_tol0.001_seed1,63,True,8,0.9994713887080607,0.09444766584383796,0.0650233070490958,0.05358972025000003
images17_tol0.001_seed1,64,True,8,0.9996164263305721,0.09534313756785394,0.05538653275734876,0.058948692275000034
images17_tol0.001_seed1,65,True,8,0.9997564618926512,0.09721396260693954,0.04423590615442575,0.06484356150250004
images17_tol0.001_seed1,66,True,8,0.9998777820698708,0.09569315332217726,0.03167344057774511,0.07132791765275004
images17_tol0.001_seed1,67,True,8,0.9999645508989241,0.08922673632648345,0.018106564331377542,0.07846070941802505
images17_tol0.001_seed1,68,True,8,1.0000017421679757,0.07622129000212878,0.006494876356575431,0.08630678035982756
images17_tol0.001_seed1,69,True,8,0.9999807384614506,0.05554305754944342,0.01438265612525392,0.09493745839581032
images17_tol0.001_seed1,70,True,8,0.9999079888931506,0.04924180907985099,0.027737768857573977,0.10443120423539136
images17_tol0.001_seed1,71,True,8,0.9998130230511394,0.03907933815465996,0.03879784981526,0.11487432465893051
images17_tol0.001_seed1,72,True,8,0.9997469966039352,0.04498188840510594,0.04498188840510596,0.12636175712482356
images17_tol0.001_seed1,73,True,8,0.9997469966039352,0.04498188840510594,0.04498188840510596,0.06318087856241178
images17_tol0.001_seed1,74,True,8,0.9997550059969249,0.04426430989873524,0.044264309898735206,0.06318087856241178
images17_tol0.001_seed1,75,True,8,0.9997705253562711,0.04283974973849981,0.04283974973849984,0.06318087856241178
images17_tol0.001_seed1,76,True,8,0.9997925953403768,0.040728272712958966,0.04072827271295895,0.06318087856241178
images17_tol0.001_seed1,77,True,8,0.9998198391259081,0.037960330720377154,0.03796033072037717,0.06318087856241178
images17_tol0.001_seed1,78,True,8,0.999850501400061,0.03458123444863476,0.034581234448634764,0.06318087856241178
images17_tol0.001_seed1,79,True,8,0.9998855023397624,0.0302664118930376,0.03026641189303759,0.06949896641865297
images17_tol0.001_seed1,80,True,8,0.999922337584258,0.027204614889594005,0.024931328515382725,0.07644886306051828
images17_tol0.001_seed1,81,True,8,0.9999569752789487,0.024434308933992992,0.018563634659405782,0.08409374936657012
images17_tol0.001_seed1,82,True,8,0.9999842207391069,0.022193659601861433,0.01125462845064654,0.09250312430322713
images17_tol0.001_seed1,83,True,8,0.9999987160050847,0.023135630755982572,0.0032537930496847564,0.10175343673354985
images17_tol0.001_seed1,84,True,8,0.9999968358696565,0.022727608330975188,0.005043307776625603,0.11192878040690485
images17_tol0.001_seed1,85,True,8,0.9999797503707751,0.023891369129060404,0.012727747731994855,0.12312165844759534
images17_tol0.001_seed1,86,True,8,0.9999557017079982,0.025413682372063158,0.01882617235062014,0.1354338242923549
images17_tol0.001_seed1,87,True,8,0.9999381517663171,0.02280100015723405,0.022247021771599623,0.1489772067215904
images17_tol0.001_seed1,88,True,8,0.9999391921699062,0.0220589392286018,0.02205893922860179,0.15
images17_tol0.001_seed1,89,True,8,0.9999562078273133,0.024924401126755508,0.01871827176457002,0.15
images17_tol0.001_seed1,90,True,8,0.9999785053729047,0.027761450797590025,0.013113061698004002,0.15
images17_tol0.001_seed1,91,True,8,0.9999950950637191,0.026152630229174682,0.006268899907010737,0.15
images17_tol0.001_seed1,92,True,8,0.9999999268824541,0.020485624766026264,0.0008542257819812406,0.15
images17_tol0.001_seed1,93,True,8,0.9999936326617013,0.02202811242141167,0.007148023000664316,0.15
images17_tol0.001_seed1,94,True,8,0.9999819734769709,0.020424697198257506,0.012012573283699042,0.15
images17_tol0.001_seed1,95,True,8,0.9999722089668114,0.01786504231185215,0.014911268693445988,0.15
images17_tol0.001_seed1,96,True,8,0.9999693039311417,0.019202833716852198,0.015670319345560683,0.15
images17_tol0.001_seed1,97,True,8,0.9999741032088046,0.0192441393607904,0.014393585326454619,0.15
images17_tol0.001_seed1,98,True,8,0.9999836229274504,0.018072622469855186,0.011447004061987249,0.15
images17_tol0.001_seed1,99,True,8,0.9999931578865864,0.019771060356966148,0.0073998859189038394,0.15
images17_tol0.001_seed1,100,True,8,0.9999989801519608,0.023584286095710855,0.0028589810019609262,0.15
images17_tol0.001_seed1,101,True,8,0.9999996696947328,0.024353102732161375,0.0016274546768042847,0.15
images17_tol0.001_seed1,102,True,8,0.9999961009248219,0.025239851376106123,0.005585076414552915,0.15
images17_tol0.001_seed1,103,True,8,0.9999906029606476,0.02941854780607197,0.008670430443760214,0.15
images17_tol0.001_seed1,104,True,8,0.9999858021350893,0.027176878345327917,0.010657771823905829,0.15
images17_tol0.001_seed1,105,True,8,0.9999836696118943,0.026428399594975765,0.011430544556606085,0.15
images17_tol0.001_seed1,106,True,8,0.9999849489763133,0.02407544022280753,0.010974099665386237,0.15
images17_tol0.001_seed1,107,True,8,0.9999890051750105,0.021336639903092626,0.009379925881016441,0.15
images17_tol0.001_seed1,108,True,8,0.99999413077325,0.026226658943380696,0.00685352115667082,0.15
images17_tol0.001_seed1,109,True,8,0.9999982667811272,0.027972433656928638,0.003724426768744087,0.15
images17_tol0.001_seed1,110,True,8,0.9999999798202013,0.03189288518533104,0.00040180626617546236,0.15
images17_tol0.001_seed1,111,True,8,0.9999990726702815,0.02602662668963304,0.002724540405182803,0.15
images17_tol0.001_seed1,112,True,8,0.999996452835331,0.025491349365179106,0.005328337226831032,0.15
images17_tol0.001_seed1,113,True,8,0.999996452835331,0.025491349365179106,0.005328337226831032,0.075
images17_tol0.001_seed1,114,True,8,0.9999966106187015,0.023399485726863258,0.005208409863591664,0.075
images17_tol0.001_seed1,115,True,8,0.999996912779136,0.019384023140495546,0.004970691050988783,0.075
images17_tol0.001_seed1,116,True,8,0.9999973346596858,0.013784935307165146,0.004618401863607461,0.075
images17_tol0.001_seed1,117,True,8,0.9999978416593377,0.01141008314179488,0.004155787145655148,0.075
images17_tol0.001_seed1,118,True,8,0.999998387144659,0.013470203493957457,0.0035922520896782975,0.075
images17_tol0.001_seed1,119,True,8,0.9999989587635851,0.015489697723960971,0.0028861725418819085,0.0825
images17_tol0.001_seed1,120,True,8,0.9999994750821676,0.015177960777530567,0.0020493094842710317,0.09075000000000001
images17_tol0.001_seed1,121,True,8,0.9999998470915156,0.016321505745149418,0.0011069211093768304,0.09982500000000002
images17_tol0.001_seed1,122,True,8,0.9999999990165677,0.015570760228902726,0.00011009104773173026,0.10980750000000003
images17_tol0.001_seed1,123,True,8,0.9999998953413816,0.011077233402340325,0.0009180294278366675,0.12078825000000004
images17_tol0.001_seed1,124,True,8,0.9999995837938579,0.012403222794804153,0.0018259617583442993,0.13286707500000006
images17_tol0.001_seed1,125,True,8,0.9999995837938579,0.012403222794804153,0.0018259617583442993,0.06643353750000003
images17_tol0.001_seed1,126,True,8,0.9999995983535327,0.011262308243069959,0.0017936984273142886,0.06643353750000003
images17_tol0.001_seed1,127,True,8,0.9999996265519069,0.00909311173140457,0.001729507879137063,0.06643353750000003
images17_tol0.001_seed1,128,True,8,0.999999666835396,0.006123100018334409,0.0016334526992480417,0.06643353750000003
images17_tol0.001_seed1,129,True,8,0.9999997174495883,0.0028039400283812145,0.0015041253848552575,0.06643353750000003
images17_tol0.001_seed1,130,True,8,0.9999997768031311,0.0023688989753300597,0.0013366798664141183,0.06643353750000003
images17_tol0.001_seed1,131,True,8,0.9999998444703314,0.0046266804349091055,0.001115637467084218,0.07307689125000004
images17_tol0.001_seed1,132,True,8,0.9999998444703314,0.0046266804349091055,0.001115637467084218,0.03653844562500002
images17_tol0.001_seed1,133,True,8,0.9999998461268705,0.004498715242694206,0.0011096784195169305,0.03653844562500002
images17_tol0.001_seed1,134,True,8,0.9999998494072716,0.004246756009992732,0.0010977825037203717,0.03653844562500002
images17_tol0.001_seed1,135,True,8,0.9999998542518678,0.0038789210724557662,0.0010799748302176664,0.03653844562500002
images17_tol0.001_seed1,136,True,8,0.9999998605795262,0.003407764560140839,0.0010562640785697834,0.03653844562500002
images17_tol0.001_seed1,137,True,8,0.999999868292393,0.0028509719076387128,0.0010266230709772642,0.03653844562500002
images17_tol0.001_seed1,138,True,8,0.9999998781593253,0.0021723697105173645,0.0009874085711140126,0.04019229018750003
images17_tol0.001_seed1,139,True,8,0.9999998904653605,0.0019084195899394894,0.0009362032288916122,0.044211519206250036
images17_tol0.001_seed1,140,True,8,0.9999999053670294,0.0018163012408414902,0.0008701766602160768,0.04863267112687504
images17_tol0.001_seed1,141,True,8,0.9999999226442877,0.0017900204846047418,0.0007867234580654341,0.05349593823956255
images17_tol0.001_seed1,142,True,8,0.9999999413837751,0.0018151262915542241,0.0006848140350539558,0.05884553206351881
images17_tol0.001_seed1,143,True,8,0.9999999600721239,0.002301502093945111,0.0005651832674679389,0.06473008526987069
images17_tol0.001_seed1,144,True,8,0.9999999769631839,0.0025882393579460695,0.00042929565005308016,0.07120309379685777
images17_tol0.001_seed1,145,True,8,0.9999999902683823,0.002426814124968835,0.0002790492859708322,0.07832340317654356
images17_tol0.001_seed1,146,True,8,0.9999999982844563,0.001739029233100945,0.00011736432652052454,0.08615574349419793
images17_tol0.001_seed1,147,True,8,0.9999999996775908,0.0010143014800453498,5.165180561723001e-05,0.09477131784361773
images17_tol0.001_seed1,148,True,8,0.9999999942100084,0.0010449971036014635,0.0002154636478278443,0.10424844962797951
images17_tol0.001_seed1,149,True,8,0.9999999837692346,0.001992445218858578,0.00036045922137634644,0.11467329459077746
images17_tol0.001_seed1,150,True,8,0.9999999718943027,0.0021992773058823753,0.0004742241255872531,0.1261406240498552
images17_tol0.001_seed1,151,True,8,0.9999999634171853,0.0014104934062224158,0.0005409889699704219,0.13875468645484074
images17_tol0.001_seed1,152,True,8,0.9999999639973235,0.0010698499405200263,0.000536680290386177,0.15
images17_tol0.001_seed1,153,True,8,0.9999999742678777,0.0017670848365870695,0.00045375113642116165,0.15
images17_tol0.001_seed1,154,True,8,0.9999999872786324,0.001644972840897937,0.0003191072305161915,0.15
images17_tol0.001_seed1,155,True,8,0.9999999971100064,0.00048439371953545217,0.00015222748261124335,0.15
images17_tol0.001_seed2,0,False,7,2.9003495719258447,5.834308033150843,5.827362708691119,0.025
images17_tol0.001_seed2,1,False,7,2.880093837495881,5.80221355138601,5.7981137624235135,0.025
images17_tol0.001_seed2,2,False,7,2.8399914912909336,5.738195756450389,5.739746525813601,0.025
images17_tol0.001_seed2,3,False,7,2.7808533972662093,5.64261115631891,5.6525246959471165,0.025
images17_tol0.001_seed2,4,False,7,2.7038958538376208,5.527146266508794,5.536884439692354,0.025
images17_tol0.001_seed2,5,False,7,2.61077187673399,5.4035293675114575,5.3935656870353705,0.025
images17_tol0.001_seed2,6,False,6,2.5192629844260015,5.358832280180903,5.305295924310374,0.027500000000000004
images17_tol0.001_seed2,7,False,6,2.4314615659624788,5.195203656942793,5.163181034202428,0.030250000000000006
images17_tol0.001_seed2,8,False,6,2.3062239853045137,4.992955461438211,4.972398183897687,0.033275000000000006
images17_tol0.001_seed2,9,False,6,2.1405205895706927,4.742110433141786,4.724287233537067,0.03660250000000001
images17_tol0.001_seed2,10,False,6,1.9331502264080087,4.429862127316761,4.408909208943057,0.040262750000000014
images17_tol0.001_seed2,11,False,6,1.686167446921892,4.095214608230737,4.014440052709436,0.04428902500000002
images17_tol0.001_seed2,12,False,7,1.4355167505133144,3.650232007054813,3.567118544879751,0.04871792750000002
images17_tol0.001_seed2,13,False,8,1.228922177176223,3.2432510833630372,1.995535484780347,0.05358972025000003
images17_tol0.001_seed2,14,False,8,1.0977857563772313,2.7006077585602033,1.4321921518421132,0.058948692275000034
images17_tol0.001_seed2,15,False,8,1.0124421528209517,2.17664342711579,0.9133784649115955,0.06484356150250004
images17_tol0.001_seed2,16,False,8,0.9725844568522708,1.6880795238769026,0.5494500701895453,0.07132791765275004
images17_tol0.001_seed2,17,False,8,0.970054623276095,1.30548239574064,0.5702756889649099,0.07846070941802505
images17_tol0.001_seed2,18,False,8,0.970054623276095,1.30548239574064,0.5702756889649099,0.039230354709012524
images17_tol0.001_seed2,19,False,8,0.9701178613747831,1.3064401583740903,0.5674693361824409,0.039230354709012524
images17_tol0.001_seed2,20,False,8,0.9702497373521017,1.3078537781452402,0.5619107909577068,0.039230354709012524
images17_tol0.001_seed2,21,False,8,0.9704610808195719,1.3087229600035852,0.553703814465916,0.039230354709012524
images17_tol0.001_seed2,22,False,8,0.970767401136516,1.314366154046894,0.5430122474285923,0.039230354709012524
images17_tol0.001_seed2,23,False,8,0.9711860156834295,1.4063007118828617,0.5301107156543683,0.039230354709012524
images17_tol0.001_seed2,24,False,8,0.9717949650511757,1.2932825679491002,0.5138236948582943,0.04315339017991378
images17_tol0.001_seed2,25,False,8,0.9726786415823915,1.282313858668769,0.49376754514896903,0.04746872919790516
images17_tol0.001_seed2,26,False,8,0.9739452274730221,1.2701072990694124,0.469882585471514,0.05221560211769568
images17_tol0.001_seed2,27,False,8,0.9757073940057868,1.2591046178236593,0.4428207451052825,0.057437162329465254
images17_tol0.001_seed2,28,False,8,0.9780450244607342,1.2541526436287975,0.4142150581377022,0.06318087856241178
images17_tol0.001_seed2,29,False,8,0.9809708020681293,1.1575074546659876,0.38649964289898847,0.06949896641865297
images17_tol0.001_seed2,30,False,8,0.9844045972166237,1.2649365407137176,0.36227951447438644,0.07644886306051828
images17_tol0.001_seed2,31,False,8,0.988132093347876,1.2284769089052954,0.3433206692759184,0.08409374936657012
images17_tol0.001_seed2,32,False,8,0.9917817682376894,1.2481994049029943,0.32901958473072634,0.09250312430322713
images17_tol0.001_seed2,33,False,8,0.9948500444937779,1.239585676125664,0.3152755946226907,0.10175343673354985
images17_tol0.001_seed2,34,False,8,0.9968458756114588,1.224219475344384,0.295715199345073,0.11192878040690485
images17_tol0.001_seed2,35,False,8,0.9975301246591937,1.2274720121948643,0.26552913853533944,0.12312165844759534
images17_tol0.001_seed2,36,False,8,0.9970065591432372,0.9753722465363024,0.2267423073547562,0.1354338242923549
images17_tol0.001_seed2,37,False,8,0.9957347029117679,0.9628814923614928,0.1990855227944311,0.1489772067215904
images17_tol0.001_seed2,38,False,8,0.9943075200347021,1.5807715415867627,0.21383897702553956,0.15
images17_tol0.001_seed2,39,False,8,0.992704544901304,1.6626929435285787,0.26345529830648995,0.15
images17_tol0.001_seed2,40,False,8,0.9903802113403062,1.0831428275843564,0.31931467340296815,0.15
images17_tol0.001_seed2,41,False,8,0.9866250013252379,0.8528509290054064,0.36795366080294,0.15
images17_tol0.001_seed2,42,False,8,0.9815638244582473,1.2864627606725705,0.405710750772761,0.15
images17_tol0.001_seed2,43,False,9,0.9804144069928024,1.5407964953004931,0.3914045690327139,0.15
images17_tol0.001_seed2,44,False,9,0.980558696946573,1.1916663288779439,0.3933585120361749,0.15
images17_tol0.001_seed2,45,False,9,0.9819892023896389,0.7570275364541676,0.3950217858435035,0.15
images17_tol0.001_seed2,46,False,9,0.9845419171486781,0.9486218574059945,0.3857901352086273,0.15
images17_tol0.001_seed2,47,False,9,0.9845419171486781,0.9486218574059945,0.3857901352086273,0.075
images17_tol0.001_seed2,48,False,9,0.9847090868277212,0.8481110903823516,0.3816602808312601,0.075
images17_tol0.001_seed2,49,False,9,0.9850386010649578,0.6994418834488609,0.3736563042576211,0.075
images17_tol0.001_seed2,50,True,9,0.9855239137454995,0.6414478196122825,0.3622194661590183,0.075
images17_tol0.001_seed2,51,True,9,0.9855972075738175,0.6407139238231672,0.36128381076019744,0.025
images17_tol0.001_seed2,52,True,9,0.985743066212777,0.6392546684131566,0.3594141136809514,0.025
images17_tol0.001_seed2,53,True,9,0.9859600892542106,0.6370874711116754,0.3566129573291652,0.025
images17_tol0.001_seed2,54,True,9,0.9862462579171899,0.6342388006312051,0.35288337379319945,0.025
images17_tol0.001_seed2,55,True,9,0.9865989783360513,0.6307442239579122,0.3482284923601531,0.025
images17_tol0.001_seed2,56,True,9,0.9870563553359113,0.6262393226300261,0.34209345824352044,0.027500000000000004
images17_tol0.001_seed2,57,True,9,0.987637737793849,0.6205597564898587,0.33412540426510634,0.030250000000000006
images17_tol0.001_seed2,58,True,9,0.9883630077200307,0.6135521840577293,0.3239007815553076,0.033275000000000006
images17_tol0.001_seed2,59,True,9,0.9892505131163122,0.6051007098032151,0.3109200466022704,0.03660250000000001
images17_tol0.001_seed2,60,True,9,0.990313308652785,0.5951698587149861,0.294614009565877,0.040262750000000014
images17_tol0.001_seed2,61,True,9,0.9915528823837579,0.5838687699877657,0.2743774144038755,0.04428902500000002
images17_tol0.001_seed2,62,True,9,0.9929502520821478,0.5715304146529331,0.2496486663901299,0.04871792750000002
images17_tol0.001_seed2,63,True,9,0.9944570605402382,0.558769620364667,0.22003158210253548,0.05358972025000003
images17_tol0.001_seed2,64,True,9,0.9959921712699178,0.546371962885582,0.1854110184748426,0.058948692275000034
images17_tol0.001_seed2,65,True,9,0.9974462483469821,0.4671452834063208,0.1460452072783077,0.06484356150250004
images17_tol0.001_seed2,66,True,9,0.9986948018781603,0.4872701985146308,0.10263260685956888,0.07132791765275004
images17_tol0.001_seed2,67,True,9,0.9996016397241599,0.522685990837386,0.05754617367898934,0.07846070941802505
images17_tol0.001_seed2,68,True,9,1.0000345226108394,0.5117355646383598,0.027904936085914215,0.08630678035982756
images17_tol0.001_seed2,69,True,9,0.9999077940333793,0.44210976906238775,0.05756103329334829,0.09493745839581032
images17_tol0.001_seed2,70,True,9,0.9992375545774498,0.3728474695560646,0.10015621569989924,0.10443120423539136
images17_tol0.001_seed2,71,True,9,0.9981884873288186,0.3972661941844254,0.1366543353491818,0.11487432465893051
images17_tol0.001_seed2,72,True,9,0.9970974916569584,0.42366147076605265,0.16139251638528124,0.12636175712482356
images17_tol0.001_seed2,73,True,9,0.9964757978579587,0.35584003759647953,0.16983091789370247,0.13899793283730594
images17_tol0.001_seed2,74,True,9,0.9968005879578924,0.2188281825051405,0.15990228851065816,0.15
images17_tol0.001_seed2,75,True,9,0.9979479003752776,0.2960727341543488,0.1348894092539359,0.15
images17_tol0.001_seed2,76,True,9,0.9992405887710311,0.2650438218314735,0.09983510597353523,0.15
images17_tol0.001_seed2,77,True,9,1.0000244722608316,0.23523870989648343,0.06206701157451686,0.15
images17_tol0.001_seed2,78,True,9,1.0000584409017916,0.2877792709478752,0.04322004800591063,0.15
images17_tol0.001_seed2,79,True,9,0.9995296856914831,0.3098354431544815,0.06539058504014898,0.15
images17_tol0.001_seed2,80,True,9,0.9988282388292797,0.3050269507727666,0.09691684957755745,0.15
images17_tol0.001_seed2,81,True,9,0.9983218744832708,0.2881629637115895,0.11953477973884954,0.15
images17_tol0.001_seed2,82,True,9,0.9982156570708126,0.3344050245341548,0.12714529754671636,0.15
images17_tol0.001_seed2,83,True,9,0.9985054197753601,0.33994566880995347,0.11818679559405787,0.15
images17_tol0.001_seed2,84,True,9,0.9990348904445323,0.26743526138540097,0.09446750359165494,0.15
images17_tol0.001_seed2,85,True,9,0.9995810028907862,0.20044474505912532,0.0603701039757198,0.15
images17_tol0.001_seed2,86,True,9,0.9999365816365997,0.20857213239710024,0.022671076933105782,0.15
images17_tol0.001_seed2,87,True,9,0.9999365816365997,0.20857213239710024,0.022671076933105782,0.075
images17_tol0.001_seed2,88,True,9,0.9999393711994672,0.19917774618431833,0.022155125897751673,0.075
images17_tol0.001_seed2,89,True,9,0.9999447195407,0.18101014403150179,0.021134004479249135,0.075
images17_tol0.001_seed2,90,True,9,0.9999521990744851,0.15534668043062458,0.019625132456998026,0.075
images17_tol0.001_seed2,91,True,9,0.9999612096159012,0.12430238872005847,0.017651196768043796,0.075
images17_tol0.001_seed2,92,True,9,0.9999709600086509,0.10489797804862581,0.015250892214411643,0.075
images17_tol0.001_seed2,93,True,9,0.9999812872839006,0.11626848055880602,0.012235724883518262,0.0825
images17_tol0.001_seed2,94,True,9,0.9999906948691297,0.11703531999608395,0.008661400740919246,0.09075000000000001
images17_tol0.001_seed2,95,True,9,0.9999974526270767,0.12122150694427347,0.004700508205131617,0.09982500000000002
images17_tol0.001_seed2,96,True,9,1.000000110717512,0.11540443907827294,0.0013944084531239108,0.10980750000000003
images17_tol0.001_seed2,97,True,9,0.9999980422975707,0.12438356050880811,0.004344787463327155,0.12078825000000004
images17_tol0.001_seed2,98,True,9,0.9999920604835844,0.14111610888301926,0.008124441742933855,0.13286707500000006
images17_tol0.001_seed2,99,True,9,0.9999847002658133,0.11751865592121476,0.011111259801563092,0.14615378250000008
images17_tol0.001_seed2,100,True,9,0.999979957763628,0.12176922158961825,0.012665618852484892,0.15
images17_tol0.001_seed2,101,True,9,0.9999798554740126,0.16893022474730854,0.012702421779563959,0.15
images17_tol0.001_seed2,102,True,9,0.9999838306803228,0.1871832091355201,0.011419044944506018,0.15
images17_tol0.001_seed2,103,True,9,0.9999899104953187,0.1545364307949614,0.009082082335898745,0.15
images17_tol0.001_seed2,104,True,9,0.9999957229494164,0.172483187620704,0.005997889268262391,0.15
images17_tol0.001_seed2,105,True,9,0.9999993263559693,0.11910228482028104,0.0025358517039310398,0.15
images17_tol0.001_seed2,106,True,9,0.9999998631820036,0.12442423696538034,0.0011580634804330549,0.15
images17_tol0.001_seed2,107,True,9,0.9999998631820036,0.12442423696538034,0.0011580634804330549,0.075
images17_tol0.001_seed2,108,True,9,0.999999868827493,0.11122295769773838,0.0011288507434360395,0.075
images17_tol0.001_seed2,109,True,9,0.999999879732858,0.08640351132374684,0.0010712219756218453,0.075
images17_tol0.001_seed2,110,True,9,0.9999998952338565,0.05304702160388594,0.0009862855269599851,0.075
images17_tol0.001_seed2,111,True,9,0.9999999145183502,0.031260094828278025,0.0008746946069428859,0.075
images17_tol0.001_seed2,112,True,9,0.9999999365719047,0.045807369376767416,0.000736484249727957,0.075
images17_tol0.001_seed2,113,True,9,0.9999999606304761,0.05521194728459904,0.0005656947265554115,0.0825
images17_tol0.001_seed2,114,True,9,0.9999999606304761,0.05521194728459904,0.0005656947265554115,0.04125
images17_tol0.001_seed2,115,True,9,0.9999999611615864,0.05277948592583557,0.0005618034826691583,0.04125
images17_tol0.001_seed2,116,True,9,0.9999999622108702,0.04804506699109825,0.0005540390688092356,0.04125
images17_tol0.001_seed2,117,True,9,0.9999999637553748,0.04128417499345031,0.0005424172618861627,0.04125
images17_tol0.001_seed2,118,True,9,0.9999999657651547,0.03295846732446258,0.0005269286095296698,0.04125
images17_tol0.001_seed2,119,True,9,0.9999999682061136,0.024737635184215952,0.0005075114181733858,0.04125
images17_tol0.001_seed2,120,True,9,0.9999999713174584,0.01988216696028649,0.0004816804018885294,0.045375000000000006
images17_tol0.001_seed2,121,True,9,0.9999999751721507,0.018158540351860843,0.00044770981286588384,0.04991250000000001
images17_tol0.001_seed2,122,True,9,0.9999999797404815,0.022004921601271935,0.000403930673625393,0.054903750000000015
images17_tol0.001_seed2,123,True,9,0.9999999847441374,0.03074790480083404,0.0003500135156255852,0.06039412500000002
images17_tol0.001_seed2,124,True,9,0.9999999897191908,0.03563514826782443,0.0002869264847716147,0.06643353750000003
images17_tol0.001_seed2,125,True,9,0.9999999941756227,0.03464078394242322,0.0002158971008611064,0.07307689125000004
images17_tol0.001_seed2,126,True,9,0.9999999976381293,0.02683338906901875,0.0001384796112419087,0.08038458037500006
images17_tol0.001_seed2,127,True,9,0.9999999996659131,0.018455701473188407,5.882812444838096e-05,0.08842303841250007
images17_tol0.001_seed2,128,True,9,0.9999999999249453,0.015269870703309851,4.380660823842036e-05,0.09726534225375008
images17_tol0.001_seed2,129,True,9,0.9999999983714655,0.02544950380395563,0.000120786237981499,0.1069918764791251
images17_tol0.001_seed2,130,True,9,0.9999999954565741,0.029030398813205485,0.00019415781245190865,0.11769106412703761
images17_tol0.001_seed2,131,True,9,0.9999999921220009,0.01734227441683991,0.00025258748877368887,0.12946017053974138
images17_tol0.001_seed2,132,True,9,0.9999999897416674,0.0199007515652708,0.0002867843550149206,0.14240618759371554
images17_tol0.001_seed2,133,True,9,0.9999999896687597,0.028327833133558588,0.00028751361710172815,0.15
images17_tol0.001_seed2,134,True,9,0.9999999917235219,0.028981167530299754,0.0002579974846441536,0.15
images17_tol0.001_seed2,135,True,9,0.9999999948571079,0.02089700687473831,0.00020485017705830616,0.15
images17_tol0.001_seed2,136,True,9,0.9999999978608857,0.020540862519895984,0.00013457806105744786,0.15
images17_tol0.001_seed2,137,True,9,0.9999999996894181,0.032776872229222785,5.691437765923975e-05,0.15
images17_tol0.001_seed2,138,True,9,0.9999999999283983,0.026499322552536644,3.0020542651405928e-05,0.15
images17_tol0.001_seed2,139,True,9,0.9999999988628956,0.02330295071718742,9.555867735587745e-05,0.15
images17_tol0.001_seed2,140,True,9,0.9999999972229225,0.023579641143103482,0.00014919897628964753,0.15
images17_tol0.001_seed2,141,True,9,0.9999999958210137,0.03403971735754673,0.0001836123627001783,0.15
images17_tol0.001_seed2,142,True,9,0.9999999951966865,0.022783818803447764,0.00019736046870848353,0.15
images17_tol0.001_seed2,143,True,9,0.9999999955276532,0.028309442383629965,0.00019068642204788172,0.15
images17_tol0.001_seed2,144,True,9,0.9999999966249559,0.02857880436076378,0.00016559971976467557,0.15
images17_tol0.001_seed2,145,True,9,0.9999999980261975,0.036472632580704684,0.00012636562642777112,0.15
images17_tol0.001_seed2,146,True,9,0.9999999992386929,0.0219176878009606,7.815135147212257e-05,0.15
images17_tol0.001_seed2,147,True,9,0.9999999999140616,0.032317976218562396,2.6718981275568987e-05,0.15
images17_tol0.001_seed2,148,True,9,0.9999999999349909,0.033025805602555136,2.61131989797549e-05,0.15
images17_tol0.001_seed2,149,True,9,0.9999999994297494,0.03991766045797807,6.973222695730606e-05,0.15
images17_tol0.001_seed2,150,True,9,0.9999999986898287,0.023310740961270494,0.00010401417013961648,0.15
images17_tol0.001_seed2,151,True,9,0.999999998050457,0.03475340145486447,0.00012588711730960448,0.15
images17_tol0.001_seed2,152,True,9,0.9999999977641455,0.036087791806073,0.00013415309580888416,0.15
images17_tol0.001_seed2,153,True,9,0.9999999979102495,0.04306119548876352,0.00012934797117717016,0.15
images17_tol0.001_seed2,154,True,9,0.9999999984072588,0.02525982290101805,0.00011293337141094543,0.15
images17_tol0.001_seed2,155,True,9,0.9999999990622696,0.035654984564767934,8.711441953291858e-05,0.15
images17_tol0.001_seed2,156,True,9,0.9999999996402038,0.03921304576847983,5.5198369366058094e-05,0.15
images17_tol0.001_seed2,157,True,9,0.9999999999641057,0.04685229820605997,2.1947105824067708e-05,0.15
images17_tol0.001_seed2,158,True,9,0.9999999999742619,0.027507097215444837,1.885173010841882e-05,0.15
images17_tol0.001_seed2,159,True,9,0.9999999997285502,0.03368063311687722,4.732530070092664e-05,0.15
images17_tol0.001_seed2,160,True,9,0.9999999993681046,0.041054890159519575,7.116138983167537e-05,0.15
images17_tol0.001_seed2,161,True,9,0.999999999048088,0.050331706349046546,8.730151747193172e-05,0.15
images17_tol0.001_seed2,162,True,9,0.9999999988893418,0.031296239707253586,9.453069997369534e-05,0.15
images17_tol0.001_seed2,163,True,9,0.9999999989483619,0.029507266584202153,9.227257272176078e-05,0.15
images17_tol0.001_seed2,164,True,9,0.9999999991914001,0.04127799900923369,8.115228035062249e-05,0.15
images17_tol0.001_seed2,165,True,9,0.9999999991914001,0.04127799900923369,8.115228035062249e-05,0.075
images17_tol0.001_seed2,166,True,9,0.999999999227157,0.0361396010794096,7.930476653593359e-05,0.075
images17_tol0.001_seed2,167,True,9,0.9999999992959052,0.02650906467589368,7.563238374833444e-05,0.075
images17_tol0.001_seed2,168,True,9,0.9999999993934378,0.013629682005569996,7.011036436653932e-05,0.075
images17_tol0.001_seed2,169,True,9,0.9999999995180803,0.0032247603361503833,6.238361931133337e-05,0.075
images17_tol0.001_seed2,170,True,9,0.9999999995180803,0.0032247603361503833,6.238361931133337e-05,0.0375
images17_tol0.001_seed2,171,True,9,0.999999999523469,0.003154677036094983,6.203050253825573e-05,0.0375
images17_tol0.001_seed2,172,True,9,0.9999999995341299,0.003019020818570716,6.132604000777673e-05,0.0375
images17_tol0.001_seed2,173,True,9,0.9999999995498412,0.0028272865810084116,6.027327337780253e-05,0.0375
images17_tol0.001_seed2,174,True,9,0.9999999995702819,0.0025946249955155253,5.8876195603618375e-05,0.0375
images17_tol0.001_seed2,175,True,9,0.9999999995950374,0.0023425940510343516,5.7139754297295594e-05,0.0375
images17_tol0.001_seed2,176,True,9,0.9999999996263956,0.002272491111953432,5.4863473114802225e-05,0.04125
images17_tol0.001_seed2,177,True,9,0.9999999996649527,0.0022094631807679428,5.193173793237251e-05,0.045375000000000006
images17_tol0.001_seed2,178,True,9,0.99999999971081,0.002128626120188078,4.8219563706374135e-05,0.04991250000000001
images17_tol0.001_seed2,179,True,9,0.9999999997631774,0.0020264457939507662,4.3605519369229786e-05,0.054903750000000015
images17_tol0.001_seed2,180,True,9,0.9999999998199435,0.0018994097532900895,3.799179549579048e-05,0.06039412500000002
images17_tol0.001_seed2,181,True,9,0.9999999998774092,0.00186981999482009,3.132449140582979e-05,0.06643353750000003
images17_tol0.001_seed2,182,True,9,0.9999999999303313,0.0017286473483021805,2.361084101871718e-05,0.07307689125000004
images17_tol0.001_seed2,183,True,9,0.9999999999722929,0.0013613545750638697,1.495123424044385e-05,0.08038458037500006
images17_tol0.001_seed2,184,True,9,0.9999999999965419,0.0011492643452930137,5.719978427537417e-06,0.08842303841250007
images17_tol0.001_seed2,185,True,9,0.9999999999978622,0.001172820572509712,5.002192088118563e-06,0.09726534225375008
images17_tol0.001_seed2,186,True,9,0.9999999999760885,0.0015632905823649303,1.4131922445394231e-05,0.1069918764791251
images17_tol0.001_seed2,187,True,9,0.9999999999396031,0.0013571888476583225,2.211170019183254e-05,0.11769106412703761
images17_tol0.001_seed2,188,True,9,0.9999999999064476,0.0009519514539460329,2.7387367232247745e-05,0.12946017053974138
images17_tol0.001_seed3,0,False,7,2.8525522701392867,5.797774290351966,5.742583828107204,0.025
images17_tol0.001_seed3,1,False,7,2.832008266573915,5.752297234260737,5.715979601322966,0.025
images17_tol0.001_seed3,2,False,7,2.791307374968146,5.658078462913377,5.66289298207161,0.025
images17_tol0.001_seed3,3,False,7,2.731225422726599,5.577743058289348,5.583575418452005,0.025
images17_tol0.001_seed3,4,False,7,2.6529356846952785,5.471259859346698,5.478432141860578,0.025
images17_tol0.001_seed3,5,False,7,2.5580561663726717,5.339268871166063,5.348110633202457,0.025
images17_tol0.001_seed3,6,False,7,2.437753776523575,5.166766396062462,5.1778873920967925,0.027500000000000004
images17_tol0.001_seed3,7,False,8,2.302063427188509,4.9331132967602676,4.7058923616369315,0.030250000000000006
images17_tol0.001_seed3,8,False,8,2.140386149157611,4.630215864871254,4.42588149256797,0.033275000000000006
images17_tol0.001_seed3,9,False,8,1.955021818093206,4.3566999327618205,4.0760314810586875,0.03660250000000001
images17_tol0.001_seed3,10,False,8,1.7517557876897372,4.280453394957025,3.6465777163923034,0.040262750000000014
images17_tol0.001_seed3,11,False,8,1.5406377712063213,4.071400943711415,3.1293002641842516,0.04428902500000002
images17_tol0.001_seed3,12,False,9,1.3444939501362034,3.6299017980480452,2.595407310228321,0.04871792750000002
images17_tol0.001_seed3,13,False,9,1.18959641919967,3.1351691464170144,1.9959708877517413,0.05358972025000003
images17_tol0.001_seed3,14,False,9,1.075214862459203,2.8911634316143298,1.3924108909820923,0.058948692275000034
images17_tol0.001_seed3,15,False,9,1.006986530359472,2.445528282470916,0.830395777393312,0.06484356150250004
images17_tol0.001_seed3,16,False,8,0.98601295408391,2.4960677646818943,0.33734002231022164,0.07132791765275004
images17_tol0.001_seed3,17,False,8,1.005631085672014,2.4871115702012387,0.5862928912390775,0.07846070941802505
images17_tol0.001_seed3,18,False,8,1.005631085672014,2.4871115702012387,0.5862928912390775,0.039230354709012524
images17_tol0.001_seed3,19,False,8,1.0051478750144067,2.4138227189984907,0.5810966785417572,0.039230354709012524
images17_tol0.001_seed3,20,False,8,1.0042026388735732,2.2677163825756157,0.5708391198402597,0.039230354709012524
images17_tol0.001_seed3,21,False,8,1.002838078062201,2.045211146157177,0.5558044116276332,0.039230354709012524
images17_tol0.001_seed3,22,False,8,1.0011220937792242,1.7410625256557837,0.536495666240078,0.039230354709012524
images17_tol0.001_seed3,23,False,8,0.9991232688196008,1.5141520836772648,0.5133956585240245,0.039230354709012524
images17_tol0.001_seed3,24,False,8,0.9967081151397551,1.2203353648096231,0.48454951336616997,0.04315339017991378
images17_tol0.001_seed3,25,False,8,0.9939225430097144,0.8875237983645154,0.44990147078122944,0.04746872919790516
images17_tol0.001_seed3,26,False,8,0.9909215083102392,0.642037334504241,0.41084595922228395,0.05221560211769568
images17_tol0.001_seed3,27,False,8,0.9880911228842731,0.9464426166173536,0.37284401134632794,0.057437162329465254
images17_tol0.001_seed3,28,False,8,0.9880911228842731,0.9464426166173536,0.37284401134632794,0.028718581164732627
images17_tol0.001_seed3,29,False,8,0.9880696414413336,0.9308880025347124,0.37213689623470586,0.028718581164732627
images17_tol0.001_seed3,30,False,8,0.9880276108550361,0.8999783873354077,0.37073598613491,0.028718581164732627
images17_tol0.001_seed3,31,False,8,0.9879668614322537,0.8541582469207941,0.3686663768587874,0.028718581164732627
images17_tol0.001_seed3,32,False,8,0.9878900770471554,0.794209562212677,0.36596344065599035,0.028718581164732627
images17_tol0.001_seed3,33,False,8,0.9878007526627853,0.7214048504641439,0.36267139963247613,0.028718581164732627
images17_tol0.001_seed3,34,False,8,0.9876938372203818,0.629463802037996,0.3584664172298366,0.03159043928120589
images17_tol0.001_seed3,35,False,8,0.9875732463197753,0.5188359847777312,0.35323041747251366,0.034749483209326484
images17_tol0.001_seed3,36,False,8,0.9874486578774105,0.39705683763232247,0.34688384370845904,0.03822443153025914
images17_tol0.001_seed3,37,False,8,0.9873394536059926,0.29280594165449825,0.33944171644932847,0.04204687468328506
images17_tol0.001_seed3,38,False,8,0.9872798727744341,0.27266180312905114,0.3311387395191778,0.046251562151613565
images17_tol0.001_seed3,39,False,8,0.987319360878098,0.3505721593426264,0.32262238938285137,0.050876718366774924
images17_tol0.001_seed3,40,False,8,0.9875094899551616,0.4462585937842937,0.31489661700859495,0.055964390203452424
images17_tol0.001_seed3,41,False,8,0.9878901172635514,0.504320637505469,0.3089059946482271,0.06156082922379767
images17_tol0.001_seed3,42,False,8,0.9884824362050073,0.49868463488682563,0.30517265699951707,0.06771691214617745
images17_tol0.001_seed3,43,False,8,0.9892809653703195,0.4165557385103994,0.3035139294666845,0.0744886033607952
images17_tol0.001_seed3,44,False,8,0.9902416615687832,0.27683359521176654,0.3027934659622443,0.08193746369687473
images17_tol0.001_seed3,45,False,8,0.9912699889496035,0.2572511092401844,0.30083370625674655,0.0901312100665622
images17_tol0.001_seed3,46,False,8,0.9922287825029538,0.254596337438503,0.2949707246698538,0.09914433107321843
images17_tol0.001_seed3,47,False,8,0.9929944945720296,0.3865587690471389,0.28337793282327756,0.10905876418054028
images17_tol0.001_seed3,48,False,8,0.9935071109422124,0.43818896690782777,0.26570958962213614,0.11996464059859431
images17_tol0.001_seed3,49,False,8,0.9937946550914888,0.35906966610031976,0.24395790980936868,0.13196110465845376
images17_tol0.001_seed3,50,True,8,0.9939855899396007,0.3449614311852572,0.22388355145224326,0.14515721512429916
images17_tol0.001_seed3,51,True,8,0.9940159611750258,0.34063726690956203,0.22332290596351145,0.025
images17_tol0.001_seed3,52,True,8,0.9940764165982288,0.332073464512564,0.22220241678144545,0.025
images17_tol0.001_seed3,53,True,8,0.9941664263936602,0.31944547834793463,0.22052288670604986,0.025
images17_tol0.001_seed3,54,True,8,0.9942852587447747,0.30302878555818363,0.2182843804198304,0.025
images17_tol0.001_seed3,55,True,8,0.9944320151306654,0.28321202695338543,0.21548554449412605,0.025
images17_tol0.001_seed3,56,True,8,0.9946228689523108,0.2582707199541016,0.21178667948049376,0.027500000000000004
images17_tol0.001_seed3,57,True,8,0.9948664534783279,0.22803333573486112,0.20696359837734982,0.030250000000000006
images17_tol0.001_seed3,58,True,8,0.9951720005605883,0.20073965655726375,0.20073965655726378,0.033275000000000006
images17_tol0.001_seed3,59,True,8,0.9955485607901471,0.19277692572476135,0.1927769257247614,0.03660250000000001
images17_tol0.001_seed3,60,True,8,0.9960032105627799,0.18267681052707613,0.18267681052707616,0.040262750000000014
images17_tol0.001_seed3,61,True,8,0.9965372966400335,0.17001317562260038,0.1700131756226004,0.04428902500000002
images17_tol0.001_seed3,62,True,8,0.9971405198574084,0.15442352274918147,0.1544235227491815,0.04871792750000002
images17_tol0.001_seed3,63,True,8,0.9977866031797674,0.1399788136420315,0.1357112154713067,0.05358972025000003
images17_tol0.001_seed3,64,True,8,0.9984351211866859,0.1537370996416966,0.1138557807162698,0.058948692275000034
images17_tol0.001_seed3,65,True,8,0.999036361339298,0.14854544464655225,0.08897313810489912,0.06484356150250004
images17_tol0.001_seed3,66,True,8,0.9995350744009975,0.14655230203040584,0.06135073232046631,0.07132791765275004
images17_tol0.001_seed3,67,True,8,0.9998744379271676,0.14262204810990095,0.03173821765586122,0.07846070941802505
images17_tol0.001_seed3,68,True,8,1.000004431889624,0.1284674246246104,0.008533467068673221,0.08630678035982756
images17_tol0.001_seed3,69,True,8,0.9998996030397796,0.10201652685288361,0.03368449121032128,0.09493745839581032
images17_tol0.001_seed3,70,True,8,0.999581706718054,0.1253243244014865,0.06255655991844061,0.10443120423539136
images17_tol0.001_seed3,71,True,8,0.9991333446093824,0.11019360569751153,0.08714211316591883,0.11487432465893051
images17_tol0.001_seed3,72,True,8,0.9987037131515324,0.1042441594517313,0.10424415945173136,0.12636175712482356
images17_tol0.001_seed3,73,True,8,0.9984855810627136,0.11266555548399994,0.11078454727011536,0.13899793283730594
images17_tol0.001_seed3,74,True,8,0.9986109789009975,0.1254002203743989,0.10531808994142554,0.15
images17_tol0.001_seed3,75,True,8,0.9990250502212039,0.1225939894612398,0.08925962464966589,0.15
images17_tol0.001_seed3,76,True,8,0.9995296892873813,0.12573975876818486,0.06532954696224869,0.15
images17_tol0.001_seed3,77,True,8,0.9999042324043782,0.12614789699192477,0.03748533824589415,0.15
images17_tol0.001_seed3,78,True,8,1.0000191840608479,0.11489664837688895,0.017643153073422846,0.15
images17_tol0.001_seed3,79,True,8,0.99988762535068,0.11671263027608872,0.03267874750528864,0.15
images17_tol0.001_seed3,80,True,8,0.9996265256021915,0.1366437393093298,0.05468933904119987,0.15
images17_tol0.001_seed3,81,True,8,0.9993833045552668,0.13482516969017427,0.07068267928593693,0.15
images17_tol0.001_seed3,82,True,8,0.9992635388579579,0.12128450615336973,0.0782817046005229,0.15
images17_tol0.001_seed3,83,True,8,0.9993034024921748,0.10726308592970875,0.07692372266644575,0.15
images17_tol0.001_seed3,84,True,8,0.9994742430446294,0.11482590623094131,0.06708339118840162,0.15
images17_tol0.001_seed3,85,True,8,0.9996998708819976,0.12577404132656142,0.05043328053808688,0.15
images17_tol0.001_seed3,86,True,8,0.9998927203664247,0.14218274450742413,0.029650341393259134,0.15
images17_tol0.001_seed3,87,True,8,0.9999927570289768,0.12887719186432492,0.00822720089568235,0.15
images17_tol0.001_seed3,88,True,8,0.9999825871553171,0.13169766864871787,0.015168716949455601,0.15
images17_tol0.001_seed3,89,True,8,0.9998870173544584,0.11870697664195456,0.03292893570111385,0.15
images17_tol0.001_seed3,90,True,8,0.9997594040876813,0.16375610809108068,0.04615900698755744,0.15
images17_tol0.001_seed3,91,True,8,0.9996567537745015,0.17784543491069826,0.05388315250415719,0.15
images17_tol0.001_seed3,92,True,8,0.9996192969642046,0.17594629214019133,0.05587463286411322,0.15
images17_tol0.001_seed3,93,True,8,0.999659504760962,0.1434746290418241,0.05233082778476311,0.15
images17_tol0.001_seed3,94,True,8,0.9997590814332475,0.1441522953693276,0.04390578368991327,0.15
images17_tol0.001_seed3,95,True,8,0.9998760004589042,0.21918179870378354,0.03191839298301773,0.15
images17_tol0.001_seed3,96,True,8,0.9999663611068536,0.21640364174780627,0.01826512135567932,0.15
images17_tol0.001_seed3,97,True,8,1.000003108016362,0.2013317741661911,0.007658068616007211,0.15
images17_tol0.001_seed3,98,True,8,0.9999824696799468,0.1215919579785354,0.014480052625162372,0.15
images17_tol0.001_seed3,99,True,8,0.9999232533422114,0.19582355998212314,0.025443282319763907,0.15
images17_tol0.001_seed3,100,True,8,0.9999232533422114,0.19582355998212314,0.025443282319763907,0.075
images17_tol0.001_seed3,101,True,8,0.9999265741017994,0.17992913335195682,0.02484994366008588,0.075
images17_tol0.001_seed3,102,True,8,0.9999329555215299,0.14944059684498648,0.023676298222144558,0.075
images17_tol0.001_seed3,103,True,8,0.9999419315893915,0.10694946396021442,0.02194052259112425,0.075
images17_tol0.001_seed3,104,True,8,0.9999528892103493,0.060159863319853846,0.019655191500928284,0.075
images17_tol0.001_seed3,105,True,8,0.9999650570462243,0.04605179018866348,0.016824552788879742,0.075
images17_tol0.001_seed3,106,True,8,0.9999781878350934,0.06564385642596501,0.013218714062287062,0.0825
images17_tol0.001_seed3,107,True,8,0.999989862038832,0.09524532551703332,0.009054605958353534,0.09075000000000001
images17_tol0.001_seed3,108,True,8,0.9999977994619618,0.11891365302206887,0.004765307962714896,0.09982500000000002
images17_tol0.001_seed3,109,True,8,1.0000004291885756,0.1170544940723089,0.0027362194468583787,0.10980750000000003
images17_tol0.001_seed3,110,True,8,0.9999971936778422,0.0855643176547871,0.006133112971712064,0.12078825000000004
images17_tol0.001_seed3,111,True,8,0.9999891611179251,0.057190380672588526,0.010069111478730063,0.13286707500000006
images17_tol0.001_seed3,112,True,8,0.9999796973841212,0.06474579299387305,0.013085282396004542,0.14615378250000008
images17_tol0.001_seed3,113,True,8,0.9999796973841212,0.06474579299387305,0.013085282396004542,0.07307689125000004
images17_tol0.001_seed3,114,True,8,0.9999805427989354,0.057687344250208265,0.012796483668562168,0.07307689125000004
images17_tol0.001_seed3,115,True,8,0.9999821698770842,0.04442005565243042,0.01222387938284321,0.07307689125000004
images17_tol0.001_seed3,116,True,8,0.9999844682665625,0.027640641642055302,0.011372300002305831,0.07307689125000004
images17_tol0.001_seed3,117,True,8,0.9999872993970984,0.01569237804771254,0.010239100293261335,0.07307689125000004
images17_tol0.001_seed3,118,True,8,0.9999904655363103,0.019710965893627135,0.008823395007499839,0.07307689125000004
images17_tol0.001_seed3,119,True,8,0.99999382509368,0.03126006776884412,0.007055331195224872,0.08038458037500006
images17_tol0.001_seed3,120,True,8,0.9999968365759317,0.0400278165292564,0.005031117771421899,0.08842303841250007
images17_tol0.001_seed3,121,True,8,0.9999990337302577,0.03933659685362943,0.002877964224758937,0.09726534225375008
images17_tol0.001_seed3,122,True,8,1.0000000475545663,0.02805058069905198,0.0011837211701153515,0.1069918764791251
images17_tol0.001_seed3,123,True,8,0.9999996723382932,0.020123922628580516,0.0023802032093806313,0.11769106412703761
images17_tol0.001_seed3,124,True,8,0.9999980500848864,0.020911025229464548,0.004353388802605664,0.12946017053974138
images17_tol0.001_seed3,125,True,8,0.9999980500848864,0.020911025229464548,0.004353388802605664,0.06473008526987069
images17_tol0.001_seed3,126,True,8,0.9999981101955074,0.01928775557111412,0.004271854790206596,0.06473008526987069
images17_tol0.001_seed3,127,True,8,0.9999982274271025,0.0161659123231681,0.0041103498871618025,0.06473008526987069
images17_tol0.001_seed3,128,True,8,0.9999983967893075,0.011786720537168316,0.0038707540579847083,0.06473008526987069
images17_tol0.001_seed3,129,True,8,0.9999986128238731,0.006498364042371569,0.0035529051672814984,0.06473008526987069
images17_tol0.001_seed3,130,True,8,0.9999988724096623,0.004129948610516233,0.003149025049583732,0.06473008526987069
images17_tol0.001_seed3,131,True,8,0.9999991922565142,0.006252773604727468,0.002606013775503847,0.07120309379685777
images17_tol0.001_seed3,132,True,8,0.9999991922565142,0.006252773604727468,0.002606013775503847,0.035601546898428885
images17_tol0.001_seed3,133,True,8,0.9999992002833071,0.006102499568031347,0.0025923738841867896,0.035601546898428885
images17_tol0.001_seed3,134,True,8,0.9999992161906303,0.005806775837938245,0.002565156750588069,0.035601546898428885
images17_tol0.001_seed3,135,True,8,0.9999992397081384,0.005375600087168351,0.0025244537231449743,0.035601546898428885
images17_tol0.001_seed3,136,True,8,0.9999992704621802,0.004824715074851097,0.002470352665838355,0.035601546898428885
images17_tol0.001_seed3,137,True,8,0.9999993079925864,0.004176764574821546,0.002402908892680539,0.035601546898428885
images17_tol0.001_seed3,138,True,8,0.9999993560598127,0.00386713448492587,0.0023140528055510035,0.03916170158827178
images17_tol0.001_seed3,139,True,8,0.999999416108357,0.003780614452329493,0.0021986942924753406,0.04307787174709896
images17_tol0.001_seed3,140,True,8,0.9999994891021925,0.0036689738223911745,0.0020509182796598995,0.04738565892180886
images17_tol0.001_seed3,141,True,8,0.9999995746943775,0.0035266985902898938,0.0018647263887028717,0.052124224813989754
images17_tol0.001_seed3,142,True,8,0.9999996698511825,0.0033490044408235587,0.0016361594774781398,0.05733664729538873
images17_tol0.001_seed3,143,True,8,0.999999768075064,0.0031331856710494614,0.0013654530047554285,0.0630703120249276
images17_tol0.001_seed3,144,True,8,0.9999998603899948,0.003163334995226013,0.0010568346131128153,0.06937734322742037
images17_tol0.001_seed3,145,True,8,0.9999999367366001,0.0030895578777204702,0.0007189011483452804,0.07631507755016241
images17_tol0.001_seed3,146,True,8,0.9999999870081089,0.002478718427914659,0.0003760681915441458,0.08394658530517866
images17_tol0.001_seed3,147,True,8,1.000000002565795,0.0019440912484302657,0.00022019938425871406,0.09234124383569654
images17_tol0.001_seed3,148,True,8,0.999999979671838,0.0018455904413802286,0.0004985041294596022,0.1015753682192662
images17_tol0.001_seed3,149,True,8,0.9999999259323461,0.0027373331370958657,0.0008156507180495149,0.11173290504119283
images17_tol0.001_seed3,150,True,8,0.9999998609903165,0.0029513334891718883,0.001072565954368496,0.12290619554531212
images17_tol0.001_seed3,151,True,8,0.9999998114807795,0.002455377844885889,0.0012307941485489513,0.13519681509984335
images17_tol0.001_seed3,152,True,8,0.9999998054246014,0.0016944446832061664,0.0012487373948412693,0.1487164966098277
images17_tol0.001_seed3,153,True,8,0.999999852979108,0.002196649323839984,0.0010964059624675537,0.15
images17_tol0.001_seed3,154,True,8,0.9999999235195529,0.002214329860211704,0.0008114362989141496,0.15
images17_tol0.001_seed3,155,True,8,0.9999999801922056,0.0016522041958076982,0.00044956235059238,0.15
images17_tol0.001_seed3,156,True,8,1.0000000008309322,0.0011647556704317602,0.00011701340319950639,0.15
images17_tol0.001_seed3,157,True,8,0.9999999837017105,0.0017487728868874944,0.0003624712816477197,0.15
images17_tol0.001_seed3,158,True,8,0.9999999837017105,0.0017487728868874944,0.0003624712816477197,0.075
images17_tol0.001_seed3,159,True,8,0.9999999844250519,0.0015401513628461464,0.00035427475999884155,0.075
images17_tol0.001_seed3,160,True,8,0.9999999858138637,0.0011499403125282905,0.0003379927345105474,0.075
images17_tol0.001_seed3,161,True,8,0.9999999877731822,0.000692078561419295,0.0003136195958037008,0.075
images17_tol1e-05_seed1,0,False,9,2.721889981565939,6.38970616560894,5.476633101431628,0.025
images17_tol1e-05_seed1,1,False,9,2.7033416447289036,6.361728684781117,5.44955325531807,0.025
images17_tol1e-05_seed1,2,False,9,2.6666171909407446,6.305046065080669,5.395524418466546,0.025
images17_tol1e-05_seed1,3,False,9,2.6124505601103074,6.218164401953051,5.314803615841499,0.025
images17_tol1e-05_seed1,4,False,9,2.5419251678406543,6.09874785583806,5.20777617109788,0.025
images17_tol1e-05_seed1,5,False,9,2.456463319374339,5.943539514866862,5.074970419394418,0.025
images17_tol1e-05_seed1,6,False,9,2.3481350498479676,5.728150224422602,4.901304793537949,0.027500000000000004
images17_tol1e-05_seed1,7,False,9,2.214717930458065,5.429886350221466,4.678282073708711,0.030250000000000006
images17_tol1e-05_seed1,8,False,9,2.055376459284475,5.0176058596267765,4.396600912728725,0.033275000000000006
images17_tol1e-05_seed1,9,False,9,1.8713500137956247,4.447607673450085,4.045957948030113,0.03660250000000001
images17_tol1e-05_seed1,10,False,6,1.6831972355476992,4.077936814395705,4.070774512570174,0.040262750000000014
images17_tol1e-05_seed1,11,False,8,1.4934453813500774,3.697762039045785,2.813811014767391,0.04428902500000002
images17_tol1e-05_seed1,12,False,8,1.3232124509003347,3.241736756699811,2.286119459960398,0.04871792750000002
images17_tol1e-05_seed1,13,False,8,1.183186145516342,2.773385821665727,1.734457860046811,0.05358972025000003
images17_tol1e-05_seed1,14,False,8,1.0800756836701526,2.350829809504296,1.1663882246366304,0.058948692275000034
images17_tol1e-05_seed1,15,False,8,1.0219507428569825,2.5117065829966605,0.6442765340778441,0.06484356150250004
images17_tol1e-05_seed1,16,False,8,0.9995144588362846,2.8903950431448497,0.18057502719589352,0.07132791765275004
images17_tol1e-05_seed1,17,False,8,1.0060276852707792,2.9329220317207327,0.33720068562318245,0.07846070941802505
images17_tol1e-05_seed1,18,False,8,1.0060276852707792,2.9329220317207327,0.33720068562318245,0.039230354709012524
images17_tol1e-05_seed1,19,False,8,1.005901963205574,2.8500609903992773,0.33256274068332886,0.039230354709012524
images17_tol1e-05_seed1,20,False,8,1.0056545232196548,2.6848217493213977,0.3233688492401117,0.039230354709012524
images17_tol1e-05_seed1,21,False,8,1.0052929159382904,2.439711258462122,0.3097786111359362,0.039230354709012524
images17_tol1e-05_seed1,22,False,8,1.0048276617488998,2.1226112961384525,0.2920322520305765,0.039230354709012524
images17_tol1e-05_seed1,23,False,8,1.0042715275108656,1.7522878626868716,0.2704604303484581,0.039230354709012524
images17_tol1e-05_seed1,24,False,8,1.0035766465713563,1.33315118996291,0.2430388745826483,0.04315339017991378
images17_tol1e-05_seed1,25,False,8,1.002733802189924,1.1051399293404736,0.20935261585723355,0.04746872919790516
images17_tol1e-05_seed1,26,False,8,1.0017417322086932,0.9449875965316769,0.17005729131263744,0.05221560211769568
images17_tol1e-05_seed1,27,False,8,1.0006218080330185,1.1930373989577607,0.12971493750077054,0.057437162329465254
images17_tol1e-05_seed1,28,False,8,0.9994525867953223,1.4201563354344249,0.10421609074464135,0.06318087856241178
images17_tol1e-05_seed1,29,False,8,0.9994525867953223,1.4201563354344249,0.10421609074464135,0.03159043928120589
images17_tol1e-05_seed1,30,False,8,0.999443532898514,1.3941524894827682,0.10406097106352849,0.03159043928120589
images17_tol1e-05_seed1,31,False,8,0.9994255542333899,1.3420891615150252,0.10376063273894728,0.03159043928120589
images17_tol1e-05_seed1,32,False,8,0.9993988855802197,1.2639986757210044,0.10333438208530471,0.03159043928120589
images17_tol1e-05_seed1,33,False,8,0.9993638404869639,1.16031120819248,0.10281042803322432,0.03159043928120589
images17_tol1e-05_seed1,34,False,8,0.9993207806182314,1.032360393842946,0.10222547477284358,0.03159043928120589
images17_tol1e-05_seed1,35,False,8,0.9992650534701428,0.8682532047241838,0.10157058322620252,0.034749483209326484
images17_tol1e-05_seed1,36,False,8,0.9991942923259948,0.6689971729639242,0.10091741333066231,0.03822443153025914
images17_tol1e-05_seed1,37,False,8,0.9991059402276894,0.45532347486456537,0.10040797639751359,0.04204687468328506
images17_tol1e-05_seed1,38,False,8,0.9989976295372792,0.32229737455836477,0.10029935255188162,0.046251562151613565
images17_tol1e-05_seed1,39,False,8,0.9988697893757686,0.41161956092413887,0.1010003938082842,0.050876718366774924
images17_tol1e-05_seed1,40,False,8,0.998730596401135,0.5867305679224858,0.10294381258753789,0.055964390203452424
images17_tol1e-05_seed1,41,False,8,0.998730596401135,0.5867305679224858,0.10294381258753789,0.027982195101726212
images17_tol1e-05_seed1,42,False,8,0.998729205506036,0.5770311571920279,0.1029659856808802,0.027982195101726212
images17_tol1e-05_seed1,43,False,8,0.9987264397321328,0.5578189489980074,0.10301053902011348,0.027982195101726212
images17_tol1e-05_seed1,44,False,8,0.9987223295679747,0.529483774714538,0.10307787363827865,0.027982195101726212
images17_tol1e-05_seed1,45,False,8,0.9987169187821093,0.4926520546238886,0.10316854833507844,0.027982195101726212
images17_tol1e-05_seed1,46,False,8,0.9987102638428398,0.4482448648688204,0.10328321692649732,0.027982195101726212
images17_tol1e-05_seed1,47,False,8,0.9987016543174939,0.3925788136445562,0.10343677094276098,0.030780414611898836
images17_tol1e-05_seed1,48,False,8,0.9986907573491932,0.3259779257332085,0.10363958116887395,0.033858456073088725
images17_tol1e-05_seed1,49,False,8,0.9986772758210936,0.2524811844263041,0.10390371691229051,0.0372443016803976
images17_tol1e-05_seed1,50,True,8,0.9986610717786447,0.1870132183134617,0.10424096368797753,0.04096873184843736
images17_tol1e-05_seed1,51,True,8,0.9986676296057384,0.18591918967946502,0.10397835636721169,0.025
images17_tol1e-05_seed1,52,True,8,0.9986806843797287,0.18375682355212242,0.10345379606593691,0.025
images17_tol1e-05_seed1,53,True,8,0.9987001176625315,0.18057824306010262,0.10266848254608965,0.025
images17_tol1e-05_seed1,54,True,8,0.9987257564417897,0.1764620583388162,0.10162407556087262,0.025
images17_tol1e-05_seed1,55,True,8,0.9987573754473068,0.17151245704538298,0.10032264233095713,0.025
images17_tol1e-05_seed1,56,True,8,0.9987984003376746,0.1653012203443107,0.09861108114990563,0.027500000000000004
images17_tol1e-05_seed1,57,True,8,0.9988505869346128,0.1577535779615349,0.0963943764501202,0.030250000000000006
images17_tol1e-05_seed1,58,True,8,0.998915754577111,0.148893678414929,0.09355985883118799,0.033275000000000006
images17_tol1e-05_seed1,59,True,8,0.9989956196060412,0.13889119872933786,0.08997604585446912,0.03660250000000001
images17_tol1e-05_seed1,60,True,8,0.9990915050283647,0.12808545200099133,0.08549333475414195,0.040262750000000014
images17_tol1e-05_seed1,61,True,8,0.9992038742797839,0.11692907008031829,0.07994843124930731,0.04428902500000002
images17_tol1e-05_seed1,62,True,8,0.9993316538745173,0.10576919196569753,0.07317509466792671,0.04871792750000002
images17_tol1e-05_seed1,63,True,8,0.9994713887080607,0.09444766584383796,0.0650233070490958,0.05358972025000003
images17_tol1e-05_seed1,64,True,8,0.9996164263305721,0.09534313756785394,0.05538653275734876,0.058948692275000034
images17_tol1e-05_seed1,65,True,8,0.9997564618926512,0.09721396260693954,0.04423590615442575,0.06484356150250004
images17_tol1e-05_seed1,66,True,8,0.9998777820698708,0.09569315332217726,0.03167344057774511,0.07132791765275004
images17_tol1e-05_seed1,67,True,8,0.9999645508989241,0.08922673632648345,0.018106564331377542,0.07846070941802505
images17_tol1e-05_seed1,68,True,8,1.0000017421679757,0.07622129000212878,0.006494876356575431,0.08630678035982756
images17_tol1e-05_seed1,69,True,8,0.9999807384614506,0.05554305754944342,0.01438265612525392,0.09493745839581032
images17_tol1e-05_seed1,70,True,8,0.9999079888931506,0.04924180907985099,0.027737768857573977,0.10443120423539136
images17_tol1e-05_seed1,71,True,8,0.9998130230511394,0.03907933815465996,0.03879784981526,0.11487432465893051
images17_tol1e-05_seed1,72,True,8,0.9997469966039352,0.04498188840510594,0.04498188840510596,0.12636175712482356
images17_tol1e-05_seed1,73,True,8,0.9997469966039352,0.04498188840510594,0.04498188840510596,0.06318087856241178
images17_tol1e-05_seed1,74,True,8,0.9997550059969249,0.04426430989873524,0.044264309898735206,0.06318087856241178
images17_tol1e-05_seed1,75,True,8,0.9997705253562711,0.04283974973849981,0.04283974973849984,0.06318087856241178
images17_tol1e-05_seed1,76,True,8,0.9997925953403768,0.040728272712958966,0.04072827271295895,0.06318087856241178
images17_tol1e-05_seed1,77,True,8,0.9998198391259081,0.037960330720377154,0.03796033072037717,0.06318087856241178
images17_tol1e-05_seed1,78,True,8,0.999850501400061,0.03458123444863476,0.034581234448634764,0.06318087856241178
images17_tol1e-05_seed1,79,True,8,0.9998855023397624,0.0302664118930376,0.03026641189303759,0.06949896641865297
images17_tol1e-05_seed1,80,True,8,0.999922337584258,0.027204614889594005,0.024931328515382725,0.07644886306051828
images17_tol1e-05_seed1,81,True,8,0.9999569752789487,0.024434308933992992,0.018563634659405782,0.08409374936657012
images17_tol1e-05_seed1,82,True,8,0.9999842207391069,0.022193659601861433,0.01125462845064654,0.09250312430322713
images17_tol1e-05_seed1,83,True,8,0.9999987160050847,0.023135630755982572,0.0032537930496847564,0.10175343673354985
images17_tol1e-05_seed1,84,True,8,0.9999968358696565,0.022727608330975188,0.005043307776625603,0.11192878040690485
images17_tol1e-05_seed1,85,True,8,0.9999797503707751,0.023891369129060404,0.012727747731994855,0.12312165844759534
images17_tol1e-05_seed1,86,True,8,0.9999557017079982,0.025413682372063158,0.01882617235062014,0.1354338242923549
images17_tol1e-05_seed1,87,True,8,0.9999381517663171,0.02280100015723405,0.022247021771599623,0.1489772067215904
images17_tol1e-05_seed1,88,True,8,0.9999391921699062,0.0220589392286018,0.02205893922860179,0.15
images17_tol1e-05_seed1,89,True,8,0.9999562078273133,0.024924401126755508,0.01871827176457002,0.15
images17_tol1e-05_seed1,90,True,8,0.9999785053729047,0.027761450797590025,0.013113061698004002,0.15
images17_tol1e-05_seed1,91,True,8,0.9999950950637191,0.026152630229174682,0.006268899907010737,0.15
images17_tol1e-05_seed1,92,True,8,0.9999999268824541,0.020485624766026264,0.0008542257819812406,0.15
images17_tol1e-05_seed1,93,True,8,0.9999936326617013,0.02202811242141167,0.007148023000664316,0.15
images17_tol1e-05_seed1,94,True,8,0.9999819734769709,0.020424697198257506,0.012012573283699042,0.15
images17_tol1e-05_seed1,95,True,8,0.9999722089668114,0.01786504231185215,0.014911268693445988,0.15
images17_tol1e-05_seed1,96,True,8,0.9999693039311417,0.019202833716852198,0.015670319345560683,0.15
images17_tol1e-05_seed1,97,True,8,0.9999741032088046,0.0192441393607904,0.014393585326454619,0.15
images17_tol1e-05_seed1,98,True,8,0.9999836229274504,0.018072622469855186,0.011447004061987249,0.15
images17_tol1e-05_seed1,99,True,8,0.9999931578865864,0.019771060356966148,0.0073998859189038394,0.15
images17_tol1e-05_seed1,100,True,8,0.9999989801519608,0.023584286095710855,0.0028589810019609262,0.15
images17_tol1e-05_seed1,101,True,8,0.9999996696947328,0.024353102732161375,0.0016274546768042847,0.15
images17_tol1e-05_seed1,102,True,8,0.9999961009248219,0.025239851376106123,0.005585076414552915,0.15
images17_tol1e-05_seed1,103,True,8,0.9999906029606476,0.02941854780607197,0.008670430443760214,0.15
images17_tol1e-05_seed1,104,True,8,0.9999858021350893,0.027176878345327917,0.010657771823905829,0.15
images17_tol1e-05_seed1,105,True,8,0.9999836696118943,0.026428399594975765,0.011430544556606085,0.15
images17_tol1e-05_seed1,106,True,8,0.9999849489763133,0.02407544022280753,0.010974099665386237,0.15
images17_tol1e-05_seed1,107,True,8,0.9999890051750105,0.021336639903092626,0.009379925881016441,0.15
images17_tol1e-05_seed1,108,True,8,0.99999413077325,0.026226658943380696,0.00685352115667082,0.15
images17_tol1e-05_seed1,109,True,8,0.9999982667811272,0.027972433656928638,0.003724426768744087,0.15
images17_tol1e-05_seed1,110,True,8,0.9999999798202013,0.03189288518533104,0.00040180626617546236,0.15
images17_tol1e-05_seed1,111,True,8,0.9999990726702815,0.02602662668963304,0.002724540405182803,0.15
images17_tol1e-05_seed1,112,True,8,0.999996452835331,0.025491349365179106,0.005328337226831032,0.15
images17_tol1e-05_seed1,113,True,8,0.999996452835331,0.025491349365179106,0.005328337226831032,0.075
images17_tol1e-05_seed1,114,True,8,0.9999966106187015,0.023399485726863258,0.005208409863591664,0.075
images17_tol1e-05_seed1,115,True,8,0.999996912779136,0.019384023140495546,0.004970691050988783,0.075
images17_tol1e-05_seed1,116,True,8,0.9999973346596858,0.013784935307165146,0.004618401863607461,0.075
images17_tol1e-05_seed1,117,True,8,0.9999978416593377,0.01141008314179488,0.004155787145655148,0.075
images17_tol1e-05_seed1,118,True,8,0.999998387144659,0.013470203493957457,0.0035922520896782975,0.075
images17_tol1e-05_seed1,119,True,8,0.9999989587635851,0.015489697723960971,0.0028861725418819085,0.0825
images17_tol1e-05_seed1,120,True,8,0.9999994750821676,0.015177960777530567,0.0020493094842710317,0.09075000000000001
images17_tol1e-05_seed1,121,True,8,0.9999998470915156,0.016321505745149418,0.0011069211093768304,0.09982500000000002
images17_tol1e-05_seed1,122,True,8,0.9999999990165677,0.015570760228902726,0.00011009104773173026,0.10980750000000003
images17_tol1e-05_seed1,123,True,8,0.9999998953413816,0.011077233402340325,0.0009180294278366675,0.12078825000000004
images17_tol1e-05_seed1,124,True,8,0.9999995837938579,0.012403222794804153,0.0018259617583442993,0.13286707500000006
images17_tol1e-05_seed1,125,True,8,0.9999995837938579,0.012403222794804153,0.0018259617583442993,0.06643353750000003
images17_tol1e-05_seed1,126,True,8,0.9999995983535327,0.011262308243069959,0.0017936984273142886,0.06643353750000003
images17_tol1e-05_seed1,127,True,8,0.9999996265519069,0.00909311173140457,0.001729507879137063,0.06643353750000003
images17_tol1e-05_seed1,128,True,8,0.999999666835396,0.006123100018334409,0.0016334526992480417,0.06643353750000003
images17_tol1e-05_seed1,129,True,8,0.9999997174495883,0.0028039400283812145,0.0015041253848552575,0.06643353750000003
images17_tol1e-05_seed1,130,True,8,0.9999997768031311,0.0023688989753300597,0.0013366798664141183,0.06643353750000003
images17_tol1e-05_seed1,131,True,8,0.9999998444703314,0.0046266804349091055,0.001115637467084218,0.07307689125000004
images17_tol1e-05_seed1,132,True,8,0.9999998444703314,0.0046266804349091055,0.001115637467084218,0.03653844562500002
images17_tol1e-05_seed1,133,True,8,0.9999998461268705,0.004498715242694206,0.0011096784195169305,0.03653844562500002
images17_tol1e-05_seed1,134,True,8,0.9999998494072716,0.004246756009992732,0.0010977825037203717,0.03653844562500002
images17_tol1e-05_seed1,135,True,8,0.9999998542518678,0.0038789210724557662,0.0010799748302176664,0.03653844562500002
images17_tol1e-05_seed1,136,True,8,0.9999998605795262,0.003407764560140839,0.0010562640785697834,0.03653844562500002
images17_tol1e-05_seed1,137,True,8,0.999999868292393,0.0028509719076387128,0.0010266230709772642,0.03653844562500002
images17_tol1e-05_seed1,138,True,8,0.9999998781593253,0.0021723697105173645,0.0009874085711140126,0.04019229018750003
images17_tol1e-05_seed1,139,True,8,0.9999998904653605,0.0019084195899394894,0.0009362032288916122,0.044211519206250036
images17_tol1e-05_seed1,140,True,8,0.9999999053670294,0.0018163012408414902,0.0008701766602160768,0.04863267112687504
images17_tol1e-05_seed1,141,True,8,0.9999999226442877,0.0017900204846047418,0.0007867234580654341,0.05349593823956255
images17_tol1e-05_seed1,142,True,8,0.9999999413837751,0.0018151262915542241,0.0006848140350539558,0.05884553206351881
images17_tol1e-05_seed1,143,True,8,0.9999999600721239,0.002301502093945111,0.0005651832674679389,0.06473008526987069
images17_tol1e-05_seed1,144,True,8,0.9999999769631839,0.0025882393579460695,0.00042929565005308016,0.07120309379685777
images17_tol1e-05_seed1,145,True,8,0.9999999902683823,0.002426814124968835,0.0002790492859708322,0.07832340317654356
images17_tol1e-05_seed1,146,True,8,0.9999999982844563,0.001739029233100945,0.00011736432652052454,0.08615574349419793
images17_tol1e-05_seed1,147,True,8,0.9999999996775908,0.0010143014800453498,5.165180561723001e-05,0.09477131784361773
images17_tol1e-05_seed1,148,True,8,0.9999999942100084,0.0010449971036014635,0.0002154636478278443,0.10424844962797951
images17_tol1e-05_seed1,149,True,8,0.9999999837692346,0.001992445218858578,0.00036045922137634644,0.11467329459077746
images17_tol1e-05_seed1,150,True,8,0.9999999718943027,0.0021992773058823753,0.0004742241255872531,0.1261406240498552
images17_tol1e-05_seed1,151,True,8,0.9999999634171853,0.0014104934062224158,0.0005409889699704219,0.13875468645484074
images17_tol1e-05_seed1,152,True,8,0.9999999639973235,0.0010698499405200263,0.000536680290386177,0.15
images17_tol1e-05_seed1,153,True,8,0.9999999742678777,0.0017670848365870695,0.00045375113642116165,0.15
images17_tol1e-05_seed1,154,True,8,0.9999999872786324,0.001644972840897937,0.0003191072305161915,0.15
images17_tol1e-05_seed1,155,True,8,0.9999999971100064,0.00048439371953545217,0.00015222748261124335,0.15
images17_tol1e-05_seed1,156,True,8,0.9999999998435997,0.0012283233866505214,3.556120812094317e-05,0.15
images17_tol1e-05_seed1,157,True,8,0.9999999998435997,0.0012283233866505214,3.556120812094317e-05,0.075
images17_tol1e-05_seed1,158,True,8,0.9999999998505343,0.0010899584899727928,3.47554948042843e-05,0.075
images17_tol1e-05_seed1,159,True,8,0.9999999998638529,0.0008296894824968795,3.315480330217201e-05,0.075
images17_tol1e-05_seed1,160,True,8,0.9999999998826706,0.0004801786709508048,3.075580907255581e-05,0.075
images17_tol1e-05_seed1,161,True,8,0.9999999999063139,0.0001225397148027311,2.7455184024267725e-05,0.075
images17_tol1e-05_seed1,162,True,8,0.9999999999378616,0.0003371362235773945,2.2327373964652012e-05,0.075
images17_tol1e-05_seed1,163,True,8,0.9999999999378616,0.0003371362235773945,2.2327373964652012e-05,0.0375
images17_tol1e-05_seed1,164,True,8,0.9999999999385579,0.0003279029073459278,2.2201547310609102e-05,0.0375
images17_tol1e-05_seed1,165,True,8,0.9999999999399367,0.00030975203902205,2.19503415136801e-05,0.0375
images17_tol1e-05_seed1,166,True,8,0.9999999999419728,0.00028332632906560525,2.1574093843171956e-05,0.0375
images17_tol1e-05_seed1,167,True,8,0.9999999999446332,0.0002496251898363097,2.107236897897527e-05,0.0375
images17_tol1e-05_seed1,168,True,8,0.9999999999478825,0.0002100897025239981,2.0443037844064847e-05,0.0375
images17_tol1e-05_seed1,169,True,8,0.9999999999520592,0.00016266174607096437,1.9604639313646297e-05,0.04125
images17_tol1e-05_seed1,170,True,8,0.999999999957325,0.000111565094794008,1.8494057020068605e-05,0.045375000000000006
images17_tol1e-05_seed1,171,True,8,0.9999999999638454,7.638031484989705e-05,1.70195061358149e-05,0.04991250000000001
images17_tol1e-05_seed1,172,True,8,0.9999999999715842,9.482798226887731e-05,1.5084907475253286e-05,0.054903750000000015
images17_tol1e-05_seed1,173,True,8,0.999999999979746,0.0001404667545460299,1.2732121701451272e-05,0.06039412500000002
images17_tol1e-05_seed1,174,True,8,0.999999999979746,0.0001404667545460299,1.2732121701451272e-05,0.03019706250000001
images17_tol1e-05_seed1,175,True,8,0.9999999999798934,0.0001383406979108958,1.268566756698492e-05,0.03019706250000001
images17_tol1e-05_seed1,176,True,8,0.9999999999801864,0.00013414561914666865,1.2592883607525424e-05,0.03019706250000001
images17_tol1e-05_seed1,177,True,8,0.9999999999806211,0.0001279991610919489,1.245392963907241e-05,0.03019706250000001
images17_tol1e-05_seed1,178,True,8,0.9999999999811924,0.00012008529545458299,1.2268914980551193e-05,0.03019706250000001
images17_tol1e-05_seed1,179,True,8,0.9999999999818938,0.00011066383043991179,1.203781317597692e-05,0.03019706250000001
images17_tol1e-05_seed1,180,True,8,0.9999999999827998,9.904942386763521e-05,1.1732636922090109e-05,0.033216768750000014
images17_tol1e-05_seed1,181,True,8,0.9999999999839454,8.545957071857099e-05,1.1335014044867214e-05,0.03653844562500002
images17_tol1e-05_seed1,182,True,8,0.9999999999853646,7.083847713481461e-05,1.0822267462670452e-05,0.04019229018750003
images17_tol1e-05_seed1,183,True,8,0.9999999999870827,5.767894961554407e-05,1.0166992356409546e-05,0.044211519206250036
images17_tol1e-05_seed1,184,True,8,0.9999999999891004,5.0724231589978054e-05,9.33894702379033e-06,0.04863267112687504
images17_tol1e-05_seed1,185,True,8,0.9999999999913622,5.342348286487165e-05,8.31339570438533e-06,0.05349593823956255
images17_tol1e-05_seed1,186,True,8,0.9999999999937293,6.17009825283767e-05,7.082962450289013e-06,0.05884553206351881
images17_tol1e-05_seed1,187,True,8,0.9999999999959996,6.823483857861891e-05,5.657140686758806e-06,0.06473008526987069
images17_tol1e-05_seed1,188,True,8,0.9999999999979454,6.760181087512291e-05,4.054196980673589e-06,0.07120309379685777
images17_tol1e-05_seed1,189,True,8,0.9999999999993392,5.6473336988639826e-05,2.3003030065259307e-06,0.07832340317654356
images17_tol1e-05_seed1,190,True,8,0.999999999999977,3.3814885732916894e-05,4.435367941277373e-07,0.08615574349419793
images17_tol1e-05_seed1,191,True,8,0.9999999999997323,1.3570829803502533e-05,1.469445550476821e-06,0.09477131784361773
images17_tol1e-05_seed1,192,True,8,0.9999999999987387,3.396385332392429e-05,3.178763132204764e-06,0.10424844962797951
images17_tol1e-05_seed1,193,True,8,0.9999999999987387,3.396385332392429e-05,3.178763132204764e-06,0.052124224813989754
images17_tol1e-05_seed1,194,True,8,0.999999999998766,3.206072531793361e-05,3.144185102162329e-06,0.052124224813989754
images17_tol1e-05_seed1,195,True,8,0.9999999999988195,2.8363535714982824e-05,3.075257729012361e-06,0.052124224813989754
images17_tol1e-05_seed1,196,True,8,0.9999999999988971,2.308738928072904e-05,2.972093633018295e-06,0.052124224813989754
images17_tol1e-05_seed1,197,True,8,0.9999999999989969,1.6549335672507582e-05,2.834149415151834e-06,0.052124224813989754
images17_tol1e-05_seed1,198,True,8,0.9999999999991169,9.955374620961404e-06,2.659120421506416e-06,0.052124224813989754
images17_tol1e-05_seed2,0,False,7,2.9003495719258447,5.834308033150843,5.827362708691119,0.025
images17_tol1e-05_seed2,1,False,7,2.880093837495881,5.80221355138601,5.7981137624235135,0.025
images17_tol1e-05_seed2,2,False,7,2.8399914912909336,5.738195756450389,5.739746525813601,0.025
images17_tol1e-05_seed2,3,False,7,2.7808533972662093,5.64261115631891,5.6525246959471165,0.025
images17_tol1e-05_seed2,4,False,7,2.7038958538376208,5.527146266508794,5.536884439692354,0.025
images17_tol1e-05_seed2,5,False,7,2.61077187673399,5.4035293675114575,5.3935656870353705,0.025
images17_tol1e-05_seed2,6,False,6,2.5192629844260015,5.358832280180903,5.305295924310374,0.027500000000000004
images17_tol1e-05_seed2,7,False,6,2.4314615659624788,5.195203656942793,5.163181034202428,0.030250000000000006
images17_tol1e-05_seed2,8,False,6,2.3062239853045137,4.992955461438211,4.972398183897687,0.033275000000000006
images17_tol1e-05_seed2,9,False,6,2.1405205895706927,4.742110433141786,4.724287233537067,0.03660250000000001
images17_tol1e-05_seed2,10,False,6,1.9331502264080087,4.429862127316761,4.408909208943057,0.040262750000000014
images17_tol1e-05_seed2,11,False,6,1.686167446921892,4.095214608230737,4.014440052709436,0.04428902500000002
images17_tol1e-05_seed2,12,False,7,1.4355167505133144,3.650232007054813,3.567118544879751,0.04871792750000002
images17_tol1e-05_seed2,13,False,8,1.228922177176223,3.2432510833630372,1.995535484780347,0.05358972025000003
images17_tol1e-05_seed2,14,False,8,1.0977857563772313,2.7006077585602033,1.4321921518421132,0.058948692275000034
images17_tol1e-05_seed2,15,False,8,1.0124421528209517,2.17664342711579,0.9133784649115955,0.06484356150250004
images17_tol1e-05_seed2,16,False,8,0.9725844568522708,1.6880795238769026,0.5494500701895453,0.07132791765275004
images17_tol1e-05_seed2,17,False,8,0.970054623276095,1.30548239574064,0.5702756889649099,0.07846070941802505
images17_tol1e-05_seed2,18,False,8,0.970054623276095,1.30548239574064,0.5702756889649099,0.039230354709012524
images17_tol1e-05_seed2,19,False,8,0.9701178613747831,1.3064401583740903,0.5674693361824409,0.039230354709012524
images17_tol1e-05_seed2,20,False,8,0.9702497373521017,1.3078537781452402,0.5619107909577068,0.039230354709012524
images17_tol1e-05_seed2,21,False,8,0.9704610808195719,1.3087229600035852,0.553703814465916,0.039230354709012524
images17_tol1e-05_seed2,22,False,8,0.970767401136516,1.314366154046894,0.5430122474285923,0.039230354709012524
images17_tol1e-05_seed2,23,False,8,0.9711860156834295,1.4063007118828617,0.5301107156543683,0.039230354709012524
images17_tol1e-05_seed2,24,False,8,0.9717949650511757,1.2932825679491002,0.5138236948582943,0.04315339017991378
images17_tol1e-05_seed2,25,False,8,0.9726786415823915,1.282313858668769,0.49376754514896903,0.04746872919790516
images17_tol1e-05_seed2,26,False,8,0.9739452274730221,1.2701072990694124,0.469882585471514,0.05221560211769568
images17_tol1e-05_seed2,27,False,8,0.9757073940057868,1.2591046178236593,0.4428207451052825,0.057437162329465254
images17_tol1e-05_seed2,28,False,8,0.9780450244607342,1.2541526436287975,0.4142150581377022,0.06318087856241178
images17_tol1e-05_seed2,29,False,8,0.9809708020681293,1.1575074546659876,0.38649964289898847,0.06949896641865297
images17_tol1e-05_seed2,30,False,8,0.9844045972166237,1.2649365407137176,0.36227951447438644,0.07644886306051828
images17_tol1e-05_seed2,31,False,8,0.988132093347876,1.2284769089052954,0.3433206692759184,0.08409374936657012
images17_tol1e-05_seed2,32,False,8,0.9917817682376894,1.2481994049029943,0.32901958473072634,0.09250312430322713
images17_tol1e-05_seed2,33,False,8,0.9948500444937779,1.239585676125664,0.3152755946226907,0.10175343673354985
images17_tol1e-05_seed2,34,False,8,0.9968458756114588,1.224219475344384,0.295715199345073,0.11192878040690485
images17_tol1e-05_seed2,35,False,8,0.9975301246591937,1.2274720121948643,0.26552913853533944,0.12312165844759534
images17_tol1e-05_seed2,36,False,8,0.9970065591432372,0.9753722465363024,0.2267423073547562,0.1354338242923549
images17_tol1e-05_seed2,37,False,8,0.9957347029117679,0.9628814923614928,0.1990855227944311,0.1489772067215904
images17_tol1e-05_seed2,38,False,8,0.9943075200347021,1.5807715415867627,0.21383897702553956,0.15
images17_tol1e-05_seed2,39,False,8,0.992704544901304,1.6626929435285787,0.26345529830648995,0.15
images17_tol1e-05_seed2,40,False,8,0.9903802113403062,1.0831428275843564,0.31931467340296815,0.15
images17_tol1e-05_seed2,41,False,8,0.9866250013252379,0.8528509290054064,0.36795366080294,0.15
images17_tol1e-05_seed2,42,False,8,0.9815638244582473,1.2864627606725705,0.405710750772761,0.15
images17_tol1e-05_seed2,43,False,9,0.9804144069928024,1.5407964953004931,0.3914045690327139,0.15
images17_tol1e-05_seed2,44,False,9,0.980558696946573,1.1916663288779439,0.3933585120361749,0.15
images17_tol1e-05_seed2,45,False,9,0.9819892023896389,0.7570275364541676,0.3950217858435035,0.15
images17_tol1e-05_seed2,46,False,9,0.9845419171486781,0.9486218574059945,0.3857901352086273,0.15
images17_tol1e-05_seed2,47,False,9,0.9845419171486781,0.9486218574059945,0.3857901352086273,0.075
images17_tol1e-05_seed2,48,False,9,0.9847090868277212,0.8481110903823516,0.3816602808312601,0.075
images17_tol1e-05_seed2,49,False,9,0.9850386010649578,0.6994418834488609,0.3736563042576211,0.075
images17_tol1e-05_seed2,50,True,9,0.9855239137454995,0.6414478196122825,0.3622194661590183,0.075
images17_tol1e-05_seed2,51,True,9,0.9855972075738175,0.6407139238231672,0.36128381076019744,0.025
images17_tol1e-05_seed2,52,True,9,0.985743066212777,0.6392546684131566,0.3594141136809514,0.025
images17_tol1e-05_seed2,53,True,9,0.9859600892542106,0.6370874711116754,0.3566129573291652,0.025
images17_tol1e-05_seed2,54,True,9,0.9862462579171899,0.6342388006312051,0.35288337379319945,0.025
images17_tol1e-05_seed2,55,True,9,0.9865989783360513,0.6307442239579122,0.3482284923601531,0.025
images17_tol1e-05_seed2,56,True,9,0.9870563553359113,0.6262393226300261,0.34209345824352044,0.027500000000000004
images17_tol1e-05_seed2,57,True,9,0.987637737793849,0.6205597564898587,0.33412540426510634,0.030250000000000006
images17_tol1e-05_seed2,58,True,9,0.9883630077200307,0.6135521840577293,0.3239007815553076,0.033275000000000006
images17_tol1e-05_seed2,59,True,9,0.9892505131163122,0.6051007098032151,0.3109200466022704,0.03660250000000001
images17_tol1e-05_seed2,60,True,9,0.990313308652785,0.5951698587149861,0.294614009565877,0.040262750000000014
images17_tol1e-05_seed2,61,True,9,0.9915528823837579,0.5838687699877657,0.2743774144038755,0.04428902500000002
images17_tol1e-05_seed2,62,True,9,0.9929502520821478,0.5715304146529331,0.2496486663901299,0.04871792750000002
images17_tol1e-05_seed2,63,True,9,0.9944570605402382,0.558769620364667,0.22003158210253548,0.05358972025000003
images17_tol1e-05_seed2,64,True,9,0.9959921712699178,0.546371962885582,0.1854110184748426,0.058948692275000034
images17_tol1e-05_seed2,65,True,9,0.9974462483469821,0.4671452834063208,0.1460452072783077,0.06484356150250004
images17_tol1e-05_seed2,66,True,9,0.9986948018781603,0.4872701985146308,0.10263260685956888,0.07132791765275004
images17_tol1e-05_seed2,67,True,9,0.9996016397241599,0.522685990837386,0.05754617367898934,0.07846070941802505
images17_tol1e-05_seed2,68,True,9,1.0000345226108394,0.5117355646383598,0.027904936085914215,0.08630678035982756
images17_tol1e-05_seed2,69,True,9,0.9999077940333793,0.44210976906238775,0.05756103329334829,0.09493745839581032
images17_tol1e-05_seed2,70,True,9,0.9992375545774498,0.3728474695560646,0.10015621569989924,0.10443120423539136
images17_tol1e-05_seed2,71,True,9,0.9981884873288186,0.3972661941844254,0.1366543353491818,0.11487432465893051
images17_tol1e-05_seed2,72,True,9,0.9970974916569584,0.42366147076605265,0.16139251638528124,0.12636175712482356
images17_tol1e-05_seed2,73,True,9,0.9964757978579587,0.35584003759647953,0.16983091789370247,0.13899793283730594
images17_tol1e-05_seed2,74,True,9,0.9968005879578924,0.2188281825051405,0.15990228851065816,0.15
images17_tol1e-05_seed2,75,True,9,0.9979479003752776,0.2960727341543488,0.1348894092539359,0.15
images17_tol1e-05_seed2,76,True,9,0.9992405887710311,0.2650438218314735,0.09983510597353523,0.15
images17_tol1e-05_seed2,77,True,9,1.0000244722608316,0.23523870989648343,0.06206701157451686,0.15
images17_tol1e-05_seed2,78,True,9,1.0000584409017916,0.2877792709478752,0.04322004800591063,0.15
images17_tol1e-05_seed2,79,True,9,0.9995296856914831,0.3098354431544815,0.06539058504014898,0.15
images17_tol1e-05_seed2,80,True,9,0.9988282388292797,0.3050269507727666,0.09691684957755745,0.15
images17_tol1e-05_seed2,81,True,9,0.9983218744832708,0.2881629637115895,0.11953477973884954,0.15
images17_tol1e-05_seed2,82,True,9,0.9982156570708126,0.3344050245341548,0.12714529754671636,0.15
images17_tol1e-05_seed2,83,True,9,0.9985054197753601,0.33994566880995347,0.11818679559405787,0.15
images17_tol1e-05_seed2,84,True,9,0.9990348904445323,0.26743526138540097,0.09446750359165494,0.15
images17_tol1e-05_seed2,85,True,9,0.9995810028907862,0.20044474505912532,0.0603701039757198,0.15
images17_tol1e-05_seed2,86,True,9,0.9999365816365997,0.20857213239710024,0.022671076933105782,0.15
images17_tol1e-05_seed2,87,True,9,0.9999365816365997,0.20857213239710024,0.022671076933105782,0.075
images17_tol1e-05_seed2,88,True,9,0.9999393711994672,0.19917774618431833,0.022155125897751673,0.075
images17_tol1e-05_seed2,89,True,9,0.9999447195407,0.18101014403150179,0.021134004479249135,0.075
images17_tol1e-05_seed2,90,True,9,0.9999521990744851,0.15534668043062458,0.019625132456998026,0.075
images17_tol1e-05_seed2,91,True,9,0.9999612096159012,0.12430238872005847,0.017651196768043796,0.075
images17_tol1e-05_seed2,92,True,9,0.9999709600086509,0.10489797804862581,0.015250892214411643,0.075
images17_tol1e-05_seed2,93,True,9,0.9999812872839006,0.11626848055880602,0.012235724883518262,0.0825
images17_tol1e-05_seed2,94,True,9,0.9999906948691297,0.11703531999608395,0.008661400740919246,0.09075000000000001
images17_tol1e-05_seed2,95,True,9,0.9999974526270767,0.12122150694427347,0.004700508205131617,0.09982500000000002
images17_tol1e-05_seed2,96,True,9,1.000000110717512,0.11540443907827294,0.0013944084531239108,0.10980750000000003
images17_tol1e-05_seed2,97,True,9,0.9999980422975707,0.12438356050880811,0.004344787463327155,0.12078825000000004
images17_tol1e-05_seed2,98,True,9,0.9999920604835844,0.14111610888301926,0.008124441742933855,0.13286707500000006
images17_tol1e-05_seed2,99,True,9,0.9999847002658133,0.11751865592121476,0.011111259801563092,0.14615378250000008
images17_tol1e-05_seed2,100,True,9,0.999979957763628,0.12176922158961825,0.012665618852484892,0.15
images17_tol1e-05_seed2,101,True,9,0.9999798554740126,0.16893022474730854,0.012702421779563959,0.15
images17_tol1e-05_seed2,102,True,9,0.9999838306803228,0.1871832091355201,0.011419044944506018,0.15
images17_tol1e-05_seed2,103,True,9,0.9999899104953187,0.1545364307949614,0.009082082335898745,0.15
images17_tol1e-05_seed2,104,True,9,0.9999957229494164,0.172483187620704,0.005997889268262391,0.15
images17_tol1e-05_seed2,105,True,9,0.9999993263559693,0.11910228482028104,0.0025358517039310398,0.15
images17_tol1e-05_seed2,106,True,9,0.9999998631820036,0.12442423696538034,0.0011580634804330549,0.15
images17_tol1e-05_seed2,107,True,9,0.9999998631820036,0.12442423696538034,0.0011580634804330549,0.075
images17_tol1e-05_seed2,108,True,9,0.999999868827493,0.11122295769773838,0.0011288507434360395,0.075
images17_tol1e-05_seed2,109,True,9,0.999999879732858,0.08640351132374684,0.0010712219756218453,0.075
images17_tol1e-05_seed2,110,True,9,0.9999998952338565,0.05304702160388594,0.0009862855269599851,0.075
images17_tol1e-05_seed2,111,True,9,0.9999999145183502,0.031260094828278025,0.0008746946069428859,0.075
images17_tol1e-05_seed2,112,True,9,0.9999999365719047,0.045807369376767416,0.000736484249727957,0.075
images17_tol1e-05_seed2,113,True,9,0.9999999606304761,0.05521194728459904,0.0005656947265554115,0.0825
images17_tol1e-05_seed2,114,True,9,0.9999999606304761,0.05521194728459904,0.0005656947265554115,0.04125
images17_tol1e-05_seed2,115,True,9,0.9999999611615864,0.05277948592583557,0.0005618034826691583,0.04125
images17_tol1e-05_seed2,116,True,9,0.9999999622108702,0.04804506699109825,0.0005540390688092356,0.04125
images17_tol1e-05_seed2,117,True,9,0.9999999637553748,0.04128417499345031,0.0005424172618861627,0.04125
images17_tol1e-05_seed2,118,True,9,0.9999999657651547,0.03295846732446258,0.0005269286095296698,0.04125
images17_tol1e-05_seed2,119,True,9,0.9999999682061136,0.024737635184215952,0.0005075114181733858,0.04125
images17_tol1e-05_seed2,120,True,9,0.9999999713174584,0.01988216696028649,0.0004816804018885294,0.045375000000000006
images17_tol1e-05_seed2,121,True,9,0.9999999751721507,0.018158540351860843,0.00044770981286588384,0.04991250000000001
images17_tol1e-05_seed2,122,True,9,0.9999999797404815,0.022004921601271935,0.000403930673625393,0.054903750000000015
images17_tol1e-05_seed2,123,True,9,0.9999999847441374,0.03074790480083404,0.0003500135156255852,0.06039412500000002
images17_tol1e-05_seed2,124,True,9,0.9999999897191908,0.03563514826782443,0.0002869264847716147,0.06643353750000003
images17_tol1e-05_seed2,125,True,9,0.9999999941756227,0.03464078394242322,0.0002158971008611064,0.07307689125000004
images17_tol1e-05_seed2,126,True,9,0.9999999976381293,0.02683338906901875,0.0001384796112419087,0.08038458037500006
images17_tol1e-05_seed2,127,True,9,0.9999999996659131,0.018455701473188407,5.882812444838096e-05,0.08842303841250007
images17_tol1e-05_seed2,128,True,9,0.9999999999249453,0.015269870703309851,4.380660823842036e-05,0.09726534225375008
images17_tol1e-05_seed2,129,True,9,0.9999999983714655,0.02544950380395563,0.000120786237981499,0.1069918764791251
images17_tol1e-05_seed2,130,True,9,0.9999999954565741,0.029030398813205485,0.00019415781245190865,0.11769106412703761
images17_tol1e-05_seed2,131,True,9,0.9999999921220009,0.01734227441683991,0.00025258748877368887,0.12946017053974138
images17_tol1e-05_seed2,132,True,9,0.9999999897416674,0.0199007515652708,0.0002867843550149206,0.14240618759371554
images17_tol1e-05_seed2,133,True,9,0.9999999896687597,0.028327833133558588,0.00028751361710172815,0.15
images17_tol1e-05_seed2,134,True,9,0.9999999917235219,0.028981167530299754,0.0002579974846441536,0.15
images17_tol1e-05_seed2,135,True,9,0.9999999948571079,0.02089700687473831,0.00020485017705830616,0.15
images17_tol1e-05_seed2,136,True,9,0.9999999978608857,0.020540862519895984,0.00013457806105744786,0.15
images17_tol1e-05_seed2,137,True,9,0.9999999996894181,0.032776872229222785,5.691437765923975e-05,0.15
images17_tol1e-05_seed2,138,True,9,0.9999999999283983,0.026499322552536644,3.0020542651405928e-05,0.15
images17_tol1e-05_seed2,139,True,9,0.9999999988628956,0.02330295071718742,9.555867735587745e-05,0.15
images17_tol1e-05_seed2,140,True,9,0.9999999972229225,0.023579641143103482,0.00014919897628964753,0.15
images17_tol1e-05_seed2,141,True,9,0.9999999958210137,0.03403971735754673,0.0001836123627001783,0.15
images17_tol1e-05_seed2,142,True,9,0.9999999951966865,0.022783818803447764,0.00019736046870848353,0.15
images17_tol1e-05_seed2,143,True,9,0.9999999955276532,0.028309442383629965,0.00019068642204788172,0.15
images17_tol1e-05_seed2,144,True,9,0.9999999966249559,0.02857880436076378,0.00016559971976467557,0.15
images17_tol1e-05_seed2,145,True,9,0.9999999980261975,0.036472632580704684,0.00012636562642777112,0.15
images17_tol1e-05_seed2,146,True,9,0.9999999992386929,0.0219176878009606,7.815135147212257e-05,0.15
images17_tol1e-05_seed2,147,True,9,0.9999999999140616,0.032317976218562396,2.6718981275568987e-05,0.15
images17_tol1e-05_seed2,148,True,9,0.9999999999349909,0.033025805602555136,2.61131989797549e-05,0.15
images17_tol1e-05_seed2,149,True,9,0.9999999994297494,0.03991766045797807,6.973222695730606e-05,0.15
images17_tol1e-05_seed2,150,True,9,0.9999999986898287,0.023310740961270494,0.00010401417013961648,0.15
images17_tol1e-05_seed2,151,True,9,0.999999998050457,0.03475340145486447,0.00012588711730960448,0.15
images17_tol1e-05_seed2,152,True,9,0.9999999977641455,0.036087791806073,0.00013415309580888416,0.15
images17_tol1e-05_seed2,153,True,9,0.9999999979102495,0.04306119548876352,0.00012934797117717016,0.15
images17_tol1e-05_seed2,154,True,9,0.9999999984072588,0.02525982290101805,0.00011293337141094543,0.15
images17_tol1e-05_seed2,155,True,9,0.9999999990622696,0.035654984564767934,8.711441953291858e-05,0.15
images17_tol1e-05_seed2,156,True,9,0.9999999996402038,0.03921304576847983,5.5198369366058094e-05,0.15
images17_tol1e-05_seed2,157,True,9,0.9999999999641057,0.04685229820605997,2.1947105824067708e-05,0.15
images17_tol1e-05_seed2,158,True,9,0.9999999999742619,0.027507097215444837,1.885173010841882e-05,0.15
images17_tol1e-05_seed2,159,True,9,0.9999999997285502,0.03368063311687722,4.732530070092664e-05,0.15
images17_tol1e-05_seed2,160,True,9,0.9999999993681046,0.041054890159519575,7.116138983167537e-05,0.15
images17_tol1e-05_seed2,161,True,9,0.999999999048088,0.050331706349046546,8.730151747193172e-05,0.15
images17_tol1e-05_seed2,162,True,9,0.9999999988893418,0.031296239707253586,9.453069997369534e-05,0.15
images17_tol1e-05_seed2,163,True,9,0.9999999989483619,0.029507266584202153,9.227257272176078e-05,0.15
images17_tol1e-05_seed2,164,True,9,0.9999999991914001,0.04127799900923369,8.115228035062249e-05,0.15
images17_tol1e-05_seed2,165,True,9,0.9999999991914001,0.04127799900923369,8.115228035062249e-05,0.075
images17_tol1e-05_seed2,166,True,9,0.999999999227157,0.0361396010794096,7.930476653593359e-05,0.075
images17_tol1e-05_seed2,167,True,9,0.9999999992959052,0.02650906467589368,7.563238374833444e-05,0.075
images17_tol1e-05_seed2,168,True,9,0.9999999993934378,0.013629682005569996,7.011036436653932e-05,0.075
images17_tol1e-05_seed2,169,True,9,0.9999999995180803,0.0032247603361503833,6.238361931133337e-05,0.075
images17_tol1e-05_seed2,170,True,9,0.9999999995180803,0.0032247603361503833,6.238361931133337e-05,0.0375
images17_tol1e-05_seed2,171,True,9,0.999999999523469,0.003154677036094983,6.203050253825573e-05,0.0375
images17_tol1e-05_seed2,172,True,9,0.9999999995341299,0.003019020818570716,6.132604000777673e-05,0.0375
images17_tol1e-05_seed2,173,True,9,0.9999999995498412,0.0028272865810084116,6.027327337780253e-05,0.0375
images17_tol1e-05_seed2,174,True,9,0.9999999995702819,0.0025946249955155253,5.8876195603618375e-05,0.0375
images17_tol1e-05_seed2,175,True,9,0.9999999995950374,0.0023425940510343516,5.7139754297295594e-05,0.0375
images17_tol1e-05_seed2,176,True,9,0.9999999996263956,0.002272491111953432,5.4863473114802225e-05,0.04125
images17_tol1e-05_seed2,177,True,9,0.9999999996649527,0.0022094631807679428,5.193173793237251e-05,0.045375000000000006
images17_tol1e-05_seed2,178,True,9,0.99999999971081,0.002128626120188078,4.8219563706374135e-05,0.04991250000000001
images17_tol1e-05_seed2,179,True,9,0.9999999997631774,0.0020264457939507662,4.3605519369229786e-05,0.054903750000000015
images17_tol1e-05_seed2,180,True,9,0.9999999998199435,0.0018994097532900895,3.799179549579048e-05,0.06039412500000002
images17_tol1e-05_seed2,181,True,9,0.9999999998774092,0.00186981999482009,3.132449140582979e-05,0.06643353750000003
images17_tol1e-05_seed2,182,True,9,0.9999999999303313,0.0017286473483021805,2.361084101871718e-05,0.07307689125000004
images17_tol1e-05_seed2,183,True,9,0.9999999999722929,0.0013613545750638697,1.495123424044385e-05,0.08038458037500006
images17_tol1e-05_seed2,184,True,9,0.9999999999965419,0.0011492643452930137,5.719978427537417e-06,0.08842303841250007
images17_tol1e-05_seed2,185,True,9,0.9999999999978622,0.001172820572509712,5.002192088118563e-06,0.09726534225375008
images17_tol1e-05_seed2,186,True,9,0.9999999999760885,0.0015632905823649303,1.4131922445394231e-05,0.1069918764791251
images17_tol1e-05_seed2,187,True,9,0.9999999999396031,0.0013571888476583225,2.211170019183254e-05,0.11769106412703761
images17_tol1e-05_seed2,188,True,9,0.9999999999064476,0.0009519514539460329,2.7387367232247745e-05,0.12946017053974138
images17_tol1e-05_seed2,189,True,9,0.9999999998975246,0.0011495452148602983,2.863313639136287e-05,0.14240618759371554
images17_tol1e-05_seed2,190,True,9,0.9999999999169672,0.001796935916278333,2.5824798353422974e-05,0.15
images17_tol1e-05_seed2,191,True,9,0.9999999999516436,0.0014315586409895061,1.9824265784823158e-05,0.15
images17_tol1e-05_seed2,192,True,9,0.9999999999837154,0.0012255702162026435,1.1705383428613892e-05,0.15
images17_tol1e-05_seed2,193,True,9,0.9999999999837154,0.0012255702162026435,1.1705383428613892e-05,0.075
images17_tol1e-05_seed2,194,True,9,0.9999999999844279,0.0010773752400225884,1.143351723486157e-05,0.075
images17_tol1e-05_seed2,195,True,9,0.9999999999857936,0.0009704283223585335,1.0896052805260004e-05,0.075
images17_tol1e-05_seed2,196,True,9,0.9999999999877002,0.0009252597928886517,1.0104468457616135e-05,0.075
images17_tol1e-05_seed2,197,True,9,0.9999999999899866,0.0008687173310676734,9.07694956974354e-06,0.075
images17_tol1e-05_seed2,198,True,9,0.999999999992443,0.000803449183867146,7.84433363995782e-06,0.075
images17_tol1e-05_seed2,199,True,9,0.9999999999950416,0.0007711056232239952,6.316987309396942e-06,0.0825
images17_tol1e-05_seed2,200,True,9,0.9999999999974516,0.000769613665047589,4.516425895176961e-06,0.09075000000000001
images17_tol1e-05_seed2,201,True,9,0.9999999999992587,0.0005348100282837914,2.5281978782684158e-06,0.09982500000000002
images17_tol1e-05_seed2,202,True,9,1.0000000000000475,0.0004144114954527295,9.615489998150598e-07,0.10980750000000003
images17_tol1e-05_seed2,203,True,9,0.9999999999995719,0.000509428970816133,2.2919868142744836e-06,0.12078825000000004
images17_tol1e-05_seed2,204,True,9,0.9999999999980915,0.0005289027848607424,4.085489923844487e-06,0.13286707500000006
images17_tol1e-05_seed2,205,True,9,0.9999999999965811,0.0003147736624873807,5.267603101805183e-06,0.14615378250000008
images17_tol1e-05_seed2,206,True,9,0.9999999999965811,0.0003147736624873807,5.267603101805183e-06,0.07307689125000004
images17_tol1e-05_seed2,207,True,9,0.9999999999967248,0.0002955781158824226,5.154034063381582e-06,0.07307689125000004
images17_tol1e-05_seed2,208,True,9,0.9999999999970008,0.00025900499165304073,4.9291173373415225e-06,0.07307689125000004
images17_tol1e-05_seed2,209,True,9,0.9999999999973871,0.00020903889960639758,4.596653068311769e-06,0.07307689125000004
images17_tol1e-05_seed2,210,True,9,0.9999999999978533,0.000168162400090318,4.161566072110288e-06,0.07307689125000004
images17_tol1e-05_seed2,211,True,9,0.9999999999983614,0.00015224380383583463,3.6304864202802384e-06,0.07307689125000004
images17_tol1e-05_seed2,212,True,9,0.9999999999989114,0.00013182911642501655,2.9542310222522237e-06,0.08038458037500006
images17_tol1e-05_seed2,213,True,9,0.9999999999994302,0.00013194489715019015,2.134830090006965e-06,0.08842303841250007
images17_tol1e-05_seed2,214,True,9,0.9999999999998215,0.00016671849435966608,1.2044211112926254e-06,0.09726534225375008
images17_tol1e-05_seed2,215,True,9,0.9999999999999986,0.00016498811925395204,2.896621365889125e-07,0.1069918764791251
images17_tol1e-05_seed2,216,True,9,0.9999999999999182,0.00012405653508390654,8.798237419163297e-07,0.11769106412703761
images17_tol1e-05_seed2,217,True,9,0.9999999999996184,5.580083624131862e-05,1.7812470115345127e-06,0.12946017053974138
images17_tol1e-05_seed2,218,True,9,0.999999999999282,0.00010488807654503316,2.4083906867108715e-06,0.14240618759371554
images17_tol1e-05_seed2,219,True,9,0.999999999999282,0.00010488807654503316,2.4083906867108715e-06,0.07120309379685777
images17_tol1e-05_seed2,220,True,9,0.9999999999993108,9.847110661456555e-05,2.3592372912414765e-06,0.07120309379685777
images17_tol1e-05_seed2,221,True,9,0.9999999999993662,8.63897962252586e-05,2.2618632951929954e-06,0.07120309379685777
images17_tol1e-05_seed2,222,True,9,0.9999999999994434,7.034229007904214e-05,2.1179534835415596e-06,0.07120309379685777
images17_tol1e-05_seed2,223,True,9,0.9999999999995373,6.517974234185739e-05,1.9298687116417986e-06,0.07120309379685777
images17_tol1e-05_seed2,224,True,9,0.9999999999996398,6.015781398054597e-05,1.700912243015083e-06,0.07120309379685777
images17_tol1e-05_seed2,225,True,9,0.9999999999997519,5.3649873740682345e-05,1.4099129921471385e-06,0.07832340317654356
images17_tol1e-05_seed2,226,True,9,0.9999999999998608,5.325820070292596e-05,1.055170983698008e-06,0.08615574349419793
images17_tol1e-05_seed2,227,True,9,0.9999999999999482,6.248937254797457e-05,6.452606735898732e-07,0.09477131784361773
images17_tol1e-05_seed2,228,True,9,0.9999999999999957,6.200260804794697e-05,2.072639190313367e-07,0.10424844962797951
images17_tol1e-05_seed2,229,True,9,0.9999999999999916,5.0636594574212565e-05,2.8891434146938874e-07,0.11467329459077746
images17_tol1e-05_seed2,230,True,9,0.9999999999999385,3.5084482514455594e-05,7.126121168180509e-07,0.1261406240498552
images17_tol1e-05_seed2,231,True,9,0.999999999999865,4.136473714895506e-05,1.0445465271716716e-06,0.13875468645484074
images17_tol1e-05_seed2,232,True,9,0.9999999999998138,5.855694253366221e-05,1.221662110877257e-06,0.15
images17_tol1e-05_seed2,233,True,9,0.9999999999998139,5.737054239633427e-05,1.2204217166627863e-06,0.15
images17_tol1e-05_seed2,234,True,9,0.9999999999998612,3.3196098426625064e-05,1.0559596519773153e-06,0.15
images17_tol1e-05_seed2,235,True,9,0.9999999999999317,2.762438889252253e-05,7.44517505985565e-07,0.15
images17_tol1e-05_seed2,236,True,9,0.9999999999999872,4.2175439415454146e-05,3.318510773746834e-07,0.15
images17_tol1e-05_seed2,237,True,9,0.9999999999999988,4.133978934909273e-05,1.1277944366530192e-07,0.15
images17_tol1e-05_seed2,238,True,9,0.9999999999999711,1.8680399420978582e-05,4.814713574687841e-07,0.15
images17_tol1e-05_seed2,239,True,9,0.999999999999939,2.973700817656358e-05,6.999435377032844e-07,0.15
images17_tol1e-05_seed2,240,True,9,0.999999999999939,2.973700817656358e-05,6.999435377032844e-07,0.075
images17_tol1e-05_seed2,241,True,9,0.9999999999999417,2.7091037448409027e-05,6.841490815772898e-07,0.075
images17_tol1e-05_seed2,242,True,9,0.999999999999947,2.2039252796745512e-05,6.528370578635313e-07,0.075
images17_tol1e-05_seed2,243,True,9,0.999999999999954,1.5056093902176404e-05,6.06362793842115e-07,0.075
images17_tol1e-05_seed2,244,True,9,0.9999999999999629,1.3281279219441642e-05,5.448848168172543e-07,0.075
images17_tol1e-05_seed2,245,True,9,0.9999999999999727,1.2095533104089028e-05,4.682507101542609e-07,0.075
images17_tol1e-05_seed2,246,True,9,0.9999999999999829,1.0517166349315842e-05,3.694213143122132e-07,0.0825
images17_tol1e-05_seed2,247,True,9,0.999999999999992,1.5781480963063142e-05,2.5260291041010037e-07,0.09075000000000001
images17_tol1e-05_seed2,248,True,9,0.999999999999998,1.8510631032898285e-05,1.2404100967222334e-07,0.09982500000000002
images17_tol1e-05_seed2,249,True,9,1.0,1.6947698812016722e-05,2.3191665701773053e-08,0.10980750000000003
images17_tol1e-05_seed2,250,True,9,0.9999999999999973,1.0613822097872343e-05,1.480067462866507e-07,0.12078825000000004
images17_tol1e-05_seed2,251,True,9,0.9999999999999911,5.516431263581726e-06,2.660251117579629e-07,0.13286707500000006
images17_tol1e-05_seed3,0,False,7,2.8525522701392867,5.797774290351966,5.742583828107204,0.025
images17_tol1e-05_seed3,1,False,7,2.832008266573915,5.752297234260737,5.715979601322966,0.025
images17_tol1e-05_seed3,2,False,7,2.791307374968146,5.658078462913377,5.66289298207161,0.025
images17_tol1e-05_seed3,3,False,7,2.731225422726599,5.577743058289348,5.583575418452005,0.025
images17_tol1e-05_seed3,4,False,7,2.6529356846952785,5.471259859346698,5.478432141860578,0.025
images17_tol1e-05_seed3,5,False,7,2.5580561663726717,5.339268871166063,5.348110633202457,0.025
images17_tol1e-05_seed3,6,False,7,2.437753776523575,5.166766396062462,5.1778873920967925,0.027500000000000004
images17_tol1e-05_seed3,7,False,8,2.302063427188509,4.9331132967602676,4.7058923616369315,0.030250000000000006
images17_tol1e-05_seed3,8,False,8,2.140386149157611,4.630215864871254,4.42588149256797,0.033275000000000006
images17_tol1e-05_seed3,9,False,8,1.955021818093206,4.3566999327618205,4.0760314810586875,0.03660250000000001
images17_tol1e-05_seed3,10,False,8,1.7517557876897372,4.280453394957025,3.6465777163923034,0.040262750000000014
images17_tol1e-05_seed3,11,False,8,1.5406377712063213,4.071400943711415,3.1293002641842516,0.04428902500000002
images17_tol1e-05_seed3,12,False,9,1.3444939501362034,3.6299017980480452,2.595407310228321,0.04871792750000002
images17_tol1e-05_seed3,13,False,9,1.18959641919967,3.1351691464170144,1.9959708877517413,0.05358972025000003
images17_tol1e-05_seed3,14,False,9,1.075214862459203,2.8911634316143298,1.3924108909820923,0.058948692275000034
images17_tol1e-05_seed3,15,False,9,1.006986530359472,2.445528282470916,0.830395777393312,0.06484356150250004
images17_tol1e-05_seed3,16,False,8,0.98601295408391,2.4960677646818943,0.33734002231022164,0.07132791765275004
images17_tol1e-05_seed3,17,False,8,1.005631085672014,2.4871115702012387,0.5862928912390775,0.07846070941802505
images17_tol1e-05_seed3,18,False,8,1.005631085672014,2.4871115702012387,0.5862928912390775,0.039230354709012524
images17_tol1e-05_seed3,19,False,8,1.0051478750144067,2.4138227189984907,0.5810966785417572,0.039230354709012524
images17_tol1e-05_seed3,20,False,8,1.0042026388735732,2.2677163825756157,0.5708391198402597,0.039230354709012524
images17_tol1e-05_seed3,21,False,8,1.002838078062201,2.045211146157177,0.5558044116276332,0.039230354709012524
images17_tol1e-05_seed3,22,False,8,1.0011220937792242,1.7410625256557837,0.536495666240078,0.039230354709012524
images17_tol1e-05_seed3,23,False,8,0.9991232688196008,1.5141520836772648,0.5133956585240245,0.039230354709012524
images17_tol1e-05_seed3,24,False,8,0.9967081151397551,1.2203353648096231,0.48454951336616997,0.04315339017991378
images17_tol1e-05_seed3,25,False,8,0.9939225430097144,0.8875237983645154,0.44990147078122944,0.04746872919790516
images17_tol1e-05_seed3,26,False,8,0.9909215083102392,0.642037334504241,0.41084595922228395,0.05221560211769568
images17_tol1e-05_seed3,27,False,8,0.9880911228842731,0.9464426166173536,0.37284401134632794,0.057437162329465254
images17_tol1e-05_seed3,28,False,8,0.9880911228842731,0.9464426166173536,0.37284401134632794,0.028718581164732627
images17_tol1e-05_seed3,29,False,8,0.9880696414413336,0.9308880025347124,0.37213689623470586,0.028718581164732627
images17_tol1e-05_seed3,30,False,8,0.9880276108550361,0.8999783873354077,0.37073598613491,0.028718581164732627
images17_tol1e-05_seed3,31,False,8,0.9879668614322537,0.8541582469207941,0.3686663768587874,0.028718581164732627
images17_tol1e-05_seed3,32,False,8,0.9878900770471554,0.794209562212677,0.36596344065599035,0.028718581164732627
images17_tol1e-05_seed3,33,False,8,0.9878007526627853,0.7214048504641439,0.36267139963247613,0.028718581164732627
images17_tol1e-05_seed3,34,False,8,0.9876938372203818,0.629463802037996,0.3584664172298366,0.03159043928120589
images17_tol1e-05_seed3,35,False,8,0.9875732463197753,0.5188359847777312,0.35323041747251366,0.034749483209326484
images17_tol1e-05_seed3,36,False,8,0.9874486578774105,0.39705683763232247,0.34688384370845904,0.03822443153025914
images17_tol1e-05_seed3,37,False,8,0.9873394536059926,0.29280594165449825,0.33944171644932847,0.04204687468328506
images17_tol1e-05_seed3,38,False,8,0.9872798727744341,0.27266180312905114,0.3311387395191778,0.046251562151613565
images17_tol1e-05_seed3,39,False,8,0.987319360878098,0.3505721593426264,0.32262238938285137,0.050876718366774924
images17_tol1e-05_seed3,40,False,8,0.9875094899551616,0.4462585937842937,0.31489661700859495,0.055964390203452424
images17_tol1e-05_seed3,41,False,8,0.9878901172635514,0.504320637505469,0.3089059946482271,0.06156082922379767
images17_tol1e-05_seed3,42,False,8,0.9884824362050073,0.49868463488682563,0.30517265699951707,0.06771691214617745
images17_tol1e-05_seed3,43,False,8,0.9892809653703195,0.4165557385103994,0.3035139294666845,0.0744886033607952
images17_tol1e-05_seed3,44,False,8,0.9902416615687832,0.27683359521176654,0.3027934659622443,0.08193746369687473
images17_tol1e-05_seed3,45,False,8,0.9912699889496035,0.2572511092401844,0.30083370625674655,0.0901312100665622
images17_tol1e-05_seed3,46,False,8,0.9922287825029538,0.254596337438503,0.2949707246698538,0.09914433107321843
images17_tol1e-05_seed3,47,False,8,0.9929944945720296,0.3865587690471389,0.28337793282327756,0.10905876418054028
images17_tol1e-05_seed3,48,False,8,0.9935071109422124,0.43818896690782777,0.26570958962213614,0.11996464059859431
images17_tol1e-05_seed3,49,False,8,0.9937946550914888,0.35906966610031976,0.24395790980936868,0.13196110465845376
images17_tol1e-05_seed3,50,True,8,0.9939855899396007,0.3449614311852572,0.22388355145224326,0.14515721512429916
images17_tol1e-05_seed3,51,True,8,0.9940159611750258,0.34063726690956203,0.22332290596351145,0.025
images17_tol1e-05_seed3,52,True,8,0.9940764165982288,0.332073464512564,0.22220241678144545,0.025
images17_tol1e-05_seed3,53,True,8,0.9941664263936602,0.31944547834793463,0.22052288670604986,0.025
images17_tol1e-05_seed3,54,True,8,0.9942852587447747,0.30302878555818363,0.2182843804198304,0.025
images17_tol1e-05_seed3,55,True,8,0.9944320151306654,0.28321202695338543,0.21548554449412605,0.025
images17_tol1e-05_seed3,56,True,8,0.9946228689523108,0.2582707199541016,0.21178667948049376,0.027500000000000004
images17_tol1e-05_seed3,57,True,8,0.9948664534783279,0.22803333573486112,0.20696359837734982,0.030250000000000006
images17_tol1e-05_seed3,58,True,8,0.9951720005605883,0.20073965655726375,0.20073965655726378,0.033275000000000006
images17_tol1e-05_seed3,59,True,8,0.9955485607901471,0.19277692572476135,0.1927769257247614,0.03660250000000001
images17_tol1e-05_seed3,60,True,8,0.9960032105627799,0.18267681052707613,0.18267681052707616,0.040262750000000014
images17_tol1e-05_seed3,61,True,8,0.9965372966400335,0.17001317562260038,0.1700131756226004,0.04428902500000002
images17_tol1e-05_seed3,62,True,8,0.9971405198574084,0.15442352274918147,0.1544235227491815,0.04871792750000002
images17_tol1e-05_seed3,63,True,8,0.9977866031797674,0.1399788136420315,0.1357112154713067,0.05358972025000003
images17_tol1e-05_seed3,64,True,8,0.9984351211866859,0.1537370996416966,0.1138557807162698,0.058948692275000034
images17_tol1e-05_seed3,65,True,8,0.999036361339298,0.14854544464655225,0.08897313810489912,0.06484356150250004
images17_tol1e-05_seed3,66,True,8,0.9995350744009975,0.14655230203040584,0.06135073232046631,0.07132791765275004
images17_tol1e-05_seed3,67,True,8,0.9998744379271676,0.14262204810990095,0.03173821765586122,0.07846070941802505
images17_tol1e-05_seed3,68,True,8,1.000004431889624,0.1284674246246104,0.008533467068673221,0.08630678035982756
images17_tol1e-05_seed3,69,True,8,0.9998996030397796,0.10201652685288361,0.03368449121032128,0.09493745839581032
images17_tol1e-05_seed3,70,True,8,0.999581706718054,0.1253243244014865,0.06255655991844061,0.10443120423539136
images17_tol1e-05_seed3,71,True,8,0.9991333446093824,0.11019360569751153,0.08714211316591883,0.11487432465893051
images17_tol1e-05_seed3,72,True,8,0.9987037131515324,0.1042441594517313,0.10424415945173136,0.12636175712482356
images17_tol1e-05_seed3,73,True,8,0.9984855810627136,0.11266555548399994,0.11078454727011536,0.13899793283730594
images17_tol1e-05_seed3,74,True,8,0.9986109789009975,0.1254002203743989,0.10531808994142554,0.15
images17_tol1e-05_seed3,75,True,8,0.9990250502212039,0.1225939894612398,0.08925962464966589,0.15
images17_tol1e-05_seed3,76,True,8,0.9995296892873813,0.12573975876818486,0.06532954696224869,0.15
images17_tol1e-05_seed3,77,True,8,0.9999042324043782,0.12614789699192477,0.03748533824589415,0.15
images17_tol1e-05_seed3,78,True,8,1.0000191840608479,0.11489664837688895,0.017643153073422846,0.15
images17_tol1e-05_seed3,79,True,8,0.99988762535068,0.11671263027608872,0.03267874750528864,0.15
images17_tol1e-05_seed3,80,True,8,0.9996265256021915,0.1366437393093298,0.05468933904119987,0.15
images17_tol1e-05_seed3,81,True,8,0.9993833045552668,0.13482516969017427,0.07068267928593693,0.15
images17_tol1e-05_seed3,82,True,8,0.9992635388579579,0.12128450615336973,0.0782817046005229,0.15
images17_tol1e-05_seed3,83,True,8,0.9993034024921748,0.10726308592970875,0.07692372266644575,0.15
images17_tol1e-05_seed3,84,True,8,0.9994742430446294,0.11482590623094131,0.06708339118840162,0.15
images17_tol1e-05_seed3,85,True,8,0.9996998708819976,0.12577404132656142,0.05043328053808688,0.15
images17_tol1e-05_seed3,86,True,8,0.9998927203664247,0.14218274450742413,0.029650341393259134,0.15
images17_tol1e-05_seed3,87,True,8,0.9999927570289768,0.12887719186432492,0.00822720089568235,0.15
images17_tol1e-05_seed3,88,True,8,0.9999825871553171,0.13169766864871787,0.015168716949455601,0.15
images17_tol1e-05_seed3,89,True,8,0.9998870173544584,0.11870697664195456,0.03292893570111385,0.15
images17_tol1e-05_seed3,90,True,8,0.9997594040876813,0.16375610809108068,0.04615900698755744,0.15
images17_tol1e-05_seed3,91,True,8,0.9996567537745015,0.17784543491069826,0.05388315250415719,0.15
images17_tol1e-05_seed3,92,True,8,0.9996192969642046,0.17594629214019133,0.05587463286411322,0.15
images17_tol1e-05_seed3,93,True,8,0.999659504760962,0.1434746290418241,0.05233082778476311,0.15
images17_tol1e-05_seed3,94,True,8,0.9997590814332475,0.1441522953693276,0.04390578368991327,0.15
images17_tol1e-05_seed3,95,True,8,0.9998760004589042,0.21918179870378354,0.03191839298301773,0.15
images17_tol1e-05_seed3,96,True,8,0.9999663611068536,0.21640364174780627,0.01826512135567932,0.15
images17_tol1e-05_seed3,97,True,8,1.000003108016362,0.2013317741661911,0.007658068616007211,0.15
images17_tol1e-05_seed3,98,True,8,0.9999824696799468,0.1215919579785354,0.014480052625162372,0.15
images17_tol1e-05_seed3,99,True,8,0.9999232533422114,0.19582355998212314,0.025443282319763907,0.15
images17_tol1e-05_seed3,100,True,8,0.9999232533422114,0.19582355998212314,0.025443282319763907,0.075
images17_tol1e-05_seed3,101,True,8,0.9999265741017994,0.17992913335195682,0.02484994366008588,0.075
images17_tol1e-05_seed3,102,True,8,0.9999329555215299,0.14944059684498648,0.023676298222144558,0.075
images17_tol1e-05_seed3,103,True,8,0.9999419315893915,0.10694946396021442,0.02194052259112425,0.075
images17_tol1e-05_seed3,104,True,8,0.9999528892103493,0.060159863319853846,0.019655191500928284,0.075
images17_tol1e-05_seed3,105,True,8,0.9999650570462243,0.04605179018866348,0.016824552788879742,0.075
images17_tol1e-05_seed3,106,True,8,0.9999781878350934,0.06564385642596501,0.013218714062287062,0.0825
images17_tol1e-05_seed3,107,True,8,0.999989862038832,0.09524532551703332,0.009054605958353534,0.09075000000000001
images17_tol1e-05_seed3,108,True,8,0.9999977994619618,0.11891365302206887,0.004765307962714896,0.09982500000000002
images17_tol1e-05_seed3,109,True,8,1.0000004291885756,0.1170544940723089,0.0027362194468583787,0.10980750000000003
images17_tol1e-05_seed3,110,True,8,0.9999971936778422,0.0855643176547871,0.006133112971712064,0.12078825000000004
images17_tol1e-05_seed3,111,True,8,0.9999891611179251,0.057190380672588526,0.010069111478730063,0.13286707500000006
images17_tol1e-05_seed3,112,True,8,0.9999796973841212,0.06474579299387305,0.013085282396004542,0.14615378250000008
images17_tol1e-05_seed3,113,True,8,0.9999796973841212,0.06474579299387305,0.013085282396004542,0.07307689125000004
images17_tol1e-05_seed3,114,True,8,0.9999805427989354,0.057687344250208265,0.012796483668562168,0.07307689125000004
images17_tol1e-05_seed3,115,True,8,0.9999821698770842,0.04442005565243042,0.01222387938284321,0.07307689125000004
images17_tol1e-05_seed3,116,True,8,0.9999844682665625,0.027640641642055302,0.011372300002305831,0.07307689125000004
images17_tol1e-05_seed3,117,True,8,0.9999872993970984,0.01569237804771254,0.010239100293261335,0.07307689125000004
images17_tol1e-05_seed3,118,True,8,0.9999904655363103,0.019710965893627135,0.008823395007499839,0.07307689125000004
images17_tol1e-05_seed3,119,True,8,0.99999382509368,0.03126006776884412,0.007055331195224872,0.08038458037500006
images17_tol1e-05_seed3,120,True,8,0.9999968365759317,0.0400278165292564,0.005031117771421899,0.08842303841250007
images17_tol1e-05_seed3,121,True,8,0.9999990337302577,0.03933659685362943,0.002877964224758937,0.09726534225375008
images17_tol1e-05_seed3,122,True,8,1.0000000475545663,0.02805058069905198,0.0011837211701153515,0.1069918764791251
images17_tol1e-05_seed3,123,True,8,0.9999996723382932,0.020123922628580516,0.0023802032093806313,0.11769106412703761
images17_tol1e-05_seed3,124,True,8,0.9999980500848864,0.020911025229464548,0.004353388802605664,0.12946017053974138
images17_tol1e-05_seed3,125,True,8,0.9999980500848864,0.020911025229464548,0.004353388802605664,0.06473008526987069
images17_tol1e-05_seed3,126,True,8,0.9999981101955074,0.01928775557111412,0.004271854790206596,0.06473008526987069
images17_tol1e-05_seed3,127,True,8,0.9999982274271025,0.0161659123231681,0.0041103498871618025,0.06473008526987069
images17_tol1e-05_seed3,128,True,8,0.9999983967893075,0.011786720537168316,0.0038707540579847083,0.06473008526987069
images17_tol1e-05_seed3,129,True,8,0.9999986128238731,0.006498364042371569,0.0035529051672814984,0.06473008526987069
images17_tol1e-05_seed3,130,True,8,0.9999988724096623,0.004129948610516233,0.003149025049583732,0.06473008526987069
images17_tol1e-05_seed3,131,True,8,0.9999991922565142,0.006252773604727468,0.002606013775503847,0.07120309379685777
images17_tol1e-05_seed3,132,True,8,0.9999991922565142,0.006252773604727468,0.002606013775503847,0.035601546898428885
images17_tol1e-05_seed3,133,True,8,0.9999992002833071,0.006102499568031347,0.0025923738841867896,0.035601546898428885
images17_tol1e-05_seed3,134,True,8,0.9999992161906303,0.005806775837938245,0.002565156750588069,0.035601546898428885
images17_tol1e-05_seed3,135,True,8,0.9999992397081384,0.005375600087168351,0.0025244537231449743,0.035601546898428885
images17_tol1e-05_seed3,136,True,8,0.9999992704621802,0.004824715074851097,0.002470352665838355,0.035601546898428885
images17_tol1e-05_seed3,137,True,8,0.9999993079925864,0.004176764574821546,0.002402908892680539,0.035601546898428885
images17_tol1e-05_seed3,138,True,8,0.9999993560598127,0.00386713448492587,0.0023140528055510035,0.03916170158827178
images17_tol1e-05_seed3,139,True,8,0.999999416108357,0.003780614452329493,0.0021986942924753406,0.04307787174709896
images17_tol1e-05_seed3,140,True,8,0.9999994891021925,0.0036689738223911745,0.0020509182796598995,0.04738565892180886
images17_tol1e-05_seed3,141,True,8,0.9999995746943775,0.0035266985902898938,0.0018647263887028717,0.052124224813989754
images17_tol1e-05_seed3,142,True,8,0.9999996698511825,0.0033490044408235587,0.0016361594774781398,0.05733664729538873
images17_tol1e-05_seed3,143,True,8,0.999999768075064,0.0031331856710494614,0.0013654530047554285,0.0630703120249276
images17_tol1e-05_seed3,144,True,8,0.9999998603899948,0.003163334995226013,0.0010568346131128153,0.06937734322742037
images17_tol1e-05_seed3,145,True,8,0.9999999367366001,0.0030895578777204702,0.0007189011483452804,0.07631507755016241
images17_tol1e-05_seed3,146,True,8,0.9999999870081089,0.002478718427914659,0.0003760681915441458,0.08394658530517866
images17_tol1e-05_seed3,147,True,8,1.000000002565795,0.0019440912484302657,0.00022019938425871406,0.09234124383569654
images17_tol1e-05_seed3,148,True,8,0.999999979671838,0.0018455904413802286,0.0004985041294596022,0.1015753682192662
images17_tol1e-05_seed3,149,True,8,0.9999999259323461,0.0027373331370958657,0.0008156507180495149,0.11173290504119283
images17_tol1e-05_seed3,150,True,8,0.9999998609903165,0.0029513334891718883,0.001072565954368496,0.12290619554531212
images17_tol1e-05_seed3,151,True,8,0.9999998114807795,0.002455377844885889,0.0012307941485489513,0.13519681509984335
images17_tol1e-05_seed3,152,True,8,0.9999998054246014,0.0016944446832061664,0.0012487373948412693,0.1487164966098277
images17_tol1e-05_seed3,153,True,8,0.999999852979108,0.002196649323839984,0.0010964059624675537,0.15
images17_tol1e-05_seed3,154,True,8,0.9999999235195529,0.002214329860211704,0.0008114362989141496,0.15
images17_tol1e-05_seed3,155,True,8,0.9999999801922056,0.0016522041958076982,0.00044956235059238,0.15
images17_tol1e-05_seed3,156,True,8,1.0000000008309322,0.0011647556704317602,0.00011701340319950639,0.15
images17_tol1e-05_seed3,157,True,8,0.9999999837017105,0.0017487728868874944,0.0003624712816477197,0.15
images17_tol1e-05_seed3,158,True,8,0.9999999837017105,0.0017487728868874944,0.0003624712816477197,0.075
images17_tol1e-05_seed3,159,True,8,0.9999999844250519,0.0015401513628461464,0.00035427475999884155,0.075
images17_tol1e-05_seed3,160,True,8,0.9999999858138637,0.0011499403125282905,0.0003379927345105474,0.075
images17_tol1e-05_seed3,161,True,8,0.9999999877731822,0.000692078561419295,0.0003136195958037008,0.075
images17_tol1e-05_seed3,162,True,8,0.9999999902110218,0.0003115946807166725,0.0002804170614403392,0.075
images17_tol1e-05_seed3,163,True,8,0.9999999930518951,0.0005712681709411096,0.00023603329681821535,0.075
images17_tol1e-05_seed3,164,True,8,0.9999999930518951,0.0005712681709411096,0.00023603329681821535,0.0375
images17_tol1e-05_seed3,165,True,8,0.9999999931297818,0.000556408072736981,0.00023470359682622994,0.0375
images17_tol1e-05_seed3,166,True,8,0.9999999932839349,0.0005272875604533431,0.00023204953515667127,0.0375
images17_tol1e-05_seed3,167,True,8,0.9999999935113906,0.0004851554237477095,0.00022807737977666967,0.0375
images17_tol1e-05_seed3,168,True,8,0.9999999938081179,0.0004320106450906207,0.00022278977158450864,0.0375
images17_tol1e-05_seed3,169,True,8,0.9999999941692703,0.0003708247225310648,0.00021618084083609767,0.0375
images17_tol1e-05_seed3,170,True,8,0.999999994630499,0.00030439631264254176,0.0002074366066263676,0.04125
images17_tol1e-05_seed3,171,True,8,0.999999995204675,0.00025313735197914013,0.0001960102575970082,0.045375000000000006
images17_tol1e-05_seed3,172,True,8,0.9999999958988716,0.00021244852423550956,0.00018124210671051995,0.04991250000000001
images17_tol1e-05_seed3,173,True,8,0.9999999967024787,0.00019824261520238605,0.00016248900111172,0.054903750000000015
images17_tol1e-05_seed3,174,True,8,0.999999997568697,0.0002474150277769022,0.00013949583382904328,0.06039412500000002
images17_tol1e-05_seed3,175,True,8,0.9999999984176383,0.00029330395864523147,0.00011251599407829813,0.06643353750000003
images17_tol1e-05_seed3,176,True,8,0.9999999991592348,0.00030464524942593225,8.201958999903489e-05,0.07307689125000004
images17_tol1e-05_seed3,177,True,8,0.999999999705764,0.0002669608265647877,4.86085328850944e-05,0.08038458037500006
images17_tol1e-05_seed3,178,True,8,0.999999999980027,0.0001792618124307372,1.3468171042995286e-05,0.08842303841250007
images17_tol1e-05_seed3,179,True,8,0.999999999932595,0.00012971577719727046,2.3924304952860683e-05,0.09726534225375008
images17_tol1e-05_seed3,180,True,8,0.9999999995804877,0.00015902615826486317,5.8238574082480434e-05,0.1069918764791251
images17_tol1e-05_seed3,181,True,8,0.9999999990322802,0.00023111686914487878,8.814267914260015e-05,0.11769106412703761
images17_tol1e-05_seed3,182,True,8,0.9999999984671589,0.00021108708888699533,0.00011079630318116844,0.12946017053974138
images17_tol1e-05_seed3,183,True,8,0.9999999981199754,0.0001529647691300991,0.00012264523756766872,0.14240618759371554
images17_tol1e-05_seed3,184,True,8,0.9999999982299674,0.00014055910795285752,0.00011900365928901365,0.15
images17_tol1e-05_seed3,185,True,8,0.9999999987625502,0.00019512657167183617,9.955006811532347e-05,0.15
images17_tol1e-05_seed3,186,True,8,0.99999999940272,0.0001591075630154861,6.9255819627394e-05,0.15
images17_tol1e-05_seed3,187,True,8,0.9999999998684084,0.00011349286486316241,3.2701770564451206e-05,0.15
images17_tol1e-05_seed3,188,True,8,0.9999999999960968,0.00012140642939910729,6.218828503962694e-06,0.15
images17_tol1e-05_seed3,189,True,8,0.9999999997985589,0.0001502424807618651,4.015006669155257e-05,0.15
images17_tol1e-05_seed3,190,True,8,0.9999999994467501,0.00013223337660009163,6.654149448742484e-05,0.15
images17_tol1e-05_seed3,191,True,8,0.9999999994467501,0.00013223337660009163,6.654149448742484e-05,0.075
images17_tol1e-05_seed3,192,True,8,0.9999999994713633,0.00011772677590492377,6.50439164926978e-05,0.075
images17_tol1e-05_seed3,193,True,8,0.9999999995185241,9.076536039837379e-05,6.207366427820113e-05,0.075
images17_tol1e-05_seed3,194,True,8,0.9999999995845105,7.114113645596346e-05,5.766182198732362e-05,0.075
images17_tol1e-05_seed3,195,True,8,0.9999999996642331,6.199203441390436e-05,5.183363509219878e-05,0.075
images17_tol1e-05_seed3,196,True,8,0.9999999997506237,5.324293876637583e-05,4.466853583478748e-05,0.075
images17_tol1e-05_seed3,197,True,8,0.9999999998409831,7.013713032364083e-05,3.566770169601983e-05,0.0825
images17_tol1e-05_seed3,198,True,8,0.9999999999214905,8.49451584032145e-05,2.5061594059689464e-05,0.09075000000000001
images17_tol1e-05_seed3,199,True,8,0.9999999999782372,7.844448134509788e-05,1.3200442107364179e-05,0.09982500000000002
images17_tol1e-05_seed3,200,True,8,0.9999999999999788,4.757122018712769e-05,7.56450938557904e-07,0.10980750000000003
images17_tol1e-05_seed3,201,True,8,0.9999999999818109,2.758179209260408e-05,1.2087253074536843e-05,0.12078825000000004
images17_tol1e-05_seed3,202,True,8,0.9999999999818109,2.758179209260408e-05,1.2087253074536843e-05,0.06039412500000002
images17_tol1e-05_seed3,203,True,8,0.9999999999823371,2.7246559164494502e-05,1.1910431297201473e-05,0.06039412500000002
images17_tol1e-05_seed3,204,True,8,0.9999999999833596,2.6582980093391388e-05,1.1559229471914898e-05,0.06039412500000002
images17_tol1e-05_seed3,205,True,8,0.9999999999848204,2.5604298830956526e-05,1.1038222628782652e-05,0.06039412500000002
images17_tol1e-05_seed3,206,True,8,0.9999999999866377,2.432971479567036e-05,1.0353992253486645e-05,0.06039412500000002
images17_tol1e-05_seed3,207,True,8,0.9999999999887084,2.2784452625373922e-05,9.515327573819967e-06,0.06039412500000002
images17_tol1e-05_seed3,208,True,8,0.9999999999911187,2.082246081009256e-05,8.435733658935486e-06,0.06643353750000003
images17_tol1e-05_seed3,209,True,8,0.9999999999937366,1.8405668610393217e-05,7.081325891401067e-06,0.07307689125000004
images17_tol1e-05_seed3,210,True,8,0.9999999999963147,1.646801278235687e-05,5.429794208925536e-06,0.08038458037500006
images17_tol1e-05_seed3,211,True,8,0.999999999998483,1.4449717367204215e-05,3.486063198089242e-06,0.08842303841250007
images17_tol1e-05_seed3,212,True,8,0.9999999999997916,1.1845650770830334e-05,1.318782188416139e-06,0.09726534225375008
images17_tol1e-05_seed3,213,True,8,0.999999999999885,1.2881708833173185e-05,1.026477951912241e-06,0.1069918764791251
images17_tol1e-05_seed3,214,True,8,0.9999999999987501,1.5151218913469679e-05,3.1872651933630182e-06,0.11769106412703761
images17_tol1e-05_seed3,215,True,8,0.9999999999968063,1.6316276388925795e-05,5.067159648611897e-06,0.12946017053974138
images17_tol1e-05_seed3,216,True,8,0.9999999999948722,1.5966211284128464e-05,6.409285679113714e-06,0.14240618759371554
images17_tol1e-05_seed3,217,True,8,0.9999999999940392,1.3810845575592262e-05,6.905913512726616e-06,0.15
images17_tol1e-05_seed3,218,True,8,0.9999999999948792,1.0050429279414565e-05,6.401408346317992e-06,0.15
images17_tol1e-05_seed3,219,True,8,0.9999999999970208,7.946224114152664e-06,4.887330701042045e-06,0.15
