evidence_role,time_min,signal_au,fitted_au,residual_au,baseline_au
synthetic,5.8,82.11906632804474,31.923453938951134,50.195612389093604,31.92345393892439
synthetic,5.801,4.776541012638809,31.94434484222424,-27.16780382958543,31.944344842194873
synthetic,5.802,236.54279513301688,31.965235745497587,204.5775593875193,31.96523574546534
synthetic,5.803,75.89403514594733,31.98612664877123,43.907908497176095,31.98612664873582
synthetic,5.803999999999999,-116.26881194829441,32.007017552045156,-148.27582950033957,32.00701755200629
synthetic,5.805,152.91851647288811,32.02790845531945,120.89060801756867,32.02790845527677
synthetic,5.806,435.648013539088,32.04879935859411,403.5992141804939,32.04879935854725
synthetic,5.8069999999999995,328.58028893882414,32.06969026186915,296.510598676955,32.06969026181771
synthetic,5.808,-166.6565707420413,32.090581165144656,-198.74715190718598,32.090581165088196
synthetic,5.809,-335.15444131375375,32.11147206842064,-367.2659133821744,32.11147206835868
synthetic,5.81,-142.50233876113765,32.132362971697134,-174.6347017328348,32.13236297162915
synthetic,5.811,56.885793804247726,32.15325387497424,24.732539929273486,32.15325387489963
synthetic,5.811999999999999,-653.0132323915684,32.17414477825197,-685.1873771698204,32.174144778170096
synthetic,5.813,-21.133499179673862,32.1950356815304,-53.32853486120426,32.19503568144058
synthetic,5.814,-329.261284175821,32.21592658480961,-361.4772107606306,32.215926584711056
synthetic,5.8149999999999995,-175.16020641092732,32.23681748808963,-207.39702389901694,32.236817487981526
synthetic,5.816,-118.74969485707433,32.25770839137059,-151.00740324844492,32.25770839125201
synthetic,5.817,-50.35404691061623,32.278599294652565,-82.6326462052688,32.27859929452249
synthetic,5.818,168.03316091238258,32.29949019793562,135.73367071444696,32.299490197792956
synthetic,5.819,357.30601083295977,32.3203811012199,324.9856297317399,32.32038110106344
synthetic,5.819999999999999,5.999601116961372,32.341272004505484,-26.34167088754411,32.3412720043339
synthetic,5.821,454.50704116509394,32.36216290779254,422.1448782573014,32.362162907604386
synthetic,5.822,-154.98240204577766,32.38305381108117,-187.36545585685883,32.38305381087487
synthetic,5.8229999999999995,150.0370210281322,32.403944714371534,117.63307631376065,32.40394471414533
synthetic,5.824,315.6330544957907,32.4248356176638,283.2082188781269,32.424835617415816
synthetic,5.825,72.80368932853435,32.44572652095817,40.35796280757618,32.4457265206863
synthetic,5.826,-178.44177480584437,32.4666174242548,-210.90839223009917,32.46661742395676
synthetic,5.827,-231.901612877199,32.48750832755394,-264.38912120475294,32.487508327227246
synthetic,5.827999999999999,-92.69374769984353,32.5083992308558,-125.20214693069933,32.50839923049771
synthetic,5.829,110.69053704140745,32.529290134160675,78.16124690724678,32.52929013376819
synthetic,5.83,-258.24545506119046,32.550181037468825,-290.79563609865926,32.550181037038676
synthetic,5.8309999999999995,-18.104672461042313,32.571071940780556,-50.67574440182287,32.57107194030914
synthetic,5.832,-3.1115029738264965,32.59196284409624,-35.70346581792273,32.59196284357962
synthetic,5.833,206.91767540630866,32.612853747416224,174.30482165889242,32.61285374685011
synthetic,5.834,109.06973675252286,32.63374465074091,76.43599210178195,32.63374465012057
synthetic,5.835,151.2918127126564,32.65463555407076,118.63717715858564,32.65463555339105
synthetic,5.835999999999999,-151.46058282475678,32.67552645740625,-184.13610928216303,32.675526456661515
synthetic,5.837,5.811909892985433,32.69641736074795,-26.884507467762518,32.696417359932
synthetic,5.838,279.89664101929316,32.71730826409642,247.17933275519675,32.71730826320248
synthetic,5.8389999999999995,492.7413435672079,32.73819916745228,460.00314439975557,32.738199166472945
synthetic,5.84,-332.9996596301628,32.759090070816285,-365.7587497009791,32.75909006974343
synthetic,5.841,498.9051324228945,32.77998097418917,466.1251514487053,32.77998097301391
synthetic,5.842,448.49862713597923,32.80087187757177,415.6977552584075,32.800871876284376
synthetic,5.843,279.137420211539,32.821762780965045,246.31565743057394,32.82176277955486
synthetic,5.843999999999999,124.08868910033627,32.84265368436996,91.2460354159663,32.84265368282533
synthetic,5.845,-49.41684435923586,32.86354458778766,-82.28038894702351,32.86354458609581
synthetic,5.846,482.1742050629414,32.88443549121933,449.28976957172205,32.88443548936629
synthetic,5.8469999999999995,632.8534949370197,32.905326394666275,599.9481685423534,32.90532639263675
synthetic,5.848,585.2744609620611,32.92621729813001,552.348243663931,32.926217295907236
synthetic,5.849,439.32312942274626,32.94710820161207,406.3760212211342,32.94710819917772
synthetic,5.85,152.0141232003538,32.967999105114195,119.0461240952396,32.96799910244819
synthetic,5.851,-317.68758968173074,32.98889000863832,-350.6764796903691,32.98889000571867
synthetic,5.851999999999999,43.479760067173565,33.0097809121865,10.469979154987065,33.009780908989136
synthetic,5.853,241.76648052640346,33.03067181576103,208.73580871064243,33.03067181225961
synthetic,5.854,-341.67643912103057,33.051562719364426,-374.728001840395,33.051562715530096
synthetic,5.8549999999999995,163.37661805880282,33.07245362299938,130.30416443580344,33.072453618800566
synthetic,5.856,173.80710845126856,33.09334452666894,140.71376392459962,33.09334452207105
synthetic,5.857,253.66881719389718,33.11423543037636,220.55458176352082,33.11423542534153
synthetic,5.858,-310.37139002164156,33.13512633412522,-343.5065163557668,33.135126328611996
synthetic,5.859,-153.63877160567134,33.15601723791948,-186.79478884359082,33.15601723188247
synthetic,5.859999999999999,-86.05057413635356,33.17690814176343,-119.22748227811698,33.17690813515294
synthetic,5.861,-306.0525723246183,33.19779904566181,-339.25037137028016,33.197799038423426
synthetic,5.862,566.7063631469688,33.218689949619794,533.487673197349,33.21868994169391
synthetic,5.8629999999999995,-103.86921852396392,33.239580853643,-137.1087993776069,33.23958084496437
synthetic,5.864,143.6028888475667,33.26047175773767,110.34241708982904,33.260471748234856
synthetic,5.865,-32.6517636317684,33.281362661910585,-65.93312629367898,33.28136265150534
synthetic,5.866,519.969863652034,33.302253566169156,486.6676100858648,33.3022535547758
synthetic,5.867,441.0442961370312,33.32314447052156,407.7211516665096,33.323144458046286
synthetic,5.867999999999999,234.94978686113907,33.3440353749767,201.60575148616238,33.34403536131675
synthetic,5.869,-616.1009641790331,33.36492627954436,-649.4658904585774,33.36492626458723
synthetic,5.87,60.56869229434892,33.38581718423525,27.18287511011367,33.38581716785772
synthetic,5.8709999999999996,250.07385725089912,33.406708089061055,216.66714916183807,33.40670807112818
synthetic,5.872,346.1644727722933,33.42759899403467,312.73687377825865,33.42759897439866
synthetic,5.873,-140.38811339077228,33.44848989917013,-173.8366032899424,33.44848987766915
synthetic,5.874,591.5954090220478,33.469380804482824,558.1260282175649,33.46938078093961
synthetic,5.875,-351.1292909782002,33.49027170998969,-384.6195626881899,33.49027168421009
synthetic,5.8759999999999994,-153.45040651632814,33.51116261570917,-186.9615691320373,33.511162587480555
synthetic,5.877,325.5309964651269,33.53205352166155,291.99894294346535,33.53205349075104
synthetic,5.878,59.74038418145158,33.55294442786901,26.187439753582574,33.55294439402152
synthetic,5.879,645.7497751306519,33.57383533435582,612.175939796296,33.573835297291986
synthetic,5.88,101.59575779433837,33.59472624114866,68.0010315531897,33.59472620056247
synthetic,5.881,-144.9102270132107,33.61561714827668,-178.52584416148736,33.61561710383295
synthetic,5.882,-68.21305152115934,33.6365080557718,-101.84955957693114,33.636508007103416
synthetic,5.883,-282.27983523244745,33.65739896366907,-315.9372341961165,33.6573989103739
synthetic,5.8839999999999995,-338.23204985760253,33.67828987200679,-371.91033972960935,33.67828981364437
synthetic,5.885,234.20344729440063,33.69918078082701,200.5042665135736,33.699180716914846
synthetic,5.886,219.43774379385263,33.720071690175715,185.71767210367693,33.72007162018533
synthetic,5.887,433.4636459090049,33.740962600103316,399.7226833089016,33.74096252345579
synthetic,5.888,-181.2777372940164,33.76185351066503,-215.0395908046814,33.761853426726276
synthetic,5.889,551.8442358250528,33.78274442192135,518.0614914031314,33.78274432999676
synthetic,5.89,-41.096312241900144,33.8036353339385,-74.89994757583864,33.80363523326723
synthetic,5.891,517.4504837636583,33.824526246789105,483.6259575168692,33.82452613653771
synthetic,5.8919999999999995,-84.6997540340011,33.84541716055261,-118.54517119455372,33.845417039808176
synthetic,5.893,-175.5009875704087,33.866308075316134,-209.36729564572485,33.86630794307865
synthetic,5.894,120.0876116124654,33.88719899117505,86.20041262129035,33.887198846349136
synthetic,5.895,354.59592561949864,33.90808990823379,320.6878357112648,33.908089749619606
synthetic,5.896,93.4708731883665,33.928980826606825,59.54189236175967,33.92898065289009
synthetic,5.897,-130.48264704669185,33.94987174641946,-164.4325187931113,33.94987155616057
synthetic,5.898,-357.1819140145684,33.9707626678089,-391.1526766823773,33.970762459431036
synthetic,5.899,-375.26406424694534,33.99165359092552,-409.25571783787086,33.99165336270151
synthetic,5.8999999999999995,196.0048552124856,34.0125445159339,161.99231069655173,34.01254426597198
synthetic,5.901,342.1219102595827,34.033435443014326,308.08847481656835,34.033435169242466
synthetic,5.902,-4.072377487660816,34.05432637236419,-38.126703860025,34.05432607251295
synthetic,5.903,-277.08545714003276,34.07521730419962,-311.16067444423237,34.07521697578341
synthetic,5.904,307.1446461463036,34.09610823875734,273.0485379075463,34.096107879053896
synthetic,5.905,-338.8781830203043,34.116999176296474,-372.99518219660075,34.11699878232437
synthetic,5.906,-168.67242808617232,34.137890117100724,-202.81031820327303,34.13788968559484
synthetic,5.907,231.561356534757,34.15878106148074,197.40257547327627,34.158780588865326
synthetic,5.9079999999999995,-629.7783515546155,34.179672009776525,-663.958023564392,34.17967149213579
synthetic,5.909,161.18287983697718,34.200562962360344,126.98231687461683,34.20056239540627
synthetic,5.91,-129.2122503017459,34.22145391963963,-163.43370422138554,34.22145329867676
synthetic,5.911,78.07190992361114,34.24234488206032,43.82956504155082,34.24234420194722
synthetic,5.912,22.58554287881247,34.26323585011057,-11.6776929712981,34.2632351052177
synthetic,5.913,105.93831932920449,34.284126824324495,71.65419250488,34.28412600848819
synthetic,5.914,253.56358190582546,34.305017805286646,219.25856410053882,34.30501691175865
synthetic,5.915,-182.1909242907042,34.32590879363671,-216.5168330843409,34.32590781502913
synthetic,5.9159999999999995,471.622607765578,34.34679979007449,437.2758079755035,34.346798718299596
synthetic,5.917,263.164137858372,34.367690795365746,228.79644706300624,34.36768962157008
synthetic,5.918,298.4637999767549,34.38858181034813,264.0752181664068,34.38858052484056
synthetic,5.919,394.81119574142406,34.409472835937976,360.40172290548605,34.409471428111026
synthetic,5.92,281.636468053829,34.430363873137594,247.2061041806914,34.43036233138151
synthetic,5.921,298.5916058623062,34.451254923043216,264.140350939263,34.45125323465199
synthetic,5.922,68.05408507216144,34.472145986853675,33.581939085307766,34.472144137922456
synthetic,5.923,-382.6481532718385,34.49303706587999,-417.1411903377185,34.49303504119294
synthetic,5.9239999999999995,4.878472206413974,34.51392816155558,-29.63545595514161,34.51392594446341
synthetic,5.925,-185.4543896248376,34.534819275447695,-219.9892089002853,34.534816847733886
synthetic,5.926,-381.41452789586145,34.55571040926962,-415.9702383051311,34.55570775100437
synthetic,5.927,122.95184018505284,34.57660156489415,88.3752386201587,34.57659865427483
synthetic,5.928,-125.14083305688945,34.59749274436827,-159.7383258012577,34.597489557545316
synthetic,5.929,-263.509327913699,34.618383949929054,-298.12771186362806,34.6183804608158
synthetic,5.93,-267.4603202008579,34.63927518402109,-302.09959538487897,34.63927136408627
synthetic,5.931,125.97312809536407,34.66016644931547,91.3129616460486,34.660162267356746
synthetic,5.9319999999999995,153.05758932999566,34.68105774873035,118.37653158126531,34.68105317062721
synthetic,5.933,442.2012459424579,34.70194908545363,407.49929685700425,34.70194407389769
synthetic,5.934,41.29760492949066,34.722840462967284,6.574764466523376,34.722834977168176
synthetic,5.935,358.0319337694748,34.74373188507416,323.2882018844006,34.743725880438646
synthetic,5.936,466.16745460504586,34.76462335592707,431.4028312491188,34.76461678370913
synthetic,5.937,390.54569803914427,34.78551488006038,355.7601831590839,34.78550768697961
synthetic,5.938,-664.0871640096708,34.806406462424476,-698.8935704720952,34.806398590250076
synthetic,5.939,414.1171243772745,34.82729810842334,379.28982626885113,34.82728949352055
synthetic,5.9399999999999995,147.40601190320822,34.84818982395523,112.55782207925299,34.84818039679102
synthetic,5.941,172.6594161729651,34.86908161545722,137.7903345575079,34.869071300061506
synthetic,5.942,156.90423660918697,34.889973489953334,122.01426311923363,34.88996220333199
synthetic,5.943,160.3711604315531,34.910865455107185,125.46029497644592,34.91085310660245
synthetic,5.944,141.37627958708282,34.93175751927909,106.44452206780373,34.931744009872936
synthetic,5.945,-62.113977781025945,34.952649691588064,-97.06662747261402,34.95263491314341
synthetic,5.946,-524.9225733449524,34.97354198197939,-559.8961153269317,34.97352581641388
synthetic,5.947,12.901599311844478,34.99443440129801,-22.09283508945353,34.99441671968437
synthetic,5.9479999999999995,-195.535535215141,35.015326961368125,-230.55086217650913,35.01530762295483
synthetic,5.949,369.64104491307427,35.036219675079906,334.60482523799436,35.03619852622531
synthetic,5.95,-41.02992866855051,35.05711255648347,-76.08704122503397,35.0570894294958
synthetic,5.951,70.65063212354049,35.07800562089104,35.57262650264945,35.07798033276626
synthetic,5.952,-209.2657590305233,35.09889888498796,-244.36465791551126,35.09887123603674
synthetic,5.952999999999999,-107.56271013794894,35.11979236695295,-142.6825025049019,35.119762139307205
synthetic,5.954,42.1721145421742,35.14068608658895,7.0314284555852495,35.14065304257769
synthetic,5.955,-399.97251915499004,35.161580065464825,-435.13409922045486,35.16154394584817
synthetic,5.9559999999999995,135.85357377113095,35.18247432706928,100.67109944406167,35.182434849118636
synthetic,5.957,13.834367115429345,35.20336889697784,-21.369001781548498,35.20332575238912
synthetic,5.958,-310.0518943486352,35.22426380303379,-345.276158151669,35.2242166556596
synthetic,5.959,-673.797808096732,35.2451590755445,-709.0429671722765,35.245107558930066
synthetic,5.96,199.59569645582616,35.26605474749426,164.3296417083319,35.26599846220055
synthetic,5.961,-43.58715018676439,35.286950854774936,-78.87410104153932,35.28688936547103
synthetic,5.962,-113.30645679029607,35.30784743643588,-148.61430422673195,35.307780268741496
synthetic,5.963,-25.142315584917277,35.32874453495492,-60.4710601198722,35.32867117201198
synthetic,5.9639999999999995,590.6548623942219,35.349642196531526,555.3052201976905,35.34956207528244
synthetic,5.965,30.77979678424053,35.37054047140478,-4.590743687164249,35.370452978552926
synthetic,5.966,71.71387443891828,35.391439414197215,36.32243502472107,35.39134388182341
synthetic,5.967,-400.3857565926922,35.41233908428746,-435.79809567697964,35.41223478509387
synthetic,5.968,539.9458337762197,35.433239546213336,504.5125942300064,35.433125688364356
synthetic,5.968999999999999,320.9985193241687,35.454140870108056,285.5443784540606,35.454016591634826
synthetic,5.97,365.84059575215775,35.47504313217238,330.36555261998535,35.47490749490531
synthetic,5.971,60.06996739484811,35.495946415185045,24.574020979663068,35.495798398175786
synthetic,5.9719999999999995,320.77259817039334,35.51685080905498,285.25574736133836,35.51668930144625
synthetic,5.973,157.0682267515796,35.537756411418414,121.53047034016119,35.53758020471673
synthetic,5.974,229.74891559578631,35.55866332828415,194.19025226750216,35.558471107987216
synthetic,5.975,0.14232216009613552,35.579571674731106,-35.43724951463497,35.579362011257686
synthetic,5.976,-396.35815573092566,35.60048157566217,-431.95863730658783,35.60025291452817
synthetic,5.977,354.47255371182365,35.62139316661831,318.85116054520535,35.62114381779865
synthetic,5.978,-534.663619085643,35.6423065946581,-570.305925680301,35.64203472106911
synthetic,5.979,-26.148704957014026,35.66322201930752,-61.811926976321544,35.66292562433959
synthetic,5.9799999999999995,-15.516423406619452,35.68413961358515,-51.200563020204605,35.68381652761006
synthetic,5.981,-267.00969013180935,35.70505956510908,-302.71474969691843,35.704707430880546
synthetic,5.982,229.79332467558163,35.72598207729111,194.0673425982905,35.72559833415103
synthetic,5.983,-14.234492255890295,35.74690737062547,-49.98139962651577,35.74648923742149
synthetic,5.984,-85.18804209954747,35.76783568407886,-120.95587778362633,35.76738014069197
synthetic,5.984999999999999,201.83301556482016,35.7887672765894,166.04424828823076,35.78827104396244
synthetic,5.986,-97.0851716443333,35.80970242868308,-132.89487407301638,35.80916194723292
synthetic,5.987,462.5905810899879,35.830641444216006,426.7599396457719,35.83005285050341
synthetic,5.9879999999999995,151.34116380271365,35.85158465225223,115.48957915046142,35.85094375377387
synthetic,5.989,-96.3871982467582,35.87253240908708,-132.2597306558453,35.87183465704435
synthetic,5.99,-537.3587332002835,35.89348510042677,-573.2522183007103,35.89272556031484
synthetic,5.991,-346.39713233092465,35.91444314373584,-382.31157547466046,35.9136164635853
synthetic,5.992,371.98613511797106,35.93540699076498,336.05072812720607,35.93450736685578
synthetic,5.992999999999999,30.763759994881735,35.95637713027204,-5.192617135390304,35.955398270126246
synthetic,5.994,-38.98445471325906,35.977354090950946,-74.96180880421001,35.97628917339673
synthetic,5.995,538.9366427190253,35.99833844458298,502.93830427444226,35.99718007666721
synthetic,5.9959999999999996,-338.8255133087578,36.019330809427245,-374.84484411818505,36.018070979937676
synthetic,5.997,-129.71996989181153,36.04033185386714,-165.76030174567867,36.03896188320816
synthetic,5.998,-95.79081341731963,36.06134230033139,-131.85215571765102,36.05985278647864
synthetic,5.999,221.89480380240786,36.08236292950952,185.81244087289835,36.080743689749106
synthetic,6.0,-153.05879938872977,36.10339458488271,-189.1621939736125,36.10163459301959
synthetic,6.0009999999999994,-138.01544178440923,36.12443817759228,-174.13987996200152,36.12252549629005
synthetic,6.002,-435.5267406465049,36.14549469167042,-471.6722353381753,36.143416399560536
synthetic,6.003,264.8310792281088,36.16656518965786,228.66451403845096,36.16430730283102
synthetic,6.004,287.8762603125951,36.187650818636605,251.6886094939585,36.18519820610148
synthetic,6.005,-96.87036035716767,36.20875281670645,-133.07911317387413,36.206089109371966
synthetic,6.006,95.05287633653205,36.229872519936166,58.823003816595886,36.22698001264245
synthetic,6.007,-341.73469619528476,36.25101136982281,-377.9857075651076,36.24787091591291
synthetic,6.008,-95.47653712898568,36.27217092129415,-131.74870805027984,36.268761819183396
synthetic,6.0089999999999995,459.460986150196,36.29335285129165,423.1676332989043,36.289652722453866
synthetic,6.01,86.80323578133866,36.31455896797439,50.488676813364265,36.31054362572434
synthetic,6.011,739.2014029646319,36.33579122058592,702.865611744046,36.331434528994826
synthetic,6.012,-190.0570961187375,36.35705171002974,-226.41414782876723,36.35232543226529
synthetic,6.013,220.19445165008844,36.37834270020153,183.8161089498869,36.37321633553577
synthetic,6.014,-12.534188671804664,36.39966663012916,-48.933855301933825,36.39410723880626
synthetic,6.015,215.87138234006838,36.42102612697518,179.4503562130932,36.414998142076726
synthetic,6.016,43.97112740501596,36.44242401995977,7.52870338505619,36.43588904534721
synthetic,6.0169999999999995,-122.216349365343,36.46386335526542,-158.68021272060844,36.45677994861767
synthetic,6.018,-214.13335236139352,36.485347411989174,-250.6186997733827,36.47767085188815
synthetic,6.019,965.9713400796305,36.50687971921152,929.464460360419,36.49856175515863
synthetic,6.02,22.965493927102823,36.52846407425598,-13.562970147153155,36.5194526584291
synthetic,6.021,-558.8204456114292,36.550104562217676,-595.370550173647,36.540343561699586
synthetic,6.022,-148.39361076964093,36.571805576843786,-184.96541634648472,36.56123446497007
synthetic,6.023,249.60736513486043,36.59357184285432,213.0137932920061,36.58212536824053
synthetic,6.024,-103.79813722829073,36.61540843979669,-140.4135456680874,36.60301627151101
synthetic,6.0249999999999995,454.3472749953609,36.637320827532974,417.70995416782796,36.62390717478148
synthetic,6.026,346.94199928635476,36.65931487346543,310.28268441288935,36.64479807805196
synthetic,6.027,0.5301178341949679,36.68139688161116,-36.15127904741619,36.66568898132245
synthetic,6.028,-95.42378836628654,36.70357362364423,-132.12736198993076,36.68657988459291
synthetic,6.029,-255.18991974730912,36.7258523720302,-291.9157721193393,36.70747078786339
synthetic,6.03,-163.7300826202994,36.74824093538494,-200.47832355568437,36.72836169113387
synthetic,6.031,-395.67342641236854,36.77074769619836,-432.4441741085669,36.74925259440434
synthetic,6.032,407.59812655860947,36.79338165107069,370.80474490753875,36.77014349767482
synthetic,6.0329999999999995,523.4993551994633,36.816152453618066,486.68320274584516,36.791034400945286
synthetic,6.034,-330.54227468549726,36.83907046021347,-367.3813451457107,36.81192530421577
synthetic,6.035,-308.1955609855758,36.862146778737554,-345.05770776431336,36.83281620748625
synthetic,6.036,-484.2338696901932,36.88539332052498,-521.1192630107182,36.853707110756716
synthetic,6.037,-242.82604306984967,36.908822855701544,-279.7348659255512,36.8745980140272
synthetic,6.038,-885.5600788346952,36.932449072118374,-922.4925279068136,36.89548891729768
synthetic,6.039,-296.3317786835632,36.95628663810167,-333.2880653216649,36.916379820568146
synthetic,6.04,435.4377020730731,36.980351269247734,398.4573508038254,36.93727072383863
synthetic,6.0409999999999995,-57.32725897401084,37.00465979950596,-94.3319187735168,36.95816162710909
synthetic,6.042,302.76144998760327,37.029230256806265,265.732219730797,36.979052530379576
synthetic,6.043,-100.29257871816499,37.05408194350045,-137.34666066166545,36.99994343365006
synthetic,6.044,574.6105923346323,37.07923552190241,537.5313568127299,37.02083433692052
synthetic,6.045,106.18838495617021,37.104713105227084,69.08367185094312,37.041725240191006
synthetic,6.046,-68.16476310136795,37.13053835424364,-105.2953014556116,37.06261614346149
synthetic,6.047,812.1764396285685,37.1567365799761,775.0197030485924,37.08350704673195
synthetic,6.048,-50.87861733597037,37.183334852801266,-88.06195218877164,37.104397950002436
synthetic,6.0489999999999995,-319.88992883271874,37.21036211831238,-357.1002909510311,37.125288853272906
synthetic,6.05,107.0646731561234,37.23784932033664,69.82682383578677,37.14617975654338
synthetic,6.051,34.8562505044566,37.2658295315137,-2.409579027057106,37.16707065981387
synthetic,6.052,366.41974588710457,37.294338091864255,329.12540779524033,37.18796156308433
synthetic,6.053,-229.95161343004492,37.32341275579915,-267.27502618584407,37.20885246635481
synthetic,6.054,287.9704337874671,37.3530938480418,250.61733993942528,37.2297433696253
synthetic,6.055,302.3973354436901,37.38342442896162,265.0139110147285,37.250634272895766
synthetic,6.056,-153.71525790568927,37.414450469839934,-191.12970837552922,37.27152517616624
synthetic,6.0569999999999995,95.58301133959729,37.4462210386158,58.13679030098149,37.292416079436705
synthetic,6.058,-202.59610057860942,37.47878849668704,-240.07488907529645,37.31330698270719
synthetic,6.059,750.3924382561033,37.51220870736812,712.8802295487352,37.33419788597767
synthetic,6.06,-164.57041059551923,37.54654125663751,-202.11695185215675,37.35508878924814
synthetic,6.061,-89.2284571255083,37.58184968683624,-126.81030681234455,37.37597969251863
synthetic,6.062,-273.03406907807914,37.61820174401105,-310.6522708220902,37.3968705957891
synthetic,6.063,-57.09446764314146,37.65566963962918,-94.75013728277065,37.41776149905957
synthetic,6.064,45.0048771148075,37.69433032742505,7.3105467873824495,37.43865240233005
synthetic,6.0649999999999995,277.1314707498066,37.73426579617437,239.39720495363224,37.45954330560052
synthetic,6.066,-136.32285650840984,37.77556337922922,-174.09841988763907,37.480434208871
synthetic,6.067,-8.879187976143896,37.8183160816836,-46.697504057827494,37.50132511214149
synthetic,6.068,-378.06239381141796,37.86262292608078,-415.92501673749877,37.52221601541195
synthetic,6.069,-201.30317584911143,37.90858931761302,-239.21176516672443,37.54310691868243
synthetic,6.07,873.694607487424,37.9563274298069,835.7382800576171,37.56399782195291
synthetic,6.071,359.3620364440833,38.00595661173226,321.35607983235104,37.58488872522338
synthetic,6.072,-187.39937657282871,38.05760381781734,-225.45698039064604,37.60577962849386
synthetic,6.0729999999999995,-354.1504264540405,38.111404061399185,-392.26183051543967,37.626670531764326
synthetic,6.074,-245.5628964688627,38.16750089318884,-283.7303973620515,37.64756143503481
synthetic,6.075,40.650350791272075,38.22604690587808,2.4243038853939964,37.66845233830529
synthetic,6.076,57.62421248469389,38.287204266169155,19.337008218524737,37.689343241575756
synthetic,6.077,-176.05125326922712,38.35114527556043,-214.40239854478756,37.71023414484624
synthetic,6.078,-338.66139524637595,38.41805296127574,-377.0794482076517,37.73112504811672
synthetic,6.079,474.0816752247903,38.48812169878384,435.5935535260064,37.752015951387186
synthetic,6.08,182.93430540726507,38.561557867410905,144.37274753985417,37.77290685465767
synthetic,6.0809999999999995,-64.87760291302455,38.638580540609084,-103.51618345363363,37.79379775792813
synthetic,6.082,-18.637607380840272,38.719422212508285,-57.35702959334856,37.814688661198616
synthetic,6.083,-111.22636501580222,38.80432956243813,-150.03069457824034,37.8355795644691
synthetic,6.084,-833.1045159011046,38.89356425917603,-871.9980801602807,37.85647046773956
synthetic,6.085,82.48861614656741,38.98740380674208,43.50121233982533,37.877361371010046
synthetic,6.086,-273.28740560946824,39.086142433629846,-312.3735480430981,37.89825227428053
synthetic,6.087,-252.83831207190946,39.19009202743483,-292.0284040993443,37.91914317755099
synthetic,6.088,-144.01514204842567,39.29958311691251,-183.3147251653382,37.940034080821476
synthetic,6.0889999999999995,267.8565877118096,39.41496590357117,228.44162180823844,37.96092498409194
synthetic,6.09,-302.88441273190597,39.53661134498357,-342.4210240768895,37.98181588736242
synthetic,6.091,-381.8941960007013,39.664912292073346,-421.5591082927746,38.00270679063291
synthetic,6.092,240.46834812772576,39.800284682716345,200.6680634450094,38.02359769390337
synthetic,6.093,274.9533924894951,39.943168794073515,235.0102236954216,38.04448859717385
synthetic,6.094,-238.89941793488097,40.094030556153974,-278.99344849103494,38.06537950044434
synthetic,6.095,217.64644164875767,40.253362929193344,177.39307871956433,38.086270403714806
synthetic,6.096,-38.407154412281784,40.421687347513824,-78.82884175979561,38.10716130698528
synthetic,6.0969999999999995,139.63520755292063,40.599555232618584,99.03565232030205,38.128052210255746
synthetic,6.098,-328.8654229322423,40.787549578364654,-369.65297251060696,38.14894311352623
synthetic,6.099,299.4768452574865,40.98628661114026,258.49055864634624,38.16983401679671
synthetic,6.1,410.7834401138525,41.1964175280692,369.5870225857833,38.19072492006718
synthetic,6.101,241.13705006143425,41.41863031635163,199.71841974508263,38.21161582333767
synthetic,6.102,217.739202133231,41.65365165694125,176.08555047628977,38.23250672660814
synthetic,6.103,-1081.2096228275673,41.902248915856795,-1123.111871743424,38.253397629878606
synthetic,6.104,128.91194539233675,42.16523222651411,86.74671316582264,38.27428853314909
synthetic,6.1049999999999995,43.35476369572798,42.443456666558646,0.9113070291693361,38.29517943641956
synthetic,6.106,7.156188358617122,42.73782453277958,-35.581636174162455,38.31607033969004
synthetic,6.107,-137.60497928597073,43.049287717769666,-180.6542670037404,38.33696124296053
synthetic,6.108,68.4945870406685,43.37885019210239,25.115736848566115,38.35785214623099
synthetic,6.109,175.85615118971316,43.72757059588448,132.12858059382867,38.378743049501466
synthetic,6.109999999999999,-26.55940917297489,44.09656494363545,-70.65597411661034,38.399633952771936
synthetic,6.111,-86.04264310486698,44.48700944655115,-130.52965255141814,38.42052485604242
synthetic,6.112,422.280991758397,44.900143456284525,377.3808483021125,38.4414157593129
synthetic,6.1129999999999995,-277.83103860636044,45.337272534486914,-323.1683111408473,38.462306662583366
synthetic,6.114,363.27526843865,45.79977165243482,317.4754967862152,38.48319756585385
synthetic,6.115,107.7488818818845,46.289088525155606,61.459793356728895,38.50408846912433
synthetic,6.116,-186.0817750439947,46.80674708456576,-232.88852212856045,38.524979372394796
synthetic,6.117,-31.249928608012652,47.35435109621312,-78.60427970422577,38.54587027566528
synthetic,6.118,-219.6870856778078,47.933587924296944,-267.6206736021047,38.566761178935764
synthetic,6.119,259.43011382757436,48.54623244973568,210.8838813778387,38.587652082206226
synthetic,6.12,161.91632471921918,49.19415114612115,112.72217357309802,38.60854298547671
synthetic,6.1209999999999996,-108.8207815788488,49.87930631847141,-158.7000878973202,38.62943388874717
synthetic,6.122,-271.73584432395484,50.60376050978863,-322.33960483374346,38.650324792017656
synthetic,6.123,150.197514843205,51.369681080467835,98.82783376273716,38.67121569528814
synthetic,6.124,347.69515418674746,52.17934496569933,295.51580922104813,38.6921065985586
synthetic,6.125,27.17148808374703,53.03514361604928,-25.863655532302253,38.712997501829086
synthetic,6.1259999999999994,187.71971048008822,53.93958812645771,133.78012235363053,38.73388840509955
synthetic,6.127,-49.65133498906299,54.895314558970526,-104.54664954803351,38.75477930837003
synthetic,6.128,84.42447117592738,55.90508946452714,28.519381711400243,38.77567021164052
synthetic,6.129,-22.177312809070784,56.9718156092062,-79.14912841827699,38.79656111491098
synthetic,6.13,154.53405173317105,58.09853791034127,96.43551382282979,38.81745201818146
synthetic,6.131,-385.4333065811844,59.28844958793849,-444.7217561691229,38.83834292145195
synthetic,6.132,261.99918097080297,60.54489853687663,201.45428243392632,38.85923382472241
synthetic,6.133,1.0759036263685289,61.871393925355186,-60.79549029898666,38.88012472799289
synthetic,6.134,179.0254172238977,63.27161302505402,115.75380419884368,38.90101563126338
synthetic,6.135,-29.185115268665186,64.74940827849345,-93.93452354715863,38.92190653453384
synthetic,6.136,170.56281802117297,66.30881460903927,104.2540034121337,38.94279743780432
synthetic,6.137,-245.6820045798864,67.95405697896331,-313.63606155884975,38.963688341074786
synthetic,6.138,434.5557959366317,69.68955820098365,364.86623773564804,38.98457924434527
synthetic,6.139,-431.43637969569323,71.51994700858292,-502.95632670427614,39.00547014761575
synthetic,6.14,-230.2273915083008,73.4500663904239,-303.6774578987247,39.02636105088622
synthetic,6.141,154.26612795393874,75.48498219405569,78.78114575988305,39.0472519541567
synthetic,6.1419999999999995,524.5511423025636,77.62999200401762,446.92115029854597,39.06814285742717
synthetic,6.143,171.3841309827239,79.89063429941069,91.4934966833132,39.089033760697646
synthetic,6.144,15.942910476661126,82.27269789579331,-66.32978741913219,39.10992466396813
synthetic,6.145,-334.71491740590164,84.7822316762334,-419.497149082135,39.1308155672386
synthetic,6.146,38.059595686680396,87.42555461614225,-49.365958929461854,39.15170647050908
synthetic,6.147,92.2503515678862,90.2092661063497,2.041085461536497,39.17259737377956
synthetic,6.148,608.3021892821436,93.14025657876844,515.1619327033751,39.19348827705003
synthetic,6.149,290.84177639290033,96.22571843874412,194.6160579541562,39.21437918032051
synthetic,6.15,-351.28905918927524,99.47315730796768,-450.7622164972429,39.23527008359099
synthetic,6.151,718.8769348813291,102.89040358167145,615.9865312996577,39.25616098686146
synthetic,6.152,-4.077376534784776,106.48562430351247,-110.56300083829724,39.27705189013194
synthetic,6.153,-145.64345570780986,110.26733536126673,-255.9107910690766,39.297942793402406
synthetic,6.154,564.6054970631644,114.24441400628068,450.36108305688373,39.31883369667289
synthetic,6.155,111.40083780328446,118.4261116991411,-7.0252738958566425,39.339724599943374
synthetic,6.156,20.48991122085404,122.82206728387169,-102.33215606301765,39.360615503213836
synthetic,6.157,200.95391340132414,127.44232049250051,73.51159290882363,39.38150640648432
synthetic,6.1579999999999995,393.6269316519986,132.29732578144927,261.3296058705493,39.40239730975478
synthetic,6.159,443.2489783114172,137.39796650094416,305.85101181047304,39.423288213025266
synthetic,6.16,-261.9678180943722,142.75556939799662,-404.72338749236883,39.44417911629575
synthetic,6.161,755.7508785839716,148.38191945328325,607.3689591306884,39.46507001956621
synthetic,6.162,446.1594586567072,154.2892750516402,291.87018360506704,39.485960922836696
synthetic,6.163,54.52896503631709,160.49038348537442,-105.96141844905733,39.50685182610718
synthetic,6.164,-70.81336160634382,166.9984967892126,-237.8118583955564,39.52774272937764
synthetic,6.165,-109.10304322535328,173.82738790502745,-282.9304311303807,39.54863363264813
synthetic,6.166,225.76540188984288,180.99136717388527,44.77403471595761,39.56952453591861
synthetic,6.167,1.8481241811888935,188.50529915251914,-186.65717497133025,39.59041543918907
synthetic,6.168,-25.342642017048803,196.38461975054832,-221.72726176759713,39.61130634245956
synthetic,6.169,455.7438224095233,204.64535368407948,251.09846872544384,39.63219724573002
synthetic,6.17,330.38370715735596,213.30413224088545,117.0795749164705,39.6530881490005
synthetic,6.171,111.70343543664475,222.3782113512588,-110.67477591461406,39.67397905227099
synthetic,6.172,459.84360581421595,231.8854899582828,227.95811585593316,39.69486995554145
synthetic,6.173,659.7291947381711,241.84452868025562,417.8846660579155,39.71576085881193
synthetic,6.1739999999999995,-68.41599967851147,252.2745687571645,-320.69056843567597,39.736651762082396
synthetic,6.175,89.85356484345061,263.1955512726038,-173.34198642915317,39.75754266535288
synthetic,6.176,565.0475275159038,274.6281366411824,290.4193908747214,39.77843356862336
synthetic,6.177,509.8959997059064,286.5937243510814,223.30227535482499,39.799324471893826
synthetic,6.178,374.73150938120193,299.1144729501999,75.61703643100202,39.82021537516431
synthetic,6.179,668.5343372993516,312.21332026336773,356.32101703598386,39.84110627843479
synthetic,6.18,7.032434811036296,325.9140038274377,-318.8815690164014,39.86199718170526
synthetic,6.181,-95.93102193576652,340.2410815298021,-436.1721034655686,39.88288808497574
synthetic,6.182,102.82429718437447,355.2199524348191,-252.39565525044463,39.90377898824622
synthetic,6.183,415.1839722992481,370.8768777819425,44.30709451730564,39.924669891516686
synthetic,6.184,155.94415839542913,387.2390021379545,-231.2948437425254,39.94556079478717
synthetic,6.185,265.68744883936836,404.3343746845587,-138.64692584519037,39.96645169805764
synthetic,6.186,137.197798010864,422.1919706219838,-284.9941726111198,39.98734260132812
synthetic,6.187,262.20618457212936,440.8417126673274,-178.63552809519803,40.0082335045986
synthetic,6.188,166.35890490377238,460.3144926259933,-293.9555877222209,40.02912440786907
synthetic,6.189,598.3500063472828,480.6421930129213,117.7078133343615,40.050015311139546
synthetic,6.1899999999999995,747.7803657111127,501.8577086990411,245.92265701207162,40.070906214410016
synthetic,6.191,387.30392014087425,523.9949685577961,-136.6910484169219,40.0917971176805
synthetic,6.192,492.339360976909,547.0889570843866,-54.7495961074776,40.11268802095098
synthetic,6.193,404.28352858353327,571.1757359601214,-166.89220737658815,40.133578924221446
synthetic,6.194,763.0728296818978,596.2924655323734,166.78036414952442,40.15446982749193
synthetic,6.195,656.5866860866922,622.4774261793558,34.10925990733642,40.17536073076241
synthetic,6.196,1135.397021011087,649.7700395282238,485.62698148286313,40.196251634032876
synthetic,6.197,356.9366677891144,678.2108894931581,-321.2742217040437,40.21714253730336
synthetic,6.1979999999999995,823.9473754179685,707.8417430987477,116.10563231922083,40.23803344057382
synthetic,6.199,879.2453827301791,738.7055710535332,140.53981167664597,40.258924343844306
synthetic,6.2,670.0444342840233,770.8465680359142,-100.80213375189089,40.27981524711479
synthetic,6.201,986.6878713348801,804.3101726547485,182.37769868013163,40.30070615038525
synthetic,6.202,414.89131352503045,839.1430870447749,-424.25177351974446,40.321597053655736
synthetic,6.203,1518.3268056112786,875.393296055666,642.9335095556125,40.34248795692622
synthetic,6.204,517.776948626712,913.1100859930863,-395.3331373663742,40.36337886019668
synthetic,6.205,1235.5540577604158,952.3440628680696,283.20999489234623,40.38426976346717
synthetic,6.2059999999999995,664.065821793625,993.1471701096656,-329.0813483160406,40.40516066673763
synthetic,6.207,1388.0807303549063,1035.5727056958285,352.5080246590778,40.42605157000811
synthetic,6.208,971.4739279302232,1079.6753386543676,-108.20141072414435,40.4469424732786
synthetic,6.209,1180.2564990955998,1125.511124886556,54.7453742090438,40.46783337654906
synthetic,6.21,1196.346879482278,1173.1375222636336,23.2093572186443,40.48872427981954
synthetic,6.211,1560.027616886051,1222.613404945204,337.41421194084705,40.50961518309003
synthetic,6.212,1184.7166035276896,1273.9990768686323,-89.28247334094272,40.53050608636049
synthetic,6.213,444.37073756026007,1327.3562843563836,-882.9855467961236,40.55139698963097
synthetic,6.2139999999999995,1161.887988605628,1382.7482277870922,-220.8602391814643,40.572287892901436
synthetic,6.215,1502.4985267617956,1440.2395722768629,62.2589544849327,40.59317879617192
synthetic,6.216,1374.8891421801898,1499.8964573137678,-125.007315133578,40.6140696994424
synthetic,6.217,1799.8538258274662,1561.7865052903196,238.06732053714654,40.634960602712866
synthetic,6.218,1937.6859426908763,1625.9788288761922,311.70711381468413,40.65585150598335
synthetic,6.219,1655.3094912276026,1692.544037172667,-37.23454594506438,40.67674240925383
synthetic,6.22,1321.7456345077494,1761.5542405911226,-439.8086060833732,40.697633312524296
synthetic,6.221,2255.405649152749,1833.0830543958482,422.3225947569008,40.71852421579478
synthetic,6.2219999999999995,2239.182797623168,1907.205600850678,331.97719677249006,40.73941511906524
synthetic,6.223,1901.290437993955,1983.998509910781,-82.70807191682593,40.760306022335726
synthetic,6.224,2703.06386964672,2063.5399183970176,639.5239512497023,40.78119692560621
synthetic,6.225,2048.272455953125,2145.9094675935567,-97.63701164043187,40.80208782887668
synthetic,6.226,1897.0662483859169,2231.188299207011,-334.12205082109404,40.822978732147156
synthetic,6.227,2279.699165391675,2319.4590496251176,-39.75988423344279,40.84386963541764
synthetic,6.228,2741.1464265600916,2410.8058424150463,330.34058414504534,40.86476053868811
synthetic,6.229,2231.0570837246373,2505.3142789995513,-274.257195274914,40.885651441958586
synthetic,6.2299999999999995,3195.4062020627257,2603.0714274491224,592.3347746136033,40.906542345229056
synthetic,6.231,2442.163657313279,2704.165809331563,-262.00215201828405,40.92743324849954
synthetic,6.232,3101.9582896358997,2808.687384556207,293.27090507969297,40.948324151770024
synthetic,6.233,3086.9990286698535,2916.727534155197,170.2714945146563,40.969215055040486
synthetic,6.234,2989.0833172514185,3028.3790409419857,-39.29572369056723,40.99010595831097
synthetic,6.235,3474.8060211652564,3143.7360679878147,331.0699531774417,41.01099686158145
synthetic,6.236,2819.8532782322836,3262.8941348605713,-443.04085662828766,41.031887764851916
synthetic,6.237,3800.109184928787,3385.950091568879,414.15909335990773,41.0527786681224
synthetic,6.2379999999999995,3500.7732744961454,3513.002090155091,-12.228815658945678,41.07366957139286
synthetic,6.239,3488.2842679842097,3644.149553886093,-155.86528590188345,41.094560474663346
synthetic,6.24,4011.0996055641763,3779.493143986167,231.6064615780092,41.11545137793383
synthetic,6.241,4243.947697156169,3919.1347238638737,324.8129732922953,41.13634228120429
synthetic,6.242,4300.948307064344,4063.177320782851,237.7709862814927,41.15723318447478
synthetic,6.243,4818.397743995092,4211.725084928042,606.6726590670505,41.17812408774526
synthetic,6.244,4695.911806816283,4364.883245824487,331.02856099179644,41.19901499101572
synthetic,6.245,4914.6100911870335,4522.7580660645535,391.85202512248,41.21990589428621
synthetic,6.2459999999999996,4530.287017639305,4685.456792301532,-155.1697746622267,41.24079679755667
synthetic,6.247,4891.823590178385,4853.0876034748,38.735986703584786,41.26168770082715
synthetic,6.248,5201.422709775993,5025.759556226875,175.66315354911785,41.28257860409764
synthetic,6.249,5205.017840982381,5203.582527482976,1.4353134994053107,41.3034695073681
synthetic,6.25,5483.905396944393,5386.667154162031,97.23824278236225,41.32436041063858
synthetic,6.251,5709.693645960304,5575.12476999089,134.56887596941397,41.34525131390907
synthetic,6.252,6029.067821478874,5769.0673394009655,260.0004820779086,41.36614221717953
synthetic,6.253,5944.841978435758,5968.607388486013,-23.765410050255014,41.38703312045001
synthetic,6.254,6075.625468203867,6173.857933002753,-98.23246479888621,41.407924023720476
synthetic,6.255,6143.1351455467575,6384.932403405694,-241.79725785893606,41.42881492699096
synthetic,6.256,6341.112540972671,6601.944566902154,-260.8320259294833,41.44970583026144
synthetic,6.257,7183.421821293407,6825.008446526869,358.41337476653825,41.470596733531906
synthetic,6.258,7035.550234662292,7054.238237233661,-18.688002571368997,41.49148763680239
synthetic,6.259,7532.490519774549,7289.748219006014,242.74230076853564,41.51237854007287
synthetic,6.26,7149.093150275066,7531.652666997786,-382.5595167227193,41.533269443343336
synthetic,6.261,7205.255725244249,7780.065758715127,-574.8100334708779,41.55416034661382
synthetic,6.262,7727.00538338784,8035.1014782545535,-308.09609486671343,41.57505124988428
synthetic,6.263,8647.483874658918,8296.873517624505,350.610357034413,41.595942153154766
synthetic,6.264,8892.53178604589,8565.495175171123,327.0366108747676,41.61683305642525
synthetic,6.265,8947.295447419629,8841.07925114562,106.21619627400833,41.63772395969572
synthetic,6.266,8889.682870272574,9123.73794044852,-234.05507017594573,41.658614862966196
synthetic,6.267,9380.929395073803,9413.58272259108,-32.65332751727692,41.67950576623668
synthetic,6.268,9627.975192369018,9710.72424892618,-82.74905655716248,41.70039666950714
synthetic,6.269,9918.351068813019,10015.272227200043,-96.92115838702375,41.72128757277763
synthetic,6.27,9582.077094752383,10327.335303481146,-745.2582087287628,41.742178476048096
synthetic,6.271,10396.197807597915,10647.020941537616,-250.8231339397007,41.76306937931858
synthetic,6.272,10923.949604062005,10974.435299725352,-50.48569566334663,41.78396028258906
synthetic,6.273,11771.150743964767,11309.683105469992,461.4676384947743,41.804851185859526
synthetic,6.274,11707.622234105687,11652.867527421991,54.754706683695986,41.82574208913001
synthetic,6.275,12430.880964092637,12004.090045369905,426.7909187227324,41.84663299240049
synthetic,6.276,12251.855482314837,12363.45031801105,-111.59483569621261,41.867523895670956
synthetic,6.277,12661.749679248975,12731.046048676704,-69.29636942772959,41.88841479894144
synthetic,6.278,11943.649670783869,13106.972849114105,-1163.3231783302363,41.9093057022119
synthetic,6.279,13636.8198512123,13491.324101445041,145.49574976725853,41.93019660548239
synthetic,6.28,14054.809647627455,13884.190818408655,170.61882921879987,41.95108750875287
synthetic,6.281,14821.273015980769,14285.661502020317,535.6115139604517,41.97197841202333
synthetic,6.282,14556.271276395599,14695.822000772507,-139.55072437690797,41.99286931529382
synthetic,6.2829999999999995,15149.473284576996,15114.755365509385,34.71791906761064,42.01376021856428
synthetic,6.284,15337.349214988064,15542.541704124915,-205.19248913685078,42.03465112183476
synthetic,6.285,15632.841234019674,15979.258035220308,-346.4168012006339,42.05554202510525
synthetic,6.286,16217.500690316421,16424.978140882307,-207.4774505658861,42.07643292837571
synthetic,6.287,16782.722626645373,16879.77241873665,-97.0497920912785,42.09732383164619
synthetic,6.288,17756.783941722788,17343.70773343623,413.07620828655854,42.11821473491668
synthetic,6.289,17823.950796069093,17816.847267759647,7.103528309446119,42.13910563818714
synthetic,6.29,18068.522443765054,18299.25037349074,-230.7279297256864,42.15999654145762
synthetic,6.291,18839.96697186397,18790.972422253708,48.994549610262766,42.18088744472811
synthetic,6.292,19363.763179185415,19292.06465649521,71.69852269020339,42.20177834799857
synthetic,6.293,19606.1276864842,19802.574040798347,-196.44635431414645,42.22266925126905
synthetic,6.294,20671.932846916094,20322.543113716507,349.3897331995868,42.243560154539516
synthetic,6.295,20291.921442020386,20852.009840335875,-560.088398315489,42.26445105781
synthetic,6.296,21333.357215919197,21391.00746575409,-57.65024983489275,42.28534196108048
synthetic,6.297,22145.494448292513,21939.564369691772,205.93007860074067,42.306232864350946
synthetic,6.298,22102.58180145724,22497.703922441353,-395.1221209841133,42.32712376762143
synthetic,6.2989999999999995,23180.225738350768,23065.444342360188,114.78139599057977,42.34801467089189
synthetic,6.3,24037.06964373874,23642.7985551358,394.27108860294175,42.368905574162376
synthetic,6.301,24372.27678067065,24229.774055026417,142.50272564423358,42.38979647743286
synthetic,6.302,24325.72458039667,24826.372768309953,-500.64818791328435,42.41068738070332
synthetic,6.303,25220.53093547473,25432.59091915957,-212.05998368484143,42.431578283973806
synthetic,6.304,26424.507459191973,26048.41889816584,376.0885610261321,42.45246918724429
synthetic,6.305,26769.738554683732,26673.841133741233,95.8974209424996,42.47336009051476
synthetic,6.306,27312.274736373955,27308.83596663038,3.4387697435740847,42.494250993785236
synthetic,6.307,28092.132063386292,27953.375527749387,138.75653563690503,42.51514189705572
synthetic,6.308,28830.136875200362,28607.42561959346,222.71125560690052,42.53603280032618
synthetic,6.309,29064.80312732586,29270.94560143739,-206.14247411152974,42.55692370359667
synthetic,6.31,29863.166196009668,29943.888278552142,-80.7220825424738,42.577814606867136
synthetic,6.311,30675.47300052863,30626.199795680786,49.27320484784286,42.59870551013762
synthetic,6.312,31161.032826266364,31317.81953498378,-156.78670871741633,42.6195964134081
synthetic,6.313,31985.04699180817,32018.680018694846,-33.63302688667682,42.640487316678566
synthetic,6.314,33124.47295919254,32728.706816705908,395.76614248663464,42.66137821994904
synthetic,6.3149999999999995,33163.879633731696,33447.8184592973,-283.9388255656013,42.68226912321951
synthetic,6.316,34760.33517347628,34175.926355248725,584.4088182275518,42.703160026489996
synthetic,6.317,35483.151263523054,34912.934715528405,570.2165479946489,42.72405092976048
synthetic,6.318,35151.12547886385,35658.740482790156,-507.6150039263084,42.74494183303094
synthetic,6.319,36377.34725665187,36413.23326688099,-35.886010229121894,42.76583273630143
synthetic,6.32,37285.5278835523,37176.29528655876,109.23259699354094,42.78672363957191
synthetic,6.321,37725.96983504597,37947.801317631674,-221.83148258570145,42.80761454284237
synthetic,6.322,38511.72944444805,38727.618647709634,-215.88920326158404,42.82850544611286
synthetic,6.323,39450.822773222324,39515.60703775017,-64.78426452784333,42.84939634938334
synthetic,6.324,40539.81845621879,40311.618690595176,228.19976562361262,42.8702872526538
synthetic,6.325,40968.55071371616,41115.49822666968,-146.94751295352035,42.89117815592429
synthetic,6.326,42481.55015861311,41927.08266700527,554.4674916078366,42.91206905919475
synthetic,6.327,42839.66009805448,42746.20142376939,93.45867428509519,42.93295996246523
synthetic,6.328,43548.37773425434,43572.67629843398,-24.29856417964038,42.95385086573572
synthetic,6.329,44847.58138973259,44406.32148774879,441.2599019838017,42.97474176900618
synthetic,6.33,45441.31836189174,45246.94359765065,194.374764241089,42.99563267227666
synthetic,6.3309999999999995,46211.62695276393,46094.34166523108,117.28528753285354,43.016523575547126
synthetic,6.332,46855.473623771366,46948.30718890107,-92.83356512970204,43.03741447881761
synthetic,6.333,48359.338147300325,47808.62416684161,550.7139804587132,43.05830538208809
synthetic,6.334,48925.144121316785,48675.06914385907,250.07497745771252,43.079196285358556
synthetic,6.335,49492.927034313914,49547.41126672862,-54.484232414703,43.10008718862904
synthetic,6.336,49958.80290860698,50425.41234809823,-466.60943949125067,43.120978091899524
synthetic,6.337,51427.27432004596,51308.826939035476,118.44738101048279,43.141868995169986
synthetic,6.338,51860.854395207905,52197.40241026775,-336.54801505984506,43.16275989844047
synthetic,6.339,52582.681850485955,53090.879042154316,-508.1971916683615,43.183650801710954
synthetic,6.34,53911.84434000383,53988.990123437645,-77.14578343381436,43.204541704981416
synthetic,6.341,54982.51663101483,54891.46205878897,91.05457222585392,43.2254326082519
synthetic,6.342,56189.38617464925,55798.014485148895,391.37168950035266,43.24632351152236
synthetic,6.343,56799.73785229225,56708.36039687916,91.37745541309414,43.267214414792846
synthetic,6.344,57870.6691503306,57622.20627968572,248.46287064487842,43.28810531806333
synthetic,6.345,58178.16008084363,58539.25225330324,-361.0921724596119,43.30899622133379
synthetic,6.346,59459.12136299406,59459.1922228906,-0.07085989653569413,43.32988712460428
synthetic,6.3469999999999995,60425.682915701225,60381.7140390733,43.968876627928694,43.350778027874746
synthetic,6.348,61571.89622914458,61306.49966658378,265.39656256079616,43.37166893114522
synthetic,6.349,62274.784041320796,62233.225361392106,41.55867992869025,43.39255983441571
synthetic,6.35,63409.54434218704,63161.5618562512,247.98248593583412,43.413450737686176
synthetic,6.351,63946.692454616204,64091.17455453832,-144.48209992211196,43.43434164095665
synthetic,6.352,65135.90731513454,65021.723732261155,114.18358287338197,43.45523254422714
synthetic,6.353,66084.14178209307,65952.8647481068,131.2770339862618,43.476123447497606
synthetic,6.354,66516.15323146025,66884.24826137417,-368.0950299139222,43.49701435076808
synthetic,6.355,67875.04088393542,67815.52045761858,59.52042631684162,43.51790525403857
synthetic,6.356,68657.0950933311,68746.32328184499,-89.22818851389457,43.53879615730904
synthetic,6.357,69111.9711824352,69676.29467905103,-564.3234966158343,43.55968706057952
synthetic,6.358,70899.51664384034,70605.0688419071,294.4478019332455,43.58057796384998
synthetic,6.359,71430.66816549015,71532.27646537608,-101.60829988593468,43.60146886712047
synthetic,6.36,72208.80140227337,72457.54500801794,-248.74360574457387,43.62235977039094
synthetic,6.361,73274.30206169128,73380.49895975595,-106.1968980646634,43.64325067366141
synthetic,6.362,74349.24365563566,74300.76011584108,48.4835397945717,43.6641415769319
synthetic,6.3629999999999995,75677.37008964992,75217.94785673844,459.4222329114855,43.68503248020236
synthetic,6.364,76088.97541848103,76131.67943367646,-42.70401519542793,43.70592338347284
synthetic,6.365,77190.39563606198,77041.57025954343,148.8253765185509,43.72681428674333
synthetic,6.366,78366.43895487179,77947.23420484929,419.2047500225017,43.74770519001379
synthetic,6.367,79015.50843614271,78848.28389843093,167.2245377117797,43.76859609328427
synthetic,6.368,80072.08873529402,79744.33103257125,327.75770272276714,43.78948699655476
synthetic,6.369,80499.25188679488,80634.98667221158,-135.73478541670192,43.81037789982522
synthetic,6.37,81758.42489817915,81519.86156790833,238.56333027081564,43.8312688030957
synthetic,6.371,82388.45321138196,82398.5664721733,-10.113260791345965,43.85215970636619
synthetic,6.372,83600.34702648611,83270.7124588524,329.6345676337078,43.87305060963665
synthetic,6.373,83842.18688064332,84135.91124516564,-293.7243645223207,43.89394151290713
synthetic,6.374,84767.28466447571,84993.77551602466,-226.49085154895147,43.914832416177596
synthetic,6.375,86231.94882348756,85843.91925026392,388.0295732236409,43.93572331944808
synthetic,6.376,86634.57724746618,86685.95804837182,-51.38080090563744,43.956614222718564
synthetic,6.377,87419.30061278482,87519.50946134595,-100.20884856113116,43.977505125989026
synthetic,6.378,88374.98001373919,88344.193320263,30.786693476184155,43.99839602925951
synthetic,6.379,88960.33408880941,89159.63206615079,-199.29797734138265,44.01928693252997
synthetic,6.38,90372.62171452516,89965.45107977084,407.17063475432224,44.040177835800456
synthetic,6.381,90394.15607802573,90761.27901087674,-367.12293285100895,44.06106873907094
synthetic,6.382,91509.23288408454,91546.74810655044,-37.51522246589593,44.0819596423414
synthetic,6.383,92433.28354289148,92321.49453819155,111.78900469993823,44.102850545611886
synthetic,6.384,93061.5674459399,93085.15872673396,-23.591280794062186,44.12374144888237
synthetic,6.385,93604.48259316388,93837.38566568302,-232.90307251914055,44.14463235215283
synthetic,6.386,94325.13270604608,94577.82524154622,-252.692535500144,44.16552325542332
synthetic,6.3870000000000005,95441.61681704597,95306.13255123323,135.48426581274543,44.1864141586938
synthetic,6.388,95720.7324163127,96021.96821601894,-301.2357997062354,44.20730506196426
synthetic,6.389,96926.82291913786,96724.99869164795,201.8242274899094,44.22819596523475
synthetic,6.39,96965.64724463093,97414.89657416144,-449.249329530503,44.249086868505216
synthetic,6.391,97932.88559872573,98091.340901053,-158.4553023272747,44.26997777177569
synthetic,6.392,98772.99401094568,98754.01744732962,18.97656361605914,44.29086867504618
synthetic,6.393,99035.10400280119,99402.61901609297,-367.515013291777,44.31175957831664
synthetic,6.394,100240.62604678799,100036.84572324035,203.78032354764582,44.33265048158712
synthetic,6.395,100659.06787210233,100656.40527589146,2.662596210866468,44.35354138485759
synthetic,6.396,100958.4632353931,101261.01324417409,-302.55000878099236,44.37443228812808
synthetic,6.397,101403.04748658446,101850.39332597803,-447.34583939357253,44.39532319139855
synthetic,6.398,101962.97063294002,102424.27760432631,-461.3069713862933,44.41621409466902
synthetic,6.399,103006.13670577826,102982.40679700149,23.72990877677512,44.43710499793951
synthetic,6.4,103185.95174892488,103524.53049807591,-338.5787491510273,44.45799590120998
synthetic,6.401,103649.46504155667,104050.40741101914,-400.9423694624711,44.47888680448045
synthetic,6.402,104499.01119827767,104559.80557305162,-60.79437477394822,44.49977770775094
synthetic,6.403,105744.37869320106,105052.50257042662,691.8761227744399,44.5206686110214
synthetic,6.404,105620.22703853648,105528.28574434918,91.94129418730154,44.54155951429188
synthetic,6.405,106224.5611010968,105986.95238722947,237.60871386733197,44.56245041756237
synthetic,6.406,106500.91302836881,106428.3099290049,72.60309936391423,44.58334132083283
synthetic,6.407,107095.91353979123,106852.17611326344,243.73742652779038,44.60423222410331
synthetic,6.4079999999999995,106864.35117081949,107258.37916291587,-394.02799209638033,44.625123127373776
synthetic,6.409,107526.55941395875,107646.7579351918,-120.19852123304736,44.64601403064426
synthetic,6.41,108104.57949145431,108017.16206572948,87.41742572482326,44.66690493391474
synthetic,6.411,108373.14696114454,108369.45210156403,3.6948595805006335,44.687795837185206
synthetic,6.412,108655.02991807934,108703.49962282238,-48.469704743038164,44.70868674045569
synthetic,6.413,108828.61176584459,109019.18735294977,-190.5755871051806,44.729577643726174
synthetic,6.414,109248.14115127262,109316.40925731872,-68.26810604610364,44.750468546996636
synthetic,6.415,109372.11830151845,109595.070630077,-222.95232855854556,44.77135945026712
synthetic,6.416,109137.90607616486,109855.08816911172,-717.1820929468668,44.792250353537604
synthetic,6.417,109747.46670283507,110096.39003902885,-348.9233361937804,44.813141256808066
synthetic,6.418,110471.10296927748,110318.91592205828,152.18704721919494,44.83403216007855
synthetic,6.419,110999.29415494888,110522.6170568128,476.6770981360751,44.85492306334901
synthetic,6.42,111261.14714208597,110707.45626485402,553.6908772319584,44.875813966619496
synthetic,6.421,110912.1139884479,110873.40796502498,38.70602342292841,44.89670486988998
synthetic,6.422,111298.21798868195,111020.45817553771,277.7598131442355,44.91759577316044
synthetic,6.423,111430.80737115101,111148.60450381543,282.2028673355817,44.93848667643093
synthetic,6.4239999999999995,111060.05316387098,111257.85612410748,-197.80296023649862,44.95937757970139
synthetic,6.425,110848.79241253703,111348.23374291738,-499.4413303803449,44.98026848297187
synthetic,6.426,111439.04270363638,111419.76955229616,19.273151340225013,45.00115938624236
synthetic,6.427,110953.92066673146,111472.50717107578,-518.5865043443191,45.02205028951282
synthetic,6.428,111420.66381612778,111506.50157413253,-85.83775800475269,45.0429411927833
synthetic,6.429,111714.46307342646,111521.81900978758,192.64406363888702,45.06383209605379
synthetic,6.43,111102.79327760145,111518.53690547135,-415.7436278699024,45.08472299932425
synthetic,6.431,111516.77833396285,111496.74376179221,20.034572170639876,45.10561390259473
synthetic,6.432,111838.95961055718,111456.53903516977,382.4205753874121,45.12650480586522
synthetic,6.433,111516.97150894806,111398.03300920733,118.93849974073237,45.14739570913568
synthetic,6.434,111488.59795965861,111321.34665499511,167.25130466349947,45.16828661240616
synthetic,6.435,111509.25884309773,111226.61148055225,282.6473625454819,45.18917751567663
synthetic,6.436,111644.55436724742,111113.96936962903,530.5849976183817,45.21006841894712
synthetic,6.437,111039.76662802575,110983.57241010877,56.19421791698551,45.23095932221759
synthetic,6.438,111215.27184724729,110835.58271226031,379.68913498698385,45.25185022548806
synthetic,6.439,110661.83226321924,110670.17221710761,-8.339953888367745,45.27274112875854
synthetic,6.4399999999999995,110334.6549325696,110487.52249519865,-152.86756262904964,45.29363203202901
synthetic,6.441,110393.32650137608,110287.82453606308,105.50196531300026,45.31452293529949
synthetic,6.442,109900.6632471453,110071.278528669,-170.6152815237001,45.33541383856998
synthetic,6.443,109677.3566300601,109838.09363319294,-160.73700313284644,45.35630474184044
synthetic,6.444,109417.44077983586,109588.48774443372,-171.0469645978592,45.37719564511092
synthetic,6.445,108645.40893385914,109322.68724721282,-677.2783133536723,45.39808654838141
synthetic,6.446,109083.999514622,109040.92676410777,43.072750514227664,45.41897745165187
synthetic,6.447,108375.79538155896,108743.4488958806,-367.65351432164607,45.43986835492235
synthetic,6.448,108409.89470488655,108430.50395497314,-20.60925008659251,45.46075925819284
synthetic,6.449,108548.98639475457,108102.3496924422,446.6367023123603,45.4816501614633
synthetic,6.45,107614.67174328552,107759.25101872195,-144.5792754364229,45.502541064733784
synthetic,6.451,107250.67269895833,107401.47971860878,-150.8070196504559,45.523431968004246
synthetic,6.452,107450.35774503347,107029.3141608605,421.0435841729777,45.54432287127473
synthetic,6.453,106818.87665797745,106643.03900282225,175.83765515520645,45.565213774545214
synthetic,6.454,106547.92419857338,106242.94489048152,304.97930809186073,45.586104677815676
synthetic,6.455,105734.83729374956,105829.32815436798,-94.49086061841808,45.60699558108616
synthetic,6.4559999999999995,105639.08736354437,105402.49050171927,236.59686182510632,45.62788648435662
synthetic,6.457,104769.13545272754,104962.7387053231,-193.60325259556703,45.648777387627106
synthetic,6.458,104319.90653976957,104510.38428946861,-190.47774969904276,45.66966829089759
synthetic,6.459,104237.01470594727,104045.74321342085,191.2714925264154,45.69055919416805
synthetic,6.46,103402.09722819287,103569.13555284569,-167.03832465282176,45.71145009743854
synthetic,6.461,103323.56974267047,103080.88517961296,242.6845630575117,45.73234100070902
synthetic,6.462,103311.44910902325,102581.3194403931,730.1296686301503,45.75323190397948
synthetic,6.463,101577.62260251222,102070.76883447266,-493.14623196044704,45.77412280724997
synthetic,6.464,101336.68002025141,101549.56669121221,-212.88667096079735,45.79501371052045
synthetic,6.465,101366.9423265767,101018.04884755473,348.8934790219646,45.81590461379091
synthetic,6.466,100445.95433006702,100476.5533260022,-30.598995935186394,45.8367955170614
synthetic,6.467,100286.7460794299,99925.42001347347,361.32606595642574,45.85768642033186
synthetic,6.468,99075.04462990738,99364.9903414357,-289.94571152831486,45.87857732360234
synthetic,6.469,98908.15803160232,98795.60696772297,112.55106387934939,45.89946822687283
synthetic,6.47,98185.66837374508,98217.61346042174,-31.9450866766565,45.92035913014329
synthetic,6.471,97686.76074300164,97631.35398421457,55.40675878706679,45.94125003341377
synthetic,6.4719999999999995,97149.87678254573,97037.17298956584,112.70379297989712,45.96214093668424
synthetic,6.473,96082.85511781415,96435.41490510717,-352.55978729302296,45.98303183995472
synthetic,6.474,95517.69750932604,95826.42383360161,-308.72632427557255,46.0039227432252
synthetic,6.475,95643.90381720588,95210.54325182617,433.3605653797131,46.02481364649567
synthetic,6.476,94689.73925208686,94588.11571472322,101.62353736364457,46.04570454976615
synthetic,6.477,94005.11754345831,93959.48256415964,45.63497929867299,46.06659545303663
synthetic,6.478,93325.56353195933,93324.98364260864,0.5798893506871536,46.0874863563071
synthetic,6.479,92805.79284190985,92684.95701207223,120.83582983761153,46.10837725957758
synthetic,6.48,91706.90103451592,92039.73867855224,-332.83764403632085,46.129268162848064
synthetic,6.481,91103.9672976337,91389.66232235025,-285.6950247165514,46.15015906611853
synthetic,6.482,91140.49395605807,90735.05903448087,405.4349215771945,46.17104996938901
synthetic,6.483,90135.7907974506,90076.25705947072,59.53373797987297,46.19194087265948
synthetic,6.484,89682.89112968647,89413.58154478294,269.3095849035308,46.21283177592996
synthetic,6.485,88579.94197251838,88747.3542971263,-167.4123246079107,46.23372267920044
synthetic,6.486,88505.26497128427,88077.89354586272,427.3714254215447,46.25461358247091
synthetic,6.487,87523.51733558555,87405.51371373417,118.0036218513851,46.27550448574139
synthetic,6.4879999999999995,86889.38466111758,86730.52519511644,158.85946600114403,46.296395389011856
synthetic,6.489,86232.40359047771,86053.23414197356,179.16944850415166,46.31728629228234
synthetic,6.49,85149.45434304586,85373.94225770423,-224.48791465836985,46.338177195552824
synthetic,6.491,84147.908666188,84692.94659902653,-545.0379328385316,46.359068098823286
synthetic,6.492,83702.83961633313,84010.53938605257,-307.69976971943106,46.37995900209377
synthetic,6.493,83830.96762394704,83327.00782069136,503.95980325568235,46.400849905364254
synthetic,6.494,83047.70315397141,82642.63391348717,405.06924048424116,46.421740808634716
synthetic,6.495,81868.54222547128,81957.69431900256,-89.15209353128739,46.4426317119052
synthetic,6.496,81196.94100672241,81272.46017984247,-75.51917312006117,46.463522615175684
synthetic,6.497,80913.22099298789,80587.19697938359,326.0240136042994,46.484413518446146
synthetic,6.498,79866.74131144381,79902.16440327713,-35.42309183331963,46.50530442171663
synthetic,6.499,78842.99480936634,79217.616209779,-374.6214004126523,46.52619532498709
synthetic,6.5,78928.67533616678,78533.80010892678,394.87522724000155,46.54708622825758
synthetic,6.501,78009.37828778003,77850.95765060231,158.4206371777109,46.56797713152806
synthetic,6.502,76429.74303812534,77169.32412147231,-739.5810833469732,46.58886803479852
synthetic,6.503,76410.54499836713,76489.12845080695,-78.5834524398233,46.60975893806901
synthetic,6.504,75869.1194720724,75810.59312516366,58.52634690873674,46.63064984133947
synthetic,6.505,75293.7840894294,75133.93411188906,159.84997754034703,46.65154074460995
synthetic,6.506,74520.53163632228,74459.36079141274,61.17084490954585,46.67243164788044
synthetic,6.507,73611.92729974636,73787.07589826116,-175.14859851480287,46.6933225511509
synthetic,6.508,73098.16902349234,73117.27547072893,-19.106447236583335,46.71421345442138
synthetic,6.509,72554.25634777696,72450.14880913227,104.10753864469007,46.73510435769187
synthetic,6.51,71721.18966887932,71785.87844254202,-64.6887736626959,46.75599526096233
synthetic,6.511,71028.82616003905,71124.6401038986,-95.813943859539,46.77688616423281
synthetic,6.5120000000000005,70858.02677847064,70466.60271340072,391.4240650699212,46.7977770675033
synthetic,6.513,69543.78633117263,69811.92837003272,-268.14203886009636,46.81866797077376
synthetic,6.514,69071.8137123569,69160.77235110234,-88.95863874543284,46.83955887404424
synthetic,6.515,67919.82168794295,68513.2831196507,-593.4614317077503,46.86044977731471
synthetic,6.516,68047.85018568057,67869.60233956746,178.24784611311043,46.88134068058519
synthetic,6.517,67494.33737529308,67229.86489826663,264.4724770264438,46.902231583855674
synthetic,6.518,66774.77308696682,66594.19893673905,180.57415022776695,46.92312248712614
synthetic,6.519,66254.08935690789,65962.72588680903,291.3634700988623,46.94401339039662
synthetic,6.52,65483.866531212516,65335.56051541578,148.30601579673385,46.96490429366709
synthetic,6.521,64831.69048244646,64712.81097571293,118.87950673353043,46.98579519693757
synthetic,6.522,64252.91738390485,64094.57886480393,158.33851910092199,47.00668610020805
synthetic,6.523,63416.94926368879,63480.95928789422,-64.01002420543227,47.02757700347852
synthetic,6.524,63244.748480798575,62872.04092865503,372.7075521435472,47.048467906749
synthetic,6.525,62179.56895428553,62267.90612558725,-88.33717130171863,47.06935881001948
synthetic,6.526,61246.18363221455,61668.630954154985,-422.447321940439,47.09024971328995
synthetic,6.527,61345.50100031597,61074.28531446798,271.2156858479866,47.111140616560434
synthetic,6.5280000000000005,61056.445331617215,60484.93302428921,571.5123073280047,47.13203151983091
synthetic,6.529,59628.90743884747,59900.63191712457,-271.7244782771013,47.15292242310138
synthetic,6.53,59307.28334821643,59321.43394516477,-14.150596948340535,47.173813326371864
synthetic,6.531,58558.107798404795,58747.38528684607,-189.277488441272,47.194704229642326
synthetic,6.532,58080.72144847217,58178.52645877658,-97.80501030440792,47.21559513291281
synthetic,6.533,57645.10360435845,57614.89243180213,30.21117255632271,47.236486036183294
synthetic,6.534,56700.36526850598,57056.512750955546,-356.1474824495672,47.257376939453756
synthetic,6.535,56436.520829774076,56503.41165905066,-66.89082927658455,47.27826784272424
synthetic,6.536,55532.23193577312,55955.608223681906,-423.3762879087881,47.2991587459947
synthetic,6.537,55259.06918845954,55413.11646737273,-154.04727891318907,47.32004964926519
synthetic,6.538,54536.55112187535,54875.94550064395,-339.3943787686003,47.34094055253567
synthetic,6.539,54042.811883284405,54344.09965774675,-301.28777446234744,47.36183145580613
synthetic,6.54,53318.03819000301,53817.57863482376,-499.54044482074823,47.38272235907662
synthetic,6.541,53678.61748994627,53296.37763026202,382.23985968425404,47.4036132623471
synthetic,6.542,52949.63781306227,52780.48748699123,169.15032607103785,47.42450416561756
synthetic,6.543,51711.085730380124,52269.894836495834,-558.8091061157102,47.44539506888805
synthetic,6.5440000000000005,51601.959963352114,51764.58224431146,-162.62228095934552,47.46628597215853
synthetic,6.545,51079.817044408606,51264.52835676737,-184.71131235876237,47.48717687542899
synthetic,6.546,50578.8377248461,50769.70804875207,-190.87032390597597,47.50806777869948
synthetic,6.547,49862.43145371311,50280.09257228279,-417.661118569682,47.52895868196994
synthetic,6.548,50038.35874936919,49795.64970564845,242.7090437207371,47.54984958524042
synthetic,6.549,49213.96585649187,49316.34390292368,-102.37804643181153,47.57074048851091
synthetic,6.55,48998.948336342815,48842.136443631774,156.81189271104085,47.59163139178137
synthetic,6.551,48547.3640306814,48372.98558235498,174.37844832641713,47.61252229505185
synthetic,6.552,48337.81487768883,47908.84669809409,428.9681795947399,47.633413198322316
synthetic,6.553,46921.52658239997,47449.672443170944,-528.1458607709719,47.6543041015928
synthetic,6.554,47533.28895441207,46995.412891494896,537.8760629171738,47.67519500486328
synthetic,6.555,46942.933677009205,46546.015685997016,396.9179910121893,47.696085908133746
synthetic,6.556,46289.59574591262,46101.4261850567,188.16956085592392,47.71697681140423
synthetic,6.557,46392.88977207708,45661.58760774933,731.3021643277461,47.737867714674714
synthetic,6.558,45304.13236690328,45226.44117774005,77.69118916322623,47.758758617945176
synthetic,6.559,45058.53905065255,44795.92626566482,262.61278498773027,47.77964952121566
synthetic,6.5600000000000005,44164.59533708989,44369.980529846405,-205.38519275651197,47.800540424486144
synthetic,6.561,44304.95456724258,43948.54005518848,356.41451205409976,47.82143132775661
synthetic,6.562,43597.961261424796,43531.53949010832,66.42177131647622,47.84232223102709
synthetic,6.563,42999.59121841848,43118.91218137493,-119.3209629564517,47.86321313429756
synthetic,6.564,43361.67466344112,42710.59030671296,651.0843567281554,47.88410403756804
synthetic,6.565,42231.02964413557,42306.50500506006,-75.47536092449445,47.90499494083852
synthetic,6.566,41925.16981515778,41906.58650435128,18.583310806498048,47.92588584410899
synthetic,6.567,41467.46398799518,41510.764246724,-43.30025872882106,47.946776747379474
synthetic,6.568,40908.1067328837,41118.96701104306,-210.86027815935813,47.967667650649936
synthetic,6.569,40906.30147744559,40731.123032640295,175.1784448052931,47.98855855392042
synthetic,6.57,40584.433926925725,40347.16012018855,237.27380673717562,48.009449457190904
synthetic,6.571,40089.02113785294,39967.005769617725,122.01536823521747,48.030340360461366
synthetic,6.572,38898.06858582612,39590.58727499891,-692.5186891727863,48.05123126373185
synthetic,6.573,39535.835413271176,39217.8318363294,318.00357694177364,48.072122167002334
synthetic,6.574,38759.147841856495,38848.666664147866,-89.51882229137118,48.0930130702728
synthetic,6.575,38133.621480136375,38483.01908092511,-349.39760078873223,48.11390397354328
synthetic,6.576,38317.24561698325,38120.81661918243,196.4289978008237,48.13479487681374
synthetic,6.577,37946.23050127698,37761.987116283824,184.2433849931549,48.15568578008423
synthetic,6.578,37108.86767914747,37406.45880587298,-297.5911267255069,48.17657668335471
synthetic,6.579,37811.16311016014,37054.16040591398,757.0027042461588,48.19746758662517
synthetic,6.58,36357.344863043574,36705.021203311844,-347.67634026827,48.21835848989566
synthetic,6.5809999999999995,35854.22019579772,36358.9711350946,-504.75093929687864,48.23924939316612
synthetic,6.582,35684.77619793342,36015.940866133955,-331.16466820053756,48.2601402964366
synthetic,6.583,36117.12412094212,35675.861863403494,441.2622575386267,48.28103119970709
synthetic,6.584,35300.86597356854,35338.666466762246,-37.800493193703005,48.30192210297755
synthetic,6.585,34907.56038711526,35004.28795626761,-96.7275691523464,48.32281300624803
synthetic,6.586,34668.834360802204,34672.66061602587,-3.8262552236628835,48.34370390951852
synthetic,6.587,34179.48703726539,34343.719794586024,-164.23275732063485,48.36459481278898
synthetic,6.588,33825.00345610005,34017.401961895164,-192.39850579511403,48.38548571605946
synthetic,6.589,33515.88850482807,33693.64476283821,-177.75625801013666,48.40637661932995
synthetic,6.59,33599.30877520116,33372.38706738185,226.92170781931054,48.42726752260041
synthetic,6.591,33374.16630349984,33053.56901735419,320.5972861456539,48.44815842587089
synthetic,6.592,32434.989121073824,32737.13206989631,-302.1429488224858,48.469049329141356
synthetic,6.593,32509.09539888235,32423.019037616017,86.07636126633224,48.48994023241184
synthetic,6.594,32361.866289534046,32111.174125493155,250.69216404089093,48.510831135682324
synthetic,6.595,31491.16828687475,31801.542964574204,-310.3746776994558,48.531722038952786
synthetic,6.596,31357.37340302064,31494.072642507293,-136.69923948665382,48.55261294222327
synthetic,6.5969999999999995,30891.281989044608,31188.711730971547,-297.42974192693873,48.57350384549374
synthetic,6.598,30512.008982715102,30885.410310048603,-373.4013273335004,48.594394748764216
synthetic,6.599,30628.502797510984,30584.119989601873,44.38280790911085,48.6152856520347
synthetic,6.6,30077.693881171865,30284.793927716943,-207.10004654507793,48.63617655530517
synthetic,6.601,30190.379984551513,29987.386846268535,202.99313828297818,48.657067458575646
synthetic,6.602,29696.596677671714,29691.855043681648,4.741633990066475,48.67795836184613
synthetic,6.603,29535.425697725703,29398.15640494927,137.26929277643285,48.6988492651166
synthetic,6.604,29031.958596906137,29106.250408978558,-74.29181207242073,48.71974016838708
synthetic,6.605,28638.903079870117,28816.098133339015,-177.19505346889855,48.74063107165756
synthetic,6.606,28513.674725155088,28527.662256480875,-13.987531325787131,48.76152197492803
synthetic,6.607,28252.532048193014,28240.907057500568,11.624990692445863,48.782412878198514
synthetic,6.608,27757.07421270345,27955.798413531564,-198.72420082811368,48.803303781468976
synthetic,6.609,27813.222718468347,27672.303794831307,140.91892363704028,48.82419468473946
synthetic,6.61,27627.218087711768,27390.392257649903,236.82583006186542,48.84508558800994
synthetic,6.611,27170.212977441905,27110.034434953122,60.178542488782114,48.865976491280406
synthetic,6.612,27357.909176558718,26831.20252508209,526.7066514766266,48.88686739455089
synthetic,6.6129999999999995,26376.732935955995,26553.87027843232,-177.137342476326,48.90775829782135
synthetic,6.614,26446.66059016122,26278.012982226588,168.6476079346321,48.92864920109184
synthetic,6.615,25893.35937956414,26003.6074434702,-110.24806390605954,48.94954010436232
synthetic,6.616,25813.29628822118,25730.631970163555,82.66431805762477,48.97043100763278
synthetic,6.617,25222.259528791816,25459.06635085587,-236.80682206405254,48.99132191090327
synthetic,6.618,25535.508785896287,25188.89183262323,346.6169532730564,49.01221281417375
synthetic,6.619,24984.878742236026,24920.091097547553,64.78764468847294,49.03310371744421
synthetic,6.62,25022.203891392113,24652.64823777932,369.5556536127915,49.0539946207147
synthetic,6.621,24018.502813836443,24386.54872926629,-368.0459154298478,49.07488552398518
synthetic,6.622,23985.407601234307,24121.77940422346,-136.37180298915337,49.09577642725564
synthetic,6.623,23602.141017677957,23858.328422425355,-256.1874047473975,49.11666733052613
synthetic,6.624,23448.08419120089,23596.185241401206,-148.1010502003155,49.13755823379659
synthetic,6.625,23138.937983377305,23335.34058560425,-196.4026022269427,49.15844913706707
synthetic,6.626,23050.902887235556,23075.78641463871,-24.883527403155313,49.17934004033756
synthetic,6.627,22823.51861957324,22817.515890613744,6.002728959494561,49.20023094360802
synthetic,6.628,22559.302574527796,22560.52334470089,-1.2207701730949339,49.2211218468785
synthetic,6.629,22149.119309879894,22304.804242970393,-155.68493309049882,49.242012750148966
synthetic,6.63,22117.45222067629,22050.35515157209,67.09706910419845,49.26290365341945
synthetic,6.631,22070.624923896725,21797.17370133837,273.45122255835304,49.283794556689934
synthetic,6.632,21285.239309713244,21545.258551872204,-260.01924215895997,49.304685459960396
synthetic,6.633,21305.436043674526,21294.609355190085,10.826688484441547,49.32557636323088
synthetic,6.634,21033.46207003282,21045.226718987884,-11.764648955064331,49.346467266501364
synthetic,6.635,20947.97156161617,20797.112169589887,150.85939202628288,49.367358169771826
synthetic,6.636,20541.359815571705,20550.26811464585,-8.908299074144452,49.38824907304231
synthetic,6.6370000000000005,20310.143829444765,20304.69780563914,5.446023805623554,49.409139976312794
synthetic,6.638,19773.118156011187,20060.405300261387,-287.2871442502001,49.430030879583256
synthetic,6.639,19833.844252253737,19817.39542471333,16.448827540407365,49.45092178285374
synthetic,6.64,19308.9421329319,19575.67373598998,-266.7316030580805,49.47181268612421
synthetic,6.641,19499.68757519209,19335.24648419872,164.44109099336856,49.49270358939469
synthetic,6.642,19074.780811097047,19096.120574969238,-21.339763872190815,49.51359449266517
synthetic,6.643,18879.783122526107,18858.303532000413,21.47959052569422,49.53448539593563
synthetic,6.644,18363.864634334284,18621.803459794857,-257.93882546057284,49.55537629920612
synthetic,6.645,18637.070876673217,18386.62900663025,250.4418700429669,49.576267202476586
synthetic,6.646,18369.69452100449,18152.789327806946,216.90519319754458,49.59715810574707
synthetic,6.647,18187.858806786302,17920.29404922131,267.56475756499276,49.61804900901755
synthetic,6.648,18366.373347152472,17689.153231300843,677.2201158516291,49.638939912288016
synthetic,6.649,17452.522697578894,17459.37733334257,-6.854635763676924,49.6598308155585
synthetic,6.65,17600.796289845748,17230.977178293822,369.81911155192574,49.68072171882898
synthetic,6.651,16975.511132924126,17003.96391800774,-28.45278508361298,49.70161262209945
synthetic,6.652,16905.168274081178,16778.348999008856,126.81927507232103,49.72250352536993
synthetic,6.6530000000000005,16672.236225298766,16554.144128802753,118.09209649601326,49.74339442864041
synthetic,6.654,16419.12769292867,16331.361242756226,87.766450172443,49.76428533191088
synthetic,6.655,16315.776588626535,16110.012471578271,205.76411704826387,49.78517623518136
synthetic,6.656,15807.115108499225,15890.110109430414,-82.99500093118877,49.80606713845182
synthetic,6.657,15692.03115499619,15671.666582686312,20.364572309877985,49.82695804172231
synthetic,6.658,15623.271518348358,15454.694419369678,168.57709897867971,49.84784894499279
synthetic,6.659,15771.446270230857,15239.20621928705,532.2400509438066,49.86873984826325
synthetic,6.66,14780.291557072178,15025.214624877146,-244.923067804968,49.88963075153374
synthetic,6.661,14278.576883559312,14812.73229279676,-534.1554092374481,49.9105216548042
synthetic,6.662,14464.131447674332,14601.771866254961,-137.64041858062956,49.93141255807468
synthetic,6.663,14426.81098206403,14392.345948116228,34.4650339478012,49.95230346134517
synthetic,6.664,14244.348420628166,14184.467074781009,59.88134584715772,49.97319436461563
synthetic,6.665,14013.103411625223,13978.147690857648,34.95572076757526,49.99408526788611
synthetic,6.666,14135.430181330888,13773.40012463746,362.0300566934293,50.0149761711566
synthetic,6.667,13870.147638701703,13570.236564378723,299.9110743229794,50.03586707442706
synthetic,6.668,13360.88841240159,13368.66903540863,-7.780623007040049,50.05675797769754
synthetic,6.6690000000000005,13034.749110363735,13168.709378051017,-133.96026768728188,50.07764888096803
synthetic,6.67,12873.375073334566,12970.369226381357,-96.99415304679133,50.09853978423849
synthetic,6.671,12673.482429608826,12773.659987814248,-100.17755820542152,50.119430687508974
synthetic,6.672,12517.532391625145,12578.592823527286,-61.06043190214041,50.140321590779436
synthetic,6.673,11919.909152058752,12385.178629718044,-465.26947765929253,50.16121249404992
synthetic,6.674,12061.54833735346,12193.428019699266,-131.87968234580512,50.182103397320404
synthetic,6.675,11882.227271520893,12003.35130682662,-121.12403530572738,50.202994300590866
synthetic,6.676,11764.542364988773,11814.95848825846,-50.41612326968789,50.22388520386135
synthetic,6.677,11558.125840886292,11628.25922954585,-70.13338865955848,50.24477610713181
synthetic,6.678,11650.930841367932,11443.262850044224,207.6679913237076,50.2656670104023
synthetic,6.679,11106.371005599507,11259.978309146336,-153.60730354682892,50.28655791367278
synthetic,6.68,10952.727070303226,11078.41419332607,-125.68712302284439,50.30744881694324
synthetic,6.681,11066.957640462524,10898.578703987561,168.37893647496276,50.32833972021373
synthetic,6.682,10655.594271709928,10720.479646113103,-64.88537440317486,50.34923062348421
synthetic,6.683,10614.682339797782,10544.124417698005,70.55792209977699,50.37012152675467
synthetic,6.684,10575.855300458137,10369.519999964421,206.3353004937162,50.39101243002516
synthetic,6.6850000000000005,10328.712144489047,10196.672948345127,132.03919614391998,50.41190333329564
synthetic,6.686,10106.000899739634,10025.589384223473,80.41151551616167,50.43279423656611
synthetic,6.687,9802.620417876997,9856.274987419294,-53.654569542297395,50.45368513983659
synthetic,6.688,9898.496924151032,9688.73498941008,209.7619347409509,50.47457604310706
synthetic,6.689,9580.749354756683,9522.974167270737,57.775187485945935,50.49546694637753
synthetic,6.69,9212.568420120724,9358.996838323177,-146.42841820245303,50.51635784964802
synthetic,6.691,9156.509414346112,9196.806855478144,-40.29744113203196,50.53724875291849
synthetic,6.692,8675.832723500758,9036.407603256483,-360.5748797557244,50.55813965618897
synthetic,6.693,8594.11846920603,8877.801994476604,-283.6835252705732,50.57903055945943
synthetic,6.694,8160.823376219505,8720.992467589387,-560.1690913698822,50.59992146272992
synthetic,6.695,8366.625665442669,8565.980984649424,-199.35531920675567,50.62081236600039
synthetic,6.696,8817.978253633815,8412.769029903235,405.20922373058056,50.64170326927086
synthetic,6.697,8098.878785649704,8261.357608979844,-162.47882333014059,50.66259417254135
synthetic,6.698,8352.40028613801,8111.747248668599,240.65303746941117,50.68348507581183
synthetic,6.699,7967.217531717683,7963.9379972652605,3.279534452422922,50.70437597908229
synthetic,6.7,7612.003704505273,7817.9294254708275,-205.92572096555432,50.72526688235278
synthetic,6.7010000000000005,8079.368582275448,7673.720627827413,405.6479544480344,50.74615778562326
synthetic,6.702,7710.061993345064,7531.310224671682,178.75176867338268,50.76704868889372
synthetic,6.703,6869.172864782686,7390.6963645899805,-521.5234998072947,50.78793959216421
synthetic,6.704,7568.2414546957025,7251.876727359135,316.36472733656774,50.80883049543467
synthetic,6.705,6796.283287853874,7114.848527352423,-318.5652394985491,50.82972139870515
synthetic,6.706,6930.035427133907,6979.608517397238,-49.573090263330414,50.85061230197564
synthetic,6.707,7050.317741470622,6846.152993063908,204.16474840671435,50.8715032052461
synthetic,6.708,6628.182942646494,6714.47779736965,-86.29485472315628,50.892394108516584
synthetic,6.709,6923.853750492531,6584.5783258815245,339.2754246110062,50.913285011787046
synthetic,6.71,6688.3527249473445,6456.449532198185,231.90319274915964,50.93417591505753
synthetic,6.711,5860.479913143488,6330.085933796825,-469.6060206533366,50.955066818328014
synthetic,6.712,6067.141371689305,6205.481618225291,-138.3402465359859,50.975957721598476
synthetic,6.713,6170.5764464182685,6082.630249623656,87.94619679461266,50.99684862486896
synthetic,6.714,5792.284361262324,5961.5250755593825,-169.24071429705873,51.017739528139444
synthetic,6.715,5780.470420511858,5842.158934157433,-61.68851364557486,51.038630431409906
synthetic,6.716,5967.59045395552,5724.52426150985,243.06619244567082,51.05952133468039
synthetic,6.7170000000000005,5706.715221495087,5608.613099349444,98.10212214564217,51.080412237950874
synthetic,6.718,5221.236861345543,5494.417102969536,-273.1802416239934,51.10130314122134
synthetic,6.719,5437.253392721421,5381.927549374863,55.32584334655803,51.12219404449182
synthetic,6.72,5090.337573069283,5271.13534564894,-180.79777257965634,51.14308494776228
synthetic,6.721,4800.296351669481,5162.031037519912,-361.73468585043156,51.16397585103277
synthetic,6.722,4718.351704108788,5054.604818112748,-336.25311400396004,51.18486675430325
synthetic,6.723,5037.638169560749,4948.846536870286,88.7916326904624,51.20575765757371
synthetic,6.724,4838.958606627534,4844.745708629541,-5.787102002006577,51.2266485608442
synthetic,6.725,4746.510817120343,4742.291522839763,4.219294280579561,51.247539464114666
synthetic,6.726,4300.143331691259,4641.472852905845,-341.32952121458584,51.26843036738514
synthetic,6.727,4489.576730416943,4542.278265645989,-52.701535229046385,51.28932127065563
synthetic,6.728,4135.96790560402,4444.696030847924,-308.7281252439034,51.3102121739261
synthetic,6.729,4073.1636512810383,4348.714130911311,-275.550479630273,51.33110307719657
synthetic,6.73,4207.096108572759,4254.320270564298,-47.224161991539404,51.35199398046706
synthetic,6.731,3748.7454871995337,4161.5018866400305,-412.7563994404968,51.37288488373753
synthetic,6.732,4273.234615900068,4070.246157901748,202.98845799831997,51.39377578700801
synthetic,6.7330000000000005,4728.761356515179,3980.5400149052025,748.2213416099762,51.41466669027849
synthetic,6.734,4032.1224796450356,3892.370149885386,139.75232975964946,51.43555759354896
synthetic,6.735,3494.906963994219,3805.7230266571232,-310.8160626629042,51.456448496819434
synthetic,6.736,3641.234288929416,3720.5848905192406,-79.35060158982469,51.4773394000899
synthetic,6.737,3172.266265273242,3636.941778149987,-464.67551287674496,51.49823030336039
synthetic,6.738,3443.4019389601635,3554.779527485657,-111.3775885254936,51.51912120663087
synthetic,6.739,3628.13738198822,3474.0837875706684,154.05359441755172,51.54001210990133
synthetic,6.74,3573.4675860801294,3394.8400283703436,178.62755770978583,51.56090301317182
synthetic,6.741,3009.276186476098,3317.0335505378744,-307.75736406177657,51.58179391644228
synthetic,6.742,3332.1126014685137,3240.6494951248105,91.4631063437032,51.60268481971276
synthetic,6.743,3514.2692269354566,3165.672853228743,348.5963737067136,51.62357572298325
synthetic,6.744,3620.2450745850456,3092.088475568145,528.1565990169006,51.64446662625371
synthetic,6.745,2811.227492910126,3019.8810819773653,-208.6535890672394,51.665357529524194
synthetic,6.746,2691.3164836938927,2949.0352708147575,-257.7187871208648,51.68624843279468
synthetic,6.747,2897.3584282513425,2879.5355282756136,17.822899975728888,51.70713933606514
synthetic,6.748,1934.3948231996396,2811.3662376036914,-876.9714144040518,51.728030239335624
synthetic,6.749,2586.615192095436,2744.5116881954223,-157.89649609998605,51.748921142606086
synthetic,6.75,2599.035926985542,2678.956084589033,-79.92015760349068,51.76981204587657
synthetic,6.751,2478.212476545091,2614.6835553346245,-136.47107878953375,51.790702949147054
synthetic,6.752,2077.807443611454,2551.678161738072,-473.87071812661816,51.811593852417516
synthetic,6.753,2417.5100990934197,2489.9239064741764,-72.41380738075668,51.832484755688
synthetic,6.754,2197.6344905343176,2429.404742064674,-231.7702515303563,51.85337565895846
synthetic,6.755,2598.523168859328,2370.1045792150817,228.41858964424637,51.87426656222895
synthetic,6.756,2037.600380697983,2312.0072950077206,-274.40691430973766,51.89515746549943
synthetic,6.757,2171.4911060333666,2255.0967409455343,-83.60563491216772,51.91604836876989
synthetic,6.758,2130.533157796397,2199.356750843493,-68.82359304709598,51.93693927204038
synthetic,6.759,2316.0667403689927,2144.7711485645996,171.2955918043931,51.95783017531086
synthetic,6.76,1328.5404153245672,2091.3237555964056,-762.7833402718384,51.97872107858132
synthetic,6.761,1937.763318570218,2038.9983984655798,-101.23507989536188,51.99961198185181
synthetic,6.7620000000000005,2216.580702255709,1987.7789159883387,228.80178626737052,52.02050288512229
synthetic,6.763,1830.0252500139604,1937.6491663534985,-107.62391633953803,52.04139378839275
synthetic,6.764,1431.3602780643496,1888.5930340364525,-457.23275597210295,52.06228469166324
synthetic,6.765,1939.388460231609,1840.5944365426678,98.79402368894125,52.08317559493371
synthetic,6.766,1895.4246646815018,1793.6373309779315,101.78733370357031,52.10406649820418
synthetic,6.767,1667.3072996620847,1747.7057204452994,-80.39842078321476,52.12495740147467
synthetic,6.768,1355.5609180412198,1702.7836602664827,-347.2227422252629,52.14584830474513
synthetic,6.769,1437.3366948240414,1658.85526402718,-221.51856920313867,52.16673920801561
synthetic,6.77,1522.4301602212322,1615.9047094460236,-93.47454922479142,52.18763011128608
synthetic,6.771,1311.8776375048242,1573.9162440656507,-262.03860656082657,52.20852101455657
synthetic,6.772,957.4111940779263,1532.8741907667259,-575.4629966887995,52.22941191782704
synthetic,6.773,1262.537083094566,1492.7629531038897,-230.22587000932367,52.25030282109751
synthetic,6.774,1435.5740691451458,1453.5670204640908,-17.99295131894496,52.271193724368
synthetic,6.775,1263.6536320690866,1415.2709730478468,-151.61734097876024,52.292084627638474
synthetic,6.776,1355.6591485331512,1377.8594866732906,-22.200338140139365,52.31297553090894
synthetic,6.777,1366.8574567076244,1341.3173374039027,25.540119303721667,52.33386643417943
synthetic,6.7780000000000005,1575.0163648169505,1305.6294060010287,269.38695881592184,52.35475733744991
synthetic,6.779,1932.3141756165173,1270.7806822015007,661.5334934150167,52.37564824072037
synthetic,6.78,1456.6484830433385,1236.756268821774,219.89221422156447,52.39653914399086
synthetic,6.781,782.5740414434199,1203.5413856901102,-420.96734424669035,52.41743004726132
synthetic,6.782,374.34211184905837,1171.1213734074242,-796.7792615583659,52.4383209505318
synthetic,6.783,1111.4206109674033,1139.4816969391861,-28.06108597178286,52.45921185380229
synthetic,6.784,1130.275719080999,1108.6079490392951,21.66777004170376,52.48010275707275
synthetic,6.785,730.1491027076748,1078.4858535079768,-348.33675080030196,52.500993660343234
synthetic,6.786,1130.910472401526,1049.101268285817,81.80920411570901,52.521884563613696
synthetic,6.787,790.5325114311278,1020.4401883852671,-229.90767695413933,52.54277546688418
synthetic,6.788,1113.438812788029,992.4887486624783,120.95006412555074,52.563666370154664
synthetic,6.789,867.7021661957775,965.2332264309861,-97.53106023520854,52.584557273425126
synthetic,6.79,1057.9987567490634,938.6600439197941,119.3387128292693,52.60544817669561
synthetic,6.791,389.8729826770243,912.7557705784144,-522.8827879013901,52.626339079966094
synthetic,6.792,756.018952749077,887.5071252308453,-131.4881724817683,52.64722998323656
synthetic,6.793,818.3504652062736,862.9009780812572,-44.55051287498361,52.66812088650704
synthetic,6.7940000000000005,411.4668967980296,838.9243525741142,-427.4574557760846,52.689011789777524
synthetic,6.795,1380.2478071223845,815.5644271109978,564.6833800113867,52.70990269304799
synthetic,6.796,630.5356189349347,792.808536627035,-162.27291769210024,52.73079359631847
synthetic,6.797,1187.5722592352286,770.6441740298669,416.92808520536164,52.75168449958893
synthetic,6.798,549.6706430477209,749.0589915034661,-199.38834845574524,52.77257540285942
synthetic,6.799,658.9416928119758,728.0408016802488,-69.09910886827299,52.7934663061299
synthetic,6.8,1062.61859016388,707.5775786838522,355.0410114800279,52.81435720940036
synthetic,6.801,778.6543868543229,687.6574590457271,90.99692780859573,52.83524811267085
synthetic,6.802,725.7125892788441,668.2687424986481,57.443846780196054,52.85613901594131
synthetic,6.803,728.989362236818,649.399892649671,79.58946958714705,52.87702991921179
synthetic,6.804,220.9777243466179,631.0395375360791,-410.06181318946125,52.89792082248228
synthetic,6.805,496.0753084449418,613.1764700668733,-117.10116162193151,52.91881172575275
synthetic,6.806,308.61037488513676,595.7996483530386,-287.18927346790184,52.93970262902322
synthetic,6.807,637.8464632619346,578.8981959297441,58.948267332190426,52.96059353229371
synthetic,6.808,398.9660853910365,562.4614018732398,-163.4953164822033,52.98148443556417
synthetic,6.809,532.9452554823657,546.4787208156523,-13.533465333286586,53.00237533883465
synthetic,6.8100000000000005,507.4166164426953,530.9397728608469,-23.523156418151643,53.02326624210514
synthetic,6.811,504.56837046244675,515.8343434041348,-11.265972941688005,53.04415714537561
synthetic,6.812,490.35410294324987,501.1523828589993,-10.798279915749447,53.065048048646084
synthetic,6.813000000000001,290.77732502612344,486.88400629398996,-196.10668126786652,53.08593895191657
synthetic,6.814,156.40647458850776,473.0194929825355,-316.61301839402773,53.10682985518703
synthetic,6.815,259.81145444319947,459.54928586882517,-199.7378314256257,53.127720758457514
synthetic,6.816,767.4759630320491,446.4639909528261,321.01197207922297,53.14861166172798
synthetic,6.817,545.5349603132714,433.7543765971112,111.78058371616021,53.16950256499847
synthetic,6.818,597.0117540454783,421.41137275878833,175.60038128668992,53.19039346826893
synthetic,6.819,822.9121050503093,409.42607014907014,413.4860349012391,53.21128437153941
synthetic,6.82,43.438138047063546,397.7897193237112,-354.35158127664766,53.23217527480989
synthetic,6.821,538.9393415216359,386.493729706888,152.4456118147479,53.25306617808036
synthetic,6.822,52.44965341879845,375.5296685514434,-323.080015132645,53.273957081350844
synthetic,6.823,264.01416842913466,364.88925983836947,-100.87509140923481,53.29484798462133
synthetic,6.824,499.24363325661125,354.5643831180952,144.67925013851607,53.31573888789179
synthetic,6.825,828.2406925711375,344.54707229636955,483.69362027476797,53.336629791162274
synthetic,6.8260000000000005,99.55294495803867,334.82951436750534,-235.27656940946667,53.35752069443276
synthetic,6.827,296.3210855929629,325.40404809742523,-29.08296250446233,53.37841159770322
synthetic,6.828,662.473241435286,316.26316265920264,346.2100787760834,53.399302500973704
synthetic,6.829,-140.22065740636486,307.3994962237035,-447.6201536300684,53.420193404244166
synthetic,6.83,406.745353125902,298.80583450762896,107.93951861827304,53.44108430751465
synthetic,6.8309999999999995,197.28078475845814,290.47510928165764,-93.1943245231995,53.46197521078511
synthetic,6.832,17.16461373803594,282.40039684084843,-265.2357831028125,53.4828661140556
synthetic,6.833,317.82056784559586,274.57491643988834,43.24565140570752,53.50375701732608
synthetic,6.834,444.7099933944339,266.99202869531695,177.71796469911698,53.52464792059654
synthetic,6.835,-14.760584244888037,259.64523395706226,-274.4058182019503,53.54553882386703
synthetic,6.836,365.7332199751189,252.5281706515538,113.2050493235651,53.56642972713751
synthetic,6.837,296.83782674312545,245.63461359846121,51.20321314466423,53.58732063040797
synthetic,6.838,-134.40910718318227,238.95847230322116,-373.36757948640343,53.60821153367846
synthetic,6.839,697.6783496554015,232.49378922747576,465.1845604279257,53.62910243694894
synthetic,6.84,552.3506168044835,226.23473803931378,326.11587876516967,53.6499933402194
synthetic,6.841,-38.67286026495398,220.17562184532989,-258.84848211028384,53.67088424348989
synthetic,6.8420000000000005,37.43569782289504,214.31087140645684,-176.8751735835618,53.69177514676037
synthetic,6.843,438.9678358529861,208.6350433393229,230.33279251366324,53.71266605003083
synthetic,6.844,53.591537494156114,203.14281830498666,-149.55128081083055,53.73355695330132
synthetic,6.845,-355.0183603607121,197.8289991868482,-552.8473595475602,53.75444785657178
synthetic,6.846,506.4062290064703,192.68850925931193,313.7177197471584,53.77533875984226
synthetic,6.8469999999999995,189.3888405094139,187.71639034899246,1.6724501604214481,53.796229663112726
synthetic,6.848,754.038689924122,182.90780098991362,571.1308889342083,53.81712056638321
synthetic,6.849,284.50626061835464,178.25801457438274,106.2482460439719,53.83801146965369
synthetic,6.85,230.05341792548563,173.76241750091893,56.291000424566704,53.85890237292416
synthetic,6.851,1030.7451149745389,169.41650732072634,861.3286076538125,53.87979327619464
synthetic,6.852,112.61942315892566,165.2158908841389,-52.596467725213245,53.900684179465124
synthetic,6.853,-125.43937675523759,161.15628248829958,-286.59565924353717,53.92157508273559
synthetic,6.854,224.92735979355012,157.2335020274159,67.69385776613422,53.94246598600607
synthetic,6.855,493.0898593678648,153.44347314685388,339.6463862210109,53.963356889276554
synthetic,6.856,-200.84839910490314,149.78222140221072,-350.63062050711386,53.98424779254702
synthetic,6.857,-127.34267585454734,146.2458724245423,-273.58854827908965,54.00513869581751
synthetic,6.8580000000000005,276.6403785692379,142.83065009287608,133.8097284763618,54.026029599087984
synthetic,6.859,-820.8084782891298,139.53287471500553,-960.3413530041353,54.046920502358454
synthetic,6.86,-192.60665661134834,136.34896121760372,-328.9556178289521,54.06781140562893
synthetic,6.861,370.7543847180625,133.27541734664877,237.47896737141375,54.0887023088994
synthetic,6.862,-46.89358072621701,130.3088418790082,-177.20242260522522,54.109593212169884
synthetic,6.8629999999999995,-361.6936100302918,127.44592284614339,-489.13953287643517,54.130484115440346
synthetic,6.864,701.1447386062617,124.6834357706822,576.4613028355795,54.15137501871083
synthetic,6.865,-302.36505926207417,122.01824191673074,-424.3833011788049,54.172265921981314
synthetic,6.866,-38.799149842028214,119.44728655460855,-158.24643639663677,54.193156825251776
synthetic,6.867,3.897396531880929,116.96759724074457,-113.07020070886364,54.21404772852226
synthetic,6.868,138.25490921306468,114.57628211342191,23.678627099642767,54.234938631792744
synthetic,6.869,0.14037358551367163,112.27052820495982,-112.13015461944615,54.25582953506321
synthetic,6.87,84.46561522540861,110.04759977094972,-25.581984545541104,54.27672043833369
synthetic,6.871,123.8469173276804,107.90483663711684,15.942080690563557,54.297611341604174
synthetic,6.872,78.51663259075286,105.83965256428948,-27.323019973536617,54.31850224487464
synthetic,6.873,130.49782883685629,103.84953363198245,26.648295204873833,54.33939314814512
synthetic,6.8740000000000006,-613.0932607772561,101.93203664105687,-715.0252974183129,54.360284051415604
synthetic,6.875,231.04290227892736,100.084787535842,130.95811474308536,54.38117495468607
synthetic,6.876,-324.4064980958835,98.30547984612024,-422.7119779420037,54.40206585795655
synthetic,6.877,-554.7903941488395,96.5918731493413,-651.3822672981808,54.42295676122701
synthetic,6.878,507.9439318217557,94.94179155334837,413.00214026840735,54.4438476644975
synthetic,6.879,-293.71728427499033,93.35312219995592,-387.07040647494625,54.46473856776796
synthetic,6.88,144.35515764534375,91.8238137895921,52.53134385575166,54.48562947103844
synthetic,6.881,-142.8594991831472,90.35187512728658,-233.21137431043377,54.50652037430893
synthetic,6.882,-116.06093540815723,88.93537369017429,-204.99630909833152,54.52741127757939
synthetic,6.883,231.1989276064664,87.57243421671049,143.62649338975592,54.54830218084987
synthetic,6.884,-229.68965796513868,86.26123731776292,-315.95089528290157,54.56919308412036
synthetic,6.885,195.30544460762513,85.00001810968838,110.30542649793675,54.59008398739082
synthetic,6.886,196.48452400963316,83.78706486951322,112.69745914011995,54.6109748906613
synthetic,6.8870000000000005,430.4314008270131,82.6207177123097,347.81068311470335,54.63186579393179
synthetic,6.888,-20.90167768497129,81.49936729081003,-102.40104497578132,54.65275669720225
synthetic,6.889,392.8456818336058,80.42145351730923,312.42422831629654,54.673647600472734
synthetic,6.890000000000001,594.0300780077342,79.38546430788494,514.6446136998493,54.69453850374322
synthetic,6.891,552.8174868215948,78.38993434891546,474.42755247267934,54.71542940701369
synthetic,6.892,251.66608352070295,77.43344388588834,174.23263963481463,54.736320310284164
synthetic,6.893,209.66069204470358,76.51461753446989,133.1460745102337,54.757211213554626
synthetic,6.894,928.8515804010163,75.6321231137601,853.2194572872562,54.77810211682511
synthetic,6.895,742.8071585909973,74.78467050168916,668.0224880893081,54.79899302009558
synthetic,6.896,-157.65772819032952,73.97101051244213,-231.62873870277167,54.81988392336606
synthetic,6.897,348.6158514622085,73.189933795836,275.4259176663725,54.84077482663655
synthetic,6.898,251.358020077513,72.44026975851301,178.917750319,54.86166572990701
synthetic,6.899,91.7178917445287,71.72088550682972,19.997006237698983,54.88255663317749
synthetic,6.9,115.32794181881431,71.03068481130468,44.29725700750963,54.90344753644797
synthetic,6.901,214.99452041773313,70.36860709245857,144.62591332527455,54.92433843971844
synthetic,6.902,349.21837301585856,69.7336264278866,279.4847465879719,54.945229342988924
synthetic,6.9030000000000005,133.0197476226752,69.12475058039183,63.894997042283364,54.96612024625941
synthetic,6.904,168.73001905722586,68.54102004698055,100.18899901024531,54.98701114952987
synthetic,6.905,483.8613426434465,67.98150712852913,415.8798355149174,55.00790205280035
synthetic,6.906000000000001,160.98599609425804,67.44531501992029,93.54068107433775,55.02879295607083
synthetic,6.907,228.6498060216264,66.93157692042459,161.7182291012018,55.0496838593413
synthetic,6.908,361.70685466914506,66.43945516411009,295.267399505035,55.070574762611784
synthetic,6.909,554.1321307134219,65.96814037005399,488.1639903433679,55.09146566588225
synthetic,6.91,431.8012986032902,65.51685061210866,366.28444799118154,55.11235656915273
synthetic,6.911,176.40839777439214,65.08483060799236,111.32356716639978,55.13324747242319
synthetic,6.912,125.16198859062126,64.67135092744242,60.490637663178845,55.15413837569368
synthetic,6.913,-304.6724367554712,64.27570721918909,-368.9481439746603,55.17502927896416
synthetic,6.914,149.6358474412902,63.89721945648109,85.73862798480911,55.19592018223462
synthetic,6.915,-249.5088894790843,63.53523120090381,-313.0441206799881,55.21681108550511
synthetic,6.916,-245.92896681528515,63.18910888422532,-309.1180756995105,55.23770198877559
synthetic,6.917,256.091632190878,62.85824110799331,193.23339108288468,55.25859289204605
synthetic,6.918,30.436558195899682,62.542037960612284,-32.1054797647126,55.27948379531654
synthetic,6.9190000000000005,201.95742306564205,62.239930351626796,139.71749271401524,55.30037469858702
synthetic,6.92,-128.0959474555022,61.951369362926116,-190.04731681842833,55.32126560185748
synthetic,6.921,420.06562640648417,61.675825616592846,358.3898007898913,55.34215650512797
synthetic,6.922000000000001,102.56002681536364,61.41278865911465,41.14723815624899,55.36304740839845
synthetic,6.923,415.4828394296677,61.16176636167083,354.32107306799685,55.38393831166891
synthetic,6.924,260.9440021870487,60.92228433621173,200.02171785083695,55.4048292149394
synthetic,6.925,108.24516840227662,60.693885367047585,47.551283035229034,55.42572011820986
synthetic,6.926,-85.11851773127833,60.47612885765608,-145.5946465889344,55.446611021480344
synthetic,6.927,67.67145006467504,60.26859029242938,7.402859772245662,55.467501924750806
synthetic,6.928,306.41160683670836,60.07086071306922,246.34074612363912,55.48839282802129
synthetic,6.929,267.1044850286756,59.882546209351005,207.22193881932458,55.509283731291774
synthetic,6.93,-301.0604877281313,59.703267423968555,-360.76375515209986,55.53017463456224
synthetic,6.931,365.13594129137965,59.53265907117829,305.6032822202014,55.55106553783272
synthetic,6.932,-6.9163171612247325,59.370369468962814,-66.28668663018755,55.571956441103204
synthetic,6.933,301.66790508514157,59.21606008443059,242.451845000711,55.592847344373666
synthetic,6.934,-152.31730841469638,59.06940509217476,-211.38671350687116,55.61373824764415
synthetic,6.9350000000000005,248.1334815684935,58.93009094531578,189.2033906231777,55.634629150914634
synthetic,6.936,-182.34590209086724,58.79781595895033,-241.14371804981758,55.655520054185104
synthetic,6.937,95.30023160907294,58.67228990573598,36.62794170333696,55.67641095745558
synthetic,6.938000000000001,-33.047767965209,58.553233623342045,-91.60100158855104,55.697301860726064
synthetic,6.939,-29.436400077734007,58.44037863349728,-87.87677871123128,55.71819276399653
synthetic,6.94,-113.86066145389005,58.33346677237057,-172.1941282262606,55.73908366726701
synthetic,6.941,9.927621789508194,58.23224983202353,-48.30462804251533,55.75997457053748
synthetic,6.942,-466.2977586498922,58.136489212673325,-524.4342478625656,55.780865473807964
synthetic,6.943,318.76908342232895,58.04595558551273,260.7231278368162,55.801756377078426
synthetic,6.944,344.19668731524655,57.960428565831265,286.2362587494153,55.82264728034891
synthetic,6.945,-77.23511794280799,57.87969639619068,-135.11481433899866,55.84353818361939
synthetic,6.946,-358.41841772848454,57.8035556394059,-416.2219733678904,55.86442908688986
synthetic,6.947,-138.5894868589161,57.731810881089565,-196.32129774000566,55.88531999016034
synthetic,6.948,339.6271271891049,57.66427444152097,281.96285274758395,55.906210893430824
synthetic,6.949,242.92262433366102,57.60076609660231,185.3218582370587,55.92710179670129
synthetic,6.95,-34.912255184238006,57.5411128076703,-92.45336799190831,55.94799269997177
synthetic,6.9510000000000005,324.30735845166663,57.48514845993503,266.8222099917316,55.96888360324225
synthetic,6.952,-257.38466013976836,57.43271360931983,-314.8173737490882,55.98977450651272
synthetic,6.953,-128.7933122693189,57.38365523748136,-186.17696750680028,56.0106654097832
synthetic,6.954000000000001,197.3210124150159,57.337826514792795,139.9831859002231,56.031556313053684
synthetic,6.955,26.109180973166232,57.29508657107544,-31.185905597909205,56.05244721632415
synthetic,6.956,-121.93723345621879,57.25530027386925,-179.19253373008803,56.07333811959463
synthetic,6.957,-698.8577211914521,57.21833801403653,-756.0760592054887,56.09422902286509
synthetic,6.958,256.09832093584026,57.18407549849549,198.9142454373448,56.11511992613558
synthetic,6.959,151.80536885113645,57.15239354988648,94.65297530124997,56.13601082940604
synthetic,6.96,-468.23000206926923,57.123177912975194,-525.3531799822445,56.15690173267652
synthetic,6.961,234.70463180963776,57.09631906760304,177.6083127420347,56.17779263594701
synthetic,6.962,50.26028063570338,57.07171204799721,-6.811431412293828,56.19868353921747
synthetic,6.963,138.18447593739774,57.04925626825765,81.13521966914008,56.21957444248795
synthetic,6.964,338.05869491888666,57.028855353841934,281.0298395650447,56.24046534575844
synthetic,6.965,-167.4966549246065,57.010416978872186,-224.50707190347867,56.2613562490289
synthetic,6.966,268.50917936643543,56.99385270909296,211.51532665734248,56.282247152299384
synthetic,6.9670000000000005,259.56847941359956,56.97907785031196,202.5894015632876,56.30313805556987
synthetic,6.968,282.84098337420556,56.96601130215964,225.87497207204592,56.32402895884033
synthetic,6.969,545.1486542379062,56.954575417007206,488.19407882089894,56.344919862110814
synthetic,6.970000000000001,251.9595897313784,56.94469586388658,195.01489386749182,56.3658107653813
synthetic,6.971,-114.14947420534436,56.93630149725901,-171.08577570260337,56.38670166865176
synthetic,6.972,593.8132846456876,56.92932423048308,536.8839604152046,56.407592571922244
synthetic,6.973,-277.91433283139213,56.92369891383629,-334.8380317452284,56.42848347519271
synthetic,6.974,-84.55488503071925,56.91936321694776,-141.474248247667,56.44937437846319
synthetic,6.975,-235.0947270675162,56.916257515503446,-292.01098458301965,56.47026528173366
synthetic,6.976,23.403112806616896,56.91432478208826,-33.51121197547136,56.491156185004144
synthetic,6.977,378.8834229865095,56.91351048103337,321.96991250547615,56.51204708827462
synthetic,6.978,443.5407771807904,56.91376246713991,386.6270147136505,56.53293799154508
synthetic,6.979,193.24858385203964,56.91503088815389,136.33355296388575,56.55382889481557
synthetic,6.98,-128.63462177814378,56.91726809087025,-185.55188986901402,56.57471979808605
synthetic,6.981,-111.91322032481295,56.92042853074723,-168.83364885556017,56.59561070135652
synthetic,6.982,-126.79473995585136,56.92446868491538,-183.71920864076674,56.616501604627004
synthetic,6.9830000000000005,340.00828615355465,56.92934696846875,283.0789391850859,56.63739250789748
synthetic,6.984,-217.81293706241712,56.93502365392863,-274.74796071634574,56.65828341116794
synthetic,6.985,313.50028319373325,56.9414607937735,256.55882239995975,56.67917431443843
synthetic,6.986000000000001,44.35844355953739,56.94862214593144,-12.590178586394046,56.70006521770891
synthetic,6.987,105.74694116314166,56.95647310213462,48.79046806100703,56.72095612097938
synthetic,6.988,507.64274582480687,56.96498061903791,450.67776520576894,56.741847024249864
synthetic,6.989,-88.47673704761102,56.97411315200648,-145.4508501996175,56.76273792752033
synthetic,6.99,552.6388776940659,56.983840591480515,495.6550371025853,56.78362883079081
synthetic,6.991,-368.7181008648435,56.99413420182689,-425.7122350666704,56.80451973406127
synthetic,6.992,-193.31347415151654,57.00496656259138,-250.3184407141079,56.82541063733176
synthetic,6.993,-419.4033370072009,57.01631151206653,-476.4196485192674,56.84630154060224
synthetic,6.994,-169.92154355415556,57.028144093093644,-226.94968764724922,56.8671924438727
synthetic,6.995,228.9770525905041,57.040440501019255,171.93661208948484,56.88808334714319
synthetic,6.996,275.4309859989201,57.05317803372909,218.377807965191,56.90897425041367
synthetic,6.997,146.1451202945839,57.06633504368493,89.07878525089897,56.92986515368413
synthetic,6.998,134.24077950628748,57.07989089189192,77.16088861439556,56.95075605695462
synthetic,6.9990000000000006,-297.88386092270497,57.093825903726206,-354.9776868264312,56.9716469602251
synthetic,7.0,-343.9339161377227,57.108121326554944,-401.04203746427766,56.99253786349556
synthetic,7.001,145.28438032557858,57.12275928908302,88.16162103649556,57.01342876676605
synthetic,7.002,458.4615412629425,57.137722762362515,401.32381850058,57.03431967003651
synthetic,7.003,-55.11860062531162,57.152995522403586,-112.2715961477152,57.055210573306994
synthetic,7.004,-326.4433841203333,57.16856211432665,-383.61194623465997,57.076101476577456
synthetic,7.005,-405.8566898623735,57.18440781799866,-463.04109768037216,57.09699237984794
synthetic,7.006,-150.0648431070535,57.200518615097046,-207.26536172215054,57.117883283118424
synthetic,7.007,527.997287597258,57.21688115754768,470.78040643971036,57.138774186388886
synthetic,7.008,-8.184011502511993,57.23348273728468,-65.41749423979667,57.15966508965937
synthetic,7.009,-257.24122661007374,57.25031125728108,-314.49153786735485,57.180555992929854
synthetic,7.01,-128.69531627258698,57.26735520380216,-185.96267147638915,57.201446896200316
synthetic,7.011,-90.91319848587054,57.28460361983402,-148.19780210570457,57.2223377994708
synthetic,7.0120000000000005,133.83886752810156,57.30204607964167,76.53682144845989,57.243228702741284
synthetic,7.013,-143.84535884949634,57.31967266441306,-201.1650315139094,57.26411960601175
synthetic,7.014,-212.81738615087002,57.33747393894635,-270.1548600898164,57.28501050928223
synthetic,7.015000000000001,-2.235534297148533,57.3554409293393,-59.590975226487835,57.305901412552714
synthetic,7.016,194.77589051015593,57.37356510164159,137.40232540851434,57.326792315823184
synthetic,7.017,269.29330470781883,57.39183834143158,211.90146636638724,57.34768321909366
synthetic,7.018,219.34530182174316,57.41025293428072,161.93504888746244,57.36857412236412
synthetic,7.019,-83.0577252689485,57.42880154707038,-140.48652681601888,57.38946502563461
synthetic,7.02,-454.3259679796082,57.44747721012636,-511.77344518973456,57.410355928905076
synthetic,7.021,-185.35180115913687,57.46627330013864,-242.81807445927552,57.43124683217556
synthetic,7.022,139.43347814563313,57.48518352383403,81.9482946217991,57.452137735446044
synthetic,7.023,-345.8753988294101,57.504201902371406,-403.37960073178147,57.47302863871651
synthetic,7.024,130.00718289925013,57.52332275642989,72.48386014282023,57.49391954198698
synthetic,7.025,-122.76504244425135,57.54254069196142,-180.30758313621277,57.51481044525747
synthetic,7.026,-120.41502543834031,57.56185058658045,-177.97687602492076,57.53570134852794
synthetic,7.027,390.0927684561247,57.581247576564415,332.5115208795603,57.55659225179842
synthetic,7.0280000000000005,119.8670429636918,57.60072704443935,62.26631591925245,57.577483155068904
synthetic,7.029,465.3307719274956,57.62028460712645,407.71048732036917,57.59837405833937
synthetic,7.03,-227.51523626285564,57.63991610462612,-285.1551523674818,57.619264961609844
synthetic,7.031000000000001,393.48982782915255,57.65961758921646,335.8302102399361,57.64015586488033
synthetic,7.032,326.99846959662455,57.67938531514495,269.3190842814796,57.6610467681508
synthetic,7.033,-844.219548386348,57.69921572879219,-901.9187641151402,57.68193767142128
synthetic,7.034,27.807070433936616,57.719105459287405,-29.91203502535079,57.70282857469174
synthetic,7.035,516.9626611777934,57.739051309556736,459.2236098682367,57.72371947796223
synthetic,7.036,287.7196604980802,57.75905024778546,229.96061025029474,57.74461038123269
synthetic,7.037,-78.08674294063383,57.77909939927646,-135.86584233991027,57.76550128450317
synthetic,7.038,-15.520307781147395,57.79919603868761,-73.319503819835,57.78639218777366
synthetic,7.039,-336.5905746360459,57.8193375826318,-394.40991221867773,57.80728309104412
synthetic,7.04,116.2190995424109,57.83952158262381,58.37957795978709,57.828173994314604
synthetic,7.041,-483.6129389008629,57.859745718358454,-541.4726846192214,57.84906489758509
synthetic,7.042,-250.24596683292793,57.88000779130602,-308.12597462423395,57.86995580085555
synthetic,7.043,390.1027712686608,57.90030571861058,332.2024655500502,57.890846704126034
synthetic,7.0440000000000005,48.19139062861798,57.92063752727782,-9.729246898659838,57.91173760739652
synthetic,7.045,-54.65943818389314,57.94100134863974,-112.60043953253287,57.93262851066698
synthetic,7.046,22.602542509656313,57.96139541308362,-35.358852903427305,57.953519413937464
synthetic,7.047000000000001,876.9516146962384,57.98181804503356,818.9697966512048,57.97441031720795
synthetic,7.048,364.94736669544733,58.002267658173146,306.9450990372742,57.99530122047841
synthetic,7.049,-178.29385890211012,58.022742750898516,-236.31660165300863,58.016192123748894
synthetic,7.05,554.4310867010976,58.04324190199122,496.38784479910635,58.03708302701936
synthetic,7.051,27.775310982137935,58.063763766501076,-30.28845278436314,58.05797393028984
synthetic,7.052,276.3365246138511,58.084307071829116,218.25221754202198,58.0788648335603
synthetic,7.053,-121.56001872792555,58.10487061400207,-179.66488934192762,58.09975573683079
synthetic,7.054,-226.9199877905692,58.1254532541288,-285.045441044698,58.12064664010127
synthetic,7.055,295.0183167129441,58.146053915031,236.87226279791312,58.14153754337174
synthetic,7.056,-176.21377983284583,58.16667157803979,-234.38045141088563,58.16242844664222
synthetic,7.057,-179.9354469855863,58.18730527995038,-238.1227522655367,58.1833193499127
synthetic,7.058,323.81803523322856,58.20795411012773,265.6100811231008,58.20421025318316
synthetic,7.059,-294.14519132764894,58.22861720775609,-352.37380853540503,58.22510115645365
synthetic,7.0600000000000005,-371.29229738863216,58.24929375922538,-429.54159114785756,58.24599205972413
synthetic,7.061,218.00742028612086,58.26998299564842,159.73743729047243,58.2668829629946
synthetic,7.062,-533.4655758176584,58.29068419050252,-591.7562600081609,58.28777386626508
synthetic,7.063000000000001,-171.01096392420374,58.311396657389615,-229.32236058159336,58.30866476953556
synthetic,7.064,-55.179268409720585,58.332119747909374,-113.51138815762997,58.32955567280602
synthetic,7.065,-349.0696896608567,58.35285284963991,-407.4225425104966,58.35044657607651
synthetic,7.066,-280.68689753459154,58.373595384220685,-339.0604929188122,58.37133747934698
synthetic,7.067,254.29999787488353,58.394346805533196,195.90565106935034,58.39222838261746
synthetic,7.068,142.281908013156,58.41510659797419,83.86680141518181,58.41311928588792
synthetic,7.069,-229.1595755935959,58.43587427481741,-287.5954498684133,58.43401018915841
synthetic,7.07,213.40741885523548,58.45664937665915,154.95076947857632,58.454901092428884
synthetic,7.071,510.3531724905914,58.47743146994395,451.87574102064747,58.47579199569935
synthetic,7.072,-330.1478050649059,58.498220145566336,-388.64602521047226,58.49668289896984
synthetic,7.073,72.96218029483212,58.51901501754464,14.443165277287484,58.51757380224032
synthetic,7.074,647.5887558637443,58.53981572176393,589.0489401419803,58.53846470551078
synthetic,7.075,237.94923357135298,58.56062191478412,179.38861165656886,58.55935560878127
synthetic,7.0760000000000005,298.62472450708884,58.58143327271033,240.0432912343785,58.580246512051744
synthetic,7.077,-5.428688591510237,58.60224949012218,-64.03093808163243,58.60113741532221
synthetic,7.078,-184.76408442758108,58.623070279059554,-243.38715470664064,58.6220283185927
synthetic,7.079000000000001,397.64448503401576,58.64389536806129,339.00058966595446,58.64291922186318
synthetic,7.08,250.75839802247077,58.664724501254845,192.09367352121592,58.663810125133644
synthetic,7.081,39.19190121105426,58.68555743749408,-19.493656226439825,58.68470102840413
synthetic,7.082,-84.94391508026527,58.706393949542544,-143.65030902980783,58.70559193167459
synthetic,7.083,-469.65281721070994,58.727233823300416,-528.3800510340103,58.726482834945074
synthetic,7.084,101.44457216040502,58.74807685707249,42.696495303332526,58.747373738215536
synthetic,7.085,-152.8331708634198,58.76892286087539,-211.6020937242952,58.76826464148602
synthetic,7.086,15.132335864709638,58.78977165578179,-43.65743579107215,58.789155544756504
synthetic,7.087,255.98919215212177,58.81062307329992,197.17856907882185,58.81004644802697
synthetic,7.088,300.705351549291,58.83147695478664,241.87387459450434,58.83093735129745
synthetic,7.089,270.4127958297214,58.85233315089187,211.56046267882954,58.851828254567934
synthetic,7.09,731.2397722302485,58.87319152103348,672.366580709215,58.8727191578384
synthetic,7.091,404.2640008180441,58.894051932900474,345.36994888514363,58.89361006110888
synthetic,7.0920000000000005,-169.08703925442873,58.91491426198321,-228.00195351641196,58.914500964379364
synthetic,7.093,-190.74619037260186,58.93577839112934,-249.6819687637312,58.93539186764983
synthetic,7.094,753.1975789731194,58.9566442101241,694.2409347629954,58.95628277092031
synthetic,7.095000000000001,-144.23750939977324,58.97751161529338,-203.2150210150666,58.977173674190794
synthetic,7.096,41.52771330914412,58.99838050912891,-17.47066719998479,58.99806457746126
synthetic,7.097,578.2340217745694,59.019250799933964,519.2147709746355,59.01895548073174
synthetic,7.098,569.3790384862281,59.040122401488595,510.3389160847395,59.0398463840022
synthetic,7.099,38.40264930886083,59.06099523273361,-20.65834592387278,59.06073728727269
synthetic,7.1,127.38316559343531,59.08186921747186,68.30129637596345,59.08162819054316
synthetic,7.101,-435.72456533597324,59.10274428408643,-494.8273096200597,59.10251909381364
synthetic,7.102,-217.68839969692905,59.12362036527426,-276.8120200622033,59.12340999708412
synthetic,7.103,-54.75354244998957,59.144497397795,-113.89803984778456,59.14430090035458
synthetic,7.104,53.134132751836134,59.16537532223374,-6.031242570397609,59.16519180362506
synthetic,7.105,-42.155971366696185,59.18625408277711,-101.34222544947329,59.18608270689555
synthetic,7.106,100.53635455916059,59.207133627002065,41.32922093215852,59.20697361016602
synthetic,7.107,712.6666036258481,59.228013905676654,653.4385897201714,59.2278645134365
synthetic,7.1080000000000005,194.16639778623488,59.24889487257191,134.917502913663,59.24875541670698
synthetic,7.109,147.48428654735932,59.26977648428459,88.21451006307473,59.26964631997744
synthetic,7.11,55.42802829708766,59.29065870006996,-3.8626304029823046,59.290537223247924
synthetic,7.111000000000001,3.315831904541575,59.311541481684074,-55.9957095771425,59.31142812651841
synthetic,7.112,424.77948587237677,59.332424793235106,365.4470610791417,59.33231902978888
synthetic,7.113,-242.4743305037454,59.35330860104332,-301.8276391047887,59.35320993305936
synthetic,7.114,17.238234557396474,59.374192873508846,-42.13595831611237,59.37410083632982
synthetic,7.115,-273.8130834465979,59.3950775809874,-333.2081610275853,59.39499173960031
synthetic,7.116,81.06699066464192,59.4159626956728,21.651027968969117,59.41588264287077
synthetic,7.117,90.65117134790383,59.43684819148673,31.214323156417095,59.436773546141254
synthetic,7.118,331.09602205875564,59.457734043974455,271.6382880147812,59.45766444941174
synthetic,7.119,414.2505511506916,59.47862023020691,354.7719309204847,59.4785553526822
synthetic,7.12,253.87936048908827,59.499506728688466,194.3798537603998,59.499446255952684
synthetic,7.121,541.6458425116692,59.520393519269916,482.1254489923993,59.52033715922317
synthetic,7.122,531.5270329352616,59.54128058306671,471.9857523521948,59.54122806249363
synthetic,7.123,149.59165537444446,59.562167902382015,90.02948747206244,59.562118965764114
synthetic,7.1240000000000006,166.9961043990311,59.58305546063416,107.41304893839695,59.5830098690346
synthetic,7.125,-525.8844650220828,59.603943242288466,-585.4884082643713,59.60390077230506
synthetic,7.126,151.0810009926908,59.624831232793156,91.45616975989765,59.624791675575544
synthetic,7.127000000000001,53.48857069234428,59.64571941851889,-6.157148726174604,59.64568257884603
synthetic,7.128,-451.52452924553984,59.666607786702045,-511.1911370322419,59.66657348211649
synthetic,7.1290000000000004,-74.38377759864164,59.68749632539142,-134.07127392403305,59.687464385386974
synthetic,7.13,342.26721977929935,59.708385023397824,282.55883475590156,59.70835528865744
synthetic,7.131,-316.5842702046921,59.72927387024709,-376.31354407493916,59.72924619192792
synthetic,7.132,442.9413751775555,59.75016285613557,383.19121232142,59.75013709519838
synthetic,7.133,197.50381960524135,59.77105197188851,137.73276763335284,59.77102799846887
synthetic,7.134,-13.444404756178443,59.7919412089208,-73.23634596509925,59.79191890173935
synthetic,7.135,12.38183460960228,59.812830559200165,-47.430995949597886,59.81280980500981
synthetic,7.136,304.0661505901952,59.83372001521264,244.23243057498257,59.8337007082803
synthetic,7.1370000000000005,-374.3222658870001,59.85460956992996,-434.1768754569301,59.85459161155078
synthetic,7.138,667.3325986783055,59.87549921677909,607.4570994615265,59.87548251482124
synthetic,7.139,-188.91384332206547,59.896388949613595,-248.81023227167907,59.89637341809173
synthetic,7.140000000000001,-174.46495813652052,59.91727876268666,-234.3822368992072,59.91726432136221
synthetic,7.141,421.35847258861844,59.938168650625826,361.4203039379926,59.93815522463268
synthetic,7.142,292.15171298945376,59.95905860840937,232.19265438104438,59.95904612790316
synthetic,7.143000000000001,452.7615203001594,59.9799486313439,392.7815716688155,59.97993703117364
synthetic,7.144,368.94633294463273,60.00083871504355,308.9454942295892,60.000827934444104
synthetic,7.1450000000000005,168.07878866148786,60.02172885541039,108.05705980607748,60.02171883771459
synthetic,7.146,-327.7472346752471,60.042619048615954,-387.7898537238631,60.04260974098506
synthetic,7.147,-86.67596436101088,60.06350929108412,-146.739473652095,60.06350064425554
synthetic,7.148,114.71581742196037,60.08439957947476,54.631417842485604,60.084391547526
synthetic,7.149,50.03723632501489,60.10528991066877,-10.068053585653885,60.10528245079648
synthetic,7.15,-560.6348392740866,60.126180281753676,-620.7610195558403,60.126173354066964
synthetic,7.151,368.5296142419676,60.147070690010345,308.3825435519572,60.14706425733743
synthetic,7.152,574.5587445663286,60.167961132900594,514.390783433428,60.16795516060792
synthetic,7.1530000000000005,494.4525651541764,60.1888516080553,434.2637135461211,60.1888460638784
synthetic,7.154,-250.1258827947101,60.20974211326354,-310.3356249079736,60.209736967148864
synthetic,7.155,186.03003869968356,60.23063264646229,125.79940605322128,60.23062787041934
synthetic,7.156000000000001,-582.7014209415119,60.251523205726755,-642.9529441472387,60.251518773689824
synthetic,7.157,562.2614467090025,60.27241378926134,501.98903291974113,60.272409676960294
synthetic,7.158,-526.6990691168234,60.29330439539129,-586.9923735122146,60.29330058023078
synthetic,7.159000000000001,178.42463251475382,60.31419502255463,118.1104374921992,60.31419148350126
synthetic,7.16,404.0539098708826,60.335085669294834,343.7188242015878,60.335082386771724
synthetic,7.1610000000000005,442.6845223247566,60.355976334253945,382.3285459905026,60.35597329004221
synthetic,7.162,158.48715723795374,60.37686701616594,98.1102902217878,60.37686419331267
synthetic,7.163,-372.3910121136164,60.39775771385079,-432.7887698274672,60.397755096583154
synthetic,7.164,24.959264514124765,60.418648426208655,-35.459383912083894,60.41864599985362
synthetic,7.165,-25.17554000541569,60.43953915221468,-85.61507915763036,60.4395369031241
synthetic,7.166,165.83574979951038,60.460429890913915,105.37531990859647,60.460427806394584
synthetic,7.167,351.6597971373168,60.4813206414167,291.1784764959001,60.48131870966505
synthetic,7.168,253.95626648322587,60.50221140289435,193.45405508033153,60.50220961293553
synthetic,7.1690000000000005,691.8369689599515,60.523102174575016,631.3138667853765,60.523100516206014
synthetic,7.17,253.67525807359678,60.54399295573988,193.1312651178569,60.54399141947648
synthetic,7.171,-61.27725106817319,60.56488374571971,-121.8421348138929,60.56488232274696
synthetic,7.172000000000001,544.3698669665017,60.58577454389137,483.78409242261034,60.585773226017444
synthetic,7.173,-38.974418262480974,60.60666534967479,-99.58108361215577,60.60666412928791
synthetic,7.174,139.95105441677947,60.62755616253012,79.32349825424936,60.62755503255839
synthetic,7.175,109.63337895566204,60.64844698195489,48.98493197370715,60.64844593582885
synthetic,7.176,-632.561406524268,60.6693378074816,-693.2307443317496,60.66933683909934
synthetic,7.177,138.4619869239801,60.69022863867522,77.77175828530488,60.6902277423698
synthetic,7.178,142.25598688002958,60.71111947513114,81.54486740489844,60.71111864564028
synthetic,7.179,-7.47951572381843,60.73201031647295,-68.21152604029137,60.73200954891077
synthetic,7.18,13.053908132719172,60.752901162350575,-47.6989930296314,60.75290045218124
synthetic,7.181,-329.8730473992816,60.77379201243853,-390.6468394117201,60.77379135545171
synthetic,7.182,80.19499325937737,60.79468286643414,19.400310392943233,60.7946822587222
synthetic,7.183,506.34164648286634,60.81557372405601,445.5260727588103,60.81557316199266
synthetic,7.184,2.291130116710498,60.83646458504265,-58.54533446833215,60.836464065263144
synthetic,7.1850000000000005,-101.15772496484465,60.857355449150944,-162.01508041399558,60.85735496853363
synthetic,7.186,-126.83066799848629,60.87824631615499,-187.70891431464128,60.8782458718041
synthetic,7.187,660.6223728671486,60.899137185844936,599.7232356813037,60.899136775074574
synthetic,7.188000000000001,-351.0690462832731,60.92002805802575,-411.9890743412989,60.92002767834506
synthetic,7.189,308.99693055211065,60.94091893251628,248.05601161959436,60.94091858161552
synthetic,7.19,88.94354186840741,60.961809809148335,27.981732059259073,60.961809484886004
synthetic,7.191,631.796927336835,60.982700687765615,570.8142266490694,60.98270038815647
synthetic,7.192,448.9156265421272,61.00359156822308,387.9120349739041,61.00359129142696
synthetic,7.193,29.048592467195792,61.024482450386,-31.97588998319021,61.02448219469742
synthetic,7.194,-406.8885910365891,61.04537333412938,-467.9339643707185,61.045373097967904
synthetic,7.195,484.45195319976636,61.06626421933712,423.3856889804292,61.06626400123838
synthetic,7.196,492.9811004947876,61.08715510590151,431.8939453888861,61.08715490450885
synthetic,7.197,-275.89459816951376,61.10804599372262,-337.00264416323637,61.108045807779334
synthetic,7.198,279.1540493332719,61.1289368827077,218.02511245056422,61.12893671104982
synthetic,7.199,-184.6379644993001,61.14982777277069,-245.7877922720708,61.14982761432028
synthetic,7.2,-177.2570917630777,61.17071866383185,-238.42781042690956,61.170718517590764
