objective,seed,epoch,pre_update_training_energy_normalized_MSE,pre_update_training_gradient_normalized_MSE,pre_update_total_loss,gradient_norm_before_clip,learning_rate,validation_energy_RMSE_Hartree,validation_gradient_RMSE_Hartree_A,selection_score,new_best_checkpoint
energy_only,7301,1,1.3305354888173113,-0.0,1.3305354888173113,2.905096203791067,0.003,0.10353909430528571,0.3312112903444644,2.1439147442748396,True
energy_only,7301,2,1.24021498711002,-0.0,1.24021498711002,2.4798804539925148,0.0029999890123685955,0.099422038676667,0.33115793957245543,2.09981085677584,True
energy_only,7301,3,1.1649296906397522,-0.0,1.1649296906397522,2.0726133675198937,0.0029999560496438253,0.09578163499883821,0.33109716807477474,2.060770441949159,True
energy_only,7301,4,1.1036262888906454,-0.0,1.1036262888906454,1.6740898490566176,0.0029999011123340146,0.0926366711041552,0.3310224776584997,2.0269736165131502,True
energy_only,7301,5,1.055572812915363,-0.0,1.055572812915363,1.2776458926157808,0.002999824201286366,0.09001762510357858,0.3309285194166148,1.9987288590438583,True
energy_only,7301,6,1.0203341121078415,-0.0,1.0203341121078415,0.8782142479339092,0.002999725317686942,0.0879619836076987,0.33080925159784447,1.9764172683071264,True
energy_only,7301,7,0.9976037956308329,-0.0,0.9976037956308329,0.474664103355712,0.0029996044630606505,0.08649930600325367,0.3306580493806143,1.9603335160441433,True
energy_only,7301,8,0.986838487359506,-0.0,0.986838487359506,0.10093374656684492,0.002999461639271219,0.0856208824799289,0.3304697918425747,1.950368589000787,True
energy_only,7301,9,0.986561614059175,-0.0,0.986561614059175,0.3530767141602683,0.002999296848521167,0.08523054770535655,0.3302458247867227,1.94550044831842,True
energy_only,7301,10,0.9933435132322006,-0.0,0.9933435132322006,0.706589654496611,0.0029991100933517718,0.08511969813643638,0.32999852146633896,1.9435417247763642,True
energy_only,7301,11,1.0016295150016323,-0.0,1.0016295150016323,0.9800921892801391,0.0029989013766430297,0.08504898695876319,0.32974663828255124,1.9419969850972065,True
energy_only,7301,12,1.0060415641482434,-0.0,1.0060415641482434,1.1416098032963728,0.00299867070161361,0.08487344363046002,0.3295045788117914,1.9393643097132052,True
energy_only,7301,13,1.0040169752110424,-0.0,1.0040169752110424,1.189423601623547,0.0029984180718208068,0.08457103103672146,0.329277559152972,1.9354248843568627,True
energy_only,7301,14,0.9959595255191656,-0.0,0.9959595255191656,1.1429747036095412,0.002998143491160484,0.08419231751244763,0.32906275116756023,1.9307094944289256,True
energy_only,7301,15,0.9838348459183175,-0.0,0.9838348459183175,1.0299230711447882,0.0029978469638670155,0.08380347610002495,0.3288517153747705,1.9258978541931606,True
energy_only,7301,16,0.969835751694746,-0.0,0.969835751694746,0.8779541552189664,0.002997528494513219,0.08345095701984373,0.3286323899183074,1.9214478363565055,True
energy_only,7301,17,0.9556228597105976,-0.0,0.9556228597105976,0.7115729842654391,0.0029971880880102857,0.08314777185857332,0.32839075347224517,1.9174543155042494,True
energy_only,7301,18,0.9420573683734943,-0.0,0.9420573683734943,0.5523433913462745,0.002996825749607705,0.08287390010452349,0.3281119528855192,1.91365704383833,True
energy_only,7301,19,0.9292324139821283,-0.0,0.9292324139821283,0.4219142759058899,0.0029964414848931836,0.08258311151983423,0.3277806810371208,1.9095146436779862,True
energy_only,7301,20,0.9166331642343358,-0.0,0.9166331642343358,0.3449218895466714,0.002996035299792558,0.08221173050479406,0.32738160546183925,1.904299483837775,True
energy_only,7301,21,0.9033288624937134,-0.0,0.9033288624937134,0.3368562116473858,0.002995607200569706,0.08168616433272172,0.3268998904070844,1.8971796573176154,True
energy_only,7301,22,0.8881451230746087,-0.0,0.8881451230746087,0.380935601394502,0.0029951571938264467,0.08092753527534666,0.3263219906928435,1.8872709048011511,True
energy_only,7301,23,0.8697906746304497,-0.0,0.8697906746304497,0.44683162338185484,0.0029946852865024402,0.07985376855940741,0.32563759365297,1.8736649885754395,True
energy_only,7301,24,0.8469450836261807,-0.0,0.8469450836261807,0.5171193665027944,0.002994191485875082,0.07838030978913013,0.32484404157806507,1.8554512213190577,True
energy_only,7301,25,0.8183299971083337,-0.0,0.8183299971083337,0.5869739586473687,0.002993675799559388,0.07642143748254171,0.3239555557324551,1.8317594077014956,True
energy_only,7301,26,0.7827975360859194,-0.0,0.7827975360859194,0.6586773746904282,0.00299313823550788,0.07389532071933852,0.32302150108867317,1.801871112636425,True
energy_only,7301,27,0.739481798233626,-0.0,0.739481798233626,0.7385436310634583,0.0029925788020104594,0.0707384474490228,0.3221614320631303,1.76548357127965,True
energy_only,7301,28,0.6880803054268215,-0.0,0.6880803054268215,0.8353374027409727,0.002991997507694284,0.06694149695455458,0.32162987694620077,1.7232957335487735,True
energy_only,7301,29,0.6293796004484193,-0.0,0.6293796004484193,0.96047935420678,0.00299139436152363,0.06263290799684137,0.3219267256710439,1.6782463602155309,True
energy_only,7301,30,0.5661691413632757,-0.0,0.5661691413632757,1.1329836798478228,0.002990769372799759,0.058215899134721055,0.3239370482508712,1.6374148715579464,True
energy_only,7301,31,0.5040147329297897,-0.0,0.5040147329297897,1.3847155850918242,0.0029901225511607694,0.0542483992453783,0.3288230653918056,1.6104011129918137,True
energy_only,7301,32,0.447814938096139,-0.0,0.447814938096139,1.7064549300113192,0.0029894539065814505,0.05056646331464011,0.3368848686499547,1.596396835110121,True
energy_only,7301,33,0.39263503221204465,-0.0,0.39263503221204465,1.9177081139765673,0.00298876344937313,0.046368971124416736,0.3463171468847519,1.5811896116410136,True
energy_only,7301,34,0.3302896553508485,-0.0,0.3302896553508485,1.7597808631003715,0.002988051190183511,0.04206855063249572,0.35478296113081564,1.5618522943018827,True
energy_only,7301,35,0.2683440208237715,-0.0,0.2683440208237715,1.150726083850746,0.002987317139996513,0.040258296001113206,0.3615942062860409,1.5638994653279337,False
energy_only,7301,36,0.23190958874590503,-0.0,0.23190958874590503,0.3843644872023551,0.002986561310132096,0.042830125378064986,0.36778319587671715,1.610759581663797,False
energy_only,7301,37,0.2386761647431022,-0.0,0.2386761647431022,0.8786142033534123,0.0029857837122460934,0.04712445453885401,0.3747590920461094,1.6784703436033843,False
energy_only,7301,38,0.2715020365766062,-0.0,0.2715020365766062,1.5349333009971526,0.002984984358330025,0.04956682622910429,0.381829257525945,1.7267130325035833,False
energy_only,7301,39,0.29558233530100914,-0.0,0.29558233530100914,1.8079932074094285,0.002984163260710918,0.04938948301855316,0.3856788758022399,1.7368961604669226,False
energy_only,7301,40,0.29592622824406584,-0.0,0.29592622824406584,1.7762304915167517,0.002983320432051112,0.04711604515063805,0.382674895374695,1.70321134968653,False
energy_only,7301,41,0.2740666271009582,-0.0,0.2740666271009582,1.6190420958866154,0.0029824558853480698,0.043334933244959094,0.37242079511454973,1.6306942968530818,False
energy_only,7301,42,0.23725543362332704,-0.0,0.23725543362332704,1.3667777532292615,0.0029815696339341694,0.03896036322365422,0.3579636878901309,1.5386597222806901,True
energy_only,7301,43,0.197769240625646,-0.0,0.197769240625646,0.9926063962385184,0.002980661691476505,0.035249590225877134,0.34302662617366875,1.4522035302604255,True
energy_only,7301,44,0.1678305064811762,-0.0,0.1678305064811762,0.5818697345348015,0.0029797320719766713,0.03310664846687061,0.3300860555789402,1.388741681574306,True
energy_only,7301,45,0.15253193981063218,-0.0,0.15253193981063218,0.33895823204529113,0.0029787807897705514,0.032467857491246574,0.31997237932938,1.3501994458376392,True
energy_only,7301,46,0.14889381215141634,-0.0,0.14889381215141634,0.42860367811698485,0.002977807859528094,0.03257861592349277,0.3123902297073534,1.3275973159923682,True
energy_only,7301,47,0.15033441314226234,-0.0,0.15033441314226234,0.5877487920596437,0.002976813296253087,0.032695034336127936,0.30663147192149315,1.3107753094817562,True
energy_only,7301,48,0.15105306854660222,-0.0,0.15105306854660222,0.6969150413511573,0.0029757971152829265,0.03239002860901631,0.3020279991059394,1.2930798992706176,True
energy_only,7301,49,0.14764649620572373,-0.0,0.14764649620572373,0.7541025957984265,0.00297475933228838,0.03149770440237306,0.2981152658596479,1.2712834756442706,True
energy_only,7301,50,0.1388595479088964,-0.0,0.1388595479088964,0.7674692494987267,0.0029736999632733446,0.02999915977610169,0.29465661433510487,1.2444419582153834,True
energy_only,7301,51,0.12499220917126606,-0.0,0.12499220917126606,0.7342870542482361,0.0029726190245746016,0.02798378810873256,0.29164841099837674,1.2134979403895405,True
energy_only,7301,52,0.10776422084923204,-0.0,0.10776422084923204,0.6353538081065333,0.0029715165328615626,0.025721850962755685,0.28935401786451015,1.182161737863582,True
energy_only,7301,53,0.09076039933227882,-0.0,0.09076039933227882,0.43731238434907366,0.002970392505136014,0.02381052102933956,0.2883204934418239,1.1585223231577984,True
energy_only,7301,54,0.07975127531942766,-0.0,0.07975127531942766,0.1418560781635492,0.002969246958731854,0.02304590084042888,0.2891202919251698,1.1528712776637309,True
energy_only,7301,55,0.0805328634808709,-0.0,0.0805328634808709,0.42897364018664613,0.0029680799113148246,0.02340397089461835,0.291350597049163,1.1636886918952811,False
energy_only,7301,56,0.09115711627570186,-0.0,0.09115711627570186,0.9032411765725213,0.002966891380882241,0.02347629299186854,0.29273185776818345,1.1687933198085543,False
energy_only,7301,57,0.09711760217304438,-0.0,0.09711760217304438,1.0920874153844031,0.0029656813857627125,0.022664527805007176,0.29128670753189106,1.155597065752168,False
energy_only,7301,58,0.0901800808582012,-0.0,0.0901800808582012,0.8729763019307017,0.0029644499446158613,0.022194873639714677,0.2876514846868868,1.1391818172660084,True
energy_only,7301,59,0.08031114168994292,-0.0,0.08031114168994292,0.5148781255364882,0.002963197076432033,0.02282917439180248,0.2836304326434007,1.13333750091719,True
energy_only,7301,60,0.07690260572349682,-0.0,0.07690260572349682,0.4592020178527527,0.002961922800532004,0.023883735269798253,0.28033914559327755,1.1342672998510501,False
energy_only,7301,61,0.07858336208279322,-0.0,0.07858336208279322,0.5719901296982578,0.0029606271365666867,0.024632658731228996,0.2779738861874582,1.1348402041199204,False
energy_only,7301,62,0.0806490099717787,-0.0,0.0806490099717787,0.5911233805678315,0.002959310104516821,0.024951381713888422,0.2763710256924628,1.1332136173429526,True
energy_only,7301,63,0.08123391943597545,-0.0,0.08123391943597545,0.5390631731294306,0.0029579717246926707,0.024977065133877947,0.2754015427530685,1.1304465763817855,True
energy_only,7301,64,0.08088755461937486,-0.0,0.08088755461937486,0.4980927301600466,0.002956612017733708,0.024807056054382194,0.2750613519717028,1.1275651376113114,True
energy_only,7301,65,0.08055612449605565,-0.0,0.08055612449605565,0.5212466542749802,0.002955231004608297,0.024425620222855295,0.2753810877939372,1.1244974836028108,True
energy_only,7301,66,0.08040688111215225,-0.0,0.08040688111215225,0.5848973413380374,0.0029538287066133676,0.023760124829507914,0.2762637851965539,1.1201643235839036,True
energy_only,7301,67,0.07960188518669575,-0.0,0.07960188518669575,0.6152188608733677,0.0029524051453740903,0.022845180188147175,0.27740636836513116,1.1139843073312947,True
energy_only,7301,68,0.07728944689266155,-0.0,0.07728944689266155,0.5425207050150472,0.0029509603428435403,0.022005939150791787,0.27843066187734067,1.10824112952901,True
energy_only,7301,69,0.07424667334385934,-0.0,0.07424667334385934,0.34475665680624434,0.0029494943213023597,0.021726897497520624,0.2790957927627537,1.1073496643898242,True
energy_only,7301,70,0.07272854349069577,-0.0,0.07272854349069577,0.13032145435510348,0.0029480071033584146,0.022094927220215742,0.2793516023220989,1.1120796546705536,False
energy_only,7301,71,0.07376431604479489,-0.0,0.07376431604479489,0.3059850421251141,0.002946498711946445,0.022568058343996514,0.2792388646265775,1.1167751893000983,False
energy_only,7301,72,0.0754529951247707,-0.0,0.0754529951247707,0.48713401881211227,0.002944969170327713,0.022561862897215623,0.278805664641101,1.115350185753514,False
energy_only,7301,73,0.07513751158081895,-0.0,0.07513751158081895,0.5112709859921665,0.0029434185020896417,0.02204332324518322,0.2781006009330713,1.1076047321153675,False
energy_only,7301,74,0.07259149420463401,-0.0,0.07259149420463401,0.3804696340821121,0.002941846731145454,0.021472757352518634,0.2771914838449574,1.0986639766364872,True
energy_only,7301,75,0.06991507853812434,-0.0,0.06991507853812434,0.16557671035169252,0.0029402538817338026,0.021285620631852714,0.2761740026077749,1.0934751906531552,True
energy_only,7301,76,0.0688539795190243,-0.0,0.0688539795190243,0.1244207585252579,0.002938639978418395,0.021488897415051392,0.2751697754112725,1.092494408765924,True
energy_only,7301,77,0.0691918176977141,-0.0,0.0691918176977141,0.28209338025661246,0.002937005046087618,0.021784123919025927,0.2743081076997938,1.0929420878607135,False
energy_only,7301,78,0.06960298356817564,-0.0,0.06960298356817564,0.35915140157720093,0.00293534910995415,0.021935109500793026,0.27368862850071196,1.0926101627283253,False
energy_only,7301,79,0.0692702576856129,-0.0,0.0692702576856129,0.34532925541748144,0.0029336721955545743,0.021916436505825938,0.27334908460097446,1.0913457866865381,True
energy_only,7301,80,0.06839692569437451,-0.0,0.06839692569437451,0.2710485258379341,0.0029319743287489863,0.021820801602759458,0.27326498262780113,1.0900613709552784,True
energy_only,7301,81,0.06759865809106544,-0.0,0.06759865809106544,0.19139993216902218,0.0029302555357205917,0.021715800410455847,0.2733758173047181,1.089288488299088,True
energy_only,7301,82,0.0671773452196018,-0.0,0.0671773452196018,0.1745911152099889,0.002928515842975305,0.021584111702812908,0.27361219748853655,1.0886246193194744,True
energy_only,7301,83,0.06694126803118772,-0.0,0.06694126803118772,0.20443483934012385,0.002926755277341342,0.021375331109267513,0.27390684203510873,1.087320805563301,True
energy_only,7301,84,0.06657182088536896,-0.0,0.06657182088536896,0.2095866383266433,0.002924973865968801,0.021096376145990834,0.27418989593440835,1.0852317443785686,True
energy_only,7301,85,0.06606590606934584,-0.0,0.06606590606934584,0.17024554341865378,0.0029231716363292497,0.0208324832147499,0.27438062374464633,1.0830138088818226,True
energy_only,7301,86,0.06572895591103087,-0.0,0.06572895591103087,0.124948207789846,0.002921348616215299,0.020668925739082408,0.27439286107539335,1.0813067374397263,True
energy_only,7301,87,0.06571789805970119,-0.0,0.06571789805970119,0.14638080782118426,0.0029195048337401735,0.0206104968714982,0.27416505727853974,1.0799686061469296,True
energy_only,7301,88,0.06575422430171615,-0.0,0.06575422430171615,0.1918932337168921,0.0029176403173372806,0.020605582679928302,0.2736989239957642,1.0784539688715,True
energy_only,7301,89,0.06544976632768619,-0.0,0.06544976632768619,0.19661611944401008,0.002915755095759769,0.02062804665343335,0.2730676938479509,1.0767136214311541,True
energy_only,7301,90,0.06480646503329707,-0.0,0.06480646503329707,0.1500337907909532,0.002913849198080088,0.020693622017174805,0.27237840351686454,1.0752512250447226,True
energy_only,7301,91,0.06419796291481628,-0.0,0.06419796291481628,0.0757995571493554,0.0029119226536895373,0.02080459297304659,0.2717207518487504,1.0743725288638188,True
energy_only,7301,92,0.06391363465039064,-0.0,0.06391363465039064,0.05615568683282549,0.002909975492297815,0.02091454887768903,0.27114246384238666,1.0737319527488554,True
energy_only,7301,93,0.06387562160057539,-0.0,0.06387562160057539,0.10920499176198112,0.0029080077439325586,0.020956683332006155,0.2706568922314149,1.072658435534186,True
energy_only,7301,94,0.06378796897523596,-0.0,0.06378796897523596,0.13876412006766012,0.002906019438938881,0.020894825771419358,0.2702622407828606,1.0707603364360816,True
energy_only,7301,95,0.06345868422009823,-0.0,0.06345868422009823,0.1315965695080543,0.0029040106079789066,0.020745035837593434,0.2699529087194654,1.0681914724404247,True
energy_only,7301,96,0.06295158116197314,-0.0,0.06295158116197314,0.09708634597298804,0.0029019812820312925,0.020556026423671495,0.2697173982024727,1.0654356323647123,True
energy_only,7301,97,0.06247263650668202,-0.0,0.06247263650668202,0.06570298811945356,0.0028999314923907555,0.020372503259627136,0.26952945418381413,1.062887549979172,True
energy_only,7301,98,0.06214892540443072,-0.0,0.06214892540443072,0.07879602692641384,0.002897861270667588,0.02021508593714501,0.2693447200889198,1.0606281338723855,True
energy_only,7301,99,0.06192713399105941,-0.0,0.06192713399105941,0.10430898436854573,0.002895770648787169,0.02008985545888049,0.26911138612996094,1.0585597595556833,True
energy_only,7301,100,0.061675291699109784,-0.0,0.061675291699109784,0.10794866234119238,0.0028936596589894756,0.020005874516655402,0.2687905330481495,1.0566570583888333,True
energy_only,7301,101,0.06134587028624757,-0.0,0.06134587028624757,0.08827179539419905,0.002891528333828581,0.019972049469822138,0.2683713518757845,1.0549811713642505,True
energy_only,7301,102,0.061001366460277304,-0.0,0.061001366460277304,0.0667116808429782,0.0028893767061721554,0.019978766474740228,0.267870827233125,1.0534827794788324,True
energy_only,7301,103,0.060700115414683,-0.0,0.060700115414683,0.07032535602126429,0.00288720480920096,0.019995434367026842,0.2673215293348279,1.051937587041297,True
energy_only,7301,104,0.06041930030726465,-0.0,0.06041930030726465,0.082328294421269,0.002885012676408332,0.019992432832220845,0.26675823500516566,1.0501385809301007,True
energy_only,7301,105,0.0601072036826854,-0.0,0.0601072036826854,0.07845641284299616,0.0028828003415996705,0.019961506782669353,0.26620976550510933,1.0480880724194488,True
energy_only,7301,106,0.0597658256499388,-0.0,0.0597658256499388,0.05879144147282153,0.0028805678388919165,0.019912689018035612,0.26569576224387886,1.0459547421889883,True
energy_only,7301,107,0.0594459529728938,-0.0,0.0594459529728938,0.04816363315590613,0.002878315202713022,0.019856051901408663,0.2652259779849048,1.04387667385667,True
energy_only,7301,108,0.05917400439577619,-0.0,0.05917400439577619,0.06777079099522139,0.002876042467801424,0.019791223153026834,0.26480092620488177,1.041851505218115,True
energy_only,7301,109,0.058913826513658556,-0.0,0.058913826513658556,0.08922857305511392,0.002873749669205507,0.0197138259112561,0.26441380545412263,1.0398111919523543,True
energy_only,7301,110,0.05860887427996647,-0.0,0.05860887427996647,0.09356053632150099,0.0028714368422830612,0.019626800531519297,0.2640532372360836,1.0377514203179734,True
energy_only,7301,111,0.05824740194900902,-0.0,0.05824740194900902,0.07820645663063494,0.002869104022700739,0.0195408026103043,0.26370573146520654,1.0357435885899484,True
energy_only,7301,112,0.057871429063105245,-0.0,0.057871429063105245,0.051743300741824164,0.0028667512464335032,0.01946325423251098,0.263357206094286,1.0338227306452337,True
energy_only,7301,113,0.05752403687261082,-0.0,0.05752403687261082,0.03632165598050935,0.0028643785497640757,0.019390154702136043,0.2629939280659782,1.0319030730722063,True
energy_only,7301,114,0.057202117891569246,-0.0,0.057202117891569246,0.04656484355129015,0.0028619859692823736,0.01931110236479558,0.26260362433114737,1.0298351123329645,True
energy_only,7301,115,0.056867386203925674,-0.0,0.056867386203925674,0.05602500818987946,0.0028595735418849477,0.019221595711346053,0.262176958234026,1.0275415213079735,True
energy_only,7301,116,0.056493796429932075,-0.0,0.056493796429932075,0.05287441055975454,0.0028571413047744137,0.019128461901571376,0.2617089490470176,1.0250795344778918,True
energy_only,7301,117,0.05609116678969234,-0.0,0.05609116678969234,0.042449489382666336,0.002854689295458875,0.019043290426121743,0.2611998288494403,1.0225735609614306,True
energy_only,7301,118,0.05568374497093129,-0.0,0.05568374497093129,0.03966234466138119,0.00285221755175135,0.018972265979551265,0.2606549805745199,1.0201064882876771,True
energy_only,7301,119,0.05527916484367196,-0.0,0.05527916484367196,0.0486425389416459,0.0028497261117691832,0.01891268033911325,0.2600836404322238,1.0176783874309745,True
energy_only,7301,120,0.05486568646015316,-0.0,0.05486568646015316,0.05666913747073022,0.002847215013933462,0.018856857102516358,0.2594962846872362,1.015240199654269,True
energy_only,7301,121,0.05443221399014885,-0.0,0.05443221399014885,0.057498770750379756,0.0028446842969684217,0.01879684756074002,0.25890133949150534,1.0127335292961364,True
energy_only,7301,122,0.05398006844463351,-0.0,0.05398006844463351,0.053308034095280746,0.002842133999900848,0.01872575036308649,0.2583024811169987,1.010096258230953,True
energy_only,7301,123,0.053514640275575905,-0.0,0.053514640275575905,0.04965455559563877,0.0028395641620594762,0.01863757661948025,0.25769753340773627,1.0072576477268205,True
energy_only,7301,124,0.053033490443172945,-0.0,0.053033490443172945,0.04901450675256713,0.002836974823074385,0.018528705464529876,0.25707898519055905,1.0041554950274478,True
energy_only,7301,125,0.05252780145080853,-0.0,0.05252780145080853,0.04859006392546759,0.0028343660228763857,0.0184003462960066,0.25643541259652197,1.0007668715721494,True
energy_only,7301,126,0.05199309008104616,-0.0,0.05199309008104616,0.04597926290396021,0.0028317378016964032,0.018258942736564258,0.25575317563694194,0.9971177559260785,True
energy_only,7301,127,0.051433438401440656,-0.0,0.051433438401440656,0.04311900088988601,0.0028290902000648608,0.018113238539653864,0.2550182902017783,0.9932575938083639,True
energy_only,7301,128,0.050853787807857376,-0.0,0.050853787807857376,0.043868597788557846,0.002826423258811049,0.017970213843541548,0.25421857800434544,0.9892226745410037,True
energy_only,7301,129,0.05025101671322871,-0.0,0.05025101671322871,0.04791309625614819,0.002823737019062503,0.017832974366695252,0.25334576137647785,0.9850201759673165,True
energy_only,7301,130,0.04961549724295324,-0.0,0.04961549724295324,0.05120852790205933,0.0028210315222443622,0.01770115770172422,0.2523966223137903,0.9806361361135713,True
energy_only,7301,131,0.048940636037727143,-0.0,0.048940636037727143,0.051586231443947896,0.0028183068100787337,0.01757198175361907,0.25137249356048313,0.9760450455530951,True
energy_only,7301,132,0.048228037502478095,-0.0,0.048228037502478095,0.05049235471551577,0.00281556292458405,0.017440608950324912,0.25027729083713174,0.9712075615793321,True
energy_only,7301,133,0.04748265770401675,-0.0,0.04748265770401675,0.05094653326688785,0.00281279990807442,0.01730056817620621,0.2491151912865244,0.9660677286243264,True
energy_only,7301,134,0.04670510925857213,-0.0,0.04670510925857213,0.05406456878225839,0.002810017803158976,0.017145354249124802,0.24788909370504505,0.9605652175771342,True
energy_only,7301,135,0.045890331018775585,-0.0,0.045890331018775585,0.05839144084529786,0.0028072166527412182,0.016970712959699874,0.2466002592917451,0.9546585844241083,True
energy_only,7301,136,0.04503270708181958,-0.0,0.04503270708181958,0.0624920764082272,0.0028043965000183507,0.016775956998172005,0.24524878347278825,0.9483407936479868,True
energy_only,7301,137,0.04413055880504899,-0.0,0.04413055880504899,0.06627837271979745,0.002801557388480617,0.01656341366654293,0.24383432273097816,0.9416356042644949,True
energy_only,7301,138,0.0431854683071094,-0.0,0.0431854683071094,0.07011396075591708,0.0027986993619106295,0.016336701215880996,0.24235671344082374,0.9345811163780386,True
energy_only,7301,139,0.042198826150645775,-0.0,0.042198826150645775,0.07369185369969904,0.0027958224643826936,0.016099160386585203,0.24081638514153514,0.9272143292186033,True
energy_only,7301,140,0.04117040514426483,-0.0,0.04117040514426483,0.07616917778890751,0.002792926740262127,0.015853049496718872,0.23921456142368033,0.9195631814110491,True
energy_only,7301,141,0.04010002060988581,-0.0,0.04010002060988581,0.07713081085950584,0.002790012234204579,0.015599197693260273,0.2375532347721054,0.911642771615881,True
energy_only,7301,142,0.03898927653047255,-0.0,0.03898927653047255,0.077110294068593,0.002787078991155338,0.01533677500083723,0.23583495975757687,0.9034522557991282,True
energy_only,7301,143,0.037840990798493346,-0.0,0.037840990798493346,0.07716438208827404,0.00278412705634864,0.01506340037676993,0.2340626159318063,0.8949752566132114,True
energy_only,7301,144,0.03665744883044527,-0.0,0.03665744883044527,0.07800579027216066,0.002781156475306972,0.014775932356307388,0.23223927353751483,0.8861878797831215,True
energy_only,7301,145,0.035440077673685295,-0.0,0.035440077673685295,0.0796068027976365,0.002778167293840369,0.014471705059033507,0.2303680804281387,0.8770715498446435,True
energy_only,7301,146,0.03419101915757054,-0.0,0.03419101915757054,0.08152434841758373,0.0027751595580457057,0.014149488329161412,0.22845185489077596,0.8676219793455425,True
energy_only,7301,147,0.032914744223214866,-0.0,0.032914744223214866,0.0833009203057004,0.002772133314305989,0.01380971686810195,0.2264920846653894,0.8578484741758152,True
energy_only,7301,148,0.03161817830990294,-0.0,0.03161817830990294,0.08450790431391354,0.0027690886092896425,0.013454183297777927,0.22448738789349204,0.8477658302051985,True
energy_only,7301,149,0.03030970394618892,-0.0,0.03030970394618892,0.08469722727599387,0.002766025489949782,0.013085643934445858,0.22243199960214627,0.837385378482364,True
energy_only,7301,150,0.02899816715122643,-0.0,0.02899816715122643,0.08357770981571021,0.0027629440035234986,0.012707492120398801,0.22031516637517767,0.8267096002547754,True
energy_only,7301,151,0.02769217686578758,-0.0,0.02769217686578758,0.08129621636677063,0.002759844197531124,0.012323355860861373,0.2181221803938594,0.8157310766550957,True
energy_only,7301,152,0.02639932035376586,-0.0,0.02639932035376586,0.07848935190435129,0.0027567261197755013,0.011936576824077144,0.2158371117220475,0.8044354994667016,True
energy_only,7301,153,0.02512542813280357,-0.0,0.02512542813280357,0.07597903102319835,0.002753589818341247,0.011549766896026062,0.21344636659726154,0.7928081006025456,True
energy_only,7301,154,0.023874610384062356,-0.0,0.023874610384062356,0.07433634296150374,0.0027504353415940094,0.011164565770046144,0.21094152239498346,0.7808399580218373,True
energy_only,7301,155,0.02265018760872978,-0.0,0.02265018760872978,0.07365595397743188,0.0027472627381797217,0.010781449757578488,0.20831997206635283,0.7685279768995081,True
energy_only,7301,156,0.021455525228528845,-0.0,0.021455525228528845,0.07359797894303703,0.0027440720570238533,0.010399545426997487,0.20558290789646447,0.75586657614719,True
energy_only,7301,157,0.020293905858509688,-0.0,0.020293905858509688,0.0734922344082671,0.0027408633473306548,0.010016972169763163,0.20273167803266112,0.7428399151695176,True
energy_only,7301,158,0.019168068493968075,-0.0,0.019168068493968075,0.07249375963218495,0.002737636658582399,0.009632365835192417,0.19976462469633993,0.729428235761228,True
energy_only,7301,159,0.01808072263402355,-0.0,0.01808072263402355,0.0699685934285319,0.002734392040538618,0.009247088667036291,0.1966762309654638,0.7156287697612188,True
energy_only,7301,160,0.017035659410063728,-0.0,0.017035659410063728,0.0659815002515273,0.0027311295432353353,0.00886623011122881,0.1934588894533007,0.7014719676003401,True
energy_only,7301,161,0.016037361773438674,-0.0,0.016037361773438674,0.06136631284170386,0.002727849216984296,0.008497102400422698,0.19010624550915683,0.687015930574892,True
energy_only,7301,162,0.01508886176697926,-0.0,0.01508886176697926,0.057077762543163234,0.0027245511123721888,0.008146346950120757,0.18661668232755185,0.6723264630788619,True
energy_only,7301,163,0.014190878145578695,-0.0,0.014190878145578695,0.053449260919772354,0.0027212352802598663,0.007817608806669457,0.1829953950874999,0.6574587609793014,True
energy_only,7301,164,0.013343751462480121,-0.0,0.013343751462480121,0.05033358236850569,0.0027179017717815623,0.007510152053005902,0.1792538006903909,0.6424407838881275,True
energy_only,7301,165,0.01254884199924345,-0.0,0.01254884199924345,0.047671565254748915,0.0027145506383441003,0.007218868968780623,0.17540719720002168,0.6272660109135576,True
energy_only,7301,166,0.011806981486974406,-0.0,0.011806981486974406,0.04533739910446719,0.002711181931626104,0.006938111019369424,0.17147372651056925,0.6119310703753174,True
energy_only,7301,167,0.011117470864297577,-0.0,0.011117470864297577,0.04294993213455569,0.002707795703577198,0.006668452487329155,0.16747512415845453,0.5965102722091299,True
energy_only,7301,168,0.0104796092775442,-0.0,0.0104796092775442,0.04056856752276784,0.0027043920064172087,0.0064187084835235185,0.16343556586507127,0.5811735256147257,True
energy_only,7301,169,0.009892214345291145,-0.0,0.009892214345291145,0.03867498334676508,0.0027009708926353554,0.006199396742326192,0.1593782917859476,0.5661059751699669,True
energy_only,7301,170,0.00935144527107716,-0.0,0.00935144527107716,0.03703481422391017,0.0026975324149894455,0.006014201790020456,0.15532464952770986,0.5514139059343126,True
energy_only,7301,171,0.008852928585482027,-0.0,0.008852928585482027,0.03516991360113994,0.002694076626505058,0.005855418219840361,0.151295088226127,0.537079233118556,True
energy_only,7301,172,0.008393967835876216,-0.0,0.008393967835876216,0.03341204856222899,0.0026906035804747266,0.005707278385705815,0.14730883187651375,0.52299398996346,True
energy_only,7301,173,0.007970844697630168,-0.0,0.007970844697630168,0.0319252884668629,0.0026871133304571166,0.005560462088988787,0.14338446100433294,0.5091169973244514,True
energy_only,7301,174,0.007579021197572071,-0.0,0.007579021197572071,0.030789943728474874,0.0026836059302762015,0.00542236573910896,0.13953936350275997,0.49558173180301884,True
energy_only,7301,175,0.00721491441163645,-0.0,0.00721491441163645,0.03047717849333854,0.002680081434020431,0.005305760416995581,0.13578630483017126,0.48256452768131186,True
energy_only,7301,176,0.0068736140980751115,-0.0,0.0068736140980751115,0.02998817908240859,0.002676539896041897,0.0052105217667804855,0.1321368879618975,0.4701004547382185,True
energy_only,7301,177,0.006551121528718716,-0.0,0.006551121528718716,0.028644646461269217,0.0026729813709554964,0.005118605805877625,0.12860831948734663,0.4580509252139513,True
energy_only,7301,178,0.006245591662173871,-0.0,0.006245591662173871,0.027511137162724512,0.002669405913638088,0.005010762072215298,0.12522127452942972,0.44627535629657006,True
energy_only,7301,179,0.005954298437236517,-0.0,0.005954298437236517,0.026885059463324583,0.0026658135792276476,0.004890940515471554,0.12198893018364043,0.43485723586806097,True
energy_only,7301,180,0.00567568635656687,-0.0,0.00567568635656687,0.02681006973674835,0.0026622044231224143,0.004778983757095693,0.11890682045035204,0.42399431188221126,True
energy_only,7301,181,0.005408063661518536,-0.0,0.005408063661518536,0.026401748726275286,0.002658578500980041,0.0046811544131708585,0.11596807677817302,0.41373187226823144,True
energy_only,7301,182,0.005150176785364089,-0.0,0.005150176785364089,0.025210662747893114,0.002654935868716732,0.004580343210127806,0.11318528371005952,0.40392680562306266,True
energy_only,7301,183,0.004902488438729569,-0.0,0.004902488438729569,0.024431534499431355,0.002651276582506383,0.004461066772983468,0.11057485756292518,0.3944653715934045,True
energy_only,7301,184,0.004664463415641712,-0.0,0.004664463415641712,0.023971979399577008,0.002647600698779715,0.004337097539090663,0.10812415365269755,0.3854548827664231,True
energy_only,7301,185,0.004436385277876828,-0.0,0.004436385277876828,0.02365237349697612,0.0026439082742234017,0.004230834298505223,0.105797923468346,0.3770238057406022,True
energy_only,7301,186,0.00421785137613188,-0.0,0.00421785137613188,0.022551232311570128,0.0026401993657791975,0.004138226538281785,0.10359048478871269,0.36911108979474205,True
energy_only,7301,187,0.00400941616650886,-0.0,0.00400941616650886,0.021063199554299014,0.0026364740306430586,0.0040349295660654155,0.10153109480416539,0.3615487080631389,True
energy_only,7301,188,0.0038116146087937507,-0.0,0.0038116146087937507,0.01982258296607517,0.0026327323262642613,0.003917897705713055,0.09962160924000373,0.35430997874240727,True
energy_only,7301,189,0.0036245967320349495,-0.0,0.0036245967320349495,0.018813773559619693,0.0026289743103445158,0.0038108545851702866,0.0978141113483593,0.34749776842294106,True
energy_only,7301,190,0.003448419524918461,-0.0,0.003448419524918461,0.01782039890561978,0.002625200040837077,0.0037213990002482864,0.09608077337715946,0.3411058784891983,True
energy_only,7301,191,0.0032827440749906163,-0.0,0.0032827440749906163,0.01655546172420485,0.002621409575945849,0.0036273423812848756,0.09445429039624531,0.33500007599781617,True
energy_only,7301,192,0.003127688796432484,-0.0,0.003127688796432484,0.015710534733345844,0.00261760297412449,0.0035172621339292207,0.0929509756127463,0.32910963313105923,True
energy_only,7301,193,0.0029826847179715674,-0.0,0.0029826847179715674,0.01496417663780086,0.0026137802940755087,0.003413633085566896,0.09151577292755113,0.3235016943573352,True
energy_only,7301,194,0.0028473614182252176,-0.0,0.0028473614182252176,0.014362739977896617,0.0026099415947493606,0.0033313903608516186,0.09010129842772838,0.3181870082473661,True
energy_only,7301,195,0.0027208568431976677,-0.0,0.0027208568431976677,0.013597629633664805,0.0026060869353435375,0.003251395042037595,0.08873846009810066,0.31305828140477054,True
energy_only,7301,196,0.0026027851960039295,-0.0,0.0026027851960039295,0.013125213334617462,0.0026022163753016566,0.0031584626470843344,0.08745226285634161,0.30803190443164674,True
energy_only,7301,197,0.0024922827606014553,-0.0,0.0024922827606014553,0.012416933192583083,0.0025983299743125416,0.003072529921802051,0.08618454735654316,0.30313820136745295,True
energy_only,7301,198,0.0023887191507539125,-0.0,0.0023887191507539125,0.011889526906336514,0.0025944277923093035,0.003008713006202882,0.08488430225552906,0.29837847381576693,True
energy_only,7301,199,0.0022911635280674367,-0.0,0.0022911635280674367,0.01155427814289871,0.002590509889468415,0.002947202322448849,0.0835920422410711,0.29366840606851546,True
energy_only,7301,200,0.0021991053292732456,-0.0,0.0021991053292732456,0.011387654770114157,0.002586576326208786,0.0028730651197108378,0.08234026844178867,0.2889505897094898,True
energy_only,7301,201,0.002111812449118449,-0.0,0.002111812449118449,0.010742683570039865,0.0025826271631908273,0.002806536899118534,0.08107251104977242,0.2842638368857915,True
energy_only,7301,202,0.002028811286684426,-0.0,0.002028811286684426,0.010306183099135214,0.0025786624613155186,0.002759226157220264,0.07975349480510138,0.2796213780686919,True
energy_only,7301,203,0.0019495100076749195,-0.0,0.0019495100076749195,0.010183182371333713,0.0025746822817234666,0.0027090035284868894,0.0784410250081311,0.2749683793547826,True
energy_only,7301,204,0.0018736156461321813,-0.0,0.0018736156461321813,0.010033942465494074,0.0025706866857939646,0.0026465875015076754,0.07715990132476563,0.27028358302245487,True
energy_only,7301,205,0.0018007441644818218,-0.0,0.0018007441644818218,0.009455704638313047,0.0025666757351440446,0.002594623282366303,0.07584761331439846,0.2656125685837676,True
energy_only,7301,206,0.0017306784153355865,-0.0,0.0017306784153355865,0.009171166454620289,0.0025626494916275284,0.0025565784830745876,0.0744932895188973,0.26095823959944436,True
energy_only,7301,207,0.0016632193789521787,-0.0,0.0016632193789521787,0.00923482076392009,0.00255860801733407,0.002509119928605502,0.073162526582031,0.25627735564771814,True
energy_only,7301,208,0.0015982787622110398,-0.0,0.0015982787622110398,0.009023932897481312,0.0025545513745882037,0.00245532734537444,0.07184830078804696,0.2515807506594899,True
energy_only,7301,209,0.0015357893595069078,-0.0,0.0015357893595069078,0.008623367075235066,0.0025504796259483787,0.002417577753674306,0.0704885808786786,0.24691264523948883,True
energy_only,7301,210,0.0014756673799644197,-0.0,0.0014756673799644197,0.00856921018969652,0.0025463928342059957,0.0023859997675266947,0.06911411025420479,0.2422641312724466,True
energy_only,7301,211,0.001417925000189202,-0.0,0.001417925000189202,0.008663945442505337,0.0025422910623844395,0.0023429948905242504,0.06777905073578569,0.23761729846126572,True
energy_only,7301,212,0.001362496302396205,-0.0,0.001362496302396205,0.00827837203834355,0.002538174373738105,0.002305843837929329,0.06643768015301632,0.23301313978003718,True
energy_only,7301,213,0.0013093901147970693,-0.0,0.0013093901147970693,0.00800885088633883,0.002534042831751424,0.002283811514164145,0.06506639231003389,0.22847647946919442,True
energy_only,7301,214,0.001258544959614793,-0.0,0.001258544959614793,0.007984152003120151,0.0025298965001378853,0.0022551332550879303,0.06373303525347322,0.2239878783252915,True
energy_only,7301,215,0.001209944532081112,-0.0,0.001209944532081112,0.0077530910784870365,0.0025257354428390518,0.002220955494072556,0.062438614272791654,0.21956272434492755,True
energy_only,7301,216,0.0011635349117754606,-0.0,0.0011635349117754606,0.007425461848419376,0.0025215597240235733,0.002200439201007355,0.06112968770967261,0.21523786133108677,True
energy_only,7301,217,0.0011192241783219863,-0.0,0.0011192241783219863,0.007353579242085743,0.002517369408086201,0.002180105610890906,0.05984992999063657,0.21100644660980955,True
energy_only,7301,218,0.0010769518182382582,-0.0,0.0010769518182382582,0.007344924651592095,0.00251316455964679,0.0021488779117088694,0.05863607888707015,0.20686551144939092,True
energy_only,7301,219,0.001036601075255919,-0.0,0.001036601075255919,0.007160169612685636,0.002508945243549304,0.0021263709014153888,0.057431194546562106,0.20284576949298144,True
energy_only,7301,220,0.0009980773331065363,-0.0,0.0009980773331065363,0.007127369559976136,0.002504711524860817,0.002109306888307381,0.0562464479848588,0.19894728364748948,True
energy_only,7301,221,0.0009612781810450583,-0.0,0.0009612781810450583,0.007166363097729294,0.002500463468870509,0.0020811383838645688,0.055133541000676384,0.19515564305671385,True
energy_only,7301,222,0.000926083708361834,-0.0,0.000926083708361834,0.007022340561988718,0.002496201141088658,0.0020575061306918043,0.05404421679804117,0.19148638841891985,True
energy_only,7301,223,0.0008924025261536553,-0.0,0.0008924025261536553,0.006940172092264084,0.002491924607245632,0.0020416542253656926,0.052967389083779265,0.18793936406825562,True
energy_only,7301,224,0.0008601278381430233,-0.0,0.0008601278381430233,0.006917367143187306,0.0024876339332908725,0.0020157868333240156,0.051958484987632794,0.18449852284075502,True
energy_only,7301,225,0.0008291618936135057,-0.0,0.0008291618936135057,0.006785581992683644,0.00248332918539188,0.001991791330906336,0.05097976955863676,0.1811723556653731,True
energy_only,7301,226,0.000799430962776434,-0.0,0.000799430962776434,0.0066984935906063,0.002479010429933192,0.00197564431541305,0.05001164717683575,0.17796317512166868,True
energy_only,7301,227,0.00077085569715279,-0.0,0.00077085569715279,0.006650544055340951,0.0024746777335153606,0.001950183697947807,0.04910905787816794,0.17486016933012472,True
energy_only,7301,228,0.0007433730289284544,-0.0,0.0007433730289284544,0.006528399701672861,0.0024703311629539243,0.0019256916560469338,0.04823871745085765,0.17186866014082552,True
energy_only,7301,229,0.0007169363266545444,-0.0,0.0007169363266545444,0.00641678210069503,0.002465970785278377,0.0019080153212754083,0.047380562030561166,0.16898810968043193,True
energy_only,7301,230,0.0006914952986992236,-0.0,0.0006914952986992236,0.006305770868913102,0.0024615966677311385,0.0018812576931989515,0.04658512697286348,0.1662073900272596,True
energy_only,7301,231,0.0006670113059948571,-0.0,0.0006670113059948571,0.006135691759389313,0.0024572088777665107,0.0018562776213150295,0.04581510729180835,0.16352536458177708,True
energy_only,7301,232,0.0006434584112207168,-0.0,0.0006434584112207168,0.0059833094108921155,0.002452807483049644,0.0018366622377614752,0.045056270232614465,0.1609356684939142,True
energy_only,7301,233,0.0006208075876063361,-0.0,0.0006208075876063361,0.005858274164843189,0.002448392551455489,0.0018085618747771743,0.0443521971933524,0.1584272090600552,True
energy_only,7301,234,0.0005990329842726084,-0.0,0.0005990329842726084,0.005699670774778782,0.002443964151067753,0.0017846155871154197,0.04365865958364138,0.15599612937264487,True
energy_only,7301,235,0.0005781162386018206,-0.0,0.0005781162386018206,0.005569475418239844,0.002439522350177847,0.001764135290541227,0.04297562390401837,0.1536349812279841,True
energy_only,7301,236,0.0005580353832547774,-0.0,0.0005580353832547774,0.005461020398076309,0.002435067217283837,0.0017366480371021216,0.042336177498509965,0.15133578935965902,True
energy_only,7301,237,0.0005387648333984694,-0.0,0.0005387648333984694,0.00529361904055585,0.0024305988210893826,0.0017158442294790833,0.04169236098248136,0.14909421369936082,True
energy_only,7301,238,0.0005202826036550737,-0.0,0.0005202826036550737,0.0051447733947546665,0.002426117230502681,0.0016953408391629254,0.04106383224823253,0.14690379964068184,True
energy_only,7301,239,0.0005025661208155526,-0.0,0.0005025661208155526,0.004995738828892455,0.002421622514635403,0.001670332936799214,0.04046533064653245,0.1447595050236986,True
energy_only,7301,240,0.00048558848324633126,-0.0,0.00048558848324633126,0.00481102553927677,0.0024171147428016272,0.0016529487224314716,0.039854234538196205,0.1426570619617065,True
energy_only,7301,241,0.0004693225731457774,-0.0,0.0004693225731457774,0.00468019993777396,0.0024125939845167726,0.0016321278749763764,0.03926705695890469,0.1405929727475179,True
energy_only,7301,242,0.0004537420435113932,-0.0,0.0004537420435113932,0.004535896671136049,0.002408060309496523,0.0016109144844567928,0.03869251171877716,0.13856432023101517,True
energy_only,7301,243,0.00043881940501026747,-0.0,0.00043881940501026747,0.004401041271220457,0.0024035137876557565,0.0015957078758707703,0.03810768935192472,0.1365675332079454,True
energy_only,7301,244,0.0004245258388119841,-0.0,0.0004245258388119841,0.004319604432919995,0.002398954489107464,0.001575133064795039,0.037550885206934316,0.13460134679843183,True
energy_only,7301,245,0.00041083346424429805,-0.0,0.00041083346424429805,0.004180217693701939,0.00239438248416167,0.0015589602876206405,0.03698748966054039,0.13266146187428957,True
energy_only,7301,246,0.0003977170327620352,-0.0,0.0003977170327620352,0.004076473611152362,0.0023897978433243456,0.0015444274126070322,0.03642608524416843,0.13074532360538046,True
energy_only,7301,247,0.0003851515392086478,-0.0,0.0003851515392086478,0.003986559917714219,0.0023852006372963243,0.0015264796078843332,0.03588352672169957,0.12885185866384324,True
energy_only,7301,248,0.0003731122326933739,-0.0,0.0003731122326933739,0.0038527008142203675,0.00238059093697221,0.0015150761924137444,0.03532439762832686,0.12697625483206076,True
energy_only,7301,249,0.0003615764816346121,-0.0,0.0003615764816346121,0.003783931988395026,0.0023759688134392847,0.0015004950994584403,0.034782542297819505,0.125120924692414,True
energy_only,7301,250,0.00035052327488329494,-0.0,0.00035052327488329494,0.0036763634400222606,0.00237133433797641,0.0014877781161384842,0.03424036112591401,0.12328446590297348,True
energy_only,7301,251,0.0003399335118744181,-0.0,0.0003399335118744181,0.003589069112985045,0.0023666875820529316,0.0014783040349132545,0.033693273212509374,0.12146722307544525,True
energy_only,7301,252,0.0003297888809785873,-0.0,0.0003297888809785873,0.0035336680995386107,0.0023620286173275736,0.0014650965051065665,0.033166739593741425,0.11967461340502117,True
energy_only,7301,253,0.0003200718342779207,-0.0,0.0003200718342779207,0.0034273534309968113,0.002357357515647336,0.001457347627098294,0.032628475901712466,0.11790346198756436,True
energy_only,7301,254,0.0003107666084954265,-0.0,0.0003107666084954265,0.00336999121060665,0.0023526743490463846,0.0014469258262005138,0.03210828089471424,0.11616046447725092,True
energy_only,7301,255,0.0003018580470495884,-0.0,0.0003018580470495884,0.003278800312616439,0.0023479791897449425,0.0014379005256661822,0.03159199911850329,0.11444464543546701,True
energy_only,7301,256,0.00029333193635660914,-0.0,0.00029333193635660914,0.003202102852096125,0.002343272110148173,0.001431067016793289,0.031077062302124717,0.11275643577796228,True
energy_only,7301,257,0.0002851742922225018,-0.0,0.0002851742922225018,0.0031483501078105464,0.0023385531828450682,0.0014212130750498799,0.030582955881761877,0.1111013345535509,True
energy_only,7301,258,0.00027737130906335157,-0.0,0.00027737130906335157,0.003069390827070593,0.0023338224806073236,0.0014160191390302362,0.030081676570389893,0.10947346379671927,True
energy_only,7301,259,0.00026990992778007,-0.0,0.00026990992778007,0.003030691120244449,0.00232908007638822,0.0014074505796985617,0.029603283747929768,0.10788137128253689,True
energy_only,7301,260,0.0002627770195799254,-0.0,0.0002627770195799254,0.002962719901290406,0.002324326043321497,0.0014018102174530123,0.02912460366105215,0.10631962689356496,True
energy_only,7301,261,0.00025595997518000467,-0.0,0.00025595997518000467,0.002913557272986295,0.0023195604547202255,0.0013956746064936177,0.028658705849290443,0.10479269347241656,True
energy_only,7301,262,0.0002494460924544824,-0.0,0.0002494460924544824,0.0028563835321382854,0.0023147833840756775,0.0013889787852249336,0.028206174439393866,0.10330171008230583,True
energy_only,7301,263,0.00024322291422662986,-0.0,0.00024322291422662986,0.00279349554647477,0.002309994905056191,0.001384811036702717,0.02775549502880412,0.10184351532309532,True
energy_only,7301,264,0.00023727826798000437,-0.0,0.00023727826798000437,0.0027431246182085625,0.0023051950915060366,0.0013776398240970976,0.02732812733894866,0.1004263936479353,True
energy_only,7301,265,0.00023160008469053848,-0.0,0.00023160008469053848,0.0026810082191967414,0.0023003840174442773,0.0013742443966075775,0.026898195663744063,0.09904152366674544,True
energy_only,7301,266,0.0002261768357472647,-0.0,0.0002261768357472647,0.002635858777608087,0.002295561757063626,0.0013674068414139685,0.026493831612807137,0.09770012187298982,True
energy_only,7301,267,0.00022099712529968077,-0.0,0.00022099712529968077,0.0025825355445769573,0.0022907283847293037,0.0013638065813088769,0.026089080344941094,0.09639205331015745,True
energy_only,7301,268,0.00021605016795029846,-0.0,0.00021605016795029846,0.0025372069916319386,0.002285883974977891,0.0013577753559746732,0.02570608454142796,0.09512628568902029,True
energy_only,7301,269,0.0002113254137396958,-0.0,0.0002113254137396958,0.0024864970204575058,0.002281028602516179,0.0013535600714867032,0.025327905734133033,0.09389500771923566,True
energy_only,7301,270,0.0002068128833647512,-0.0,0.0002068128833647512,0.002435681248567201,0.002276162342220017,0.0013484447784555451,0.02496497729198908,0.09270196323517703,True
energy_only,7301,271,0.00020250295150939978,-0.0,0.00020250295150939978,0.002383162070367225,0.0022712852691331594,0.0013436373567565793,0.024612109437724787,0.09154376293672628,True
energy_only,7301,272,0.00019838646030973317,-0.0,0.00019838646030973317,0.002331305241659797,0.002266397458466105,0.0013393698268187176,0.02426793607624627,0.09041859766125966,True
energy_only,7301,273,0.0001944546445566485,-0.0,0.0001944546445566485,0.0022808895205539293,0.0022614989855949423,0.0013341303905132188,0.023938199141233917,0.08932834537994158,True
energy_only,7301,274,0.00019069912399514337,-0.0,0.00019069912399514337,0.0022342835049270738,0.0022565899260601823,0.0013306218581849991,0.023611548914533473,0.08826624758346499,True
energy_only,7301,275,0.00018711193839249823,-0.0,0.00018711193839249823,0.002186394483137013,0.002251670355565595,0.001325019315126832,0.023303321421456077,0.0872395923486254,True
energy_only,7301,276,0.00018368543842001684,-0.0,0.00018368543842001684,0.0021439154765439798,0.0022467403499770444,0.0013222768471850322,0.022992843783006943,0.08623640097415507,True
energy_only,7301,277,0.0001804123555154545,-0.0,0.0001804123555154545,0.0020933967018812436,0.0022417999853213155,0.0013161892814479957,0.02270546258041832,0.08526996150747462,True
energy_only,7301,278,0.00017728566024548007,-0.0,0.00017728566024548007,0.002053459801528938,0.002236849337784941,0.001314444994386223,0.02240888489603229,0.08432102473331415,True
energy_only,7301,279,0.00017429867624340324,-0.0,0.00017429867624340324,0.001999073557589541,0.002231888483713032,0.0013074885742938582,0.02214266864239477,0.0834117044332004,True
energy_only,7301,280,0.00017144492788062298,-0.0,0.00017144492788062298,0.0019692470427489406,0.002226917499608094,0.0013073711408022664,0.021855799016913025,0.08251058197069441,True
energy_only,7301,281,0.0001687182934066989,-0.0,0.0001687182934066989,0.001915252329814345,0.002221936462128852,0.0012986897100029492,0.021612899963767418,0.0816559953858988,True
energy_only,7301,282,0.000166112870974565,-0.0,0.000166112870974565,0.0019111957457776713,0.002216945448089066,0.0013015373980019337,0.021328292350546188,0.08079361181822975,True
energy_only,7301,283,0.00016362320430343073,-0.0,0.00016362320430343073,0.0018633687552922886,0.002211944534456346,0.001289278678272343,0.021115196154921363,0.07999433632732189,True
energy_only,7301,284,0.00016124424924923633,-0.0,0.00016124424924923633,0.0019201095031642099,0.002206933798350966,0.0012978820824664978,0.020819071688517057,0.07915725007558333,True
energy_only,7301,285,0.00015897185178518995,-0.0,0.00015897185178518995,0.0019098878429668808,0.0022019133170446768,0.0012780226303542805,0.020652113431639536,0.07842158898594584,True
energy_only,7301,286,0.000156803309259989,-0.0,0.000156803309259989,0.0021417808775442207,0.00219688316795951,0.0012984104641303785,0.020316659873062897,0.07758689443813392,True
energy_only,7301,287,0.00015473897066744472,-0.0,0.00015473897066744472,0.0023206675809931817,0.002191843428666588,0.0012620435705956337,0.0202346073808843,0.07694140598905497,True
energy_only,7301,288,0.0001527859061964715,-0.0,0.0001527859061964715,0.0030279098292401475,0.002186794176884924,0.0013077417083713833,0.019799327516289707,0.07606367787079703,True
energy_only,7301,289,0.0001509651210300461,-0.0,0.0001509651210300461,0.0038131335673936397,0.0021817354904802265,0.001234697702003287,0.01989344335862463,0.07557939238671876,True
energy_only,7301,290,0.000149332630068071,-0.0,0.000149332630068071,0.005571707636850748,0.0021766674474636987,0.001337040623243404,0.019220476302044855,0.07456057705730448,True
energy_only,7301,291,0.0001480148095028398,-0.0,0.0001480148095028398,0.007817551632533172,0.002171590125990833,0.00118121923894045,0.019707880198031297,0.07442659385930649,True
energy_only,7301,292,0.00014733157756630102,-0.0,0.00014733157756630102,0.01184290025823385,0.0021665036043602075,0.001413782454210976,0.018480738877446414,0.07305910199360671,True
energy_only,7301,293,0.0001479396852071255,-0.0,0.0001479396852071255,0.017424063801144838,0.002161407961012278,0.0010751002642497352,0.01987307867687079,0.07381231393307756,False
energy_only,7301,294,0.00015151555084965283,-0.0,0.00015151555084965283,0.02638203966540134,0.0021563032745281685,0.0015967992263499254,0.017430076681547887,0.07171644864250443,True
energy_only,7301,295,0.00016049836205894638,-0.0,0.00016049836205894638,0.03871072009516602,0.0021511896236284596,0.0009196841308232284,0.02072655941512735,0.074830986515329,False
energy_only,7301,296,0.0001802942962143181,-0.0,0.0001802942962143181,0.055400423168836345,0.002146067087171974,0.0019049571610588562,0.0162173547274729,0.07120092256706559,True
energy_only,7301,297,0.0002058508857781759,-0.0,0.0002058508857781759,0.07249052198099425,0.0021409357441545605,0.0008626928613988742,0.021707947412630775,0.07730125978321047,False
energy_only,7301,298,0.00023020004883675803,-0.0,0.00023020004883675803,0.08341543320975787,0.0021357956737078766,0.0019217195918992986,0.01588404410760161,0.07033426041546785,True
energy_only,7301,299,0.00020797777662782754,-0.0,0.00020797777662782754,0.07502550081030057,0.0021306469550981667,0.0009508946589839892,0.01975039801723518,0.07210198055950742,False
energy_only,7301,300,0.000162319451382627,-0.0,0.000162319451382627,0.045748153709546095,0.002125489667725041,0.0012711525470307536,0.017697331535469422,0.06907954186169996,True
energy_only,7301,301,0.00013373864593333576,-0.0,0.00013373864593333576,0.003287823580364449,0.002120323891120251,0.0015621467479889305,0.016438489246285565,0.06823617433658855,True
energy_only,7301,302,0.0001505134187086509,-0.0,0.0001505134187086509,0.03724845647019521,0.002115149704946462,0.000894255511230744,0.019930723425897218,0.07206319215469445,False
energy_only,7301,303,0.0001779463100705233,-0.0,0.0001779463100705233,0.05923386529911721,0.002109967188996026,0.0017084841404768278,0.015700552393942517,0.06748305968287338,True
energy_only,7301,304,0.0001677035471033565,-0.0,0.0001677035471033565,0.05372294358903569,0.00210477642318975,0.0010564882113984475,0.01822477430402836,0.06844319271361585,False
energy_only,7301,305,0.00013830981412074183,-0.0,0.00013830981412074183,0.02580991265513706,0.0020995774875756643,0.0011536136685738612,0.017529960079054382,0.06730016601315793,True
energy_only,7301,306,0.00013044957506509042,-0.0,0.00013044957506509042,0.011444792233015396,0.002094370462327786,0.0015728811660052735,0.015694079763466755,0.06601562354510483,True
energy_only,7301,307,0.000148115403507758,-0.0,0.000148115403507758,0.03953845658370594,0.0020891554277448878,0.0009375699641510456,0.01873964237999985,0.06878918489176178,False
energy_only,7301,308,0.0001556970896750845,-0.0,0.0001556970896750845,0.04681244867149699,0.002083932464249253,0.0014793601285842902,0.015756868141836328,0.06521454078669758,True
energy_only,7301,309,0.00013750264634094134,-0.0,0.00013750264634094134,0.029465886666973723,0.00207870165238544,0.0012377077767082485,0.016611181005230798,0.06531552503013137,False
energy_only,7301,310,0.0001254920050228291,-0.0,0.0001254920050228291,0.0013548063144551224,0.0020734630728190388,0.0010380493828003993,0.017586871773158465,0.06624540704725437,False
energy_only,7301,311,0.00013445628292023233,-0.0,0.00013445628292023233,0.027480464454665728,0.0020682168063354263,0.0015420128796500305,0.015178009633795385,0.06406736369246918,True
energy_only,7301,312,0.00014170901700651166,-0.0,0.00014170901700651166,0.03719936900561031,0.002062962933838522,0.0010376376819766356,0.017347531289874003,0.06549023637467105,False
energy_only,7301,313,0.00013280735725093256,-0.0,0.00013280735725093256,0.027278441049192016,0.0020577015363495393,0.0012553102578309666,0.01603774835078264,0.06370459907050989,True
energy_only,7301,314,0.00012267772786504717,-0.0,0.00012267772786504717,0.0036740055749288373,0.0020524326950057356,0.0013858037001982806,0.015360511528786196,0.06297280777889255,True
energy_only,7301,315,0.00012678605208545318,-0.0,0.00012678605208545318,0.01961605894933702,0.0020471564910591626,0.0010186515090990036,0.017109583133693877,0.06454120955424549,False
energy_only,7301,316,0.00013297878199758153,-0.0,0.00013297878199758153,0.030399479644952265,0.0020418730058754117,0.0014137726104714228,0.015003382071588538,0.06215102300765033,True
energy_only,7301,317,0.00012734755110014185,-0.0,0.00012734755110014185,0.02309988201764192,0.0020365823209323617,0.0011914311642032482,0.01584860210975499,0.06242956712761405,False
energy_only,7301,318,0.00012005560836804241,-0.0,0.00012005560836804241,0.004729070199733967,0.002031284517818918,0.001116381662529062,0.016136970185116808,0.06253322096957972,False
energy_only,7301,319,0.000121993831665731,-0.0,0.000121993831665731,0.015038076801287735,0.002025979678233759,0.0014177290070386027,0.01464383657772396,0.06106540191573624,True
energy_only,7301,320,0.00012592869757938508,-0.0,0.00012592869757938508,0.023931396531430525,0.0020206678839840733,0.0010841683725162999,0.016115076703555477,0.062120769350949956,False
energy_only,7301,321,0.000122779505512476,-0.0,0.000122779505512476,0.019610092358142952,0.002015349216984299,0.001255016836439997,0.01511079861623912,0.06079375819040761,True
energy_only,7301,322,0.00011759086997368984,-0.0,0.00011759086997368984,0.004372039087192553,0.0020100237592548613,0.0013105688457160207,0.014763264887239967,0.060296436104573733,True
energy_only,7301,323,0.00011846630473235899,-0.0,0.00011846630473235899,0.011452574603418883,0.002004691592920906,0.001080697342039967,0.015837286959327245,0.061212340155182315,False
energy_only,7301,324,0.00012110692990802754,-0.0,0.00012110692990802754,0.019782247055446702,0.0019993528002110335,0.001342624909971757,0.014429504956114798,0.059591575642562636,True
energy_only,7301,325,0.00011879538097240292,-0.0,0.00011879538097240292,0.015660661650838417,0.0019940074634560326,0.0011901051140094337,0.015027144343675457,0.059838619512089394,False
energy_only,7301,326,0.00011523869508500614,-0.0,0.00011523869508500614,0.003953421043617766,0.0019886556650876084,0.0011481992413938196,0.015151100224758534,0.059780238977802616,False
energy_only,7301,327,0.00011563700454157745,-0.0,0.00011563700454157745,0.009561911646969736,0.0019832974876371123,0.001338957825097404,0.0141538384861677,0.058687714596390134,True
energy_only,7301,328,0.0001171478278873576,-0.0,0.0001171478278873576,0.015599185144123277,0.0019779330137342684,0.001122181751616453,0.015109435337748103,0.05937188782193546,False
energy_only,7301,329,0.00011556408440867754,-0.0,0.00011556408440867754,0.013039731083184531,0.0019725623261059016,0.001234805070643314,0.01443306328452187,0.058452102199440796,True
energy_only,7301,330,0.00011306770933445266,-0.0,0.00011306770933445266,0.0028433200024513845,0.001967185507574658,0.001270855524344486,0.014180175640616206,0.0580435540656643,True
energy_only,7301,331,0.00011321002017887331,-0.0,0.00011321002017887331,0.007552209295567798,0.0019618026410577315,0.0011183733032659952,0.014873843709691227,0.058592227249926986,False
energy_only,7301,332,0.00011407169385134156,-0.0,0.00011407169385134156,0.013130344669502076,0.0019564138095655814,0.0012876445997290873,0.013943378452526016,0.05747992517470466,True
energy_only,7301,333,0.00011278202477450889,-0.0,0.00011278202477450889,0.010017748611753271,0.0019510190962006564,0.0011931520850479778,0.014312461275978582,0.057629277101683446,False
energy_only,7301,334,0.0001110381727677225,-0.0,0.0001110381727677225,0.002411755054947116,0.001945618584156111,0.0011589210158267655,0.014415520611619638,0.0575872513019687,False
energy_only,7301,335,0.00011105064914027964,-0.0,0.00011105064914027964,0.00678530222104623,0.00194021235671452,0.001285184090254534,0.01372785336010284,0.056777595451937224,True
energy_only,7301,336,0.00011141916660744703,-0.0,0.00011141916660744703,0.010270090557856963,0.0019348004972466004,0.001145421488341082,0.01434053599185161,0.05720797049539895,False
energy_only,7301,337,0.00011039861120039351,-0.0,0.00011039861120039351,0.008271675886567265,0.001929383089209918,0.001211247810613273,0.013925580178016468,0.05660880067606605,True
energy_only,7301,338,0.00010914839412972012,-0.0,0.00010914839412972012,0.0013756825086507097,0.0019239602161476082,0.0012433395933943035,0.013699234879039937,0.05624126582647624,True
energy_only,7301,339,0.00010907955868787957,-0.0,0.00010907955868787957,0.005490010911668318,0.0019185319616870805,0.001137868204735634,0.01416412827811993,0.05657399718891884,False
energy_only,7301,340,0.00010915804482033085,-0.0,0.00010915804482033085,0.00878463223206062,0.0019130984095387343,0.0012448455992040061,0.013550427919921115,0.05579055139494523,True
energy_only,7301,341,0.00010828132810114017,-0.0,0.00010828132810114017,0.006030768743691228,0.0019076596434946655,0.001193312705666045,0.013731308634992695,0.055807998004088435,False
energy_only,7301,342,0.00010737319825660132,-0.0,0.00010737319825660132,0.0011751058659984466,0.0019022157474273746,0.0011593801904642002,0.013840017785264561,0.05578688098855095,True
energy_only,7301,343,0.00010725153513174453,-0.0,0.00010725153513174453,0.00523282213021242,0.001896766805288473,0.0012461717066462625,0.013343601753965253,0.05515591911448149,True
energy_only,7301,344,0.00010712242117987304,-0.0,0.00010712242117987304,0.006745550242185097,0.0018913129011073895,0.001158697258289048,0.013714091084297716,0.055384578691497766,False
energy_only,7301,345,0.00010637897833003316,-0.0,0.00010637897833003316,0.0049305632227400155,0.0018858541189900736,0.0011900000104866255,0.013488934356652266,0.05501235181789132,True
energy_only,7301,346,0.00010569846143668625,-0.0,0.00010569846143668625,0.0009787182417046144,0.0018803905431176973,0.0012223893203340446,0.013267695124951503,0.05466400913485725,True
energy_only,7301,347,0.00010553129049057291,-0.0,0.00010553129049057291,0.004246771374746097,0.001874922257745361,0.0011478331357172424,0.013585762427567925,0.05486608982815861,False
energy_only,7301,348,0.00010528187522610856,-0.0,0.00010528187522610856,0.005846715733890786,0.001869449347200788,0.0012118481389625012,0.013196062680701191,0.05432681460458551,True
energy_only,7301,349,0.00010463359200339705,-0.0,0.00010463359200339705,0.003249516597234845,0.0018639718958830306,0.0011906970152871506,0.013239643032340832,0.05423779869392162,True
energy_only,7301,350,0.00010410784787076947,-0.0,0.00010410784787076947,0.0010230303735397194,0.001858489988261163,0.001156114871363523,0.013357657460628001,0.05423893828281874,False
energy_only,7301,351,0.00010390234926060605,-0.0,0.00010390234926060605,0.00418040612732083,0.0018530037088729833,0.001216106589460059,0.0129935996462887,0.05373716232542374,True
energy_only,7301,352,0.00010357313162708534,-0.0,0.00010357313162708534,0.0042932250855080714,0.0018475131423237056,0.0011654923080077078,0.013187828577597116,0.053806283666799175,False
energy_only,7301,353,0.00010301153741793811,-0.0,0.00010301153741793811,0.00259936157762316,0.0018420183732846583,0.0011725914236349329,0.013091956746256085,0.053581307944290606,True
energy_only,7301,354,0.00010258747333971405,-0.0,0.00010258747333971405,0.0015743035152787023,0.0018365194864919776,0.001204734751489717,0.012872534997521376,0.05323604136797428,True
energy_only,7301,355,0.00010234530825102052,-0.0,0.00010234530825102052,0.0033133671610403826,0.0018310165667452998,0.0011532349466518623,0.013078272766127712,0.05333181413731825,False
energy_only,7301,356,0.00010197683773387546,-0.0,0.00010197683773387546,0.00373532344928756,0.0018255096989064558,0.0011866080906032964,0.012849526517641862,0.05297042232399411,True
energy_only,7301,357,0.00010148666963138075,-0.0,0.00010148666963138075,0.0014130590448610222,0.001819998967898159,0.0011858967878011588,0.012797954758417671,0.05280105814176368,True
energy_only,7301,358,0.00010112678073722715,-0.0,0.00010112678073722715,0.0014679188950943137,0.0018144844587026996,0.0011528817263063518,0.0129140953707769,0.05281304347983399,False
energy_only,7301,359,0.00010085324308692542,-0.0,0.00010085324308692542,0.0032884358411577786,0.0018089662563606304,0.0011918885654691206,0.01265969721123951,0.052431307127774815,True
energy_only,7301,360,0.00010046770860076785,-0.0,0.00010046770860076785,0.0024685864403669916,0.0018034444459694584,0.001167886950198498,0.012727850646371006,0.05238895351378833,True
energy_only,7301,361,0.00010003958264144001,-0.0,0.00010003958264144001,0.0011569380927292788,0.0017979191126823296,0.0011593441915206662,0.012719115461247031,0.05227038557848639,True
energy_only,7301,362,9.971685701706001e-05,-0.0,9.971685701706001e-05,0.001972932275347444,0.0017923903417067194,0.0011879368044261831,0.01252020436293973,0.0519515653565601,True
energy_only,7301,363,9.941672098040817e-05,-0.0,9.941672098040817e-05,0.0024223261052177016,0.001786858218303116,0.0011557607855884533,0.012632734788758938,0.05196118017655127,False
energy_only,7301,364,9.903411066422832e-05,-0.0,9.903411066422832e-05,0.0021295099191503707,0.0017813228277837043,0.0011669153268640403,0.012522886844897968,0.051735642204808245,True
energy_only,7301,365,9.865610405528286e-05,-0.0,9.865610405528286e-05,0.000898637033225692,0.001775784255511056,0.001177988461188065,0.012415389819417122,0.05151660996833794,True
energy_only,7301,366,9.835096987476285e-05,-0.0,9.835096987476285e-05,0.0016415820630258063,0.0017702425868968048,0.0011504111492424633,0.01250784192718916,0.05151231859506636,True
energy_only,7301,367,9.80328964857325e-05,-0.0,9.80328964857325e-05,0.002368631796802301,0.001764697907400338,0.0011713117524556748,0.012349847118824434,0.051239759108170004,True
energy_only,7301,368,9.766468336693065e-05,-0.0,9.766468336693065e-05,0.0011807195459790406,0.0017591503025274706,0.0011661445126088395,0.012327800193348443,0.051115457112069086,True
energy_only,7301,369,9.732487651662747e-05,-0.0,9.732487651662747e-05,0.0008924420355828909,0.0017535998578291345,0.0011500189470485317,0.012364012094708467,0.051056959341746894,True
energy_only,7301,370,9.702478698615926e-05,-0.0,9.702478698615926e-05,0.0019592832218068078,0.0017480466589000513,0.0011709548697533213,0.012208393767545803,0.050792231462271194,True
energy_only,7301,371,9.669760750086363e-05,-0.0,9.669760750086363e-05,0.0015121523142173328,0.0017424907913774193,0.0011557240552387824,0.012240329599781842,0.05072986890553979,True
energy_only,7301,372,9.635100436532787e-05,-0.0,9.635100436532787e-05,0.0010634791737389293,0.0017369323409395883,0.0011519504522911907,0.012214004067905548,0.05060701819090414,True
energy_only,7301,373,9.603699982674615e-05,-0.0,9.603699982674615e-05,0.0013105104344247219,0.0017313713933047401,0.0011665308462412395,0.012092978767728114,0.05038297857205868,True
energy_only,7301,374,9.573533536132872e-05,-0.0,9.573533536132872e-05,0.001418073762571494,0.0017258080342295666,0.0011482995183789947,0.012142386463007606,0.05034340178579677,True
energy_only,7301,375,9.540916846610413e-05,-0.0,9.540916846610413e-05,0.0014469502314407485,0.0017202423495079468,0.0011537843978414225,0.012068952915711645,0.05017158491017653,True
energy_only,7301,376,9.508533178560274e-05,-0.0,9.508533178560274e-05,0.0008724862803805948,0.0017146744249696248,0.0011597031594388625,0.01199412752824906,0.050000032347892125,True
energy_only,7301,377,9.47858903949137e-05,-0.0,9.47858903949137e-05,0.0010874871753246973,0.0017091043464788835,0.0011438647092050266,0.012033075623956849,0.04995318167730912,True
energy_only,7301,378,9.448207632559781e-05,-0.0,9.448207632559781e-05,0.0015415375216629261,0.0017035321999332251,0.0011540511840003346,0.011936613102726392,0.04975930082874005,True
energy_only,7301,379,9.416484057960945e-05,-0.0,9.416484057960945e-05,0.0008640821704680968,0.0016979580712620415,0.001152227484297693,0.01190356626237158,0.04963617536845166,True
energy_only,7301,380,9.386054466548608e-05,-0.0,9.386054466548608e-05,0.0008412845731753519,0.0016923820464252927,0.0011415755618222293,0.011917422770137936,0.04956596571629953,True
energy_only,7301,381,9.356757885636872e-05,-0.0,9.356757885636872e-05,0.001393401273872948,0.00168680421141218,0.001152313767303452,0.011819811334515174,0.04937436886484167,True
energy_only,7301,382,9.326494575031405e-05,-0.0,9.326494575031405e-05,0.0009673274238882441,0.0016812246522398186,0.001145318225163383,0.011815366520334386,0.04928577085109569,True
energy_only,7301,383,9.296135153986854e-05,-0.0,9.296135153986854e-05,0.0008650139235070902,0.0016756434549519135,0.0011403117278015083,0.011801219472167963,0.04918796506411015,True
energy_only,7301,384,9.267059050066913e-05,-0.0,9.267059050066913e-05,0.0011445223445154607,0.0016700607056174314,0.0011488461001279758,0.011716490729764406,0.049013260448479395,True
energy_only,7301,385,9.238036870137384e-05,-0.0,9.238036870137384e-05,0.000969823913532351,0.0016644764903292726,0.0011395542407172023,0.011725388736428873,0.048942011050387306,True
energy_only,7301,386,9.20841158595049e-05,-0.0,9.20841158595049e-05,0.0009947533572620259,0.0016588908952029453,0.001139187193899495,0.011687913642200322,0.04882053994484552,True
energy_only,7301,387,9.179432042363897e-05,-0.0,9.179432042363897e-05,0.0009321269834721549,0.0016533040063752365,0.0011443175326155144,0.011621967989550933,0.048668427930254714,True
energy_only,7301,388,9.151124322568429e-05,-0.0,9.151124322568429e-05,0.0008987331059776753,0.0016477159100028822,0.0011350329534831633,0.011631971460600996,0.04860072391070175,True
energy_only,7301,389,9.122454132977375e-05,-0.0,9.122454132977375e-05,0.0010767703804120162,0.0016421266922612419,0.0011376675559996226,0.011579653244241551,0.048464725144272205,True
energy_only,7301,390,9.093831639514979e-05,-0.0,9.093831639514979e-05,0.0008268807904000399,0.0016365364393429675,0.0011393619880764655,0.011532731984058983,0.04833562251935811,True
energy_only,7301,391,9.06591659760366e-05,-0.0,9.06591659760366e-05,0.0008272376862329618,0.001630945237456674,0.001131479344440212,0.011536599874222571,0.04826363327755444,True
energy_only,7301,392,9.038073917101693e-05,-0.0,9.038073917101693e-05,0.0010792131050741645,0.0016253531728256114,0.0011354971962718415,0.011478098440094713,0.04812300044292938,True
energy_only,7301,393,9.010050348283508e-05,-0.0,9.010050348283508e-05,0.0007987326457717028,0.0016197603316863338,0.0011344202550579933,0.011446865107998888,0.04801353298276391,True
energy_only,7301,394,8.982477501413056e-05,-0.0,8.982477501413056e-05,0.0007963564437467697,0.0016141668002873709,0.001128526580131736,0.01144144696515923,0.047933640719245295,True
energy_only,7301,395,8.955252904428994e-05,-0.0,8.955252904428994e-05,0.0010272173443167496,0.0016085726648878956,0.0011327030348744424,0.011383145613355378,0.04779532809834426,True
energy_only,7301,396,8.927907700473897e-05,-0.0,8.927907700473897e-05,0.0007966714228830371,0.0016029780117563963,0.0011297772120678338,0.01136265340379749,0.04769982305534141,True
energy_only,7301,397,8.900756063799535e-05,-0.0,8.900756063799535e-05,0.0008078120212634456,0.0015973829271693455,0.0011258734854066202,0.011347677962857928,0.04761118730371327,True
energy_only,7301,398,8.874013121966305e-05,-0.0,8.874013121966305e-05,0.0009587209472888745,0.0015917874974098684,0.0011294482734363492,0.011293386426840519,0.0474790320176641,True
energy_only,7301,399,8.847306682273794e-05,-0.0,8.847306682273794e-05,0.0007947753208296469,0.0015861918087664145,0.0011255341613620666,0.011278956087784486,0.04739199534174623,True
energy_only,7301,400,8.820656430729942e-05,-0.0,8.820656430729942e-05,0.0008342028576667375,0.0015805959475314246,0.0011232867016059216,0.011256011090285055,0.047296035629455516,True
energy_only,7301,401,8.794349303935619e-05,-0.0,8.794349303935619e-05,0.0008960880147922079,0.0015750000000000009,0.0011259105533981417,0.011207514116459628,0.047171908827658184,True
energy_only,7301,402,8.768206072056796e-05,-0.0,8.768206072056796e-05,0.0007867996726767023,0.0015694040524685774,0.0011216736691925784,0.011195636611803022,0.047089435459759285,True
energy_only,7301,403,8.742091281114592e-05,-0.0,8.742091281114592e-05,0.000854986113504362,0.0015638081912335874,0.0011206347329531124,0.01116710902652965,0.046988861125481354,True
energy_only,7301,404,8.716224595027458e-05,-0.0,8.716224595027458e-05,0.0008498360168709766,0.0015582125025901334,0.0011222523087188255,0.011124779418490409,0.04687334166277585,True
energy_only,7301,405,8.690583146944684e-05,-0.0,8.690583146944684e-05,0.0007793667595347527,0.0015526170728306567,0.001118125184284871,0.011113236162095957,0.0467930881222048,True
energy_only,7301,406,8.664998438016587e-05,-0.0,8.664998438016587e-05,0.0008648905980754128,0.0015470219882436059,0.001117857659645995,0.011081485784453761,0.04669063672288873,True
energy_only,7301,407,8.639588353243581e-05,-0.0,8.639588353243581e-05,0.0008197173725471385,0.0015414273351121064,0.0011185780932156787,0.011044774302346207,0.046583166370043894,True
energy_only,7301,408,8.61441303672422e-05,-0.0,8.61441303672422e-05,0.0007742616525832044,0.0015358331997126313,0.0011147917782754313,0.011032302069649861,0.046503635825182375,True
energy_only,7301,409,8.5893349588348e-05,-0.0,8.5893349588348e-05,0.0008628429646034063,0.001530239668313668,0.0011149437033859699,0.010999122777348774,0.04640117842176919,True
energy_only,7301,410,8.564390742174695e-05,-0.0,8.564390742174695e-05,0.0007994981613123482,0.0015246468271743906,0.0011149560392617205,0.010966938920819038,0.04630035388572875,True
energy_only,7301,411,8.539664939904718e-05,-0.0,8.539664939904718e-05,0.0007712222482785306,0.0015190547625433281,0.0011116035937772134,0.010952922785391462,0.04622061052024508,True
energy_only,7301,412,8.515067785600911e-05,-0.0,8.515067785600911e-05,0.0008538813431189516,0.0015134635606570347,0.001111927484917302,0.010919531566404152,0.0461193235258452,True
energy_only,7301,413,8.490588587621222e-05,-0.0,8.490588587621222e-05,0.0007871930571944109,0.00150787330773876,0.0011114308148869648,0.01089075533958049,0.046023756213271,True
energy_only,7301,414,8.466304740743476e-05,-0.0,8.466304740743476e-05,0.0007715277865486021,0.00150228408999712,0.0011085096795056322,0.010875161062822592,0.045943665312561985,True
energy_only,7301,415,8.442167191144799e-05,-0.0,8.442167191144799e-05,0.0008430414428908667,0.001496695993624766,0.0011088419163805994,0.010842425714219664,0.045844524754611066,True
energy_only,7301,416,8.41814527497008e-05,-0.0,8.41814527497008e-05,0.000779809706685792,0.0014911091047970562,0.0011080060369618062,0.010816178159395746,0.04575326954036525,True
energy_only,7301,417,8.394298369683985e-05,-0.0,8.394298369683985e-05,0.0007723892317333204,0.0014855235096707291,0.0011054630404189064,0.010799308505700624,0.04567321339838491,True
energy_only,7301,418,8.370604419256401e-05,-0.0,8.370604419256401e-05,0.0008310175153864686,0.0014799392943825704,0.0011057110916433885,0.010767746856206708,0.04557685615240147,True
energy_only,7301,419,8.347028987867606e-05,-0.0,8.347028987867606e-05,0.0007740499623719273,0.001474356545048088,0.0011046733280159994,0.010743306229537711,0.04548911454015682,True
energy_only,7301,420,8.323613600254457e-05,-0.0,8.323613600254457e-05,0.0007721832454717904,0.0014687753477601831,0.001102441557270716,0.01072549776098238,0.04540943481943728,True
energy_only,7301,421,8.300351163758574e-05,-0.0,8.300351163758574e-05,0.0008194002732927808,0.0014631957885878218,0.001102564335782314,0.0106952951921515,0.04531600392669698,True
energy_only,7301,422,8.277210877548569e-05,-0.0,8.277210877548569e-05,0.0007698867598957604,0.0014576179535747088,0.0011014264351186663,0.01067206680816037,0.04523099630157667,True
energy_only,7301,423,8.254220538968536e-05,-0.0,8.254220538968536e-05,0.0007713938531757323,0.00145204192873796,0.001099437832963443,0.01065361623982438,0.04515189745992659,True
energy_only,7301,424,8.231379904137049e-05,-0.0,8.231379904137049e-05,0.0008091784318972914,0.0014464678000667766,0.0010994224681320532,0.010624779106097479,0.04506127550018095,True
energy_only,7301,425,8.208664040914802e-05,-0.0,8.208664040914802e-05,0.0007666442088705439,0.0014408956535211178,0.0010982537935959797,0.010602333125854272,0.04497839375073189,True
energy_only,7301,426,8.186091466138864e-05,-0.0,8.186091466138864e-05,0.0007694758445466026,0.0014353255750303771,0.0010964489853001102,0.010583506839873967,0.04490007775377997,True
energy_only,7301,427,8.163664159824817e-05,-0.0,8.163664159824817e-05,0.0008000053507924692,0.0014297576504920546,0.001096299623944905,0.010555980214690806,0.04481213668438357,True
energy_only,7301,428,8.141362921063467e-05,-0.0,8.141362921063467e-05,0.0007638593188604942,0.0014241919657704348,0.0010951464513425625,0.010534047347782504,0.044731029932579894,True
energy_only,7301,429,8.119200442150421e-05,-0.0,8.119200442150421e-05,0.0007668854500111499,0.0014186286066952612,0.0010934786423639604,0.01051508452330099,0.044653747667715425,True
energy_only,7301,430,8.097178637112996e-05,-0.0,8.097178637112996e-05,0.0007922414870364379,0.0014130676590604133,0.001093205788700297,0.01048881130130548,0.04456842045652595,True
energy_only,7301,431,8.075283103974558e-05,-0.0,8.075283103974558e-05,0.0007618046103300574,0.0014075092086225822,0.0010920953418734189,0.010467243414762756,0.04448891455861882,True
energy_only,7301,432,8.053522989815526e-05,-0.0,8.053522989815526e-05,0.0007639623098393522,0.0014019533410999502,0.0010905285480019744,0.01044833043122311,0.044412866654145455,True
energy_only,7301,433,8.031899205020786e-05,-0.0,8.031899205020786e-05,0.0007853324592866372,0.0013964001421708672,0.0010901433438690572,0.010423238859375863,0.04433004712593627,True
energy_only,7301,434,8.010401163901575e-05,-0.0,8.010401163901575e-05,0.0007597079735521605,0.0013908496974725305,0.0010890908318757755,0.01040192956676757,0.04425197067135753,True
energy_only,7301,435,7.989035805928869e-05,-0.0,7.989035805928869e-05,0.0007602663446162471,0.001385302092599664,0.0010876017435459799,0.010383157602295474,0.044177194384282276,True
energy_only,7301,436,7.967802804148953e-05,-0.0,7.967802804148953e-05,0.0007786784910735575,0.0013797574131031963,0.0010871160754620255,0.01035914590674037,0.044096690139883335,True
energy_only,7301,437,7.946694594149259e-05,-0.0,7.946694594149259e-05,0.0007575324225962848,0.0013742157444889458,0.001086129804279685,0.010338008318475525,0.04401985920834926,True
energy_only,7301,438,7.925716593375505e-05,-0.0,7.925716593375505e-05,0.000756421908196921,0.0013686771722162966,0.001084705409765279,0.010319408176344613,0.04394631230518127,True
energy_only,7301,439,7.904867349523248e-05,-0.0,7.904867349523248e-05,0.0007726849381256037,0.0013631417816968856,0.0010841285697073299,0.010296395836613655,0.04386796992576715,True
energy_only,7301,440,7.884141730090652e-05,-0.0,7.884141730090652e-05,0.0007557504006938786,0.0013576096582932817,0.0010832093200108179,0.010275401254606324,0.043792302826694794,True
energy_only,7301,441,7.863543917089741e-05,-0.0,7.863543917089741e-05,0.0007528288258363678,0.0013520808873176717,0.0010818427915985905,0.010256993625262306,0.04371997734619965,True
energy_only,7301,442,7.843071620701601e-05,-0.0,7.843071620701601e-05,0.0007671061088786884,0.0013465555540305434,0.0010811808666324212,0.010234940169794579,0.04364373483839218,True
energy_only,7301,443,7.82272168320669e-05,-0.0,7.82272168320669e-05,0.0007539717979009555,0.0013410337436393707,0.0010803240162593013,0.010214107341760773,0.04356924105375172,True
energy_only,7301,444,7.802497119671117e-05,-0.0,7.802497119671117e-05,0.0007492088920567542,0.001335515541297302,0.00107901476854415,0.010195889864765982,0.04349812334422603,True
energy_only,7301,445,7.782395181004104e-05,-0.0,7.782395181004104e-05,0.0007615458678964499,0.001330001032101842,0.0010782735182544463,0.010174758738130847,0.043423927504167216,True
energy_only,7301,446,7.762414274404908e-05,-0.0,7.762414274404908e-05,0.0007520532328170709,0.0013244903010935457,0.0010774709782603584,0.010154120629053404,0.043350624116552855,True
energy_only,7301,447,7.742556242881123e-05,-0.0,7.742556242881123e-05,0.0007457661044174562,0.0013189834332547011,0.001076223074390787,0.01013605651848075,0.04328064214701892,True
energy_only,7301,448,7.722818292395166e-05,-0.0,7.722818292395166e-05,0.0007561373002283862,0.001313480513508024,0.0010754086090978099,0.010115798151333247,0.04320840269104346,True
energy_only,7301,449,7.703199967022196e-05,-0.0,7.703199967022196e-05,0.0007500835126334008,0.001307981626715343,0.0010746482453989133,0.010095399840254383,0.04313630161407496,True
energy_only,7301,450,7.683701970082365e-05,-0.0,7.683701970082365e-05,0.0007426323606928357,0.0013024868576762957,0.0010734676861919971,0.010077434565876538,0.04306734837068495,True
energy_only,7301,451,7.664321848743457e-05,-0.0,7.664321848743457e-05,0.0007508205283416773,0.0012969962911270178,0.0010725877589533653,0.010057987120293627,0.04299695406136248,True
energy_only,7301,452,7.645059813935437e-05,-0.0,7.645059813935437e-05,0.0007478532374886309,0.0012915100117388374,0.0010718543166167928,0.010037892018040551,0.04292609140768058,True
energy_only,7301,453,7.625915578202509e-05,-0.0,7.625915578202509e-05,0.0007397611995585496,0.0012860281041169705,0.001070747506210526,0.010019973737249705,0.04285807261144089,True
energy_only,7301,454,7.606887310682861e-05,-0.0,7.606887310682861e-05,0.0007456344054748647,0.0012805506527992126,0.0010698132987425975,0.010001264371639952,0.04278941428447412,True
energy_only,7301,455,7.587975411416717e-05,-0.0,7.587975411416717e-05,0.0007453544283470276,0.0012750777422546402,0.0010690894489037983,0.009981556751132593,0.042719869475484146,True
energy_only,7301,456,7.569178895633751e-05,-0.0,7.569178895633751e-05,0.0007373125464863408,0.0012696094568823031,0.0010680604669145457,0.00996365520060009,0.0426527337316233,True
energy_only,7301,457,7.550496652297262e-05,-0.0,7.550496652297262e-05,0.0007407886829351887,0.0012641458810099277,0.0010670867724275502,0.009945598378928206,0.04258570094331194,True
energy_only,7301,458,7.53192886895875e-05,-0.0,7.53192886895875e-05,0.0007425456667453456,0.0012586870988926112,0.001066354302500212,0.00992637187940096,0.04251757335028428,True
energy_only,7301,459,7.51347425968893e-05,-0.0,7.51347425968893e-05,0.0007351914261798093,0.0012532331947115282,0.0010654025440374152,0.00990848289956807,0.04245130115556636,True
energy_only,7301,460,7.495132313492449e-05,-0.0,7.495132313492449e-05,0.0007362445913326335,0.0012477842525726263,0.0010644080553392516,0.009890968826421584,0.04238574897985124,True
energy_only,7301,461,7.476902782796793e-05,-0.0,7.476902782796793e-05,0.0007392142589045401,0.001242340356505335,0.001063650976199798,0.00987230020795602,0.04231910875497848,True
energy_only,7301,462,7.458784468197346e-05,-0.0,7.458784468197346e-05,0.0007331818650632033,0.0012369015904612666,0.0010627701334957975,0.009854444700237055,0.04225369835872013,True
energy_only,7301,463,7.440777167124846e-05,-0.0,7.440777167124846e-05,0.000732072559782793,0.0012314680383129202,0.001061776631059888,0.009837340884676221,0.042189443627953106,True
energy_only,7301,464,7.422880212967359e-05,-0.0,7.422880212967359e-05,0.000735445051228661,0.0012260397838523927,0.0010609840808074192,0.009819275542091837,0.04212431725192843,True
energy_only,7301,465,7.405092733252531e-05,-0.0,7.405092733252531e-05,0.0007312563450063719,0.0012206169107900821,0.0010601610877224864,0.009801510321589399,0.04205980743535674,True
energy_only,7301,466,7.387414503286857e-05,-0.0,7.387414503286857e-05,0.0007284836803520558,0.0012151995027534005,0.0010591902199605712,0.00978468607001271,0.04199667121054389,True
energy_only,7301,467,7.369844651919172e-05,-0.0,7.369844651919172e-05,0.0007314404718584395,0.00120978764328548,0.001058358562630141,0.009767233557514915,0.04193304985113749,True
energy_only,7301,468,7.352382642297565e-05,-0.0,7.352382642297565e-05,0.000729246511457178,0.00120438141584389,0.0010575741859882503,0.009749653963173455,0.041869534425707795,True
energy_only,7301,469,7.335028022687825e-05,-0.0,7.335028022687825e-05,0.0007254619175794154,0.0011989809037993438,0.0010566437896879647,0.009733003678086891,0.04180737581375728,True
energy_only,7301,470,7.317779982834767e-05,-0.0,7.317779982834767e-05,0.0007273149868569869,0.0011935861904344195,0.001055778476850482,0.00971612767787989,0.04174520372546603,True
energy_only,7301,471,7.300638139615112e-05,-0.0,7.300638139615112e-05,0.0007268885535693816,0.0011881973589422693,0.001055010573231348,0.009698847801321775,0.041682804269475,True
energy_only,7301,472,7.283601826167804e-05,-0.0,7.283601826167804e-05,0.0007229072369457272,0.001182814492425342,0.0010541311428476441,0.00968230674504311,0.04162153219256107,True
energy_only,7301,473,7.266670435397587e-05,-0.0,7.266670435397587e-05,0.0007232983364709089,0.0011774376738940984,0.0010532464707550086,0.00966592198382017,0.04156069445237004,True
energy_only,7301,474,7.249843526238779e-05,-0.0,7.249843526238779e-05,0.0007240872085874329,0.0011720669862657308,0.0010524745014978993,0.009649046136061056,0.04149951898946893,True
energy_only,7301,475,7.233120385430641e-05,-0.0,7.233120385430641e-05,0.0007207062415265388,0.0011667025123628875,0.0010516462551273709,0.009632603803904382,0.041439102823375915,True
energy_only,7301,476,7.216500556388716e-05,-0.0,7.216500556388716e-05,0.0007196355590076723,0.0011613443349123911,0.00105076216055614,0.00961659185315992,0.041379440699867084,True
energy_only,7301,477,7.199983463567298e-05,-0.0,7.199983463567298e-05,0.0007208475313572385,0.001155992536543967,0.001049972210584096,0.009600186713632951,0.04131954989456843,True
energy_only,7301,478,7.183568500011897e-05,-0.0,7.183568500011897e-05,0.000718605089175259,0.001150647199788966,0.0010491848208653543,0.009583889415648828,0.04126002469545611,True
energy_only,7301,479,7.167255207029219e-05,-0.0,7.167255207029219e-05,0.0007164421569978457,0.001145308407079094,0.0010483216044565788,0.009568129279303715,0.04120137528619967,True
energy_only,7301,480,7.151042959195549e-05,-0.0,7.151042959195549e-05,0.0007173020310455845,0.001139976240745138,0.001047510442477917,0.009552203688066316,0.04114276238469881,True
energy_only,7301,481,7.134931262563207e-05,-0.0,7.134931262563207e-05,0.0007163435332028617,0.0011346507830157003,0.001046746243305698,0.009536139565464194,0.04108421610926992,True
energy_only,7301,482,7.118919573350553e-05,-0.0,7.118919573350553e-05,0.0007137573380120048,0.0011293321160159259,0.001045918257528819,0.009520544506845223,0.04102646050082263,True
energy_only,7301,483,7.103007330380879e-05,-0.0,7.103007330380879e-05,0.0007137452676456531,0.0011240203217662398,0.0010450940219676843,0.00950504701785471,0.04096905097610805,True
energy_only,7301,484,7.08719405252237e-05,-0.0,7.08719405252237e-05,0.0007137596980777665,0.001118715482181081,0.0010443340317188297,0.009489313812872607,0.04091158765913858,True
energy_only,7301,485,7.071479161217125e-05,-0.0,7.071479161217125e-05,0.0007114657395798541,0.0011134176790676374,0.0010435447515073865,0.00947385835857169,0.04085468302895418,True
energy_only,7301,486,7.055862169298459e-05,-0.0,7.055862169298459e-05,0.0007104432052754427,0.0011081269941245874,0.0010427234153014197,0.009458695342179932,0.040798353638667684,True
energy_only,7301,487,7.040342547771529e-05,-0.0,7.040342547771529e-05,0.0007107915034182445,0.0011028435089408368,0.001041954602056824,0.009443358702978135,0.04074204013462773,True
energy_only,7301,488,7.024919765267172e-05,-0.0,7.024919765267172e-05,0.0007092800603399752,0.0010975673049942642,0.0010411959541786336,0.009428080588681075,0.040686018697995166,True
energy_only,7301,489,7.009593335777827e-05,-0.0,7.009593335777827e-05,0.000707538322888011,0.0010922984636504605,0.0010403944196939077,0.009413152310183907,0.040630636967791525,True
energy_only,7301,490,6.994362721527762e-05,-0.0,6.994362721527762e-05,0.0007075745462425338,0.0010870370661614779,0.0010396148839584302,0.009398215858291934,0.040575464365807744,True
energy_only,7301,491,6.979227438133976e-05,-0.0,6.979227438133976e-05,0.0007069292069627132,0.001081783193664573,0.0010388716504659567,0.009383191518792777,0.04052040348440146,True
energy_only,7301,492,6.964186968047113e-05,-0.0,6.964186968047113e-05,0.00070504988914292,0.0010765369271809606,0.001038099955269466,0.009368435367326337,0.04046588013214937,True
energy_only,7301,493,6.949240814091744e-05,-0.0,6.949240814091744e-05,0.0007044066727989769,0.0010712983476145596,0.0010373187969078632,0.009353842105499962,0.04041176675221468,True
energy_only,7301,494,6.934388487108155e-05,-0.0,6.934388487108155e-05,0.000704278827263054,0.0010660675357507463,0.0010365765193759442,0.009339144481285715,0.040357740932061306,True
energy_only,7301,495,6.919629476912817e-05,-0.0,6.919629476912817e-05,0.0007028132856626319,0.0010608445722551116,0.0010358333288438865,0.009324561252990495,0.040304064212256824,True
energy_only,7301,496,6.904963308936316e-05,-0.0,6.904963308936316e-05,0.0007015351924580384,0.0010556295376722125,0.0010350647990517742,0.009310226659033033,0.04025089700664857,True
energy_only,7301,497,6.890389482660387e-05,-0.0,6.890389482660387e-05,0.0007013686672754203,0.0010504225124243352,0.0010343174153106744,0.009295883640346995,0.040197929041007954,True
energy_only,7301,498,6.875907519484579e-05,-0.0,6.875907519484579e-05,0.000700544591233343,0.0010452235768102487,0.001033591955534541,0.009281527245592181,0.040145153085453175,True
energy_only,7301,499,6.861516934507971e-05,-0.0,6.861516934507971e-05,0.0006990319788679041,0.001040032811003973,0.0010328467904895137,0.009267386778615895,0.04009284417328581,True
energy_only,7301,500,6.84721724670245e-05,-0.0,6.84721724670245e-05,0.0006984178331114303,0.001034850295053537,0.001032099240029951,0.009253366081530136,0.0400408855054901,True
energy_only,7301,501,6.833007985031289e-05,-0.0,6.833007985031289e-05,0.0006980446242369362,0.0010296761088797487,0.001031378876806793,0.009239301143262242,0.039989078197066014,True
energy_only,7301,502,6.818888667117819e-05,-0.0,6.818888667117819e-05,0.0006967792384382918,0.0010245103322749588,0.0010306579849764198,0.009225344497076364,0.039937604944299286,True
energy_only,7301,503,6.804858829988584e-05,-0.0,6.804858829988584e-05,0.0006956826635273523,0.001019353044901833,0.0010299216197045234,0.00921157821655768,0.03988656371156949,True
energy_only,7301,504,6.790917999794852e-05,-0.0,6.790917999794852e-05,0.0006953212198981467,0.0010142043262921234,0.0010292003367849737,0.00919783275444014,0.03983574873956305,True
energy_only,7301,505,6.777065713846449e-05,-0.0,6.777065713846449e-05,0.0006945301459178709,0.0010090642558454389,0.0010284953963726026,0.009184100480605301,0.03978514954184618,True
energy_only,7301,506,6.763301507735032e-05,-0.0,6.763301507735032e-05,0.0006932601120764549,0.0010039329128280258,0.0010277791845642705,0.009170533593025417,0.03973494885083345,True
energy_only,7301,507,6.749624921197866e-05,-0.0,6.749624921197866e-05,0.0006925645805873776,0.0009988103763715398,0.0010270609363839678,0.00915708045277033,0.03968508323718414,True
energy_only,7301,508,6.73603549866652e-05,-0.0,6.73603549866652e-05,0.0006920924411712757,0.0009936967254718311,0.0010263617403855946,0.009143623728735908,0.03963540970344902,True
energy_only,7301,509,6.722532781403463e-05,-0.0,6.722532781403463e-05,0.0006910370861899544,0.0009885920389877214,0.001025665817814158,0.00913025022420393,0.039586032150930456,True
energy_only,7301,510,6.70911632073184e-05,-0.0,6.70911632073184e-05,0.0006900026975119263,0.0009834963956397921,0.0010249599790468533,0.009117032512852792,0.039537037475476634,True
energy_only,7301,511,6.695785663998906e-05,-0.0,6.695785663998906e-05,0.0006894908087618835,0.0009784098740091662,0.0010242627143219206,0.009103867664479877,0.03948830012442593,True
energy_only,7301,512,6.68254036592812e-05,-0.0,6.68254036592812e-05,0.0006887964080259695,0.0009733325525363008,0.0010235795226610678,0.009090724675817438,0.03943978152958121,True
energy_only,7301,513,6.669379979771983e-05,-0.0,6.669379979771983e-05,0.0006877078243965527,0.0009682645095197729,0.0010228921938828155,0.009077704011157543,0.03939160249711245,True
energy_only,7301,514,6.65630406450562e-05,-0.0,6.65630406450562e-05,0.0006869199831090945,0.000963205823115076,0.001022201607208218,0.00906480034608112,0.03934375570797502,True
energy_only,7301,515,6.643312180087859e-05,-0.0,6.643312180087859e-05,0.000686398528695724,0.0009581565713334114,0.001021523613716509,0.009051925266239458,0.03929613297901087,True
energy_only,7301,516,6.630403888176888e-05,-0.0,6.630403888176888e-05,0.0006855374453223615,0.000953116832040489,0.001020852648391202,0.009039109129600412,0.03924877014991783,True
energy_only,7301,517,6.617578754704905e-05,-0.0,6.617578754704905e-05,0.000684549380197018,0.0009480866829553222,0.0010201762659920962,0.009026420523053762,0.03920174955448243,True
energy_only,7301,518,6.604836346144668e-05,-0.0,6.604836346144668e-05,0.000683908739053509,0.0009430662016490329,0.001019502912398569,0.00901381208545036,0.03915501276053461,True
energy_only,7301,519,6.592176233217293e-05,-0.0,6.592176233217293e-05,0.0006832936447287169,0.0009380554655436539,0.0010188412747036927,0.009001235065176236,0.03910849954840629,True
energy_only,7301,520,6.579597986515094e-05,-0.0,6.579597986515094e-05,0.0006823715960905762,0.0009330545519109335,0.001018181531331393,0.008988743507809975,0.039062274637165786,True
energy_only,7301,521,6.567101181630191e-05,-0.0,6.567101181630191e-05,0.0006815180097775946,0.0009280635378711473,0.0010175185042535703,0.008976365714803678,0.03901637154538915,True
energy_only,7301,522,6.554685394442384e-05,-0.0,6.554685394442384e-05,0.0006809297800113437,0.0009230825003919051,0.0010168621718255947,0.008964045766247064,0.03897072134761861,True
energy_only,7301,523,6.542350204265567e-05,-0.0,6.542350204265567e-05,0.0006802257727046449,0.0009181115162869677,0.0010162146916055808,0.00895177118359947,0.0389253079255479,True
energy_only,7301,524,6.530095191714155e-05,-0.0,6.530095191714155e-05,0.0006793228241600721,0.0009131506622150581,0.001015566700125246,0.00893959356891652,0.03888019322211145,True
energy_only,7301,525,6.517919940598864e-05,-0.0,6.517919940598864e-05,0.0006785781391964083,0.0009082000146786844,0.0010149183688470784,0.008927511537364877,0.03883537472310313,True
energy_only,7301,526,6.505824036410598e-05,-0.0,6.505824036410598e-05,0.000677984676121968,0.0009032596500229545,0.0010142779347534511,0.00891547882470866,0.03879079520789973,True
energy_only,7301,527,6.493807066647847e-05,-0.0,6.493807066647847e-05,0.0006772274664326461,0.0008983296444344035,0.001013643516055124,0.0089035054518519,0.038746466028510396,True
energy_only,7301,528,6.481868621398214e-05,-0.0,6.481868621398214e-05,0.0006763781428611057,0.000893410073939817,0.001013008172934225,0.008891629617402998,0.03870243294795567,True
energy_only,7301,529,6.47000829263802e-05,-0.0,6.47000829263802e-05,0.0006757013104135552,0.0008885010144050567,0.001012374875276686,0.008879834372133372,0.038658674493044394,True
energy_only,7301,530,6.458225674747032e-05,-0.0,6.458225674747032e-05,0.0006750833840663189,0.0008836025415338944,0.001011749208149838,0.008868088183500532,0.038615151353584384,True
energy_only,7301,531,6.446520363580337e-05,-0.0,6.446520363580337e-05,0.0006743105405030987,0.0008787147308668402,0.0010111275531577053,0.008856410771303586,0.0385718867728612,True
energy_only,7301,532,6.434891957843713e-05,-0.0,6.434891957843713e-05,0.0006735207137247229,0.0008738376577799824,0.0010105055428834657,0.00884482605078165,0.03852890916123322,True
energy_only,7301,533,6.423340057769652e-05,-0.0,6.423340057769652e-05,0.0006728800807848698,0.0008689713974838203,0.0010098870440732658,0.008833312058637603,0.038486190888232324,True
energy_only,7301,534,6.411864265994082e-05,-0.0,6.411864265994082e-05,0.0006722406499409672,0.0008641160250221084,0.0010092753310179886,0.008821850114947523,0.0384437083002812,True
energy_only,7301,535,6.400464186682798e-05,-0.0,6.400464186682798e-05,0.0006714767988579028,0.0008592716152706954,0.0010086665053660661,0.008810461529024715,0.03840148663910589,True
energy_only,7301,536,6.389139426597355e-05,-0.0,6.389139426597355e-05,0.0006707371327086091,0.0008544382429363728,0.0010080581598095881,0.008799159315857459,0.03835954104048423,True
energy_only,7301,537,6.377889594075424e-05,-0.0,6.377889594075424e-05,0.0006701131355880517,0.000849615982555722,0.0010074540195119826,0.008787922287360856,0.03831784479473139,True
energy_only,7301,538,6.366714299629617e-05,-0.0,6.366714299629617e-05,0.0006694623195998882,0.0008448049084939623,0.0010068557726072192,0.00877674060946478,0.03827638506925274,True
energy_only,7301,539,6.355613155462905e-05,-0.0,6.355613155462905e-05,0.0006687198409616444,0.0008400050949438086,0.0010062599269946276,0.00876563336418796,0.03823518445450998,True
energy_only,7301,540,6.34458577605716e-05,-0.0,6.34458577605716e-05,0.0006680188124472405,0.000835216615924322,0.0010056653071891352,0.008754606721304176,0.03819424975962492,True
energy_only,7301,541,6.333631777565402e-05,-0.0,6.333631777565402e-05,0.0006674037180385623,0.000830439545279774,0.0010050750867775392,0.008743642570908164,0.03815355804439043,True
energy_only,7301,542,6.322750778107528e-05,-0.0,6.322750778107528e-05,0.0006667530027315235,0.0008256739566785023,0.0010044900346806239,0.008732736224854019,0.0381131028085542,True
energy_only,7301,543,6.31194239758238e-05,-0.0,6.31194239758238e-05,0.0006660368304412129,0.0008209199236117796,0.0010039072700153684,0.008721903389449387,0.038072902576265374,True
energy_only,7301,544,6.301206257931452e-05,-0.0,6.301206257931452e-05,0.0006653647890199901,0.0008161775193926756,0.0010033262719720772,0.008711146597939375,0.03803295973595918,True
energy_only,7301,545,6.29054198280343e-05,-0.0,6.29054198280343e-05,0.0006647562799989945,0.0008114468171549305,0.001002749596540097,0.00870045118769773,0.03799325557015528,True
energy_only,7301,546,6.279949197681059e-05,-0.0,6.279949197681059e-05,0.0006641132682151608,0.0008067278898518256,0.001002177570174156,0.008689814951276917,0.0379537866382752,True
energy_only,7301,547,6.269427529824795e-05,-0.0,6.269427529824795e-05,0.0006634228573549482,0.0008020208102550566,0.0010016079018549042,0.008679250320066645,0.037914567486443236,True
energy_only,7301,548,6.258976608386523e-05,-0.0,6.258976608386523e-05,0.0006627721633601968,0.0007973256509536145,0.0010010403472878297,0.008668758288424368,0.03787559862674691,True
energy_only,7301,549,6.248596064207343e-05,-0.0,6.248596064207343e-05,0.0006621701364520617,0.0007926424843526631,0.0010004769176652697,0.008658327232839358,0.03783686506099604,True
energy_only,7301,550,6.238285529874636e-05,-0.0,6.238285529874636e-05,0.0006615396276695883,0.0007879713826724257,0.0009999177893394147,0.008647955790194447,0.03779836439528716,True
energy_only,7301,551,6.228044639707849e-05,-0.0,6.228044639707849e-05,0.0006608735339679004,0.0007833124179470678,0.0009993611657034146,0.008637653642746034,0.037760107828392245,True
energy_only,7301,552,6.217873029811727e-05,-0.0,6.217873029811727e-05,0.0006602400911179685,0.0007786656620235895,0.0009988068599340123,0.008627421470623425,0.03772209550003348,True
energy_only,7301,553,6.207770337940417e-05,-0.0,6.207770337940417e-05,0.0006596460281972096,0.0007740311865607148,0.0009982564381318091,0.00861725014055404,0.03768431547359867,True
energy_only,7301,554,6.197736203521784e-05,-0.0,6.197736203521784e-05,0.0006590311388160107,0.0007694090630277893,0.0009977100843634528,0.008607138255639652,0.03764676533154535,True
energy_only,7301,555,6.187770267652698e-05,-0.0,6.187770267652698e-05,0.0006583879690813062,0.0007647993627036749,0.0009971664021486569,0.008597093276008069,0.037609453572228266,True
energy_only,7301,556,6.177872173133425e-05,-0.0,6.177872173133425e-05,0.0006577694261417755,0.0007602021566756533,0.0009966251524155519,0.008587116185220749,0.03757238072960459,True
energy_only,7301,557,6.168041564360275e-05,-0.0,6.168041564360275e-05,0.0006571842142378329,0.0007556175158383291,0.000996087538216714,0.008577199887347035,0.0375355373835259,True
energy_only,7301,558,6.158278087342578e-05,-0.0,6.158278087342578e-05,0.0006565859964971989,0.0007510455108925344,0.0009955538226316153,0.008567342552635656,0.03749892060186301,True
energy_only,7301,559,6.148581389687427e-05,-0.0,6.148581389687427e-05,0.0006559643245913942,0.0007464862123442424,0.0009950229422577715,0.008557549790194552,0.03746253663113543,True
energy_only,7301,560,6.138951120633153e-05,-0.0,6.138951120633153e-05,0.0006553594116492535,0.0007419396905034758,0.0009944945656943421,0.008547823110587988,0.03742638667311382,True
energy_only,7301,561,6.129386930958848e-05,-0.0,6.129386930958848e-05,0.0006547835078455687,0.0007374060154832269,0.000993969585656251,0.008538157160753441,0.03739046346290742,True
energy_only,7301,562,6.11988847299902e-05,-0.0,6.11988847299902e-05,0.0006542021341039692,0.0007328852571983716,0.0009934483595048984,0.008528549588671093,0.03735476343626593,True
energy_only,7301,563,6.110455400613328e-05,-0.0,6.110455400613328e-05,0.0006536012338501935,0.0007283774853645964,0.0009929301170565536,0.008519004369646753,0.0373192908438857,True
energy_only,7301,564,6.1010873692269526e-05,-0.0,6.1010873692269526e-05,0.0006530098000084673,0.0007238827694973179,0.0009924144395854941,0.008509523510965062,0.037284047513761936,True
energy_only,7301,565,6.0917840357493173e-05,-0.0,6.0917840357493173e-05,0.0006524433902500202,0.0007194011789106164,0.0009919019389516373,0.00850010323707519,0.03724902813219583,True
energy_only,7301,566,6.082545058584349e-05,-0.0,6.082545058584349e-05,0.0006518782266820692,0.0007149327827161617,0.0009913930445865635,0.008490740795102392,0.03721422864663315,True
energy_only,7301,567,6.073370097601029e-05,-0.0,6.073370097601029e-05,0.0006512974919276104,0.0007104776498221511,0.0009908872568074052,0.008481438649594136,0.03717965145547638,True
energy_only,7301,568,6.064258814156504e-05,-0.0,6.064258814156504e-05,0.0006507198505976953,0.0007060358489322457,0.000990384106317175,0.008472199097826438,0.037145298756694305,True
energy_only,7301,569,6.055210871050106e-05,-0.0,6.055210871050106e-05,0.000650162804896265,0.0007016074485445092,0.000989883944200505,0.00846301983107885,0.037111167054875965,True
energy_only,7301,570,6.046225932505568e-05,-0.0,6.046225932505568e-05,0.0006496125515092002,0.0006971925169503545,0.0009893872235533197,0.00845389796716311,0.03707725214437098,True
energy_only,7301,571,6.037303664156638e-05,-0.0,6.037303664156638e-05,0.0006490513923926596,0.0006927911222334873,0.000988893694103152,0.008444834576760738,0.03704355471288885,True
energy_only,7301,572,6.028443733056628e-05,-0.0,6.028443733056628e-05,0.0006484884812968532,0.0006884033322688601,0.0009884028936135844,0.008435831924740251,0.03701007693208989,True
energy_only,7301,573,6.019645807645897e-05,-0.0,6.019645807645897e-05,0.000647941054349203,0.000684029214721621,0.0009879149384598262,0.008426889026000934,0.036976816953790084,True
energy_only,7301,574,6.010909557730959e-05,-0.0,6.010909557730959e-05,0.0006474042578089389,0.0006796688370460745,0.000987430241546594,0.008418003228698864,0.03694377086598261,True
energy_only,7301,575,6.0022346544730455e-05,-0.0,6.0022346544730455e-05,0.0006468619138593393,0.0006753222664846376,0.0009869487671756167,0.00840917440391866,0.03691093788331222,True
energy_only,7301,576,5.9936207703799564e-05,-0.0,5.9936207703799564e-05,0.0006463149626608707,0.0006709895700668062,0.0009864701260325268,0.008400404413565292,0.036878319691611844,True
energy_only,7301,577,5.985067579299127e-05,-0.0,5.985067579299127e-05,0.0006457778371382346,0.000666670814608118,0.0009859942456962346,0.008391693339117285,0.03684591577360219,True
energy_only,7301,578,5.9765747563857945e-05,-0.0,5.9765747563857945e-05,0.0006452528731894339,0.0006623660667091252,0.000985521435278203,0.008383039116038733,0.036813722951913826,True
energy_only,7301,579,5.968141978090023e-05,-0.0,5.968141978090023e-05,0.0006447278491159653,0.0006580753927543659,0.0009850518150939947,0.008374440742128463,0.03678173936677184,True
energy_only,7301,580,5.9597689221493454e-05,-0.0,5.9597689221493454e-05,0.0006441977503895795,0.0006537988589113394,0.0009845851251072627,0.00836589935691679,0.036749965817656126,True
energy_only,7301,581,5.951455267580039e-05,-0.0,5.951455267580039e-05,0.0006436720819171317,0.0006495365311294893,0.0009841211754603356,0.008357415706586003,0.036718402619104924,True
energy_only,7301,582,5.9432006946541205e-05,-0.0,5.9432006946541205e-05,0.0006431576700520493,0.0006452884751391811,0.0009836601279658683,0.008348988558178987,0.03668704763034481,True
energy_only,7301,583,5.9350048848854174e-05,-0.0,5.9350048848854174e-05,0.0006426479236442151,0.0006410547564506947,0.0009832021770328767,0.008340616495193713,0.03665589848271103,True
energy_only,7301,584,5.926867521010589e-05,-0.0,5.926867521010589e-05,0.0006421350068708955,0.0006368354403532084,0.00098274721777252,0.008332299787368044,0.03662495490297662,True
energy_only,7301,585,5.9187882869888695e-05,-0.0,5.9187882869888695e-05,0.0006416225039605495,0.0006326305919137972,0.0009822950315031827,0.008324039346859493,0.03659421741871615,True
energy_only,7301,586,5.9107668679830265e-05,-0.0,5.9107668679830265e-05,0.0006411183374459696,0.0006284402759764244,0.0009818456284585398,0.008315834797283012,0.03656368495847532,True
energy_only,7301,587,5.9028029503391156e-05,-0.0,5.9028029503391156e-05,0.0006406216925599051,0.0006242645571609465,0.000981399187575718,0.008307684811990792,0.03653335527033584,True
energy_only,7301,588,5.8948962215765574e-05,-0.0,5.8948962215765574e-05,0.0006401253161473311,0.0006201034998621126,0.0009809557394753364,0.00829958890061295,0.036503227142855275,True
energy_only,7301,589,5.887046370371479e-05,-0.0,5.887046370371479e-05,0.0006396276127653278,0.0006159571682485738,0.000980515119723561,0.008291547673330665,0.03647330073527466,True
energy_only,7301,590,5.879253086554157e-05,-0.0,5.879253086554157e-05,0.0006391344284775272,0.0006118256262618933,0.0009800772300358463,0.008283561368628374,0.03644357574680943,True
energy_only,7301,591,5.8715160610837444e-05,-0.0,5.8715160610837444e-05,0.0006386490845526018,0.0006077089376155588,0.0009796421651171083,0.008275629137443823,0.036414050524747145,True
energy_only,7301,592,5.8638349860360304e-05,-0.0,5.8638349860360304e-05,0.0006381675404992058,0.0006036071657940027,0.0009792100280235881,0.00826775008391408,0.03638472335869222,True
energy_only,7301,593,5.856209554592491e-05,-0.0,5.856209554592491e-05,0.0006376854375953267,0.0005995203740516195,0.0009787807557269594,0.008259924249607031,0.03635559370640938,True
energy_only,7301,594,5.848639461028058e-05,-0.0,5.848639461028058e-05,0.0006372047533574034,0.0005954486254117946,0.0009783542180132436,0.008252152056116237,0.03632666150075575,True
energy_only,7301,595,5.841124400697676e-05,-0.0,5.841124400697676e-05,0.000636730027033685,0.000591391982665928,0.0009779304052703781,0.00824443324534174,0.03629792582953012,True
energy_only,7301,596,5.8336640700181906e-05,-0.0,5.8336640700181906e-05,0.0006362611959898606,0.0005873505083724701,0.000977509412137662,0.008236766971191556,0.03626938504863708,True
energy_only,7301,597,5.8262581664597055e-05,-0.0,5.8262581664597055e-05,0.0006357942198355895,0.0005833242648559532,0.0009770912678377852,0.008229152757087667,0.03624103797497885,True
energy_only,7301,598,5.818906388527607e-05,-0.0,5.818906388527607e-05,0.0006353275520127337,0.0005793133142060338,0.0009766758845709037,0.008221590787672078,0.036212884250765805,True
energy_only,7301,599,5.811608435758506e-05,-0.0,5.811608435758506e-05,0.0006348641081830929,0.0005753177182765318,0.0009762631847094652,0.008214081190882065,0.03618492344889064,True
energy_only,7301,600,5.804364008697418e-05,-0.0,5.804364008697418e-05,0.0006344064142999459,0.0005713375386844796,0.0009758531971584429,0.008206623493513284,0.036157154393447674,True
energy_only,7301,601,5.79717280888931e-05,-0.0,5.79717280888931e-05,0.0006339529324607108,0.000567372836809171,0.0009754459864836637,0.008199217021149858,0.03612957565792596,True
energy_only,7301,602,5.7900345388637204e-05,-0.0,5.7900345388637204e-05,0.0006335007645251151,0.0005634236737912122,0.0009750415392529274,0.008191861540264486,0.03610218636643735,True
energy_only,7301,603,5.782948902123462e-05,-0.0,5.782948902123462e-05,0.0006330499871495539,0.0005594901105315837,0.0009746397768860472,0.008184557185932565,0.036074986104099455,True
energy_only,7301,604,5.7759156031337204e-05,-0.0,5.7759156031337204e-05,0.0006326031613800306,0.0005555722076906955,0.0009742406601110474,0.00817730387165198,0.03604797418046344,True
energy_only,7301,605,5.768934347304249e-05,-0.0,5.768934347304249e-05,0.0006321613487970091,0.0005516700256874574,0.0009738442243453337,0.00817010108913032,0.03602114937905695,True
energy_only,7301,606,5.7620048409809446e-05,-0.0,5.7620048409809446e-05,0.0006317227625637309,0.0005477836246983419,0.000973450504943507,0.0081629483306323,0.035994510484484994,True
energy_only,7301,607,5.755126791429338e-05,-0.0,5.755126791429338e-05,0.0006312856177598292,0.0005439130646564612,0.0009730594719046728,0.008155845458217703,0.03596805674388417,True
energy_only,7301,608,5.748299906824388e-05,-0.0,5.748299906824388e-05,0.0006308506207998275,0.0005400584052506381,0.0009726710641423077,0.008148792510181654,0.035941787625475605,True
energy_only,7301,609,5.7415238962382215e-05,-0.0,5.7415238962382215e-05,0.0006304196620597566,0.0005362197059244901,0.0009722852626102271,0.008141789287497429,0.03591570230168305,True
energy_only,7301,610,5.734798469626731e-05,-0.0,5.734798469626731e-05,0.0006299930274362461,0.0005323970258755085,0.0009719020960953367,0.008134835320845805,0.035889799607527896,True
energy_only,7301,611,5.728123337815111e-05,-0.0,5.728123337815111e-05,0.0006295691778125786,0.0005285904240541493,0.0009715215805526228,0.008127930213669723,0.03586407846933598,True
energy_only,7301,612,5.721498212485549e-05,-0.0,5.721498212485549e-05,0.0006291470622164416,0.0005247999591629217,0.0009711436835881156,0.008121073843214244,0.035838538156339465,True
energy_only,7301,613,5.714922806168768e-05,-0.0,5.714922806168768e-05,0.0006287274720423313,0.0005210256896554825,0.0009707683590096944,0.008114266165135895,0.035813178036484525,True
energy_only,7301,614,5.708396832229465e-05,-0.0,5.708396832229465e-05,0.000628311723711549,0.0005172676737357374,0.0009703955955912357,0.00810750693747604,0.035787997230978,True
energy_only,7301,615,5.7019200048500264e-05,-0.0,5.7019200048500264e-05,0.0006278997998270635,0.00051352596935694,0.000970025412755924,0.008100795744935373,0.03576299464436601,True
energy_only,7301,616,5.695492039023824e-05,-0.0,5.695492039023824e-05,0.0006274905140912582,0.0005098006342208012,0.0009696578159346037,0.008094132251515474,0.03573816928062634,True
energy_only,7301,617,5.689112650540545e-05,-0.0,5.689112650540545e-05,0.0006270832131698451,0.0005060917257765967,0.0009692927760885367,0.008087516316532881,0.03571352038855839,True
energy_only,7301,618,5.682781555972169e-05,-0.0,5.682781555972169e-05,0.000626678557219149,0.0005023993012202833,0.0009689302571779775,0.00808094783915057,0.03568904726724057,True
energy_only,7301,619,5.676498472664272e-05,-0.0,5.676498472664272e-05,0.0006262774725070736,0.0004987234174936149,0.0009685702492738708,0.008074426570807005,0.035664749031009454,True
energy_only,7301,620,5.670263118722296e-05,-0.0,5.670263118722296e-05,0.0006258798892083466,0.0004950641312832662,0.0009682127634823216,0.008067952143857514,0.035640624645138466,True
energy_only,7301,621,5.6640752129980963e-05,-0.0,5.6640752129980963e-05,0.0006254849349202129,0.0004914214990199575,0.0009678578003021534,0.008061524250782437,0.03561667315030553,True
energy_only,7301,622,5.657934475079214e-05,-0.0,5.657934475079214e-05,0.0006250921406521656,0.00048779557687758397,0.0009675053356026275,0.008055142723687991,0.035592893762332475,True
energy_only,7301,623,5.651840625276529e-05,-0.0,5.651840625276529e-05,0.0006247019751774752,0.00048418642077235105,0.000967155339791982,0.00804880742573912,0.035569285736188824,True
energy_only,7301,624,5.6457933846139894e-05,-0.0,5.6457933846139894e-05,0.0006243151142842861,0.0004805940863619101,0.000966807801438635,0.008042518117259824,0.03554584819804909,True
energy_only,7301,625,5.6397924748127746e-05,-0.0,5.6397924748127746e-05,0.0006239315405863395,0.0004770186290445021,0.0009664627249613474,0.008036274468748678,0.03552258016147043,True
energy_only,7301,626,5.633837618284833e-05,-0.0,5.633837618284833e-05,0.0006235506317140975,0.00047346010395810144,0.0009661201087320206,0.00803007618496978,0.03549948068296499,True
energy_only,7301,627,5.62792853811442e-05,-0.0,5.62792853811442e-05,0.0006231719948860986,0.00046991856597956773,0.0009657799334731684,0.008023923070764443,0.03547654894462159,True
energy_only,7301,628,5.6220649580521426e-05,-0.0,5.6220649580521426e-05,0.0006227959090747727,0.000466394069723797,0.000965442173935838,0.008017814964866445,0.03545378417111839,True
energy_only,7301,629,5.616246602500403e-05,-0.0,5.616246602500403e-05,0.0006224228799121263,0.000462886669542882,0.0009651068163923379,0.008011751640682699,0.03543118550516545,True
energy_only,7301,630,5.610473196502795e-05,-0.0,5.610473196502795e-05,0.0006220529731337601,0.000459396419525272,0.0009647738597917142,0.008005732799679064,0.03540875199908799,True
energy_only,7301,631,5.604744465731281e-05,-0.0,5.604744465731281e-05,0.0006216857706019419,0.00045592337349494006,0.0009644433013586477,0.00799975815303296,0.035386482717272905,True
energy_only,7301,632,5.599060136473613e-05,-0.0,5.599060136473613e-05,0.0006213209190435594,0.0004524675850105526,0.0009641151260886092,0.00799382748123995,0.03536437681104013,True
energy_only,7301,633,5.593419935627524e-05,-0.0,5.593419935627524e-05,0.0006209585302538131,0.00044902910736464277,0.0009637893122082186,0.007987940603152891,0.035342433479794946,True
energy_only,7301,634,5.5878235906809e-05,-0.0,5.5878235906809e-05,0.0006205989729257004,0.0004456079935827898,0.0009634658439592229,0.007982097303426805,0.03532065187986131,True
energy_only,7301,635,5.58227082970671e-05,-0.0,5.58227082970671e-05,0.0006202423855279683,0.0004422042964227998,0.0009631447155984701,0.007976297309777725,0.03529903109583316,True
energy_only,7301,636,5.5767613813493126e-05,-0.0,5.5767613813493126e-05,0.0006198885239502989,0.0004388180683738941,0.0009628259230903847,0.007970540340097794,0.03527757019971127,True
energy_only,7301,637,5.571294974811457e-05,-0.0,5.571294974811457e-05,0.0006195370780256552,0.0004354493616558977,0.0009625094548463834,0.007964826155021722,0.03525626831696932,True
energy_only,7301,638,5.5658713398455295e-05,-0.0,5.5658713398455295e-05,0.0006191880243277297,0.0004320982282184358,0.000962195292384133,0.007959154554196197,0.03523512462188705,True
energy_only,7301,639,5.5604902067420135e-05,-0.0,5.5604902067420135e-05,0.0006188416010496551,0.0004287647197401312,0.0009618834188108087,0.007953525328107593,0.03521413827697259,True
energy_only,7301,640,5.555151306317662e-05,-0.0,5.555151306317662e-05,0.000618497984802924,0.0004254488876278092,0.0009615738243649895,0.007947938226586446,0.03519330839330764,True
energy_only,7301,641,5.5498543699031885e-05,-0.0,5.5498543699031885e-05,0.0006181570795792672,0.0004221507830157017,0.0009612665031076723,0.007942392977566406,0.03517263405407869,True
energy_only,7301,642,5.5445991293328024e-05,-0.0,5.5445991293328024e-05,0.0006178186428249905,0.00041887045676466234,0.0009609614456967037,0.007936889328115936,0.03515211436617753,True
energy_only,7301,643,5.5393853169356137e-05,-0.0,5.5393853169356137e-05,0.0006174825606876128,0.0004156079594613804,0.0009606586368822029,0.007931427058670315,0.035131748478116676,True
energy_only,7301,644,5.5342126655190946e-05,-0.0,5.5342126655190946e-05,0.0006171489433902831,0.00041236334141759917,0.0009603580598784258,0.007926005958193936,0.03511153554877275,True
energy_only,7301,645,5.529080908365841e-05,-0.0,5.529080908365841e-05,0.0006168179586499919,0.00040913665266934353,0.0009600597018399315,0.007920625793052064,0.03509147470818239,True
energy_only,7301,646,5.52398977921367e-05,-0.0,5.52398977921367e-05,0.0006164896231030346,0.0004059279429761449,0.000959763554267888,0.00791528630467634,0.0350715650545553,True
energy_only,7301,647,5.518939012252525e-05,-0.0,5.518939012252525e-05,0.0006161637868086127,0.00040273726182027674,0.0009594696085882315,0.0079099872346779,0.035051805685861345,True
energy_only,7301,648,5.513928342108034e-05,-0.0,5.513928342108034e-05,0.0006158403016524436,0.00039956465840598895,0.000959177852355914,0.0079047283464199,0.03503219572699292,True
energy_only,7301,649,5.508957503835376e-05,-0.0,5.508957503835376e-05,0.0006155191658908171,0.00039641018165875155,0.0009588882700914549,0.00789950942026097,0.035012734323771826,True
energy_only,7301,650,5.5040262329041913e-05,-0.0,5.5040262329041913e-05,0.0006152004922322047,0.0003932738802244973,0.0009586008472259074,0.007894330231121405,0.03499342061467763,True
energy_only,7301,651,5.499134265189772e-05,-0.0,5.499134265189772e-05,0.0006148843576085278,0.0003901558024688752,0.0009583155725360636,0.007889190534618729,0.03497425371334506,True
energy_only,7301,652,5.494281336963829e-05,-0.0,5.494281336963829e-05,0.0006145707104323197,0.00038705599647650035,0.0009580324367022685,0.00788409007524837,0.03495523271883478,True
energy_only,7301,653,5.4894671848809916e-05,-0.0,5.4894671848809916e-05,0.0006142594255289459,0.00038397451005021694,0.0009577514290295322,0.007879028605021862,0.034936356739107076,True
energy_only,7301,654,5.4846915459715795e-05,-0.0,5.4846915459715795e-05,0.0006139504290139749,0.00038091139071035627,0.0009574725359976936,0.007874005891708917,0.03491762490140362,True
energy_only,7301,655,5.479954157626112e-05,-0.0,5.479954157626112e-05,0.0006136437534982178,0.00037786668569400947,0.0009571957428915119,0.007869021709557987,0.03489903634053532,True
energy_only,7301,656,5.475254757590651e-05,-0.0,5.475254757590651e-05,0.0006133394759774253,0.0003748404419542935,0.0009569210364166077,0.00786407582440683,0.03488059018009307,True
energy_only,7301,657,5.4705930839530197e-05,-0.0,5.4705930839530197e-05,0.0006130376182622861,0.00037183270615963044,0.0009566484054953198,0.007859167989136166,0.0348622855266799,True
energy_only,7301,658,5.465968875133083e-05,-0.0,5.465968875133083e-05,0.000612738116664389,0.0003688435246930265,0.0009563778396854922,0.007854297952655,0.034844121481222075,True
energy_only,7301,659,5.461381869871829e-05,-0.0,5.461381869871829e-05,0.0006124408822014064,0.0003658729436513589,0.0009561093271368844,0.007849465471518508,0.03482609715360401,True
energy_only,7301,660,5.456831807221636e-05,-0.0,5.456831807221636e-05,0.0006121458783953397,0.0003629210088446613,0.000955842854191987,0.007844670312198048,0.034808211665528874,True
energy_only,7301,661,5.452318426537048e-05,-0.0,5.452318426537048e-05,0.0006118531364378328,0.00035998776579542044,0.0009555784068016977,0.007839912243016157,0.034790464140327715,True
energy_only,7301,662,5.4478414674621303e-05,-0.0,5.4478414674621303e-05,0.00061156270130422,0.0003570732597378719,0.0009553159721121742,0.007835191025102212,0.03477285369152328,True
energy_only,7301,663,5.443400669923932e-05,-0.0,5.443400669923932e-05,0.0006112745712925917,0.00035417753561730583,0.0009550555386462306,0.007830506411346475,0.03475537942148484,True
energy_only,7301,664,5.4389957741189935e-05,-0.0,5.4389957741189935e-05,0.0006109886911386213,0.0003513006380893697,0.000954797095095246,0.007825858153269152,0.03473804043008288,True
energy_only,7301,665,5.434626520504054e-05,-0.0,5.434626520504054e-05,0.0006107049980028534,0.0003484426115193815,0.0009545406290771484,0.00782124600808334,0.034720835823589966,True
energy_only,7301,666,5.430292649789045e-05,-0.0,5.430292649789045e-05,0.0006104234687239281,0.0003456034999816479,0.0009542861270564273,0.00781666973914529,0.03470376471523961,True
energy_only,7301,667,5.4259939029219274e-05,-0.0,5.4259939029219274e-05,0.0006101441228637617,0.0003427833472587805,0.0009540335753418387,0.0078121291102662875,0.034686826218030695,True
energy_only,7301,668,5.421730021084181e-05,-0.0,5.421730021084181e-05,0.0006098669847206663,0.00033998219684102277,0.0009537829610710601,0.007807623880093173,0.034670019437608106,True
energy_only,7301,669,5.417500745677979e-05,-0.0,5.417500745677979e-05,0.0006095920458369342,0.00033720009192557865,0.0009535342722606197,0.007803153801813288,0.03465334347187,True
energy_only,7301,670,5.413305818316457e-05,-0.0,5.413305818316457e-05,0.0006093192631136944,0.0003344370754159489,0.0009532874970019194,0.007798718627725785,0.034636797416727455,True
energy_only,7301,671,5.409144980815737e-05,-0.0,5.409144980815737e-05,0.0006090485894016433,0.00033169318992126555,0.0009530426226653739,0.007794318113766849,0.03462038037180615,True
energy_only,7301,672,5.405017975182342e-05,-0.0,5.405017975182342e-05,0.0006087800037838961,0.00032896847775563726,0.0009527996358415456,0.007789952019840673,0.03460409144085637,True
energy_only,7301,673,5.400924543607986e-05,-0.0,5.400924543607986e-05,0.0006085135138033087,0.0003262629809374955,0.0009525585229716407,0.0077856201062189824,0.03458792972718741,True
energy_only,7301,674,5.396864428455511e-05,-0.0,5.396864428455511e-05,0.0006082491314775479,0.00032357674118894947,0.0009523192710015189,0.007781322129804233,0.034571894328925226,True
energy_only,7301,675,5.392837372252877e-05,-0.0,5.392837372252877e-05,0.0006079868483739333,0.0003209097999351384,0.0009520818674674422,0.007777057843631329,0.034555984338364466,True
energy_only,7301,676,5.388843117681938e-05,-0.0,5.388843117681938e-05,0.0006077266323468761,0.00031826219830359494,0.0009518463000165134,0.007772826999593619,0.034540198845401784,True
energy_only,7301,677,5.384881407569518e-05,-0.0,5.384881407569518e-05,0.0006074684458066635,0.0003156339771236129,0.0009516125558623378,0.007768629351537865,0.034524536941435174,True
energy_only,7301,678,5.3809519848777726e-05,-0.0,5.3809519848777726e-05,0.0006072122663937281,0.00031302517692561346,0.0009513806216657287,0.007764464655936572,0.03450899772019993,True
energy_only,7301,679,5.377054592694969e-05,-0.0,5.377054592694969e-05,0.0006069580915207375,0.00031043583794052265,0.0009511504838848699,0.007760332669886727,0.03449358027522782,True
energy_only,7301,680,5.373188974229527e-05,-0.0,5.373188974229527e-05,0.0006067059250470465,0.0003078660000991507,0.0009509221292260492,0.007756233148530446,0.034478283696566185,True
energy_only,7301,681,5.3693548727937474e-05,-0.0,5.3693548727937474e-05,0.000606455760103801,0.00030531570303157687,0.000950695544793628,0.007752165844191561,0.03446310706966997,True
energy_only,7301,682,5.365552031802976e-05,-0.0,5.365552031802976e-05,0.0006062075733947898,0.00030278498606653643,0.0009504707178521275,0.007748130507724442,0.034448049477093866,True
energy_only,7301,683,5.361780194759974e-05,-0.0,5.361780194759974e-05,0.0006059613342452422,0.00030027388823081566,0.0009502476354554244,0.007744126890621422,0.03443311000114575,True
energy_only,7301,684,5.358039105250837e-05,-0.0,5.358039105250837e-05,0.0006057170186990514,0.00029778244824864883,0.0009500262842742966,0.007740154745990307,0.034418287725112684,True
energy_only,7301,685,5.354328506932951e-05,-0.0,5.354328506932951e-05,0.0006054746160732039,0.0002953107045411238,0.0009498066507387629,0.007736213827736184,0.03440358173221332,True
energy_only,7301,686,5.350648143527788e-05,-0.0,5.350648143527788e-05,0.0006052341235517026,0.0002928586952255856,0.0009495887213331606,0.0077323038888703274,0.03438899110344223,True
energy_only,7301,687,5.346997758811123e-05,-0.0,5.346997758811123e-05,0.0006049955349304336,0.00029042645811505066,0.0009493724827797267,0.007728424680455545,0.03437451491622075,True
energy_only,7301,688,5.343377096606432e-05,-0.0,5.343377096606432e-05,0.0006047588336416469,0.0002880140307176251,0.0009491579219756002,0.007724575951958191,0.03436015224482889,True
energy_only,7301,689,5.339785900773097e-05,-0.0,5.339785900773097e-05,0.0006045239951361142,0.0002856214502359233,0.0009489450257687015,0.007720757452521001,0.03434590216200628,True
energy_only,7301,690,5.33622391520196e-05,-0.0,5.33622391520196e-05,0.000604290995420798,0.0002832487535664957,0.0009487337807746864,0.007716968932000178,0.034331763740251896,True
energy_only,7301,691,5.3326908838012034e-05,-0.0,5.3326908838012034e-05,0.0006040598179948142,0.00028089597729925994,0.0009485241733768945,0.007713210140960734,0.034317736051808885,True
energy_only,7301,692,5.329186550494257e-05,-0.0,5.329186550494257e-05,0.0006038304538574018,0.0002785631577169374,0.0009483161898825812,0.007709480829777297,0.03430381816751126,True
energy_only,7301,693,5.3257106592070675e-05,-0.0,5.3257106592070675e-05,0.0006036028955517553,0.0002762503307944916,0.0009481098166917468,0.007705780747665178,0.034290009155546176,True
energy_only,7301,694,5.322262953863239e-05,-0.0,5.322262953863239e-05,0.0006033771307393193,0.0002739575321985742,0.0009479050403431692,0.007702109642410469,0.034276308081098515,True
energy_only,7301,695,5.3188431783717037e-05,-0.0,5.3188431783717037e-05,0.0006031531404438865,0.00027168479728697636,0.0009477018474195333,0.007698467260903795,0.03426271400701281,True
energy_only,7301,696,5.315451076621001e-05,-0.0,5.315451076621001e-05,0.0006029309026419908,0.0002694321611080822,0.0009475002244041282,0.0076948533499556285,0.0342492259948214,True
energy_only,7301,697,5.3120863924720804e-05,-0.0,5.3120863924720804e-05,0.0006027103977311586,0.00026719965840032794,0.0009473001576050319,0.00769126765671878,0.03423584310526069,True
energy_only,7301,698,5.3087488697500654e-05,-0.0,5.3087488697500654e-05,0.0006024916113837979,0.0002649873235916664,0.0009471016331962221,0.0076877099284536265,0.03422256439797341,True
energy_only,7301,699,5.3054382522347806e-05,-0.0,5.3054382522347806e-05,0.0006022745329979904,0.00026279519079903843,0.0009469046373268515,0.007684179911893372,0.03420938893068367,True
energy_only,7301,700,5.302154283651684e-05,-0.0,5.302154283651684e-05,0.0006020591515188042,0.0002606232938278427,0.0009467091562082632,0.00768067735274314,0.03419631575855434,True
energy_only,7301,701,5.2988967076702e-05,-0.0,5.2988967076702e-05,0.0006018454521326901,0.0002584716661714174,0.0009465151761164464,0.007677201995660015,0.03418334393415064,True
energy_only,7301,702,5.295665267889031e-05,-0.0,5.295665267889031e-05,0.0006016334161715261,0.0002563403410105222,0.0009463226833199045,0.007673753584659877,0.034170472507946525,True
energy_only,7301,703,5.29245970783382e-05,-0.0,5.29245970783382e-05,0.0006014230238452909,0.00025422935121282854,0.0009461316639955663,0.007670331863590448,0.0341577005289112,True
energy_only,7301,704,5.289279770946079e-05,-0.0,5.289279770946079e-05,0.0006012142574368853,0.00025213872933241017,0.0009459421041964922,0.0076669365763120285,0.03414502704473141,True
energy_only,7301,705,5.286125200577334e-05,-0.0,5.286125200577334e-05,0.0006010071025223681,0.0002500685076092425,0.0009457539898869674,0.00766356746649268,0.03413245110154349,True
energy_only,7301,706,5.282995739981992e-05,-0.0,5.282995739981992e-05,0.000600801546647996,0.00024801871796870556,0.0009455673070099647,0.007660224277214174,0.03411997174341723,True
energy_only,7301,707,5.279891132308843e-05,-0.0,5.279891132308843e-05,0.0006005975767314129,0.0002459893920210917,0.000945382041535354,0.00765690675069504,0.034107588012001575,True
energy_only,7301,708,5.276811120596336e-05,-0.0,5.276811120596336e-05,0.0006003951772416148,0.00024398056106111703,0.0009451981794563575,0.007653614628303508,0.03409529894652745,True
energy_only,7301,709,5.2737554477629616e-05,-0.0,5.2737554477629616e-05,0.0006001943303332695,0.00024199225606743961,0.0009450157067441792,0.007650347650812257,0.0340831035841226,True
energy_only,7301,710,5.270723856599875e-05,-0.0,5.270723856599875e-05,0.0005999950175557649,0.00024002450770218306,0.0009448346092980731,0.007647105558678107,0.03407100096015616,True
energy_only,7301,711,5.267716089767242e-05,-0.0,5.267716089767242e-05,0.0005997972217445526,0.00023807734631046084,0.0009446548729263701,0.007643888092148331,0.034058990108369616,True
energy_only,7301,712,5.264731889784417e-05,-0.0,5.264731889784417e-05,0.0005996009277584655,0.00023615080191991033,0.0009444764833663218,0.0076406949911392045,0.03404707006070762,True
energy_only,7301,713,5.261770999023719e-05,-0.0,5.261770999023719e-05,0.0005994061216956483,0.00023424490424022929,0.0009442994263250054,0.0076375259950007025,0.03403523984701639,True
energy_only,7301,714,5.258833159705233e-05,-0.0,5.258833159705233e-05,0.0005992127893510749,0.00023235968266271787,0.0009441236875092676,0.007634380842338245,0.03402349849480414,True
energy_only,7301,715,5.255918113887661e-05,-0.0,5.255918113887661e-05,0.0005990209150615671,0.0002304951662598248,0.0009439492526270687,0.007631259271002497,0.034011845029223414,True
energy_only,7301,716,5.2530256034646935e-05,-0.0,5.2530256034646935e-05,0.0005988304816582116,0.0002286513837846993,0.0009437761073624576,0.007628161018227192,0.03400027847323632,True
energy_only,7301,717,5.250155370156799e-05,-0.0,5.250155370156799e-05,0.000598641471420769,0.00022682836367074845,0.0009436042373446103,0.007625085820801265,0.03398879784782413,True
energy_only,7301,718,5.247307155503476e-05,-0.0,5.247307155503476e-05,0.0005984538672315992,0.00022502613403119735,0.0009434336281323307,0.007622033415155109,0.033977402172092414,True
energy_only,7301,719,5.244480700862043e-05,-0.0,5.244480700862043e-05,0.0005982676531790529,0.0002232447226586566,0.000943264265221489,0.0076190035373132296,0.033966090463201905,True
energy_only,7301,720,5.2416757473961255e-05,-0.0,5.2416757473961255e-05,0.0005980828142599186,0.0002214841570246927,0.0009430961340678295,0.0076159959227597215,0.03395486173618993,True
energy_only,7301,721,5.2388920360729415e-05,-0.0,5.2388920360729415e-05,0.0005978993355177657,0.00021974446427940666,0.0009429292201081056,0.007613010306313446,0.03394371500380442,True
energy_only,7301,722,5.236129307654403e-05,-0.0,5.236129307654403e-05,0.0005977172012314733,0.00021802567125101219,0.0009427635087659044,0.007610046422091709,0.0339326492764521,True
energy_only,7301,723,5.2333873026952334e-05,-0.0,5.2333873026952334e-05,0.0005975363946813816,0.0002163278044454237,0.0009425989854407897,0.007607104003567517,0.033921663562262255,True
energy_only,7301,724,5.230665761533541e-05,-0.0,5.230665761533541e-05,0.000597356898572835,0.0002146508900458481,0.0009424356354900579,0.007604182783672525,0.033910756867214946,True
energy_only,7301,725,5.2279644242874745e-05,-0.0,5.2279644242874745e-05,0.0005971786957294684,0.00021299495391237995,0.0009422734442145396,0.007601282494872376,0.03389992819522585,True
energy_only,7301,726,5.2252830308483746e-05,-0.0,5.2252830308483746e-05,0.0005970017696123551,0.00021136002158160294,0.000942112396858185,0.007598402869167722,0.033889176548144995,True
energy_only,7301,727,5.222621320877326e-05,-0.0,5.222621320877326e-05,0.0005968261043488338,0.00020974611826619547,0.0009419524786185305,0.007595543638030058,0.033878500925667195,True
energy_only,7301,728,5.219979033795629e-05,-0.0,5.219979033795629e-05,0.0005966516843183566,0.00020815326885454397,0.0009417936746608027,0.007592704532318431,0.033867900325221315,True
energy_only,7301,729,5.2173559087840196e-05,-0.0,5.2173559087840196e-05,0.0005964784936305579,0.00020658149791035661,0.0009416359701260458,0.007589885282230152,0.03385737374190237,True
energy_only,7301,730,5.214751684774866e-05,-0.0,5.214751684774866e-05,0.0005963065157935354,0.00020503082967228534,0.0009414793501295427,0.007587085617305793,0.03384692016847036,True
energy_only,7301,731,5.212166100449681e-05,-0.0,5.212166100449681e-05,0.0005961357337912706,0.00020350128805355294,0.0009413237997512943,0.007584305266482193,0.03383653859541492,True
energy_only,7301,732,5.209598894229675e-05,-0.0,5.209598894229675e-05,0.0005959661304278624,0.00020199289664158331,0.0009411693040256144,0.007581543958148662,0.03382622801102062,True
energy_only,7301,733,5.207049804276919e-05,-0.0,5.207049804276919e-05,0.0005957976887298997,0.00020050567869763818,0.0009410158479362246,0.007578801420172806,0.0338159874013956,True
energy_only,7301,734,5.2045185684840605e-05,-0.0,5.2045185684840605e-05,0.0005956303921278302,0.00019903965715645745,0.0009408634164185576,0.007576077379885621,0.03380581575044941,True
energy_only,7301,735,5.20200492447276e-05,-0.0,5.20200492447276e-05,0.0005954642243679903,0.00019759485462590742,0.0009407119943672338,0.007573371564033449,0.03379571203982205,True
energy_only,7301,736,5.199508609589506e-05,-0.0,5.199508609589506e-05,0.0005952991692227391,0.00019617129338663012,0.0009405615666438267,0.0075706836987354505,0.0337856752488335,True
energy_only,7301,737,5.197029360899393e-05,-0.0,5.197029360899393e-05,0.0005951352101943986,0.00019476899539170114,0.000940412118079927,0.007568013509461405,0.03377570435444674,True
energy_only,7301,738,5.1945669151821394e-05,-0.0,5.1945669151821394e-05,0.0005949723304133304,0.0001933879822662896,0.0009402636334741604,0.007565360721046643,0.03376579833128279,True
energy_only,7301,739,5.192121008930334e-05,-0.0,5.192121008930334e-05,0.000594810512715756,0.00019202827530732724,0.0009401160975867131,0.007562725057722612,0.03375595615165814,True
energy_only,7301,740,5.189691378341234e-05,-0.0,5.189691378341234e-05,0.0005946497398887148,0.000190689895483177,0.0009399694951334122,0.007560106243148759,0.03374617678562161,True
energy_only,7301,741,5.187277759317712e-05,-0.0,5.187277759317712e-05,0.0005944899948671299,0.00018937286343331117,0.0009398238107838414,0.007557504000420872,0.03373645920096039,True
energy_only,7301,742,5.1848798874608246e-05,-0.0,5.1848798874608246e-05,0.0005943312608150025,0.0001880771994679934,0.0009396790291635372,0.007554918052058073,0.03372680236318269,True
energy_only,7301,743,5.182497498065665e-05,-0.0,5.182497498065665e-05,0.0005941735210444026,0.00018680292356796494,0.000939535134858463,0.007552348119975093,0.03371720523547854,True
energy_only,7301,744,5.1801303261222504e-05,-0.0,5.1801303261222504e-05,0.000594016758834207,0.00018555005538413655,0.0009393921124191299,0.007549793925458301,0.0337076667786885,True
energy_only,7301,745,5.177778106306187e-05,-0.0,5.177778106306187e-05,0.000593860957289624,0.0001843186142372853,0.0009392499463620813,0.007547255189153853,0.033698185951282406,True
energy_only,7301,746,5.1754405729819316e-05,-0.0,5.1754405729819316e-05,0.0005937060992641304,0.00018310861911775708,0.0009391086211682737,0.00754473163107884,0.03368876170937704,True
energy_only,7301,747,5.173117460193315e-05,-0.0,5.173117460193315e-05,0.0005935521674363695,0.00018192008868517365,0.0009389681212795399,0.007542222970638688,0.03367939300675291,True
energy_only,7301,748,5.1708085016631945e-05,-0.0,5.1708085016631945e-05,0.0005933991444469582,0.00018075304126814428,0.0009388284310952923,0.007539728926645761,0.033670078794877524,True
energy_only,7301,749,5.168513430792376e-05,-0.0,5.168513430792376e-05,0.0005932470130066339,0.00017960749486398386,0.0009386895349715447,0.007537249217323385,0.03366081802290748,True
energy_only,7301,750,5.166231980653347e-05,-0.0,5.166231980653347e-05,0.0005930957559525638,0.00017848346713843555,0.0009385514172222766,0.007534783560300258,0.03365160963768554,True
energy_only,7301,751,5.1639638839890355e-05,-0.0,5.1639638839890355e-05,0.0005929453561877659,0.00017738097542539683,0.0009384140621217474,0.007532331672593379,0.033642452583711784,True
energy_only,7301,752,5.161708873212464e-05,-0.0,5.161708873212464e-05,0.00059279579659406,0.00017630003672665403,0.0009382774539071027,0.007529893270594878,0.033633345803130064,True
energy_only,7301,753,5.1594666803985164e-05,-0.0,5.1594666803985164e-05,0.0005926470599327498,0.00017524066771161875,0.000938141576779699,0.007527468070064329,0.03362428823571808,True
energy_only,7301,754,5.157237037289599e-05,-0.0,5.157237037289599e-05,0.0005924991288066275,0.0001742028847170722,0.0009380064149034962,0.007525055786135217,0.03361527881889048,True
energy_only,7301,755,5.155019675286668e-05,-0.0,5.155019675286668e-05,0.0005923519856941674,0.0001731867037469116,0.0009378719524045097,0.00752265613332344,0.033606316487719716,True
energy_only,7301,756,5.152814325449839e-05,-0.0,5.152814325449839e-05,0.0005922056130194903,0.00017219214047190464,0.0009377381733676876,0.0075202688255402,0.03359740017494308,True
energy_only,7301,757,5.150620718497786e-05,-0.0,5.150620718497786e-05,0.0005920599932197207,0.0001712192102294474,0.0009376050618364285,0.00751789357609695,0.033588528810973184,True
energy_only,7301,758,5.148438584802924e-05,-0.0,5.148438584802924e-05,0.0005919151087989535,0.00017026792802332771,0.0009374726018134471,0.007515530097702474,0.03357970132389795,True
energy_only,7301,759,5.146267654394465e-05,-0.0,5.146267654394465e-05,0.0005917709422897344,0.00016933830852349416,0.0009373407772617282,0.0075131781024564215,0.033570916639470524,True
energy_only,7301,760,5.1441076569497e-05,-0.0,5.1441076569497e-05,0.0005916274762114077,0.0001684303660658292,0.000937209572106519,0.007510837301838925,0.03356217368109804,True
energy_only,7301,761,5.1419583218019516e-05,-0.0,5.1419583218019516e-05,0.0005914846930097998,0.00016754411465192895,0.0009370789702358134,0.007508507406708641,0.033553471369840535,True
energy_only,7301,762,5.1398193779307214e-05,-0.0,5.1398193779307214e-05,0.0005913425750257467,0.00016667956794888633,0.0009369489555006109,0.007506188127302557,0.0335448086244132,True
energy_only,7301,763,5.1376905539652287e-05,-0.0,5.1376905539652287e-05,0.0005912011044990407,0.00016583673928908117,0.0009368195117140637,0.007503879173243261,0.03353618436120001,True
energy_only,7301,764,5.1355715781835725e-05,-0.0,5.1355715781835725e-05,0.000591060263609173,0.00016501564166997385,0.0009366906226497326,0.007501580253546435,0.033527597494258675,True
energy_only,7301,765,5.1334621785113794e-05,-0.0,5.1334621785113794e-05,0.0005909200345149138,0.0001642162877539056,0.0009365622720418057,0.007499291076626522,0.033519046935340704,True
energy_only,7301,766,5.131362082518994e-05,-0.0,5.131362082518994e-05,0.0005907803993964577,0.0001634386898679025,0.0009364344435844967,0.007497011350297485,0.0335105315938874,True
energy_only,7301,767,5.1292710174249624e-05,-0.0,5.1292710174249624e-05,0.0005906413404418043,0.0001626828600034861,0.0009363071209329256,0.007494740781771003,0.03350205037703359,True
energy_only,7301,768,5.127188710093086e-05,-0.0,5.127188710093086e-05,0.0005905028398269873,0.00016194880981648766,0.0009361802877042219,0.007492479077652415,0.03349360218960665,True
energy_only,7301,769,5.1251148870332905e-05,-0.0,5.1251148870332905e-05,0.0005903648796933377,0.00016123655062686925,0.0009360539274783788,0.0074902259439377636,0.03348518593412638,True
energy_only,7301,770,5.123049274399437e-05,-0.0,5.123049274399437e-05,0.0005902274421037564,0.00016054609341854863,0.0009359280237982901,0.0074879810860145855,0.03347680051080786,True
energy_only,7301,771,5.1209915979954026e-05,-0.0,5.1209915979954026e-05,0.0005900905090383263,0.00015987744883923008,0.0009358025601698784,0.007485744208665344,0.033468444817573606,True
energy_only,7301,772,5.118941583265931e-05,-0.0,5.118941583265931e-05,0.0005899540624236607,0.00015923062720024037,0.0009356775200613054,0.007483515016074207,0.03346011775006637,True
energy_only,7301,773,5.116898955307908e-05,-0.0,5.116898955307908e-05,0.0005898180841405054,0.0001586056384763691,0.0009355528869021805,0.007481293211831719,0.03345181820165537,True
energy_only,7301,774,5.114863438861468e-05,-0.0,5.114863438861468e-05,0.0005896825560640728,0.00015800249230571548,0.0009354286440840209,0.0074790784989387194,0.03344354506345349,True
energy_only,7301,775,5.11283475831794e-05,-0.0,5.11283475831794e-05,0.0005895474600594288,0.00015742119798953978,0.0009353047749601931,0.007476870579806696,0.033435297224317775,True
energy_only,7301,776,5.110812637715295e-05,-0.0,5.110812637715295e-05,0.0005894127779820373,0.00015686176449211954,0.0009351812628465525,0.007474669156258944,0.033427073570859875,True
energy_only,7301,777,5.1087968007443795e-05,-0.0,5.1087968007443795e-05,0.000589278491662357,0.000156324200440611,0.0009350580910223819,0.0074724739295278335,0.03341887298744749,True
energy_only,7301,778,5.10678697074615e-05,-0.0,5.10678697074615e-05,0.0005891445828774779,0.00015580851412491707,0.0009349352427303379,0.007470284600257626,0.03341069435621264,True
energy_only,7301,779,5.104782870715216e-05,-0.0,5.104782870715216e-05,0.0005890110333474896,0.0001553147134975587,0.0009348127011773116,0.007468100868505982,0.03340253655706558,True
energy_only,7301,780,5.102784223299824e-05,-0.0,5.102784223299824e-05,0.0005888778247322789,0.00015484280617355237,0.0009346904495334033,0.007465922433749021,0.03339439846769973,True
energy_only,7301,781,5.1007907508061965e-05,-0.0,5.1007907508061965e-05,0.0005887449386484016,0.00015439279943029263,0.0009345684709325361,0.007463748994887454,0.033386278963617455,True
energy_only,7301,782,5.098802175198014e-05,-0.0,5.098802175198014e-05,0.0005886123566786364,0.00015396470020744035,0.000934446748471535,0.0074615802502494225,0.03337817691812915,True
energy_only,7301,783,5.096818218100635e-05,-0.0,5.096818218100635e-05,0.0005884800603901938,0.00015355851510681515,0.0009343252652109717,0.007459415897596399,0.033370091202380756,True
energy_only,7301,784,5.094838600800293e-05,-0.0,5.094838600800293e-05,0.0005883480313362601,0.00015317425039229355,0.0009342040041747883,0.0074572556341244945,0.03336202068535385,True
energy_only,7301,785,5.092863044251319e-05,-0.0,5.092863044251319e-05,0.0005882162510448962,0.000152811911989713,0.000934082948351548,0.007455099156464312,0.03335396423387853,True
energy_only,7301,786,5.090891269072704e-05,-0.0,5.090891269072704e-05,0.0005880847010108809,0.00015247150548677976,0.0009339620806944605,0.0074529461606864834,0.03334592071265108,True
energy_only,7301,787,5.088922995558032e-05,-0.0,5.088922995558032e-05,0.0005879533626837454,0.0001521530361329834,0.0009338413841218546,0.007450796342300942,0.03333788898423667,True
energy_only,7301,788,5.086957943672543e-05,-0.0,5.086957943672543e-05,0.0005878222174627237,0.00015185650883951522,0.0009337208415171622,0.007448649396263579,0.03332986790909014,True
energy_only,7301,789,5.084995833058577e-05,-0.0,5.084995833058577e-05,0.0005876912467054475,0.00015158192817919285,0.0009336004357291626,0.0074465050169813295,0.03332185634557451,True
energy_only,7301,790,5.083036383038534e-05,-0.0,5.083036383038534e-05,0.0005875604317246665,0.0001513292983863896,0.0009334801495718811,0.007444362898316026,0.03331385314997201,True
energy_only,7301,791,5.081079312619865e-05,-0.0,5.081079312619865e-05,0.0005874297538083365,0.0001510986233569698,0.0009333599658244994,0.0074422227335914975,0.03330585717650537,True
energy_only,7301,792,5.0791243404971074e-05,-0.0,5.0791243404971074e-05,0.000587299194228117,0.0001508899066482275,0.0009332398672316457,0.007440084215597399,0.033297867277352955,True
energy_only,7301,793,5.07717118505682e-05,-0.0,5.07717118505682e-05,0.0005871687342257964,0.00015070315147883243,0.0009331198365040632,0.007437947036591803,0.03328988230266401,True
energy_only,7301,794,5.075219564379732e-05,-0.0,5.075219564379732e-05,0.0005870383550267981,0.00015053836072878072,0.0009329998563186151,0.007435810888305667,0.03328190110057274,True
energy_only,7301,795,5.0732691962486836e-05,-0.0,5.0732691962486836e-05,0.0005869080378099233,0.00015039553693934918,0.0009328799093191174,0.007433675461947058,0.03327392251722044,True
energy_only,7301,796,5.071319798149245e-05,-0.0,5.071319798149245e-05,0.0005867777637244466,0.0001502746823130576,0.0009327599781163218,0.007431540448204157,0.03326594539676474,True
energy_only,7301,797,5.069371087276072e-05,-0.0,5.069371087276072e-05,0.0005866475138736266,0.00015017579871363365,0.0009326400452883834,0.007429405537252157,0.033257968581406214,True
energy_only,7301,798,5.067422780538329e-05,-0.0,5.067422780538329e-05,0.0005865172693167824,0.0001500988876659848,0.0009325200933808374,0.007427270418759335,0.03324999091140725,True
energy_only,7301,799,5.0654745945642346e-05,-0.0,5.0654745945642346e-05,0.0005863870110919716,0.0001500439503561747,0.0009324001049065726,0.007425134781892754,0.03324201122510954,True
energy_only,7301,800,5.0635262457048355e-05,-0.0,5.0635262457048355e-05,0.0005862567202078305,0.00015001098763140446,0.0009322800623463193,0.007422998315323828,0.03323402835895685,True
energy_gradient,7301,1,1.3305354888173113,1.1711379416387961,2.5016734304561075,2.9056100052007805,0.003,0.10353965455303028,0.33121084294610054,2.1439193197206343,True
energy_gradient,7301,2,1.2402237821899418,1.1707934007969523,2.4110171829868943,2.480432797719055,0.0029999890123685955,0.09942291016801323,0.33115608141733754,2.099814328418271,True
energy_gradient,7301,3,1.1649341511903917,1.170436497727149,2.3353706489175408,2.0734554084628356,0.0029999560496438253,0.09578042884221155,0.3310917170971605,2.0607404711041877,True
energy_gradient,7301,4,1.103568489822123,1.1700182887436024,2.2735867785657256,1.6754860725581011,0.0029999011123340146,0.0926308289155485,0.3310123448527542,2.026879484475814,True
energy_gradient,7301,5,1.0554051760996768,1.1695034649846523,2.224908641084329,1.279828956412405,0.002999824201286366,0.0900051620503304,0.3309124594864209,1.9985454776922225,True
energy_gradient,7301,6,1.0200216103710753,1.168856266422941,2.1888778767940162,0.8817417607830195,0.002999725317686942,0.08794063173886242,0.33078549908643523,1.976114896458569,True
energy_gradient,7301,7,0.997106773698819,1.1680343159280775,2.1651410896268963,0.48113462535819385,0.0029996044630606505,0.08646643892602676,0.33062427553578794,1.9598768203064074,True
energy_gradient,7301,8,0.9861167402599136,1.1669913345701894,2.153108074830103,0.12355770494853377,0.002999461639271219,0.08557394062008224,0.3304229375474371,1.9497206580081232,True
energy_gradient,7301,9,0.9856009899824346,1.1656899244710532,2.151290914453488,0.35791740327254107,0.002999296848521167,0.08516903799713081,0.33018129035204047,1.9446415915837545,True
energy_gradient,7301,10,0.9922220216981683,1.1641296258865559,2.1563516475847244,0.7104641383379177,0.0029991100933517718,0.08504664237091546,0.32990894428943507,1.9424810949142615,True
energy_gradient,7301,11,1.0005414098151189,1.1623736655185368,2.1629150753336557,0.9898616796448176,0.0029989013766430297,0.08496551459219395,0.3296220873673062,1.9407154833541305,True
energy_gradient,7301,12,1.0051232084246875,1.1605276769222412,2.1656508853469285,1.1621901185616943,0.00299867070161361,0.08477003871513832,0.3293343300412795,1.9377267434459364,True
energy_gradient,7301,13,1.003123855152742,1.1586802664041485,2.1618041215568904,1.2232787671863683,0.0029984180718208068,0.0844254606156587,0.3290513761260418,1.9331618770067927,True
energy_gradient,7301,14,0.9946362051694903,1.1568688162866827,2.151505021456173,1.190310953187049,0.002998143491160484,0.08397384624490736,0.3287709550868539,1.9274626825343963,True
energy_gradient,7301,15,0.9814313766108609,1.1550794203044017,2.1365107969152626,1.0898863688837983,0.0029978469638670155,0.08347823235078958,0.3284846329878691,1.921275421672522,True
energy_gradient,7301,16,0.965636555407639,1.1532588477793917,2.1188954031870306,0.9499049201265143,0.002997528494513219,0.0829856724155974,0.32817973251642824,1.9150624744397882,True
energy_gradient,7301,17,0.9489297119422493,1.151327138124256,2.100256850066505,0.796188391758004,0.0029971880880102857,0.08251068558105136,0.32784072894491456,1.9089300878411737,True
energy_gradient,7301,18,0.9322161152118401,1.1491869008435278,2.081403016055368,0.6525543581508051,0.002996825749607705,0.08203246953387457,0.327450143929298,1.9026014359648444,True
energy_gradient,7301,19,0.9156034604347345,1.146729538505225,2.0623329989399597,0.5423474799997613,0.0029964414848931836,0.08150030956017341,0.32698975464923646,1.8954781374125105,True
energy_gradient,7301,20,0.898531124441574,1.1438435545815606,2.0423746790231347,0.4862147850606328,0.002996035299792558,0.08084183166933993,0.3264416886722599,1.886731765699932,True
energy_gradient,7301,21,0.8799585666756757,1.1404221524931937,2.0203807191688696,0.4904417220188291,0.002995607200569706,0.07996985637311023,0.325789588511106,1.8753806446992285,True
energy_gradient,7301,22,0.8585401582574161,1.1363713444689907,1.9949115027264068,0.5399841152264501,0.0029951571938264467,0.0787870779395855,0.32502130517999933,1.8603482341635522,True
energy_gradient,7301,23,0.832770031033395,1.131627793067701,1.964397824101096,0.6130371925394721,0.0029946852865024402,0.07718928325349342,0.3241348292385096,1.8405160857104408,True
energy_gradient,7301,24,0.801114816257499,1.1261968659910484,1.9273116822485474,0.6946083942551816,0.002994191485875082,0.07506954214193873,0.3231504664407543,1.8148067545626745,True
energy_gradient,7301,25,0.7621761003329248,1.1202289971541237,1.8824050974870485,0.7770686464505708,0.002993675799559388,0.07232822335497624,0.32213464926180935,1.7823653818021605,True
energy_gradient,7301,26,0.7149502993833597,1.1141663791157814,1.8291166784991413,0.8569326938712961,0.00299313823550788,0.06889875889534107,0.321244658682073,1.7429749328962443,True
energy_gradient,7301,27,0.6592926668853242,1.1090148205639259,1.76830748744925,0.9344582805164896,0.0029925788020104594,0.06481042221741784,0.32080603573549354,1.6979689852293494,True
energy_gradient,7301,28,0.5967410233301533,1.1068109108449329,1.7035519341750862,1.0234415915567552,0.002991997507694284,0.06031918210240506,0.32140786338654226,1.651927064622431,True
energy_gradient,7301,29,0.531668164282785,1.1111971075032947,1.6428652717860797,1.1831666923949333,0.00299139436152363,0.05598697458600181,0.32374868130084217,1.613037278717261,True
energy_gradient,7301,30,0.470367161687145,1.1264628124107798,1.5968299740979248,1.5063232558635113,0.002990769372799759,0.05192968884892602,0.32722914749076454,1.5806563269894216,True
energy_gradient,7301,31,0.4106456367771333,1.1487030451724038,1.5593486819495372,1.8090062470893222,0.0029901225511607694,0.047467794189104864,0.32957635884080044,1.540402596733283,True
energy_gradient,7301,32,0.34438592977633004,1.1633675265107204,1.5077534562870505,1.7056235832026847,0.0029894539065814505,0.043309917258071866,0.32972974336796296,1.4965115703190648,True
energy_gradient,7301,33,0.28206754954403596,1.1636039266944067,1.4456714762384426,1.2427091995686026,0.00298876344937313,0.04140445720491971,0.32799380104947334,1.4707314129216953,True
energy_gradient,7301,34,0.2431430309446388,1.1513963576994335,1.3945393886440722,0.9463076090544652,0.002988051190183511,0.041990411336128394,0.32499510541780374,1.4675781361852687,True
energy_gradient,7301,35,0.2304349594320642,1.1308609676627057,1.36129592709477,1.2489380406476873,0.002987317139996513,0.04245874430859475,0.3210562823428363,1.4602205798481758,True
energy_gradient,7301,36,0.22264341553221081,1.104237925005965,1.3268813405381759,1.6235420198188428,0.002986561310132096,0.04069840596206197,0.31612527444765126,1.425966670713355,True
energy_gradient,7301,37,0.20051202884726171,1.0716168282586367,1.2721288571058984,1.7616870233116773,0.0029857837122460934,0.03651841015594716,0.3101073435680394,1.3624810562640794,True
energy_gradient,7301,38,0.16344344810078054,1.0331293435085804,1.196572791609361,1.636027771713239,0.002984984358330025,0.03104879854422948,0.3031118133476695,1.2821662860284657,True
energy_gradient,7301,39,0.12354367760502025,0.9904110136771827,1.113954691282203,1.3374877249603838,0.002984163260710918,0.02636015748542476,0.2955685172038015,1.2084676399648786,True
energy_gradient,7301,40,0.09504471874446076,0.947001895810241,1.0420466145547018,1.1023682684105285,0.002983320432051112,0.024320275070675294,0.28819486680086087,1.1635682606899411,True
energy_gradient,7301,41,0.0838855356566861,0.907619429597962,0.9915049652546482,1.152671013383971,0.0029824558853480698,0.024341805659276645,0.28177184747357753,1.1436499330652394,True
energy_gradient,7301,42,0.0829749078717426,0.8764930788435591,0.9594679867153016,1.2631925343367725,0.0029815696339341694,0.024421970429392943,0.27682712297993595,1.1289945404135602,True
energy_gradient,7301,43,0.08148271399672333,0.8558335455072921,0.9373162595040154,1.151760742987666,0.002980661691476505,0.024171399923412024,0.2734435787036347,1.1157067962334035,True
energy_gradient,7301,44,0.07803381965116782,0.8450378297365266,0.9230716493876945,0.8335777972618977,0.0029797320719766713,0.024654913333995613,0.27122672516196045,1.1139128166290087,True
energy_gradient,7301,45,0.07880073296082607,0.8399483064249256,0.9187490393857516,0.5522123952486145,0.0029787807897705514,0.026561206328342298,0.2695162387941952,1.1288909062154704,False
energy_gradient,7301,46,0.0875917695420717,0.8342258820381203,0.921817651580192,0.5212858201585753,0.002977807859528094,0.029397225279550347,0.2679863264357658,1.1543573117560388,False
energy_gradient,7301,47,0.10264868449657143,0.8250528762059582,0.9277015607025296,0.596756659315945,0.002976813296253087,0.03226094684751189,0.26678067850131726,1.1811365264188147,False
energy_gradient,7301,48,0.11984431737467283,0.8148533381715912,0.934697655546264,0.7235639222534311,0.0029757971152829265,0.03447044177663166,0.26599191030070274,1.202241635535563,False
energy_gradient,7301,49,0.13464708479596615,0.8066691519802778,0.941316236776244,0.8778740969455661,0.00297475933228838,0.035660008306958056,0.2654432464882477,1.2132154115494558,False
energy_gradient,7301,50,0.1431751960616175,0.8012565331644393,0.9444317292260569,0.9828392692132879,0.0029736999632733446,0.03574809166847451,0.2649276294174458,1.212538005103015,False
energy_gradient,7301,51,0.14371427210856424,0.7980300291670072,0.9417443012755714,1.003373132343249,0.0029726190245746016,0.034865307392655406,0.26440865840660205,1.2014891396857783,False
energy_gradient,7301,52,0.13718044658594813,0.796508340969651,0.933688787555599,0.9528470130385386,0.0029715165328615626,0.03327143562514389,0.26397678405505,1.1831248765264237,False
energy_gradient,7301,53,0.12615280770486834,0.7963715704543716,0.9225243781592399,0.8684262023860524,0.002970392505136014,0.0312834621352841,0.2636814467838347,1.1609831226673275,False
energy_gradient,7301,54,0.113413062664747,0.796764169870776,0.9101772325355231,0.7739562218034323,0.002969246958731854,0.02922574969770524,0.2634459844413537,1.1382849454829504,False
energy_gradient,7301,55,0.10109483214088015,0.7962753067204781,0.8973701388613582,0.6518647607272651,0.0029680799113148246,0.027397031111168136,0.2631666021634917,1.1178927820413525,False
energy_gradient,7301,56,0.09075727247061352,0.7940111452971854,0.8847684177677989,0.49001235517601516,0.002966891380882241,0.025975235562410087,0.26283275475991963,1.1016723843015535,True
energy_gradient,7301,57,0.08321983468244648,0.7903128304391227,0.8735326651215691,0.3493405543995203,0.0029656813857627125,0.024887911061205845,0.26250940190655464,1.0890543259283885,True
energy_gradient,7301,58,0.07791204956238902,0.7862002597169317,0.8641123092793208,0.3144962107547131,0.0029644499446158613,0.023888760794510806,0.26226490037376216,1.077624593720323,True
energy_gradient,7301,59,0.07335336371011589,0.7825140416098784,0.8558674053199943,0.3213572339749791,0.002963197076432033,0.02284379641080495,0.2621401878687602,1.066081702016662,True
energy_gradient,7301,60,0.06877627800453809,0.7796137891881587,0.8483900671926968,0.2781351739806305,0.002961922800532004,0.021884427399685404,0.26213977746179773,1.055842187919401,True
energy_gradient,7301,61,0.06479969546420283,0.7774680550213655,0.8422677504855683,0.21125381825920575,0.0029606271365666867,0.021235240391733745,0.26222206865010655,1.0491723077770891,True
energy_gradient,7301,62,0.06232354034511397,0.7757998055200153,0.8381233458651293,0.22546499046738783,0.002959310104516821,0.02093007512528972,0.26230725311645914,1.0461828463105247,True
energy_gradient,7301,63,0.06125858529898962,0.7742355341995326,0.8354941194985223,0.2897157508939683,0.0029579717246926707,0.0207987330970983,0.2623082130351304,1.0447841971336091,True
energy_gradient,7301,64,0.060760259257486425,0.7724520908268909,0.8332123500843773,0.31421432846164854,0.002956612017733708,0.02069353201651398,0.26215594367470335,1.0431838613424114,True
energy_gradient,7301,65,0.06029949928499573,0.7702279705304902,0.8305274698154859,0.3010101967172845,0.002955231004608297,0.020580086165538018,0.26180266377211914,1.0408649972375614,True
energy_gradient,7301,66,0.059873142371133586,0.7673959825298003,0.827269124900934,0.3052594845420791,0.0029538287066133676,0.02043674270179768,0.2612186041318034,1.0375031475480683,True
energy_gradient,7301,67,0.0593973117917668,0.7638135230122433,0.82321083480401,0.3488127982637851,0.0029524051453740903,0.020193398606519575,0.26039379343057045,1.0323189058803888,True
energy_gradient,7301,68,0.05848523530762581,0.7593862867449753,0.8178715220526012,0.39408526761638013,0.0029509603428435403,0.019798358295993947,0.25933453480309765,1.0247803575906231,True
energy_gradient,7301,69,0.05688990100165932,0.7540646613814298,0.8109545623830892,0.4135976487594304,0.0029494943213023597,0.01929442104581851,0.2580460640028896,1.0153606732522016,True
energy_gradient,7301,70,0.05486169530630631,0.7477632237750781,0.8026249190813844,0.41573083350123974,0.0029480071033584146,0.01879365889987406,0.2565133299960978,1.0052086541457317,True
energy_gradient,7301,71,0.05289099312041666,0.7402762967117522,0.7931672898321689,0.4203274550475623,0.002946498711946445,0.01838775874278791,0.25470532083538255,0.9952054874022965,True
energy_gradient,7301,72,0.05122068530248581,0.7313313155069069,0.7825520008093927,0.42248555261216164,0.002944969170327713,0.01811407799787658,0.25261066469374516,0.9857141734328314,True
energy_gradient,7301,73,0.04981583233718853,0.7208100965856138,0.7706259289228024,0.40061316842730926,0.0029434185020896417,0.01798887940503113,0.2502667721516754,0.9770256171682162,True
energy_gradient,7301,74,0.04868798509848507,0.7089152719251711,0.7576032570236562,0.35585058066115133,0.002941846731145454,0.018006846370317405,0.24773793951117717,0.9692847691598039,True
energy_gradient,7301,75,0.047926775977442486,0.6960405145628278,0.7439672905402702,0.31938913027893095,0.0029402538817338026,0.018116776205759477,0.24506074424286722,0.9620599411529186,True
energy_gradient,7301,76,0.047486753861786336,0.6824585342523228,0.7299452881141092,0.31831093654083487,0.002938639978418395,0.018261696453142292,0.2422150204458182,0.9546798749739018,True
energy_gradient,7301,77,0.047249470296094324,0.6681480565796156,0.7153975268757099,0.35116896080950033,0.002937005046087618,0.018444920184273392,0.23914014253323534,0.946989753327863,True
energy_gradient,7301,78,0.04727602166105977,0.6528709331912207,0.7001469548522805,0.4126874410150171,0.00293534910995415,0.018718818406539092,0.2357686253023817,0.9393367794185283,True
energy_gradient,7301,79,0.047769387861606234,0.6363613390204828,0.684130726882089,0.503249770953083,0.0029336721955545743,0.0190963845560076,0.23204901555663052,0.9316982156741686,True
energy_gradient,7301,80,0.04871087463251552,0.6184772230614979,0.6671880976940134,0.6128182412841179,0.0029319743287489863,0.0194860345236253,0.2279511427966528,0.9230020511304637,True
energy_gradient,7301,81,0.0496173119975037,0.599252507505875,0.6488698195033787,0.7224385765153193,0.0029302555357205917,0.01971562003656927,0.2234526761054424,0.9113410991064994,True
energy_gradient,7301,82,0.04970977773479099,0.5788208403832901,0.6285306181180811,0.8172380317648402,0.002928515842975305,0.01960080870222149,0.2185103633516267,0.8946125191438626,True
energy_gradient,7301,83,0.04827897900531051,0.5572354496093989,0.6055144286147094,0.8896926346343513,0.002926755277341342,0.018995116163853465,0.2130418251922771,0.8709946422354884,True
energy_gradient,7301,84,0.04493771193040893,0.5343354574104876,0.5792731693408966,0.9343882211277702,0.002924973865968801,0.017821753622694857,0.20694491491017894,0.8393475713476128,True
energy_gradient,7301,85,0.03975172436264643,0.509798576242703,0.5495503006053494,0.9472550291239571,0.0029231716363292497,0.016095912367711903,0.2001241576962059,0.7995339344895123,True
energy_gradient,7301,86,0.03327571897191416,0.4832592083828916,0.5165349273548058,0.9317216833501094,0.002921348616215299,0.013915715479331294,0.19244617622673343,0.7521824991721654,True
energy_gradient,7301,87,0.02637537743999475,0.45420257221740434,0.4805779496573991,0.8999777751651957,0.0029195048337401735,0.011435717469714618,0.18362368479841515,0.6980414710646841,True
energy_gradient,7301,88,0.019924694191651805,0.4216883588616827,0.44161305305333454,0.861568667926786,0.0029176403173372806,0.00893950335145511,0.17319311658120426,0.6386830790681238,True
energy_gradient,7301,89,0.014724237513066122,0.3845163927725925,0.3992406302856586,0.815613541885557,0.002915755095759769,0.007119458512769778,0.16072734894574447,0.5801565220555689,True
energy_gradient,7301,90,0.011579112796013813,0.3421449140890367,0.3537240268850505,0.7694465218402264,0.002913849198080088,0.007046160096426633,0.1460552533860916,0.533350015647843,True
energy_gradient,7301,91,0.011070916325241573,0.29530551204006766,0.30637642836530926,0.7517405139895973,0.0029119226536895373,0.008778127557878868,0.1291887568117049,0.49892548277120735,True
energy_gradient,7301,92,0.013332775258216908,0.24548294563108605,0.25881572088930294,0.767997764053458,0.002909975492297815,0.011357602080357106,0.11056004595779101,0.46801758878903066,True
energy_gradient,7301,93,0.018196702853535317,0.19529164453526016,0.21348834738879546,0.820724526402721,0.0029080077439325586,0.013739871726912023,0.09161201905181389,0.4340035080730059,True
energy_gradient,7301,94,0.02395410525859357,0.14903751504802432,0.17299162030661788,0.9046489000652006,0.002906019438938881,0.015057068014686335,0.07481213718472558,0.3953615670022259,True
energy_gradient,7301,95,0.027374425348821264,0.11067777481811439,0.13805220016693565,0.9424435635802136,0.0029040106079789066,0.015433829914794873,0.06404364137056279,0.36560306696344236,True
energy_gradient,7301,96,0.028253724701550617,0.08123070078853219,0.1094844254900828,0.9902681839570269,0.0029019812820312925,0.015048952703979008,0.06091349842133325,0.3516769078791038,True
energy_gradient,7301,97,0.02690691004852884,0.05918154455492482,0.08608845460345366,0.9370363241265192,0.0028999314923907555,0.012739187192008256,0.06400791893060215,0.336734231264867,True
energy_gradient,7301,98,0.01959441413568793,0.04678788486536589,0.06638229900105383,0.7822432025366188,0.002897861270667588,0.010681741792606645,0.06347936761026371,0.31311952541154564,True
energy_gradient,7301,99,0.014140990059667966,0.03588240358580568,0.050023393645473646,0.57168076769164,0.002895770648787169,0.008418385932758173,0.0598482029887795,0.27757492049473736,True
energy_gradient,7301,100,0.009224568345179148,0.0269896818145421,0.03621425015972125,0.3974203884204281,0.0028936596589894756,0.006639680568284561,0.05266427873652318,0.23605792327355152,True
energy_gradient,7301,101,0.006042526735807708,0.018763045361318245,0.02480557209712595,0.3122702864938158,0.002891528333828581,0.00567015629242919,0.041077102348706006,0.18936399624987854,True
energy_gradient,7301,102,0.004259971829276893,0.01160590229831476,0.015865874127591655,0.3936988139342727,0.0028893767061721554,0.00474324840460757,0.035956944479255355,0.16341098193617445,True
energy_gradient,7301,103,0.0027051354763675058,0.006844030259299679,0.009549165735667185,0.4961781420568754,0.00288720480920096,0.004177930615491869,0.01931631141257864,0.10517870422142467,True
energy_gradient,7301,104,0.0018806744685024848,0.005388509761911539,0.0072691842304140235,0.9350621695423229,0.002885012676408332,0.005793168744831232,0.03883814232626412,0.18365346542158095,False
energy_gradient,7301,105,0.0035888244712537934,0.007898008051671386,0.01148683252292518,1.5833470454702279,0.0028828003415996705,0.0036563646373090576,0.032055319387852325,0.13957309570290738,False
energy_gradient,7301,106,0.0022853362782190466,0.017993401664914473,0.02027873794313352,2.1069568884136283,0.0028805678388919165,0.006886254739856272,0.03734909173442836,0.19064775755570512,False
energy_gradient,7301,107,0.005257674005893954,0.011458764478419673,0.016716438484313628,1.517482744242779,0.002878315202713022,0.005028278922218895,0.02643002806136466,0.1365681978772041,False
energy_gradient,7301,108,0.0033234338301505887,0.010342609205448772,0.01366604303559936,0.34295174084430274,0.002876042467801424,0.00396353373876423,0.03257533520744546,0.14448236902142778,False
energy_gradient,7301,109,0.0032159940276297234,0.017653354475682947,0.020869348503312672,1.4531627924812618,0.002873749669205507,0.00661243803830029,0.03688879138894536,0.18628173446087787,False
energy_gradient,7301,110,0.005447656926484232,0.012169832220224538,0.01761748914670877,1.2881610378910282,0.0028714368422830612,0.004344319623287879,0.024409416244532193,0.12293072585811193,False
energy_gradient,7301,111,0.0026895458326213696,0.007787849607313491,0.01047739543993486,0.2517124289672729,0.002869104022700739,0.002976305393857717,0.02440721427981878,0.10832459801633781,False
energy_gradient,7301,112,0.0015408525681744,0.009336230916388858,0.010877083484563259,1.185155267534823,0.0028667512464335032,0.004927951080132662,0.0299713148886243,0.14660602913729903,False
energy_gradient,7301,113,0.0028170273497763825,0.0056607543142634205,0.008477781664039803,1.2452139061028817,0.0028643785497640757,0.0029093464062012494,0.015782828260185833,0.08055654998178677,True
energy_gradient,7301,114,0.0010125539286938725,0.002960227454452662,0.003972781383146534,0.48032578693381484,0.0028619859692823736,0.0030870586760864925,0.01647302802473604,0.0846181243409691,False
energy_gradient,7301,115,0.0010616015546943613,0.0031530730125242227,0.0042146745672185845,0.6517047442532874,0.0028595735418849477,0.0031387651550317383,0.030156245938723257,0.12809223659094296,False
energy_gradient,7301,116,0.001257587933046977,0.006446626222922628,0.0077042141559696044,1.3678033545916062,0.0028571413047744137,0.004243723139349651,0.02665588567003686,0.12890403210776352,False
energy_gradient,7301,117,0.001912515625728306,0.007899538973117936,0.009812054598846242,1.5638323052492336,0.002854689295458875,0.002537940610186068,0.02628991476402164,0.10955220563089335,False
energy_gradient,7301,118,0.0008211786585188773,0.006320114156737076,0.0071412928152559535,1.0283130247259247,0.00285221755175135,0.0029074999220404336,0.01915178803464086,0.09110479246772872,False
energy_gradient,7301,119,0.0008440149940585516,0.004373767047417852,0.005217782041476404,0.190807532482704,0.0028497261117691832,0.0035695823268191034,0.019568649574543455,0.09947806128813798,False
energy_gradient,7301,120,0.001267418204685182,0.004671417336116702,0.005938835540801884,0.7402922221444566,0.002847215013933462,0.0015935708101972553,0.027274949928679727,0.1025639632835427,False
energy_gradient,7301,121,0.0003545040350110966,0.006509899112812403,0.0068644031478235,1.2248232265668368,0.0028446842969684217,0.003450966060223034,0.01887447288585139,0.0960346746129323,False
energy_gradient,7301,122,0.001239448313541268,0.004188814119484016,0.005428262433025285,1.0834401748630336,0.002842133999900848,0.001676273966626339,0.015288049600470775,0.06584535543963205,True
energy_gradient,7301,123,0.0003090094744651658,0.0017484426861630916,0.0020574521606282576,0.3562662547584588,0.0028395641620594762,0.0012975086043396046,0.016514589291838157,0.06565071505526773,True
energy_gradient,7301,124,0.00021990617631997792,0.0015011031665738816,0.0017210093428938595,0.5646144739291041,0.002836974823074385,0.0019146745094000353,0.011677516958894959,0.057063798828530576,True
energy_gradient,7301,125,0.0004575032754643189,0.0020762240326860216,0.0025337273081503407,0.8691718664611099,0.0028343660228763857,0.001901179598889248,0.012644740735553238,0.05995382686568159,False
energy_gradient,7301,126,0.0004328268273001859,0.0006774146950714379,0.001110241522371624,0.33359932573766266,0.0028317378016964032,0.002498860320396218,0.014347066243407449,0.07167212933824894,False
energy_gradient,7301,127,0.0006994692015071881,0.0009906613271122456,0.0016901305286194336,0.47513475713766024,0.0028290902000648608,0.0015551894109820767,0.00951675377151807,0.04644942664866064,True
energy_gradient,7301,128,0.0003172572188028831,0.002201512801518219,0.002518770020321102,0.6747629348937544,0.002826423258811049,0.0020244909586711914,0.009871165146582778,0.05256947289968257,False
energy_gradient,7301,129,0.00046180445360183807,0.0010374408239971547,0.0014992452775989928,0.122218741473805,0.002823737019062503,0.0025574104065161627,0.015960348105603046,0.07735760197708288,False
energy_gradient,7301,130,0.0007482654035105791,0.001414805280557831,0.00216307068406841,0.5603150887094781,0.0028210315222443622,0.0014005210849383756,0.007146065409665094,0.03736231960990728,True
energy_gradient,7301,131,0.00032029929504935546,0.0014556539258677793,0.0017759532209171347,0.49912846975234104,0.0028183068100787337,0.001221287232937775,0.006984878682772337,0.0349439458701947,True
energy_gradient,7301,132,0.0002042364048421687,0.000682279000529147,0.0008865154053713157,0.16029896869912938,0.00281556292458405,0.0019627317186605452,0.015212924385920234,0.06866672786306126,False
energy_gradient,7301,133,0.0004341490404824992,0.0009107234271106076,0.0013448724675931068,0.5791177525578598,0.00281279990807442,0.0009245479600641188,0.0043112094620391984,0.02339027340830136,True
energy_gradient,7301,134,0.00010754585643334242,0.00050932704698373,0.0006168729034170725,0.36042231767741134,0.002810017803158976,0.0006873244645663111,0.005531584620371621,0.02468680704855475,False
energy_gradient,7301,135,5.754107549672999e-05,0.0002385774168432747,0.0002961184923400047,0.22037876571207993,0.0028072166527412182,0.000740148020275987,0.015507555302558719,0.056543733037589,False
energy_gradient,7301,136,0.00010039302682497692,0.0007887612228280441,0.000889154249653021,0.5412534285548054,0.0028043965000183507,0.0009401614952503328,0.006982090119468469,0.03193507137370431,False
energy_gradient,7301,137,0.00010972867673356486,0.0004415055160320576,0.0005512341927656224,0.3011128204984206,0.002801557388480617,0.0009042924916379668,0.00814336770344841,0.03519504601178495,False
energy_gradient,7301,138,0.0001285528488027168,0.00047144819859019975,0.0006000010473929166,0.21459764762404399,0.0027986993619106295,0.0008958934635925033,0.015426781512624223,0.05795244663936987,False
energy_gradient,7301,139,0.00019395274387106382,0.0009339138070389217,0.0011278665509099855,0.47574272481991425,0.0027958224643826936,0.0011783242512324458,0.00858765854638401,0.03951314463680088,False
energy_gradient,7301,140,0.000187234691603361,0.0006067892968545008,0.0007940239884578618,0.27544217031329,0.002792926740262127,0.0010104793956381985,0.008927550893121115,0.03878812619186631,False
energy_gradient,7301,141,0.0001405369526317872,0.00048518040334325044,0.0006257173559750377,0.17454411634567002,0.002790012234204579,0.0005571061817941505,0.01447985602289099,0.05136659441004293,False
energy_gradient,7301,142,9.805769838666526e-05,0.0007392193258369677,0.000837277024223633,0.4100829781767039,0.002787078991155338,0.0008742693260466867,0.00697830405049602,0.03122000473035985,False
energy_gradient,7301,143,0.00010580689155919501,0.00038152444726706686,0.0004873313388262619,0.2345753556907229,0.00278412705634864,0.0007078049468732332,0.006870878439185927,0.02910654565983206,False
energy_gradient,7301,144,7.207867054519413e-05,0.0002628026776620578,0.0003348813482072519,0.14435565805062844,0.002781156475306972,0.0008041994198716244,0.012494036783195297,0.0477742997604802,False
energy_gradient,7301,145,9.422589677185744e-05,0.0004381936571875018,0.0005324195539593593,0.3448120707501303,0.002778167293840369,0.0006892834301829363,0.0056150566990431985,0.024969552848009474,False
energy_gradient,7301,146,5.6083003826054536e-05,0.0002834082224110221,0.00033949122623707663,0.17702179902366935,0.0027751595580457057,0.0005744965069594258,0.005489586786546856,0.023350984594805828,True
energy_gradient,7301,147,3.7900494097288244e-05,0.00030033351578769235,0.0003382340098849806,0.14383071665997924,0.002772133314305989,0.0010216280905169098,0.0109621491164148,0.04528934858561043,False
energy_gradient,7301,148,0.00011722356824048083,0.0004084811058057344,0.0005257046740462152,0.2841902253588255,0.0027690886092896425,0.0005129021800342655,0.005235078495918688,0.02189530384531498,True
energy_gradient,7301,149,2.5202002451872622e-05,0.00036345387887096945,0.0003886558813228421,0.12018574077179736,0.002766025489949782,0.0005658613938043133,0.004698420801248194,0.020777056883418844,True
energy_gradient,7301,150,3.112353270483724e-05,0.0003919647656262575,0.00042308829833109476,0.16496824433872453,0.0027629440035234986,0.001004423266549717,0.010267868648766243,0.04292788243906472,False
energy_gradient,7301,151,0.00010886146774606188,0.0003642789730712836,0.00047314044081734545,0.23802712991175784,0.002759844197531124,0.0005466400393551428,0.006092544175714847,0.02494509660954488,False
energy_gradient,7301,152,3.0265322510071775e-05,0.00026181327586102555,0.00029207859837109733,0.07029342019480751,0.0027567261197755013,0.00036090455640864886,0.004940208344674163,0.019348244713286465,True
energy_gradient,7301,153,1.490564986679669e-05,0.00027798505220803343,0.0002928907020748301,0.16100181174176306,0.002753589818341247,0.0006323679815401317,0.009807123571858149,0.03751207844250939,False
energy_gradient,7301,154,5.3429750253169025e-05,0.00023540047813600865,0.0002888302283891777,0.20074223931488597,0.0027504353415940094,0.00032448988877937363,0.006931151820547211,0.025204940067532378,False
energy_gradient,7301,155,1.7223852776757603e-05,0.00015756997044190775,0.00017479382321866535,0.04141724937072023,0.0027472627381797217,0.0004992004020570928,0.006230661864237779,0.024872084234478013,False
energy_gradient,7301,156,3.243420383635359e-05,0.0001877127546340898,0.00022014695847044337,0.14017534850117197,0.0027440720570238533,0.0003453298040302301,0.010162748422836885,0.035564399296561085,False
energy_gradient,7301,157,2.909019337495454e-05,0.00022390495296781534,0.0002529951463427699,0.18110521386068199,0.0027408633473306548,0.00036351903112851977,0.0074883338051947865,0.02736925326390978,False
energy_gradient,7301,158,2.522261916685556e-05,0.0001659455141524996,0.00019116813331935515,0.05158278731979501,0.002737636658582399,0.00041573933018133386,0.006926174289256729,0.02616312513910207,False
energy_gradient,7301,159,2.950075185452883e-05,0.00018987851786781082,0.00021937926972233964,0.11066910913118,0.002734392040538618,0.0002225479913375421,0.009929945531794495,0.03352382261660415,False
energy_gradient,7301,160,2.537766491572098e-05,0.0002204245129860805,0.00024580217790180146,0.15894879409709317,0.0027311295432353353,0.0003267478607640764,0.00736853087549552,0.02660103268402331,False
energy_gradient,7301,161,2.0135690166794377e-05,0.0001679145310744127,0.0001880502212412071,0.06632300971303975,0.002727849216984296,0.00030775102026346646,0.00707033838573274,0.025462914110794294,False
energy_gradient,7301,162,1.741895437509645e-05,0.0001592563222139281,0.00017667527658902455,0.07694643981843603,0.0027245511123721888,0.0002649054896400348,0.00925013322174903,0.03184338023188187,False
energy_gradient,7301,163,2.1363233588147084e-05,0.00016874151407077133,0.0001901047476589184,0.13543394209337645,0.0027212352802598663,0.0001865566071360467,0.0065921581942508,0.022669564188319582,False
energy_gradient,7301,164,8.94692026469746e-06,0.0001374964111743865,0.00014644333143908398,0.07457826682749105,0.0027179017717815623,0.00019051208613498358,0.0067863854102843645,0.023321039567112734,False
energy_gradient,7301,165,8.254914531691052e-06,0.00012329633998806925,0.00013155125451976032,0.04460333857587624,0.0027145506383441003,0.00035878567562377234,0.008664608401208399,0.031008545860775494,False
energy_gradient,7301,166,2.119365589139354e-05,0.0001382090015787125,0.00015940265747010606,0.11381203989121634,0.002711181931626104,0.00030845026088962527,0.006242185997464888,0.022872579984392037,False
energy_gradient,7301,167,1.428123457695384e-05,0.00013468005734967186,0.0001489612919266257,0.0779832519304414,0.002707795703577198,0.0003353069010728198,0.006784802556762018,0.024861300591239276,False
energy_gradient,7301,168,1.623173201082427e-05,0.00012483600277497567,0.00014106773478579995,0.024874405113031784,0.0027043920064172087,0.00046805658451604224,0.008136382333083803,0.03051769676807208,False
energy_gradient,7301,169,2.9225339096569477e-05,0.0001344873575527403,0.00016371269664930977,0.09264839492436615,0.0027009708926353554,0.0003233646726007241,0.006079891787978244,0.0225226502461697,False
energy_gradient,7301,170,1.5006824497631037e-05,0.00014221861566439655,0.00015722544016202758,0.07937759611113258,0.0026975324149894455,0.0003476305721252693,0.0070229506151617115,0.025739853363855467,False
energy_gradient,7301,171,1.7315459750569852e-05,0.00012183639547716846,0.0001391518552277383,0.012571789962010466,0.002694076626505058,0.0003995666208165076,0.00792031955892631,0.029109025047972446,False
energy_gradient,7301,172,2.2500644064157463e-05,0.00012430674860981202,0.00014680739267396948,0.07135260315897592,0.0026906035804747266,0.0002708698041686017,0.006169097329358978,0.022242258832353128,False
energy_gradient,7301,173,1.08101854692282e-05,0.00013336596071620002,0.00014417614618542822,0.078258164700604,0.0026871133304571166,0.00027942571199443853,0.007324582338596883,0.025958158261643126,False
energy_gradient,7301,174,1.2966025250738431e-05,0.00011420664006671293,0.00012717266531745135,0.019215504657501114,0.0026836059302762015,0.0002650420302384529,0.007814949230720063,0.027342869226157005,False
energy_gradient,7301,175,1.3352424553195964e-05,0.00011695211015494113,0.0001303045347081371,0.04925302859101862,0.002680081434020431,0.00024718917803467325,0.006552883085517742,0.02319342447972618,False
energy_gradient,7301,176,1.0347048638074585e-05,0.00012682026635078253,0.00013716731498885712,0.07179251693664901,0.002676539896041897,0.00019653333623584685,0.007801261363452524,0.026568818931290636,False
energy_gradient,7301,177,1.0332946339062357e-05,0.00011899412678628444,0.0001293270731253468,0.03613073031632177,0.0026729813709554964,0.0001990366649523742,0.00768947221008595,0.02624486735807929,False
energy_gradient,7301,178,1.0439422286911583e-05,0.00011921165520256749,0.00012965107748947908,0.026369828758421303,0.002669405913638088,0.0002460187782600524,0.006779727893699719,0.023892514081228115,False
energy_gradient,7301,179,1.0908163273839533e-05,0.0001266706564202825,0.00013757881969412203,0.060230826703353946,0.0026658135792276476,0.00019020886140236657,0.00797577497290225,0.027048749569335954,False
energy_gradient,7301,180,1.0673886711805938e-05,0.00012236737638701616,0.0001330412630988221,0.04777496753467917,0.0026622044231224143,0.0001839845051206036,0.007416306017163346,0.025227349696906164,False
energy_gradient,7301,181,9.059031700346545e-06,0.00011657483877486278,0.00012563387047520932,0.007265280226846128,0.002658578500980041,0.0002043093599400758,0.006861886225782667,0.02370511710555928,False
energy_gradient,7301,182,8.858340803606968e-06,0.00011827951639459601,0.00012713785719820298,0.042365662970379164,0.002654935868716732,0.00021985281416661513,0.0078061301770273725,0.026832953301758687,False
energy_gradient,7301,183,1.145917690107126e-05,0.000114718079704046,0.00012617725660511725,0.04832445990392198,0.002651276582506383,0.00019866506971517712,0.006961893142019539,0.02395858965652114,False
energy_gradient,7301,184,8.612986113178288e-06,0.00011104042360375646,0.00011965340971693475,0.01901313747812755,0.002647600698779715,0.00021274747165008474,0.006866685401282019,0.023810221563182913,False
energy_gradient,7301,185,8.969470227731078e-06,0.00011018744887175785,0.00011915691909948892,0.023526407517044247,0.0026439082742234017,0.0002604812478828203,0.007596585638109713,0.026609221768569436,False
energy_gradient,7301,186,1.259519452300373e-05,0.00010931579897140646,0.00012191099349441018,0.04241223945902486,0.0026401993657791975,0.00022515248038422586,0.0066923492888855875,0.02339573815580274,False
energy_gradient,7301,187,9.302262335461168e-06,0.00011015137605302089,0.00011945363838848205,0.029563757254977282,0.0026364740306430586,0.00023891629263743364,0.006940849990484772,0.024322134645980577,False
energy_gradient,7301,188,1.0333203855527672e-05,0.00010711146252393408,0.00011744466637946175,0.006931599220067095,0.0026327323262642613,0.0002686807906036398,0.007373850383794272,0.025998037099091566,False
energy_gradient,7301,189,1.2661487054357592e-05,0.00010674253274329996,0.00011940401979765756,0.03164025824792381,0.0026289743103445158,0.00023098258546048951,0.006623887482425135,0.02324320111476623,False
energy_gradient,7301,190,9.682078995273023e-06,0.00010912543340569731,0.00011880751240097033,0.03303954331081097,0.002625200040837077,0.00023607218957551586,0.007137301909369248,0.024908024591183124,False
energy_gradient,7301,191,1.0598271638111487e-05,0.00010461279362209237,0.00011521106526020385,0.011249909662163583,0.002621409575945849,0.00022736869441474503,0.007220793973367083,0.025077045071678055,False
energy_gradient,7301,192,1.0311308108979628e-05,0.00010398786741435202,0.00011429917552333165,0.017821071228803758,0.00261760297412449,0.00019187716222516897,0.0066647708106748445,0.022954119722956648,False
energy_gradient,7301,193,7.923918462255501e-06,0.00010664698650557187,0.00011457090496782738,0.03020451227336467,0.0026137802940755087,0.00019744998196293586,0.0072832637695545354,0.024953716412224717,False
energy_gradient,7301,194,9.198978829108201e-06,0.00010332723026816418,0.00011252620909727237,0.01989380815351238,0.0026099415947493606,0.00017547007022505139,0.007114295254895955,0.02418912023686181,False
energy_gradient,7301,195,8.074926580352026e-06,0.00010309458822772171,0.00011116951480807374,0.004501965651505122,0.0026060869353435375,0.00016427320107156637,0.006837155607435689,0.023200281435345804,False
energy_gradient,7301,196,7.293308567304147e-06,0.00010474096819255108,0.00011203427675985522,0.021979272967776152,0.0026022163753016566,0.00016646877008494345,0.007371155024587711,0.024898792437716626,False
energy_gradient,7301,197,8.506786754693984e-06,0.0001034765710155512,0.0001119833577702452,0.02368562015154331,0.0025983299743125416,0.0001507110407703226,0.006989735155827537,0.02353416866521593,False
energy_gradient,7301,198,7.312327621871078e-06,0.00010322108823930775,0.00011053341586117883,0.009357449631426,0.0025944277923093035,0.00015210698238968715,0.006981457183366401,0.023523099099515783,False
energy_gradient,7301,199,7.327327058547845e-06,0.00010281050942334333,0.00011013783648189117,0.010352783397560555,0.002590509889468415,0.00015998363877155558,0.0073422975751513105,0.024739062477389606,False
energy_gradient,7301,200,8.234930072792584e-06,0.00010211770404154122,0.00011035263411433381,0.021227859108935678,0.002586576326208786,0.00015848820821285554,0.006880894916928803,0.02327574894820599,False
energy_gradient,7301,201,7.340436006654633e-06,0.00010193340991864437,0.000109273845925299,0.015956165444695653,0.0025826271631908273,0.0001605471879412493,0.007047195657204713,0.02381938381761144,False
energy_gradient,7301,202,7.685640024920942e-06,0.00010027200819493416,0.0001079576482198551,0.003165762452101995,0.0025786624613155186,0.0001693135151613124,0.007156241696379227,0.024254998527536164,False
energy_gradient,7301,203,8.12020819608207e-06,9.960222536590016e-05,0.00010772243356198224,0.013317841127296937,0.0025746822817234666,0.00016481489363269792,0.006774443993611002,0.02300934487131102,False
energy_gradient,7301,204,7.21511967187058e-06,0.00010030360606997085,0.00010751872574184143,0.01703297314431892,0.0025706866857939646,0.0001774486665531076,0.00706692004951704,0.024061626204084134,False
energy_gradient,7301,205,8.0787195766558e-06,9.857313962308121e-05,0.00010665185919973701,0.009878484159184613,0.0025666757351440446,0.00017766784354129745,0.006963032334609175,0.02373808423221125,False
energy_gradient,7301,206,7.87961275982835e-06,9.825088006262033e-05,0.00010613049282244868,0.004131375867183866,0.0025626494916275284,0.0001720285982615045,0.006740269526627909,0.022979127884263446,False
energy_gradient,7301,207,7.305692757489264e-06,9.886772542537133e-05,0.00010617341818286059,0.01333312546594484,0.00255860801733407,0.00018752613012566567,0.007047229330780526,0.024107404235875818,False
energy_gradient,7301,208,8.383743672541826e-06,9.737019385819185e-05,0.00010575393753073367,0.013228910214658314,0.0025545513745882037,0.00017663606810731802,0.00683550966604229,0.02332705281438469,False
energy_gradient,7301,209,7.62048959363765e-06,9.728502841257797e-05,0.00010490551800621561,0.005035031564723508,0.0025504796259483787,0.00017403527388344453,0.006819190513136554,0.023248106707868144,False
energy_gradient,7301,210,7.532983623444239e-06,9.687808363857923e-05,0.00010441106726202348,0.0061849875927492476,0.0025463928342059957,0.00017927126190824116,0.007029445388348151,0.023963523954497426,False
energy_gradient,7301,211,8.128172767555425e-06,9.598528516542442e-05,0.00010411345793297985,0.011984465572729915,0.0025422910623844395,0.00016504553476798605,0.006776831118343956,0.02301929430610828,False
energy_gradient,7301,212,7.2437205728325845e-06,9.622923496042136e-05,0.00010347295553325395,0.009461466596077432,0.002538174373738105,0.00016407862554287437,0.00691383681077321,0.02343874299097464,False
energy_gradient,7301,213,7.454609143987763e-06,9.530817559156581e-05,0.00010276278473555357,0.0022690258298952233,0.002534042831751424,0.00016151247298456977,0.006984258328777559,0.02363225972755735,False
energy_gradient,7301,214,7.503357964734019e-06,9.490804713274396e-05,0.00010241140509747797,0.00709505139494896,0.0025298965001378853,0.00015238580972323307,0.006784431555611754,0.022908033314739874,False
energy_gradient,7301,215,6.891766731173731e-06,9.521946745657887e-05,0.0001021112341877526,0.00976783157301766,0.0025257354428390518,0.00015336560472620429,0.006971943237136137,0.023506687011242325,False
energy_gradient,7301,216,7.277480663406709e-06,9.429800625463172e-05,0.00010157548691803843,0.006883108240067012,0.0025215597240235733,0.00014896918073022299,0.006892672935093889,0.02321110943682527,False
energy_gradient,7301,217,7.0060649171437985e-06,9.405172589134004e-05,0.00010105779080848383,0.0018706191466374617,0.002517369408086201,0.00014724473033467256,0.006806706817028306,0.022923042897841056,False
energy_gradient,7301,218,6.788983826450621e-06,9.392745276749455e-05,0.00010071643659394518,0.006579911651801826,0.00251316455964679,0.0001525608590933925,0.006970376996303354,0.02349318582471449,False
energy_gradient,7301,219,7.23063738325496e-06,9.307306561064342e-05,0.00010030370299389838,0.008288825720908562,0.002508945243549304,0.00014968485650017918,0.006805699762847332,0.02294592453311094,False
energy_gradient,7301,220,6.851756389599949e-06,9.286849319788216e-05,9.972024958748211e-05,0.004617397388018678,0.002504711524860817,0.0001525641296169768,0.006826293733633223,0.0230412520160625,False
energy_gradient,7301,221,6.974594125068264e-06,9.223217502254033e-05,9.92067691476086e-05,0.0019079543221382522,0.002500463468870509,0.0001581018266850277,0.006897378395826884,0.0233233318786291,False
energy_gradient,7301,222,7.256838823124728e-06,9.157378610360373e-05,9.883062492672846e-05,0.006087079812416355,0.002496201141088658,0.0001562591540416283,0.00673988152023575,0.022809621874398785,False
energy_gradient,7301,223,6.906717994678639e-06,9.150789326392309e-05,9.841461125860173e-05,0.006356174247325411,0.002491924607245632,0.00016121345883629736,0.006837607569096996,0.02316904611399631,False
energy_gradient,7301,224,7.214565539259652e-06,9.070637397288424e-05,9.79209395121439e-05,0.0035197963856606687,0.0024876339332908725,0.0001615492116358328,0.006802726852084006,0.023063213361706143,False
energy_gradient,7301,225,7.1592265686743244e-06,9.033319063092235e-05,9.749241719959667e-05,0.0022299775132206645,0.00248332918539188,0.0001591415212261001,0.006709126671058903,0.022743908428602095,False
energy_gradient,7301,226,6.916941341193729e-06,9.022064317720088e-05,9.713758451839461e-05,0.00514405251781531,0.002479010429933192,0.0001636277381172816,0.006820820867165393,0.023142153403957137,False
energy_gradient,7301,227,7.24148321386568e-06,8.948553545576741e-05,9.67270186696331e-05,0.005280044503326099,0.0024746777335153606,0.0001595330389937601,0.006727929986091943,0.022807069967227707,False
energy_gradient,7301,228,6.9459027176252775e-06,8.931345502269794e-05,9.625935774032322e-05,0.002619272090612626,0.0024703311629539243,0.00015833430547022756,0.0067269189089010865,0.02279110567680125,False
energy_gradient,7301,229,6.914062457030616e-06,8.891581224227988e-05,9.58298746993105e-05,0.0021872243683518163,0.002465970785278377,0.0001592436303093763,0.00679045664588945,0.023000118688394886,False
energy_gradient,7301,230,7.068492511916921e-06,8.83714464115739e-05,9.543993892349081e-05,0.004419204927181138,0.0024615966677311385,0.00015384931099589663,0.006688824544923735,0.022623745956810486,False
energy_gradient,7301,231,6.739778345749148e-06,8.827729258285678e-05,9.501707092860593e-05,0.004198939252844146,0.0024572088777665107,0.00015431318836072637,0.006755336505495228,0.022837334943503682,False
energy_gradient,7301,232,6.87620601286091e-06,8.76967062725397e-05,9.457291228540061e-05,0.0021027223855276367,0.002452807483049644,0.00015252193827842167,0.006751194191032982,0.02280522516863309,False
energy_gradient,7301,233,6.824663029284504e-06,8.734568727235601e-05,9.41703503016405e-05,0.002039642476866417,0.002448392551455489,0.00014913518396024426,0.006685865962558231,0.022564156923964435,False
energy_gradient,7301,234,6.6243166869553126e-06,8.717194816780448e-05,9.37962648547598e-05,0.003574211952624646,0.002443964151067753,0.00015011756859174027,0.006758317976788814,0.02280191243791911,False
energy_gradient,7301,235,6.787043831660964e-06,8.661095511387148e-05,9.339799894553244e-05,0.003606404422671649,0.002439522350177847,0.00014730236621514592,0.006697025431023594,0.022579603063540073,False
energy_gradient,7301,236,6.597051007443946e-06,8.638242821547197e-05,9.297947922291591e-05,0.0017411264262852959,0.002435067217283837,0.00014671330626033846,0.00669003214583232,0.02255137977212962,False
energy_gradient,7301,237,6.563210569676706e-06,8.601851326041846e-05,9.258172383009517e-05,0.0017052459766814692,0.0024305988210893826,0.00014793908925669837,0.006727801424475368,0.0226829379821952,False
energy_gradient,7301,238,6.6629645714763424e-06,8.553583875970976e-05,9.21988033311861e-05,0.0031445170377860016,0.002426117230502681,0.00014583888840583658,0.006650080431185287,0.02241672528101199,False
energy_gradient,7301,239,6.468921425787129e-06,8.533026634294023e-05,9.179918776872736e-05,0.0029079114824594266,0.002421622514635403,0.0001475145473337834,0.00668333240755939,0.022538914357275473,False
energy_gradient,7301,240,6.573909891047567e-06,8.481499913180018e-05,9.138890902284774e-05,0.0016953588976231137,0.0024171147428016272,0.00014796537909425413,0.006671779033864547,0.022507484268153327,False
energy_gradient,7301,241,6.563681958472139e-06,8.443172938217067e-05,9.099541134064281e-05,0.0015859877645257865,0.0024125939845167726,0.00014723107561941584,0.006623702294853499,0.022348838008097584,False
energy_gradient,7301,242,6.458972422760309e-06,8.415843019089078e-05,9.06174026136511e-05,0.002503950549039766,0.002408060309496523,0.0001492954152656746,0.006665925599169872,0.022503316800745993,False
energy_gradient,7301,243,6.593901959729743e-06,8.363873420607323e-05,9.023263616580298e-05,0.002574576900336186,0.0024035137876557565,0.00014793750287948423,0.006617109486776833,0.02233569618080203,False
energy_gradient,7301,244,6.474321745431389e-06,8.33675414635772e-05,8.984186320900858e-05,0.0015351965287435858,0.002398954489107464,0.00014779246208136376,0.006611408755820566,0.02231626594694478,False
energy_gradient,7301,245,6.461369644705294e-06,8.299904848493735e-05,8.946041812964265e-05,0.0013876709398287477,0.00239438248416167,0.00014831605840991632,0.006633274725876042,0.022390444119427786,False
energy_gradient,7301,246,6.513319633306063e-06,8.257376628602175e-05,8.908708591932781e-05,0.0022232870551346087,0.0023897978433243456,0.00014591434270390288,0.0065820638106379665,0.022204172047795883,False
energy_gradient,7301,247,6.35846003916007e-06,8.234971968227548e-05,8.870817972143555e-05,0.0021445592457243526,0.0023852006372963243,0.00014586933416283997,0.006606002971777562,0.022278785469263224,False
energy_gradient,7301,248,6.40201410758233e-06,8.192213061101447e-05,8.83241447185968e-05,0.0015340311881584462,0.00238059093697221,0.00014442535589531013,0.006593242650081065,0.022223348258009337,False
energy_gradient,7301,249,6.3439429776898455e-06,8.160322735205839e-05,8.794717032974823e-05,0.0013170898196851225,0.0023759688134392847,0.00014245505057032548,0.0065651173949521,0.02211409656004189,False
energy_gradient,7301,250,6.244271790415909e-06,8.13339269699516e-05,8.757819876036752e-05,0.0018089359293981574,0.00237133433797641,0.00014250721764699369,0.006594183969499692,0.02220583099047091,False
energy_gradient,7301,251,6.299583029511723e-06,8.090905721329323e-05,8.720864024280496e-05,0.00198051560051966,0.0023666875820529316,0.00014043446167600493,0.006559475847336892,0.022074836438209348,False
energy_gradient,7301,252,6.189393919152531e-06,8.064755390092053e-05,8.683694782007307e-05,0.001405747878017329,0.0023620286173275736,0.00013967342791270713,0.006558757140158509,0.0220644603300739,False
energy_gradient,7301,253,6.174617843629521e-06,8.029561032340847e-05,8.6470228167038e-05,0.0012027798914896397,0.002357357515647336,0.00013942588182988853,0.006567213338730809,0.022088344452132716,False
energy_gradient,7301,254,6.187378689550108e-06,7.992221622393451e-05,8.610959491348462e-05,0.001651438024326785,0.0023526743490463846,0.00013789864427008893,0.006532213811970273,0.02196225748693465,False
energy_gradient,7301,255,6.088523732442261e-06,7.966038082708019e-05,8.574890455952245e-05,0.001657636456915597,0.0023479791897449425,0.00013817264861013768,0.006548074751908294,0.022014935129418076,False
energy_gradient,7301,256,6.124618438414128e-06,7.926162858206377e-05,8.53862470204779e-05,0.0014468294294693507,0.002343272110148173,0.00013745859564146868,0.006530616493003275,0.021952550798560545,False
energy_gradient,7301,257,6.077847729140513e-06,7.894820612239913e-05,8.502605385153964e-05,0.001185790076977739,0.0023385531828450682,0.0001367543745983495,0.006510361277956944,0.0218814977385982,False
energy_gradient,7301,258,6.025886831079085e-06,7.864477688351347e-05,8.467066371459255e-05,0.0013813661789164526,0.0023338224806073236,0.0001372667752324693,0.00652305594205634,0.021926787349561352,False
energy_gradient,7301,259,6.060786050595812e-06,7.825610909577453e-05,8.431689514637034e-05,0.0016002842416764597,0.00232908007638822,0.00013635204979481393,0.00649356555833615,0.02182451841047582,False
energy_gradient,7301,260,5.9855447351974145e-06,7.797756447198058e-05,8.396310920717799e-05,0.0013270239916884736,0.002324326043321497,0.00013642620897816053,0.006493083169831048,0.021823796640799746,False
energy_gradient,7301,261,5.98777822674059e-06,7.762393318827459e-05,8.361171141501518e-05,0.0011738116231996872,0.0023195604547202255,0.000136379599896779,0.006490219932222118,0.021814317667104483,False
energy_gradient,7301,262,5.984340091415178e-06,7.727995144709361e-05,8.32642915385088e-05,0.0013301771174068693,0.0023147833840756775,0.0001354551775630043,0.00646478971767927,0.02172468141784245,False
energy_gradient,7301,263,5.919347247253685e-06,7.699948782592615e-05,8.291883507317983e-05,0.0013951699972604282,0.002309994905056191,0.0001356907585468093,0.006474419481322137,0.02175740269847987,False
energy_gradient,7301,264,5.943886965144468e-06,7.662972081015552e-05,8.257360777529999e-05,0.0013502547863448598,0.0023051950915060366,0.00013486688798995076,0.006457764958200809,0.021696367617453787,False
energy_gradient,7301,265,5.896595645550363e-06,7.633333121101081e-05,8.222992685656117e-05,0.0011559890619934395,0.0023003840174442773,0.00013412354508380602,0.006446546488423712,0.021653244040652674,False
energy_gradient,7301,266,5.8618153898676906e-06,7.602735684744583e-05,8.188917223731352e-05,0.0011967157854672111,0.002295561757063626,0.00013386445754430738,0.0064513201547990815,0.02166545341423529,False
energy_gradient,7301,267,5.866762860693304e-06,7.568377225559316e-05,8.155053511628646e-05,0.0013596147163708143,0.0022907283847293037,0.00013259740273752462,0.006429423647235356,0.02158324538455965,False
energy_gradient,7301,268,5.79955679957881e-06,7.541325049454956e-05,8.121280729412836e-05,0.0012434490471626273,0.002285883974977891,0.00013215708769868733,0.006431077603276918,0.02158373464057838,False
energy_gradient,7301,269,5.7931193032568245e-06,7.508359583890331e-05,8.087671514216013e-05,0.0011654040396547993,0.002281028602516179,0.00013144338863318474,0.006424542744833329,0.021555619240818998,False
energy_gradient,7301,270,5.76654533921008e-06,7.477682677616823e-05,8.054337211537831e-05,0.0011810779551779942,0.002276162342220017,0.00013040951877039527,0.006407586379391205,0.02149139624563834,False
energy_gradient,7301,271,5.715005779316549e-06,7.449736049723429e-05,8.021236627655085e-05,0.001219778300068592,0.0022712852691331594,0.00013020345036460196,0.0064118039698862995,0.021502427099627033,False
energy_gradient,7301,272,5.719983905717193e-06,7.416270040855208e-05,7.988268431426928e-05,0.0012581120788320596,0.002266397458466105,0.00012937780262361318,0.006396058660332418,0.021444225126488234,False
energy_gradient,7301,273,5.6749352164334525e-06,7.3879463442392e-05,7.955439865882545e-05,0.0011367694498883882,0.0022614989855949423,0.00012894823801779518,0.0063891628100490655,0.02141800958239975,False
energy_gradient,7301,274,5.654860608294061e-06,7.357343519256746e-05,7.922829580086151e-05,0.0011255448358055509,0.0022565899260601823,0.00012876505820797973,0.006387470454784205,0.021410746040031535,False
energy_gradient,7301,275,5.650176478538358e-06,7.325415633096164e-05,7.89043328095e-05,0.001209517975829178,0.002251670355565595,0.00012805378354081387,0.006369601019955595,0.021347101558329362,False
energy_gradient,7301,276,5.604983617361182e-06,7.297692977341775e-05,7.858191339077893e-05,0.0011682447359320914,0.0022467403499770444,0.00012798515852541648,0.006368949923271184,0.021344326805830902,False
energy_gradient,7301,277,5.603994257695555e-06,7.265700384947088e-05,7.826099810716643e-05,0.0011506007627933384,0.0022417999853213155,0.0001275970676820692,0.00635905180195213,0.021309136165429912,False
energy_gradient,7301,278,5.578994555580859e-06,7.236312266643057e-05,7.794211722201143e-05,0.001118219136902598,0.002236849337784941,0.00012710509821770006,0.006346593460429091,0.02126480590284096,False
energy_gradient,7301,279,5.547415436129241e-06,7.207797708211587e-05,7.762539251824511e-05,0.0011294562734842954,0.002231888483713032,0.00012700695963923405,0.00634574374689556,0.02126109315368149,False
energy_gradient,7301,280,5.545482433773453e-06,7.17649356024711e-05,7.731041803624454e-05,0.0011773368789322275,0.002226917499608094,0.00012637179970530484,0.006330932618639734,0.02120785442869675,False
energy_gradient,7301,281,5.506963113458469e-06,7.149007042795606e-05,7.699703354141453e-05,0.0011162558900790181,0.002221936462128852,0.00012605169178171196,0.0063255567014614,0.02118757480220357,False
energy_gradient,7301,282,5.491886729875196e-06,7.119361055809758e-05,7.668549728797278e-05,0.001103578366667929,0.002216945448089066,0.00012570925896567253,0.006320498773861988,0.021168054416268504,False
energy_gradient,7301,283,5.477098868657154e-06,7.0898841330593e-05,7.637594019925016e-05,0.0011301856021102767,0.002211944534456346,0.00012502051002453716,0.0063070406420359685,0.021118487955750574,False
energy_gradient,7301,284,5.440501561893026e-06,7.062761840942676e-05,7.606811997131979e-05,0.0011164200108651735,0.002206933798350966,0.00012472358321492064,0.006305109930522721,0.02110926283463216,False
energy_gradient,7301,285,5.433046011778524e-06,7.032885840669959e-05,7.57619044184781e-05,0.0011223480043481319,0.0022019133170446768,0.00012410486253888804,0.006295002602825723,0.021070954700305337,False
energy_gradient,7301,286,5.403991925890169e-06,7.00534749113152e-05,7.545746683720537e-05,0.001089105030686329,0.00219688316795951,0.00012352823961362514,0.006286360155654624,0.02103769094813346,False
energy_gradient,7301,287,5.378225146442197e-06,6.97767300666381e-05,7.51549552130803e-05,0.0010869136566587518,0.002191843428666588,0.00012315271002977888,0.006283369152223384,0.02102430100625815,False
energy_gradient,7301,288,5.366815178461369e-06,6.948743563743871e-05,7.485425081590008e-05,0.0011167670470073417,0.002186794176884924,0.00012243940772028552,0.0062710822008829985,0.02097814634295252,False
energy_gradient,7301,289,5.332041708101412e-06,6.922316855985098e-05,7.45552102679524e-05,0.0010841658448495538,0.0021817354904802265,0.0001220170994777558,0.006266266634063438,0.02095853379104619,False
energy_gradient,7301,290,5.316530850979636e-06,6.894137626372676e-05,7.425790711470639e-05,0.0010811882405702084,0.0021766674474636987,0.00012154628457305925,0.006259385432574129,0.020931923981805236,False
energy_gradient,7301,291,5.296136206703727e-06,6.86663017466309e-05,7.396243795333463e-05,0.0010835907476042402,0.002171590125990833,0.0001209667451815619,0.006248732640251504,0.020892322938654256,False
energy_gradient,7301,292,5.266877712276957e-06,6.84018639219526e-05,7.366874163422955e-05,0.0010753921211977874,0.0021665036043602075,0.00012067311956361271,0.00624507589438369,0.02087771872291944,False
energy_gradient,7301,293,5.2562132080222425e-06,6.812049348431304e-05,7.337670669233529e-05,0.0010880299200481754,0.002161407961012278,0.00012016288716416303,0.006234856684188065,0.0208402173979652,False
energy_gradient,7301,294,5.229737043157148e-06,6.78566211769138e-05,7.308635822007095e-05,0.00106457776722345,0.0021563032745281685,0.00011977097260718705,0.006227251443005673,0.02081217839054481,False
energy_gradient,7301,295,5.21027765316247e-06,6.75875029368036e-05,7.279778058996607e-05,0.0010616324435042995,0.0021511896236284596,0.00011948165442846707,0.006222056271270979,0.020792794319854584,False
energy_gradient,7301,296,5.19707318530841e-06,6.731388603313413e-05,7.251095921844255e-05,0.0010753519945527093,0.002146067087171974,0.00011898792720019164,0.00621134356068545,0.0207539210947814,False
energy_gradient,7301,297,5.170083951358997e-06,6.705573844139713e-05,7.222582239275613e-05,0.0010574498059902119,0.0021409357441545605,0.0001186884966336407,0.006206052091385768,0.020734127034597143,False
energy_gradient,7301,298,5.156740654908195e-06,6.678562605961874e-05,7.194236671452693e-05,0.0010592674906902233,0.0021357956737078766,0.00011828020819070587,0.0061981816667360376,0.020705081444949203,False
energy_gradient,7301,299,5.136625528098197e-06,6.652401421570125e-05,7.166063974379944e-05,0.00105434926778505,0.0021306469550981667,0.00011781160776068004,0.006189111497976559,0.02067162878908605,False
energy_gradient,7301,300,5.1130357835462675e-06,6.626759572548161e-05,7.138063150902788e-05,0.001048496100148521,0.002125489667725041,0.00011748711670143623,0.006184306964142103,0.020653094734815358,False
energy_gradient,7301,301,5.099799959504097e-06,6.600248920871989e-05,7.110228916822399e-05,0.0010576865366807493,0.002120323891120251,0.00011697441139251774,0.006174947682252855,0.02061826449222591,False
energy_gradient,7301,302,5.074961447763752e-06,6.575063704598823e-05,7.082559849375198e-05,0.0010421226751985019,0.002115149704946462,0.00011654405213923549,0.006168100427523079,0.020592192905134594,False
energy_gradient,7301,303,5.0563426263303255e-06,6.549424830720385e-05,7.055059093353418e-05,0.0010404594040527742,0.002109967188996026,0.00011613603393627033,0.006162027192637339,0.020568787728231598,False
energy_gradient,7301,304,5.03954294676209e-06,6.523772572158036e-05,7.027726866834245e-05,0.0010454995436824262,0.00210477642318975,0.00011560895034544308,0.006152893611989091,0.020534512035712035,False
energy_gradient,7301,305,5.01502222199578e-06,6.499057446293572e-05,7.000559668493149e-05,0.0010344129014745315,0.0020995774875756643,0.00011522446418610299,0.0061475090167293295,0.020513518153474266,False
energy_gradient,7301,306,4.999983992151474e-06,6.473557900221774e-05,6.97355629943692e-05,0.0010363999755581299,0.002094370462327786,0.00011475603942426127,0.006139832004415934,0.02048443750602353,False
energy_gradient,7301,307,4.979440704676654e-06,6.448774315899713e-05,6.946718386367379e-05,0.0010298732997750721,0.0020891554277448878,0.00011428371516197854,0.006131881958014623,0.020454458774634494,False
energy_gradient,7301,308,4.9583938739601575e-06,6.424206744720364e-05,6.920046132116379e-05,0.0010252087323365988,0.002083932464249253,0.0001139135082224214,0.006126373642350198,0.020433229184537584,False
energy_gradient,7301,309,4.943524593115673e-06,6.399184360950688e-05,6.893536820262256e-05,0.0010303939186289632,0.00207870165238544,0.00011343836297280782,0.006117853610239559,0.020401432383903288,False
energy_gradient,7301,310,4.921326507303175e-06,6.375056131919885e-05,6.867188782650202e-05,0.0010194044985940916,0.0020734630728190388,0.00011304635755489186,0.006111253192606236,0.0203765443954509,False
energy_gradient,7301,311,4.904161676777327e-06,6.350586588263474e-05,6.841002755941207e-05,0.0010181413164409088,0.0020682168063354263,0.00011266466574118201,0.006104664281760307,0.020351802567225397,False
energy_gradient,7301,312,4.887297788069357e-06,6.326249044868716e-05,6.814978823675652e-05,0.0010193718742721278,0.002062962933838522,0.00011222291283531006,0.006096267983552631,0.020320750259798865,False
energy_gradient,7301,313,4.866144338267376e-06,6.302500801055998e-05,6.789115234882735e-05,0.0010120285870069124,0.0020577015363495393,0.00011188469960272696,0.006090364166728196,0.020298621470315935,False
energy_gradient,7301,314,4.851297893795081e-06,6.278280911690716e-05,6.763410701070224e-05,0.001013653441503248,0.0020524326950057356,0.00011148819911630061,0.006082820358443067,0.020270726228883297,False
energy_gradient,7301,315,4.83255361347515e-06,6.254610095895351e-05,6.737865457242867e-05,0.0010080781594097048,0.0020471564910591626,0.00011109514782581176,0.006075323114571322,0.020243013862641566,False
energy_gradient,7301,316,4.814080659808977e-06,6.231071310440658e-05,6.712479376421556e-05,0.0010042717181351383,0.0020418730058754117,0.00011075724830377447,0.006069271176723802,0.02022042378643394,False
energy_gradient,7301,317,4.799227217629144e-06,6.20732835574359e-05,6.687251077506504e-05,0.0010066875702781411,0.0020365823209323617,0.00011034269640808134,0.006061318494852766,0.020191053325049717,False
energy_gradient,7301,318,4.779618991146347e-06,6.184217402325839e-05,6.662179301440474e-05,0.000999138073574444,0.002031284517818918,0.0001099787170982311,0.006054788241574922,0.020166684522174787,False
energy_gradient,7301,319,4.7634233509192054e-06,6.160921558895396e-05,6.637263893987316e-05,0.0009975951267240145,0.002025979678233759,0.00010960678649332298,0.006048200481784219,0.02014205047464461,False
energy_gradient,7301,320,4.7470264850620425e-06,6.137801848388335e-05,6.612504496894539e-05,0.000996784053041858,0.0020206678839840733,0.00010918561882378069,0.006040492979851268,0.020113378505430244,False
energy_gradient,7301,321,4.7278327507610585e-06,6.115116639281433e-05,6.587899914357539e-05,0.000991097422970288,0.002015349216984299,0.00010882364968095222,0.006034404711858885,0.020090417599728676,False
energy_gradient,7301,322,4.7125516282075365e-06,6.0921940077645857e-05,6.563449170585339e-05,0.0009916380951966028,0.0020100237592548613,0.0001084187088397994,0.006027270803976944,0.02006371808352313,False
energy_gradient,7301,323,4.694653878800938e-06,6.069686553007345e-05,6.539151940887439e-05,0.000987232073842266,0.002004691592920906,0.00010801675704946959,0.006020217641023334,0.020037303751332333,False
energy_gradient,7301,324,4.6769886597893855e-06,6.04730896514414e-05,6.515007831123078e-05,0.0009836437768421071,0.0019993528002110335,0.00010765286491321328,0.006014091210754027,0.02001420261412706,False
energy_gradient,7301,325,4.661703847523353e-06,6.024845442432608e-05,6.491015827184943e-05,0.0009841724433382968,0.0019940074634560326,0.00010724290197064192,0.006006705610116221,0.0199866599784967,False
energy_gradient,7301,326,4.643467672580683e-06,6.0028282239181355e-05,6.467174991176203e-05,0.0009786758972277492,0.0019886556650876084,0.00010687299643650811,0.006000216103400907,0.019962355748114575,False
energy_gradient,7301,327,4.627530529342778e-06,5.9807318169760177e-05,6.443484869910295e-05,0.000976910568265717,0.0019832974876371123,0.00010650965625308413,0.005993756866726069,0.019938216534878116,False
energy_gradient,7301,328,4.6117784475894205e-06,5.958767050399605e-05,6.419944895158548e-05,0.0009754578781631548,0.0019779330137342684,0.00010612117976554794,0.005986530651802285,0.019911403169451922,False
energy_gradient,7301,329,4.594296839257132e-06,5.937124445060023e-05,6.396554128985737e-05,0.0009706133044295683,0.0019725623261059016,0.00010577766949954683,0.005980323112710435,0.019888265117334686,False
energy_gradient,7301,330,4.5794333433319896e-06,5.915368407034785e-05,6.373311741367983e-05,0.0009700742739881191,0.001967185507574658,0.00010541298206897389,0.00597347621962906,0.019862895503465042,False
energy_gradient,7301,331,4.563108206107734e-06,5.8939063762462527e-05,6.350217196857026e-05,0.0009667667362144855,0.0019618026410577315,0.00010505053130582826,0.00596660109718519,0.01983746120744174,False
energy_gradient,7301,332,4.5467719554538126e-06,5.872592680885798e-05,6.32726987643118e-05,0.0009634099410322657,0.0019564138095655814,0.00010471781457754595,0.005960412151996451,0.019814496668596564,False
energy_gradient,7301,333,4.53215945123607e-06,5.851252989256037e-05,6.304468934379644e-05,0.0009628770577730945,0.0019510190962006564,0.00010435446794173465,0.005953416913183915,0.01978867602399706,False
energy_gradient,7301,334,4.515663590188696e-06,5.830247234885661e-05,6.28181359390453e-05,0.0009586624004098416,0.001945618584156111,0.0001040113715990475,0.005946910769031402,0.019764605707577102,False
energy_gradient,7301,335,4.5004133142203175e-06,5.8092619494798876e-05,6.259303280901919e-05,0.0009566454706616832,0.00194021235671452,0.00010367455678683345,0.005940556513148981,0.019741078878516626,False
energy_gradient,7301,336,4.48555686891183e-06,5.788381620685593e-05,6.236937307576776e-05,0.0009552394899342285,0.0019348004972466004,0.00010331591858967562,0.005933666630047132,0.01971563896747857,False
energy_gradient,7301,337,4.46941708116384e-06,5.767773123598033e-05,6.214714831714417e-05,0.0009511899202972013,0.001929383089209918,0.00010298346145410061,0.005927448899528747,0.019692586903476857,False
energy_gradient,7301,338,4.454925900169982e-06,5.747142535378739e-05,6.192635125395737e-05,0.000949794632183025,0.0019239602161476082,0.00010263806173100575,0.005920933918731942,0.019668464286466975,False
energy_gradient,7301,339,4.439747061035547e-06,5.726722850248737e-05,6.170697556352292e-05,0.000947172539230964,0.0019185319616870805,0.00010228600990843269,0.005914277021616613,0.019643825508041144,False
energy_gradient,7301,340,4.424241541884167e-06,5.706477264686433e-05,6.148901418874849e-05,0.000943937246072821,0.0019130984095387343,0.00010195499340009509,0.005908156548722441,0.01962109390151433,False
energy_gradient,7301,341,4.410028288409005e-06,5.686243100276481e-05,6.127245929117381e-05,0.0009427404993884305,0.0019076596434946655,0.00010160508055130628,0.005901572066582673,0.01959670510534471,False
energy_gradient,7301,342,4.394708784891023e-06,5.666259498915929e-05,6.105730377405032e-05,0.0009393449166295017,0.0019022157474273746,0.00010126375569801955,0.005895189581021321,0.019573041593385663,False
energy_gradient,7301,343,4.379913930756289e-06,5.646362725270358e-05,6.084354118345987e-05,0.0009368681610627607,0.001896766805288473,0.00010093258800777287,0.005889030104748403,0.01955018602541649,False
energy_gradient,7301,344,4.365707949790441e-06,5.6265456307470546e-05,6.063116425726099e-05,0.0009353819110123348,0.0018913129011073895,0.00010058669427881227,0.005882463837712709,0.019525897258817888,False
energy_gradient,7301,345,4.3505783552730765e-06,5.606958700532787e-05,6.0420165360600945e-05,0.0009319891100696021,0.0018858541189900736,0.00010025898080894872,0.005876287775744315,0.01950302652674603,False
energy_gradient,7301,346,4.336440452990492e-06,5.5874097128036666e-05,6.021053758102716e-05,0.0009300888401381489,0.0018803905431176973,9.993181312544465e-05,0.00587006019751105,0.01948000002001653,False
energy_gradient,7301,347,4.3222510797711e-06,5.5680023017023816e-05,6.0002274096794916e-05,0.000927932855456607,0.001874922257745361,9.959851438729723e-05,0.0058636159422091536,0.019456228398530413,False
energy_gradient,7301,348,4.307628191055437e-06,5.5487739333041273e-05,5.979536752409671e-05,0.000924836794607926,0.001869449347200788,9.928319842384606e-05,0.005857548343242082,0.019433830203602728,False
energy_gradient,7301,349,4.293982535638559e-06,5.529582802027481e-05,5.9589810555913365e-05,0.0009232440057073174,0.0018639718958830306,9.896125564805633e-05,0.0058512620774741056,0.01941067536176739,False
energy_gradient,7301,350,4.2798725898916986e-06,5.510572370692478e-05,5.938559629681648e-05,0.0009206026647408911,0.001858489988261163,9.864164021466063e-05,0.005844986635270168,0.01938757930892508,False
energy_gradient,7301,351,4.265836863702927e-06,5.4916880959774084e-05,5.918271782347701e-05,0.0009179202035907631,0.0018530037088729833,9.833405144937176e-05,0.005838969405251147,0.019365421577601724,False
energy_gradient,7301,352,4.252464596279012e-06,5.4728703261352394e-05,5.89811678576314e-05,0.0009162612350029431,0.0018475131423237056,9.801652963658084e-05,0.005832686365558724,0.01934232403528943,True
energy_gradient,7301,353,4.238503476884299e-06,5.4542435738250434e-05,5.878093921513473e-05,0.0009134179146723365,0.0018420183732846583,9.770636218296834e-05,0.005826566330340589,0.019319816299338544,True
energy_gradient,7301,354,4.22496148761923e-06,5.435706355682911e-05,5.858202504444834e-05,0.0009112015001992604,0.0018365194864919776,9.740112415687026e-05,0.005820555720434063,0.019297704421065046,True
energy_gradient,7301,355,4.211699823964408e-06,5.417271844754606e-05,5.838441827151047e-05,0.0009093310908736717,0.0018310165667452998,9.708796166572423e-05,0.0058143467174620045,0.019274885643375362,True
energy_gradient,7301,356,4.197989695199581e-06,5.3990121958805817e-05,5.81881116540054e-05,0.0009064899316044051,0.0018255096989064558,9.678450258386153e-05,0.005808366305826807,0.019252887477383174,True
energy_gradient,7301,357,4.184853011596089e-06,5.380824519113148e-05,5.799309820272757e-05,0.0009045277155157505,0.001819998967898159,9.648019032277734e-05,0.005802357792223622,0.019230792054525665,True
energy_gradient,7301,358,4.171682122407884e-06,5.362768886172173e-05,5.779937098412961e-05,0.0009023902822806863,0.0018144844587026996,9.617234509253754e-05,0.005796254258513639,0.01920836086384193,True
energy_gradient,7301,359,4.158313984023792e-06,5.3448608922070936e-05,5.760692290609473e-05,0.0008997394723928976,0.0018089662563606304,9.587435384146322e-05,0.005790374199602777,0.01918673584186097,True
energy_gradient,7301,360,4.145501063424788e-06,5.327024583962928e-05,5.741574690305407e-05,0.0008978724615814914,0.0018034444459694584,9.557279213591087e-05,0.005784390650646927,0.0191647480830247,True
energy_gradient,7301,361,4.132476320797162e-06,5.309335973102931e-05,5.722583605182647e-05,0.0008954780650355736,0.0017979191126823296,9.52722056317769e-05,0.0057784086248462135,0.019142775509297077,True
energy_gradient,7301,362,4.119494661612047e-06,5.291768876091118e-05,5.7037183422523226e-05,0.000893042127384249,0.0017923903417067194,9.497937931434792e-05,0.0057725863134513765,0.01912138675237793,True
energy_gradient,7301,363,4.106928279308552e-06,5.274285370473243e-05,5.684978198404099e-05,0.0008911970000146658,0.001786858218303116,9.468256076821627e-05,0.005766638837943133,0.01909956276902772,True
energy_gradient,7301,364,4.094101754581582e-06,5.256952300219609e-05,5.6663624756777666e-05,0.0008887229090217741,0.0017813228277837043,9.439045244173997e-05,0.005760771144695651,0.019078039317968795,True
energy_gradient,7301,365,4.0814998795722825e-06,5.239720499533319e-05,5.647870487490547e-05,0.0008864906715583165,0.001775784255511056,9.41035178084057e-05,0.005754991559589884,0.019056847462418088,True
energy_gradient,7301,366,4.069148008565088e-06,5.222586738969945e-05,5.6295015398264534e-05,0.0008845599364664744,0.0017702425868968048,9.381346706134647e-05,0.005749101474618458,0.019035275729850226,True
energy_gradient,7301,367,4.056582320384448e-06,5.2055967037940734e-05,5.611254935832518e-05,0.0008821059881789657,0.001764697907400338,9.352983583837874e-05,0.0057433281006542955,0.01901413861121436,True
energy_gradient,7301,368,4.044333606922155e-06,5.1886966298678806e-05,5.593129990560096e-05,0.0008800555381322972,0.0017591503025274706,9.324887095644131e-05,0.005737583736410522,0.018993120946695658,True
energy_gradient,7301,369,4.032191349823367e-06,5.1719068832843157e-05,5.5751260182666524e-05,0.0008780260874898507,0.0017535998578291345,9.296643353419955e-05,0.005731773005548628,0.018971879384825543,True
energy_gradient,7301,370,4.01993153139221e-06,5.1552491757684714e-05,5.557242328907692e-05,0.0008756229839552758,0.0017480466589000513,9.269042026578849e-05,0.005726086128986977,0.018951094893789773,True
energy_gradient,7301,371,4.0080005805364814e-06,5.138678180670931e-05,5.539478238724579e-05,0.0008736523425332898,0.0017424907913774193,9.241472518379551e-05,0.005720382305770908,0.01893026063914094,True
energy_gradient,7301,372,3.996065535732274e-06,5.1222265141167795e-05,5.521833067690007e-05,0.0008715418531452744,0.0017369323409395883,9.213895402329436e-05,0.005714656199707215,0.01890935567446979,True
energy_gradient,7301,373,3.984107712615372e-06,5.105895362857263e-05,5.5043061341188e-05,0.0008692488225711021,0.0017313713933047401,9.186874022352392e-05,0.005709043625716908,0.018888866151002843,True
energy_gradient,7301,374,3.972439948417022e-06,5.089652762525833e-05,5.486896757367535e-05,0.0008673166006665547,0.0017258080342295666,9.159759974505509e-05,0.005703393705857104,0.018868249589491504,True
energy_gradient,7301,375,3.960709951747752e-06,5.073533266005439e-05,5.469604261180214e-05,0.0008651427666738438,0.0017202423495079468,9.132765872158618e-05,0.005697757242345383,0.018847688039015553,True
energy_gradient,7301,376,3.949037871814213e-06,5.057524184391848e-05,5.452427971573269e-05,0.0008629539307211708,0.0017146744249696248,9.10620902875545e-05,0.0056922084482407586,0.018827448158554052,True
energy_gradient,7301,377,3.9375956882325815e-06,5.0416076450588386e-05,5.4353672138820966e-05,0.0008610436840778923,0.0017091043464788835,9.079540107879523e-05,0.005686617652973948,0.01880706456569624,True
energy_gradient,7301,378,3.926079615855427e-06,5.025813354657928e-05,5.4184213162434706e-05,0.0008588647978633177,0.0017035321999332251,9.053124712171744e-05,0.005681068901639745,0.018786839914462533,True
energy_gradient,7301,379,3.914686084007281e-06,5.010121002996611e-05,5.4015896113973394e-05,0.0008567617424011902,0.0016979580712620415,9.027060934811019e-05,0.005675582871069659,0.01876684953347492,True
energy_gradient,7301,380,3.9034662460504e-06,4.994524807092622e-05,5.384871431697662e-05,0.0008548294472646412,0.0016923820464252927,9.000924615825761e-05,0.005670058532579426,0.018746731244466255,True
energy_gradient,7301,381,3.892187824719459e-06,4.979047328353133e-05,5.368266110825079e-05,0.0008526629197882969,0.00168680421141218,8.975123126571345e-05,0.005664589403506759,0.018726821872024183,True
energy_gradient,7301,382,3.881067370658955e-06,4.963666250374707e-05,5.351772987440603e-05,0.0008506391113351615,0.0016812246522398186,8.949601272910625e-05,0.005659161513295557,0.018707071702273734,True
energy_gradient,7301,383,3.87007083381514e-06,4.948384317465308e-05,5.335391400846822e-05,0.000848691763079798,0.0016756434549519135,8.92407396260044e-05,0.005653707883567542,0.01868724020899378,True
energy_gradient,7301,384,3.8590432840778446e-06,4.933216362840151e-05,5.319120691247936e-05,0.0008465504451412169,0.0016700607056174314,8.89891370312077e-05,0.0056483145676625626,0.018667637082656924,True
energy_gradient,7301,385,3.848185202091367e-06,4.918141682950485e-05,5.3029602031596216e-05,0.0008445774779268321,0.0016644764903292726,8.87395859786558e-05,0.00564294400081304,0.0186481272105909,True
energy_gradient,7301,386,3.837409488426786e-06,4.903168333928614e-05,5.286909282771293e-05,0.000842625712434305,0.0016588908952029453,8.849048762715209e-05,0.00563755982959783,0.018628579494714175,True
energy_gradient,7301,387,3.826630247114077e-06,4.888304252642967e-05,5.270967277354374e-05,0.0008405389233181055,0.0016533040063752365,8.824503438506426e-05,0.005632236729885079,0.01860926225146046,True
energy_gradient,7301,388,3.816018051675812e-06,4.8735317324208034e-05,5.255133537588385e-05,0.0008386117255794851,0.0016477159100028822,8.800112232495075e-05,0.005626926858620336,0.018590002951205498,True
energy_gradient,7301,389,3.8054622906994053e-06,4.8588611874274524e-05,5.2394074164973926e-05,0.0008366551069404954,0.0016421266922612419,8.775805784259403e-05,0.0056216151130630545,0.018570746816770317,True
energy_gradient,7301,390,3.7949286804470764e-06,4.844295400660469e-05,5.223788268705177e-05,0.0008346143618250442,0.0016365364393429675,8.751832379894219e-05,0.005616359718156514,0.018551702988203897,True
energy_gradient,7301,391,3.7845504347072197e-06,4.829820408092948e-05,5.2082754515636704e-05,0.0008327222822532844,0.001630945237456674,8.727974559416683e-05,0.005611111809310042,0.018532694977264116,True
energy_gradient,7301,392,3.77421301013179e-06,4.815447023915953e-05,5.192868324929132e-05,0.0008307756312209826,0.0016253531728256114,8.704234675425486e-05,0.005605873037528343,0.018513728213983442,True
energy_gradient,7301,393,3.76391875724322e-06,4.801174375092975e-05,5.1775662508172974e-05,0.0008287773193497615,0.0016197603316863338,8.680795470124837e-05,0.005600686014079789,0.018494955865797292,True
energy_gradient,7301,394,3.7537653114287706e-06,4.786992062551103e-05,5.16236859369398e-05,0.0008269018825369858,0.0016141668002873709,8.657448417368108e-05,0.005595503372227448,0.018476207096421934,True
energy_gradient,7301,395,3.7436439558317727e-06,4.772910325013606e-05,5.147274720596783e-05,0.0008249659448302043,0.0016085726648878956,8.634239634220025e-05,0.005590336054802701,0.01845752115350025,True
energy_gradient,7301,396,3.733578994335202e-06,4.75892610168593e-05,5.13228400111945e-05,0.0008230129370863818,0.0016029780117563963,8.611303439144914e-05,0.005585214908784718,0.018439009133863843,True
energy_gradient,7301,397,3.723639764018654e-06,4.7450318307268064e-05,5.117395807128672e-05,0.0008211605967045728,0.0015973829271693455,8.588459378973302e-05,0.005580098531624805,0.018420521905941067,True
energy_gradient,7301,398,3.713731011900661e-06,4.731236411851239e-05,5.102609513041305e-05,0.0008192431315576796,0.0015917874974098684,8.565777238576671e-05,0.005575002325867161,0.018402115232648904,True
energy_gradient,7301,399,3.7038886947850946e-06,4.7175356265959227e-05,5.087924496074432e-05,0.00081732682977272,0.0015861918087664145,8.543348561884133e-05,0.005569946459008517,0.01838386214597347,True
energy_gradient,7301,400,3.694159536352658e-06,4.703924182083547e-05,5.073340135718813e-05,0.0008154948803485455,0.0015805959475314246,8.521020710007971e-05,0.005564895676075799,0.018365635766707807,True
energy_gradient,7301,401,3.6844628485621397e-06,4.690409529119583e-05,5.058855813975797e-05,0.0008136053568913855,0.0015750000000000009,8.498874988876483e-05,0.0055598680905551146,0.018347501591116297,True
energy_gradient,7301,402,3.67483948040458e-06,4.676986967674778e-05,5.044470915715236e-05,0.0008117266746215711,0.0015694040524685774,8.47697255807413e-05,0.005554877205319405,0.01832950850264094,True
energy_gradient,7301,403,3.665320131893586e-06,4.6636528149722706e-05,5.0301848281616295e-05,0.0008099117830799782,0.0015638081912335874,8.45518237711795e-05,0.0055498930404944994,0.018311548474255965,True
energy_gradient,7301,404,3.6558368837347637e-06,4.650413252708303e-05,5.015996941081779e-05,0.0008080455999025416,0.0015582125025901334,8.433581149261618e-05,0.005544932954869314,0.018293684143658156,True
energy_gradient,7301,405,3.646429275913743e-06,4.637263719574107e-05,5.001906647165482e-05,0.0008061993654329177,0.0015526170728306567,8.412207256050698e-05,0.0055400058932107,0.018275947665324265,True
energy_gradient,7301,406,3.6371167942680004e-06,4.624201662112219e-05,4.9879133415390194e-05,0.0008044064310541185,0.0015470219882436059,8.390951348547879e-05,0.005535087625959593,0.018258251365035217,True
energy_gradient,7301,407,3.627843307178579e-06,4.611232091165336e-05,4.974016421883194e-05,0.0008025687496186173,0.0015414273351121064,8.369883346931074e-05,0.005530194410515894,0.018240653701708458,True
energy_gradient,7301,408,3.6186451761714445e-06,4.598350771197279e-05,4.960215288814423e-05,0.0008007512604093219,0.0015358331997126313,8.349025947585098e-05,0.00552533176514698,0.01822317440748472,True
energy_gradient,7301,409,3.6095346863658252e-06,4.585555876831668e-05,4.9465093454682505e-05,0.0007989782784245538,0.001530239668313668,8.328286518988796e-05,0.005520479307970254,0.018205739661813884,True
energy_gradient,7301,410,3.600465194315657e-06,4.572851478140046e-05,4.932897997571612e-05,0.0007971707609016947,0.0015246468271743906,8.3077277924325e-05,0.005515651689448522,0.018188402115694037,True
energy_gradient,7301,411,3.5914690684940195e-06,4.560233746915062e-05,4.919380653764464e-05,0.000795384494350535,0.0015190547625433281,8.287367063336802e-05,0.005510853250881832,0.018171177232904807,True
energy_gradient,7301,412,3.582555302966216e-06,4.54770119497502e-05,4.905956725271642e-05,0.000793634223566649,0.0015134635606570347,8.267127436564652e-05,0.005506067047955935,0.018154003655420026,True
energy_gradient,7301,413,3.5736852379399286e-06,4.535257102171088e-05,4.8926256259650814e-05,0.0007918540114827349,0.00150787330773876,8.24706231313497e-05,0.0055013052306354575,0.018136925194819433,True
energy_gradient,7301,414,3.564886318204514e-06,4.522898140814946e-05,4.879386772635397e-05,0.0007900934560003211,0.00150228408999712,8.227185633348731e-05,0.0054965710566741675,0.01811995355789921,True
energy_gradient,7301,415,3.5561656282698547e-06,4.5106230218950564e-05,4.8662395847220416e-05,0.0007883657448524177,0.001496695993624766,8.207433629804224e-05,0.005491850436699147,0.018103037743148385,True
energy_gradient,7301,416,3.5474907948395407e-06,4.4984344048716235e-05,4.853183484355578e-05,0.0007866145821581219,0.0014911091047970562,8.187852099750815e-05,0.005487153722415845,0.018086215109801653,True
energy_gradient,7301,417,3.538884653738207e-06,4.486329431199964e-05,4.840217896573785e-05,0.0007848793752503731,0.0014855235096707291,8.168454581176534e-05,0.005482483912787475,0.01806949650993185,True
energy_gradient,7301,418,3.530353760895962e-06,4.474306873033263e-05,4.82734224912286e-05,0.0007831726743462731,0.0014799392943825704,8.149186277966304e-05,0.00547782871053653,0.018052837520977336,True
energy_gradient,7301,419,3.521870416455002e-06,4.462368930831477e-05,4.814555972476977e-05,0.0007814486093176776,0.001474356545048088,8.130083927633517e-05,0.0054731962521526855,0.01803626758651588,True
energy_gradient,7301,420,3.5134527510690308e-06,4.4505132248973134e-05,4.801858500004216e-05,0.0007797395211440456,0.0014687753477601831,8.111162449857756e-05,0.0054685898539745936,0.01801979870163378,True
energy_gradient,7301,421,3.5051077805405726e-06,4.438738489752985e-05,4.789249267807042e-05,0.0007780573106648187,0.0014631957885878218,8.092375596365625e-05,0.005463999247168415,0.01800339371892026,True
energy_gradient,7301,422,3.496812061231497e-06,4.427046508618509e-05,4.776727714741659e-05,0.0007763615445028169,0.0014576179535747088,8.073751450638129e-05,0.005459430646828181,0.01798707513126416,True
energy_gradient,7301,423,3.488579433462781e-06,4.415435339203761e-05,4.764293282550039e-05,0.0007746770360969143,0.00145204192873796,8.05530537396267e-05,0.005454887438470116,0.017970855197879637,True
energy_gradient,7301,424,3.4804174365628474e-06,4.403903672090791e-05,4.751945415747076e-05,0.0007730180171772065,0.0014464678000667766,8.036997082988228e-05,0.005450360774418361,0.017954701865893073,True
energy_gradient,7301,425,3.4723059979358133e-06,4.392452961830312e-05,4.7396835616238935e-05,0.0007713505923757688,0.0014408956535211178,8.018846503901328e-05,0.005445855254874043,0.017938631691970925,True
energy_gradient,7301,426,3.4642549791612885e-06,4.3810816724281184e-05,4.727507170344247e-05,0.0007696917049602351,0.0014353255750303771,8.000870325856164e-05,0.0054413747886063474,0.017922658718405243,True
energy_gradient,7301,427,3.456272669594349e-06,4.369788427915274e-05,4.715415694874709e-05,0.0007680557753831721,0.0014297576504920546,7.983033671814975e-05,0.005436911882191751,0.017906755717372217,True
energy_gradient,7301,428,3.448342007611932e-06,4.3585743902198566e-05,4.70340859098105e-05,0.0007664145784530295,0.0014241919657704348,7.965348060236162e-05,0.005432469303515299,0.017890932600564485,True
energy_gradient,7301,429,3.4404689405999512e-06,4.34743842323687e-05,4.6914853172968646e-05,0.0007647797787456808,0.0014186286066952612,7.947830809612663e-05,0.005428051133206207,0.01787520401653656,True
energy_gradient,7301,430,3.4326621926535353e-06,4.336379116015645e-05,4.679645335280998e-05,0.0007631672536076733,0.0014130676590604133,7.930453104400827e-05,0.005423651320780263,0.017859547910632694,True
energy_gradient,7301,431,3.4249077437106944e-06,4.325397334828996e-05,4.667888109200066e-05,0.000761553338001917,0.0014075092086225822,7.913220148444198e-05,0.005419271288529456,0.017843969299726196,True
energy_gradient,7301,432,3.417208315981149e-06,4.3144922745798776e-05,4.6562131061779924e-05,0.0007599431860313559,0.0014019533410999502,7.896149976070755e-05,0.00541491520134749,0.017828483173090028,True
energy_gradient,7301,433,3.4095728965475105e-06,4.303662506529153e-05,4.644619796183904e-05,0.0007583531538881464,0.0013964001421708672,7.87921971619554e-05,0.005410578182607022,0.017813071792673316,True
energy_gradient,7301,434,3.4019904129116033e-06,4.29290861071225e-05,4.6331076520034105e-05,0.0007567654017313434,0.0013908496974725305,7.862428978316328e-05,0.00540626029489377,0.017797735313124816,True
energy_gradient,7301,435,3.394460741850136e-06,4.282230075086878e-05,4.621676149271892e-05,0.0007551803984931152,0.001385302092599664,7.8457960541508e-05,0.005401965695167829,0.017782488726299076,True
energy_gradient,7301,436,3.3869927778589205e-06,4.271625488691612e-05,4.610324766477504e-05,0.000753613566814056,0.0013797574131031963,7.829304635748175e-05,0.005397690925688051,0.01776731944539629,True
energy_gradient,7301,437,3.3795785202738206e-06,4.2610951329018986e-05,4.599052984929281e-05,0.0007520515155366016,0.0013742157444889458,7.812949715370238e-05,0.005393434964545892,0.017752223730417124,True
energy_gradient,7301,438,3.372215507275938e-06,4.250638738053485e-05,4.587860288781079e-05,0.0007504907549261505,0.0013686771722162966,7.796748040367904e-05,0.005389201524912719,0.01773721501630174,True
energy_gradient,7301,439,3.364911827755397e-06,4.2402549822687574e-05,4.576746165044297e-05,0.0007489460211073099,0.0013631417816968856,7.78068910534366e-05,0.005384988379015582,0.01772228519372453,True
energy_gradient,7301,440,3.35766231606828e-06,4.2299438719461926e-05,4.56571010355302e-05,0.000747409174453774,0.0013576096582932817,7.764764434968355e-05,0.005380793781089083,0.017707427881994593,True
energy_gradient,7301,441,3.3504628029837135e-06,4.219705316676721e-05,4.554751596975092e-05,0.0007458734840854571,0.0013520808873176717,7.748988310052894e-05,0.005376620957606862,0.017692654726125454,True
energy_gradient,7301,442,3.3433201354187702e-06,4.2095381272896206e-05,4.5438701408314975e-05,0.000744351078432876,0.0013465555540305434,7.733355599160654e-05,0.005372468883518553,0.017677961963061446,True
energy_gradient,7301,443,3.336231812164798e-06,4.199442052250435e-05,4.5330652334669146e-05,0.0007428384409501975,0.0013410337436393707,7.71785542331251e-05,0.005368335284855153,0.017663341298698513,True
energy_gradient,7301,444,3.3291926146630073e-06,4.18941711458021e-05,4.5223363760465106e-05,0.0007413275700344625,0.001335515541297302,7.702498320798696e-05,0.0053642225775888865,0.017648801436226883,True
energy_gradient,7301,445,3.3222076478472934e-06,4.179462307799537e-05,4.511683072584266e-05,0.0007398278701033769,0.001330001032101842,7.687283909041437e-05,0.00536013083040975,0.017634342550289242,True
energy_gradient,7301,446,3.3152767587793813e-06,4.169577154027971e-05,4.5011048299059095e-05,0.0007383395053285662,0.0013244903010935457,7.672200833765786e-05,0.005356057741075578,0.017619956207369857,True
energy_gradient,7301,447,3.3083945642159326e-06,4.159761701231387e-05,4.49060115765298e-05,0.0007368537249041675,0.0013189834332547011,7.657255400021864e-05,0.005352004834687474,0.01760564786435855,True
energy_gradient,7301,448,3.3015641819639653e-06,4.1500151501008013e-05,4.480171568297198e-05,0.0007353764624993623,0.001313480513508024,7.642450669859728e-05,0.005347972922534784,0.01759142039293155,True
energy_gradient,7301,449,3.294787182416935e-06,4.1403368588803925e-05,4.469815577122086e-05,0.0007339111439670363,0.001307981626715343,7.62777619869749e-05,0.005343959901004203,0.01757726607972456,True
energy_gradient,7301,450,3.288058688719373e-06,4.1307268333410256e-05,4.459532702212963e-05,0.0007324501453280551,0.0013024868576762957,7.613234034404186e-05,0.005339966395141868,0.01756318710396363,True
energy_gradient,7301,451,3.28137978828948e-06,4.12118448563899e-05,4.449322464467938e-05,0.0007309958035285738,0.0012969962911270178,7.598829485731645e-05,0.005335993735084507,0.017549188204639753,True
energy_gradient,7301,452,3.274753107558207e-06,4.111709076832406e-05,4.439184387588227e-05,0.0007295530386679688,0.0012915100117388374,7.584554494434203e-05,0.005332040340122479,0.01753526356332892,True
energy_gradient,7301,453,3.2681749132434867e-06,4.102300506740469e-05,4.4291179980648176e-05,0.0007281161361741637,0.0012860281041169705,7.570407306983553e-05,0.005328105976631168,0.017521412260050294,True
energy_gradient,7301,454,3.2616444754027908e-06,4.0929583776421125e-05,4.419122825182391e-05,0.0007266846048977857,0.0012805506527992126,7.556393760899722e-05,0.005324192045530796,0.01750763931226189,True
energy_gradient,7301,455,3.2551646455462733e-06,4.083681936462256e-05,4.4091984010168834e-05,0.0007252639635196176,0.0012750777422546402,7.542509064840492e-05,0.0053202976558170455,0.017493941413685744,True
energy_gradient,7301,456,3.2487332152504213e-06,4.074470938892605e-05,4.399344260417647e-05,0.0007238509951727379,0.0012696094568823031,7.528748942893369e-05,0.005316422026101972,0.017480315656900693,True
energy_gradient,7301,457,3.2423482173705402e-06,4.065325119269523e-05,4.389559941006577e-05,0.0007224428257040606,0.0012641458810099277,7.515118340397961e-05,0.0053125663463570675,0.017466766302436557,True
energy_gradient,7301,458,3.236012037168997e-06,4.056243779463225e-05,4.3798449831801246e-05,0.0007210440255311346,0.0012586870988926112,7.501615761270925e-05,0.005308730400324411,0.017453292512263456,True
energy_gradient,7301,459,3.2297240110255547e-06,4.0472265289896145e-05,4.37019893009217e-05,0.0007196540905415418,0.0012532331947115282,7.488235707941407e-05,0.005304913108848223,0.017439890314531498,True
energy_gradient,7301,460,3.2234815920854447e-06,4.038273168438474e-05,4.3606213276470183e-05,0.000718269312316077,0.0012477842525726263,7.474981006513914e-05,0.005301115193981125,0.017426562275814288,True
energy_gradient,7301,461,3.217286151526318e-06,4.029383109350149e-05,4.3511117245027805e-05,0.0007168925030181925,0.001242340356505335,7.461852820213724e-05,0.005297337026352109,0.017413309682859746,True
energy_gradient,7301,462,3.2111382740752925e-06,4.020555844647998e-05,4.341669672055528e-05,0.0007155250806386742,0.0012369015904612666,7.448845961342437e-05,0.005293577610463798,0.017400128859311574,True
energy_gradient,7301,463,3.2050355729085327e-06,4.0117911671404895e-05,4.3322947244313426e-05,0.0007141635007351003,0.0012314680383129202,7.435960586045904e-05,0.005289837094921555,0.017387020287987297,True
energy_gradient,7301,464,3.1989781826795322e-06,4.003088620216469e-05,4.322986438484422e-05,0.0007128085718655414,0.0012260397838523927,7.423199151484774e-05,0.005286116124029677,0.017373986252201993,True
energy_gradient,7301,465,3.1929673199953585e-06,3.994447641788525e-05,4.3137443737880605e-05,0.0007114629460779165,0.0012206169107900821,7.410557925541518e-05,0.005282414025488847,0.017361024244762907,True
energy_gradient,7301,466,3.1870013116121667e-06,3.985867961460262e-05,4.3045680926214785e-05,0.0007101243394062039,0.0012151995027534005,7.398034790130262e-05,0.005278730484570047,0.017348133052371244,True
energy_gradient,7301,467,3.1810792500402326e-06,3.977349234961434e-05,4.2954571599654574e-05,0.0007087917011136967,0.00120978764328548,7.38563215261188e-05,0.005275066157146658,0.017335314989318108,True
energy_gradient,7301,468,3.175202345570779e-06,3.96889090893849e-05,4.286411143495568e-05,0.000707467560141212,0.00120438141584389,7.373348328080561e-05,0.005271420816901254,0.01732256916586757,True
energy_gradient,7301,469,3.1693699050457606e-06,3.960492623066424e-05,4.2774296135709996e-05,0.0007061512947940598,0.0011989809037993438,7.361179922631506e-05,0.005267793869652026,0.01730989335596387,True
energy_gradient,7301,470,3.163580447550788e-06,3.952154098469399e-05,4.2685121432244775e-05,0.000704840981934054,0.0011935861904344195,7.349128126718189e-05,0.005264185705424204,0.017297288910103934,True
energy_gradient,7301,471,3.1578346261893895e-06,3.943874845538681e-05,4.2596583081576196e-05,0.0007035382467515669,0.0011881973589422693,7.337193107663327e-05,0.005260596499618838,0.017284756396352324,True
energy_gradient,7301,472,3.1521326153057883e-06,3.9356544251985196e-05,4.250867686729098e-05,0.0007022438464669506,0.001182814492425342,7.325371556083029e-05,0.005257025684348233,0.017272293680154115,True
energy_gradient,7301,473,3.1464729772706113e-06,3.9274925622161164e-05,4.2421398599431774e-05,0.0007009558175863899,0.0011774376738940984,7.313662974927112e-05,0.0052534732860547466,0.017259900791410862,True
energy_gradient,7301,474,3.140855579536908e-06,3.919388853491202e-05,4.2334744114448924e-05,0.0006996744283506511,0.0011720669862657308,7.30206845510099e-05,0.005249939663023614,0.017247578970432016,True
energy_gradient,7301,475,3.135281020658332e-06,3.9113428254444564e-05,4.22487092751029e-05,0.0006984012063663875,0.0011667025123628875,7.290585767018789e-05,0.005246424463725507,0.01723532687658236,True
energy_gradient,7301,476,3.1297483605335414e-06,3.903354160978217e-05,4.2163289970315706e-05,0.000697135084916789,0.0011613443349123911,7.279213022626787e-05,0.0052429274121224305,0.017223143442479986,True
energy_gradient,7301,477,3.1242568165019546e-06,3.8954225298614495e-05,4.207848211511645e-05,0.0006958752226246774,0.001155992536543967,7.267951136321794e-05,0.005239448829293131,0.017211029772886185,True
energy_gradient,7301,478,3.1188068960655783e-06,3.887547475447388e-05,4.199428165053946e-05,0.0006946229198214805,0.001150647199788966,7.256799333215842e-05,0.0052359886716765985,0.0171989856484615,True
energy_gradient,7301,479,3.1133983250751287e-06,3.879728621842949e-05,4.191068454350462e-05,0.0006933781823936013,0.001145308407079094,7.245755206847932e-05,0.005232546542918755,0.01718700956908602,True
energy_gradient,7301,480,3.108030078955808e-06,3.8719656707759895e-05,4.1827686786715705e-05,0.0006921397882330891,0.001139976240745138,7.234818655452733e-05,0.005229122534895785,0.017175101812102047,True
energy_gradient,7301,481,3.102702193475795e-06,3.864258220508918e-05,4.1745284398564975e-05,0.0006909082923014463,0.0011346507830157003,7.223989929209259e-05,0.005225716815801787,0.017163262931809246,True
energy_gradient,7301,482,3.0974148646904503e-06,3.8566058558348156e-05,4.16634734230386e-05,0.0006896844864576683,0.0011293321160159259,7.21326708684687e-05,0.005222329090372565,0.01715149179483663,True
energy_gradient,7301,483,3.092167284305269e-06,3.849008264525469e-05,4.158224992955996e-05,0.0006884674534739294,0.0011240203217662398,7.202648908266439e-05,0.005218959216378523,0.017139787824823227,True
energy_gradient,7301,484,3.086958978031366e-06,3.84146510349111e-05,4.150161001294247e-05,0.0006872568336064473,0.001118715482181081,7.192135787537063e-05,0.0052156073915817,0.017128151684174843,True
energy_gradient,7301,485,3.081790212346012e-06,3.8339759580890495e-05,4.1421549793236506e-05,0.0006860535233815946,0.0011134176790676374,7.181726747469256e-05,0.005212273521058498,0.017116582970845597,True
energy_gradient,7301,486,3.0766606279200613e-06,3.826540478771996e-05,4.134206541564002e-05,0.0006848573847796216,0.0011081269941245874,7.171419979327297e-05,0.005208957335466935,0.017105080646922715,True
energy_gradient,7301,487,3.071569489137812e-06,3.819158356123363e-05,4.126315305037144e-05,0.0006836676411169036,0.0011028435089408368,7.161215246065313e-05,0.0052056589021729155,0.017093644898426325,True
energy_gradient,7301,488,3.0665167810901887e-06,3.811829211148174e-05,4.118480889257193e-05,0.000682484697265291,0.0010975673049942642,7.151112374895458e-05,0.005202378303585376,0.01708227596542191,True
energy_gradient,7301,489,3.0615025196677006e-06,3.804552664251061e-05,4.110702916217831e-05,0.0006813089998669519,0.0010922984636504605,7.141109769754154e-05,0.005199115319396252,0.017070972986505138,True
energy_gradient,7301,490,3.0565260743894346e-06,3.797328402942604e-05,4.1029810103815474e-05,0.0006801399288413302,0.0010870370661614779,7.131206355397924e-05,0.005195869837763615,0.01705973549609558,True
energy_gradient,7301,491,3.0515870542194027e-06,3.7901560932446185e-05,4.0953147986665584e-05,0.0006789772778379162,0.001081783193664573,7.121402103288022e-05,0.005192641967813028,0.017048563833459013,True
energy_gradient,7301,492,3.0466855447669833e-06,3.7830353559611854e-05,4.0877039104378835e-05,0.0006778216332949123,0.0010765369271809606,7.11169611326689e-05,0.00518943163514364,0.01703745766914722,True
energy_gradient,7301,493,3.0418212358862738e-06,3.7759658539042276e-05,4.080147977492855e-05,0.0006766729064677999,0.0010712983476145596,7.102086904362624e-05,0.0051862386433128025,0.017026416228900675,True
energy_gradient,7301,494,3.0369935549702157e-06,3.7689472785521275e-05,4.072646634049149e-05,0.0006755305568310998,0.0010660675357507463,7.092573998690633e-05,0.005183063006733549,0.017015439506931976,True
energy_gradient,7301,495,3.032202384582177e-06,3.7619792782777584e-05,4.065199516735976e-05,0.0006743947983837618,0.0010608445722551116,7.083157071943852e-05,0.005179904769292961,0.017004527606299134,True
energy_gradient,7301,496,3.0274476757089452e-06,3.755061497007076e-05,4.057806264577971e-05,0.0006732659652503314,0.0010556295376722125,7.073834867640552e-05,0.005176763775415794,0.016993679904895097,True
energy_gradient,7301,497,3.02272895671025e-06,3.7481936233143165e-05,4.050466518985341e-05,0.0006721436927510509,0.0010504225124243352,7.064606336678571e-05,0.0051736399125955285,0.016982895937844456,True
energy_gradient,7301,498,3.0180458498194035e-06,3.74137533875868e-05,4.04317992374062e-05,0.000671027764538783,0.0010452235768102487,7.055471197388512e-05,0.005170533230442679,0.01697217583070906,True
energy_gradient,7301,499,3.0133983235369437e-06,3.734606292633664e-05,4.035946124987358e-05,0.0006699185251881275,0.001040032811003973,7.046428739420141e-05,0.005167443687464563,0.016961519377524856,True
energy_gradient,7301,500,3.008786152097909e-06,3.727886156006892e-05,4.028764771216683e-05,0.0006688159887256803,0.001034850295053537,7.037477727991243e-05,0.0051643711297534225,0.016950925963731194,True
energy_gradient,7301,501,3.004208873077441e-06,3.721214625947623e-05,4.021635513255368e-05,0.0006677197793594224,0.0010296761088797487,7.028617486502918e-05,0.0051613155190262,0.016940395397034045,True
energy_gradient,7301,502,2.9996662754873946e-06,3.714591376704065e-05,4.014558004252804e-05,0.0006666299441157323,0.0010245103322749588,7.0198476348475e-05,0.005158276878216371,0.016929927708808003,True
energy_gradient,7301,503,2.995158281360366e-06,3.708016071533272e-05,4.0075318996693086e-05,0.000665546749991496,0.001019353044901833,7.011167216508982e-05,0.005155255108729121,0.016919522487697358,True
energy_gradient,7301,504,2.990684553587819e-06,3.7014884019037106e-05,4.000556857262492e-05,0.0006644700269336259,0.0010142043262921234,7.002575193171605e-05,0.005152250095097199,0.016909179260690424,True
energy_gradient,7301,505,2.986244719196815e-06,3.695008065155134e-05,3.993632537074815e-05,0.0006633995366205306,0.0010090642558454389,6.994071067647249e-05,0.005149261835400508,0.016898897968705036,True
energy_gradient,7301,506,2.9818386487792495e-06,3.68857473654291e-05,3.9867586014208354e-05,0.0006623354399528582,0.0010039329128280258,6.985654268840394e-05,0.005146290310810049,0.01688867849173094,True
energy_gradient,7301,507,2.977466179820687e-06,3.682188096892682e-05,3.979934714874751e-05,0.0006612778447215862,0.0009988103763715398,6.977323773033222e-05,0.005143335405943975,0.01687852035858222,True
energy_gradient,7301,508,2.973126947312013e-06,3.6758478495253615e-05,3.9731605442565626e-05,0.0006602265258840531,0.0009936967254718311,6.96907874755001e-05,0.005140397045194448,0.016868423243226065,True
energy_gradient,7301,509,2.968820672676239e-06,3.66955369135259e-05,3.9664357586202136e-05,0.0006591813979023387,0.0009885920389877214,6.960918716340716e-05,0.005137475228169381,0.016858387093629287,True
energy_gradient,7301,510,2.9645472376214015e-06,3.6633053054776636e-05,3.959760029239804e-05,0.0006581426319378898,0.0009834963956397921,6.952842951922783e-05,0.005134569901616456,0.01684841166511121,True
energy_gradient,7301,511,2.960306411863385e-06,3.6571023884106857e-05,3.953133029597024e-05,0.0006571102073458211,0.0009784098740091662,6.944850478778056e-05,0.005131680959477094,0.01683849652087546,True
energy_gradient,7301,512,2.956097854821178e-06,3.650944649884802e-05,3.94655443536692e-05,0.0006560839196725561,0.0009733325525363008,6.936940607420148e-05,0.005128808354626915,0.016828641439518722,True
energy_gradient,7301,513,2.9519213539193182e-06,3.644831789015611e-05,3.9400239244075426e-05,0.0006550637769924735,0.0009682645095197729,6.929112809003886e-05,0.005125952072595083,0.01681884631921056,True
energy_gradient,7301,514,2.947776768184454e-06,3.638763499924791e-05,3.933541176743236e-05,0.0006540499053739305,0.000963205823115076,6.921366273824455e-05,0.005123112039323296,0.01680911084123026,True
energy_gradient,7301,515,2.9436638314013353e-06,3.6327394914139835e-05,3.927105874554117e-05,0.0006530422208678629,0.0009581565713334114,6.913700116346859e-05,0.005120288164604435,0.016799434628108092,True
energy_gradient,7301,516,2.939582243842632e-06,3.626759477777488e-05,3.920717702161751e-05,0.0006520405786416305,0.000953116832040489,6.906113722452509e-05,0.005117480414721175,0.01678981750853988,True
energy_gradient,7301,517,2.935531826646489e-06,3.620823163351807e-05,3.9143763460164555e-05,0.0006510450282992752,0.0009480866829553222,6.89860650124065e-05,0.00511468875972207,0.01678025932551225,True
energy_gradient,7301,518,2.9315124108521746e-06,3.6149302535974736e-05,3.908081494682691e-05,0.0006500556342144017,0.0009430662016490329,6.891177626735521e-05,0.005111913118892136,0.016770759737687015,True
energy_gradient,7301,519,2.9275237224873423e-06,3.609080466578893e-05,3.901832838827627e-05,0.0006490722882273554,0.0009380554655436539,6.88382630280733e-05,0.005109153416593967,0.016761318422838737,True
energy_gradient,7301,520,2.9235655005463422e-06,3.6032735211525066e-05,3.895630071207141e-05,0.000648094902232452,0.0009330545519109335,6.876551945330923e-05,0.005106409620879823,0.016751935218415025,True
energy_gradient,7301,521,2.919637577815981e-06,3.597509128869694e-05,3.889472886651292e-05,0.0006471235380458797,0.0009280635378711473,6.869353919784181e-05,0.005103681688622947,0.01674260992141823,True
energy_gradient,7301,522,2.91573976437468e-06,3.591787005614926e-05,3.883360982052394e-05,0.0006461582147726906,0.0009230825003919051,6.862231422042657e-05,0.005100969540341243,0.01673334219670949,True
energy_gradient,7301,523,2.911871794821757e-06,3.5861068768694875e-05,3.877294056351663e-05,0.0006451988237374459,0.0009181115162869677,6.855183726276132e-05,0.0050982731118577995,0.01672413176551557,True
energy_gradient,7301,524,2.908033438118224e-06,3.580468466712888e-05,3.8712718105247105e-05,0.0006442453110333535,0.0009131506622150581,6.848210254913005e-05,0.005095592368842709,0.016714978458510943,True
energy_gradient,7301,525,2.9042245284029904e-06,3.574871494727889e-05,3.8652939475681876e-05,0.0006432977287983861,0.0009082000146786844,6.841310351450904e-05,0.005092927259389912,0.016705882042812835,True
energy_gradient,7301,526,2.900444864443919e-06,3.569315686044014e-05,3.859360172488406e-05,0.0006423560692933878,0.0009032596500229545,6.834483246487543e-05,0.005090277707258849,0.01669684219715612,True
energy_gradient,7301,527,2.8966941949090362e-06,3.5638007727943285e-05,3.853470192285232e-05,0.0006414202392738304,0.0008983296444344035,6.827728260992728e-05,0.005087643654615599,0.016687858667659032,True
energy_gradient,7301,528,2.8929723083310065e-06,3.5583264851070486e-05,3.8476237159401494e-05,0.0006404902068135095,0.000893410073939817,6.821044814379498e-05,0.0050850250635605925,0.01667893127347674,True
energy_gradient,7301,529,2.8892790364971535e-06,3.5528925507529775e-05,3.841820454402693e-05,0.0006395660077442921,0.0008885010144050567,6.814432244941467e-05,0.005082421878285015,0.016670059768928717,True
energy_gradient,7301,530,2.8856141750845036e-06,3.547498703067626e-05,3.8360601205760765e-05,0.0006386476172791317,0.0008836025415338944,6.807889818708682e-05,0.0050798340268434095,0.016661243850004233,True
energy_gradient,7301,531,2.881977487597349e-06,3.5421446805453935e-05,3.8303424293051284e-05,0.0006377349570891119,0.0008787147308668402,6.801416886243077e-05,0.005077261454139146,0.01665248327456605,True
energy_gradient,7301,532,2.8783687745927637e-06,3.5368302199027864e-05,3.824667097362063e-05,0.0006368280075926026,0.0008738376577799824,6.795012863553671e-05,0.005074704118122995,0.01664377784838916,True
energy_gradient,7301,533,2.874787865233801e-06,3.531555056908773e-05,3.8190338434321534e-05,0.0006359267928319963,0.0008689713974838203,6.788677095839831e-05,0.005072161961325797,0.016635127321321747,True
energy_gradient,7301,534,2.871234557294919e-06,3.526318932372897e-05,3.8134423881023886e-05,0.0006350312820479898,0.0008641160250221084,6.78240888193485e-05,0.00506963491586792,0.01662653140560771,True
energy_gradient,7301,535,2.8677086279322044e-06,3.5211215910527445e-05,3.807892453845965e-05,0.0006341414080308805,0.0008592716152706954,6.776207592867404e-05,0.005067122928072425,0.016617989865747345,True
energy_gradient,7301,536,2.864209885718235e-06,3.51596277643879e-05,3.802383765010613e-05,0.0006332571529687892,0.0008544382429363728,6.770072645771586e-05,0.005064625952923674,0.016609502498330517,True
energy_gradient,7301,537,2.8607381590353768e-06,3.510842231899316e-05,3.796916047802854e-05,0.0006323785298181835,0.000849615982555722,6.764003400874518e-05,0.005062143932588232,0.016601069053666463,True
energy_gradient,7301,538,2.857293250822456e-06,3.505759705194398e-05,3.7914890302766436e-05,0.0006315055080306195,0.0008448049084939623,6.757999186828512e-05,0.005059676801854982,0.016592689255552066,True
energy_gradient,7301,539,2.8538749497925323e-06,3.50071494734004e-05,3.786102442319293e-05,0.0006306380311477653,0.0008400050949438086,6.75205939080825e-05,0.00505722450702983,0.016584362870156893,True
energy_gradient,7301,540,2.8504830699573793e-06,3.49570770864179e-05,3.780756015637528e-05,0.0006297760808904494,0.000835216615924322,6.746183435747411e-05,0.005054787001095097,0.016576089688409606,True
energy_gradient,7301,541,2.847117440549437e-06,3.490737739690104e-05,3.775449483745048e-05,0.0006289196611047779,0.000830439545279774,6.740370701416227e-05,0.005052364227072555,0.016567869465387713,True
energy_gradient,7301,542,2.843777871326621e-06,3.485804794815376e-05,3.770182581948038e-05,0.0006280687420343887,0.0008256739566785023,6.734620543571762e-05,0.005049956121965329,0.016559701934726438,True
energy_gradient,7301,543,2.8404641609632215e-06,3.4809086312357535e-05,3.764955047332075e-05,0.000627223274347191,0.0008209199236117796,6.728932363542496e-05,0.005047562631361727,0.016551586861854813,True
energy_gradient,7301,544,2.837176127530754e-06,3.476049005996883e-05,3.759766618749958e-05,0.0006263832384385737,0.0008161775193926756,6.723305593356787e-05,0.0050451837064144555,0.016543524032932827,True
energy_gradient,7301,545,2.8339136019794142e-06,3.471225676608471e-05,3.754617036806412e-05,0.0006255486332255297,0.0008114468171549305,6.717739634196677e-05,0.005042819291044057,0.016535513208142342,True
energy_gradient,7301,546,2.8306764012438054e-06,3.466438403721607e-05,3.749506043845987e-05,0.0006247194322066548,0.0008067278898518256,6.712233866826174e-05,0.005040469324080435,0.01652755412951762,True
energy_gradient,7301,547,2.8274643328100932e-06,3.4616869506589093e-05,3.744433383939919e-05,0.000623895591088037,0.0008020208102550566,6.706787705950566e-05,0.005038133750549421,0.016519646562150835,True
energy_gradient,7301,548,2.8242772184227427e-06,3.4569710810284487e-05,3.739398802870723e-05,0.0006230770867311357,0.0007973256509536145,6.701400594372387e-05,0.005035812520405961,0.016511790289594572,True
energy_gradient,7301,549,2.821114891504361e-06,3.452290558972177e-05,3.734402048122613e-05,0.0006222639131726265,0.0007926424843526631,6.696071954968791e-05,0.005033505578515776,0.016503985077310854,True
energy_gradient,7301,550,2.8179771761600077e-06,3.4476451512490224e-05,3.729442868865023e-05,0.0006214560475005455,0.0007879713826724257,6.690801192031401e-05,0.005031212865019946,0.016496230673957744,True
energy_gradient,7301,551,2.8148638878344574e-06,3.443034627156891e-05,3.724521015940336e-05,0.0006206534506336601,0.0007833124179470678,6.685587733439653e-05,0.0050289343241965235,0.016488526843687668,True
energy_gradient,7301,552,2.811774851742143e-06,3.438458756677115e-05,3.719636241851329e-05,0.0006198560969218704,0.0007786656620235895,6.68043103327074e-05,0.0050266699050128105,0.01648087336815832,True
energy_gradient,7301,553,2.808709903980368e-06,3.4339173103486424e-05,3.714788300746679e-05,0.0006190639760112816,0.0007740311865607148,6.675330535203115e-05,0.005024419553422412,0.016473270018464138,True
energy_gradient,7301,554,2.8056688755346522e-06,3.429410060856531e-05,3.7099769484099965e-05,0.0006182770672365455,0.0007694090630277893,6.67028566605467e-05,0.005022183210983062,0.016465716550111,True
energy_gradient,7301,555,2.802651589458666e-06,3.424936783297534e-05,3.7052019422434e-05,0.0006174953353646621,0.0007647993627036749,6.665295867133772e-05,0.00501996082139998,0.016458212726887536,True
energy_gradient,7301,556,2.7996578745246483e-06,3.4204972538050695e-05,3.7004630412575346e-05,0.0006167187527026998,0.0007602021566756533,6.660360603734932e-05,0.005017752332552752,0.016450758328236538,True
energy_gradient,7301,557,2.796687569352622e-06,3.416091249121484e-05,3.6957600060567464e-05,0.000615947305585291,0.0007556175158383291,6.655479339025006e-05,0.005015557691080279,0.016443353129481888,True
energy_gradient,7301,558,2.793740511046395e-06,3.41171854772204e-05,3.6910925988266795e-05,0.000615180975813353,0.0007510455108925344,6.65065152195384e-05,0.005013376839871643,0.016435996892667587,True
energy_gradient,7301,559,2.7908165299658972e-06,3.4073789303238536e-05,3.6864605833204436e-05,0.0006144197321772942,0.0007464862123442424,6.645876608263841e-05,0.00501120972242478,0.016428689382472435,True
energy_gradient,7301,560,2.7879154588263687e-06,3.403072178964651e-05,3.6818637248472875e-05,0.0006136635453334141,0.0007419396905034758,6.641154074426992e-05,0.00500905628571482,0.01642143037669492,True
energy_gradient,7301,561,2.7850371387127556e-06,3.398798076385774e-05,3.6773017902570494e-05,0.0006129123976810195,0.0007374060154832269,6.636483401620713e-05,0.005006916476836785,0.01641421965401174,True
energy_gradient,7301,562,2.782181412112943e-06,3.394556406718971e-05,3.672774547930265e-05,0.0006121662721780983,0.0007328852571983716,6.631864060773798e-05,0.0050047902398910075,0.01640705698261201,True
energy_gradient,7301,563,2.77934811640082e-06,3.390346956122558e-05,3.66828176776264e-05,0.0006114251417934129,0.0007283774853645964,6.627295523765638e-05,0.005002677518357261,0.01639994212883965,True
energy_gradient,7301,564,2.7765370887316746e-06,3.38616951228002e-05,3.6638232211531874e-05,0.0006106889772565084,0.0007238827694973179,6.622777278690196e-05,0.005000578258299215,0.016392874868874297,True
energy_gradient,7301,565,2.773748172659227e-06,3.3820238637261886e-05,3.659398680992111e-05,0.0006099577576369339,0.0007194011789106164,6.618308823116749e-05,0.004998492406948562,0.016385854983570702,True
energy_gradient,7301,566,2.77098121519058e-06,3.377909800127471e-05,3.655007921646529e-05,0.0006092314656397348,0.0007149327827161617,6.613889649329384e-05,0.004996419909600205,0.016378882247144153,True
energy_gradient,7301,567,2.76823606036704e-06,3.3738271129135197e-05,3.6506507189502235e-05,0.0006085100774197001,0.0007104776498221511,6.609519247015479e-05,0.004994360710156962,0.01637195642916605,True
energy_gradient,7301,568,2.7655125504250246e-06,3.3697755951439216e-05,3.646326850186424e-05,0.000607793564558845,0.0007060358489322457,6.60519711676188e-05,0.004992314753944541,0.016365077304834368,True
energy_gradient,7301,569,2.7628105316198136e-06,3.3657550409186713e-05,3.642036094080653e-05,0.0006070819034663813,0.0007016074485445092,6.600922770811113e-05,0.004990281987899132,0.016358244655642822,True
energy_gradient,7301,570,2.760129854575643e-06,3.361765245325252e-05,3.637778230782816e-05,0.0006063750758602727,0.0006971925169503545,6.596695721480822e-05,0.004988262358160139,0.016351458260593716,True
energy_gradient,7301,571,2.757470369263574e-06,3.357806004933023e-05,3.63355304185938e-05,0.0006056730606219077,0.0006927911222334873,6.592515477510223e-05,0.004986255809322659,0.016344717893463208,True
energy_gradient,7301,572,2.7548319234221144e-06,3.353877117934402e-05,3.629360310276613e-05,0.0006049758312758497,0.0006884033322688601,6.588381553250697e-05,0.004984262286346751,0.01633802332977123,True
energy_gradient,7301,573,2.752214366537417e-06,3.3499783837369285e-05,3.62519982039067e-05,0.0006042833624418346,0.000684029214721621,6.584293474217213e-05,0.004982281735710371,0.01633137435099048,True
energy_gradient,7301,574,2.749617552232174e-06,3.3461096027112616e-05,3.621071357934479e-05,0.0006035956337621059,0.0006796688370460745,6.580250770657744e-05,0.004980314104047636,0.016324770739588605,True
energy_gradient,7301,575,2.7470413354494664e-06,3.3422705764597974e-05,3.616974710004744e-05,0.0006029126254362295,0.0006753222664846376,6.576252970730841e-05,0.004978359336750955,0.016318212273915226,True
energy_gradient,7301,576,2.74448556955062e-06,3.338461108095237e-05,3.612909665050299e-05,0.0006022343135496843,0.0006709895700668062,6.572299604253279e-05,0.004976417378753998,0.01631169873105792,True
energy_gradient,7301,577,2.7419501078966396e-06,3.3346810020688676e-05,3.608876012858532e-05,0.0006015606725856301,0.000666670814608118,6.568390209581636e-05,0.004974488175996208,0.01630522989217059,True
energy_gradient,7301,578,2.7394348068662613e-06,3.330930063858427e-05,3.604873544545053e-05,0.0006008916802125624,0.0006623660667091252,6.564524332566155e-05,0.004972571675195756,0.016298805541649603,True
energy_gradient,7301,579,2.736939525369401e-06,3.3272081000018524e-05,3.600902052538792e-05,0.0006002273165170533,0.0006580753927543659,6.560701520059408e-05,0.004970667822501938,0.01629242546221381,True
energy_gradient,7301,580,2.7344641220582398e-06,3.323514918366117e-05,3.596961330571941e-05,0.0005995675596045226,0.0006537988589113394,6.55692131880888e-05,0.004968776563247735,0.016286089434010203,True
energy_gradient,7301,581,2.7320084548391096e-06,3.3198503281830615e-05,3.5930511736669726e-05,0.0005989123848626106,0.0006495365311294893,6.553183280660491e-05,0.0049668978430360096,0.01627979723857642,True
energy_gradient,7301,582,2.729572383099554e-06,3.316214139814325e-05,3.58917137812428e-05,0.0005982617685764499,0.0006452884751391811,6.549486965276901e-05,0.004965031608322174,0.016273548660958648,True
energy_gradient,7301,583,2.727155768902022e-06,3.31260616461943e-05,3.5853217415096327e-05,0.0005976156898170333,0.0006410547564506947,6.545831936539544e-05,0.004963177805670286,0.01626734348699407,True
energy_gradient,7301,584,2.724758475424728e-06,3.309026215101054e-05,3.581502062643527e-05,0.000596974127928415,0.0006368354403532084,6.542217758838734e-05,0.004961336380988273,0.016261181500516014,True
energy_gradient,7301,585,2.72238036536771e-06,3.3054741050509916e-05,3.577712141587762e-05,0.0005963370599710132,0.0006326305919137972,6.538643998853737e-05,0.004959507279896135,0.016255062484698872,True
energy_gradient,7301,586,2.7200213017048325e-06,3.30194964946392e-05,3.5739517796344035e-05,0.0005957044619545487,0.0006284402759764244,6.535110229378445e-05,0.00495769044853252,0.01624898622499652,True
energy_gradient,7301,587,2.7176811493503857e-06,3.298452664357013e-05,3.5702207792920516e-05,0.0005950763115339722,0.0006242645571609465,6.531616029275651e-05,0.004955885833529945,0.016242952509059688,True
energy_gradient,7301,588,2.715359775110191e-06,3.2949829667661544e-05,3.566518944277174e-05,0.0005944525879750988,0.0006201034998621126,6.528160980002466e-05,0.004954093381302712,0.016236961124131456,True
energy_gradient,7301,589,2.713057046202082e-06,3.291540374878695e-05,3.562846079498904e-05,0.00059383326981179,0.0006159571682485738,6.52474466435935e-05,0.00495231303778136,0.016231011856080772,True
energy_gradient,7301,590,2.7107728297022915e-06,3.288124708079288e-05,3.559201991049517e-05,0.000593218333970027,0.0006118256262618933,6.521366668881692e-05,0.0049505447489236265,0.01622510449126048,True
energy_gradient,7301,591,2.7085069935801505e-06,3.2847357868334236e-05,3.5555864861914385e-05,0.0005926077574067961,0.0006077089376155588,6.518026585949015e-05,0.0049487884611672675,0.01621923881815286,True
energy_gradient,7301,592,2.706259407622069e-06,3.281373432583263e-05,3.55199937334547e-05,0.0005920015185760281,0.0006036071657940027,6.514724012537946e-05,0.004947044121166177,0.016213414626408774,True
energy_gradient,7301,593,2.704029942871709e-06,3.278037467793398e-05,3.5484404620805686e-05,0.0005913995965664937,0.0005995203740516195,6.511458547829603e-05,0.0049453116752899914,0.016207631705022672,True
energy_gradient,7301,594,2.701818470613797e-06,3.2747277160392866e-05,3.544909563100666e-05,0.000590801969488671,0.0005954486254117946,6.508229793213175e-05,0.004943591069628921,0.016201889842348126,True
energy_gradient,7301,595,2.6996248623663178e-06,3.2714440019966866e-05,3.5414064882333186e-05,0.0005902086145214831,0.000591391982665928,6.505037354362294e-05,0.004941882250425816,0.01619618882767474,True
energy_gradient,7301,596,2.6974489907778264e-06,3.2681861513410125e-05,3.537931050418795e-05,0.0005896195093383238,0.0005873505083724701,6.501880842123289e-05,0.0049401851642688135,0.016190528451927266,True
energy_gradient,7301,597,2.6952907300002756e-06,3.264953990698646e-05,3.5344830636986736e-05,0.0005890346327218122,0.0005833242648559532,6.498759871094277e-05,0.004938499757802638,0.016184908506608336,True
energy_gradient,7301,598,2.693149955097384e-06,3.26174734769354e-05,3.531062343203279e-05,0.0005884539635995702,0.0005793133142060338,6.495674058152017e-05,0.004936825977427612,0.01617932878269711,True
energy_gradient,7301,599,2.6910265414004515e-06,3.258566051001506e-05,3.527668705141551e-05,0.0005878774800502553,0.0005753177182765318,6.492623022973158e-05,0.004935163769406405,0.016173789071039744,True
energy_gradient,7301,600,2.688920364727449e-06,3.255409930315385e-05,3.52430196678813e-05,0.0005873051596547222,0.0005713375386844796,6.489606389478096e-05,0.004933513080178007,0.01616828916348837,True
energy_gradient,7301,601,2.68683130203277e-06,3.252278816272414e-05,3.520961946475691e-05,0.0005867369805442094,0.000567372836809171,6.486623786149267e-05,0.004931873856415363,0.01616282885311587,True
energy_gradient,7301,602,2.684759231508434e-06,3.249172540427492e-05,3.517648463578336e-05,0.0005861729215976439,0.0005634236737912122,6.483674844794621e-05,0.004930246044778752,0.016157407933310268,True
energy_gradient,7301,603,2.6827040320751763e-06,3.2460909352968317e-05,3.5143613385043494e-05,0.0005856129616502817,0.0005594901105315837,6.480759199728288e-05,0.0049286295917407895,0.01615202619713839,True
energy_gradient,7301,604,2.6806655830237286e-06,3.2430338343821316e-05,3.5111003926845045e-05,0.0005850570789258779,0.0005555722076906955,6.47787648828116e-05,0.004927024443704984,0.01614668343777221,True
energy_gradient,7301,605,2.678643764232563e-06,3.24000107213618e-05,3.507865448559437e-05,0.0005845052514083114,0.0005516700256874574,6.475026351830344e-05,0.004925430547227409,0.01614137944929409,True
energy_gradient,7301,606,2.676638456634183e-06,3.236992483906907e-05,3.504656329570326e-05,0.0005839574575551228,0.0005477836246983419,6.472208435814924e-05,0.004923847849021663,0.016136114026714013,True
energy_gradient,7301,607,2.674649542199236e-06,3.234007905926178e-05,3.501472860146102e-05,0.000583413676313985,0.0005439130646564612,6.469422388862475e-05,0.004922276295777505,0.01613088696530745,True
energy_gradient,7301,608,2.672676903567887e-06,3.2310471753372946e-05,3.498314865694083e-05,0.0005828738865423244,0.0005400584052506381,6.466667862207215e-05,0.004920715834048856,0.01612569806020195,True
energy_gradient,7301,609,2.6707204238179185e-06,3.228110130207552e-05,3.4951821725893436e-05,0.0005823380666560245,0.0005362197059244901,6.463944510187425e-05,0.004919166410350422,0.016120547106733295,True
energy_gradient,7301,610,2.6687799866511373e-06,3.2251966094963434e-05,3.492074608161457e-05,0.0005818061949521827,0.0005323970258755085,6.461251990891121e-05,0.004917627971306301,0.016115433900980594,True
energy_gradient,7301,611,2.6668554767009406e-06,3.222306453016795e-05,3.488992000686889e-05,0.0005812782500981085,0.0005285904240541493,6.458589966164619e-05,0.004916100463649166,0.016110358239764623,True
energy_gradient,7301,612,2.6649467795137603e-06,3.2194395014234176e-05,3.485934179374794e-05,0.000580754211117554,0.0005247999591629217,6.455958100939044e-05,0.0049145838340929815,0.01610531992017666,True
energy_gradient,7301,613,2.6630537812801395e-06,3.2165955962322006e-05,3.4829009743602146e-05,0.0005802340569710955,0.0005210256896554825,6.453356062870653e-05,0.004913078029253993,0.01610031873929229,True
energy_gradient,7301,614,2.661176368677199e-06,3.213774579822423e-05,3.479892216690143e-05,0.0005797177663100559,0.0005172676737357374,6.450783522628665e-05,0.004911582995717977,0.016095354494413055,True
energy_gradient,7301,615,2.6593144289897965e-06,3.210976295415651e-05,3.476907738314631e-05,0.0005792053176926282,0.00051352596935694,6.448240154363143e-05,0.004910098680144506,0.016090426983443446,True
energy_gradient,7301,616,2.6574678503221415e-06,3.2082005870429145e-05,3.4739473720751286e-05,0.0005786966899253141,0.0005098006342208012,6.44572563574781e-05,0.004908625029272084,0.016085536004911603,True
energy_gradient,7301,617,2.655636521604892e-06,3.205447299535352e-05,3.471010951695841e-05,0.00057819186209768,0.0005060917257765967,6.443239647494736e-05,0.004907161989828948,0.016080681357637704,True
energy_gradient,7301,618,2.6538203324065415e-06,3.202716278530195e-05,3.468098311770849e-05,0.0005776908132902078,0.0005023993012202833,6.440781873091822e-05,0.004905709508470467,0.016075862840509575,True
energy_gradient,7301,619,2.6520191727983216e-06,3.200007370476438e-05,3.4652092877562696e-05,0.0005771935223768147,0.0004987234174936149,6.438351998892953e-05,0.004904267531817429,0.016071080252612426,True
energy_gradient,7301,620,2.6502329334239175e-06,3.1973204226152076e-05,3.462343715957599e-05,0.0005766999681479721,0.0004950641312832662,6.435949714541096e-05,0.004902836006532925,0.016066333393515167,True
energy_gradient,7301,621,2.6484615056589926e-06,3.194655282955308e-05,3.459501433521207e-05,0.0005762101295576272,0.0004914214990199575,6.433574712932179e-05,0.004901414879337492,0.016061622063314063,True
energy_gradient,7301,622,2.646704781624715e-06,3.1920118002604385e-05,3.45668227842291e-05,0.0005757239857710687,0.00048779557687758397,6.431226690001735e-05,0.004900004096951537,0.016056946062429352,True
energy_gradient,7301,623,2.644962654070194e-06,3.189389824050821e-05,3.4538860894578404e-05,0.000575241515987132,0.00048418642077235105,6.428905344436778e-05,0.004898603606046327,0.016052305191420757,True
energy_gradient,7301,624,2.6432350162666023e-06,3.186789204605211e-05,3.451112706231871e-05,0.0005747626992835016,0.0004805940863619101,6.426610377684329e-05,0.004897213353249705,0.01604769925100633,True
energy_gradient,7301,625,2.6415217620177767e-06,3.18420979294727e-05,3.448361969149048e-05,0.0005742875146496025,0.0004770186290445021,6.424341494235678e-05,0.00489583328520451,0.016043128042276044,True
energy_gradient,7301,626,2.639822785770807e-06,3.1816514408268255e-05,3.4456337194039065e-05,0.0005738159411665601,0.00047346010395810144,6.422098401662197e-05,0.004894463348589473,0.016038591366761168,True
energy_gradient,7301,627,2.638137982649243e-06,3.1791140007049914e-05,3.442927798969916e-05,0.0005733479580823686,0.00046991856597956773,6.419880810506265e-05,0.004893103490091123,0.016034089026334478,True
energy_gradient,7301,628,2.63646724840251e-06,3.1765973257496396e-05,3.440244050589891e-05,0.0005728835447200572,0.000466394069723797,6.417688434032096e-05,0.004891753656360465,0.016029620823047798,True
energy_gradient,7301,629,2.6348104792912508e-06,3.174101269838261e-05,3.437582317767386e-05,0.0005724226803390477,0.000462886669542882,6.415520988176515e-05,0.004890413794006064,0.016025186559105033,True
energy_gradient,7301,630,2.633167572088649e-06,3.171625687545405e-05,3.4349424447542705e-05,0.0005719653441172172,0.000459396419525272,6.413378191671484e-05,0.00488908384962702,0.0160207860369787,True
energy_gradient,7301,631,2.631538424133162e-06,3.169170434130416e-05,3.432324276543732e-05,0.0005715115152620618,0.00045592337349494006,6.411259766189302e-05,0.004887763769840056,0.01601641905951038,True
energy_gradient,7301,632,2.629922933377266e-06,3.1667353655205476e-05,3.429727658858274e-05,0.0005710611730965252,0.0004524675850105526,6.40916543623851e-05,0.004886453501268888,0.01601208542986626,True
energy_gradient,7301,633,2.6283209983659776e-06,3.164320338306073e-05,3.4271524381426706e-05,0.0005706142970385755,0.00044902910736464277,6.407094929047484e-05,0.004885152990514036,0.01600778495143003,True
energy_gradient,7301,634,2.626732518166826e-06,3.161925209733438e-05,3.42459846155012e-05,0.0005701708664978318,0.0004456079935827898,6.40504797439491e-05,0.00488386218413469,0.0160035174277279,True
energy_gradient,7301,635,2.625157392332048e-06,3.159549837704837e-05,3.4220655769380415e-05,0.0005697308608290216,0.0004422042964227998,6.403024304713753e-05,0.004882581028663638,0.015999282662486517,True
energy_gradient,7301,636,2.6235955209161716e-06,3.1571940807623904e-05,3.419553632854007e-05,0.0005692942593737007,0.0004388180683738941,6.401023655162954e-05,0.004881309470629613,0.015995080459710716,True
energy_gradient,7301,637,2.622046804527769e-06,3.1548577980760756e-05,3.417062478528852e-05,0.0005688610415419138,0.0004354493616558977,6.399045763625067e-05,0.004880047456564999,0.015990910623707454,True
energy_gradient,7301,638,2.6205111443262952e-06,3.1525408494336936e-05,3.414591963866323e-05,0.0005684311868284812,0.0004320982282184358,6.397090370620474e-05,0.004878794932985181,0.015986772959011863,True
energy_gradient,7301,639,2.6189884419915263e-06,3.15024309523477e-05,3.4121419394339225e-05,0.0005680046747632626,0.0004287647197401312,6.395157219182987e-05,0.004877551846370027,0.01598266727031589,True
energy_gradient,7301,640,2.6174785996656035e-06,3.147964396487076e-05,3.409712256453636e-05,0.0005675814848458649,0.0004254488876278092,6.393246054837192e-05,0.0048763181431631135,0.015978593362463458,True
energy_gradient,7301,641,2.6159815199585703e-06,3.145704614796144e-05,3.4073027667920015e-05,0.00056716159655545,0.0004221507830157017,6.391356625662005e-05,0.004875093769785594,0.01597455104050074,True
energy_gradient,7301,642,2.614497105966861e-06,3.143463612355719e-05,3.404913322952405e-05,0.0005667449893921262,0.00041887045676466234,6.389488682314344e-05,0.004873878672648438,0.01597054010971709,True
energy_gradient,7301,643,2.6130252612942015e-06,3.14124125193504e-05,3.40254377806446e-05,0.0005663316429222012,0.0004156079594613804,6.387641977984791e-05,0.004872672798147539,0.01596656037562496,True
energy_gradient,7301,644,2.6115658900399734e-06,3.139037396871525e-05,3.400193985875522e-05,0.0005659215367634677,0.00041236334141759917,6.385816268333502e-05,0.004871476092649143,0.015962611643907332,True
energy_gradient,7301,645,2.6101188967615853e-06,3.1368519110659605e-05,3.397863800742119e-05,0.0005655146505429445,0.00040913665266934353,6.38401131138749e-05,0.004870288502479097,0.015958693720373073,True
energy_gradient,7301,646,2.6086841864458745e-06,3.1346846589743405e-05,3.395553077618928e-05,0.0005651109638629196,0.0004059279429761449,6.382226867587811e-05,0.004869109973929043,0.01595480641098137,True
energy_gradient,7301,647,2.607261664524834e-06,3.132535505600637e-05,3.3932616720531204e-05,0.000564710456327069,0.00040273726182027674,6.380462699770087e-05,0.004867940453264646,0.015950949521865456,True
energy_gradient,7301,648,2.6058512368891877e-06,3.130404316483683e-05,3.390989440172602e-05,0.0005643131075671694,0.00039956465840598895,6.378718573218009e-05,0.004866779886731293,0.015947122859356226,True
energy_gradient,7301,649,2.6044528098769836e-06,3.128290957690891e-05,3.38873623867859e-05,0.000563918897267199,0.00039641018165875155,6.376994255559669e-05,0.004865628220545071,0.01594332622994284,True
energy_gradient,7301,650,2.603066290280006e-06,3.1261952958086876e-05,3.386501924836688e-05,0.0005635278051389116,0.0003932738802244973,6.3752895167598e-05,0.0048644854008850985,0.01593955944024787,True
energy_gradient,7301,651,2.601691585299138e-06,3.1241171979370104e-05,3.384286356466924e-05,0.0005631398108957156,0.0003901558024688752,6.373604129024244e-05,0.004863351373886763,0.01593582229699586,True
energy_gradient,7301,652,2.600328602544848e-06,3.1220565316828196e-05,3.3820893919373045e-05,0.0005627548942417222,0.00038705599647650035,6.371937866836826e-05,0.004862226085648021,0.015932114607037064,True
energy_gradient,7301,653,2.598977250029798e-06,3.1200131651499875e-05,3.379910890152967e-05,0.0005623730348866266,0.00038397451005021694,6.370290506965333e-05,0.004861109482233018,0.015928436177359395,True
energy_gradient,7301,654,2.597637436187583e-06,3.1179869669306724e-05,3.377750710549431e-05,0.0005619942125667819,0.00038091139071035627,6.36866182844084e-05,0.004860001509676168,0.015924786815099047,True
energy_gradient,7301,655,2.5963090698641945e-06,3.115977806096198e-05,3.3756087130826175e-05,0.0005616184070560494,0.00037786668569400947,6.367051612519886e-05,0.004858902113973498,0.015921166327509298,True
energy_gradient,7301,656,2.594992060305881e-06,3.113985552190709e-05,3.373484758221297e-05,0.0005612455981453841,0.0003748404419542935,6.365459642624313e-05,0.004857811241076531,0.01591757452193489,True
energy_gradient,7301,657,2.593686317137159e-06,3.1120100752243225e-05,3.371378706938038e-05,0.0005608757656245586,0.00037183270615963044,6.363885704325337e-05,0.004856728836890538,0.01591401120580488,True
energy_gradient,7301,658,2.592391750355264e-06,3.1100512456659475e-05,3.369290420701474e-05,0.0005605088892823374,0.0003688435246930265,6.362329585318608e-05,0.004855654847275737,0.015910476186633684,True
energy_gradient,7301,659,2.5911082703307886e-06,3.1081089344340455e-05,3.367219761467124e-05,0.0005601449489112273,0.0003658729436513589,6.360791075463384e-05,0.004854589218052959,0.015906969272043093,True
energy_gradient,7301,660,2.5898357878143913e-06,3.106183012888796e-05,3.365166591670235e-05,0.000559783924330372,0.0003629210088446613,6.359269966708844e-05,0.004853531895000888,0.015903490269745704,True
energy_gradient,7301,661,2.5885742139224926e-06,3.104273352824859e-05,3.3631307742171085e-05,0.0005594257953781852,0.00035998776579542044,6.357766053125804e-05,0.004852482823854386,0.015900038987543073,True
energy_gradient,7301,662,2.587323460141685e-06,3.10237982646199e-05,3.3611121724761585e-05,0.000559070541910858,0.0003570732597378719,6.356279130786651e-05,0.004851441950297281,0.015896615233290275,True
energy_gradient,7301,663,2.5860834383004917e-06,3.100502306440698e-05,3.359110650270747e-05,0.0005587181437845175,0.00035417753561730583,6.354808997808735e-05,0.004850409219960917,0.015893218814895988,True
energy_gradient,7301,664,2.5848540605638785e-06,3.098640665815206e-05,3.357126071871594e-05,0.000558368580849838,0.0003513006380893697,6.353355454311579e-05,0.004849384578426196,0.015889849540324325,True
energy_gradient,7301,665,2.583635239440828e-06,3.09679477804229e-05,3.355158301986373e-05,0.0005580218329647975,0.0003484426115193815,6.351918302400455e-05,0.004848367971226505,0.01588650721760226,True
energy_gradient,7301,666,2.582426887776054e-06,3.094964516977799e-05,3.3532072057554046e-05,0.0005576778800055926,0.0003456034999816479,6.350497346173262e-05,0.004847359343844389,0.015883191654809947,True
energy_gradient,7301,667,2.581228918750427e-06,3.0931497568653874e-05,3.35127264874043e-05,0.0005573367018601497,0.0003427833472587805,6.34909239168326e-05,0.004846358641710381,0.015879902660073057,True
energy_gradient,7301,668,2.5800412458705782e-06,3.091350372331221e-05,3.349354496918278e-05,0.0005569982784277617,0.00033998219684102277,6.347703246896412e-05,0.004845365810199352,0.01587664004154676,True
energy_gradient,7301,669,2.57886378295449e-06,3.0895662383786975e-05,3.347452616674147e-05,0.0005566625896107819,0.00033720009192557865,6.346329721661133e-05,0.00484438079462803,0.015873403607404753,True
energy_gradient,7301,670,2.5776964441365817e-06,3.087797230377407e-05,3.345566874791065e-05,0.0005563296153088569,0.0003344370754159489,6.344971627723187e-05,0.00484340354025497,0.015870193165840728,True
energy_gradient,7301,671,2.576539143841046e-06,3.086043224060591e-05,3.3436971384446956e-05,0.0005559993354214621,0.00033169318992126555,6.343628778681972e-05,0.004842433992282859,0.015867008525070937,True
energy_gradient,7301,672,2.575391796810372e-06,3.0843040955135655e-05,3.3418432751946024e-05,0.000555671729862444,0.00032896847775563726,6.34230098998474e-05,0.004841472095856402,0.015863849493326955,True
energy_gradient,7301,673,2.574254318075566e-06,3.082579721169648e-05,3.3400051529772046e-05,0.0005553467785496815,0.0003262629809374955,6.340988078904463e-05,0.0048405177960611475,0.015860715878849636,True
energy_gradient,7301,674,2.5731266229643523e-06,3.0808699778011755e-05,3.3381826400976104e-05,0.0005550244614099393,0.00032357674118894947,6.339689864517057e-05,0.004839571037921314,0.015857607489879844,True
energy_gradient,7301,675,2.572008627087097e-06,3.0791747425142025e-05,3.336375605222912e-05,0.0005547047583720934,0.0003209097999351384,6.338406167655849e-05,0.004838631766396419,0.015854524134643045,True
energy_gradient,7301,676,2.5709002463281305e-06,3.077493892740815e-05,3.334583917373628e-05,0.0005543876493607914,0.00031826219830359494,6.337136810908209e-05,0.004837699926381713,0.01585146562135029,True
energy_gradient,7301,677,2.569801396849025e-06,3.0758273062330565e-05,3.332807445917959e-05,0.0005540731143024612,0.0003156339771236129,6.33588161861786e-05,0.004836775462707465,0.015848431758196235,True
energy_gradient,7301,678,2.568711995074937e-06,3.0741748610561076e-05,3.3310460605636014e-05,0.0005537611331233913,0.00031302517692561346,6.334640416826251e-05,0.004835858320139461,0.01584542235335443,True
energy_gradient,7301,679,2.5676319576970594e-06,3.072536435580187e-05,3.329299631349893e-05,0.0005534516857548318,0.00031043583794052265,6.33341303329112e-05,0.0048349484433782225,0.01584243721497687,True
energy_gradient,7301,680,2.5665612016716504e-06,3.070911908474227e-05,3.327568028641392e-05,0.0005531447521352662,0.0003078660000991507,6.332199297441303e-05,0.004834045777054964,0.01583947615117647,True
energy_gradient,7301,681,2.5654996442054498e-06,3.0693011587012456e-05,3.325851123121791e-05,0.0005528403121986822,0.00030531570303157687,6.33099904035416e-05,0.004833150265731453,0.015836538970024235,True
energy_gradient,7301,682,2.5644472027468144e-06,3.067704065509358e-05,3.32414878578404e-05,0.000552538345877697,0.00030278498606653643,6.329812094744961e-05,0.004832261853896814,0.015833625479538094,True
energy_gradient,7301,683,2.5634037949916514e-06,3.066120508426936e-05,3.3224608879261015e-05,0.0005522388330984825,0.00030027388823081566,6.328638294942399e-05,0.004831380485970474,0.015830735487689516,True
energy_gradient,7301,684,2.562369338865909e-06,3.06455036725546e-05,3.320787301142051e-05,0.0005519417537891883,0.00029778244824864883,6.327477476885864e-05,0.004830506106299418,0.015827868802394642,True
energy_gradient,7301,685,2.561343752541704e-06,3.062993522062671e-05,3.319127897316841e-05,0.0005516470878756655,0.0002953107045411238,6.326329478075805e-05,0.004829638659156674,0.015825025231504197,True
energy_gradient,7301,686,2.560326954407607e-06,3.0614498531772615e-05,3.317482548618022e-05,0.0005513548152833276,0.0002928586952255856,6.32519413758295e-05,0.0048287780887421895,0.015822204582807236,True
energy_gradient,7301,687,2.559318863085033e-06,3.0599192411812086e-05,3.315851127489712e-05,0.0005510649159367147,0.00029042645811505066,6.324071296027105e-05,0.0048279243391782575,0.015819406664014556,True
energy_gradient,7301,688,2.5583193974060207e-06,3.058401566904897e-05,3.314233506645499e-05,0.000550777369752141,0.0002880140307176251,6.322960795527282e-05,0.004827077354510264,0.015816631282755688,True
energy_gradient,7301,689,2.55732847641556e-06,3.0568967114200365e-05,3.312629559061592e-05,0.0005504921566429778,0.0002856214502359233,6.321862479721652e-05,0.004826237078705788,0.015813878246578216,True
energy_gradient,7301,690,2.556346019373897e-06,3.055404556034385e-05,3.311039157971775e-05,0.0005502092565162066,0.0002832487535664957,6.320776193714019e-05,0.00482540345565326,0.015811147362937865,True
energy_gradient,7301,691,2.5553719457372845e-06,3.053924982284135e-05,3.309462176857863e-05,0.000549928649274277,0.00028089597729925994,6.31970178409517e-05,0.004824576429160455,0.015808438439196035,True
energy_gradient,7301,692,2.554406175163393e-06,3.0524578719300415e-05,3.3078984894463806e-05,0.0005496503148134313,0.0002785631577169374,6.318639098878642e-05,0.004823755942955534,0.015805751282616222,True
energy_gradient,7301,693,2.5534486275096973e-06,3.0510031069482844e-05,3.306347969699254e-05,0.0005493742330263131,0.0002762503307944916,6.317587987533346e-05,0.0048229419406845084,0.015803085700359546,True
energy_gradient,7301,694,2.552499222818567e-06,3.0495605695286866e-05,3.304810491810543e-05,0.0005491003838005602,0.0002739575321985742,6.316548300929664e-05,0.004822134365909172,0.01580044149947252,True
energy_gradient,7301,695,2.551557881319285e-06,3.0481301420648147e-05,3.303285930196743e-05,0.0005488287470119013,0.00027168479728697636,6.315519891310726e-05,0.0048213331621067765,0.015797818486882945,True
energy_gradient,7301,696,2.550624523422013e-06,3.046711707150516e-05,3.3017741594927176e-05,0.0005485593025281648,0.0002694321611080822,6.314502612321938e-05,0.004820538272669226,0.015795216469400554,True
energy_gradient,7301,697,2.5496990697108155e-06,3.0453051475737777e-05,3.300275054544859e-05,0.0005482920302102814,0.00026719965840032794,6.313496318938269e-05,0.004819749640902933,0.015792635253708793,True
energy_gradient,7301,698,2.5487814409436198e-06,3.0439103463113868e-05,3.298788490405749e-05,0.0005480269099096406,0.0002649873235916664,6.312500867497384e-05,0.004818967210026396,0.015790074646360758,True
energy_gradient,7301,699,2.5478715580479384e-06,3.0425271865203168e-05,3.2973143423251104e-05,0.0005477639214699495,0.00026279519079903843,6.311516115654797e-05,0.004818190923170935,0.015787534453776716,True
energy_gradient,7301,700,2.546969342111335e-06,3.041155551537226e-05,3.29585248574836e-05,0.0005475030447258789,0.0002606232938278427,6.310541922367989e-05,0.0048174207233777,0.015785014482233035,True
energy_gradient,7301,701,2.546074714384834e-06,3.039795324868304e-05,3.294402796306787e-05,0.0005472442595001972,0.0002584716661714174,6.30957814787765e-05,0.004816656553598685,0.01578251453786334,True
energy_gradient,7301,702,2.545187596270917e-06,3.0384463901864255e-05,3.2929651498135174e-05,0.0005469875456077521,0.0002563403410105222,6.308624653698814e-05,0.004815898356692562,0.01578003442664453,True
energy_gradient,7301,703,2.544307909319626e-06,3.0371086313244625e-05,3.291539422256425e-05,0.0005467328828456567,0.00025422935121282854,6.307681302613828e-05,0.0048151460754271985,0.0157775739544039,True
energy_gradient,7301,704,2.543435575235217e-06,3.0357819322704528e-05,3.2901254897939746e-05,0.0005464802510055379,0.00025213872933241017,6.306747958617052e-05,0.004814399652477806,0.01577513292680744,True
energy_gradient,7301,705,2.542570515858407e-06,3.034466177162084e-05,3.288723228747925e-05,0.0005462296298639457,0.0002500685076092425,6.305824486946313e-05,0.0048136590304242105,0.015772711149354638,True
energy_gradient,7301,706,2.5417126531677885e-06,3.0331612502822368e-05,3.2873325155990154e-05,0.0005459809991844756,0.00024801871796870556,6.304910754040052e-05,0.004812924151753117,0.015770308427380992,True
energy_gradient,7301,707,2.5408619092804737e-06,3.0318670360516812e-05,3.285953226979729e-05,0.0005457343387217532,0.0002459893920210917,6.30400662751466e-05,0.004812194958853677,0.0157679245660417,True
energy_gradient,7301,708,2.5400182064421804e-06,3.0305834190256516e-05,3.28458523966987e-05,0.0005454896282123786,0.00024398056106111703,6.303111976183364e-05,0.0048114713940199385,0.015765559370321366,True
energy_gradient,7301,709,2.539181467024859e-06,3.0293102838886532e-05,3.2832284305911394e-05,0.0005452468473822996,0.00024199225606743961,6.302226669989704e-05,0.004810753399447011,0.015763212645014853,True
energy_gradient,7301,710,2.5383516135223117e-06,3.0280475154490225e-05,3.2818826768012535e-05,0.0005450059759414065,0.00024002450770218306,6.301350580042062e-05,0.004810040917231684,0.015760884194732917,True
energy_gradient,7301,711,2.537528568546073e-06,3.0267949986340796e-05,3.280547855488687e-05,0.0005447669935833222,0.00023807734631046084,6.300483578547138e-05,0.004809333889371583,0.015758573823892476,True
energy_gradient,7301,712,2.536712254828679e-06,3.0255526184843826e-05,3.279223843967251e-05,0.0005445298799890398,0.00023615080191991033,6.299625538866492e-05,0.0048086322577638,0.015756281336718324,True
energy_gradient,7301,713,2.5359025952017958e-06,3.0243202601511487e-05,3.2779105196713285e-05,0.000544294614820367,0.00023424490424022929,6.298776335412183e-05,0.00480793596420507,0.015754006537232548,True
energy_gradient,7301,714,2.535099512618278e-06,3.0230978088880403e-05,3.2766077601498684e-05,0.0005440611777273982,0.00023235968266271787,6.297935843701972e-05,0.0048072449503892105,0.01575174922925241,True
energy_gradient,7301,715,2.534302930126961e-06,3.0218851500494983e-05,3.2753154430621946e-05,0.0005438295483398845,0.0002304951662598248,6.297103940312397e-05,0.004806559157908481,0.015749509216389585,True
energy_gradient,7301,716,2.533512770876972e-06,3.0206821690844955e-05,3.2740334461721924e-05,0.0005435997062742965,0.0002286513837846993,6.296280502886526e-05,0.004805878528250714,0.015747286302042,True
energy_gradient,7301,717,2.5327289581163177e-06,3.0194887515319753e-05,3.2727616473436074e-05,0.0005433716311254199,0.00022682836367074845,6.295465410082593e-05,0.004805203002800154,0.015745080289390957,True
energy_gradient,7301,718,2.531951415190237e-06,3.018304783016709e-05,3.271499924535733e-05,0.0005431453024741505,0.00022502613403119735,6.294658541587772e-05,0.004804532522834668,0.0157428909813939,True
energy_gradient,7301,719,2.5311800655217943e-06,3.01713014924549e-05,3.2702481557976695e-05,0.0005429206998797775,0.0002232447226586566,6.293859778110863e-05,0.004803867029527379,0.015740718180788715,True
energy_gradient,7301,720,2.5304148326331202e-06,3.0159647360001766e-05,3.2690062192634886e-05,0.0005426978028850486,0.0002214841570246927,6.293069001339845e-05,0.004803206463944588,0.015738561690082704,True
energy_gradient,7301,721,2.52965564012276e-06,3.014808429136427e-05,3.267773993148703e-05,0.0005424765910123088,0.00021974446427940666,6.292286093952517e-05,0.004802550767044866,0.015736421311550876,True
energy_gradient,7301,722,2.528902411667606e-06,3.0136611145767196e-05,3.2665513557434805e-05,0.0005422570437650267,0.00021802567125101219,6.291510939582258e-05,0.0048018998796790086,0.01573429684723212,True
energy_gradient,7301,723,2.5281550710256443e-06,3.0125226783085756e-05,3.26533818541114e-05,0.0005420391406266631,0.0002163278044454237,6.290743422836984e-05,0.0048012537425894865,0.01573218809892955,True
energy_gradient,7301,724,2.5274135420267687e-06,3.0113930063780526e-05,3.2641343605807294e-05,0.0005418228610635496,0.0002146508900458481,6.289983429242689e-05,0.004800612296408176,0.01573009486819732,True
energy_gradient,7301,725,2.5266777485679776e-06,3.0102719848868093e-05,3.262939759743607e-05,0.0005416081845159638,0.00021299495391237995,6.289230845273397e-05,0.004799975481658244,0.01572801695634976,True
energy_gradient,7301,726,2.5259476146176577e-06,3.009159499987739e-05,3.2617542614495046e-05,0.0005413950904082933,0.00021136002158160294,6.288485558298948e-05,0.004799343238750418,0.01572595416444409,True
energy_gradient,7301,727,2.5252230642034164e-06,3.0080554378823057e-05,3.260577744302647e-05,0.0005411835581398698,0.00020974611826619547,6.287747456588327e-05,0.004798715507984932,0.015723906293286884,True
energy_gradient,7301,728,2.5245040214166058e-06,3.0069596848140826e-05,3.259410086955743e-05,0.0005409735670893417,0.00020815326885454397,6.287016429328564e-05,0.004798092229549522,0.015721873143429797,True
energy_gradient,7301,729,2.5237904104048458e-06,3.005872127066338e-05,3.2582511681068224e-05,0.000540765096613951,0.00020658149791035661,6.286292366550032e-05,0.004797473343519877,0.015719854515163004,True
energy_gradient,7301,730,2.523082155373347e-06,3.004792650958529e-05,3.257100866495863e-05,0.000540558126049227,0.00020503082967228534,6.285575159162887e-05,0.004796858789857635,0.015717850208512817,True
energy_gradient,7301,731,2.5223791805764526e-06,3.0037211428415974e-05,3.255959060899243e-05,0.0005403526347076701,0.00020350128805355294,6.284864698931524e-05,0.004796248508411515,0.015715860023242493,True
energy_gradient,7301,732,2.5216814103193637e-06,3.002657489095774e-05,3.2548256301277105e-05,0.0005401486018783392,0.00020199289664158331,6.284160878449894e-05,0.004795642438914842,0.015713883758841845,True
energy_gradient,7301,733,2.520988768952373e-06,3.0016015761246666e-05,3.253700453019904e-05,0.0005399460068279018,0.00020050567869763818,6.283463591146733e-05,0.00479504052098636,0.015711921214530352,True
energy_gradient,7301,734,2.520301180873525e-06,3.000553290354293e-05,3.2525834084416455e-05,0.000539744828798701,0.00019903965715645745,6.282772731271017e-05,0.004794442694128805,0.01570997218925112,True
energy_gradient,7301,735,2.519618570514693e-06,2.9995125182272507e-05,3.25147437527872e-05,0.0005395450470071884,0.00019759485462590742,6.282088193854715e-05,0.004793848897728526,0.015708036481665733,True
energy_gradient,7301,736,2.5189408623510083e-06,2.9984791462021904e-05,3.250373232437291e-05,0.0005393466406470443,0.00019617129338663012,6.281409874766036e-05,0.004793259071057814,0.015706113890167225,True
energy_gradient,7301,737,2.5182679808945862e-06,2.9974530607468006e-05,3.249279858836259e-05,0.0005391495888903201,0.00019476899539170114,6.280737670608935e-05,0.004792673153268468,0.01570420421284919,True
energy_gradient,7301,738,2.5175998506874417e-06,2.996434148337719e-05,3.248194133406463e-05,0.000538953870880565,0.0001933879822662896,6.280071478790478e-05,0.00479209108339797,0.015702307247532323,True
energy_gradient,7301,739,2.516936396305647e-06,2.9954222954549328e-05,3.2471159350854975e-05,0.0005387594657386225,0.00019202827530732724,6.279411197470849e-05,0.004791512800363631,0.01570042279174074,True
energy_gradient,7301,740,2.5162775423513616e-06,2.994417388581577e-05,3.246045142816713e-05,0.0005385663525586405,0.000190689895483177,6.278756725565362e-05,0.00479093824296585,0.01569855064271241,True
energy_gradient,7301,741,2.5156232134574587e-06,2.993419314197161e-05,3.2449816355429064e-05,0.0005383745104104619,0.00018937286343331117,6.27810796270939e-05,0.004790367349884783,0.015696690597384943,True
energy_gradient,7301,742,2.5149733342723856e-06,2.992427958778798e-05,3.243925292206036e-05,0.0005381839183349404,0.0001880771994679934,6.27746480928891e-05,0.0047898000596831684,0.015694842452407747,True
energy_gradient,7301,743,2.5143278294733396e-06,2.9914432087943416e-05,3.2428759917416755e-05,0.0005379945553507863,0.00018680292356796494,6.276827166414106e-05,0.004789236310802924,0.01569300600412851,True
energy_gradient,7301,744,2.513686623753516e-06,2.9904649507011922e-05,3.241833613076544e-05,0.0005378064004473116,0.00018555005538413655,6.276194935876725e-05,0.004788676041566993,0.015691181048594453,True
energy_gradient,7301,745,2.5130496418251027e-06,2.9894930709452116e-05,3.240798035127722e-05,0.0005376194325893072,0.0001843186142372853,6.275568020201736e-05,0.004788119190177683,0.015689367381552626,True
energy_gradient,7301,746,2.512416808414347e-06,2.9885274559547894e-05,3.239769136796224e-05,0.0005374336307135016,0.00018310861911775708,6.274946322588521e-05,0.004787565694717522,0.01568756479844632,True
energy_gradient,7301,747,2.5117880482620115e-06,2.9875679921411322e-05,3.2387467969673334e-05,0.0005372489737319861,0.00018192008868517365,6.27432974691853e-05,0.004787015493147956,0.015685773094411805,True
energy_gradient,7301,748,2.511163286120343e-06,2.9866145658933938e-05,3.237730894505428e-05,0.0005370654405277524,0.00018075304126814428,6.273718197753636e-05,0.004786468523309165,0.015683992064277556,True
energy_gradient,7301,749,2.5105424467483735e-06,2.9856670635779457e-05,3.236721308252783e-05,0.0005368830099564094,0.00017960749486398386,6.273111580322216e-05,0.004785924722920053,0.015682221502562765,True
energy_gradient,7301,750,2.5099254549143192e-06,2.984725371535378e-05,3.23571791702681e-05,0.0005367016608461973,0.00017848346713843555,6.272509800495445e-05,0.00478538402957856,0.015680461203475767,True
energy_gradient,7301,751,2.509312235389263e-06,2.983789376077718e-05,3.234720599616644e-05,0.0005365213719974496,0.00017738097542539683,6.271912764792682e-05,0.0047848463807603995,0.015678710960910662,True
energy_gradient,7301,752,2.508702712952579e-06,2.982858963487353e-05,3.233729234782611e-05,0.0005363421221820984,0.00017630003672665403,6.271320380381959e-05,0.004784311713820465,0.01567697056845179,True
energy_gradient,7301,753,2.508096812384799e-06,2.9819340200130088e-05,3.2327437012514884e-05,0.0005361638901468214,0.00017524066771161875,6.270732555061118e-05,0.004783779965990738,0.01567523981936514,True
energy_gradient,7301,754,2.5074944584621417e-06,2.981014431870147e-05,3.231763877716361e-05,0.0005359866546065528,0.0001742028847170722,6.270149197242482e-05,0.004783251074381975,0.015673518506602,True
energy_gradient,7301,755,2.5068955759679094e-06,2.9801000852366285e-05,3.230789642833419e-05,0.0005358103942516956,0.0001731867037469116,6.269570215967037e-05,0.00478272497598182,0.015671806422794587,True
energy_gradient,7301,756,2.5063000896760075e-06,2.979190866252259e-05,3.2298208752198593e-05,0.0005356350877410588,0.00017219214047190464,6.268995520863929e-05,0.004782201607655818,0.015670103360254855,True
energy_gradient,7301,757,2.5057079243574898e-06,2.9782866610162832e-05,3.228857453452032e-05,0.0005354607137062202,0.0001712192102294474,6.268425022178644e-05,0.004781680906148739,0.01566840911098169,True
energy_gradient,7301,758,2.505119004783025e-06,2.977387355585653e-05,3.227899256063956e-05,0.0005352872507505902,0.00017026792802332771,6.267858630738624e-05,0.004781162808080084,0.01566672346664313,True
energy_gradient,7301,759,2.5045332557081076e-06,2.9764928359743492e-05,3.22694616154516e-05,0.0005351146774467323,0.00016933830852349416,6.267296257966071e-05,0.00478064724994971,0.01566504621859538,True
energy_gradient,7301,760,2.503950601887394e-06,2.9756029881499772e-05,3.2259980483387166e-05,0.0005349429723411032,0.0001684303660658292,6.266737815865245e-05,0.0047801341681335445,0.015663377157868006,True
energy_gradient,7301,761,2.503370968062245e-06,2.9747176980336583e-05,3.225054794839883e-05,0.0005347721139493302,0.00016754411465192895,6.266183216991057e-05,0.004779623498885445,0.015661716075166435,True
energy_gradient,7301,762,2.502794278963583e-06,2.9738368514984196e-05,3.224116279394778e-05,0.0005346020807584212,0.00016667956794888633,6.265632374494638e-05,0.0047791151783375145,0.015660062760877773,True
energy_gradient,7301,763,2.5022204593132617e-06,2.9729603343667246e-05,3.223182380298051e-05,0.0005344328512275401,0.00016583673928908117,6.265085202071232e-05,0.004778609142499495,0.015658417005063395,True
energy_gradient,7301,764,2.5016494338197762e-06,2.9720880324109016e-05,3.222252975792879e-05,0.000534264403786277,0.00016501564166997385,6.264541613980378e-05,0.004778105327259066,0.015656778597461975,True
energy_gradient,7301,765,2.501081127176393e-06,2.9712198313504866e-05,3.221327944068126e-05,0.0005340967168347051,0.0001642162877539056,6.264001525003136e-05,0.004777603668381933,0.015655147327485245,True
energy_gradient,7301,766,2.5005154640621576e-06,2.970355616852867e-05,3.220407163259083e-05,0.0005339297687445665,0.0001634386898679025,6.263464850503942e-05,0.004777104101511689,0.015653522984224132,True
energy_gradient,7301,767,2.4999523691420962e-06,2.969495274529811e-05,3.21949051144402e-05,0.0005337635378561316,0.0001626828600034861,6.262931506350904e-05,0.004776606562170392,0.015651905356442092,True
energy_gradient,7301,768,2.4993917670627207e-06,2.9686386899384428e-05,3.218577866644715e-05,0.0005335980024831614,0.00016194880981648766,6.262401408966965e-05,0.004776110985759718,0.01565029423258416,True
energy_gradient,7301,769,2.4988335824570448e-06,2.967785748580392e-05,3.2176691068260964e-05,0.0005334331409106987,0.00016123655062686925,6.261874475296129e-05,0.004775617307559163,0.01564868940076771,True
energy_gradient,7301,770,2.498277739934979e-06,2.9669363358995287e-05,3.216764109893027e-05,0.0005332689313922508,0.00016054609341854863,6.261350622800974e-05,0.004775125462728083,0.015647090648788612,True
energy_gradient,7301,771,2.4977241640957065e-06,2.9660903372826625e-05,3.215862753692233e-05,0.0005331053521545385,0.00015987744883923008,6.260829769458775e-05,0.004774635386304884,0.015645497764118246,True
energy_gradient,7301,772,2.4971727795147453e-06,2.9652476380590567e-05,3.2149649160105316e-05,0.0005329423813941135,0.00015923062720024037,6.260311833780433e-05,0.004774147013207462,0.01564391053390693,True
energy_gradient,7301,773,2.4966235107451826e-06,2.9644081234988503e-05,3.214070474573369e-05,0.0005327799972785945,0.0001586056384763691,6.259796734759937e-05,0.004773660278235004,0.015642328744984144,True
energy_gradient,7301,774,2.496076282327697e-06,2.9635716788134107e-05,3.21317930704618e-05,0.0005326181779471736,0.00015800249230571548,6.259284391929526e-05,0.004773175116065522,0.015640752183856726,True
energy_gradient,7301,775,2.4955310187773363e-06,2.962738189155306e-05,3.2122912910330395e-05,0.0005324569015109815,0.00015742119798953978,6.258774725289545e-05,0.004772691461259647,0.01563918063671324,True
energy_gradient,7301,776,2.494987644592598e-06,2.9619075396167556e-05,3.211406304076015e-05,0.0005322961460512488,0.00015686176449211954,6.258267655372876e-05,0.004772209248258616,0.015637613889424577,True
energy_gradient,7301,777,2.494446084248408e-06,2.9610796152313153e-05,3.2105242236561564e-05,0.000532135889620214,0.000156324200440611,6.257763103172384e-05,0.00477172841138456,0.015636051727537077,True
energy_gradient,7301,778,2.493906262202974e-06,2.9602543009724085e-05,3.209644927192706e-05,0.0005319761102432967,0.00015580851412491707,6.257260990216181e-05,0.004771248884843891,0.015634493936291228,True
energy_gradient,7301,779,2.493368102887024e-06,2.9594314817540148e-05,3.208768292042717e-05,0.0005318167859180517,0.0001553147134975587,6.256761238487102e-05,0.0047707706027241776,0.015632940300603235,True
energy_gradient,7301,780,2.4928315307151803e-06,2.9586110424308926e-05,3.2078941955024106e-05,0.0005316578946114424,0.00015484280617355237,6.256263770459699e-05,0.004770293498996963,0.01563139060507783,True
energy_gradient,7301,781,2.492296470081689e-06,2.957792867798786e-05,3.207022514806955e-05,0.0005314994142636226,0.00015439279943029263,6.255768509118854e-05,0.0047698175075182245,0.015629844634011694,True
energy_gradient,7301,782,2.4917628453574934e-06,2.956976842593674e-05,3.2061531271294234e-05,0.0005313413227888354,0.00015396470020744035,6.255275377913857e-05,0.004769342562027698,0.015628302171386436,True
energy_gradient,7301,783,2.491230580895298e-06,2.9561628514943487e-05,3.2052859095838783e-05,0.0005311835980699807,0.00015355851510681515,6.254784300759634e-05,0.004768868596150717,0.015626763000874486,True
energy_gradient,7301,784,2.4906996010242716e-06,2.9553507791211982e-05,3.204420739223625e-05,0.0005310262179652458,0.00015317425039229355,6.25429520209067e-05,0.004768395543398998,0.015625226905847327,True
energy_gradient,7301,785,2.4901698300586125e-06,2.9545405100377003e-05,3.203557493043562e-05,0.0005308691603051983,0.000152811911989713,6.25380800678086e-05,0.004767923337170414,0.015623693669366223,True
energy_gradient,7301,786,2.4896411922871448e-06,2.9537319287499724e-05,3.202696047978687e-05,0.0005307124028939835,0.00015247150548677976,6.253322640194953e-05,0.004767451910749465,0.015622163074189182,True
energy_gradient,7301,787,2.489113611984253e-06,2.952924919709288e-05,3.201836280907713e-05,0.0005305559235062315,0.0001521530361329834,6.25283902818685e-05,0.004766981197309995,0.015620634902779307,True
energy_gradient,7301,788,2.4885870134037768e-06,2.9521193673120375e-05,3.200978068652415e-05,0.0005303996998932975,0.00015185650883951522,6.252357097058006e-05,0.004766511129913407,0.015619108937294748,True
energy_gradient,7301,789,2.4880613207780047e-06,2.9513151559003093e-05,3.20012128797811e-05,0.0005302437097778489,0.00015158192817919285,6.251876773601537e-05,0.004766041641512389,0.015617584959605108,True
energy_gradient,7301,790,2.4875364583286715e-06,2.950512169764547e-05,3.199265815597414e-05,0.0005300879308580026,0.0001513292983863896,6.251397985083247e-05,0.004765572664949032,0.015616062751283492,True
energy_gradient,7301,791,2.4870123502563217e-06,2.9497102931424986e-05,3.198411528168131e-05,0.0005299323408066687,0.0001510986233569698,6.250920659235353e-05,0.004765104132957343,0.015614542093613753,True
energy_gradient,7301,792,2.486488920746785e-06,2.9489094102224946e-05,3.197558302297173e-05,0.0005297769172712798,0.0001508899066482275,6.250444724270629e-05,0.004764635978163635,0.015613022767593195,True
energy_gradient,7301,793,2.485966093969749e-06,2.9481094051443243e-05,3.196706014541299e-05,0.000529621637872096,0.00015070315147883243,6.249970108871085e-05,0.004764168133087336,0.015611504553933923,True
energy_gradient,7301,794,2.485443794082785e-06,2.9473101619999576e-05,3.195854541408236e-05,0.0005294664802067631,0.00015053836072878072,6.249496742189413e-05,0.004763700530142151,0.015609987233066626,True
energy_gradient,7301,795,2.4849219452267935e-06,2.9465115648366067e-05,3.195003759359286e-05,0.0005293114218473805,0.00015039553693934918,6.249024553864185e-05,0.0047632331016380465,0.015608470585148445,True
energy_gradient,7301,796,2.484400471537026e-06,2.9457134976563014e-05,3.194153544810004e-05,0.0005291564403439801,0.0001502746823130576,6.248553473996258e-05,0.004762765779780291,0.015606954390057418,True
energy_gradient,7301,797,2.4838792971320162e-06,2.9449158444199135e-05,3.193303774133115e-05,0.0005290015132216155,0.00015017579871363365,6.248083433174978e-05,0.004762298496672559,0.015605438427405038,True
energy_gradient,7301,798,2.483358346123018e-06,2.944118489048473e-05,3.1924543236607744e-05,0.000528846617981715,0.0001500988876659848,6.247614362467069e-05,0.004761831184316143,0.015603922476532583,True
energy_gradient,7301,799,2.482837542612014e-06,2.9433213154238954e-05,3.191605069685097e-05,0.000528691732103346,0.0001500439503561747,6.247146193398723e-05,0.004761363774612796,0.015602406316518122,True
energy_gradient,7301,800,2.4823168106948335e-06,2.942524207392568e-05,3.190755888462051e-05,0.0005285368330430008,0.00015001098763140446,6.246678858017727e-05,0.004760896199364981,0.015600889726183925,True
energy_only,7302,1,1.061574211865729,-0.0,1.061574211865729,1.2391145892192574,0.003,0.09073078875590307,0.33123027647922676,2.007286192070847,True
energy_only,7302,2,1.0322687907937915,-0.0,1.0322687907937915,0.8899143759580986,0.0029999890123685955,0.08906094630150328,0.3311621788624909,1.9892522982619867,True
energy_only,7302,3,1.0127374654701593,-0.0,1.0127374654701593,0.5791692415507995,0.0029999560496438253,0.08782472126418578,0.3310869083181742,1.9758233970383248,True
energy_only,7302,4,1.00117757144293,-0.0,1.00117757144293,0.3044948895190505,0.0029999011123340146,0.0869597306224857,0.3310027915383205,1.9663284982291627,True
energy_only,7302,5,0.9958009984368521,-0.0,0.9958009984368521,0.07278575841921474,0.002999824201286366,0.08639609071593762,0.3309076869505132,1.9600150972114103,True
energy_only,7302,6,0.9946818764655234,-0.0,0.9946818764655234,0.14799267320029433,0.002999725317686942,0.08605274244506185,0.3307994784174599,1.9560115067197343,True
energy_only,7302,7,0.9956718112603866,-0.0,0.9956718112603866,0.3029166994147837,0.0029996044630606505,0.08584286219210344,0.3306777361589604,1.9533898113698687,True
energy_only,7302,8,0.9967058903362075,-0.0,0.9967058903362075,0.40938652926325503,0.002999461639271219,0.08569381887219149,0.33054247141293824,1.95137493954187,True
energy_only,7302,9,0.9963687613989994,-0.0,0.9963687613989994,0.4663938559930196,0.002999296848521167,0.08556212841616337,0.330391880678161,1.9494971791465718,True
energy_only,7302,10,0.9941211145696042,-0.0,0.9941211145696042,0.4804013581925891,0.0029991100933517718,0.08543015518664694,0.3302210851970489,1.9475530216227752,True
energy_only,7302,11,0.9900544886379395,-0.0,0.9900544886379395,0.46093180488948915,0.0029989013766430297,0.08529372672692581,0.33002178485620476,1.9454719029298366,True
energy_only,7302,12,0.9845150655662732,-0.0,0.9845150655662732,0.417904186794819,0.00299867070161361,0.0851515361503695,0.3297825029391983,1.943203875362912,True
energy_only,7302,13,0.9778352896198482,-0.0,0.9778352896198482,0.36070683800438125,0.0029984180718208068,0.08499955452137672,0.32948924687250797,1.9406620500767255,True
energy_only,7302,14,0.9702106479108442,-0.0,0.9702106479108442,0.29889869976155053,0.002998143491160484,0.08482782054033672,0.3291251798757928,1.9376873071503793,True
energy_only,7302,15,0.9616578031127994,-0.0,0.9616578031127994,0.2449818014798029,0.0029978469638670155,0.0846174588543075,0.3286692618850566,1.9340122122634376,True
energy_only,7302,16,0.9519871147615487,-0.0,0.9519871147615487,0.21749232825667977,0.002997528494513219,0.0843382933667578,0.3280951182723738,1.9292319976685965,True
energy_only,7302,17,0.9407778335512956,-0.0,0.9407778335512956,0.23266712487108318,0.0029971880880102857,0.08394676690509341,0.32737014107362555,1.9227795419083105,True
energy_only,7302,18,0.9273563587387038,-0.0,0.9273563587387038,0.28544239399282095,0.002996825749607705,0.08338440104357128,0.326454604062437,1.9139061574135456,True
energy_only,7302,19,0.9107793620464012,-0.0,0.9107793620464012,0.3588076763313198,0.0029964414848931836,0.08257777891104637,0.3253007603280631,1.9016785762610326,True
energy_only,7302,20,0.8898376426430677,-0.0,0.8898376426430677,0.4412323967842506,0.002996035299792558,0.08143956641111079,0.3238518278026096,1.884986666208055,True
energy_only,7302,21,0.8630871383688932,-0.0,0.8630871383688932,0.5282190684332356,0.002995607200569706,0.07986827145699577,0.32204112918347766,1.862538163346304,True
energy_only,7302,22,0.8288895197791636,-0.0,0.8288895197791636,0.619917609983728,0.0029951571938264467,0.07774544986252134,0.3197926068707712,1.832830469119713,True
energy_only,7302,23,0.7854513495959964,-0.0,0.7854513495959964,0.719285922797067,0.0029946852865024402,0.07493060402224994,0.317025462507005,1.7941107634630007,True
energy_only,7302,24,0.7308791442280295,-0.0,0.7308791442280295,0.8302193760384172,0.002994191485875082,0.07125355957707237,0.31366867444390734,1.744340189072712,True
energy_only,7302,25,0.6632936442309268,-0.0,0.6632936442309268,0.9547841519870108,0.002993675799559388,0.06650451777882274,0.30969767310688623,1.6812027372992722,True
energy_only,7302,26,0.581105824767293,-0.0,0.581105824767293,1.0889058617865246,0.00299313823550788,0.06042810358652588,0.3052168531790028,1.6023005594095476,True
energy_only,7302,27,0.48367345281110063,-0.0,0.48367345281110063,1.2159339638025033,0.0029925788020104594,0.05274942078854796,0.30063437435194185,1.5059803476268865,True
energy_only,7302,28,0.37279157631091236,-0.0,0.37279157631091236,1.296178826825011,0.002991997507694284,0.043346651289575516,0.29702128821885126,1.394301816055157,True
energy_only,7302,29,0.2558956479744476,-0.0,0.2558956479744476,1.2477113738882162,0.00299139436152363,0.033124529042362294,0.2967690597350913,1.284421820714826,True
energy_only,7302,30,0.15270396279363302,-0.0,0.15270396279363302,0.9130245137120455,0.002990769372799759,0.02775516674556041,0.30422173964631594,1.2504988756404773,True
energy_only,7302,31,0.10694120023285689,-0.0,0.10694120023285689,0.2721496361656407,0.0029901225511607694,0.036467553865335206,0.3218355431232399,1.3987280210230861,False
energy_only,7302,32,0.17845238944456493,-0.0,0.17845238944456493,1.842643917242886,0.0029894539065814505,0.04555015541081816,0.3337281515949418,1.5329614578867483,False
energy_only,7302,33,0.27467586530561516,-0.0,0.27467586530561516,3.062370218693436,0.00298876344937313,0.044907870525184926,0.3299890941296487,1.5143782085898374,False
energy_only,7302,34,0.266972275032516,-0.0,0.266972275032516,3.00434336196398,0.002988051190183511,0.038239881731561384,0.31804176903975845,1.4057414796277516,False
energy_only,7302,35,0.19648689103909533,-0.0,0.19648689103909533,2.1882516956266245,0.002987317139996513,0.030581993312861187,0.3053697525558141,1.2842674524404545,False
energy_only,7302,36,0.12934055397297609,-0.0,0.12934055397297609,1.2183426285971142,0.002986561310132096,0.02586781622001129,0.29574223266566063,1.203758376479151,True
energy_only,7302,37,0.09454374691930573,-0.0,0.09454374691930573,0.43136960668086327,0.0029857837122460934,0.025502757730260554,0.28973396166769116,1.1810154409790088,True
energy_only,7302,38,0.09033742507555906,-0.0,0.09033742507555906,0.2896523864297193,0.002984984358330025,0.027676836432435396,0.28636715689428704,1.1936556597878454,False
energy_only,7302,39,0.10297838543352376,-0.0,0.10297838543352376,0.607186118640067,0.002984163260710918,0.030175134672978145,0.2844500885798456,1.2143035128156583,False
energy_only,7302,40,0.11964163524881531,-0.0,0.11964163524881531,0.8135329305664788,0.002983320432051112,0.03195649700571584,0.28311033067187397,1.229111285608949,False
energy_only,7302,41,0.13250803442192655,-0.0,0.13250803442192655,0.9261411036123189,0.0029824558853480698,0.0327356199065058,0.28183611896680694,1.233428934804173,False
energy_only,7302,42,0.13807358890233729,-0.0,0.13807358890233729,0.9746143289950228,0.0029815696339341694,0.032512694933304845,0.28038397942067217,1.2264947612140127,False
energy_only,7302,43,0.13555067902137108,-0.0,0.13555067902137108,0.9743943317066616,0.002980661691476505,0.03138303903007618,0.2787021508494837,1.2091636039542244,False
energy_only,7302,44,0.12582742111988518,-0.0,0.12582742111988518,0.9290272856305897,0.0029797320719766713,0.02949687228121474,0.27689543716252946,1.1833673417735617,False
energy_only,7302,45,0.11103061870940333,-0.0,0.11103061870940333,0.8352466290524221,0.0029787807897705514,0.027082215686194146,0.2752103381856337,1.1523126118073312,True
energy_only,7302,46,0.09429132192232709,-0.0,0.09429132192232709,0.6898554303360199,0.002977807859528094,0.024486125388276096,0.27399364160304857,1.1207909632246025,True
energy_only,7302,47,0.07925262684788495,-0.0,0.07925262684788495,0.4983068003346491,0.002976813296253087,0.022204923693000332,0.27356813860156753,1.095111615280019,True
energy_only,7302,48,0.0691340962386753,-0.0,0.0691340962386753,0.28497024148332756,0.0029757971152829265,0.020853915676138892,0.2740337914017234,1.0821545687975456,True
energy_only,7302,49,0.06580740528341467,-0.0,0.06580740528341467,0.1793343340927211,0.00297475933228838,0.02086723104361501,0.27515069504741424,1.0858002361370882,False
energy_only,7302,50,0.06927459059119918,-0.0,0.06927459059119918,0.38054149542594634,0.0029736999632733446,0.021869746112331844,0.2764629598082793,1.1006152983993005,False
energy_only,7302,51,0.07690905442179508,-0.0,0.07690905442179508,0.630055713146808,0.0029726190245746016,0.02275102932638291,0.27750494526999747,1.1132887667118063,False
energy_only,7302,52,0.08363200159680219,-0.0,0.08363200159680219,0.7914164983089117,0.0029715165328615626,0.02279322377739102,0.2778115794419542,1.1147009266875227,False
energy_only,7302,53,0.08551802499247371,-0.0,0.08551802499247371,0.8321297749010828,0.002970392505136014,0.022115561950195883,0.2769849618060147,1.1048760502397124,False
energy_only,7302,54,0.08216262929709048,-0.0,0.08216262929709048,0.7699958817079837,0.002969246958731854,0.021184919295684536,0.27505264491762216,1.088882983068695,False
energy_only,7302,55,0.07547814489662105,-0.0,0.07547814489662105,0.6141729446006754,0.0029680799113148246,0.020456980362770927,0.27260446662958776,1.07343495246758,True
energy_only,7302,56,0.06858668469829782,-0.0,0.06858668469829782,0.4012506869096076,0.002966891380882241,0.020200606628464693,0.27033852321303353,1.0635910322100735,True
energy_only,7302,57,0.06403818184160022,-0.0,0.06403818184160022,0.19426677756787467,0.0029656813857627125,0.02044037181405112,0.26860438366515815,1.0607100172144561,True
energy_only,7302,58,0.06253631487031887,-0.0,0.06253631487031887,0.06088336417949094,0.0029644499446158613,0.021058570057635857,0.26740043531909663,1.0635307113700998,False
energy_only,7302,59,0.06354495343262628,-0.0,0.06354495343262628,0.16997833816057203,0.002963197076432033,0.021838868385436715,0.2665851663788625,1.0693005427339588,False
energy_only,7302,60,0.06593730634723206,-0.0,0.06593730634723206,0.29246537250465343,0.002961922800532004,0.022518355393660202,0.26602153440133347,1.0747838818204118,False
energy_only,7302,61,0.06835454275001045,-0.0,0.06835454275001045,0.37349477593365377,0.0029606271365666867,0.022912285428376665,0.26562044604884927,1.0777296805679564,False
energy_only,7302,62,0.06978967931869141,-0.0,0.06978967931869141,0.4106161986601857,0.002959310104516821,0.02296318557924688,0.2653384741443956,1.0773883727449007,False
energy_only,7302,63,0.06987919987647594,-0.0,0.06987919987647594,0.41380584008843807,0.0029579717246926707,0.02269082819869339,0.26517171427799374,1.0739587180325385,False
energy_only,7302,64,0.06871033960257267,-0.0,0.06871033960257267,0.3880060529284694,0.002956612017733708,0.02215732078403823,0.26515160011319977,1.0682021202582703,False
energy_only,7302,65,0.06667471400651646,-0.0,0.06667471400651646,0.3319400966875814,0.002955231004608297,0.02147542268723984,0.26532169215635804,1.0614585716092957,False
energy_only,7302,66,0.06443800299920781,-0.0,0.06443800299920781,0.2519860416252026,0.0029538287066133676,0.020796531423601074,0.2656880652072308,1.0553628170008356,True
energy_only,7302,67,0.0626758158042022,-0.0,0.0626758158042022,0.16599406079575713,0.0029524051453740903,0.020264115670820825,0.26618463170299916,1.0512386230380766,True
energy_only,7302,68,0.0617436601913397,-0.0,0.0617436601913397,0.08918682513563785,0.0029509603428435403,0.01996724067633862,0.2667044540856517,1.049701031328986,True
energy_only,7302,69,0.06168573494728601,-0.0,0.06168573494728601,0.07123219260628384,0.0029494943213023597,0.019883500490469802,0.2671648845310563,1.050251674826253,False
energy_only,7302,70,0.0622981981556521,-0.0,0.0622981981556521,0.1422088987911487,0.0029480071033584146,0.01987346557052438,0.2675178787577414,1.0512518765327161,False
energy_only,7302,71,0.06307982411607019,-0.0,0.06307982411607019,0.20655216135703697,0.002946498711946445,0.019817362234424825,0.2677006407923237,1.0512264495699626,False
energy_only,7302,72,0.0635178085388356,-0.0,0.0635178085388356,0.2417291772601447,0.002944969170327713,0.019719045943357844,0.26761924183464786,1.0499218974867506,False
energy_only,7302,73,0.06338768034043556,-0.0,0.06338768034043556,0.2514852406370667,0.0029434185020896417,0.019640515826976936,0.2672206265851565,1.0478334377629652,True
energy_only,7302,74,0.06269118332167727,-0.0,0.06269118332167727,0.23094819937841335,0.002941846731145454,0.019619599849952457,0.26657439337211786,1.045583084214503,True
energy_only,7302,75,0.06165173988444323,-0.0,0.06165173988444323,0.1798857134255728,0.0029402538817338026,0.019655485683964514,0.26584272058676156,1.0436708983653844,True
energy_only,7302,76,0.06063747623908635,-0.0,0.06063747623908635,0.11648534024278788,0.002938639978418395,0.01972920341843232,0.2651690982442782,1.042344544259451,True
energy_only,7302,77,0.05990284083560845,-0.0,0.05990284083560845,0.056228067897492545,0.002937005046087618,0.0198369281365997,0.2646149365451325,1.0417558380888696,True
energy_only,7302,78,0.059538035417963465,-0.0,0.059538035417963465,0.03551360506695613,0.00293534910995415,0.01998061185285445,0.2641766630218412,1.0419144051042948,False
energy_only,7302,79,0.05950586820025216,-0.0,0.05950586820025216,0.08349389781664728,0.0029336721955545743,0.020133683607675226,0.2638298667552785,1.0424601108570106,False
energy_only,7302,80,0.05963636840963214,-0.0,0.05963636840963214,0.12421622940872284,0.0029319743287489863,0.02024938634221021,0.2635580644523855,1.0428422660356416,False
energy_only,7302,81,0.059732858638887235,-0.0,0.059732858638887235,0.14743831282949582,0.0029302555357205917,0.02028937165769179,0.26335699337340857,1.0426382512906813,False
energy_only,7302,82,0.059676527960054404,-0.0,0.059676527960054404,0.15707414573515993,0.002928515842975305,0.0202339350526368,0.2632260059655654,1.0416357521747461,True
energy_only,7302,83,0.059419040948303775,-0.0,0.059419040948303775,0.1531407351829274,0.002926755277341342,0.020088600072240236,0.26315976684467673,1.0398769787028876,True
energy_only,7302,84,0.05898576327935309,-0.0,0.05898576327935309,0.1341032880855488,0.002924973865968801,0.019886922887767628,0.26314312126950457,1.0376724984914825,True
energy_only,7302,85,0.05848081149268413,-0.0,0.05848081149268413,0.1050721602669471,0.0029231716363292497,0.01967481442256768,0.26315060560257636,1.035432389476768,True
energy_only,7302,86,0.05801743298062574,-0.0,0.05801743298062574,0.0730728969135444,0.002921348616215299,0.01949036834943514,0.26315512063518254,1.0334781746412847,True
energy_only,7302,87,0.05766521320632815,-0.0,0.05766521320632815,0.04198545762680106,0.0029195048337401735,0.019351388822176838,0.26314005319344147,1.0319477437920725,True
energy_only,7302,88,0.057453035751530206,-0.0,0.057453035751530206,0.035408769732649906,0.0029176403173372806,0.019249500018166846,0.2630997021361562,1.0307338278721012,True
energy_only,7302,89,0.05735256082301452,-0.0,0.05735256082301452,0.06099539727784727,0.002915755095759769,0.01916448006687982,0.26302605275541446,1.029595481439241,True
energy_only,7302,90,0.05728522206015473,-0.0,0.05728522206015473,0.08444307807657694,0.002913849198080088,0.019089947307332582,0.26289862438665207,1.0284003555345826,True
energy_only,7302,91,0.057179800625501986,-0.0,0.057179800625501986,0.0996159835772952,0.0029119226536895373,0.01903487375457937,0.26269270127893607,1.0271666682153682,True
energy_only,7302,92,0.05699441754479473,-0.0,0.05699441754479473,0.10486094546308623,0.002909975492297815,0.019006249656435745,0.2624008422474687,1.0259456763061916,True
energy_only,7302,93,0.05671919124267355,-0.0,0.05671919124267355,0.09739795056178578,0.0029080077439325586,0.019000305777297936,0.26204398835333625,1.0247628442823669,True
energy_only,7302,94,0.056388397191394705,-0.0,0.056388397191394705,0.08051993339336602,0.002906019438938881,0.01900549780296799,0.26165809595932565,1.0236077631388634,True
energy_only,7302,95,0.05605293633961014,-0.0,0.05605293633961014,0.060719915727933546,0.0029040106079789066,0.01901294849241431,0.2612712538725353,1.0224738070287187,True
energy_only,7302,96,0.05574879143869321,-0.0,0.05574879143869321,0.0423094851729175,0.0029019812820312925,0.019022807102498655,0.2608933792736078,1.0213936775821473,True
energy_only,7302,97,0.05549481815310669,-0.0,0.05549481815310669,0.03476509210747573,0.0028999314923907555,0.019036239270608935,0.26052235360889336,1.020373168686097,True
energy_only,7302,98,0.05528484286983538,-0.0,0.05528484286983538,0.042528897537757133,0.002897861270667588,0.019046724618562827,0.2601557832129259,1.019335187359554,True
energy_only,7302,99,0.05509032347661716,-0.0,0.05509032347661716,0.052669501503460954,0.002895770648787169,0.019041976804876983,0.2597969273604079,1.0181588396886896,True
energy_only,7302,100,0.05488314241422429,-0.0,0.05488314241422429,0.06010890713375045,0.0028936596589894756,0.01900996531809453,0.25945164606527166,1.0167341200844424,True
energy_only,7302,101,0.054644149929241576,-0.0,0.054644149929241576,0.06358694171685877,0.002891528333828581,0.018945369842726694,0.25912194347833273,1.0150105377599525,True
energy_only,7302,102,0.05436515710703612,-0.0,0.05436515710703612,0.061377249081520806,0.0028893767061721554,0.0188538890638775,0.258802710283912,1.0130328809390305,True
energy_only,7302,103,0.054055152599931454,-0.0,0.054055152599931454,0.054915398915819744,0.00288720480920096,0.018748726637509393,0.258483876987309,1.0109104702712886,True
energy_only,7302,104,0.053732077047605874,-0.0,0.053732077047605874,0.047168079749457456,0.002885012676408332,0.018642603876535085,0.25815615319032004,1.0087499228363908,True
energy_only,7302,105,0.053410990868430215,-0.0,0.053410990868430215,0.03948707898013644,0.0028828003415996705,0.018542273612902282,0.2578154745076288,1.0066105543361346,True
energy_only,7302,106,0.05310240390365362,-0.0,0.05310240390365362,0.03509861077439819,0.0028805678388919165,0.018447484935367745,0.2574617373886377,1.0044893622639122,True
energy_only,7302,107,0.052807813066738485,-0.0,0.052807813066738485,0.03715605399339592,0.002878315202713022,0.018355733374245026,0.2570933449646068,1.0023546101850758,True
energy_only,7302,108,0.0525182066098591,-0.0,0.0525182066098591,0.04262748910435143,0.002876042467801424,0.018268668891592517,0.25670387847556697,1.0002037714831207,True
energy_only,7302,109,0.0522225133429619,-0.0,0.0522225133429619,0.04823646285042839,0.002873749669205507,0.018191555891780686,0.2562849535232655,0.998066726341589,True
energy_only,7302,110,0.05191167708088471,-0.0,0.05191167708088471,0.05154044295712413,0.0028714368422830612,0.01812736877499504,0.2558327348423451,0.9959631863829526,True
energy_only,7302,111,0.05158041633866245,-0.0,0.05158041633866245,0.05053554169060624,0.002869104022700739,0.01807345605071378,0.25535129153122393,0.9938776195240955,True
energy_only,7302,112,0.051230905019359264,-0.0,0.051230905019359264,0.04623190293559506,0.0028667512464335032,0.018023443785083026,0.2548492265196121,0.9917689903692652,True
energy_only,7302,113,0.05086939789414082,-0.0,0.05086939789414082,0.04124465272072512,0.0028643785497640757,0.017972437350156887,0.2543335232884914,0.9896069704491766,True
energy_only,7302,114,0.05050168543498201,-0.0,0.05050168543498201,0.037588996855767436,0.0028619859692823736,0.017919980738196176,0.25380668152747066,0.9873945344959224,True
energy_only,7302,115,0.050132247356334744,-0.0,0.050132247356334744,0.03694167584088774,0.0028595735418849477,0.01786720883581184,0.25326853250547227,0.9851432645454763,True
energy_only,7302,116,0.04976151948759037,-0.0,0.04976151948759037,0.038741942362994185,0.0028571413047744137,0.017812637928876583,0.252719462211325,0.9828385374392388,True
energy_only,7302,117,0.04938569067805572,-0.0,0.04938569067805572,0.040947304644817314,0.002854689295458875,0.01775147366924724,0.25216134360376347,0.9804350638955772,True
energy_only,7302,118,0.04899999455845341,-0.0,0.04899999455845341,0.04302272538637746,0.00285221755175135,0.01767824946655051,0.2515956542443283,0.9778791402706725,True
energy_only,7302,119,0.04859975677537765,-0.0,0.04859975677537765,0.04476454312541508,0.0028497261117691832,0.017590563553772056,0.25102129676528706,0.9751416930193801,True
energy_only,7302,120,0.04818171403729972,-0.0,0.04818171403729972,0.04571338557722675,0.002847215013933462,0.017490599321931415,0.2504343748874224,0.9722338008539557,True
energy_only,7302,121,0.04774557309663589,-0.0,0.04774557309663589,0.04588559867363327,0.0028446842969684217,0.017382839699990153,0.24982986561457302,0.9691875484226843,True
energy_only,7302,122,0.047292555358106315,-0.0,0.047292555358106315,0.045116022965606316,0.002842133999900848,0.017270681454008473,0.24920349639224376,0.9660257830526278,True
energy_only,7302,123,0.046824173839766316,-0.0,0.046824173839766316,0.0433930936706404,0.0028395641620594762,0.017154958878602543,0.24855215447737897,0.9627476439648935,True
energy_only,7302,124,0.04634176674379345,-0.0,0.04634176674379345,0.041738945317747154,0.002836974823074385,0.017035047629531876,0.24787274136227988,0.9593367486833222,True
energy_only,7302,125,0.04584504647847148,-0.0,0.04584504647847148,0.041223595547363184,0.0028343660228763857,0.01691131446966078,0.2471610159842447,0.9557837076295149,True
energy_only,7302,126,0.04533215093805057,-0.0,0.04533215093805057,0.042057940874344404,0.0028317378016964032,0.016786020399232535,0.24641176409856283,0.9520962934780888,True
energy_only,7302,127,0.044800669967446714,-0.0,0.044800669967446714,0.04361959879729411,0.0028290902000648608,0.016661480390011977,0.24562006213410018,0.9482837666804582,True
energy_only,7302,128,0.04424788417419985,-0.0,0.04424788417419985,0.044760930678953925,0.002826423258811049,0.01653784932548028,0.24478228592556064,0.9443364116361063,True
energy_only,7302,129,0.04367161589730443,-0.0,0.04367161589730443,0.04505020111619525,0.002823737019062503,0.01641289741454736,0.24389586739451768,0.9402223766880207,True
energy_only,7302,130,0.04307077414300704,-0.0,0.04307077414300704,0.04521384645334784,0.0028210315222443622,0.016283807404749027,0.24295823032400748,0.9359035153595643,True
energy_only,7302,131,0.04244475339807307,-0.0,0.04244475339807307,0.04608999388810334,0.0028183068100787337,0.016149162718509254,0.24196610874184302,0.9313544652797408,True
energy_only,7302,132,0.04179319937408338,-0.0,0.04179319937408338,0.04794644024480349,0.00281556292458405,0.016009005992923545,0.24091569274861058,0.9265637303517305,True
energy_only,7302,133,0.041115656558831225,-0.0,0.041115656558831225,0.05044196747112308,0.00281279990807442,0.015863183887380727,0.23980302434378167,0.9215172584650436,True
energy_only,7302,134,0.040410967479120645,-0.0,0.040410967479120645,0.05299522634836945,0.002810017803158976,0.015710138388518292,0.23862400065382838,0.9161855526289399,True
energy_only,7302,135,0.03967748600332583,-0.0,0.03967748600332583,0.05547217393180886,0.0028072166527412182,0.015547315242010395,0.2373740376817847,0.9105269749187961,True
energy_only,7302,136,0.03891339028671182,-0.0,0.03891339028671182,0.058136557348189656,0.0028043965000183507,0.015372659062046252,0.23604799523793385,0.904503466554319,True
energy_only,7302,137,0.03811689684641825,-0.0,0.03811689684641825,0.06110966465032538,0.002801557388480617,0.01518578255194454,0.23464067526891053,0.8980945888152498,True
energy_only,7302,138,0.03728684117669668,-0.0,0.03728684117669668,0.06423674787868174,0.0027986993619106295,0.014987696234943036,0.23314749692168513,0.8912967563529977,True
energy_only,7302,139,0.03642291966302464,-0.0,0.03642291966302464,0.06719262203911887,0.0027958224643826936,0.01477956290898822,0.23156480854373088,0.884110923639242,True
energy_only,7302,140,0.03552562569401913,-0.0,0.03552562569401913,0.06975232012797837,0.002792926740262127,0.014561821482684608,0.22988983924203094,0.8765330827362304,True
energy_only,7302,141,0.03459628990124744,-0.0,0.03459628990124744,0.0720997105305608,0.002790012234204579,0.01433432392008143,0.22812083066363326,0.8685561381256585,True
energy_only,7302,142,0.03363682969239459,-0.0,0.03363682969239459,0.07468768144522774,0.002787078991155338,0.014097120597521289,0.22625778869956073,0.8601806458947863,True
energy_only,7302,143,0.032649427936196025,-0.0,0.032649427936196025,0.07782827421931625,0.00278412705634864,0.0138508894353173,0.2243035482981192,0.8514227335263742,True
energy_only,7302,144,0.03163639083252488,-0.0,0.03163639083252488,0.08146300646212729,0.002781156475306972,0.013596327081214834,0.22226429416386131,0.8423092360683504,True
energy_only,7302,145,0.030599842489654847,-0.0,0.030599842489654847,0.08522169878361655,0.002778167293840369,0.013333054620026062,0.2201490789181071,0.8328645065868769,True
energy_only,7302,146,0.0295414635993113,-0.0,0.0295414635993113,0.08873796683622719,0.0027751595580457057,0.013059127583202053,0.2179687888387483,0.8231019427427083,True
energy_only,7302,147,0.028462482287602585,-0.0,0.028462482287602585,0.09187040530375828,0.002772133314305989,0.012771601698650489,0.21573529848318015,0.8130273725515813,True
energy_only,7302,148,0.027363849254635073,-0.0,0.027363849254635073,0.09453950089716072,0.0027690886092896425,0.012467728835292803,0.21346076458660737,0.8026496023652187,True
energy_only,7302,149,0.026246897686650495,-0.0,0.026246897686650495,0.09646542493999034,0.002766025489949782,0.012145921924081685,0.21115604526983792,0.7919857556277133,True
energy_only,7302,150,0.02511440756766262,-0.0,0.02511440756766262,0.09715585843052961,0.0027629440035234986,0.011806078748864657,0.2088275349091211,0.781054799754493,True
energy_only,7302,151,0.02397150435474387,-0.0,0.02397150435474387,0.09617767170457533,0.002759844197531124,0.011449628013082027,0.2064732942833528,0.7698658985704149,True
energy_only,7302,152,0.022825923490032186,-0.0,0.022825923490032186,0.09352007886636417,0.0027567261197755013,0.01107963356807449,0.204080505892823,0.7584115423136294,True
energy_only,7302,153,0.021687099995734562,-0.0,0.021687099995734562,0.08971916470709128,0.002753589818341247,0.010700757350907775,0.20162573623160757,0.7466679748254085,True
energy_only,7302,154,0.020564085394979406,-0.0,0.020564085394979406,0.08561951204578518,0.0027504353415940094,0.010318723756467172,0.19907801125082117,0.7345991247091167,True
energy_only,7302,155,0.01946340576489954,-0.0,0.01946340576489954,0.08201159747000625,0.0027472627381797217,0.009939301766482625,0.1964039169690059,0.7221617426699147,True
energy_only,7302,156,0.018388237203669753,-0.0,0.018388237203669753,0.0794099037322951,0.0027440720570238533,0.009567346062386049,0.1935741207880571,0.7093156248714156,True
energy_only,7302,157,0.017339598833367765,-0.0,0.017339598833367765,0.07805079692082699,0.0027408633473306548,0.009206314776397443,0.19057070676601828,0.6960414761633147,True
energy_only,7302,158,0.01631882665677227,-0.0,0.01631882665677227,0.07800228259677236,0.002737636658582399,0.00885781778237885,0.18739379438882148,0.6823568516624049,True
energy_only,7302,159,0.015329149291257171,-0.0,0.015329149291257171,0.07916334647087876,0.002734392040538618,0.008520439149296982,0.18406466757187462,0.6683134054046925,True
energy_only,7302,160,0.01437458489081422,-0.0,0.01437458489081422,0.08107475560192481,0.0027311295432353353,0.008188267407613269,0.1806220950947721,0.6539696633192734,True
energy_only,7302,161,0.013456901755538722,-0.0,0.013456901755538722,0.08271474172227362,0.002727849216984296,0.007851457396543592,0.17710966768434247,0.639357297398719,True
energy_only,7302,162,0.01257414441142736,-0.0,0.01257414441142736,0.0826140905122991,0.0027245511123721888,0.007501122565956061,0.173555855363126,0.6244707782695396,True
energy_only,7302,163,0.01172378847377979,-0.0,0.01172378847377979,0.07954516756602063,0.0027212352802598663,0.0071367708283839384,0.16995444554943648,0.6092853664705121,True
energy_only,7302,164,0.010907860312657317,-0.0,0.010907860312657317,0.073496861493487,0.0027179017717815623,0.006769864683467362,0.1662568652045024,0.5937710211764072,True
energy_only,7302,165,0.010132743697223863,-0.0,0.010132743697223863,0.06606182762822223,0.0027145506383441003,0.0064193020879754195,0.16238508167685106,0.5778846409083762,True
energy_only,7302,166,0.009402585435859014,-0.0,0.009402585435859014,0.059467234061631055,0.002711181931626104,0.0061027937242087976,0.15826402973971823,0.5615797621811234,True
energy_only,7302,167,0.008715629075695291,-0.0,0.008715629075695291,0.05481377993591321,0.002707795703577198,0.005830827054332394,0.1538598980577512,0.5448622440964642,True
energy_only,7302,168,0.008069388683252922,-0.0,0.008069388683252922,0.05177684289056422,0.0027043920064172087,0.0056031568476228215,0.1492035386243713,0.5278262479100913,True
energy_only,7302,169,0.0074661373622587545,-0.0,0.0074661373622587545,0.04998804976540865,0.0027009708926353554,0.005405630190603694,0.144383123200372,0.5105973183590842,True
energy_only,7302,170,0.006909116438231127,-0.0,0.006909116438231127,0.048962041607862675,0.0026975324149894455,0.005214892928244113,0.1395042918935832,0.4932576017804677,True
energy_only,7302,171,0.006396581867661261,-0.0,0.006396581867661261,0.046980496718497376,0.002694076626505058,0.0050171142873466695,0.13463551303946156,0.47587427389475423,True
energy_only,7302,172,0.005925557461746836,-0.0,0.005925557461746836,0.04264633929984691,0.0026906035804747266,0.004823411577068615,0.12977379008108528,0.45855657700532504,True
energy_only,7302,173,0.005497341042444387,-0.0,0.005497341042444387,0.037455995318125046,0.0026871133304571166,0.004660719833817542,0.12486124671399922,0.4414104076070829,True
energy_only,7302,174,0.005112352616154371,-0.0,0.005112352616154371,0.034380841193010846,0.0026836059302762015,0.004548460456131542,0.11984666791772657,0.42448237340063627,True
energy_only,7302,175,0.004764990291574261,-0.0,0.004764990291574261,0.032955991119674594,0.002680081434020431,0.004486222108464454,0.1147450301329594,0.40781506364666886,True
energy_only,7302,176,0.004449616080873381,-0.0,0.004449616080873381,0.03066264938998056,0.002676539896041897,0.004455848195773636,0.10964805462478147,0.3915024307480444,True
energy_only,7302,177,0.0041651215377380545,-0.0,0.0041651215377380545,0.028160017175231113,0.0026729813709554964,0.004429500226616538,0.10468013402209426,0.37563758894118976,True
energy_only,7302,178,0.003908893711738903,-0.0,0.003908893711738903,0.026789334369109425,0.002669405913638088,0.004385412413134241,0.09993342370281731,0.3602773356730694,True
energy_only,7302,179,0.003674625931835532,-0.0,0.003674625931835532,0.025462910143875854,0.0026658135792276476,0.004323027339653672,0.09542780224744997,0.3454780785771744,True
energy_only,7302,180,0.0034584737274293404,-0.0,0.0034584737274293404,0.025053363177643857,0.0026622044231224143,0.004258367099171653,0.09112150634278177,0.3312797971920707,True
energy_only,7302,181,0.003258187330354171,-0.0,0.003258187330354171,0.02676917713747877,0.002658578500980041,0.004205732361445404,0.0869627127008993,0.31767254360303887,True
energy_only,7302,182,0.003068613334065617,-0.0,0.003068613334065617,0.027596943282374595,0.002654935868716732,0.00416638659000859,0.08294667536195412,0.3046549138816875,True
energy_only,7302,183,0.002885750988404491,-0.0,0.002885750988404491,0.025778929099692757,0.002651276582506383,0.004126717650895385,0.0791359252206593,0.2922777921225811,True
energy_only,7302,184,0.002709528819730384,-0.0,0.002709528819730384,0.023465174375901558,0.002647600698779715,0.004065012775012201,0.07562122401465199,0.2805941699287034,True
energy_only,7302,185,0.0025391368423658693,-0.0,0.0025391368423658693,0.022381599389099883,0.0026439082742234017,0.0039696201479439384,0.07245198268055822,0.2696346961559049,True
energy_only,7302,186,0.0023727412505486272,-0.0,0.0023727412505486272,0.02204887723650509,0.0026401993657791975,0.0038504087740999886,0.06960024825522737,0.25941700670830875,True
energy_only,7302,187,0.002210965350699112,-0.0,0.002210965350699112,0.02275179522383711,0.0026364740306430586,0.003726651001419443,0.06699190006704665,0.24991426687210253,True
energy_only,7302,188,0.0020547108032676065,-0.0,0.0020547108032676065,0.023752555573060243,0.0026327323262642613,0.003609220719537978,0.06457106219163662,0.24106724615994904,True
energy_only,7302,189,0.0019035690511301315,-0.0,0.0019035690511301315,0.022708496595175782,0.0026289743103445158,0.003497014216177971,0.06233524542325098,0.23285635765323495,True
energy_only,7302,190,0.0017586568197404612,-0.0,0.0017586568197404612,0.019774950554426414,0.002625200040837077,0.0033812289387220003,0.06032144645289271,0.22530371533274865,True
energy_only,7302,191,0.0016219481345402073,-0.0,0.0016219481345402073,0.01738996733517057,0.002621409575945849,0.00325152209607509,0.05856792384776459,0.21841895433636405,True
energy_only,7302,192,0.0014938139356613527,-0.0,0.0014938139356613527,0.016056135512087604,0.00261760297412449,0.0031061116121081007,0.05707494557166625,0.212183897208027,True
energy_only,7302,193,0.0013746944160544573,-0.0,0.0013746944160544573,0.015308169120506117,0.0026137802940755087,0.0029563349510524214,0.05578530945956869,0.2065401004231029,True
energy_only,7302,194,0.0012657189999854624,-0.0,0.0012657189999854624,0.01522000268479052,0.0026099415947493606,0.0028179377043909925,0.0546117427800756,0.20138183616701671,True
energy_only,7302,195,0.0011668516856285047,-0.0,0.0011668516856285047,0.014465184720723513,0.0026060869353435375,0.002698074855454647,0.05350231815228718,0.19662257242170283,True
energy_only,7302,196,0.0010776768926055776,-0.0,0.0010776768926055776,0.012300212760029818,0.0026022163753016566,0.00259017753428012,0.052475432105163686,0.19224991459415622,True
energy_only,7302,197,0.0009984549814491958,-0.0,0.0009984549814491958,0.010292763486679143,0.0025983299743125416,0.0024814189102355523,0.05157854112721201,0.18827584113647264,True
energy_only,7302,198,0.0009287309444271445,-0.0,0.0009287309444271445,0.009395447531490603,0.0025944277923093035,0.0023669016164628936,0.05082075686795733,0.18467667011231714,True
energy_only,7302,199,0.0008674429118914531,-0.0,0.0008674429118914531,0.008533642185369042,0.002590509889468415,0.0022541906153152884,0.05015421572300648,0.18138299222080842,True
energy_only,7302,200,0.0008140381204252092,-0.0,0.0008140381204252092,0.007936083913078781,0.002586576326208786,0.0021540133267717474,0.04950904350608805,0.17829010331729933,True
energy_only,7302,201,0.0007677133633256139,-0.0,0.0007677133633256139,0.007772641906190945,0.0025826271631908273,0.002071812095288356,0.04883622277210521,0.17530232244108718,True
energy_only,7302,202,0.0007272127164847643,-0.0,0.0007272127164847643,0.00707810090927972,0.0025786624613155186,0.002006086372248491,0.048130279085094006,0.1723864634592822,True
energy_only,7302,203,0.0006917644235794938,-0.0,0.0006917644235794938,0.006712321286415869,0.0025746822817234666,0.0019483050445183205,0.047424781794206526,0.16955678602561614,True
energy_only,7302,204,0.0006606722832249366,-0.0,0.0006606722832249366,0.007167887127913951,0.0025706866857939646,0.001888642507359041,0.04675470308606822,0.16681813569618018,True
energy_only,7302,205,0.0006329270786868535,-0.0,0.0006329270786868535,0.007090088159732945,0.0025666757351440446,0.0018268155315331006,0.04610937544756269,0.1641340274235238,True
energy_only,7302,206,0.0006078665871920431,-0.0,0.0006078665871920431,0.0065261119881658775,0.0025626494916275284,0.001772690435519542,0.04543091894281502,0.16142819178915419,True
energy_only,7302,207,0.0005850311463665625,-0.0,0.0005850311463665625,0.006337989678959672,0.00255860801733407,0.0017341202318304153,0.044669183524465084,0.1586271212691018,True
energy_only,7302,208,0.0005637663979076191,-0.0,0.0005637663979076191,0.0063054825076758105,0.0025545513745882037,0.0017085401383306698,0.0438286278869246,0.15571743122499376,True
energy_only,7302,209,0.0005436909241981997,-0.0,0.0005436909241981997,0.006453365465119733,0.0025504796259483787,0.001687145248968477,0.04295331710768241,0.15274338304567348,True
energy_only,7302,210,0.0005246748934145724,-0.0,0.0005246748934145724,0.006968410627210138,0.0025463928342059957,0.0016637778625873529,0.04207910678269954,0.14975173667441682,True
energy_only,7302,211,0.0005064530482125242,-0.0,0.0005064530482125242,0.00699241040170387,0.0025422910623844395,0.0016387658337600514,0.041208635115916145,0.14675426659145369,True
energy_only,7302,212,0.0004888956982057724,-0.0,0.0004888956982057724,0.006303093953737607,0.002538174373738105,0.001616579394797927,0.0403186776704478,0.14372582661661978,True
energy_only,7302,213,0.00047206157831837005,-0.0,0.00047206157831837005,0.005728391193274827,0.002534042831751424,0.0016019900301210092,0.03938227959675649,0.14063278370805482,True
energy_only,7302,214,0.00045588996449550957,-0.0,0.00045588996449550957,0.005469702630459176,0.0025298965001378853,0.0015965530182168565,0.03839566727730568,0.1374798982376744,True
energy_only,7302,215,0.00044037811003170576,-0.0,0.00044037811003170576,0.005397967073521441,0.0025257354428390518,0.0015959484354858193,0.03739123366172399,0.13432268077626394,True
energy_only,7302,216,0.00042566061308981884,-0.0,0.00042566061308981884,0.005546774560953007,0.0025215597240235733,0.0015933220437203033,0.03641316858840008,0.13122660127304664,True
energy_only,7302,217,0.00041176396370394845,-0.0,0.00041176396370394845,0.005403212462788557,0.002517369408086201,0.0015871906153218814,0.03547589162590713,0.1282210631061269,True
energy_only,7302,218,0.00039870443390516006,-0.0,0.00039870443390516006,0.004751361926931863,0.00251316455964679,0.0015824654457116526,0.034557435270261894,0.12528956986739173,True
energy_only,7302,219,0.00038657465898355565,-0.0,0.00038657465898355565,0.004145049861421563,0.002508945243549304,0.0015832403102060955,0.033634427377280396,0.12240249455336774,True
energy_only,7302,220,0.00037537021433821057,-0.0,0.00037537021433821057,0.0038257648120274663,0.002504711524860817,0.0015887445022793804,0.03271025727020165,0.11956224413719838,True
energy_only,7302,221,0.00036506080504833627,-0.0,0.00036506080504833627,0.003604981372709318,0.002500463468870509,0.0015958030837504675,0.031808827655010155,0.1168099155965621,True
energy_only,7302,222,0.00035567076827320925,-0.0,0.00035567076827320925,0.003583693652281585,0.002496201141088658,0.0016015151045915977,0.030954634955057597,0.11419139227216621,True
energy_only,7302,223,0.0003471495592658992,-0.0,0.0003471495592658992,0.0034578187930513174,0.002491924607245632,0.001604489477997086,0.030158625316060526,0.1117261652196524,True
energy_only,7302,224,0.0003394173092337581,-0.0,0.0003394173092337581,0.0030573016636623093,0.0024876339332908725,0.0016060226833459314,0.02941151042968625,0.10939893414882194,True
energy_only,7302,225,0.0003324350608941204,-0.0,0.0003324350608941204,0.0028465806814108184,0.00248332918539188,0.0016091310829481251,0.028692894106816337,0.10717790923154287,True
energy_only,7302,226,0.0003261158271045755,-0.0,0.0003261158271045755,0.002811851264829847,0.002479010429933192,0.001614856856489759,0.02799599711093231,0.10505294693511436,True
energy_only,7302,227,0.0003203607528116383,-0.0,0.0003203607528116383,0.0026852562128121286,0.0024746777335153606,0.0016205921902771928,0.02733819725431332,0.10305072883159909,True
energy_only,7302,228,0.00031511408094214656,-0.0,0.00031511408094214656,0.002643502744067364,0.0024703311629539243,0.0016232792935748689,0.026740405279499262,0.10120421671278455,True
energy_only,7302,229,0.0003102938163216981,-0.0,0.0003102938163216981,0.002650375862231995,0.002465970785278377,0.0016228054154848678,0.02620451789776536,0.09951815703344014,True
energy_only,7302,230,0.00030581594582570993,-0.0,0.00030581594582570993,0.0025975339254502242,0.0024615966677311385,0.0016210049360778325,0.02571670227610303,0.09796873436236053,True
energy_only,7302,231,0.00030163402831532475,-0.0,0.00030163402831532475,0.002674163628414956,0.0024572088777665107,0.0016191662174724498,0.02526331192150667,0.09652689077756381,True
energy_only,7302,232,0.0002976891660484805,-0.0,0.0002976891660484805,0.0027406613005456167,0.002452807483049644,0.0016175815257197209,0.02483930305715097,0.09517992368294953,True
energy_only,7302,233,0.00029392876608734476,-0.0,0.00029392876608734476,0.0026306847909061295,0.002448392551455489,0.0016155771405898629,0.024449789657099655,0.09393668505774945,True
energy_only,7302,234,0.00029033312967609087,-0.0,0.00029033312967609087,0.0025374801113060355,0.002443964151067753,0.001611544389035244,0.02410532517777793,0.09281311210289879,True
energy_only,7302,235,0.0002868748671297097,-0.0,0.0002868748671297097,0.002496022289181363,0.002439522350177847,0.0016047154326628828,0.023808477450281643,0.09180906549571406,True
energy_only,7302,236,0.0002835318907698393,-0.0,0.0002835318907698393,0.0024641973108658227,0.002435067217283837,0.0015965234563617538,0.023546463940071132,0.09089974295364026,True
energy_only,7302,237,0.000280304259275635,-0.0,0.000280304259275635,0.002497248592101599,0.0024305988210893826,0.0015888082495452728,0.023303265426974515,0.09005452838737993,True
energy_only,7302,238,0.0002771838854394745,-0.0,0.0002771838854394745,0.002473859730210095,0.002426117230502681,0.0015816372148400569,0.023075013844225285,0.08926200753103113,True
energy_only,7302,239,0.000274165947449031,-0.0,0.000274165947449031,0.0023234259874713183,0.002421622514635403,0.0015739226738007133,0.022867982624880063,0.08853025172854265,True
energy_only,7302,240,0.00027125926896456366,-0.0,0.00027125926896456366,0.002197530259088458,0.0024171147428016272,0.001565031845100643,0.02268699266923237,0.08786763052156818,True
energy_only,7302,241,0.00026846347329573765,-0.0,0.00026846347329573765,0.0021275077172739063,0.0024125939845167726,0.0015550705293529948,0.022530215924044476,0.08726953865355658,True
energy_only,7302,242,0.0002657783907956781,-0.0,0.0002657783907956781,0.002069690882191061,0.002408060309496523,0.0015446588764296307,0.022389849379577605,0.08671811732869493,True
energy_only,7302,243,0.0002632107788152929,-0.0,0.0002632107788152929,0.0020521500054884925,0.0024035137876557565,0.0015348138066493245,0.022255641046579164,0.08619205991889398,True
energy_only,7302,244,0.00026075816010082733,-0.0,0.00026075816010082733,0.0019988463205450296,0.002398954489107464,0.0015260699370399295,0.022122787777960413,0.0856820049786911,True
energy_only,7302,245,0.00025841757764762037,-0.0,0.00025841757764762037,0.0019018742056892946,0.00239438248416167,0.0015177021547715453,0.021996090880112017,0.08519527523998792,True
energy_only,7302,246,0.000256189715523592,-0.0,0.000256189715523592,0.0018519722067017448,0.0023897978433243456,0.0015087484472538677,0.02188178105639769,0.08474114909489024,True
energy_only,7302,247,0.0002540676001837024,-0.0,0.0002540676001837024,0.0018231810376135272,0.0023852006372963243,0.0014994170537294131,0.02177767350914265,0.08431499543829984,True
energy_only,7302,248,0.0002520442665960511,-0.0,0.0002520442665960511,0.0017785842290409376,0.00238059093697221,0.001490623466993129,0.021675427042516147,0.08390041911175604,True
energy_only,7302,249,0.00025011512711621407,-0.0,0.00025011512711621407,0.001751004182574145,0.0023759688134392847,0.0014828105608396525,0.021569006887494333,0.08348321617833776,True
energy_only,7302,250,0.00024827044225060466,-0.0,0.00024827044225060466,0.0017243068456460034,0.00237133433797641,0.0014758842931298956,0.021457710614461663,0.08306017961411787,True
energy_only,7302,251,0.0002465017706324599,-0.0,0.0002465017706324599,0.0017067052371841913,0.0023666875820529316,0.0014695273226068666,0.021344497942749643,0.08263720702468991,True
energy_only,7302,252,0.0002448029456012375,-0.0,0.0002448029456012375,0.0017192239831491916,0.0023620286173275736,0.0014632494210012796,0.02123313219569188,0.08222087178568238,True
energy_only,7302,253,0.00024316475445278467,-0.0,0.00024316475445278467,0.001708326136823626,0.002357357515647336,0.0014568788808224245,0.021123658598449106,0.08180948332817943,True
energy_only,7302,254,0.0002415800202039218,-0.0,0.0002415800202039218,0.0016731268523409125,0.0023526743490463846,0.0014509725811181454,0.021010732649793157,0.08139221963232471,True
energy_only,7302,255,0.00024004356256944812,-0.0,0.00024004356256944812,0.0016536454589546298,0.0023479791897449425,0.0014461049153524294,0.020889393289812163,0.08095964839009784,True
energy_only,7302,256,0.00023854860969626496,-0.0,0.00023854860969626496,0.001646644669479488,0.002343272110148173,0.0014420617162889005,0.0207609059530148,0.08051345353248221,True
energy_only,7302,257,0.00023709072490003125,-0.0,0.00023709072490003125,0.0016571176744535757,0.0023385531828450682,0.0014382534447432095,0.02063022032611284,0.08006287005877478,True
energy_only,7302,258,0.00023566706988197272,-0.0,0.00023566706988197272,0.001679607317304558,0.0023338224806073236,0.0014344701736367202,0.020500076579780608,0.07961425318791107,True
energy_only,7302,259,0.00023427387525305708,-0.0,0.00023427387525305708,0.0016702875997904368,0.00232908007638822,0.0014308484496465075,0.02036970876859795,0.07916665746145363,True
energy_only,7302,260,0.00023290923934534801,-0.0,0.00023290923934534801,0.0016348904867335313,0.002324326043321497,0.0014275864656167177,0.020236789647670773,0.0787148977241341,True
energy_only,7302,261,0.00023157211295307597,-0.0,0.00023157211295307597,0.001612205559383254,0.0023195604547202255,0.0014248977371860596,0.020099467394268954,0.07825544367474133,True
energy_only,7302,262,0.00023026068560262508,-0.0,0.00023026068560262508,0.0016056035789663043,0.0023147833840756775,0.001422776719303693,0.019958690326820662,0.07779121087750367,True
energy_only,7302,263,0.00022897449029157425,-0.0,0.00022897449029157425,0.0016092107757146147,0.002309994905056191,0.001420816674934695,0.01981843768759419,0.07733034101963408,True
energy_only,7302,264,0.00022771332801024935,-0.0,0.00022771332801024935,0.0016080286682058384,0.0023051950915060366,0.0014186741281732925,0.019681752914666988,0.07687871541590004,True
energy_only,7302,265,0.0002264762810880522,-0.0,0.0002264762810880522,0.0015839671392889297,0.0023003840174442773,0.0014165101264243514,0.019547666644879346,0.0764350119830311,True
energy_only,7302,266,0.00022526323204728722,-0.0,0.00022526323204728722,0.0015485203569839507,0.002295561757063626,0.0014146411080095936,0.01941359287026395,0.07599449575887864,True
energy_only,7302,267,0.00022407389612738265,-0.0,0.00022407389612738265,0.0015212307705195257,0.0022907283847293037,0.001413080911130504,0.019279031050668104,0.07555574429913116,True
energy_only,7302,268,0.0002229073780371729,-0.0,0.0002229073780371729,0.0015056571251270848,0.002285883974977891,0.0014116490740336113,0.019145709509653604,0.07512225325123839,True
energy_only,7302,269,0.0002217632970768153,-0.0,0.0002217632970768153,0.001500003661355024,0.002281028602516179,0.001410178110022399,0.01901585580149249,0.07469922274606636,True
energy_only,7302,270,0.00022064098017849447,-0.0,0.00022064098017849447,0.0014902500955497468,0.002276162342220017,0.0014085277115817494,0.018890920941957347,0.07428970707531497,True
energy_only,7302,271,0.00021953931484984388,-0.0,0.00021953931484984388,0.0014672115552461964,0.0022712852691331594,0.001406706759265714,0.018770507798091467,0.0738925552611557,True
energy_only,7302,272,0.00021845755536178854,-0.0,0.00021845755536178854,0.0014450569776714133,0.002266397458466105,0.0014049324640310248,0.018652719318929357,0.07350413456365301,True
energy_only,7302,273,0.00021739469145791638,-0.0,0.00021739469145791638,0.001431664144633524,0.0022614989855949423,0.0014033258414571492,0.01853671118013238,0.07312308791555155,True
energy_only,7302,274,0.00021634950906980455,-0.0,0.00021634950906980455,0.0014235086967917556,0.0022565899260601823,0.001401707538557825,0.018424050976098647,0.07275241861234437,True
energy_only,7302,275,0.00021532114447475118,-0.0,0.00021532114447475118,0.001420162062345394,0.002251670355565595,0.0013998675405771156,0.018316707368540228,0.07239606082335774,True
energy_only,7302,276,0.00021430856696623893,-0.0,0.00021430856696623893,0.0014156152030209547,0.0022467403499770444,0.0013978151746480583,0.018214922560596918,0.07205487384302225,True
energy_only,7302,277,0.00021331070673967113,-0.0,0.00021331070673967113,0.0014039989054959266,0.0022417999853213155,0.001395660259952288,0.018117619769881927,0.07172665193013567,True
energy_only,7302,278,0.00021232679544301507,-0.0,0.00021232679544301507,0.0013918371640282048,0.002236849337784941,0.0013934774479619353,0.018023678640905892,0.07140867735691413,True
energy_only,7302,279,0.00021135597480104556,-0.0,0.00021135597480104556,0.0013841203585662465,0.002231888483713032,0.0013913114705111972,0.017932621241530694,0.07109992828888984,True
energy_only,7302,280,0.000210397457736189,-0.0,0.000210397457736189,0.0013793441282900383,0.002226917499608094,0.0013891182491109092,0.017845021849993318,0.07080173575693517,True
energy_only,7302,281,0.0002094507158929569,-0.0,0.0002094507158929569,0.0013752416753776838,0.002221936462128852,0.0013867578869983816,0.017761999234782888,0.07051611622373805,True
energy_only,7302,282,0.0002085151676778504,-0.0,0.0002085151676778504,0.0013684137110000702,0.002216945448089066,0.0013841891806200112,0.017683652279084937,0.07024294015431456,True
energy_only,7302,283,0.00020759031993469387,-0.0,0.00020759031993469387,0.0013589361365990518,0.002211944534456346,0.0013815477267920759,0.01760864008359091,0.06997944840486214,True
energy_only,7302,284,0.00020667585142816023,-0.0,0.00020667585142816023,0.0013499959494788333,0.002206933798350966,0.0013789464560769226,0.0175357046563156,0.06972290000956838,True
energy_only,7302,285,0.0002057713856340156,-0.0,0.0002057713856340156,0.001343018279488175,0.0022019133170446768,0.0013763546263512818,0.017464774604276093,0.06947274294396316,True
energy_only,7302,286,0.00020487662536704457,-0.0,0.00020487662536704457,0.0013390739240272363,0.00219688316795951,0.0013737052973147087,0.01739639598706377,0.06922997574358739,True
energy_only,7302,287,0.0002039913747943923,-0.0,0.0002039913747943923,0.0013371110247048868,0.002191843428666588,0.0013709715478721163,0.01733089289565729,0.0689953277383117,True
energy_only,7302,288,0.0002031153768816093,-0.0,0.0002031153768816093,0.0013328216585833468,0.002186794176884924,0.0013681526348753804,0.01726806242415491,0.0687681545104155,True
energy_only,7302,289,0.0002022484252334287,-0.0,0.0002022484252334287,0.001326547293635942,0.0021817354904802265,0.0013653024572722267,0.0172070940111373,0.0685464886445773,True
energy_only,7302,290,0.00020139035562028972,-0.0,0.00020139035562028972,0.0013219457314821794,0.0021766674474636987,0.0013625135363133215,0.017147049819900267,0.0683283756518021,True
energy_only,7302,291,0.00020054094387364995,-0.0,0.00020054094387364995,0.0013194759951983528,0.002171590125990833,0.0013597983783695993,0.017087775146955843,0.06811346371515478,True
energy_only,7302,292,0.00019970000180855873,-0.0,0.00019970000180855873,0.0013184769220698622,0.0021665036043602075,0.0013570750267226266,0.017029878786814483,0.06790278790798046,True
energy_only,7302,293,0.00019886735602914579,-0.0,0.00019886735602914579,0.0013179311982651231,0.002161407961012278,0.0013543025080934366,0.016973679916155723,0.06769691218212011,True
energy_only,7302,294,0.00019804278481577592,-0.0,0.00019804278481577592,0.0013153681415002533,0.0021563032745281685,0.0013515290181444412,0.016918726916579557,0.06749493421096073,True
energy_only,7302,295,0.00019722609456762887,-0.0,0.00019722609456762887,0.0013104397331463109,0.0021511896236284596,0.0013488073358759072,0.016864343006174832,0.06729529427458576,True
energy_only,7302,296,0.00019641709493309155,-0.0,0.00019641709493309155,0.0013058407724865855,0.002146067087171974,0.0013461556459046578,0.01681013806141782,0.06709696267417367,True
energy_only,7302,297,0.00019561556693948782,-0.0,0.00019561556693948782,0.001303394570286951,0.0021409357441545605,0.0013435738724799976,0.01675610428507359,0.06689991414250812,True
energy_only,7302,298,0.0001948213224577359,-0.0,0.0001948213224577359,0.0013022739288791685,0.0021357956737078766,0.0013410308127335285,0.016702563992592026,0.06670482674550496,True
energy_only,7302,299,0.0001940341773177431,-0.0,0.0001940341773177431,0.0013001481936045936,0.0021306469550981667,0.0013384837702204704,0.016649802956928604,0.06651214126293246,True
energy_only,7302,300,0.0001932539350040708,-0.0,0.0001932539350040708,0.0012960581771170533,0.002125489667725041,0.0013359468730033588,0.016597588757874197,0.06632127939797335,True
energy_only,7302,301,0.00019248042800026555,-0.0,0.00019248042800026555,0.0012912314837629922,0.002120323891120251,0.0013334788873115321,0.016545356931748183,0.06613109765174632,True
energy_only,7302,302,0.00019171349325064412,-0.0,0.00019171349325064412,0.0012870784226637424,0.002115149704946462,0.0013310968792749735,0.016492885311429825,0.06594108124448245,True
energy_only,7302,303,0.0001909529670626527,-0.0,0.0001909529670626527,0.0012844309499519203,0.002109967188996026,0.0013287653300038246,0.016440443593724617,0.06575169712502671,True
energy_only,7302,304,0.00019019871352075538,-0.0,0.00019019871352075538,0.0012830836930586048,0.00210477642318975,0.0013264561634863717,0.016388358896909407,0.06556367179437543,True
energy_only,7302,305,0.00018945060158222216,-0.0,0.00018945060158222216,0.001281079036536994,0.0020995774875756643,0.001324165527830891,0.01633673344613474,0.06537728481154426,True
energy_only,7302,306,0.00018870850358787626,-0.0,0.00018870850358787626,0.0012771056369996338,0.002094370462327786,0.0013218991935311224,0.01628545459034619,0.06519224438794126,True
energy_only,7302,307,0.00018797231262323335,-0.0,0.00018797231262323335,0.0012725349405981624,0.0020891554277448878,0.0013196775578732296,0.01623428260431036,0.06500801621603963,True
energy_only,7302,308,0.0001872419236179057,-0.0,0.0001872419236179057,0.0012689689044923917,0.002083932464249253,0.0013175194309291121,0.016183093673298118,0.06482441264459887,True
energy_only,7302,309,0.00018651723584273057,-0.0,0.00018651723584273057,0.0012663440854025095,0.00207870165238544,0.00131540573305746,0.016132106262991525,0.06464191535464263,True
energy_only,7302,310,0.0001857981634971743,-0.0,0.0001857981634971743,0.0012638159362736649,0.0020734630728190388,0.0013132983011946702,0.01608167264687522,0.06446122210813576,True
energy_only,7302,311,0.00018508462050099566,-0.0,0.00018508462050099566,0.0012605163525544,0.0020682168063354263,0.0013111914484222871,0.016031876474955246,0.06428253461340601,True
energy_only,7302,312,0.00018437652364498787,-0.0,0.00018437652364498787,0.0012560124274188453,0.002062962933838522,0.001309107581061097,0.015982533145080975,0.06410551291628425,True
energy_only,7302,313,0.00018367379845986022,-0.0,0.00018367379845986022,0.001250951387604987,0.0020577015363495393,0.0013070576067602203,0.015933495833043734,0.06392981285472076,True
energy_only,7302,314,0.0001829763684295709,-0.0,0.0001829763684295709,0.0012465610821272917,0.0020524326950057356,0.001305035956065317,0.015884791649151284,0.06375546003360531,True
energy_only,7302,315,0.0001822841594412294,-0.0,0.0001822841594412294,0.0012432131308060025,0.0020471564910591626,0.001303032565186453,0.01583656824300821,0.06358281020966233,True
energy_only,7302,316,0.00018159710313036487,-0.0,0.00018159710313036487,0.0012400095980218838,0.0020418730058754117,0.0013010312689027484,0.015789011558325298,0.06341227414932576,True
energy_only,7302,317,0.0001809151289512627,-0.0,0.0001809151289512627,0.0012360611326436147,0.0020365823209323617,0.00129902089764863,0.01574219911762913,0.06324397582999217,True
energy_only,7302,318,0.00018023816832163464,-0.0,0.00018023816832163464,0.001231599043429235,0.002031284517818918,0.0012970134866313182,0.01569600627426945,0.06307765269057238,True
energy_only,7302,319,0.00017956615626193878,-0.0,0.00017956615626193878,0.0012273350040307067,0.002025979678233759,0.0012950275173819238,0.015650274210616218,0.06291300377456926,True
energy_only,7302,320,0.00017889902638629636,-0.0,0.00017889902638629636,0.0012236496536622865,0.0020206678839840733,0.0012930587895232837,0.015605033519290178,0.06275008022095756,True
energy_only,7302,321,0.00017823671497519224,-0.0,0.00017823671497519224,0.0012206071586464483,0.002015349216984299,0.0012910891787973255,0.015560450249398727,0.06258920948310931,True
energy_only,7302,322,0.00017757916154512773,-0.0,0.00017757916154512773,0.001217811917196934,0.0020100237592548613,0.0012891114893038153,0.015516623950919805,0.06243062704170072,True
energy_only,7302,323,0.00017692630523393513,-0.0,0.00017692630523393513,0.0012145542491279065,0.002004691592920906,0.0012871293176521536,0.015473530344991345,0.06227429511981118,True
energy_only,7302,324,0.00017627808784906424,-0.0,0.00017627808784906424,0.0012107597805362709,0.0019993528002110335,0.0012851479872244163,0.0154310805622402,0.06211999175710055,True
energy_only,7302,325,0.00017563445381698747,-0.0,0.00017563445381698747,0.0012071086443651313,0.0019940074634560326,0.0012831749365637638,0.015389181515719684,0.06196750433594781,True
energy_only,7302,326,0.0001749953479644715,-0.0,0.0001749953479644715,0.0012040094853582389,0.0019886556650876084,0.0012812132426816836,0.015347815488842951,0.06181681011929416,True
energy_only,7302,327,0.0001743607180349798,-0.0,0.0001743607180349798,0.00120121233868825,0.0019832974876371123,0.0012792529978006037,0.015307070782332146,0.061668080359795235,True
energy_only,7302,328,0.00017373051417067102,-0.0,0.00017373051417067102,0.0011983211352942118,0.0019779330137342684,0.001277283495710987,0.015267024228639379,0.061521441815040705,True
energy_only,7302,329,0.00017310468723777552,-0.0,0.00017310468723777552,0.0011951483121801936,0.0019725623261059016,0.0012753092015513378,0.015227622378924964,0.06137677447483546,True
energy_only,7302,330,0.0001724831904948637,-0.0,0.0001724831904948637,0.0011917383826376728,0.001967185507574658,0.0012733415301873856,0.01518874131344793,0.06123381143812008,True
energy_only,7302,331,0.00017186597891817566,-0.0,0.00017186597891817566,0.00118839067504935,0.0019618026410577315,0.00127138360765955,0.015150313915715741,0.06109237553058326,True
energy_only,7302,332,0.00017125300824094784,-0.0,0.00017125300824094784,0.0011854610722786083,0.0019564138095655814,0.001269432095424714,0.015112348979139682,0.060952458707528565,True
energy_only,7302,333,0.00017064423622962052,-0.0,0.00017064423622962052,0.0011829154277477132,0.0019510190962006564,0.0012674838124359597,0.015074880526603237,0.060814133746300285,True
energy_only,7302,334,0.000170039621966753,-0.0,0.000170039621966753,0.0011803281579267546,0.001945618584156111,0.001265535612450473,0.015037928790280125,0.06067743053617042,True
energy_only,7302,335,0.00016943912513065021,-0.0,0.00016943912513065021,0.001177468609878208,0.00194021235671452,0.00126358759235739,0.015001461929105992,0.060542250230231576,True
energy_only,7302,336,0.00016884270684594304,-0.0,0.00016884270684594304,0.0011745438204483493,0.0019348004972466004,0.0012616470258695338,0.01496539147714768,0.06040839294728326,True
energy_only,7302,337,0.00016825032908632638,-0.0,0.00016825032908632638,0.0011718049719612643,0.001929383089209918,0.0012597204679000258,0.014929647766214587,0.06027571010105993,True
energy_only,7302,338,0.00016766195433907003,-0.0,0.00016766195433907003,0.0011693049106191397,0.0019239602161476082,0.0012578050307724719,0.014894242335435754,0.060144207071366154,True
energy_only,7302,339,0.00016707754627681766,-0.0,0.00016707754627681766,0.0011669717915865569,0.0019185319616870805,0.0012558944873691733,0.01485922048230763,0.06001395949524291,True
energy_only,7302,340,0.00016649706924513544,-0.0,0.00016649706924513544,0.0011646139409886198,0.0019130984095387343,0.0012539885416415675,0.014824583551400565,0.05988496843103514,True
energy_only,7302,341,0.00016592048802868467,-0.0,0.00016592048802868467,0.0011620265831191706,0.0019076596434946655,0.0012520908879550669,0.014790286362902222,0.059757131581748585,True
energy_only,7302,342,0.0001653477683003757,-0.0,0.0001653477683003757,0.0011592696603210256,0.0019022157474273746,0.0012502043911003433,0.014756276764371622,0.05963031592516035,True
energy_only,7302,343,0.00016477887626579894,-0.0,0.00016477887626579894,0.0011566148207693052,0.001896766805288473,0.0012483311318596095,0.01472251982693835,0.05950443410013176,True
energy_only,7302,344,0.00016421377860860014,-0.0,0.00016421377860860014,0.0011541692777662584,0.0018913129011073895,0.0012464711843126186,0.014689014044721206,0.059379482173494424,True
energy_only,7302,345,0.00016365244283985433,-0.0,0.00016365244283985433,0.0011517793286072778,0.0018858541189900736,0.0012446207840576698,0.014655788191667934,0.05925551023196211,True
energy_only,7302,346,0.00016309483699638027,-0.0,0.00016309483699638027,0.0011492834646403343,0.0018803905431176973,0.0012427769383975297,0.014622856682832253,0.05913253155594129,True
energy_only,7302,347,0.00016254092958554312,-0.0,0.00016254092958554312,0.0011466629898937057,0.001874922257745361,0.0012409422824587529,0.014590186811531975,0.05901047167085259,True
energy_only,7302,348,0.00016199068980254507,-0.0,0.00016199068980254507,0.0011439874325800967,0.001869449347200788,0.0012391211117234984,0.014557731359263365,0.058889228299634666,True
energy_only,7302,349,0.00016144408731805964,-0.0,0.00016144408731805964,0.0011413705575935094,0.0018639718958830306,0.0012373136419425391,0.01452547612764913,0.05876875920645293,True
energy_only,7302,350,0.0001609010922952676,-0.0,0.0001609010922952676,0.0011389090678146645,0.001858489988261163,0.00123551743610657,0.014493437864829053,0.05864909092048237,True
energy_only,7302,351,0.00016036167554716625,-0.0,0.00016036167554716625,0.0011365513812895147,0.0018530037088729833,0.0012337308863159572,0.014461635434131065,0.05853026545406322,True
energy_only,7302,352,0.00015982580834886348,-0.0,0.00015982580834886348,0.0011341283123335482,0.0018475131423237056,0.0012319532313369227,0.014430075103795677,0.0584122943460144,True
energy_only,7302,353,0.00015929346242050702,-0.0,0.00015929346242050702,0.0011315770523258669,0.0018420183732846583,0.0012301846954506496,0.014398745497537743,0.058295144304038246,True
energy_only,7302,354,0.00015876461001563147,-0.0,0.00015876461001563147,0.0011290047983758761,0.0018365194864919776,0.001228427366370416,0.014367621836679929,0.05817875988067596,True
energy_only,7302,355,0.00015823922378890794,-0.0,0.00015823922378890794,0.0011265136417752666,0.0018310165667452998,0.0012266827790486281,0.014336690623235693,0.05806311511541981,True
energy_only,7302,356,0.00015771727681038137,-0.0,0.00015771727681038137,0.0011241006926284351,0.0018255096989064558,0.001224949118050973,0.014305967391875363,0.05794823936430871,True
energy_only,7302,357,0.00015719874262947443,-0.0,0.00015719874262947443,0.0011217128660123655,0.001819998967898159,0.0012232234878075533,0.014275476658067771,0.05783417862784217,True
energy_only,7302,358,0.00015668359515994435,-0.0,0.00015668359515994435,0.00111928654413497,0.0018144844587026996,0.001221505548554233,0.01424522242830647,0.057720941847914466,True
energy_only,7302,359,0.00015617180867023376,-0.0,0.00015617180867023376,0.001116775282410748,0.0018089662563606304,0.0012197967424830273,0.014215189847629829,0.05760849781745646,True
energy_only,7302,360,0.00015566335781702048,-0.0,0.00015566335781702048,0.0011142160332052984,0.0018034444459694584,0.0012180978048665445,0.014185365201851397,0.05749681136372206,True
energy_only,7302,361,0.00015515821757160523,-0.0,0.00015515821757160523,0.0011117102568021832,0.0017979191126823296,0.001216408628311801,0.014155745168080694,0.057385870917196165,True
energy_only,7302,362,0.0001546563632304695,-0.0,0.0001546563632304695,0.0011092966733973393,0.0017923903417067194,0.0012147286334367338,0.014126336724323283,0.05727569218382107,True
energy_only,7302,363,0.0001541577704426992,-0.0,0.0001541577704426992,0.001106910219479801,0.001786858218303116,0.0012130563862267029,0.014097153332108278,0.0571663020869338,True
energy_only,7302,364,0.00015366241514639693,-0.0,0.00015366241514639693,0.001104485456247243,0.0017813228277837043,0.001211390687780437,0.014068202034578885,0.057057709925398103,True
energy_only,7302,365,0.00015317027356501572,-0.0,0.00015317027356501572,0.001102028509536233,0.001775784255511056,0.0012097322270010384,0.014039473233240648,0.05694989294196092,True
energy_only,7302,366,0.00015268132222222262,-0.0,0.00015268132222222262,0.0010995804590075398,0.0017702425868968048,0.0012080825044439322,0.014010951385068495,0.05684281839404051,True
energy_only,7302,367,0.00015219553790397648,-0.0,0.00015219553790397648,0.0010971772500316037,0.001764697907400338,0.0012064415276989973,0.013982633222659541,0.05673647611325647,True
energy_only,7302,368,0.00015171289766747795,-0.0,0.00015171289766747795,0.0010948400474048452,0.0017591503025274706,0.0012048080311611398,0.01395452775756586,0.0566308808612392,True
energy_only,7302,369,0.00015123337885481787,-0.0,0.00015123337885481787,0.0010925496884169497,0.0017535998578291345,0.0012031812100367742,0.013926642796702433,0.05652604853854765,True
energy_only,7302,370,0.0001507569590584694,-0.0,0.0001507569590584694,0.0010902493489494544,0.0017480466589000513,0.0012015610230271926,0.01389897822177366,0.056421978333372425,True
energy_only,7302,371,0.0001502836161180987,-0.0,0.0001502836161180987,0.001087912562177954,0.0017424907913774193,0.0011999476881442294,0.013871527619345382,0.056318652454268404,True
energy_only,7302,372,0.0001498133281273394,-0.0,0.0001498133281273394,0.001085577705517928,0.0017369323409395883,0.0011983417575593782,0.013844281419359263,0.056216046774005574,True
energy_only,7302,373,0.00014934607341303055,-0.0,0.00014934607341303055,0.0010832895756798392,0.0017313713933047401,0.0011967437583063226,0.013817233069870195,0.056114146364479534,True
energy_only,7302,374,0.0001488818305388425,-0.0,0.0001488818305388425,0.00108104636667576,0.0017258080342295666,0.0011951532622913289,0.013790384872265807,0.05601295387627088,True
energy_only,7302,375,0.00014842057831120493,-0.0,0.00014842057831120493,0.0010788200839242578,0.0017202423495079468,0.0011935692283055392,0.013763743215090307,0.05591247823772658,True
energy_only,7302,376,0.00014796229575911446,-0.0,0.00014796229575911446,0.0010765899239656247,0.0017146744249696248,0.0011919914049687258,0.013737307530098403,0.05581271498365394,True
energy_only,7302,377,0.00014750696212913837,-0.0,0.00014750696212913837,0.001074347427124519,0.0017091043464788835,0.0011904204970808378,0.013711068652412766,0.055713642886643676,True
energy_only,7302,378,0.00014705455688661276,-0.0,0.00014705455688661276,0.001072102695813242,0.0017035321999332251,0.001188857050314411,0.013685017269118983,0.0556152385567339,True
energy_only,7302,379,0.00014660505970333476,-0.0,0.00014660505970333476,0.0010698861176727146,0.0016979580712620415,0.0011873010102944701,0.013659149381749305,0.05551748887101904,True
energy_only,7302,380,0.00014615845045718533,-0.0,0.00014615845045718533,0.0010677167142538499,0.0016923820464252927,0.0011857521400720514,0.013633464863298275,0.05542039090242106,True
energy_only,7302,381,0.00014571470923380262,-0.0,0.00014571470923380262,0.001065575599929664,0.00168680421141218,0.0011842101582836143,0.013607964731356927,0.05532394484031341,True
energy_only,7302,382,0.00014527381631410113,-0.0,0.00014527381631410113,0.001063432045277916,0.0016812246522398186,0.0011826747788331593,0.013582648362676494,0.05522814567648431,True
energy_only,7302,383,0.0001448357521691464,-0.0,0.0001448357521691464,0.0010612823277372431,0.0016756434549519135,0.0011811461468989664,0.013557510489377231,0.055132978435662436,True
energy_only,7302,384,0.0001444004974594045,-0.0,0.0001444004974594045,0.0010591447267991189,0.0016700607056174314,0.0011796248628955807,0.01353254272099656,0.05503842320568378,True
energy_only,7302,385,0.0001439680330272184,-0.0,0.0001439680330272184,0.0010570329277229738,0.0016644764903292726,0.0011781112262431966,0.013507739780021746,0.05494446662710376,True
energy_only,7302,386,0.00014353833989525907,-0.0,0.00014353833989525907,0.0010549493799639417,0.0016588908952029453,0.0011766048814437768,0.013483102047271314,0.054851106100679954,True
energy_only,7302,387,0.0001431113992669581,-0.0,0.0001431113992669581,0.001052888109767861,0.0016533040063752365,0.0011751054145195032,0.013458631047674736,0.05475834199199682,True
energy_only,7302,388,0.00014268719251908792,-0.0,0.00014268719251908792,0.0010508335712895037,0.0016477159100028822,0.0011736128381845737,0.013434324979328529,0.05466616878442312,True
energy_only,7302,389,0.00014226570119732246,-0.0,0.00014226570119732246,0.0010487721087532455,0.0016421266922612419,0.0011721273731609566,0.013410179237724203,0.05457457438977849,True
energy_only,7302,390,0.00014184690701514672,-0.0,0.00014184690701514672,0.0010467099400924273,0.0016365364393429675,0.0011706491942656797,0.013386188818344264,0.054483544975221315,True
energy_only,7302,391,0.00014143079184946827,-0.0,0.00014143079184946827,0.0010446660761997176,0.001630945237456674,0.0011691784437081283,0.013362349834137454,0.054393069865259346,True
energy_only,7302,392,0.0001410173377387781,-0.0,0.0001410173377387781,0.0010426471567324986,0.0016253531728256114,0.0011677151100804592,0.013338660779754211,0.0543031442160824,True
energy_only,7302,393,0.0001406065268830158,-0.0,0.0001406065268830158,0.0010406423769621202,0.0016197603316863338,0.001166258904764724,0.013315122386485365,0.05421376724156306,True
energy_only,7302,394,0.00014019834163922067,-0.0,0.00014019834163922067,0.0010386405826274547,0.0016141668002873709,0.0011648095676963705,0.013291734657022278,0.05412493617477804,True
energy_only,7302,395,0.00013979276451782737,-0.0,0.00013979276451782737,0.0010366398980190782,0.0016085726648878956,0.001163367216406094,0.013268494419363888,0.05403664231987902,True
energy_only,7302,396,0.0001393897781813267,-0.0,0.0001393897781813267,0.001034644078092693,0.0016029780117563963,0.0011619321438961325,0.013245397029886868,0.053948874237350994,True
energy_only,7302,397,0.00013898936544138801,-0.0,0.00013898936544138801,0.0010326601929990947,0.0015973829271693455,0.0011605044087448,0.013222439697983389,0.05386162379859199,True
energy_only,7302,398,0.00013859150925705133,-0.0,0.00013859150925705133,0.0010306959992728794,0.0015917874974098684,0.0011590838378521457,0.013199622032611798,0.053774887929666,True
energy_only,7302,399,0.0001381961927340691,-0.0,0.0001381961927340691,0.0010287511339899694,0.0015861918087664145,0.0011576702707226654,0.013176944279050432,0.053688665687194936,True
energy_only,7302,400,0.00013780339912217792,-0.0,0.00013780339912217792,0.001026815197298302,0.0015805959475314246,0.0011562636174388212,0.01315440605577088,0.0536029549147934,True
energy_only,7302,401,0.00013741311181201827,-0.0,0.00013741311181201827,0.0010248803413890058,0.0015750000000000009,0.0011548638359449612,0.013132005933144801,0.05351775067910959,True
energy_only,7302,402,0.00013702531433366645,-0.0,0.00013702531433366645,0.00102295044750701,0.0015694040524685774,0.001153470998528768,0.013109741377357686,0.053433045803369765,True
energy_only,7302,403,0.00013663999035452574,-0.0,0.00013663999035452574,0.0010210338470654531,0.0015638081912335874,0.00115208523632407,0.013087609817049208,0.05334883362102056,True
energy_only,7302,404,0.00013625712367758638,-0.0,0.00013625712367758638,0.0010191331890439708,0.0015582125025901334,0.0011507065204291534,0.013065610303170196,0.053265110846595375,True
energy_only,7302,405,0.00013587669824054527,-0.0,0.00013587669824054527,0.001017245751155967,0.0015526170728306567,0.0011493346335557585,0.013043743451247255,0.05318187709204945,True
energy_only,7302,406,0.0001354986981138951,-0.0,0.0001354986981138951,0.0010153676354704745,0.0015470219882436059,0.0011479694111163534,0.013022009497442274,0.05309913134173824,True
energy_only,7302,407,0.0001351231074985261,-0.0,0.0001351231074985261,0.001013494967612103,0.0015414273351121064,0.0011466108738765132,0.013000407115753315,0.05301686965778897,True
energy_only,7302,408,0.00013474991072414113,-0.0,0.00013474991072414113,0.001011626287117419,0.0015358331997126313,0.0011452590970496453,0.012978934222538483,0.05293508630677823,True
energy_only,7302,409,0.00013437909224769053,-0.0,0.00013437909224769053,0.001009765678624809,0.001530239668313668,0.00114391408562962,0.012957589163300217,0.05285377615207612,True
energy_only,7302,410,0.0001340106366517991,-0.0,0.0001340106366517991,0.001007919229731346,0.0015246468271743906,0.0011425757952227085,0.012936371027322011,0.05277293586313195,True
energy_only,7302,411,0.00013364452864376674,-0.0,0.00013364452864376674,0.001006087617752004,0.0015190547625433281,0.001141244150756041,0.012915279515068118,0.052692563699179455,True
energy_only,7302,412,0.00013328075305417625,-0.0,0.00013328075305417625,0.0010042659261127421,0.0015134635606570347,0.0011399190333920045,0.012894314597781373,0.05261265830179626,True
energy_only,7302,413,0.00013291929483502606,-0.0,0.00013291929483502606,0.0010024505218892386,0.00150787330773876,0.0011386003527933937,0.012873475744426514,0.05253321704113657,True
energy_only,7302,414,0.00013256013905822733,-0.0,0.00013256013905822733,0.0010006424051778413,0.00150228408999712,0.0011372881339134966,0.012852761431528893,0.05245423540457436,True
energy_only,7302,415,0.00013220327091432622,-0.0,0.00013220327091432622,0.0009988443799020359,0.001496695993624766,0.0011359824503662948,0.012832169818905744,0.052375708405314095,True
energy_only,7302,416,0.00013184867571113397,-0.0,0.00013184867571113397,0.0009970585213388628,0.0014911091047970562,0.0011346832863435598,0.012811699834880903,0.0522976325129572,True
energy_only,7302,417,0.00013149633887271536,-0.0,0.00013149633887271536,0.0009952858895652351,0.0014855235096707291,0.0011333905350065755,0.012791351250136146,0.05222000586799998,True
energy_only,7302,418,0.00013114624593828423,-0.0,0.00013114624593828423,0.0009935255637493522,0.0014799392943825704,0.0011321041071378267,0.012771123853354655,0.052142826855457125,True
energy_only,7302,419,0.00013079838256075402,-0.0,0.00013079838256075402,0.0009917743640849553,0.001474356545048088,0.0011308239740287808,0.012751016915921991,0.052066092883396045,True
energy_only,7302,420,0.000130452734505377,-0.0,0.000130452734505377,0.0009900299875645494,0.0014687753477601831,0.001129550130887149,0.012731029288935424,0.05198980029672967,True
energy_only,7302,421,0.00013010928764859475,-0.0,0.00013010928764859475,0.0009882938785291079,0.0014631957885878218,0.0011282825813568559,0.012711159652732283,0.05191394499475121,True
energy_only,7302,422,0.00012976802797685195,-0.0,0.00012976802797685195,0.0009865691809259555,0.0014576179535747088,0.0011270213357122496,0.012691406783764054,0.05183852324900904,True
energy_only,7302,423,0.0001294289415856231,-0.0,0.0001294289415856231,0.0009848567831803703,0.00145204192873796,0.0011257663705823973,0.012671769886833049,0.051763532315670345,True
energy_only,7302,424,0.00012909201467844393,-0.0,0.00012909201467844393,0.0009831550020067512,0.0014464678000667766,0.001124517608282976,0.012652248596661987,0.05168897021987805,True
energy_only,7302,425,0.0001287572335656869,-0.0,0.0001287572335656869,0.000981462062214964,0.0014408956535211178,0.0011232749762506429,0.012632842442657508,0.051614834711063734,True
energy_only,7302,426,0.00012842458466342705,-0.0,0.00012842458466342705,0.0009797772775063066,0.0014353255750303771,0.001122038467489835,0.012613550399376446,0.05154112249790249,True
energy_only,7302,427,0.00012809405449230844,-0.0,0.00012809405449230844,0.0009781007733153076,0.0014297576504920546,0.0011208081113307992,0.012594371108243704,0.05146782963174491,True
energy_only,7302,428,0.00012776562967654315,-0.0,0.00012776562967654315,0.0009764335810421265,0.0014241919657704348,0.0011195839079687765,0.012575303408583774,0.05139495247380052,True
energy_only,7302,429,0.00012743929694291963,-0.0,0.00012743929694291963,0.000974777296293871,0.0014186286066952612,0.001118365820161764,0.012556346512351433,0.051322488154643,True
energy_only,7302,430,0.00012711504311990697,-0.0,0.00012711504311990697,0.0009731323917131051,0.0014130676590604133,0.0011171538052001724,0.01253749981061681,0.05125043430835628,True
energy_only,7302,431,0.0001267928551366778,-0.0,0.0001267928551366778,0.0009714973964386999,0.0014075092086225822,0.0011159478262166061,0.012518762676973204,0.05117878857654888,True
energy_only,7302,432,0.00012647272002203974,-0.0,0.00012647272002203974,0.000969870610363802,0.0014019533410999502,0.001114747851685262,0.012500134348922167,0.05110754823093344,True
energy_only,7302,433,0.00012615462490341798,-0.0,0.00012615462490341798,0.0009682520257912378,0.0013964001421708672,0.0011135538704368979,0.012481613841188281,0.05103671006164474,True
energy_only,7302,434,0.0001258385570059365,-0.0,0.0001258385570059365,0.000966642869570258,0.0013908496974725305,0.00111236589320744,0.012463200039426615,0.05096627068771317,True
energy_only,7302,435,0.00012552450365148067,-0.0,0.00012552450365148067,0.000965043956479842,0.001385302092599664,0.0011111839183798467,0.012444891997457857,0.05089622712385196,True
energy_only,7302,436,0.00012521245225787956,-0.0,0.00012521245225787956,0.0009634552010437832,0.0013797574131031963,0.0011100079074833989,0.012426689097146778,0.05082657702050565,True
energy_only,7302,437,0.00012490239033798582,-0.0,0.00012490239033798582,0.000961876090073909,0.0013742157444889458,0.0011088378095760174,0.01240859084595912,0.050757318289018874,True
energy_only,7302,438,0.0001245943054988366,-0.0,0.0001245943054988366,0.0009603058835065608,0.0013686771722162966,0.0011076735973213252,0.012390596582440808,0.050688448562774976,True
energy_only,7302,439,0.00012428818544061793,-0.0,0.00012428818544061793,0.0009587438299170093,0.0013631417816968856,0.0011065152658484118,0.012372705439237595,0.050619965069025434,True
energy_only,7302,440,0.0001239840179558718,-0.0,0.0001239840179558718,0.0009571898720347619,0.0013576096582932817,0.0011053628092782103,0.012354916512161784,0.05055186490872157,True
energy_only,7302,441,0.00012368179092861172,-0.0,0.00012368179092861172,0.0009556448480293754,0.0013520808873176717,0.0011042162125252937,0.012337228987250868,0.05048414536758955,True
energy_only,7302,442,0.00012338149233353247,-0.0,0.00012338149233353247,0.0009541095028346463,0.0013465555540305434,0.0011030754551142451,0.012319642170500715,0.05041680405012681,True
energy_only,7302,443,0.00012308311023520355,-0.0,0.00012308311023520355,0.0009525835635183012,0.0013410337436393707,0.0011019405083948267,0.012302155483254012,0.05034983883541707,True
energy_only,7302,444,0.00012278663278725307,-0.0,0.00012278663278725307,0.0009510661493237685,0.001335515541297302,0.0011008113360069013,0.012284768394215183,0.050283247668832284,True
energy_only,7302,445,0.0001224920482315034,-0.0,0.0001224920482315034,0.0009495567753460258,0.001330001032101842,0.0010996879095665345,0.012267480282156077,0.05021702829875943,True
energy_only,7302,446,0.00012219934489718045,-0.0,0.00012219934489718045,0.0009480555915379422,0.0013244903010935457,0.001098570219605659,0.012250290378611842,0.050151178213591885,True
energy_only,7302,447,0.00012190851120010823,-0.0,0.00012190851120010823,0.00094656294881509,0.0013189834332547011,0.001097458261976962,0.012233197890006398,0.050085694879734854,True
energy_only,7302,448,0.00012161953564192527,-0.0,0.00012161953564192527,0.0009450791424054552,0.001313480513508024,0.0010963520177760598,0.012216202156983531,0.050020576027137206,True
energy_only,7302,449,0.0001213324068093691,-0.0,0.0001213324068093691,0.0009436043623140883,0.001307981626715343,0.0010952514540953258,0.012199302661925522,0.04995581968092102,True
energy_only,7302,450,0.0001210471133734975,-0.0,0.0001210471133734975,0.0009421384829509582,0.0013024868576762957,0.0010941565395477459,0.012182498912378959,0.049891423961372944,True
energy_only,7302,451,0.00012076364408892416,-0.0,0.00012076364408892416,0.0009406809915800244,0.0012969962911270178,0.001093067251104433,0.012165790358261349,0.04982738689720195,True
energy_only,7302,452,0.00012048198779307755,-0.0,0.00012048198779307755,0.0009392314403596876,0.0012915100117388374,0.001091983569834994,0.01214917639370085,0.04976370638585219,True
energy_only,7302,453,0.00012020213340540453,-0.0,0.00012020213340540453,0.0009377899243779305,0.0012860281041169705,0.0010909054785934451,0.012132656386515296,0.049700380261278994,True
energy_only,7302,454,0.00011992406992669756,-0.0,0.00011992406992669756,0.0009363568933348428,0.0012805506527992126,0.0010898329621371115,0.012116229714205947,0.04963740640812503,True
energy_only,7302,455,0.00011964778643833596,-0.0,0.00011964778643833596,0.0009349325671729963,0.0012750777422546402,0.0010887660018481897,0.012099895816914102,0.049574782871507024,True
energy_only,7302,456,0.0001193732721016474,-0.0,0.0001193732721016474,0.0009335167427591337,0.0012696094568823031,0.0010877045701929754,0.012083654221103466,0.04951250787217383,True
energy_only,7302,457,0.00011910051615710891,-0.0,0.00011910051615710891,0.0009321090889818921,0.0012641458810099277,0.001086648635936289,0.012067504482289675,0.04945057968250455,True
energy_only,7302,458,0.00011882950792373589,-0.0,0.00011882950792373589,0.0009307093979585441,0.0012586870988926112,0.001085598175154469,0.012051446098648552,0.04938899647303872,True
energy_only,7302,459,0.00011856023679830422,-0.0,0.00011856023679830422,0.0009293175862772994,0.0012532331947115282,0.001084553172968101,0.012035478497529728,0.04932775628866293,True
energy_only,7302,460,0.00011829269225469776,-0.0,0.00011829269225469776,0.0009279336879494217,0.0012477842525726263,0.0010835136147414617,0.012019601101980687,0.049266857163369135,True
energy_only,7302,461,0.00011802686384320733,-0.0,0.00011802686384320733,0.0009265578820990704,0.001242340356505335,0.0010824794798068621,0.012003813388916403,0.049206297235751845,True
energy_only,7302,462,0.0001177627411898806,-0.0,0.0001177627411898806,0.000925190346330879,0.0012369015904612666,0.0010814507437764218,0.011988114886478071,0.04914607476539365,True
energy_only,7302,463,0.00011750031399588409,-0.0,0.00011750031399588409,0.0009238310154678154,0.0012314680383129202,0.0010804273824822005,0.011972505142160488,0.04908618807493382,True
energy_only,7302,464,0.00011723957203678652,-0.0,0.00011723957203678652,0.0009224795972334076,0.0012260397838523927,0.001079409372491139,0.011956983699557286,0.04902663548261676,True
energy_only,7302,465,0.00011698050516194249,-0.0,0.00011698050516194249,0.0009211358694380176,0.0012206169107900821,0.0010783966916317043,0.01194155008196391,0.04896741525647712,True
energy_only,7302,466,0.00011672310329380266,-0.0,0.00011672310329380266,0.000919799868959322,0.0012151995027534005,0.00107738932122216,0.011926203783209702,0.048908525609361125,True
energy_only,7302,467,0.00011646735642731927,-0.0,0.00011646735642731927,0.0009184717616617715,0.00120978764328548,0.00107638724538846,0.011910944286507283,0.04884996475077505,True
energy_only,7302,468,0.00011621325462925832,-0.0,0.00011621325462925832,0.0009171516298480247,0.00120438141584389,0.0010753904460851556,0.011895771105759274,0.04879173096332251,True
energy_only,7302,469,0.00011596078803759131,-0.0,0.00011596078803759131,0.0009158394323402204,0.0011989809037993438,0.0010743989001469573,0.011880683804082581,0.048733822629347216,True
energy_only,7302,470,0.00011570994686091647,-0.0,0.00011570994686091647,0.0009145350723062161,0.0011935861904344195,0.001073412582680461,0.011865681965479715,0.04867623817826591,True
energy_only,7302,471,0.00011546072137774765,-0.0,0.00011546072137774765,0.0009132384234930298,0.0011881973589422693,0.0010724314720889079,0.011850765154018856,0.048618976012145425,True
energy_only,7302,472,0.00011521310193598665,-0.0,0.00011521310193598665,0.0009119493517007129,0.001182814492425342,0.0010714555504769776,0.011835932904982173,0.048562034482256114,True
energy_only,7302,473,0.00011496707895224563,-0.0,0.00011496707895224563,0.0009106678000858274,0.0011774376738940984,0.001070484800491828,0.01182118474631402,0.04850541192263988,True
energy_only,7302,474,0.00011472264291127222,-0.0,0.00011472264291127222,0.000909393836720946,0.0011720669862657308,0.0010695192035224722,0.011806520218994396,0.04844910669480287,True
energy_only,7302,475,0.0001144797843653539,-0.0,0.0001144797843653539,0.0009081275546331282,0.0011667025123628875,0.001068558740117092,0.011791938882874387,0.048393117210473936,True
energy_only,7302,476,0.00011423849393372214,-0.0,0.00011423849393372214,0.0009068689288733386,0.0011613443349123911,0.0010676033901037346,0.011777440315792496,0.04833744193012077,True
energy_only,7302,477,0.00011399876230195968,-0.0,0.00011399876230195968,0.000905617814331966,0.001155992536543967,0.0010666531322580945,0.011763024107902635,0.048282079341612175,True
energy_only,7302,478,0.00011376058022141073,-0.0,0.00011376058022141073,0.0009043740732370663,0.001150647199788966,0.001065707945497489,0.01174868984680018,0.0482270279263026,True
energy_only,7302,479,0.0001135239385086197,-0.0,0.0001135239385086197,0.000903137660344015,0.001145308407079094,0.0010647678109761253,0.011734437103118266,0.048172286136210066,True
energy_only,7302,480,0.00011328882804472388,-0.0,0.00011328882804472388,0.0009019085915925413,0.001139976240745138,0.0010638327120461174,0.011720265434674923,0.048117852406609124,True
energy_only,7302,481,0.00011305523977493125,-0.0,0.00011305523977493125,0.0009006868840741791,0.0011346507830157003,0.0010629026316728034,0.01170617440771457,0.04806372519507909,True
energy_only,7302,482,0.00011282316470790981,-0.0,0.00011282316470790981,0.0008994725400815535,0.0011293321160159259,0.0010619775505511012,0.011692163611963576,0.04800990300862928,True
energy_only,7302,483,0.0001125925939152342,-0.0,0.0001125925939152342,0.0008982655423109021,0.0011240203217662398,0.00106105744805993,0.011678232654660052,0.04795638439515675,True
energy_only,7302,484,0.000112363518530867,-0.0,0.000112363518530867,0.0008970658307103593,0.001118715482181081,0.0010601423042967614,0.011664381144349444,0.04790316791432773,True
energy_only,7302,485,0.0001121359297505892,-0.0,0.0001121359297505892,0.0008958733065852998,0.0011134176790676374,0.001059232100670802,0.011650608682404225,0.04785025211730649,True
energy_only,7302,486,0.00011190981883141229,-0.0,0.00011190981883141229,0.000894687891558885,0.0011081269941245874,0.0010583268192082362,0.011636914865235356,0.04779763554627801,True
energy_only,7302,487,0.00011168517709108977,-0.0,0.00011168517709108977,0.0008935095769585586,0.0011028435089408368,0.0010574264421267577,0.011623299289390225,0.04774531674589898,True
energy_only,7302,488,0.00011146199590753256,-0.0,0.00011146199590753256,0.0008923383955859164,0.0010975673049942642,0.001056530951820947,0.01160976155622369,0.04769329427779416,True
energy_only,7302,489,0.00011124026671833752,-0.0,0.00011124026671833752,0.0008911743501716277,0.0010922984636504605,0.0010556403303882077,0.011596301277337287,0.047641566732559246,True
energy_only,7302,490,0.00011101998102018985,-0.0,0.00011101998102018985,0.000890017385548128,0.0010870370661614779,0.001054754558976976,0.011582918077385198,0.04759013273160702,True
energy_only,7302,491,0.00011080113036837866,-0.0,0.00011080113036837866,0.0008888674233601234,0.001081783193664573,0.0010538736181344706,0.01156961158872467,0.04753899091409758,True
energy_only,7302,492,0.00011058370637625514,-0.0,0.00011058370637625514,0.0008877244015496914,0.0010765369271809606,0.0010529974890790502,0.011556381441034741,0.04748813991795214,True
energy_only,7302,493,0.00011036770071474906,-0.0,0.00011036770071474906,0.0008865882795482386,0.0010712983476145596,0.001052126154359464,0.011543227256647748,0.047437578372244105,True
energy_only,7302,494,0.00011015310511178864,-0.0,0.00011015310511178864,0.0008854590292703819,0.0010660675357507463,0.0010512595971024369,0.01153014865636859,0.04738730490742357,True
energy_only,7302,495,0.00010993991135186144,-0.0,0.00010993991135186144,0.0008843366351775093,0.0010608445722551116,0.0010503977998836665,0.011517145268553616,0.04733731817174795,True
energy_only,7302,496,0.00010972811127546526,-0.0,0.00010972811127546526,0.0008832210897232303,0.0010556295376722125,0.0010495407445125589,0.01150421673218845,0.047287616838639496,True
energy_only,7302,497,0.00010951769677861933,-0.0,0.00010951769677861933,0.0008821123709613959,0.0010504225124243352,0.0010486884126113712,0.011491362693368016,0.04723819960182408,True
energy_only,7302,498,0.00010930865981237079,-0.0,0.00010930865981237079,0.0008810104258926961,0.0010452235768102487,0.0010478407860420947,0.011478582800823913,0.04718906516585684,True
energy_only,7302,499,0.00010910099238230452,-0.0,0.00010910099238230452,0.0008799151870347301,0.001040032811003973,0.0010469978469007791,0.011465876703691804,0.04714021223905825,True
energy_only,7302,500,0.00010889468654801621,-0.0,0.00010889468654801621,0.0008788266068780289,0.001034850295053537,0.001046159577528228,0.011453244050604704,0.047091639530784025,True
energy_only,7302,501,0.00010868973442269977,-0.0,0.00010868973442269977,0.000877744669752639,0.0010296761088797487,0.0010453259606595642,0.011440684489830856,0.047043345753453744,True
energy_only,7302,502,0.00010848612817256138,-0.0,0.00010848612817256138,0.0008766693707383555,0.0010245103322749588,0.0010444969792938314,0.011428197671835137,0.046995329629194046,True
energy_only,7302,503,0.00010828386001643774,-0.0,0.00010828386001643774,0.000875600690971144,0.001019353044901833,0.0010436726161890152,0.011415783253390202,0.04694758989734561,True
energy_only,7302,504,0.00010808292222526199,-0.0,0.00010808292222526199,0.000874538594570867,0.0010142043262921234,0.0010428528535565227,0.0114034408992042,0.04690012531630868,True
energy_only,7302,505,0.00010788330712161436,-0.0,0.00010788330712161436,0.000873483039667883,0.0010090642558454389,0.001042037673394238,0.011391170278834127,0.04685293465741494,True
energy_only,7302,506,0.0001076850070792481,-0.0,0.0001076850070792481,0.0008724339848470976,0.0010039329128280258,0.0010412270580833845,0.011378971061881576,0.046806016696226894,True
energy_only,7302,507,0.00010748801452261031,-0.0,0.00010748801452261031,0.0008713913899345127,0.0009988103763715398,0.0010404209905689953,0.011366842916217998,0.04675937020889673,True
energy_only,7302,508,0.00010729232192641531,-0.0,0.00010729232192641531,0.0008703552204994549,0.0009936967254718311,0.0010396194540252953,0.011354785510169047,0.04671299397544729,True
energy_only,7302,509,0.00010709792181513113,-0.0,0.00010709792181513113,0.0008693254536947165,0.0009885920389877214,0.0010388224314969283,0.011342798515554831,0.046666886785480186,True
energy_only,7302,510,0.00010690480676259022,-0.0,0.00010690480676259022,0.0008683020737547688,0.0009834963956397921,0.0010380299058611836,0.011330881608857755,0.04662104744143597,True
energy_only,7302,511,0.00010671296939149175,-0.0,0.00010671296939149175,0.0008672850575982249,0.0009784098740091662,0.0010372418599528003,0.011319034470710941,0.046575474758321356,True
energy_only,7302,512,0.00010652240237294862,-0.0,0.00010652240237294862,0.0008662743665395269,0.0009733325525363008,0.001036458276607255,0.011307256784990345,0.046530167561323194,True
energy_only,7302,513,0.00010633309842609018,-0.0,0.00010633309842609018,0.0008652699542130391,0.0009682645095197729,0.001035679138668855,0.011295548237748912,0.04648512468255154,True
energy_only,7302,514,0.00010614505031756813,-0.0,0.00010614505031756813,0.0008642717811147929,0.000963205823115076,0.0010349044291159978,0.01128390851583772,0.046440344958050994,True
energy_only,7302,515,0.00010595825086115127,-0.0,0.00010595825086115127,0.0008632798198373263,0.0009581565713334114,0.0010341341312127984,0.011272337306082174,0.04639582722683481,True
energy_only,7302,516,0.00010577269291727178,-0.0,0.00010577269291727178,0.0008622940485663127,0.000953116832040489,0.001033368228452196,0.011260834296175479,0.04635157033308036,True
energy_only,7302,517,0.00010558836939259195,-0.0,0.00010558836939259195,0.0008613144433877245,0.0009480866829553222,0.0010326067042944777,0.011249399176792477,0.04630757312996951,True
energy_only,7302,518,0.00010540527323959997,-0.0,0.00010540527323959997,0.000860340976693529,0.0009430662016490329,0.0010318495419839096,0.011238031642897339,0.046263834481833854,True
energy_only,7302,519,0.00010522339745615045,-0.0,0.00010522339745615045,0.0008593736185772643,0.0009380554655436539,0.0010310967246416481,0.011226731392986182,0.046220353262770346,True
energy_only,7302,520,0.00010504273508505953,-0.0,0.00010504273508505953,0.0008584123366184659,0.0009330545519109335,0.0010303482355015438,0.0112154981271944,0.04617712835322078,True
energy_only,7302,521,0.00010486327921369358,-0.0,0.00010486327921369358,0.000857457095836799,0.0009280635378711473,0.0010296040580263534,0.011204331546103874,0.046134158637470384,True
energy_only,7302,522,0.00010468502297352471,-0.0,0.00010468502297352471,0.0008565078623406164,0.0009230825003919051,0.0010288641758371612,0.011193231350942594,0.04609144300352075,True
energy_only,7302,523,0.00010450795953974294,-0.0,0.00010450795953974294,0.0008555646082079317,0.0009181115162869677,0.0010281285726031506,0.011182197244421143,0.0460489803445375,True
energy_only,7302,524,0.00010433208213083149,-0.0,0.00010433208213083149,0.0008546273113629096,0.0009131506622150581,0.0010273972320079857,0.011171228931347643,0.04600676956042045,True
energy_only,7302,525,0.00010415738400815356,-0.0,0.00010415738400815356,0.0008536959495755756,0.0009082000146786844,0.0010266701377553806,0.011160326118907913,0.045964809558741875,True
energy_only,7302,526,0.00010398385847557647,-0.0,0.00010398385847557647,0.0008527704948099873,0.0009032596500229545,0.0010259472735448614,0.011149488516795127,0.045923099254894593,True
energy_only,7302,527,0.0001038114988790371,-0.0,0.0001038114988790371,0.0008518509136945254,0.0008983296444344035,0.001025228623048288,0.011138715837026903,0.04588163757126762,True
energy_only,7302,528,0.00010364029860612987,-0.0,0.00010364029860612987,0.0008509371725219186,0.000893410073939817,0.001024514169962824,0.011128007793252168,0.04584042343563718,True
energy_only,7302,529,0.00010347025108577348,-0.0,0.00010347025108577348,0.0008500292409544179,0.0008885010144050567,0.0010238038981143546,0.011117364099923423,0.0457994557796739,True
energy_only,7302,530,0.00010330134978774931,-0.0,0.00010330134978774931,0.0008491270916672828,0.0008836025415338944,0.0010230977914979739,0.011106784472073883,0.04575873353867579,True
energy_only,7302,531,0.00010313358822234879,-0.0,0.00010313358822234879,0.0008482306982954824,0.0008787147308668402,0.0010223958342002962,0.011096268625950497,0.04571825565272486,True
energy_only,7302,532,0.00010296695993996912,-0.0,0.00010296695993996912,0.000847340034548215,0.0008738376577799824,0.0010216980102863507,0.011085816279878504,0.04567802106819207,True
energy_only,7302,533,0.00010280145853073243,-0.0,0.00010280145853073243,0.0008464550741047456,0.0008689713974838203,0.0010210043037637265,0.0110754271545642,0.04563802873830442,True
energy_only,7302,534,0.00010263707762410478,-0.0,0.00010263707762410478,0.0008455757897599668,0.0008641160250221084,0.0010203146986415565,0.011065100972679362,0.04559827762247083,True
energy_only,7302,535,0.00010247381088850148,-0.0,0.00010247381088850148,0.0008447021522290009,0.0008592716152706954,0.0010196291790007853,0.011054837458239762,0.045558766685082505,True
energy_only,7302,536,0.00010231165203094687,-0.0,0.00010231165203094687,0.0008438341306806497,0.0008544382429363728,0.0010189477290115953,0.011044636336274434,0.04551949489466142,True
energy_only,7302,537,0.00010215059479664536,-0.0,0.00010215059479664536,0.0008429716952510966,0.000849615982555722,0.0010182703329117142,0.011034497332831307,0.045480461223646525,True
energy_only,7302,538,0.00010199063296864433,-0.0,0.00010199063296864433,0.0008421148191302427,0.0008448049084939623,0.0010175969749915696,0.011024420175104924,0.04544166464863594,True
energy_only,7302,539,0.00010183176036745526,-0.0,0.00010183176036745526,0.0008412634779761142,0.0008400050949438086,0.0010169276395935684,0.011014404591580892,0.04540310415083239,True
energy_only,7302,540,0.00010167397085070772,-0.0,0.00010167397085070772,0.0008404176473235488,0.000835216615924322,0.0010162623110987108,0.011004450312237067,0.04536477871653142,True
energy_only,7302,541,0.00010151725831272776,-0.0,0.00010151725831272776,0.000839577300708196,0.000830439545279774,0.0010156009738949109,0.010994557068742288,0.04532668733740674,True
energy_only,7302,542,0.000101361616684243,-0.0,0.000101361616684243,0.0008387424099953437,0.0008256739566785023,0.0010149436123636417,0.010984724594440136,0.045288829010316736,True
energy_only,7302,543,0.00010120703993197242,-0.0,0.00010120703993197242,0.0008379129469150503,0.0008209199236117796,0.0010142902109075713,0.010974952624037486,0.045251202736622476,True
energy_only,7302,544,0.00010105352205827413,-0.0,0.00010105352205827413,0.0008370888840155405,0.0008161775193926756,0.0010136407539988036,0.010965240893204276,0.04521380752144699,True
energy_only,7302,545,0.00010090105710085317,-0.0,0.00010090105710085317,0.0008362701946062851,0.0008114468171549305,0.0010129952261980278,0.010955589138410694,0.04517664237336898,True
energy_only,7302,546,0.00010074963913228984,-0.0,0.00010074963913228984,0.0008354568524968406,0.0008067278898518256,0.0010123536121278004,0.010945997097108006,0.04513970630470485,True
energy_only,7302,547,0.00010059926225981567,-0.0,0.00010059926225981567,0.0008346488320772141,0.0008020208102550566,0.0010117158964305947,0.010936464508035381,0.04510299833202355,True
energy_only,7302,548,0.00010044992062487378,-0.0,0.00010044992062487378,0.0008338461082486709,0.0007973256509536145,0.0010110820637507013,0.01092699111138065,0.045066517476457686,True
energy_only,7302,549,0.00010030160840282802,-0.0,0.00010030160840282802,0.0008330486557854419,0.0007926424843526631,0.001010452098747042,0.010917576648704987,0.04503026276360393,True
energy_only,7302,550,0.00010015431980258126,-0.0,0.00010015431980258126,0.0008322564485179388,0.0007879713826724257,0.0010098259861128249,0.010908220862764297,0.0449942332231726,True
energy_only,7302,551,0.00010000804906625098,-0.0,0.00010000804906625098,0.0008314694593083356,0.0007833124179470678,0.0010092037105825615,0.010898923497366167,0.04495842788861377,True
energy_only,7302,552,9.986279046884843e-05,-0.0,9.986279046884843e-05,0.0008306876610006702,0.0007786656620235895,0.0010085852569302694,0.010889684297291065,0.04492284579685088,True
energy_only,7302,553,9.971853831791016e-05,-0.0,9.971853831791016e-05,0.000829911027461693,0.0007740311865607148,0.0010079706099702568,0.010880503008249274,0.04488748598815407,True
energy_only,7302,554,9.957528695315906e-05,-0.0,9.957528695315906e-05,0.0008291395337715538,0.0007694090630277893,0.001007359754561573,0.010871379376869378,0.044852347506151524,True
energy_only,7302,555,9.943303074623979e-05,-0.0,9.943303074623979e-05,0.0008283731554957535,0.0007647993627036749,0.0010067526756031976,0.010862313150761829,0.044817429397977525,True
energy_only,7302,556,9.929176410029761e-05,-0.0,9.929176410029761e-05,0.0008276118678763482,0.0007602021566756533,0.0010061493580187405,0.010853304078631576,0.044782730714462496,True
energy_only,7302,557,9.915148144970886e-05,-0.0,9.915148144970886e-05,0.0008268556456406901,0.0007556175158383291,0.0010055497867424669,0.010844351910346847,0.04474825051019959,True
energy_only,7302,558,9.901217725972649e-05,-0.0,9.901217725972649e-05,0.0008261044632842788,0.0007510455108925344,0.0010049539467203278,0.01083545639688268,0.04471398784337862,True
energy_only,7302,559,9.887384602619078e-05,-0.0,9.887384602619078e-05,0.0008253582954027643,0.0007464862123442424,0.0010043618229272357,0.010826617290161761,0.04467994177547107,True
energy_only,7302,560,9.873648227516835e-05,-0.0,9.873648227516835e-05,0.0008246171167630812,0.0007419396905034758,0.0010037734003821347,0.010817834342909267,0.04464611137093564,True
energy_only,7302,561,9.860008056264367e-05,-0.0,9.860008056264367e-05,0.000823880902312219,0.0007374060154832269,0.0010031886641491722,0.010809107308614731,0.04461249569711109,True
energy_only,7302,562,9.846463547422531e-05,-0.0,9.846463547422531e-05,0.0008231496273101701,0.0007328852571983716,0.0010026075993255668,0.01080043594159336,0.04457909382427917,True
energy_only,7302,563,9.833014162481154e-05,-0.0,9.833014162481154e-05,0.000822423267463504,0.0007283774853645964,0.0010020301910299094,0.01079181999706958,0.044545904825801765,True
energy_only,7302,564,9.819659365826902e-05,-0.0,9.819659365826902e-05,0.0008217017988337408,0.0007238827694973179,0.001001456424398526,0.010783259231203995,0.044512927778166685,True
energy_only,7302,565,9.806398624714011e-05,-0.0,9.806398624714011e-05,0.0008209851974325216,0.0007194011789106164,0.0010008862845887483,0.010774753401068848,0.04448016176094561,True
energy_only,7302,566,9.793231409232136e-05,-0.0,9.793231409232136e-05,0.0008202734389105316,0.0007149327827161617,0.0010003197567823514,0.010766302264600298,0.04444760585668106,True
energy_only,7302,567,9.780157192276449e-05,-0.0,9.780157192276449e-05,0.0008195664985886354,0.0007104776498221511,0.0009997568261849831,0.010757905580553177,0.04441525915073835,True
energy_only,7302,568,9.767175449515393e-05,-0.0,9.767175449515393e-05,0.000818864351826985,0.0007060358489322457,0.0009991974780272114,0.01074956310845285,0.044383120731165834,True
energy_only,7302,569,9.754285659363285e-05,-0.0,9.754285659363285e-05,0.0008181669743785403,0.0007016074485445092,0.0009986416975670516,0.01074127460854899,0.0443511896885768,True
energy_only,7302,570,9.741487302947983e-05,-0.0,9.741487302947983e-05,0.0008174743424427856,0.0006971925169503545,0.0009980894700930198,0.010733039841786264,0.04431946511609014,True
energy_only,7302,571,9.72877986408053e-05,-0.0,9.72877986408053e-05,0.000816786432453959,0.0006927911222334873,0.0009975407809219826,0.010724858569813209,0.044287946109335244,True
energy_only,7302,572,9.716162829227025e-05,-0.0,9.716162829227025e-05,0.0008161032208485516,0.0006884033322688601,0.0009969956153927585,0.01071673055502191,0.04425663176650816,True
energy_only,7302,573,9.703635687479248e-05,-0.0,9.703635687479248e-05,0.000815424684004849,0.000684029214721621,0.0009964539588592368,0.010708655560575847,0.044225521188385554,True
energy_only,7302,574,9.691197930522426e-05,-0.0,9.691197930522426e-05,0.0008147507982790827,0.0006796688370460745,0.0009959157966892456,0.010700633350397403,0.04419461347827337,True
energy_only,7302,575,9.678849052609294e-05,-0.0,9.678849052609294e-05,0.000814081540062317,0.0006753222664846376,0.0009953811142693304,0.010692663689111079,0.044163907741879796,True
energy_only,7302,576,9.666588550530715e-05,-0.0,9.666588550530715e-05,0.0008134168857809617,0.0006709895700668062,0.000994849897009956,0.010684746341981691,0.04413340308717682,True
energy_only,7302,577,9.654415923582626e-05,-0.0,9.654415923582626e-05,0.0008127568119045077,0.000666670814608118,0.000994322130347282,0.01067688107487595,0.04410309862429873,True
energy_only,7302,578,9.642330673543423e-05,-0.0,9.642330673543423e-05,0.0008121012950409877,0.0006623660667091252,0.0009937977997406928,0.010669067654258513,0.04407299346550331,True
energy_only,7302,579,9.630332304641934e-05,-0.0,9.630332304641934e-05,0.0008114503120264644,0.0006580753927543659,0.0009932768906687115,0.010661305847202367,0.044043086725160836,True
energy_only,7302,580,9.618420323529502e-05,-0.0,9.618420323529502e-05,0.0008108038399309947,0.0006537988589113394,0.0009927593886269045,0.010653595421398434,0.04401337751976188,True
energy_only,7302,581,9.60659423925285e-05,-0.0,9.60659423925285e-05,0.0008101618559586288,0.0006495365311294893,0.0009922452791271625,0.010645936145148345,0.04398386496788687,True
energy_only,7302,582,9.594853563224686e-05,-0.0,9.594853563224686e-05,0.0008095243372823217,0.0006452884751391811,0.0009917345476981795,0.010638327787352632,0.043954548190174275,True
energy_only,7302,583,9.583197809196897e-05,-0.0,9.583197809196897e-05,0.0008088912609898758,0.0006410547564506947,0.000991227179884379,0.010630770117493573,0.043925426309255264,True
energy_only,7302,584,9.571626493234524e-05,-0.0,9.571626493234524e-05,0.0008082626041319377,0.0006368354403532084,0.000990723161245392,0.010623262905615211,0.04389649844968547,True
energy_only,7302,585,9.560139133683041e-05,-0.0,9.560139133683041e-05,0.0008076383438601104,0.0006326305919137972,0.0009902224773569344,0.010615805922294079,0.043867763737862525,True
energy_only,7302,586,9.548735251147126e-05,-0.0,9.548735251147126e-05,0.0008070184575006976,0.0006284402759764244,0.0009897251138121363,0.010608398938611369,0.043839221301952946,True
energy_only,7302,587,9.537414368461535e-05,-0.0,9.537414368461535e-05,0.0008064029225399728,0.0006242645571609465,0.0009892310562221506,0.010601041726136112,0.04381087027184589,True
energy_only,7302,588,9.526176010658818e-05,-0.0,9.526176010658818e-05,0.0008057917165775603,0.0006201034998621126,0.0009887402902148967,0.010593734056920927,0.04378270977912636,True
energy_only,7302,589,9.515019704954867e-05,-0.0,9.515019704954867e-05,0.0008051848172730351,0.0006159571682485738,0.0009882528014322715,0.010586475703508614,0.043754738957066164,True
energy_only,7302,590,9.503944980708552e-05,-0.0,9.503944980708552e-05,0.0008045822023284088,0.0006118256262618933,0.000987768575527584,0.010579266438935397,0.0437269569406067,True
energy_only,7302,591,9.492951369403163e-05,-0.0,9.492951369403163e-05,0.000803983849495547,0.0006077089376155588,0.000987287598164729,0.010572106036721351,0.04369936286632013,True
energy_only,7302,592,9.482038404620051e-05,-0.0,9.482038404620051e-05,0.0008033897365727442,0.0006036071657940027,0.0009868098550194682,0.010564994270845165,0.043671955872343814,True
energy_only,7302,593,9.471205622008742e-05,-0.0,9.471205622008742e-05,0.0008027998413841995,0.0005995203740516195,0.0009863353317805352,0.010557930915720038,0.04364473509831659,True
energy_only,7302,594,9.460452559263948e-05,-0.0,9.460452559263948e-05,0.0008022141417935268,0.0005954486254117946,0.0009858640141499895,0.010550915746171211,0.04361769968531199,True
energy_only,7302,595,9.449778756098163e-05,-0.0,9.449778756098163e-05,0.0008016326157288467,0.000591391982665928,0.000985395887842156,0.010543948537426009,0.04359084877579574,True
energy_only,7302,596,9.439183754217668e-05,-0.0,9.439183754217668e-05,0.0008010552412382584,0.0005873505083724701,0.0009849309385830164,0.010537029065104227,0.0435641815135891,True
energy_only,7302,597,9.428667097294334e-05,-0.0,9.428667097294334e-05,0.0008004819964880249,0.0005833242648559532,0.0009844691521083766,0.010530157105214743,0.043537697043838634,True
energy_only,7302,598,9.41822833094407e-05,-0.0,9.41822833094407e-05,0.0007999128597484135,0.0005793133142060338,0.0009840105141640909,0.010523332434146328,0.04351139451298985,True
energy_only,7302,599,9.407867002697858e-05,-0.0,9.407867002697858e-05,0.0007993478093365084,0.0005753177182765318,0.0009835550105050566,0.010516554828658379,0.04348527306874733,True
energy_only,7302,600,9.397582661976796e-05,-0.0,9.397582661976796e-05,0.0007987868235776879,0.0005713375386844796,0.000983102626894891,0.010509824065874267,0.043459331860050465,True
energy_only,7302,601,9.387374860071926e-05,-0.0,9.387374860071926e-05,0.0007982298808168715,0.000567372836809171,0.0009826533491044162,0.010503139923267507,0.0434335700370139,True
energy_only,7302,602,9.377243150113357e-05,-0.0,9.377243150113357e-05,0.0007976769594472851,0.0005634236737912122,0.0009822071629123792,0.010496502178648478,0.04340798675089351,True
energy_only,7302,603,9.367187087049288e-05,-0.0,9.367187087049288e-05,0.0007971280379317518,0.0005594901105315837,0.0009817640541049278,0.010489910610146706,0.0433825811540253,True
energy_only,7302,604,9.357206227622036e-05,-0.0,9.357206227622036e-05,0.0007965830948196315,0.0005555722076906955,0.0009813240084761453,0.01048336499619601,0.043357352399784485,True
energy_only,7302,605,9.347300130338938e-05,-0.0,9.347300130338938e-05,0.0007960421087372063,0.0005516700256874574,0.000980887011827783,0.010476865115521442,0.04333229964254166,True
energy_only,7302,606,9.337468355453983e-05,-0.0,9.337468355453983e-05,0.00079550505837348,0.0005477836246983419,0.0009804530499681844,0.010470410747134666,0.04330742203763682,True
energy_only,7302,607,9.327710464940508e-05,-0.0,9.327710464940508e-05,0.0007949719224765875,0.0005439130646564612,0.000980022108711296,0.01046400167032701,0.04328271874134702,True
energy_only,7302,608,9.318026022468639e-05,-0.0,9.318026022468639e-05,0.0007944426798502959,0.0005400584052506381,0.0009795941738754478,0.0104576376646655,0.04325818891086097,True
energy_only,7302,609,9.308414593379606e-05,-0.0,9.308414593379606e-05,0.0007939173093524566,0.0005362197059244901,0.0009791692312831155,0.01045131850998156,0.043233831704240944,True
energy_only,7302,610,9.298875744663551e-05,-0.0,9.298875744663551e-05,0.0007933957898810747,0.0005323970258755085,0.0009787472667607414,0.01044504398635856,0.04320964628038188,True
energy_only,7302,611,9.289409044936772e-05,-0.0,9.289409044936772e-05,0.0007928781003678062,0.0005285904240541493,0.0009783282661388075,0.010438813874118368,0.04318563179896997,True
energy_only,7302,612,9.280014064415995e-05,-0.0,9.280014064415995e-05,0.0007923642197861744,0.0005247999591629217,0.0009779122152513314,0.010432627953809137,0.043161787420438955,True
energy_only,7302,613,9.270690374899017e-05,-0.0,9.270690374899017e-05,0.0007918541271574012,0.0005210256896554825,0.0009774990999355654,0.010426486006193692,0.04313811230593051,True
energy_only,7302,614,9.261437549736258e-05,-0.0,9.261437549736258e-05,0.0007913478015643615,0.0005172676737357374,0.000977088906031624,0.010420387812240547,0.04311460561726203,True
energy_only,7302,615,9.252255163811554e-05,-0.0,9.252255163811554e-05,0.0007908452221534777,0.00051352596935694,0.0009766816193815938,0.010414333153115742,0.04309126651689163,True
energy_only,7302,616,9.243142793519365e-05,-0.0,9.243142793519365e-05,0.0007903463681397224,0.0005098006342208012,0.0009762772258291436,0.010408321810173206,0.043068094167883625,True
energy_only,7302,617,9.234100016739965e-05,-0.0,9.234100016739965e-05,0.000789851218783917,0.0005060917257765967,0.0009758757112191794,0.010402353564946714,0.04304508773387972,True
energy_only,7302,618,9.225126412819384e-05,-0.0,9.225126412819384e-05,0.0007893597533805182,0.0005023993012202833,0.0009754770613973475,0.010396428199140995,0.04302224637906578,True
energy_only,7302,619,9.216221562544818e-05,-0.0,9.216221562544818e-05,0.0007888719512530736,0.0004987234174936149,0.0009750812622089988,0.010390545494624797,0.042999569268139005,True
energy_only,7302,620,9.207385048122138e-05,-0.0,9.207385048122138e-05,0.0007883877917632847,0.0004950641312832662,0.0009746882994992421,0.010384705233418895,0.04297705556627092,True
energy_only,7302,621,9.198616453157087e-05,-0.0,9.198616453157087e-05,0.0007879072543158984,0.0004914214990199575,0.0009742981591122577,0.01037890719768705,0.04295470443907165,True
energy_only,7302,622,9.189915362628848e-05,-0.0,9.189915362628848e-05,0.0007874303183595958,0.00048779557687758397,0.0009739108268911909,0.010373151169724438,0.04293251505255251,True
energy_only,7302,623,9.181281362870568e-05,-0.0,9.181281362870568e-05,0.0007869569633954958,0.00048418642077235105,0.0009735262886782263,0.010367436931946217,0.04291048657309093,True
energy_only,7302,624,9.172714041548725e-05,-0.0,9.172714041548725e-05,0.0007864871689623411,0.0004805940863619101,0.0009731445303136162,0.010361764266879559,0.042888618167395094,True
energy_only,7302,625,9.164212987637432e-05,-0.0,9.164212987637432e-05,0.0007860209146415084,0.0004770186290445021,0.0009727655376355617,0.010356132957155293,0.042866909002476444,True
energy_only,7302,626,9.155777791401186e-05,-0.0,9.155777791401186e-05,0.0007855581800595575,0.00047346010395810144,0.0009723892964792945,0.010350542785500563,0.04284535824561688,True
energy_only,7302,627,9.14740804437052e-05,-0.0,9.14740804437052e-05,0.0007850989448779021,0.00046991856597956773,0.0009720157926766398,0.010344993534731454,0.042823965064340906,True
energy_only,7302,628,9.139103339322496e-05,-0.0,9.139103339322496e-05,0.0007846431888010752,0.000466394069723797,0.0009716450120553816,0.010339484987744292,0.04280272862638165,True
energy_only,7302,629,9.130863270257744e-05,-0.0,9.130863270257744e-05,0.0007841908915681243,0.000462886669542882,0.0009712769404392963,0.010334016927506306,0.04278164809965185,True
energy_only,7302,630,9.122687432383353e-05,-0.0,9.122687432383353e-05,0.0007837420329470308,0.000459396419525272,0.0009709115636476561,0.01032858913704583,0.04276072265220787,True
energy_only,7302,631,9.11457542208471e-05,-0.0,9.11457542208471e-05,0.0007832965927345182,0.00045592337349494006,0.0009705488674947263,0.010323201399443328,0.042739951452216145,True
energy_only,7302,632,9.106526836913656e-05,-0.0,9.106526836913656e-05,0.0007828545507588214,0.0004524675850105526,0.0009701888377894273,0.01031785349782299,0.042719333667923264,True
energy_only,7302,633,9.098541275560309e-05,-0.0,9.098541275560309e-05,0.0007824158868832089,0.00044902910736464277,0.0009698314603350419,0.010312545215343746,0.04269886846762461,True
energy_only,7302,634,9.090618337836153e-05,-0.0,9.090618337836153e-05,0.000781980581014018,0.0004456079935827898,0.0009694767209284998,0.010307276335191292,0.04267855501963171,True
energy_only,7302,635,9.08275762465297e-05,-0.0,9.08275762465297e-05,0.0007815486130856614,0.0004422042964227998,0.0009691246053602213,0.010302046640570243,0.04265839249224602,True
energy_only,7302,636,9.074958738002524e-05,-0.0,9.074958738002524e-05,0.0007811199630768865,0.0004388180683738941,0.0009687750994136348,0.010296855914694765,0.04263838005372428,True
energy_only,7302,637,9.067221280936917e-05,-0.0,9.067221280936917e-05,0.0007806946109888155,0.0004354493616558977,0.000968428188864505,0.010291703940782151,0.042618516872251294,True
energy_only,7302,638,9.059544857546495e-05,-0.0,9.059544857546495e-05,0.000780272536848591,0.0004320982282184358,0.0009680838594809552,0.01028659050204427,0.04259880211591329,True
energy_only,7302,639,9.051929072943252e-05,-0.0,9.051929072943252e-05,0.0007798537207074845,0.0004287647197401312,0.0009677420970226876,0.010281515381680605,0.04257923495266777,True
energy_only,7302,640,9.044373533236535e-05,-0.0,9.044373533236535e-05,0.0007794381426440369,0.0004254488876278092,0.0009674028872403461,0.010276478362869015,0.042559814550307745,True
energy_only,7302,641,9.036877845518418e-05,-0.0,9.036877845518418e-05,0.0007790257827640015,0.0004221507830157017,0.0009670662158756,0.010271479228759012,0.04254054007644153,True
energy_only,7302,642,9.029441617839468e-05,-0.0,9.029441617839468e-05,0.0007786166212032187,0.00041887045676466234,0.0009667320686607094,0.01026651776246143,0.0425214106984557,True
energy_only,7302,643,9.022064459192156e-05,-0.0,9.022064459192156e-05,0.0007782106381156387,0.0004156079594613804,0.0009664004313179042,0.010261593747042407,0.04250242558348956,True
energy_only,7302,644,9.014745979492197e-05,-0.0,9.014745979492197e-05,0.0007778078136883037,0.00041236334141759917,0.0009660712895591982,0.01025670696551364,0.04248358389840266,True
energy_only,7302,645,9.007485789554199e-05,-0.0,9.007485789554199e-05,0.0007774081281260524,0.00040913665266934353,0.0009657446290859994,0.010251857200825571,0.042464884809749186,True
energy_only,7302,646,9.000283501078314e-05,-0.0,9.000283501078314e-05,0.0007770115616585288,0.0004059279429761449,0.0009654204355885757,0.010247044235860977,0.04244632748375218,True
energy_only,7302,647,8.993138726630526e-05,-0.0,8.993138726630526e-05,0.0007766180945407136,0.00040273726182027674,0.0009650986947455123,0.010242267853426804,0.04242791108627218,True
energy_only,7302,648,8.986051079617947e-05,-0.0,8.986051079617947e-05,0.0007762277070481059,0.00039956465840598895,0.0009647793922236053,0.01023752783624713,0.042409634782783916,True
energy_only,7302,649,8.979020174278004e-05,-0.0,8.979020174278004e-05,0.0007758403794777356,0.00039641018165875155,0.0009644625136770948,0.010232823966955538,0.04239149773834427,True
energy_only,7302,650,8.972045625654771e-05,-0.0,8.972045625654771e-05,0.000775456092146878,0.0003932738802244973,0.0009641480447476692,0.010228156028087531,0.042373499117568526,True
energy_only,7302,651,8.965127049581094e-05,-0.0,8.965127049581094e-05,0.0007750748253825881,0.0003901558024688752,0.0009638359710638795,0.010223523802073538,0.042355638084602146,True
energy_only,7302,652,8.958264062661672e-05,-0.0,8.958264062661672e-05,0.000774696559536179,0.00038705599647650035,0.0009635262782408772,0.010218927071230908,0.042337913803092896,True
energy_only,7302,653,8.951456282253785e-05,-0.0,8.951456282253785e-05,0.0007743212749742176,0.00038397451005021694,0.0009632189518797156,0.010214365617756715,0.042320325436160794,True
energy_only,7302,654,8.944703326447612e-05,-0.0,8.944703326447612e-05,0.0007739489520769744,0.00038091139071035627,0.000962913977567435,0.010209839223721703,0.04230287214638002,True
energy_only,7302,655,8.938004814052663e-05,-0.0,8.938004814052663e-05,0.0007735795712505087,0.00037786668569400947,0.0009626113408764211,0.010205347671061613,0.042285553095744915,True
energy_only,7302,656,8.931360364573414e-05,-0.0,8.931360364573414e-05,0.0007732131129107155,0.0003748404419542935,0.0009623110273638232,0.010200890741570752,0.04226836744564352,True
energy_only,7302,657,8.924769598196487e-05,-0.0,8.924769598196487e-05,0.0007728495574908006,0.00037183270615963044,0.0009620130225717514,0.010196468216895356,0.04225131435683893,True
energy_only,7302,658,8.918232135772084e-05,-0.0,8.918232135772084e-05,0.0007724888854369806,0.0003688435246930265,0.000961717312026425,0.010192079878526127,0.04223439298943676,True
energy_only,7302,659,8.911747598792646e-05,-0.0,8.911747598792646e-05,0.0007721310772063533,0.0003658729436513589,0.0009614238812378301,0.01018772550779243,0.042217602502863286,True
energy_only,7302,660,8.905315609382012e-05,-0.0,8.905315609382012e-05,0.0007717761132726531,0.0003629210088446613,0.0009611327156994657,0.010183404885854504,0.042200942055838325,True
energy_only,7302,661,8.898935790270522e-05,-0.0,8.898935790270522e-05,0.0007714239741133255,0.00035998776579542044,0.0009608438008880487,0.010179117793697684,0.04218441080635395,True
energy_only,7302,662,8.892607764783747e-05,-0.0,8.892607764783747e-05,0.0007710746402255336,0.0003570732597378719,0.0009605571222628521,0.010174864012124753,0.04216800791164342,True
energy_only,7302,663,8.886331156822121e-05,-0.0,8.886331156822121e-05,0.000770728092107505,0.00035417753561730583,0.0009602726652655906,0.010170643321749934,0.04215173252816115,True
energy_only,7302,664,8.880105590844525e-05,-0.0,8.880105590844525e-05,0.0007703843102751892,0.0003513006380893697,0.0009599904153201035,0.010166455502991539,0.042135583811556236,True
energy_only,7302,665,8.873930691851882e-05,-0.0,8.873930691851882e-05,0.000770043275246275,0.0003484426115193815,0.0009597103578318641,0.010162300336065697,0.04211956091664756,True
energy_only,7302,666,8.867806085369939e-05,-0.0,8.867806085369939e-05,0.0007697049675516024,0.0003456034999816479,0.0009594324781876011,0.010158177600979947,0.04210366299739962,True
energy_only,7302,667,8.861731397433257e-05,-0.0,8.861731397433257e-05,0.0007693693677271762,0.0003427833472587805,0.0009591567617550741,0.010154087077526864,0.042087889206900216,True
energy_only,7302,668,8.855706254565675e-05,-0.0,8.855706254565675e-05,0.0007690364563150349,0.00033998219684102277,0.0009588831938826806,0.010150028545277771,0.04207223869733645,True
energy_only,7302,669,8.849730283769443e-05,-0.0,8.849730283769443e-05,0.0007687062138665801,0.00033720009192557865,0.00095861175989894,0.010146001783575992,0.0420567106199681,True
energy_only,7302,670,8.843803112501517e-05,-0.0,8.843803112501517e-05,0.0007683786209372338,0.0003344370754159489,0.0009583424451123147,0.010142006571531657,0.04204130412510938,True
energy_only,7302,671,8.837924368666206e-05,-0.0,8.837924368666206e-05,0.0007680536580869817,0.00033169318992126555,0.0009580752348108731,0.010138042688014059,0.042026018362101444,True
energy_only,7302,672,8.832093680589216e-05,-0.0,8.832093680589216e-05,0.0007677313058771695,0.00032896847775563726,0.0009578101142617654,0.0101341099116469,0.04201085247929177,True
energy_only,7302,673,8.826310677010135e-05,-0.0,8.826310677010135e-05,0.0007674115448736251,0.0003262629809374955,0.0009575470687111903,0.010130208020800993,0.04199580562401098,True
energy_only,7302,674,8.820574987061031e-05,-0.0,8.820574987061031e-05,0.0007670943556474132,0.00032357674118894947,0.0009572860833837737,0.010126336793589244,0.04198087694255048,True
energy_only,7302,675,8.814886240252953e-05,-0.0,8.814886240252953e-05,0.0007667797187654094,0.0003209097999351384,0.0009570271434821818,0.010122496007860313,0.04196606558013842,True
energy_only,7302,676,8.80924406646137e-05,-0.0,8.80924406646137e-05,0.0007664676148007917,0.00031826219830359494,0.000956770234187237,0.010118685441191672,0.041951370680919135,True
energy_only,7302,677,8.803648095907156e-05,-0.0,8.803648095907156e-05,0.0007661580243249344,0.0003156339771236129,0.0009565153406570638,0.010114904870885514,0.041936791387931244,True
energy_only,7302,678,8.798097959143765e-05,-0.0,8.798097959143765e-05,0.0007658509279116059,0.00031302517692561346,0.0009562624480270634,0.010111154073961737,0.041922326843085334,True
energy_only,7302,679,8.792593287042347e-05,-0.0,8.792593287042347e-05,0.0007655463061307812,0.00031043583794052265,0.0009560115414095447,0.010107432827151689,0.041907976187140414,True
energy_only,7302,680,8.787133710774143e-05,-0.0,8.787133710774143e-05,0.0007652441395565097,0.0003078660000991507,0.0009557626058932551,0.010103740906894528,0.041893738559687504,True
energy_only,7302,681,8.781718861798507e-05,-0.0,8.781718861798507e-05,0.0007649444087545037,0.00030531570303157687,0.0009555156265433243,0.010100078089328871,0.0418796130991228,True
energy_only,7302,682,8.776348371843646e-05,-0.0,8.776348371843646e-05,0.0007646470942911667,0.00030278498606653643,0.0009552705884007364,0.010096444150289182,0.04186559894263078,True
energy_only,7302,683,8.771021872898199e-05,-0.0,8.771021872898199e-05,0.0007643521767283502,0.00030027388823081566,0.0009550274764820219,0.010092838865300388,0.04185169522616394,True
energy_only,7302,684,8.765738997189244e-05,-0.0,8.765738997189244e-05,0.0007640596366261167,0.00029778244824864883,0.0009547862757789305,0.010089262009570481,0.04183790108441615,True
energy_only,7302,685,8.760499377173421e-05,-0.0,8.760499377173421e-05,0.0007637694545374533,0.0002953107045411238,0.0009545469712583934,0.010085713357987382,0.041824215650812416,True
energy_only,7302,686,8.755302645518615e-05,-0.0,8.755302645518615e-05,0.0007634816110101115,0.0002928586952255856,0.0009543095478618073,0.010082192685112134,0.04181063805747986,True
energy_only,7302,687,8.750148435092596e-05,-0.0,8.750148435092596e-05,0.0007631960865889227,0.00029042645811505066,0.0009540739905048285,0.010078699765173681,0.04179716743522918,True
energy_only,7302,688,8.745036378947983e-05,-0.0,8.745036378947983e-05,0.0007629128618134652,0.0002880140307176251,0.000953840284077554,0.01007523437206387,0.041783802913540856,True
energy_only,7302,689,8.739966110305134e-05,-0.0,8.739966110305134e-05,0.0007626319172097429,0.0002856214502359233,0.000953608413443604,0.010071796279332246,0.04177054362053908,True
energy_only,7302,690,8.734937262543958e-05,-0.0,8.734937262543958e-05,0.000762353233300614,0.0002832487535664957,0.000953378363440005,0.01006838526018102,0.0417573886829747,True
energy_only,7302,691,8.72994946918444e-05,-0.0,8.72994946918444e-05,0.0007620767906034189,0.00028089597729925994,0.0009531501188771371,0.010065001087459688,0.04174433722620777,True
energy_only,7302,692,8.725002363876471e-05,-0.0,8.725002363876471e-05,0.0007618025696208448,0.0002785631577169374,0.0009529236645381319,0.010061643533660259,0.041731388374186176,True
energy_only,7302,693,8.720095580384234e-05,-0.0,8.720095580384234e-05,0.0007615305508485408,0.0002762503307944916,0.0009526989851788423,0.010058312370912247,0.04171854124942961,True
energy_only,7302,694,8.715228752574992e-05,-0.0,8.715228752574992e-05,0.0007612607147768589,0.0002739575321985742,0.0009524760655271913,0.010055007370978105,0.04170579497300824,True
energy_only,7302,695,8.710401514403214e-05,-0.0,8.710401514403214e-05,0.000760993041881262,0.00027168479728697636,0.0009522548902833157,0.010051728305247875,0.04169314866452754,True
energy_only,7302,696,8.70561349989943e-05,-0.0,8.70561349989943e-05,0.0007607275126280199,0.0002694321611080822,0.0009520354441191857,0.010048474944734435,0.04168060144210929,True
energy_only,7302,697,8.700864343154649e-05,-0.0,8.700864343154649e-05,0.0007604641074710358,0.00026719965840032794,0.0009518177116780222,0.010045247060068777,0.041668152422370514,True
energy_only,7302,698,8.69615367831121e-05,-0.0,8.69615367831121e-05,0.000760202806853044,0.0002649873235916664,0.0009516016775746481,0.010042044421495566,0.041655800720413326,True
energy_only,7302,699,8.691481139545022e-05,-0.0,8.691481139545022e-05,0.0007599435912007796,0.00026279519079903843,0.0009513873263943507,0.010038866798868803,0.04164354544979921,True
energy_only,7302,700,8.68684636105914e-05,-0.0,8.68684636105914e-05,0.0007596864409292609,0.0002606232938278427,0.0009511746426934464,0.010035713961646394,0.04163138572253796,True
energy_only,7302,701,8.682248977065127e-05,-0.0,8.682248977065127e-05,0.0007594313364415095,0.0002584716661714174,0.0009509636109985819,0.010032585678886628,0.0416193206490692,True
energy_only,7302,702,8.677688621775067e-05,-0.0,8.677688621775067e-05,0.0007591782581287661,0.0002563403410105222,0.0009507542158065164,0.01002948171924353,0.04160734933824549,True
energy_only,7302,703,8.673164929384653e-05,-0.0,8.673164929384653e-05,0.0007589271863642228,0.00025422935121282854,0.0009505464415839403,0.010026401850962185,0.0415954708973157,True
energy_only,7302,704,8.668677534067788e-05,-0.0,8.668677534067788e-05,0.0007586781015042216,0.00025213872933241017,0.0009503402727673106,0.010023345841874311,0.04158368443190942,True
energy_only,7302,705,8.664226069956313e-05,-0.0,8.664226069956313e-05,0.0007584309838927414,0.0002500685076092425,0.0009501356937623447,0.010020313459394543,0.0415719890460198,True
energy_only,7302,706,8.659810171135734e-05,-0.0,8.659810171135734e-05,0.0007581858138569134,0.00024801871796870556,0.0009499326889441431,0.010017304470515935,0.041560383841990865,True
energy_only,7302,707,8.65542947163022e-05,-0.0,8.65542947163022e-05,0.0007579425717048657,0.0002459893920210917,0.000949731242656559,0.010014318641806406,0.041548867920499555,True
energy_only,7302,708,8.651083605387043e-05,-0.0,8.651083605387043e-05,0.0007577012377299164,0.00024398056106111703,0.0009495313392122759,0.010011355739403798,0.041537440380541094,True
energy_only,7302,709,8.646772206275469e-05,-0.0,8.646772206275469e-05,0.0007574617922060214,0.00024199225606743961,0.0009493329628922626,0.010008415529012866,0.041526100319413714,True
energy_only,7302,710,8.642494908063611e-05,-0.0,8.642494908063611e-05,0.0007572242153900532,0.00024002450770218306,0.0009491360979460231,0.010005497775900773,0.04151484683270722,True
energy_only,7302,711,8.638251344415586e-05,-0.0,8.638251344415586e-05,0.0007569884875199868,0.00023807734631046084,0.0009489407285908708,0.010002602244893494,0.041503679014283895,True
energy_only,7302,712,8.634041148875811e-05,-0.0,8.634041148875811e-05,0.0007567545888143645,0.00023615080191991033,0.0009487468390118334,0.009999728700372149,0.04149259595626606,True
energy_only,7302,713,8.629863954861324e-05,-0.0,8.629863954861324e-05,0.0007565224994726101,0.00023424490424022929,0.0009485544133618128,0.009996876906268836,0.04148159674902467,True
energy_only,7302,714,8.625719395649648e-05,-0.0,8.625719395649648e-05,0.0007562921996743532,0.00023235968266271787,0.0009483634357608765,0.009994046626063773,0.04147068048116281,True
energy_only,7302,715,8.621607104367393e-05,-0.0,8.621607104367393e-05,0.0007560636695762589,0.0002304951662598248,0.0009481738902962926,0.00999123762278075,0.04145984623950173,True
energy_only,7302,716,8.617526713980891e-05,-0.0,8.617526713980891e-05,0.0007558368893165751,0.0002286513837846993,0.0009479857610223221,0.009988449658984452,0.04144909310907036,True
energy_only,7302,717,8.613477857286487e-05,-0.0,8.613477857286487e-05,0.000755611839013201,0.00022682836367074845,0.0009477990319599953,0.009985682496777148,0.04143842017309242,True
energy_only,7302,718,8.609460166898631e-05,-0.0,8.609460166898631e-05,0.0007553884987586543,0.00022502613403119735,0.0009476136870968181,0.00998293589779452,0.041427826512970244,True
energy_only,7302,719,8.605473275240698e-05,-0.0,8.605473275240698e-05,0.0007551668486258889,0.0002232447226586566,0.0009474297103868311,0.009980209623203293,0.041417311208278004,True
energy_only,7302,720,8.601516814535376e-05,-0.0,8.601516814535376e-05,0.000754946868664072,0.0002214841570246927,0.0009472470857500488,0.009977503433697289,0.04140687333674329,True
energy_only,7302,721,8.597590416795901e-05,-0.0,8.597590416795901e-05,0.0007547285388992229,0.00021974446427940666,0.0009470657970727642,0.00997481708949445,0.04139651197424109,True
energy_only,7302,722,8.593693713813738e-05,-0.0,8.593693713813738e-05,0.0007545118393370452,0.00021802567125101219,0.0009468858282068308,0.009972150350334791,0.041386226194779635,True
energy_only,7302,723,8.58982633715326e-05,-0.0,8.58982633715326e-05,0.0007542967499538916,0.0002163278044454237,0.0009467071629698091,0.009969502975475572,0.041376015070486875,True
energy_only,7302,724,8.585987918136819e-05,-0.0,8.585987918136819e-05,0.0007540832507032872,0.0002146508900458481,0.0009465297851448952,0.009966874723690448,0.04136587767160703,True
energy_only,7302,725,8.582178087843376e-05,-0.0,8.582178087843376e-05,0.0007538713215196306,0.00021299495391237995,0.0009463536784803893,0.009964265353265094,0.04135581306648117,True
energy_only,7302,726,8.578396477090893e-05,-0.0,8.578396477090893e-05,0.0007536609423059324,0.00021136002158160294,0.0009461788266898614,0.009961674621994857,0.04134582032154168,True
energy_only,7302,727,8.574642716435333e-05,-0.0,8.574642716435333e-05,0.000753452092942873,0.00020974611826619547,0.0009460052134518779,0.009959102287182409,0.0413358985013019,True
energy_only,7302,728,8.570916436157906e-05,-0.0,8.570916436157906e-05,0.0007532447532852689,0.00020815326885454397,0.0009458328224097814,0.009956548105634878,0.04132604666834483,True
energy_only,7302,729,8.567217266256253e-05,-0.0,8.567217266256253e-05,0.0007530389031609993,0.00020658149791035661,0.0009456616371717403,0.009954011833661661,0.0413162638833168,True
energy_only,7302,730,8.563544836439211e-05,-0.0,8.563544836439211e-05,0.0007528345223730153,0.00020503082967228534,0.0009454916413103851,0.009951493227071017,0.04130654920491288,True
energy_only,7302,731,8.559898776115447e-05,-0.0,8.559898776115447e-05,0.0007526315906924135,0.00020350128805355294,0.0009453228183627197,0.00994899204116875,0.041296901689871796,True
energy_only,7302,732,8.556278714388141e-05,-0.0,8.556278714388141e-05,0.000752430087870165,0.00020199289664158331,0.0009451551518300652,0.009946508030756376,0.041287320392969604,True
energy_only,7302,733,8.552684280045933e-05,-0.0,8.552684280045933e-05,0.0007522299936259604,0.00020050567869763818,0.0009449886251780226,0.009944040950126836,0.04127780436700584,True
energy_only,7302,734,8.549115101554734e-05,-0.0,8.549115101554734e-05,0.0007520312876537436,0.00019903965715645745,0.0009448232218360311,0.009941590553064593,0.04126835266279908,True
energy_only,7302,735,8.545570807052802e-05,-0.0,8.545570807052802e-05,0.0007518339496173446,0.00019759485462590742,0.0009446589251975173,0.009939156592842587,0.04125896432917903,True
energy_only,7302,736,8.542051024340721e-05,-0.0,8.542051024340721e-05,0.000751637959156456,0.00019617129338663012,0.0009444957186198002,0.009936738822219817,0.0412496384129779,True
energy_only,7302,737,8.538555380876318e-05,-0.0,8.538555380876318e-05,0.0007514432958750246,0.00019476899539170114,0.0009443335854237253,0.009934336993440674,0.04124037395902439,True
energy_only,7302,738,8.535083503764797e-05,-0.0,8.535083503764797e-05,0.0007512499393550385,0.0001933879822662896,0.000944172508893917,0.009931950858231823,0.04123117001013663,True
energy_only,7302,739,8.531635019757062e-05,-0.0,8.531635019757062e-05,0.0007510578691456638,0.00019202827530732724,0.0009440124722783065,0.009929580167802236,0.04122202560711726,True
energy_only,7302,740,8.528209555239259e-05,-0.0,8.528209555239259e-05,0.0007508670647664445,0.000190689895483177,0.0009438534587883159,0.009927224672839375,0.04121293978874336,True
energy_only,7302,741,8.524806736226675e-05,-0.0,8.524806736226675e-05,0.0007506775057097729,0.00018937286343331117,0.0009436954515987725,0.009924884123509626,0.04120391159176695,True
energy_only,7302,742,8.521426188359627e-05,-0.0,8.521426188359627e-05,0.0007504891714376545,0.0001880771994679934,0.0009435384338474744,0.009922558269455747,0.04119494005090235,True
energy_only,7302,743,8.518067536895192e-05,-0.0,8.518067536895192e-05,0.0007503020413772607,0.00018680292356796494,0.0009433823886356606,0.009920246859795907,0.04118602419882815,True
energy_only,7302,744,8.514730406703665e-05,-0.0,8.514730406703665e-05,0.0007501160949330651,0.00018555005538413655,0.0009432272990274429,0.009917949643122332,0.041177163066176914,True
energy_only,7302,745,8.51141442226191e-05,-0.0,8.51141442226191e-05,0.0007499313114730151,0.0001843186142372853,0.0009430731480501255,0.009915666367500117,0.041168355681534874,True
energy_only,7302,746,8.508119207645832e-05,-0.0,8.508119207645832e-05,0.000749747670338099,0.00018310861911775708,0.0009429199186938227,0.009913396780466495,0.04115960107143555,True
energy_only,7302,747,8.504844386528932e-05,-0.0,8.504844386528932e-05,0.0007495651508341133,0.00018192008868517365,0.0009427675939115258,0.009911140629028951,0.041150898260354535,True
energy_only,7302,748,8.501589582176089e-05,-0.0,8.501589582176089e-05,0.00074938373223836,0.00018075304126814428,0.0009426161566193388,0.009908897659665437,0.04114224627071272,True
energy_only,7302,749,8.498354417436873e-05,-0.0,8.498354417436873e-05,0.0007492033937986796,0.00017960749486398386,0.0009424655896958311,0.009906667618322885,0.04113364412286469,True
energy_only,7302,750,8.495138514740734e-05,-0.0,8.495138514740734e-05,0.0007490241147274407,0.00017848346713843555,0.0009423158759825188,0.00990445025041674,0.04112509083510238,True
energy_only,7302,751,8.491941496098067e-05,-0.0,8.491941496098067e-05,0.0007488458742063511,0.00017738097542539683,0.0009421669982838123,0.00990224530082977,0.041116585423650834,True
energy_only,7302,752,8.488762983087595e-05,-0.0,8.488762983087595e-05,0.0007486686513853005,0.00017630003672665403,0.0009420189393665487,0.009900052513913014,0.041108126902666166,True
energy_only,7302,753,8.485602596860104e-05,-0.0,8.485602596860104e-05,0.0007484924253842923,0.00017524066771161875,0.0009418716819604835,0.00989787163348333,0.04109971428423309,True
energy_only,7302,754,8.48245995812895e-05,-0.0,8.48245995812895e-05,0.0007483171752889201,0.0001742028847170722,0.0009417252087578148,0.00989570240282491,0.04109134657836462,True
energy_only,7302,755,8.479334687168265e-05,-0.0,8.479334687168265e-05,0.0007481428801520355,0.0001731867037469116,0.0009415795024137512,0.00989354456468785,0.04108302279300366,True
energy_only,7302,756,8.476226403812363e-05,-0.0,8.476226403812363e-05,0.0007479695189951564,0.00017219214047190464,0.0009414345455458253,0.009891397861288587,0.041074741934017014,True
energy_only,7302,757,8.473134727446782e-05,-0.0,8.473134727446782e-05,0.0007477970708085438,0.0001712192102294474,0.0009412903207345252,0.009889262034309855,0.041066503005202,True
energy_only,7302,758,8.470059277009984e-05,-0.0,8.470059277009984e-05,0.0007476255145461247,0.00017026792802332771,0.0009411468105229364,0.009887136824900439,0.04105830500828188,True
energy_only,7302,759,8.466999670989517e-05,-0.0,8.466999670989517e-05,0.0007474548291333777,0.00016933830852349416,0.000941003997416869,0.009885021973675308,0.041050146942907574,True
energy_only,7302,760,8.463955527418202e-05,-0.0,8.463955527418202e-05,0.0007472849934586105,0.0001684303660658292,0.0009408618638847233,0.009882917220716691,0.041042027806659685,True
energy_only,7302,761,8.460926463872172e-05,-0.0,8.460926463872172e-05,0.0007471159863794643,0.00016754411465192895,0.0009407203923578589,0.00988082230557351,0.04103394659505059,True
energy_only,7302,762,8.457912097469301e-05,-0.0,8.457912097469301e-05,0.000746947786722258,0.00016667956794888633,0.0009405795652302764,0.009878736967262347,0.041025902301524114,True
energy_only,7302,763,8.454912044865548e-05,-0.0,8.454912044865548e-05,0.0007467803732774974,0.00016583673928908117,0.0009404393648589521,0.009876660944268093,0.04101789391746112,True
energy_only,7302,764,8.451925922257992e-05,-0.0,8.451925922257992e-05,0.0007466137248049396,0.00016501564166997385,0.0009402997735638192,0.00987459397454387,0.04100992043217906,True
energy_only,7302,765,8.448953345374812e-05,-0.0,8.448953345374812e-05,0.0007464478200275835,0.0001642162877539056,0.0009401607736273394,0.009872535795513268,0.04100198083293446,True
energy_only,7302,766,8.445993929484897e-05,-0.0,8.445993929484897e-05,0.0007462826376377479,0.0001634386898679025,0.0009400223472955234,0.00987048614406963,0.0409940741049315,True
energy_only,7302,767,8.443047289384599e-05,-0.0,8.443047289384599e-05,0.0007461181562983348,0.0001626828600034861,0.0009398844767771464,0.009868444756578373,0.04098619923132099,True
energy_only,7302,768,8.440113039407684e-05,-0.0,8.440113039407684e-05,0.0007459543546323718,0.00016194880981648766,0.0009397471442442426,0.009866411368877179,0.040978355193206195,True
energy_only,7302,769,8.43719079341804e-05,-0.0,8.43719079341804e-05,0.0007457912112323973,0.00016123655062686925,0.0009396103318320119,0.009864385716277993,0.04097054096964814,True
energy_only,7302,770,8.434280164813749e-05,-0.0,8.434280164813749e-05,0.0007456287046583237,0.00016054609341854863,0.0009394740216390122,0.009862367533567912,0.04096275553767044,True
energy_only,7302,771,8.43138076651994e-05,-0.0,8.43138076651994e-05,0.000745466813437183,0.00015987744883923008,0.0009393381957273489,0.00986035655501039,0.04095499787226509,True
energy_only,7302,772,8.428492210998624e-05,-0.0,8.428492210998624e-05,0.0007453055160640891,0.00015923062720024037,0.0009392028361224723,0.009858352514347525,0.040947266946397505,True
energy_only,7302,773,8.425614110240354e-05,-0.0,8.425614110240354e-05,0.0007451447909947725,0.0001586056384763691,0.0009390679248136185,0.009856355144801224,0.04093956173101485,True
energy_only,7302,774,8.422746075770404e-05,-0.0,8.422746075770404e-05,0.0007449846166607822,0.00015800249230571548,0.0009389334437537603,0.009854364179075016,0.04093188119505123,True
energy_only,7302,775,8.419887718645261e-05,-0.0,8.419887718645261e-05,0.0007448249714561039,0.00015742119798953978,0.0009387993748596526,0.009852379349356422,0.04092422430543556,True
energy_only,7302,776,8.417038649455706e-05,-0.0,8.417038649455706e-05,0.0007446658337421945,0.00015686176449211954,0.0009386657000121167,0.009850400387318079,0.040916590027098215,True
energy_only,7302,777,8.414198478331321e-05,-0.0,8.414198478331321e-05,0.0007445071818498498,0.000156324200440611,0.0009385324010562379,0.009848427024121018,0.040908977322983306,True
energy_only,7302,778,8.411366814935737e-05,-0.0,8.411366814935737e-05,0.0007443489940742749,0.00015580851412491707,0.0009383994598013682,0.009846458990415701,0.04090138515405208,True
energy_only,7302,779,8.408543268471437e-05,-0.0,8.408543268471437e-05,0.0007441912486805592,0.0001553147134975587,0.0009382668580211695,0.009844496016345508,0.04089381247929422,True
energy_only,7302,780,8.405727447683007e-05,-0.0,8.405727447683007e-05,0.0007440339238989552,0.00015484280617355237,0.0009381345774541723,0.009842537831548195,0.04088625825573842,True
energy_only,7302,781,8.402918960854893e-05,-0.0,8.402918960854893e-05,0.0007438769979300923,0.00015439279943029263,0.0009380025998035266,0.009840584165159653,0.04087872143846155,True
energy_only,7302,782,8.40011741582059e-05,-0.0,8.40011741582059e-05,0.0007437204489401741,0.00015396470020744035,0.0009378709067374122,0.009838634745815577,0.040871200980598224,True
energy_only,7302,783,8.397322419960459e-05,-0.0,8.397322419960459e-05,0.0007435642550671244,0.00015355851510681515,0.00093773947988918,0.009836689301655006,0.04086369583335343,True
energy_only,7302,784,8.394533580203946e-05,-0.0,8.394533580203946e-05,0.000743408394412905,0.00015317425039229355,0.0009376083008575409,0.009834747560322989,0.0408562049460129,True
energy_only,7302,785,8.391750503037996e-05,-0.0,8.391750503037996e-05,0.0007432528450511581,0.000152811911989713,0.0009374773512066741,0.009832809248973342,0.04084872726595293,True
energy_only,7302,786,8.388972794503626e-05,-0.0,8.388972794503626e-05,0.0007430975850205152,0.00015247150548677976,0.0009373466124665579,0.009830874094273346,0.04084126173865864,True
energy_only,7302,787,8.386200060207331e-05,-0.0,8.386200060207331e-05,0.0007429425923346421,0.0001521530361329834,0.000937216066133244,0.009828941822405,0.04083380730773082,True
energy_only,7302,788,8.383431905317233e-05,-0.0,8.383431905317233e-05,0.0007427878449704813,0.00015185650883951522,0.0009370856936688801,0.009827012159069871,0.0408263629149014,True
energy_only,7302,789,8.380667934573101e-05,-0.0,8.380667934573101e-05,0.0007426333208792513,0.00015158192817919285,0.0009369554765019443,0.009825084829492143,0.040818927500045524,True
energy_only,7302,790,8.377907752288801e-05,-0.0,8.377907752288801e-05,0.0007424789979728346,0.0001513292983863896,0.0009368253960278565,0.009823159558422952,0.040811500001201644,True
energy_only,7302,791,8.375150962354821e-05,-0.0,8.375150962354821e-05,0.0007423248541438304,0.0001510986233569698,0.0009366954336088153,0.009821236070143118,0.04080407935457837,True
energy_only,7302,792,8.372397168250373e-05,-0.0,8.372397168250373e-05,0.0007421708672464679,0.0001508899066482275,0.0009365655705741313,0.009819314088468338,0.0407966644945743,True
energy_only,7302,793,8.369645973039676e-05,-0.0,8.369645973039676e-05,0.00074201701511144,0.00015070315147883243,0.0009364357882206252,0.00981739333675267,0.04078925435379324,True
energy_only,7302,794,8.36689697938165e-05,-0.0,8.36689697938165e-05,0.0007418632755360354,0.00015053836072878072,0.0009363060678128463,0.009815473537892798,0.040781847863059856,True
energy_only,7302,795,8.364149789539671e-05,-0.0,8.364149789539671e-05,0.0007417096262900189,0.00015039553693934918,0.0009361763905832483,0.009813554414332286,0.04077444395143493,True
energy_only,7302,796,8.361404005379337e-05,-0.0,8.361404005379337e-05,0.0007415560451153292,0.0001502746823130576,0.0009360467377326087,0.009811635688066775,0.04076704154623614,True
energy_only,7302,797,8.35865922838193e-05,-0.0,8.35865922838193e-05,0.0007414025097269693,0.00015017579871363365,0.0009359170904304102,0.009809717080647123,0.04075963957305195,True
energy_only,7302,798,8.355915059648289e-05,-0.0,8.355915059648289e-05,0.0007412489978040259,0.0001500988876659848,0.0009357874298148647,0.009807798313185826,0.04075223695576204,True
energy_only,7302,799,8.353171099903445e-05,-0.0,8.353171099903445e-05,0.0007410954870058916,0.0001500439503561747,0.0009356577369933115,0.009805879106361364,0.0407448326165552,True
energy_only,7302,800,8.35042694951088e-05,-0.0,8.35042694951088e-05,0.00074094195496227,0.00015001098763140446,0.0009355279930428424,0.009803959180422133,0.040737425475948254,True
energy_gradient,7302,1,1.061574211865729,1.1713264991820036,2.2329007110477326,1.2391428695398214,0.003,0.09074204774783423,0.331213119920698,2.0073525284772957,True
energy_gradient,7302,2,1.03225954041738,1.1707898144075228,2.203049354824903,0.8938302745691087,0.0029999890123685955,0.08907414345512132,0.3311329125083625,1.9893013317007904,True
energy_gradient,7302,3,1.0125649270330943,1.1702586937124784,2.1828236207455727,0.5864202186545583,0.0029999560496438253,0.08783019520264486,0.3310488334092103,1.9757623784237568,True
energy_gradient,7302,4,1.0007215099391435,1.1697021164681223,2.170423626407266,0.31445128114463966,0.0029999011123340146,0.08695174936128905,0.3309574126093105,1.966100976286654,True
energy_gradient,7302,5,0.9950192902459429,1.169097101779255,2.164116392025198,0.08930705959265035,0.002999824201286366,0.08637183444788554,0.33085350618580395,1.959586280992209,True
energy_gradient,7302,6,0.9935619873258276,1.1684095972290465,2.161971584554874,0.1472388333885271,0.002999725317686942,0.08600923477316008,0.3307324798808662,1.9553370351886996,True
energy_gradient,7302,7,0.9942177903794311,1.167608996304799,2.1618267866842302,0.30098124031180856,0.0029996044630606505,0.08577649997001872,0.33059110871214004,1.9524098667752532,True
energy_gradient,7302,8,0.9949387726529854,1.1666740812512089,2.1616128539041943,0.4112840156316559,0.002999461639271219,0.08559915777098988,0.3304261652438072,1.9499998960779856,True
energy_gradient,7302,9,0.9942538044183683,1.1655836839071385,2.1598374883255067,0.47521472705437323,0.002999296848521167,0.08542946548760455,0.33023255097995013,1.94758162780008,True
energy_gradient,7302,10,0.991480594121616,1.1643043538109423,2.1557849479325584,0.4982221083295892,0.0029991100933517718,0.0852446139625405,0.33000216856446973,1.944886246148917,True
energy_gradient,7302,11,0.9865391746302653,1.1627829505028169,2.1493221251330823,0.4890130314931451,0.0029989013766430297,0.08503655385344099,0.32972366261408725,1.9417922296570969,True
energy_gradient,7302,12,0.9796323807626912,1.1609450303823232,2.1405774111450144,0.457312812512589,0.00299867070161361,0.08480193426667613,0.3293820770884696,1.9382169031722052,True
energy_gradient,7302,13,0.9709988093541062,1.1586927814961712,2.1296915908502774,0.4136036760789924,0.0029984180718208068,0.0845350276427302,0.3289581205256644,1.9340386285570577,True
energy_gradient,7302,14,0.9607692367501482,1.1559004549710465,2.116669691721195,0.3704735847216475,0.002998143491160484,0.08422313432044265,0.3284274187669349,1.9290454188667532,True
energy_gradient,7302,15,0.9488940001375383,1.1524098924066362,2.1013038925441743,0.3443010347156474,0.0029978469638670155,0.08384274901703499,0.3277596483573905,1.9228913092613535,True
energy_gradient,7302,16,0.9350993719458096,1.1480254473904068,2.0831248193362164,0.3525470474828088,0.002997528494513219,0.0833548772664689,0.3269172375100789,1.9150422999231487,True
energy_gradient,7302,17,0.91883364631076,1.1425063985620207,2.0613400448727806,0.40299162464542787,0.0029971880880102857,0.08270014233966798,0.32585414797906603,1.9047203168311673,True
energy_gradient,7302,18,0.8991998108531393,1.135560531412919,2.034760342266058,0.48923043160944246,0.002996825749607705,0.08179657377929246,0.3245154305631346,1.8908782170499712,True
energy_gradient,7302,19,0.8749175765005417,1.1268436173008378,2.0017611938013795,0.6004290660520011,0.0029964414848931836,0.08053992194659158,0.3228370329752553,1.8722025428352573,True
energy_gradient,7302,20,0.8443435787887016,1.1159614076447089,1.9603049864334103,0.7290922091154757,0.002996035299792558,0.07880391383521344,0.320746322720468,1.8471178918299154,True
energy_gradient,7302,21,0.8055396265432665,1.1024774702083278,1.9080170967515944,0.8718891944816548,0.002995607200569706,0.07643864536090125,0.3181655438497514,1.8137806031922032,True
energy_gradient,7302,22,0.7563798868788839,1.085941241829067,1.842321128707951,1.0277786832306204,0.0029951571938264467,0.07326634222517486,0.3150222973058799,1.770066393592192,True
energy_gradient,7302,23,0.6947121584833338,1.065961316961179,1.7606734754445128,1.1950260130503572,0.0029946852865024402,0.06907499702082043,0.3112749156725393,1.71358205043913,True
energy_gradient,7302,24,0.6186325332532795,1.042369153018438,1.6610016862717174,1.3667529737262947,0.002994191485875082,0.06361352646990527,0.3069687265458651,1.641790240927787,True
energy_gradient,7302,25,0.5270168497652845,1.0155601256785485,1.542576975443833,1.5239603695847674,0.002993675799559388,0.05660340918976642,0.3023571578130443,1.552513598385549,True
energy_gradient,7302,26,0.4206274129354459,0.9871916612308403,1.4078190741662864,1.624367755857925,0.00299313823550788,0.04782940961378781,0.2981486249212989,1.4456773631468258,True
energy_gradient,7302,27,0.304443486026096,0.9615569722314609,1.2660004582575568,1.586705794741697,0.0029925788020104594,0.03759848105753261,0.2959296521144511,1.3295339910036374,True
energy_gradient,7302,28,0.19246319628743183,0.947931196595726,1.140394392883158,1.2954670952196867,0.002991997507694284,0.028729143162600113,0.2982168934320826,1.2420566412745941,True
energy_gradient,7302,29,0.11532905686953204,0.9611098031317363,1.0764388600012684,0.9958621710946765,0.00299139436152363,0.02823291331443724,0.30492695102924533,1.2578094555072117,False
energy_gradient,7302,30,0.11039917901885918,1.0021779566227373,1.1125771356415965,2.0968152917037552,0.002990769372799759,0.032842807287437534,0.3086211344436274,1.3185936063368955,False
energy_gradient,7302,31,0.14948472560854423,1.028778865696664,1.1782635913052084,3.4391649429450086,0.0029901225511607694,0.03378107793842823,0.3045454194188595,1.3158217362503506,False
energy_gradient,7302,32,0.1585493764515521,1.009418813007805,1.1679681894593572,3.6776706669565025,0.0029894539065814505,0.030881323726843084,0.29528342245774203,1.2558224733152803,False
energy_gradient,7302,33,0.1326354139913161,0.9571012917087169,1.0897367057000331,2.9896784747253546,0.00298876344937313,0.026771807541839894,0.28569098148127564,1.1818762756768106,True
energy_gradient,7302,34,0.10071405728853741,0.9012623988949097,1.001976456183447,2.021498850133903,0.002988051190183511,0.023639062590018804,0.2786154525569474,1.1262492136563336,True
energy_gradient,7302,35,0.07953621774259997,0.8594536473760789,0.9389898651186789,1.160172693091919,0.002987317139996513,0.023157161265781143,0.27420752684895416,1.1072794064960185,True
energy_gradient,7302,36,0.07421509051901286,0.8330466448935112,0.9072617354125241,0.5825967917063586,0.002986561310132096,0.025288468730319494,0.27153803541811516,1.1216505505830865,False
energy_gradient,7302,37,0.08288629096341381,0.8170075162260386,0.8998938071894524,0.5583018644381661,0.0029857837122460934,0.02829511868207538,0.2697372684321144,1.1480882693548278,False
energy_gradient,7302,38,0.0982251206767607,0.8064990792957015,0.9047241999724622,0.8126919267097396,0.002984984358330025,0.030620380526949743,0.2682922245883078,1.168370180372356,False
energy_gradient,7302,39,0.11158532625466418,0.7986310730198585,0.9102163992745227,0.9832503160574481,0.002984163260710918,0.031710715015521765,0.26697021974940477,1.1758591076653004,False
energy_gradient,7302,40,0.11810592129861076,0.7921443635159323,0.9102502848145431,1.0279431805142238,0.002983320432051112,0.03170577493141445,0.2656912366348717,1.171794399707069,False
energy_gradient,7302,41,0.11766262888220913,0.7867673755901278,0.9044300044723369,0.9776960263766308,0.0029824558853480698,0.030942212511164288,0.26447556305176795,1.1598323932052317,False
energy_gradient,7302,42,0.11226216413572905,0.7829261490205023,0.8951883131562314,0.8576320129339792,0.0029815696339341694,0.029700103857094234,0.26345510662356764,1.1433757892573502,False
energy_gradient,7302,43,0.10403108212669157,0.7817095056835395,0.885740587810231,0.6699188642552539,0.002980661691476505,0.028213973939595273,0.26285887721007095,1.125645770758948,False
energy_gradient,7302,44,0.09505698136579294,0.7844801052457624,0.8795370866115553,0.44927812410152773,0.0029797320719766713,0.02679281135254395,0.262828758847109,1.1103848827015317,False
energy_gradient,7302,45,0.08754341929874482,0.7913034223116723,0.8788468416104172,0.39318438584134574,0.0029787807897705514,0.02583122727488618,0.2631203715291737,1.1010377646964418,True
energy_gradient,7302,46,0.08303037844924806,0.7990129282975095,0.8820433067467576,0.5170979992448277,0.002977807859528094,0.02561845230299737,0.26322183434129554,1.0990853399612268,True
energy_gradient,7302,47,0.08202175792101173,0.8029139183617974,0.8849356762828091,0.5654465048171337,0.002976813296253087,0.025955277095135423,0.2629083503574552,1.1016965234967342,False
energy_gradient,7302,48,0.08352639862674802,0.8015222401576895,0.8850486387844375,0.569194651537424,0.0029757971152829265,0.026127097429899698,0.2622957493165461,1.1016085191914458,False
energy_gradient,7302,49,0.08422425446053126,0.7966827711970303,0.8809070256575616,0.5647411470932214,0.00297475933228838,0.025734411932000018,0.26151271336189613,1.09496157232577,True
energy_gradient,7302,50,0.08204029118894451,0.7901470144569568,0.8721873056459013,0.4904833979629805,0.0029736999632733446,0.025144565238866157,0.2606209238888344,1.0858694096123622,True
energy_gradient,7302,51,0.07900906839419948,0.7824801022132266,0.8614891706074261,0.39886363641012296,0.0029726190245746016,0.024926950998528565,0.2596766002975884,1.0805848577369648,True
energy_gradient,7302,52,0.07794222504938621,0.7739136187440724,0.8518558437934586,0.3970210853942448,0.0029715165328615626,0.025168174547154278,0.2587760021536226,1.0803341070315589,True
energy_gradient,7302,53,0.07894128661125889,0.7651731040208143,0.8441143906320732,0.4232007164895774,0.002970392505136014,0.02555057709008092,0.25803271793637084,1.0820834665228807,False
energy_gradient,7302,54,0.08046277748140201,0.7574354625591526,0.8378982400405546,0.43189256153726935,0.002969246958731854,0.02579044499127477,0.25746891692402624,1.0828747332938093,False
energy_gradient,7302,55,0.08139549555877794,0.751401618965474,0.8327971145242519,0.4726648592770523,0.0029680799113148246,0.025722200239631145,0.25697633754979127,1.0806012851730777,False
energy_gradient,7302,56,0.08096430454965109,0.7468009623355367,0.8277652668851878,0.5278761622344024,0.002966891380882241,0.025258455764224374,0.25641712294538066,1.0738981044600364,True
energy_gradient,7302,57,0.07859394863047064,0.7429030667059388,0.8214970153364094,0.5423725548801859,0.0029656813857627125,0.024417409492409833,0.2557251328274544,1.0627519237463594,True
energy_gradient,7302,58,0.0744270997239801,0.7391625096772795,0.8135896094012596,0.5070618924664357,0.0029644499446158613,0.02330957428593583,0.25490586947492866,1.048359377800104,True
energy_gradient,7302,59,0.06924976035848733,0.7353289182894984,0.8045786786479857,0.44977543580104146,0.002963197076432033,0.022078827555841465,0.25397565096986374,1.0323070899533981,True
energy_gradient,7302,60,0.06388462167241843,0.7312110118639918,0.7950956335364103,0.38857407866234184,0.002961922800532004,0.020892572277142547,0.25292843032077167,1.0163625883927354,True
energy_gradient,7302,61,0.05901509660552802,0.7265675091764735,0.7855826057820016,0.3206074667977106,0.0029606271365666867,0.01992643211486418,0.2517522297241912,1.002362527028708,True
energy_gradient,7302,62,0.055249012353411564,0.7212197680885833,0.776468780441995,0.27817780366401823,0.002959310104516821,0.019224161797627627,0.2504399421665166,0.9907515553649933,True
energy_gradient,7302,63,0.052666993604839785,0.7150794582430433,0.7677464518478831,0.30810492813084167,0.0029579717246926707,0.01863769955681661,0.24896683595776142,0.9798720030086074,True
energy_gradient,7302,64,0.050644602499086276,0.7079722375444801,0.7586168400435664,0.37018624483515933,0.002956612017733708,0.018039724741346037,0.2472688951525902,0.968164316203075,True
energy_gradient,7302,65,0.04865732743328936,0.6994968144521546,0.7481541418854439,0.4253815275971021,0.002955231004608297,0.017479193599088907,0.24525222215933937,0.9558564044967847,True
energy_gradient,7302,66,0.046742639945270045,0.6891237922348667,0.7358664321801368,0.4687520415010018,0.0029538287066133676,0.01705685457127929,0.242836435952883,0.9437712946691819,True
energy_gradient,7302,67,0.04500623004098043,0.6765051933521756,0.7215114233931561,0.48263601320580846,0.0029524051453740903,0.016797374510564428,0.23999869361872503,0.9321005722986021,True
energy_gradient,7302,68,0.043411155780515076,0.6617204452531832,0.7051316010336983,0.4604587956004441,0.0029509603428435403,0.01667569875134648,0.23675420203129635,0.9206245599592346,True
energy_gradient,7302,69,0.04202416231914191,0.6451101667396376,0.6871343290587795,0.43812781672600604,0.0029494943213023597,0.01666260207936852,0.23308384879216662,0.9089714181429178,True
energy_gradient,7302,70,0.04097727914839755,0.6268345933238636,0.6678118724722611,0.45039484112102424,0.0029480071033584146,0.016772909694139245,0.22890403579810664,0.8970371235509803,True
energy_gradient,7302,71,0.04043738981558197,0.6066925989568315,0.6471299887724135,0.4922185499348188,0.002946498711946445,0.017095133515159074,0.22411032598994704,0.8854386564769254,True
energy_gradient,7302,72,0.04072145484588967,0.5843438254599747,0.6250652803058643,0.5508353301909898,0.002944969170327713,0.017723599984913904,0.21863803055597955,0.8749797334390086,True
energy_gradient,7302,73,0.042152383146902485,0.5596200265053024,0.6017724096522049,0.6191316562429231,0.0029434185020896417,0.018690016283739737,0.2124863776370942,0.8659963069860412,True
energy_gradient,7302,74,0.0449001031469402,0.5326504248859671,0.5775505280329073,0.6907339185769027,0.002941846731145454,0.019981807433764695,0.20567429145292973,0.8584135416298366,True
energy_gradient,7302,75,0.04911071231209724,0.5036774109849358,0.5527881232970331,0.7720825986132331,0.0029402538817338026,0.021533583552609894,0.198133669604608,0.8513199798653346,True
energy_gradient,7302,76,0.05483992258916187,0.4726504710209469,0.5274903936101087,0.8773705134081239,0.002938639978418395,0.023152563384762383,0.1896672059305743,0.8420393707815879,True
energy_gradient,7302,77,0.06150107986059167,0.43914459958424323,0.5006456794448348,1.0023001518099193,0.002937005046087618,0.024507985893878842,0.1801339588043837,0.8265997737023536,True
energy_gradient,7302,78,0.06743400740299481,0.4031144232562985,0.4705484306592933,1.120439686889208,0.00293534910995415,0.025226049364401468,0.16974717448650803,0.8016809620205492,True
energy_gradient,7302,79,0.07025905265983197,0.365811657711266,0.43607071037109796,1.2029410704945167,0.0029336721955545743,0.025033165194163685,0.15902185703870494,0.7659787381497215,True
energy_gradient,7302,80,0.06814402688187987,0.3292527108193534,0.3973967377012333,1.233360636804848,0.0029319743287489863,0.023940790906767526,0.14819941230693318,0.7203726306972105,True
energy_gradient,7302,81,0.061472722072450484,0.29423765236113847,0.35571037443358894,1.223349533851047,0.0029302555357205917,0.022292281620935047,0.13681926061592725,0.6670820954870867,True
energy_gradient,7302,82,0.05280553319593604,0.2594658916912274,0.3122714248871635,1.2113031768160756,0.002928515842975305,0.02046590028794374,0.1240018620909573,0.6073849003498185,True
energy_gradient,7302,83,0.0443407535605306,0.22296714723973568,0.2673079008002663,1.2047030973243429,0.002926755277341342,0.01862748186210207,0.10908206615645201,0.5409643255747951,True
energy_gradient,7302,84,0.036608612846542876,0.18410709575481468,0.22071570860135756,1.164903787558778,0.002924973865968801,0.01684254883245353,0.09215882756921676,0.4688300232840076,True
energy_gradient,7302,85,0.02964260424324852,0.14457849577645554,0.17422110001970406,1.0664855267354976,0.0029231716363292497,0.015086015633965414,0.07465739906582554,0.3951850997058103,True
energy_gradient,7302,86,0.023395979240514196,0.10817246463260713,0.13156844387312133,0.9222188533480566,0.002921348616215299,0.013075324423524683,0.05968743574313825,0.32676869042822676,True
energy_gradient,7302,87,0.017330818049933545,0.07899103505346126,0.0963218531033948,0.7885844678795526,0.0029195048337401735,0.010559131463982411,0.0506259865949213,0.2714918194326587,True
energy_gradient,7302,88,0.011422736504113358,0.058462416253068084,0.06988515275718143,0.6340225162268909,0.0029176403173372806,0.00826977532860751,0.04917327214574781,0.24250323238199306,True
energy_gradient,7302,89,0.007687084799299546,0.0458186110042786,0.05350569580357815,0.36148818092236235,0.002915755095759769,0.009016521062440991,0.05302951257267029,0.26256885678816544,False
energy_gradient,7302,90,0.010314578283741197,0.03889747787846404,0.04921205616220523,0.3825925349507209,0.002913849198080088,0.01254649353011706,0.058374003767286006,0.31700504560540854,False
energy_gradient,7302,91,0.0193706734446647,0.03585324306093773,0.055223916505602426,0.7311085736420306,0.0029119226536895373,0.015184704306958076,0.0667874391772677,0.3715513435058688,False
energy_gradient,7302,92,0.02711551786790128,0.03739431057064694,0.06450982843854822,0.9479662029575802,0.002909975492297815,0.017083522565032008,0.07089250709568913,0.4046922309654732,False
energy_gradient,7302,93,0.032560437832786435,0.04009034607590983,0.07265078390869627,1.0812662619246178,0.0029080077439325586,0.016270390762508902,0.08559016652573775,0.44211909156510854,False
energy_gradient,7302,94,0.029311419866347527,0.05191263671049861,0.08122405657684614,2.19957670065389,0.002906019438938881,0.020478255765390262,0.0752850743660212,0.45469911877040303,False
energy_gradient,7302,95,0.045662840466088477,0.05295632606072663,0.0986191665268151,3.7044806008130338,0.0029040106079789066,0.016144224668598744,0.09177668245309611,0.4601788889173759,False
energy_gradient,7302,96,0.02926852507714371,0.058355291345890396,0.0876238164230341,4.0615758521838625,0.0029019812820312925,0.015986098935496833,0.05381883591196169,0.33942302910971556,False
energy_gradient,7302,97,0.028155307026078675,0.021610347053453653,0.04976565407953233,0.990855559418614,0.0028999314923907555,0.015282576622404604,0.05178355620675088,0.3255307727728964,False
energy_gradient,7302,98,0.02587327704131525,0.027986076415375337,0.05385935345669059,2.8267728727862163,0.002897861270667588,0.010298456109705883,0.04402149636990512,0.24799258846072253,False
energy_gradient,7302,99,0.011715107268208076,0.013655474747744893,0.02537058201595297,0.8647541744572068,0.002895770648787169,0.007241682312482306,0.05774498884822606,0.2584198511904975,False
energy_gradient,7302,100,0.00581337963501196,0.022807114572587422,0.028620494207599382,2.5676110980611653,0.0028936596589894756,0.005435828822409461,0.02809875976488842,0.1461520768224057,True
energy_gradient,7302,101,0.003591415708316347,0.009424251067162413,0.01301566677547876,0.9766439610088349,0.002891528333828581,0.005705531046094608,0.02657068434273947,0.1442369387909302,True
energy_gradient,7302,102,0.0041590203612823715,0.01334132788344892,0.01750034824473129,1.949778747903363,0.0028893767061721554,0.0030834219979727407,0.020777052125143997,0.09808042602983488,True
energy_gradient,7302,103,0.0008458018399741134,0.00770402793645246,0.008549829776426574,0.41523374090584425,0.00288720480920096,0.00728154981496857,0.03343834987017939,0.18259883967747015,False
energy_gradient,7302,104,0.00536077328940439,0.0128943180964711,0.018255091385875492,1.8244385437116,0.002885012676408332,0.0053305493050911645,0.015249569356319444,0.1047224677203321,False
energy_gradient,7302,105,0.0026998057637923098,0.010028755412323594,0.012728561176115904,0.3718776109649059,0.0028828003415996705,0.006395252703744745,0.021589179855133367,0.13597126236659823,False
energy_gradient,7302,106,0.0044776451953871185,0.016249314299388813,0.02072695949477593,1.5495126556757173,0.0028805678388919165,0.007480269598585583,0.01471059930837956,0.12597325314783567,False
energy_gradient,7302,107,0.0058958464060438415,0.012109597785798861,0.018005444191842704,0.823130742254805,0.002878315202713022,0.009417427583629566,0.02672048579230139,0.1843195878414014,False
energy_gradient,7302,108,0.008962101849180283,0.012551698750883095,0.02151380060006338,1.2129283102320612,0.002876042467801424,0.009361193498369063,0.02505183503539249,0.178485146827892,False
energy_gradient,7302,109,0.008868143614354833,0.0120962213942139,0.020964365008568735,1.0741139691257897,0.002873749669205507,0.00782002406209881,0.015782236192815848,0.1329606288951087,False
energy_gradient,7302,110,0.00642768114915443,0.012392918945782332,0.018820600094936763,0.8136040475720414,0.0028714368422830612,0.006997312661593244,0.01939296588341368,0.13550713521744293,False
energy_gradient,7302,111,0.005203537728414981,0.01449704934704969,0.01970058707546467,1.2145315891252597,0.002869104022700739,0.006798938204542737,0.016490406803510407,0.12428520078122793,False
energy_gradient,7302,112,0.0045578842750538424,0.010122411590099955,0.014680295865153797,0.39334711054120336,0.0028667512464335032,0.0074315871318882815,0.02490332537000676,0.15742685453857747,False
energy_gradient,7302,113,0.005473116633131067,0.009924678977098256,0.015397795610229323,1.142992626209567,0.0028643785497640757,0.005308593627499802,0.016280105197957556,0.10772080480373294,False
energy_gradient,7302,114,0.002832047640755955,0.007281537033633642,0.010113584674389598,0.33101860322964155,0.0028619859692823736,0.004471031343061818,0.01375289352167738,0.09085497550361624,True
energy_gradient,7302,115,0.0024636990856140534,0.007949530457914227,0.010413229543528281,1.0225243677114146,0.0028595735418849477,0.003265818303813764,0.013681652311690523,0.07776966862035684,True
energy_gradient,7302,116,0.0013380429345511281,0.005762273368518099,0.007100316303069227,0.5442024666339558,0.0028571413047744137,0.0033450009066482863,0.0242801849658381,0.1118607823797231,False
energy_gradient,7302,117,0.0011253830853767968,0.005728305602425173,0.006853688687801969,0.8405889701495982,0.002854689295458875,0.0028211079661158993,0.02170895906773797,0.09820431385213459,False
energy_gradient,7302,118,0.0008057143190472705,0.004650196339779666,0.005455910658826936,0.5770849540741441,0.00285221755175135,0.0023466966813782083,0.016653237885532805,0.07728239684148304,True
energy_gradient,7302,119,0.0006971950029563284,0.005003457311628769,0.005700652314585097,0.7145265820654597,0.0028497261117691832,0.0027381105759925013,0.01841947544867191,0.08699993703532602,False
energy_gradient,7302,120,0.0009272891663324387,0.004575410316126598,0.005502699482459037,0.6304361677033958,0.002847215013933462,0.0028544330740950556,0.027333781344582267,0.11620422168760883,False
energy_gradient,7302,121,0.0009348697602153416,0.0048289615728600264,0.005763831333075368,0.652882606714492,0.0028446842969684217,0.0028977196302725707,0.028785101372037138,0.12121875322060922,False
energy_gradient,7302,122,0.000990814018759451,0.005136142454851031,0.006126956473610482,0.6348419683848964,0.002842133999900848,0.0038260406394091248,0.02329474432892252,0.11390317131271657,False
energy_gradient,7302,123,0.001732908367061109,0.0047820328039439525,0.0065149411710050615,0.619714462953104,0.0028395641620594762,0.0039901950322063645,0.023570519866009554,0.11652006837577797,False
energy_gradient,7302,124,0.0018129274574247923,0.004628642602199823,0.006441570059624615,0.5192390894202695,0.002836974823074385,0.003981543951104812,0.02885079174710847,0.13299120768696995,False
energy_gradient,7302,125,0.0017807833255269415,0.004927573266081286,0.006708356591608227,0.6398727172942653,0.0028343660228763857,0.0038803409973205086,0.027362092735697858,0.12724134942160617,False
energy_gradient,7302,126,0.0016922645086259393,0.0045358594606628826,0.006228123969288821,0.4614826083583549,0.0028317378016964032,0.0038549927529343436,0.023372002844275513,0.11445449243757624,False
energy_gradient,7302,127,0.0016761234600151309,0.0045487349090894994,0.00622485836910463,0.5765815200130808,0.0028290902000648608,0.003272663409993506,0.023856389699270675,0.10975942313108536,False
energy_gradient,7302,128,0.0012221408889889573,0.004192347243926111,0.005414488132915068,0.33153909719634544,0.002826423258811049,0.0025226859707541314,0.028401301496614406,0.11601253066409037,False
energy_gradient,7302,129,0.0007466447583168101,0.004664181491485123,0.005410826249801933,0.5838242386912716,0.002823737019062503,0.0023794236130969494,0.024759458229600254,0.10305971400367647,False
energy_gradient,7302,130,0.000656255889828717,0.003801584688176799,0.004457840578005516,0.2441424785423102,0.0028210315222443622,0.002663692649440282,0.020089381995131234,0.09144402071696746,False
energy_gradient,7302,131,0.0008180558580848953,0.0036577951896206106,0.004475851047705506,0.49561469651920104,0.0028183068100787337,0.0022935915534175767,0.01965680461770898,0.08613742956941003,False
energy_gradient,7302,132,0.000594709425979756,0.0031594469191653487,0.0037541563451451046,0.18737190671221,0.00281556292458405,0.002332759675448019,0.022639964742555058,0.09591317446605328,False
energy_gradient,7302,133,0.0005989206683305344,0.003285544853782347,0.0038844655221128813,0.46036859773459515,0.00281279990807442,0.001961661789952772,0.01946608649949271,0.08199687465336387,False
energy_gradient,7302,134,0.00041885915802978565,0.002921881372032833,0.0033407405300626184,0.1267978979093271,0.002810017803158976,0.002108216536465443,0.01603868207878251,0.07280960215678725,True
energy_gradient,7302,135,0.0005289487248956319,0.0030740326943655746,0.0036029814192612064,0.4079718393502612,0.0028072166527412182,0.001980840422050095,0.01642880165381364,0.07267401506925059,True
energy_gradient,7302,136,0.0004441444857016743,0.002838716000376438,0.003282860486078112,0.13634248551161013,0.0028043965000183507,0.002271328613784662,0.019004304653414128,0.08385304355199164,False
energy_gradient,7302,137,0.0005293834638382673,0.00301131683626224,0.0035407003001005073,0.36610203166832206,0.002801557388480617,0.0021012439218118175,0.015844130434875304,0.07212491072340013,True
energy_gradient,7302,138,0.0004496473198026478,0.0028699810723027915,0.0033196283921054395,0.11285784810953596,0.0027986993619106295,0.001897262557880888,0.012915974412127858,0.06076284633775334,True
energy_gradient,7302,139,0.0003976941453219644,0.0031521105715710883,0.003549804716893053,0.3347639803321544,0.0027958224643826936,0.0019152324872704822,0.013746646640760628,0.06356031912608576,False
energy_gradient,7302,140,0.000390050933336342,0.002950873191313199,0.003340924124649541,0.1278641166786794,0.002792926740262127,0.002173537646452985,0.016816347732737838,0.0759461247891347,False
energy_gradient,7302,141,0.0004857099323988033,0.0029753390370995123,0.0034610489694983154,0.29123672049039995,0.002790012234204579,0.0018864595640476396,0.015173252624874128,0.06772831942555138,False
energy_gradient,7302,142,0.00039468742088790207,0.002853894272308099,0.003248581693196001,0.12067980320965323,0.002787078991155338,0.001651556388097728,0.012817011522646655,0.05783027839734872,True
energy_gradient,7302,143,0.00034907413271417905,0.00292941795638345,0.003278492089097629,0.27228480163762525,0.00278412705634864,0.0015639994776289266,0.01367753905759335,0.05959523813310903,False
energy_gradient,7302,144,0.00028164753593478017,0.002751996900883586,0.0030336444368183665,0.10293608346366706,0.002781156475306972,0.0018224479583404255,0.016051735276571683,0.06980087339082716,False
energy_gradient,7302,145,0.00033992142591445694,0.0026843430336123343,0.0030242644595267912,0.2364697132578323,0.002778167293840369,0.0015415589635360573,0.014854145666186567,0.0630466043514317,False
energy_gradient,7302,146,0.00025560532001958153,0.0025414545246962676,0.002797059844715849,0.07931229221489305,0.0027751595580457057,0.0013288404648729016,0.013520515169202935,0.056593098601093406,True
energy_gradient,7302,147,0.0002284328146130384,0.002542606000529852,0.0027710388151428902,0.22105201733224142,0.002772133314305989,0.0013121302133549248,0.015017093475438729,0.061109322955805095,False
energy_gradient,7302,148,0.00021651258769820217,0.002372897452395814,0.002589410040094016,0.06477587220117648,0.0027690886092896425,0.0014222815536854194,0.01728639797312702,0.06940332535006588,False
energy_gradient,7302,149,0.0002321956829685214,0.0023664509015628916,0.002598646584531413,0.208002312507011,0.002766025489949782,0.0013616400610333129,0.01606984250443503,0.06494000786325059,False
energy_gradient,7302,150,0.0002203987173914047,0.0022373606727982193,0.002457759390189624,0.034509512774401764,0.0027629440035234986,0.0014455617701399702,0.014926721987807534,0.06224979985427488,False
energy_gradient,7302,151,0.00025399058205734275,0.002239383546836652,0.002493374128893995,0.1878645997004671,0.002759844197531124,0.001498062479056563,0.01619712195055041,0.06679514277241083,False
energy_gradient,7302,152,0.0002580670627870059,0.002142614312230671,0.002400681375017677,0.03796875977186819,0.0027567261197755013,0.0015516427587774933,0.017723289058058447,0.07215431186234976,False
energy_gradient,7302,153,0.00027259485422037415,0.002165505774424997,0.0024381006286453713,0.17510263591911737,0.002753589818341247,0.0014866133467275565,0.016661764105651764,0.06813047591806637,False
energy_gradient,7302,154,0.0002614770711557214,0.002100639089499578,0.0023621161606552994,0.03587055827805938,0.0027504353415940094,0.00154014164307589,0.016088103836456633,0.06690223029516007,False
energy_gradient,7302,155,0.00028670697715034676,0.0021003003203332823,0.002387007297483629,0.15068750479685272,0.0027472627381797217,0.001487084114762989,0.017213660466160813,0.06986672029789706,False
energy_gradient,7302,156,0.00025890708697706184,0.0020562016097250557,0.0023151086967021176,0.06014674969611997,0.0027440720570238533,0.0015265749895467108,0.01753003477533615,0.07128058158301574,False
energy_gradient,7302,157,0.0002673124448645225,0.0020379147729635266,0.002305227217828049,0.13366459504868314,0.0027408633473306548,0.001524715038314701,0.015973604935521135,0.06637843335764441,False
energy_gradient,7302,158,0.0002700863092315543,0.001969697462752484,0.0022397837719840387,0.07511083314531425,0.002737636658582399,0.0014902143378425828,0.015568795239653838,0.06474041714829872,False
energy_gradient,7302,159,0.00025974631812561075,0.0019421190318793797,0.0022018653500049906,0.10526424535388827,0.002734392040538618,0.0014092005258358948,0.01658432384957319,0.06706142008003593,False
energy_gradient,7302,160,0.00022885333934270343,0.0019125376288285252,0.0021413909681712285,0.08526597440171042,0.0027311295432353353,0.0013428959014900777,0.016356947255908152,0.06564058009512853,False
energy_gradient,7302,161,0.0002097313668359169,0.0018814477213428599,0.0020911790881787766,0.08222226395825744,0.002727849216984296,0.0013122662846289843,0.014922101739474431,0.06081279951479007,False
energy_gradient,7302,162,0.00020692887979839196,0.0018403474902992517,0.0020472763700976437,0.08816582870161138,0.0027245511123721888,0.0012734158289499546,0.014713725684709942,0.05974454784628336,False
energy_gradient,7302,163,0.00019112099900137717,0.0018021788351306296,0.0019932998341320065,0.05313920593094549,0.0027212352802598663,0.0012911638528969463,0.015287395302375315,0.06173347184323717,False
energy_gradient,7302,164,0.0001869515758770567,0.0017803873601553925,0.0019673389360324494,0.09062047658018625,0.0027179017717815623,0.001234547772283133,0.014533826818713224,0.05876543723561196,False
energy_gradient,7302,165,0.0001726609724904911,0.0017480151501352715,0.0019206761226257627,0.034655763567138044,0.0027145506383441003,0.001168204271427404,0.013551916566700397,0.05497731755046604,True
energy_gradient,7302,166,0.0001626002043932706,0.0017418267796196212,0.0019044269840128919,0.08758157800749658,0.002711181931626104,0.0011436740128127202,0.013911673379594217,0.05584404068224832,False
energy_gradient,7302,167,0.00015347105738052163,0.0017110391357946302,0.0018645101931751519,0.02380857906174349,0.002707795703577198,0.0011638948975673787,0.014390623602159227,0.057562233362456784,False
energy_gradient,7302,168,0.00015339618890538326,0.0016992500796025895,0.0018526462685079727,0.08161200270909119,0.0027043920064172087,0.0011216079663107328,0.013491095914214959,0.054289263783026925,True
energy_gradient,7302,169,0.00014550531407944343,0.0016693462912664196,0.001814851605345863,0.02421326890948531,0.0027009708926353554,0.0011048087945505984,0.012854192611296958,0.052112110698075385,True
energy_gradient,7302,170,0.00014250769075136994,0.0016564941714953638,0.0017990018622467338,0.07428003120508192,0.0026975324149894455,0.001135541655808399,0.013392751604273983,0.05412946968358853,False
energy_gradient,7302,171,0.00014346011771673833,0.0016201893169886308,0.001763649434705369,0.03101499126039062,0.002694076626505058,0.001140714160372603,0.01365034375266093,0.05499269974143402,False
energy_gradient,7302,172,0.00014371028375027172,0.0015966593240191308,0.0017403696077694026,0.059510686330297206,0.0026906035804747266,0.0010842289678991749,0.01299693912169699,0.05234026171623614,False
energy_gradient,7302,173,0.00013658470354114915,0.0015699108231133517,0.0017064955266545008,0.04140994309546712,0.0026871133304571166,0.0010755290406248258,0.012934447759395715,0.052051391018322006,True
energy_gradient,7302,174,0.0001356515465748813,0.0015427884708204753,0.0016784400173953566,0.05076700223299857,0.0026836059302762015,0.0011010991936094745,0.013539607520954228,0.05422257158143296,False
energy_gradient,7302,175,0.00013622695557995062,0.0015113244938948645,0.0016475514494748151,0.044169164895183834,0.002680081434020431,0.001099918694706737,0.013413412443198219,0.05381411747508924,False
energy_gradient,7302,176,0.0001354580939392707,0.001481266045228827,0.0016167241391680976,0.033532999736262024,0.002676539896041897,0.0010765860288756458,0.012870916783253571,0.051863383381179,True
energy_gradient,7302,177,0.00013325713797770466,0.0014577869649558869,0.0015910441029335916,0.04942145485510194,0.0026729813709554964,0.0010746115902777514,0.013136742096108451,0.05267616871535637,False
energy_gradient,7302,178,0.00013235361085859747,0.0014280875383900517,0.0015604411492486491,0.022900586059630603,0.002669405913638088,0.0010784788771992363,0.01366040465195446,0.05436009474916576,False
energy_gradient,7302,179,0.00013228323093892057,0.0014061516681327165,0.001538434899071637,0.04644867045185225,0.0026658135792276476,0.0010564082875562108,0.01337709478229766,0.05323585829918118,False
energy_gradient,7302,180,0.00012990602107876452,0.0013805061574036544,0.001510412178482419,0.015415014112962254,0.0026622044231224143,0.0010507686035089192,0.013064458681888129,0.052194977527432594,False
energy_gradient,7302,181,0.0001304352772434108,0.0013598468238905906,0.0014902821011340015,0.04289541718322587,0.002658578500980041,0.00105669837537359,0.01338075924218385,0.05325044895787501,False
energy_gradient,7302,182,0.000129460618871678,0.0013351409542098334,0.0014646015730815113,0.01771436689799757,0.002654935868716732,0.0010600416335098727,0.013495273894856755,0.053645343838548284,False
energy_gradient,7302,183,0.00012956722145123216,0.0013149697826253034,0.0014445370040765356,0.03638600526393444,0.002651276582506383,0.0010374874214168352,0.013074915529751246,0.05208604460364695,False
energy_gradient,7302,184,0.00012686981595152287,0.0012941849457530994,0.0014210547617046223,0.0250383047802636,0.002647600698779715,0.0010203553740188974,0.013029941412167087,0.05176213682688857,True
energy_gradient,7302,185,0.00012402258248475653,0.0012753005335273473,0.0013993231160121038,0.027088593243854816,0.0026439082742234017,0.001009851538161697,0.013341273757213605,0.05262664694087814,False
energy_gradient,7302,186,0.00012046963344407897,0.0012572186253579822,0.0013776882588020611,0.030250979673709658,0.0026401993657791975,0.0009967327656657911,0.01314037370718624,0.05185645068457864,False
energy_gradient,7302,187,0.0001179182719866107,0.0012366892813709595,0.0013546075533575701,0.019290034078990107,0.0026364740306430586,0.0009844728568851816,0.012713301310741276,0.050385949582659954,True
energy_gradient,7302,188,0.00011616324416657408,0.001217720723230167,0.001333883967396741,0.030971100878018396,0.0026327323262642613,0.0009764030295705742,0.012770407373560727,0.0504789633266568,False
energy_gradient,7302,189,0.00011304896195809546,0.0011976940934701696,0.001310743055428265,0.01490004355366495,0.0026289743103445158,0.0009664532660693535,0.012876920943657841,0.0507068990302011,False
energy_gradient,7302,190,0.0001099344458159922,0.00118068019253666,0.0012906146383526522,0.029255672501141194,0.002625200040837077,0.0009389528185690544,0.01254403340201361,0.049369197930488704,True
energy_gradient,7302,191,0.00010554273716079001,0.0011628507436420145,0.0012683934808028045,0.01516761682205554,0.002621409575945849,0.000920698415577401,0.012346794277351936,0.04855567888111877,True
energy_gradient,7302,192,0.00010234146680800031,0.0011463795680844333,0.0012487210348924337,0.024706879641338726,0.00261760297412449,0.0009159602629436642,0.012485018014419381,0.04893870231570048,False
energy_gradient,7302,193,9.959377506170615e-05,0.0011286426235264035,0.0012282363985881097,0.018909190414958345,0.0026137802940755087,0.0009095685458601054,0.012353725509317333,0.04845864504975891,True
energy_gradient,7302,194,9.753709285038829e-05,0.001111211021047397,0.0012087481138977855,0.0185545127787813,0.0026099415947493606,0.0008944146691311579,0.012001412323479675,0.047191769018059174,True
energy_gradient,7302,195,9.504982878106173e-05,0.0010949792451203245,0.0011900290739013863,0.022443529663277346,0.0026060869353435375,0.0008867962590013972,0.011999805999033454,0.047105427799361055,True
energy_gradient,7302,196,9.289628109109503e-05,0.0010779995126624178,0.001170895793753513,0.014733989219730717,0.0026022163753016566,0.0008826178241618822,0.012119753598247575,0.047437094803072705,False
energy_gradient,7302,197,9.125523312187263e-05,0.0010619504761725598,0.0011532057092944325,0.021508884422344308,0.0025983299743125416,0.0008674550630285912,0.011906808687953572,0.04660730242532112,True
energy_gradient,7302,198,8.89918310003476e-05,0.0010456596745039098,0.0011346515055042574,0.013311009904032738,0.0025944277923093035,0.0008581534740489644,0.01172134771518841,0.04592627270781465,True
energy_gradient,7302,199,8.744719057556377e-05,0.0010299479706281512,0.001117395161203715,0.020940399468824807,0.002590509889468415,0.0008596856728884247,0.011816323985329008,0.04624055113624518,False
energy_gradient,7302,200,8.649344137659619e-05,0.0010129819115872736,0.0010994753529638699,0.01428425560725018,0.002586576326208786,0.0008558418901723539,0.011780961141244125,0.04608860271118675,False
energy_gradient,7302,201,8.540656017438973e-05,0.0009969093529941977,0.0010823159131685875,0.01647384165796732,0.0025826271631908273,0.0008411167555657493,0.011563826966599215,0.045250339484331714,True
energy_gradient,7302,202,8.351016228480822e-05,0.0009816412392974188,0.001065151401582227,0.01733449388569103,0.0025786624613155186,0.0008325951112561797,0.01157310949125204,0.04518851587210944,True
energy_gradient,7302,203,8.207046489570865e-05,0.0009659777729265085,0.0010480482378222172,0.013937381585245734,0.0025746822817234666,0.0008282573914046474,0.01168110537729261,0.04548099218754615,False
energy_gradient,7302,204,8.095261603636881e-05,0.0009506645022713404,0.0010316171183077092,0.016778954049777174,0.0025706866857939646,0.0008175073900406032,0.011541344790875086,0.04492786086858826,True
energy_gradient,7302,205,7.947172950557e-05,0.0009354293410086936,0.0010149010705142636,0.011777526278023798,0.0025666757351440446,0.0008087777052237836,0.011400911815592722,0.044394180843914326,True
energy_gradient,7302,206,7.825162578049067e-05,0.0009207750929142597,0.0009990267186947503,0.016523068201165385,0.0025626494916275284,0.0008056585064885376,0.011474697182409276,0.04459234747906916,False
energy_gradient,7302,207,7.729090765892655e-05,0.0009057274472654954,0.0009830183549244219,0.012055987037332856,0.00255860801733407,0.0007976920312856905,0.01146806856659596,0.04448653755371892,False
energy_gradient,7302,208,7.603875557116941e-05,0.0008915507064598645,0.0009675894620310339,0.013501616609963818,0.0025545513745882037,0.000783898081624479,0.011315917622542141,0.04386205493381031,True
energy_gradient,7302,209,7.444137741459165e-05,0.0008779103925368996,0.0009523517699514912,0.01356150057581289,0.0025504796259483787,0.0007755803102904087,0.01130562330507071,0.04374099724954731,True
energy_gradient,7302,210,7.314513117144066e-05,0.0008641939331834718,0.0009373390643549124,0.011721184044495103,0.0025463928342059957,0.0007713124495973861,0.011353548318810237,0.04384578530399486,False
energy_gradient,7302,211,7.211120124340925e-05,0.0008506505400134173,0.0009227617412568266,0.013601153714954163,0.0025422910623844395,0.0007629853061026352,0.01122544934612769,0.04335509114610646,True
energy_gradient,7302,212,7.090492508392717e-05,0.0008372623766847607,0.0009081673017686879,0.010759724435515362,0.002538174373738105,0.0007544165833931821,0.01111015791958647,0.042901994346408935,True
energy_gradient,7302,213,6.966839126961955e-05,0.0008243963568418123,0.0008940647481114318,0.013471828993014334,0.002534042831751424,0.0007483009138519896,0.01114853905794795,0.04295712511156244,False
energy_gradient,7302,214,6.84173272809225e-05,0.0008115331889830697,0.0008799505162639922,0.011117394540220241,0.0025298965001378853,0.0007393406430657535,0.011113319444071453,0.042751023668610375,True
energy_gradient,7302,215,6.700186669694475e-05,0.0007991635329618442,0.000866165399658789,0.011583014236909436,0.0025257354428390518,0.0007285196652158344,0.010972231408614691,0.042192970881469505,True
energy_gradient,7302,216,6.555109146505083e-05,0.0007870209362491097,0.0008525720277141606,0.011957230499015243,0.0025215597240235733,0.0007222386467934771,0.01093589763752566,0.04201196702186737,True
energy_gradient,7302,217,6.431707357474519e-05,0.0007747942716986154,0.0008391113452733606,0.010505417943114645,0.002517369408086201,0.0007179209254546241,0.010931820773545653,0.04195310047432148,True
energy_gradient,7302,218,6.323170868040835e-05,0.0007627592470313588,0.0008259909557117672,0.011701857496578337,0.00251316455964679,0.0007090427982986181,0.010810140480760217,0.04147666079664767,True
energy_gradient,7302,219,6.188099916221164e-05,0.0007510733149799749,0.0008129543141421866,0.010220833755037129,0.002508945243549304,0.0007000060047578705,0.010720463675253958,0.04109891824743541,True
energy_gradient,7302,220,6.052182174288637e-05,0.0007397310106098668,0.0008002528323527531,0.011371919587742531,0.002504711524860817,0.0006936972423378404,0.010731574319593934,0.0410664446946781,True
energy_gradient,7302,221,5.930609997067184e-05,0.0007283939835326823,0.0007877000835033541,0.010254283328328192,0.002500463468870509,0.0006860777151633093,0.010669231676283145,0.04078957035747516,True
energy_gradient,7302,222,5.807809247194521e-05,0.000717311800227744,0.0007753898926996892,0.010063584442120915,0.002496201141088658,0.0006777466203895719,0.01054680797097927,0.04031663653912598,True
energy_gradient,7302,223,5.686649684069887e-05,0.0007064497267947915,0.0007633162236354903,0.010883764466955818,0.002491924607245632,0.0006724608188045359,0.01051496215417915,0.04016033154284484,True
energy_gradient,7302,224,5.5834595099648305e-05,0.0006955559612576304,0.0007513905563572787,0.009707259821993521,0.0024876339332908725,0.0006669151578658112,0.01049466952368544,0.04003749407367435,True
energy_gradient,7302,225,5.482509935366042e-05,0.0006849115573505318,0.0007397366567041922,0.010275070580727243,0.00248332918539188,0.0006576180353916396,0.010396002582691145,0.03962877256040546,True
energy_gradient,7302,226,5.3606293087339996e-05,0.0006746009090979914,0.0007282072021853313,0.009773375915507749,0.002479010429933192,0.0006495841495002382,0.010337600750626187,0.03935983802043807,True
energy_gradient,7302,227,5.250020951754242e-05,0.0006644068696954474,0.0007169070792129898,0.010054185844304026,0.0024746777335153606,0.0006440595637687891,0.010335565761066168,0.039294497086356614,True
energy_gradient,7302,228,5.156475465224696e-05,0.0006542121832463538,0.0007057769378986008,0.009663481663025173,0.0024703311629539243,0.0006370489048979304,0.010267574977501656,0.03900640307754284,True
energy_gradient,7302,229,5.057945413358228e-05,0.0006442282173522122,0.0006948076714857945,0.009270232860458211,0.002465970785278377,0.0006294610908901526,0.010180722881947608,0.038652984510730945,True
energy_gradient,7302,230,4.959119274857612e-05,0.0006344616373308418,0.0006840528300794178,0.009995198160188574,0.0024615966677311385,0.0006236885098392598,0.010166965849940635,0.03854822663112872,True
energy_gradient,7302,231,4.872206579929212e-05,0.0006247113403123854,0.0006734334061116775,0.009101446273707759,0.0024572088777665107,0.0006169533077499294,0.010141226494417541,0.038395608974341036,True
energy_gradient,7302,232,4.782006048891239e-05,0.0006152018965356355,0.0006630219570245478,0.009219957319645372,0.002452807483049644,0.0006085503771332187,0.010063153214081794,0.038061029513775525,True
energy_gradient,7302,233,4.684556220021044e-05,0.0006059236489427555,0.0006527692111429659,0.009222777162088521,0.002448392551455489,0.0006022135981147871,0.010025565660923828,0.03787549765025143,True
energy_gradient,7302,234,4.6007992281061126e-05,0.0005966822265673596,0.0006426902188484207,0.008964447902868536,0.002443964151067753,0.000597289242693631,0.010011343765968165,0.03777833368467407,True
energy_gradient,7302,235,4.526910658493264e-05,0.0005875263339530639,0.0006327954405379965,0.008931180774159478,0.002439522350177847,0.000590613062823736,0.009945525019910792,0.037500622553060615,True
energy_gradient,7302,236,4.444374192552358e-05,0.0005786062991762023,0.0006230500411017259,0.008654971740041184,0.002435067217283837,0.0005837857264574571,0.009887647574108403,0.037246209034339464,True
energy_gradient,7302,237,4.361926733777069e-05,0.0005698717439858005,0.0006134910113235712,0.008942281212726683,0.0024305988210893826,0.0005781892800946382,0.009876519389588967,0.03715157715570103,True
energy_gradient,7302,238,4.28647267777022e-05,0.0005612141279642546,0.0006040788547419569,0.008472478725124416,0.002426117230502681,0.0005718560532310646,0.009835706642399689,0.03695596622502282,True
energy_gradient,7302,239,4.207844129603392e-05,0.0005527542137118797,0.0005948326550079136,0.008376830025872837,0.002421622514635403,0.0005651891019680574,0.009766896030851138,0.036668968522867135,True
energy_gradient,7302,240,4.128438337317512e-05,0.0005444615125887791,0.0005857458959619543,0.008560654682873862,0.0024171147428016272,0.0005600706654372633,0.009735755832192309,0.03651666304243463,True
energy_gradient,7302,241,4.057589966496396e-05,0.0005362260257521886,0.0005768019254171526,0.00820234547566277,0.0024125939845167726,0.0005548861590320805,0.0097062158658521,0.036368672176562256,True
energy_gradient,7302,242,3.9868993828218334e-05,0.0005281527521438785,0.0005680217459720969,0.008223136211368012,0.002408060309496523,0.0005481330876509534,0.009642129687913756,0.03609557529139042,True
energy_gradient,7302,243,3.907644590609119e-05,0.0005203028421322221,0.0005593792880383133,0.008130117099003494,0.0024035137876557565,0.000541876404427478,0.009598135623689531,0.03589080188246244,True
energy_gradient,7302,244,3.831602390089611e-05,0.0005125727953352765,0.0005508888192361725,0.008076583822085984,0.002398954489107464,0.0005365307695521203,0.00957505743035813,0.035761361143603135,True
energy_gradient,7302,245,3.7611027445533e-05,0.0005049326569030534,0.0005425436843485864,0.007916435854318327,0.00239438248416167,0.0005305031928145537,0.009520026506039732,0.03552441165999179,True
energy_gradient,7302,246,3.6877321658909326e-05,0.0004974587882776179,0.0005343361099365272,0.007793006985893577,0.0023897978433243456,0.000524485363814467,0.009461106827213203,0.03527536773257533,True
energy_gradient,7302,247,3.615271558102129e-05,0.0004901243077274841,0.0005262770233085054,0.007945635983185236,0.0023852006372963243,0.0005192675976165677,0.009432484158075198,0.035129899354634536,True
energy_gradient,7302,248,3.547957101557583e-05,0.00048287086556386217,0.000518350436579438,0.007677047783141917,0.00238059093697221,0.0005133729510317854,0.00939238018537966,0.03494119220465394,True
energy_gradient,7302,249,3.478000743440105e-05,0.00047578442398192713,0.0005105644314163281,0.007615379558129823,0.0023759688134392847,0.0005068201005301428,0.009334553670743054,0.034689867717306845,True
energy_gradient,7302,250,3.405640042778535e-05,0.00046885682501997874,0.0005029132254477641,0.007676511698291533,0.00237133433797641,0.0005012592847274943,0.009298964785251976,0.034518886340639446,True
energy_gradient,7302,251,3.3398835059976674e-05,0.00046199313038085656,0.0004953919654408333,0.0074973797211881675,0.0023666875820529316,0.0004960917514616631,0.00926645276367286,0.034361753694533724,True
energy_gradient,7302,252,3.277572439392009e-05,0.0004552292183998314,0.0004880049427937515,0.007437905382695753,0.0023620286173275736,0.0004901962529048197,0.009211791338910438,0.03412737279490174,True
energy_gradient,7302,253,3.212494863808232e-05,0.00044861743506519796,0.0004807423837032803,0.007415316357079368,0.002357357515647336,0.0004845480644739182,0.00916885698948985,0.03393241731599504,True
energy_gradient,7302,254,3.1501737927614835e-05,0.00044210632527126234,0.00047360806319887716,0.007395607274969521,0.0023526743490463846,0.00047934493187412277,0.009142680580777095,0.0337947786765591,True
energy_gradient,7302,255,3.091683212449128e-05,0.0004356801108849349,0.0004665969430094262,0.007236365801983321,0.0023479791897449425,0.00047360649384659166,0.009099626150335178,0.033598483391857746,True
energy_gradient,7302,256,3.031499974789612e-05,0.0004293914568284329,0.000459706456576329,0.007164047148185096,0.002343272110148173,0.00046799673799455445,0.00905312192831153,0.03339273987620962,True
energy_gradient,7302,257,2.9731893272616978e-05,0.00042320631382837597,0.00045293820710099294,0.007207168617602281,0.0023385531828450682,0.0004632207370431175,0.009024303331743417,0.033251371347095784,True
energy_gradient,7302,258,2.920443085966795e-05,0.00041708118619329714,0.0004462856170529651,0.007035129624620775,0.0023338224806073236,0.00045822293941410726,0.008988784370605853,0.03308661774960064,True
energy_gradient,7302,259,2.867581610343601e-05,0.0004110751590861634,0.0004397509751895994,0.006973510706809932,0.00232908007638822,0.00045273932113075807,0.00894316034692005,0.03288498141018143,True
energy_gradient,7302,260,2.813118522108757e-05,0.00040519947786950397,0.00043333066309059155,0.006984119599343448,0.002324326043321497,0.00044773272531200176,0.008912333748500083,0.03273485319461373,True
energy_gradient,7302,261,2.7622097564983318e-05,0.00039940025276741356,0.0004270223503323969,0.0068520315870858346,0.0023195604547202255,0.00044292685665425806,0.008883896051454558,0.032594360749951125,True
energy_gradient,7302,262,2.713166280851637e-05,0.0003936950385054991,0.00042082670131401545,0.006761759852136916,0.0023147833840756775,0.0004378021912356097,0.008841168990377606,0.03240564245572401,True
energy_gradient,7302,263,2.6630182274398927e-05,0.00038810893810484816,0.0004147391203792471,0.006727890420752729,0.002309994905056191,0.0004330096266032514,0.008804468951354874,0.03223937419725858,True
energy_gradient,7302,264,2.615271279763114e-05,0.0003826073678465194,0.0004087600806441505,0.00668525162332283,0.0023051950915060366,0.00042851713638576683,0.008777138626626086,0.032105699744775604,True
energy_gradient,7302,265,2.569792314536948e-05,0.0003771889726107333,0.0004028868957561028,0.0065719662216331826,0.0023003840174442773,0.0004235601945933746,0.00873980984600088,0.031935705007545105,True
energy_gradient,7302,266,2.5224554206673728e-05,0.00037189277719034303,0.00039711733139701676,0.006512638587584234,0.002295561757063626,0.00041855286642763953,0.008701458342168506,0.03176196441800529,True
energy_gradient,7302,267,2.4754405031065467e-05,0.00036669674715178143,0.0003914511521828469,0.006497552593671573,0.0022907283847293037,0.0004140238892890874,0.008673427120887655,0.03162570197032258,True
energy_gradient,7302,268,2.4314269832448308e-05,0.00036157067341015595,0.00038588494324260427,0.006377631911781718,0.002285883974977891,0.0004094238573072538,0.00863973238390629,0.031470915593568065,True
energy_gradient,7302,269,2.387459626309217e-05,0.0003565437086585504,0.0003804183049216426,0.006319599311622826,0.002281028602516179,0.00040463189473322503,0.008599606317045247,0.03129390679790782,True
energy_gradient,7302,270,2.3429589279563258e-05,0.00035161969204349614,0.0003750492813230594,0.006313425482124368,0.002276162342220017,0.00040012020264233256,0.008568685428865535,0.031148764339135247,True
energy_gradient,7302,271,2.3005333387716513e-05,0.0003467704710591276,0.00036977580444684413,0.0062245789525970695,0.0022712852691331594,0.00039559438170712596,0.008538964729530751,0.03100723592146285,True
energy_gradient,7302,272,2.2586516918306123e-05,0.0003420107436524919,0.00036459726057079804,0.006150667224789871,0.002266397458466105,0.0003908020754283891,0.008501325933654488,0.030838025673314895,True
energy_gradient,7302,273,2.2159140941130988e-05,0.00033735209779889666,0.00035951123874002766,0.006120187199615837,0.0022614989855949423,0.0003862788935788782,0.00846801738529215,0.030685270847200283,True
energy_gradient,7302,274,2.1750977833758426e-05,0.0003327658497555279,0.0003545168275892863,0.006069539823864956,0.0022565899260601823,0.0003820260238026519,0.008439248537073236,0.03054964114058063,True
energy_gradient,7302,275,2.1362179095860324e-05,0.0003282502209626767,0.000349612400058537,0.00599064861965191,0.002251670355565595,0.0003775505293965874,0.008404006659333024,0.030391330647537178,True
energy_gradient,7302,276,2.0967682189949747e-05,0.0003238285276582401,0.00034479620984818985,0.005952642873099937,0.0022467403499770444,0.00037307168611210506,0.008369602147171657,0.03023561111259483,True
energy_gradient,7302,277,2.0579851892922606e-05,0.0003194874695121529,0.0003400673214050755,0.00592522522515734,0.0022417999853213155,0.0003688422273825723,0.008342002353434026,0.03010389840248329,True
energy_gradient,7302,278,2.0211705897184886e-05,0.00031521200280987434,0.00033542370870705924,0.0058373648912448265,0.002236849337784941,0.0003645380939007632,0.008310802571584668,0.02996009612491338,True
energy_gradient,7302,279,1.9845468836918473e-05,0.00031101884048404275,0.0003308643093209612,0.005784741489791285,0.002231888483713032,0.0003602182820182455,0.008276541810539344,0.029806524673487676,True
energy_gradient,7302,280,1.9483688620738732e-05,0.0003069039894988518,0.0003263876781195905,0.005762908707354763,0.002226917499608094,0.00035619052125098854,0.008247999343260348,0.029674007417639578,True
energy_gradient,7302,281,1.914250942875675e-05,0.000302849642936168,0.00032199215236492477,0.0056920331122225195,0.002221936462128852,0.0003521736852222614,0.008219487621476495,0.029541703193033446,True
energy_gradient,7302,282,1.880796304331606e-05,0.0002988687839863758,0.0003176767470296919,0.005632755906484189,0.002216945448089066,0.00034798619079583177,0.008187089721097296,0.029395387340590173,True
energy_gradient,7302,283,1.8470802833486148e-05,0.00029496899707987927,0.0003134397999133654,0.005601243555914009,0.002211944534456346,0.0003439664514647603,0.00815854722646175,0.029262955602362858,True
energy_gradient,7302,284,1.8147917726837725e-05,0.00029113221333110646,0.00030928013105794417,0.005543539993413472,0.002206933798350966,0.00034010290571873043,0.008132261026093386,0.029139268410472995,True
energy_gradient,7302,285,1.783773931913915e-05,0.00028735875559619085,0.00030519649491533,0.0054749694691827114,0.0022019133170446768,0.0003361507523031058,0.008101787628778528,0.029001500970712742,True
energy_gradient,7302,286,1.7527291168883258e-05,0.00028366014721363487,0.0003011874383825181,0.00543675208943749,0.00219688316795951,0.000332282834715736,0.008072442694725287,0.028868172310539376,True
energy_gradient,7302,287,1.7225675244844826e-05,0.0002800262492588084,0.00029725192450365327,0.005398129448135995,0.002191843428666588,0.00032856519828511094,0.0080469449229097,0.028748515426905624,True
energy_gradient,7302,288,1.6936554258554792e-05,0.0002764519760637232,0.000293388530322278,0.005329249978821436,0.002186794176884924,0.0003247453333492044,0.008019068434069855,0.028620305880516034,True
energy_gradient,7302,289,1.664693829393968e-05,0.00027294915511071245,0.0002895960934046521,0.00528128758633047,0.0021817354904802265,0.0003209146553228049,0.007990223300533617,0.028488942437917608,True
energy_gradient,7302,290,1.636083140043947e-05,0.00026951263977878785,0.0002858734711792273,0.005246374451228714,0.0021766674474636987,0.00031728269575089673,0.007964817326891756,0.028370487841307114,True
energy_gradient,7302,291,1.608810587478693e-05,0.00026613121672398795,0.0002822193225987749,0.005183930068452889,0.002171590125990833,0.00031367078072255843,0.007938524507407821,0.028249465247409112,True
energy_gradient,7302,292,1.5819652679706104e-05,0.0002628129573409077,0.0002786326100206138,0.005134045130167189,0.0021665036043602075,0.00030999373476808015,0.007910087306229871,0.028121020966573203,True
energy_gradient,7302,293,1.5551553241157676e-05,0.00025956054381328904,0.0002751120970544467,0.005102196149987212,0.002161407961012278,0.0003064295117165349,0.007884432156782643,0.028002507613778205,True
energy_gradient,7302,294,1.5292927244328576e-05,0.0002563636989560157,0.0002716566262003443,0.005050174485203052,0.0021563032745281685,0.0003029165118519039,0.007859773115406843,0.027887665555730922,True
energy_gradient,7302,295,1.504045327546342e-05,0.00025322467718761325,0.00026826513046307666,0.004994867012679092,0.0021511896236284596,0.0002993444121938392,0.00783270732414356,0.027764643162269183,True
energy_gradient,7302,296,1.4788160971750005e-05,0.000250148264894741,0.000264936425866491,0.004958304894920603,0.002146067087171974,0.00029587520721384273,0.007806752960072589,0.027646205232812335,True
energy_gradient,7302,297,1.4543739825512707e-05,0.00024712574006640004,0.00026166947989191274,0.004917258719396677,0.0021409357441545605,0.0002925278537301542,0.007782651759180926,0.02753488079171636,True
energy_gradient,7302,298,1.4308210119034489e-05,0.00024415497083124315,0.00025846318095027767,0.0048641363631004,0.0021357956737078766,0.0002891299503996975,0.007756882537194398,0.027417784546016066,True
energy_gradient,7302,299,1.4073466214404166e-05,0.00024124299807716838,0.00025531646429157253,0.0048252903530929415,0.0021306469550981667,0.00028574536429872997,0.007731202966018161,0.027301111641423032,True
energy_gradient,7302,300,1.3842770999814696e-05,0.00023838554962051737,0.00025222832062033205,0.004789406892732679,0.002125489667725041,0.0002824809004812331,0.00770777581985807,0.027192786198939112,True
energy_gradient,7302,301,1.3621031863145867e-05,0.00023557663436657311,0.000249197666229719,0.0047371392296018605,0.002120323891120251,0.00027922912971068743,0.007683561511035512,0.02708212699717984,True
energy_gradient,7302,302,1.3402660101075336e-05,0.00023282086953756523,0.00024622352963864057,0.004694189352259023,0.002115149704946462,0.00027598538898303114,0.007658368835244105,0.02696848449261432,True
energy_gradient,7302,303,1.3187325396039934e-05,0.00023011757295574362,0.00024330489835178355,0.004661414106468864,0.002109967188996026,0.0002728556734955668,0.007635033628324888,0.02686188546225099,True
energy_gradient,7302,304,1.2980295756625595e-05,0.00022746047210182163,0.00024044076785844723,0.004616048215773897,0.00210477642318975,0.00026975937654399754,0.007612078253476279,0.02675683454815697,True
energy_gradient,7302,305,1.2777918462369996e-05,0.0002248522790182143,0.00023763019748058428,0.004571034645318025,0.0020995774875756643,0.0002666300560546856,0.007588012273416262,0.026647947401697316,True
energy_gradient,7302,306,1.2577000944370482e-05,0.00022229520228583626,0.00023487220323020674,0.004536204844040778,0.002094370462327786,0.00026358087068949416,0.007565106670142199,0.02654355538098007,True
energy_gradient,7302,307,1.2382622480331665e-05,0.00021978323651184172,0.0002321658589921734,0.004495143847353273,0.0020891554277448878,0.0002606160301253491,0.0075431650598965705,0.02644308738304996,True
energy_gradient,7302,308,1.2194670413222931e-05,0.00021731556524739364,0.00022951023566061658,0.004449375941012973,0.002083932464249253,0.0002576430067486794,0.0075201585353439826,0.026339191574718535,True
energy_gradient,7302,309,1.200874606626636e-05,0.00021489566582389016,0.00022690441189015653,0.0044137710384948734,0.00207870165238544,0.00025471171337682394,0.007497541195081186,0.02623696191785396,True
energy_gradient,7302,310,1.1827341231559402e-05,0.00021252016554839458,0.00022434750677995398,0.0043781488128378865,0.0020734630728190388,0.0002518578476809163,0.007476325892441241,0.02613995654898387,True
energy_gradient,7302,311,1.1652177586593157e-05,0.0002101864393409229,0.00022183861692751604,0.004333569868066053,0.0020682168063354263,0.0002490014930233697,0.007454631405158496,0.026041421484228354,True
energy_gradient,7302,312,1.1479377873785234e-05,0.00020789750659148208,0.00021937688446526732,0.004295056145924765,0.002062962933838522,0.00024616387497834654,0.00743267026772678,0.025942249929880496,True
energy_gradient,7302,313,1.130964666277575e-05,0.0002056518096432881,0.00021696145630606384,0.004261119741496282,0.0020577015363495393,0.0002434169979765893,0.007411893819569823,0.025847762950703186,True
energy_gradient,7302,314,1.1146089174220598e-05,0.00020344538868879097,0.00021459147786301156,0.004220036140782438,0.0020524326950057356,0.00024070320060925942,0.007391143375907314,0.025753710564291158,True
energy_gradient,7302,315,1.0986041852520576e-05,0.00020128009240158882,0.0002122661342541094,0.004181359171865076,0.0020471564910591626,0.00023798648050473762,0.007369860316074663,0.02565795624570797,True
energy_gradient,7302,316,1.082795218923323e-05,0.00019915664953514252,0.00020998460172437576,0.004148672762312601,0.0020418730058754117,0.00023533002229975838,0.007349500088580486,0.02556573982595519,True
energy_gradient,7302,317,1.067467644036777e-05,0.00019707140130572408,0.00020774607774609184,0.004110979672673025,0.0020365823209323617,0.00023272293730842335,0.007329680549697503,0.025475746372241495,True
energy_gradient,7302,318,1.0525522656605393e-05,0.00019502425357035706,0.00020554977622696245,0.004071429702821126,0.002031284517818918,0.00023012151918843567,0.007309270300888668,0.025383960421379352,True
energy_gradient,7302,319,1.0378297227178067e-05,0.00019301661788656793,0.000203394915113746,0.004038180105355352,0.002025979678233759,0.00022757254219691242,0.007289235679385528,0.025293912402984484,True
energy_gradient,7302,320,1.0234999214358725e-05,0.00019104573574021044,0.00020128073495456915,0.004004341474025164,0.0020206678839840733,0.00022508892894530035,0.007269976459714028,0.025206994260872667,True
energy_gradient,7302,321,1.0096228088073552e-05,0.00018911025017869586,0.0001992064782667694,0.003966555447651478,0.002015349216984299,0.000222613517632793,0.007250418856156135,0.025119227660661082,True
energy_gradient,7302,322,9.959489757555499e-06,0.00018721191712750746,0.00019717140688506297,0.003932875354112824,0.0020100237592548613,0.0002201623203124489,0.007230911089878763,0.025031875800615035,True
energy_gradient,7302,323,9.825451065315018e-06,0.00018534934364627478,0.0001951747947115898,0.00390081324232354,0.002004691592920906,0.00021777694895849917,0.007212203232482361,0.02494773562478593,True
energy_gradient,7302,324,9.695788102552452e-06,0.00018352013264763897,0.00019321592075019142,0.0038645179638611368,0.0019993528002110335,0.00021542350715568603,0.00719347425069262,0.024863869931603465,True
energy_gradient,7302,325,9.568862921534286e-06,0.00018172522286808048,0.00019129408578961475,0.003830420476952143,0.0019940074634560326,0.00021309035137648282,0.007174508442817159,0.0247794778377328,True
energy_gradient,7302,326,9.444138681459874e-06,0.00017996445671020596,0.00018940859539166583,0.0037999336696320956,0.0019886556650876084,0.00021081391549601685,0.0071561802280215156,0.024697691088045527,True
energy_gradient,7302,327,9.323250728115487e-06,0.00017823551672497252,0.000187558767453088,0.0037665193854138474,0.0019832974876371123,0.00020857587923850903,0.007138192187982762,0.024617381212606017,True
energy_gradient,7302,328,9.205421441137174e-06,0.00017653851276992392,0.0001857439342110611,0.003732480390515598,0.0019779330137342684,0.00020634933613965464,0.0071199673741217055,0.024536451264427144,True
energy_gradient,7302,329,9.089425056563606e-06,0.00017487401039255985,0.00018396343544912347,0.0037018983153446665,0.0019725623261059016,0.00020416817200856103,0.0071021085023926685,0.02445715350149683,True
energy_gradient,7302,330,8.976599694498013e-06,0.0001732400257568703,0.00018221662545136831,0.0036705071744097856,0.001967185507574658,0.00020204053515727351,0.007084730646745223,0.02437993585186767,True
energy_gradient,7302,331,8.86719964992683e-06,0.00017163566671460028,0.0001805028663645271,0.003637399002799976,0.0019618026410577315,0.00019993276161559342,0.007067199778750137,0.024302450202197526,True
energy_gradient,7302,332,8.759781475490048e-06,0.0001700617516235627,0.00017882153309905276,0.003607183728829706,0.0019564138095655814,0.00019785476283273114,0.007049806463475249,0.024225713787134902,True
energy_gradient,7302,333,8.654800121653873e-06,0.00016851721131571306,0.00017717201143736694,0.0035777705315946174,0.0019510190962006564,0.00019582589861675347,0.007032974591414881,0.024151262895552812,True
energy_gradient,7302,334,8.553057430739273e-06,0.00016700063726223855,0.00017555369469297782,0.0035459268763421473,0.001945618584156111,0.00019382301729280258,0.0070161987847977905,0.024077265158402878,True
energy_gradient,7302,335,8.453492710802573e-06,0.00016551249799382989,0.00017396599070463247,0.003515439778374659,0.00194021235671452,0.0001918441859729035,0.006999377508151219,0.024003381445882658,True
energy_gradient,7302,336,8.355924480804191e-06,0.00016405239076626777,0.00017240831524707197,0.0034869927866164508,0.0019348004972466004,0.00018991464160281863,0.006982993115750154,0.02393139415927064,True
energy_gradient,7302,337,8.261343312123451e-06,0.00016261875060063377,0.00017088009391275723,0.003457070452286133,0.001929383089209918,0.0001880216160600378,0.006966837968417333,0.02386051570470486,True
energy_gradient,7302,338,8.169205665398765e-06,0.00016121155831063327,0.00016938076397603202,0.003427201538521182,0.0019239602161476082,0.00018614699432733162,0.0069506133150073045,0.023789615621860074,True
energy_gradient,7302,339,8.078764296253842e-06,0.0001598310066345013,0.00016790977093075516,0.003399411082385181,0.0019185319616870805,0.00018430978480582126,0.006934696931507495,0.02372008179480057,True
energy_gradient,7302,340,7.990765116857708e-06,0.00015847580587757774,0.00016646657099443545,0.0033710235507017124,0.0019130984095387343,0.00018251447761785607,0.006919131357463,0.023652095581871382,True
energy_gradient,7302,341,7.905305206913102e-06,0.00015714532407544384,0.00016505062928235694,0.003341718164966062,0.0019076596434946655,0.00018074318100564553,0.006903528846368596,0.023584249739543487,True
energy_gradient,7302,342,7.821568806659815e-06,0.00015583985213486718,0.000163661420941527,0.0033142279623983436,0.0019022157474273746,0.00017900425692832326,0.006888053701812941,0.023517148902254703,True
energy_gradient,7302,343,7.739856641173277e-06,0.0001545585737826434,0.00016229843042381666,0.0032873942417627105,0.001896766805288473,0.00017730858073148318,0.0068729524898541216,0.023451682572557222,True
energy_gradient,7302,344,7.660600605700937e-06,0.00015330054963026555,0.00016096115023596648,0.0032594111117174246,0.0018913129011073895,0.00017563977439422816,0.006857944334555767,0.023386794899051717,True
energy_gradient,7302,345,7.583124304010775e-06,0.00015206595904777279,0.00015964908335178355,0.0032322566146412474,0.0018858541189900736,0.00017399533138827067,0.0068429770221634136,0.023322295345360015,True
energy_gradient,7302,346,7.507284309789933e-06,0.00015085445653572512,0.00015836174084551505,0.0032062526922823063,0.0018803905431176973,0.00017239140896265403,0.006828323884951597,0.02325921374344618,True
energy_gradient,7302,347,7.433662035494336e-06,0.00014966498039959463,0.00015709864243508898,0.0031794944677559236,0.001874922257745361,0.00017082228549412793,0.006813855421873547,0.023197082806724438,True
energy_gradient,7302,348,7.36197035321267e-06,0.00014849734673594148,0.00015585931708915414,0.003152897834487213,0.001869449347200788,0.00016927728978140955,0.006799385374402148,0.023135204387387698,True
energy_gradient,7302,349,7.291761336887327e-06,0.0001473515404497851,0.0001546433017866724,0.0031276902163739216,0.0018639718958830306,0.00016776649412267135,0.006785135194728127,0.02307438063936793,True
energy_gradient,7302,350,7.223432487280319e-06,0.0001462267096273493,0.00015345014211462962,0.003102349586282969,0.001858489988261163,0.00016629155717947644,0.006771154382432219,0.023014784536773355,True
energy_gradient,7302,351,7.157033562890848e-06,0.00014512235806204832,0.00015227939162493917,0.003076514707075187,0.0018530037088729833,0.00016484085954360673,0.0067572189844709385,0.022955589570351046,True
energy_gradient,7302,352,7.092067201841901e-06,0.00014403854521509159,0.0001511306124169335,0.003051695036971752,0.0018475131423237056,0.00016341938177096628,0.006743401209698693,0.022897075400676783,True
energy_gradient,7302,353,7.028681887212897e-06,0.00014297469262219265,0.00015000337450940554,0.003027403764312207,0.0018420183732846583,0.0001620354257914466,0.006729847132564883,0.022839788839348014,True
energy_gradient,7302,354,6.96716729869421e-06,0.0001419300881159725,0.0001488972554146667,0.0030026398111358964,0.0018365194864919776,0.0001606796970858609,0.006716402410066692,0.022783146544742675,True
energy_gradient,7302,355,6.907146415696271e-06,0.00014090469458321334,0.00014781184099890962,0.0029784349925362765,0.0018310165667452998,0.00015934845198797758,0.006703023490395658,0.022726971949245143,True
energy_gradient,7302,356,6.848469835309404e-06,0.00013989825458169484,0.00014674672441700426,0.0029550432957774243,0.0018255096989064558,0.00015805032997629297,0.006689878228631992,0.022671883789457874,True
energy_gradient,7302,357,6.791456702502865e-06,0.0001389100496157149,0.00014570150631821775,0.0029313418922702933,0.001819998967898159,0.00015678288003992343,0.006676913023362665,0.022617687768587573,True
energy_gradient,7302,358,6.7359771445274225e-06,0.00013793981784390835,0.00014467579498843577,0.0029076870030767866,0.0018144844587026996,0.00015553960753027107,0.006663997867005445,0.022563906761520647,True
energy_gradient,7302,359,6.681743269144097e-06,0.00013698746265261927,0.00014366920592176336,0.0028849095044911808,0.0018089662563606304,0.00015432645921098669,0.006651240706409452,0.022510942845050074,True
energy_gradient,7302,360,6.628959982955182e-06,0.0001360524018410057,0.0001426813618239609,0.0028623007277136835,0.0018034444459694584,0.0001531455660436102,0.006638694538044177,0.02245898500283386,True
energy_gradient,7302,361,6.577697919934484e-06,0.00013513419440812265,0.00014171189232805713,0.002839498253865644,0.0017979191126823296,0.00015198912045649758,0.006626235592820735,0.022407561667728493,True
energy_gradient,7302,362,6.5276489751622876e-06,0.00013423278527547016,0.00014076043425063244,0.0028172833586321056,0.0017923903417067194,0.0001508580204249238,0.006613884836807195,0.02235674819035179,True
energy_gradient,7302,363,6.478828850113221e-06,0.0001333478023107043,0.00013982663116081752,0.0027955049229769786,0.001786858218303116,0.00014975808017591346,0.006601738766527228,0.0223069093150448,True
energy_gradient,7302,364,6.431429159072643e-06,0.0001324787041073705,0.00013891013326644314,0.0027735382116582125,0.0017813228277837043,0.00014868528093697208,0.006589718742993188,0.022257755474810702,True
energy_gradient,7302,365,6.385267167185358e-06,0.0001316253304550029,0.00013801059762218824,0.0027518792325200788,0.001775784255511056,0.00014763637143570818,0.006577770938064371,0.022209083121385843,True
energy_gradient,7302,366,6.340200973926037e-06,0.00013078748670806355,0.00013712768768198958,0.002730842959962336,0.0017702425868968048,0.00014661597125800488,0.006565989930850807,0.022161238235445493,True
energy_gradient,7302,367,6.2963961168304636e-06,0.00012996467718512294,0.0001362610733019534,0.002709825100644637,0.001764697907400338,0.00014562339326343896,0.0065543747633889865,0.02211421047894585,True
energy_gradient,7302,368,6.253815962577872e-06,0.00012915661470143226,0.00013541043066401013,0.0026888196735445637,0.0017591503025274706,0.0001446536926857529,0.0065428407487019315,0.02206768143115579,True
energy_gradient,7302,369,6.212255877745099e-06,0.00012836318632792807,0.00013457544220567315,0.0026683331277160306,0.0017535998578291345,0.0001437093627597082,0.0065314276460055505,0.022021802418470352,True
energy_gradient,7302,370,6.171786310444808e-06,0.00012758401013600649,0.0001337557964464513,0.002648112924345108,0.0017480466589000513,0.00014279323796013958,0.006520182984499227,0.021976752782275476,True
energy_gradient,7302,371,6.13249254654106e-06,0.0001268186952863776,0.00013295118783291867,0.0026278602890716686,0.0017424907913774193,0.00014190117925064953,0.006509039948446025,0.02193227875999455,True
energy_gradient,7302,372,6.094206180583302e-06,0.00012606711064969977,0.00013216131683028306,0.0026079691994522094,0.0017369323409395883,0.0001410318623102625,0.006497986521829368,0.021888328526158404,True
energy_gradient,7302,373,6.056870689970894e-06,0.00012532901894259438,0.00013138588963256526,0.002588492875585043,0.0017313713933047401,0.00014018851968523096,0.006487087943165604,0.02184514122191467,True
energy_gradient,7302,374,6.020598615148846e-06,0.00012460401948655988,0.00013062461810170873,0.0025690317440378602,0.0017258080342295666,0.00013936968003271642,0.006476320829579082,0.02180262779658035,True
energy_gradient,7302,375,5.98532088170289e-06,0.00012389189888198127,0.00012987721976368417,0.0025497178408313984,0.0017202423495079468,0.00013857245902512303,0.00646563373505691,0.021760596090261982,True
energy_gradient,7302,376,5.950913194844794e-06,0.00012319250444811926,0.00012914341764296404,0.0025308400057768845,0.0017146744249696248,0.0001377990774145522,0.006455066519212328,0.021719194836397088,True
energy_gradient,7302,377,5.917444845240714e-06,0.0001225054953141197,0.00012842294015936044,0.0025121575521101585,0.0017091043464788835,0.00013705038197740676,0.006444640567093531,0.021678500153498707,True
energy_gradient,7302,378,5.884939575222677e-06,0.0001218305814503334,0.00012771552102555607,0.002493537362544294,0.0017035321999332251,0.00013632303014668925,0.006434307480079483,0.02163832455065362,True
energy_gradient,7302,379,5.8532685666383275e-06,0.00012116763066584524,0.00012702089923248357,0.002475245270916944,0.0016979580712620415,0.00013561679619411994,0.006424070676931413,0.02159867634309507,True
energy_gradient,7302,380,5.822417530871564e-06,0.00012051640134279329,0.00012633881887366485,0.002457248878048426,0.0016923820464252927,0.0001349338218514972,0.006413969998445876,0.02155970336194376,True
energy_gradient,7302,381,5.792456329418553e-06,0.00011987657273556925,0.0001256690290649878,0.0024393157439904388,0.00168680421141218,0.00013427255247372278,0.006403979395093274,0.021521307302614503,True
energy_gradient,7302,382,5.763316125769483e-06,0.0001192479677962965,0.000125011283922066,0.002421585671626288,0.0016812246522398186,0.00013363116523684373,0.006394070485662105,0.02148337968440728,True
energy_gradient,7302,383,5.73492084707369e-06,0.0001186304215635608,0.0001243653424106345,0.00240420378919383,0.0016756434549519135,0.00013301115979342143,0.0063842759800633725,0.02144603911770564,True
energy_gradient,7302,384,5.7073217070769695e-06,0.00011802364655642968,0.00012373096826350666,0.002386980726586694,0.0016700607056174314,0.000132412537310724,0.006374604124480978,0.02140931148207305,True
energy_gradient,7302,385,5.680516063288589e-06,0.00011742741384168224,0.00012310792990497083,0.0023698628572124503,0.0016644764903292726,0.0001318329506118725,0.006365020719685572,0.021373064450707305,True
energy_gradient,7302,386,5.65441273584297e-06,0.00011684158765878141,0.00012249600039462437,0.0023530249327863343,0.0016588908952029453,0.00013127256820131487,0.006355531919504402,0.021337319125541092,True
energy_gradient,7302,387,5.629011321834218e-06,0.000116265945983938,0.00012189495730577222,0.002336424386083201,0.0016533040063752365,0.00013073265740537056,0.006346161800456001,0.02130216455588611,True
energy_gradient,7302,388,5.604351566051476e-06,0.00011570023107723645,0.00012130458264328793,0.0023199264749239256,0.0016477159100028822,0.00013021178874911485,0.006336889733824422,0.021267520777274226,True
energy_gradient,7302,389,5.580375270690815e-06,0.00011514428753196607,0.0001207246628026569,0.002303632442362263,0.0016421266922612419,0.00012970867532685482,0.006327700022655589,0.02123332481694833,True
energy_gradient,7302,390,5.557032180129471e-06,0.00011459795627348776,0.00012015498845361723,0.0022876127793329194,0.0016365364393429675,0.00012922425645992726,0.006318616020391159,0.02119965995561607,True
energy_gradient,7302,391,5.534355577791636e-06,0.00011406099888529898,0.00011959535446309062,0.0022717383944124993,0.001630945237456674,0.00012875832991521958,0.006309639884398113,0.021166530802432783,True
energy_gradient,7302,392,5.512335302636973e-06,0.00011353322452819551,0.00011904555983083249,0.0022559912919265274,0.0016253531728256114,0.00012830927907531484,0.006300747363946797,0.021133844034034687,True
energy_gradient,7302,393,5.490907081113157e-06,0.00011301450054143385,0.00011850540762254701,0.0022404858394720274,0.0016197603316863338,0.00012787721438786256,0.006291943454254701,0.021101616498387852,True
energy_gradient,7302,394,5.470070563081024e-06,0.00011250463430941522,0.00011797470487249625,0.002225188726091655,0.0016141668002873709,0.0001274627920624977,0.006283243882635633,0.021069904532800006,True
energy_gradient,7302,395,5.449847279665276e-06,0.00011200341523027209,0.00011745326250993736,0.002210015172597028,0.0016085726648878956,0.0001270648386585149,0.006274634438925667,0.021038651039242864,True
energy_gradient,7302,396,5.430192598016014e-06,0.00011151070271115905,0.00011694089530917505,0.0021950276245709774,0.0016029780117563963,0.00012668239305205204,0.006266104885854358,0.02100781364790025,True
energy_gradient,7302,397,5.4110703112547445e-06,0.00011102635148634203,0.00011643742179759678,0.0021802664490674466,0.0015973829271693455,0.00012631602435009064,0.0062576702972648585,0.020977445716690295,True
energy_gradient,7302,398,5.392500438654116e-06,0.00011055016374644047,0.00011594266418509459,0.002165652228251298,0.0015917874974098684,0.0001259655353840782,0.006249331176889171,0.02094754672159864,True
energy_gradient,7302,399,5.374473554363308e-06,0.00011008197474863124,0.00011545644830299454,0.0021511767394036345,0.0015861918087664145,0.0001256297438741242,0.006241070682156367,0.02091805121278015,True
energy_gradient,7302,400,5.356943467475737e-06,0.00010962166007159883,0.00011497860353907458,0.002136911791882405,0.0015805959475314246,0.00012530856496116222,0.006232891863975181,0.02088896785489994,True
energy_gradient,7302,401,5.339906051097103e-06,0.00010916905670582886,0.00011450896275692596,0.002122835624191602,0.0015750000000000009,0.0001250023157786122,0.006224805844064329,0.020860334919603644,True
energy_gradient,7302,402,5.323373552209469e-06,0.0001087239886786605,0.00011404736223086997,0.00210889086721477,0.0015694040524685774,0.00012471013616513555,0.006216803489088481,0.020832114577417883,True
energy_gradient,7302,403,5.307314572486261e-06,0.00010828632702105586,0.00011359364159354212,0.002095112576420497,0.0015638081912335874,0.0001244312678913244,0.006208876596357646,0.02080427300597203,True
energy_gradient,7302,404,5.29170094267042e-06,0.00010785594281902296,0.00011314764376169337,0.002081530012882882,0.0015582125025901334,0.0001241659999549228,0.006201034269878664,0.02077684184737717,True
energy_gradient,7302,405,5.2765432177783155e-06,0.00010743267165357127,0.00011270921487134959,0.0020680968051751745,0.0015526170728306567,0.0001239141731480192,0.0061932776557757354,0.02074982299782159,True
energy_gradient,7302,406,5.261835255565202e-06,0.00010701636896428788,0.00011227820421985308,0.0020548025866873715,0.0015470219882436059,0.00012367488019381082,0.006185595426335067,0.020723171241570235,True
energy_gradient,7302,407,5.24754346453624e-06,0.00010660692074332803,0.00011185446420786428,0.002041689810662827,0.0015414273351121064,0.0001234478732198947,0.006177988438981985,0.020696886622991347,True
energy_gradient,7302,408,5.2336598876163014e-06,0.00010620419038348388,0.00011143785027110019,0.002028748062434763,0.0015358331997126313,0.0001232333024091708,0.006170464634275521,0.020670995653216683,True
energy_gradient,7302,409,5.220191936204674e-06,0.0001058080288859166,0.00011102822082212127,0.0020159383851962253,0.001530239668313668,0.00012303058912422395,0.0061630186230364975,0.020645475252034962,True
energy_gradient,7302,410,5.207119122746095e-06,0.00010541831807662668,0.00011062543719937278,0.0020032778200217136,0.0015246468271743906,0.0001228390936595749,0.006155643251973187,0.02062029615375639,True
energy_gradient,7302,411,5.194418131527204e-06,0.00010503494547395264,0.00011022936360547985,0.001990789502760534,0.0015190547625433281,0.0001226588774235276,0.0061483435305510455,0.020595474727701145,True
energy_gradient,7302,412,5.182092287805543e-06,0.00010465777476061859,0.00010983986704842414,0.0019784477169229415,0.0015134635606570347,0.00012248982172239535,0.0061411216875803054,0.02057101669865075,True
energy_gradient,7302,413,5.17013860943967e-06,0.00010428667867887922,0.0001094568172883189,0.0019662386932603796,0.00150787330773876,0.00012233124103781204,0.006133970360132898,0.020546891654408504,True
energy_gradient,7302,414,5.158532975950897e-06,0.00010392155381032918,0.00010908008678628007,0.001954185905173244,0.00150228408999712,0.00012218279506079775,0.006126888298029392,0.02052309204161836,True
energy_gradient,7302,415,5.147264536219307e-06,0.00010356228610989068,0.00010870955064610999,0.0019422884698082235,0.001496695993624766,0.00012204453548002188,0.006119880815744341,0.020499635082644355,True
energy_gradient,7302,416,5.136337248247005e-06,0.00010320874931381788,0.00010834508656206488,0.0019305213484618518,0.0014911091047970562,0.00012191609940688305,0.006112945397036524,0.020476509011708628,True
energy_gradient,7302,417,5.125738875710517e-06,0.00010286083589521172,0.00010798657477092224,0.0019188895037718292,0.0014855235096707291,0.00012179693846501558,0.006106076018531489,0.020453689082160373,True
energy_gradient,7302,418,5.115449929515821e-06,0.00010251844807038385,0.00010763389799989968,0.0019074100873228141,0.0014799392943825704,0.00012168694626960103,0.0060992747186599,0.020431180552945676,True
energy_gradient,7302,419,5.105468200533599e-06,0.00010218147321377322,0.00010728694141430682,0.0018960707681249665,0.001474356545048088,0.00012158604052029735,0.006092544255172064,0.020408991196439623,True
energy_gradient,7302,420,5.095792785165324e-06,0.00010184979978439313,0.00010694559256955844,0.0018848573535208979,0.0014687753477601831,0.00012149373859303176,0.006085880223212622,0.020387102044753233,True
energy_gradient,7302,421,5.086407351425366e-06,0.00010152333401429886,0.00010660974136572422,0.0018737809316679475,0.0014631957885878218,0.00012140966891365633,0.006079279899436078,0.020365500589761283,True
energy_gradient,7302,422,5.077299641834517e-06,0.00010120198035598686,0.00010627927999782137,0.0018628461856534432,0.0014576179535747088,0.00012133379884459816,0.0060727463121721436,0.020344195982600795,True
energy_gradient,7302,423,5.068470377691991e-06,0.0001008856325312189,0.0001059541029089109,0.001852038585990204,0.00145204192873796,0.00012126591574029755,0.006066279089555278,0.020323184787464352,True
energy_gradient,7302,424,5.05991322772716e-06,0.00010057419351841926,0.00010563410674614641,0.0018413554928549427,0.0014464678000667766,0.00012120557409826861,0.006059873705687202,0.020302448052923958,True
energy_gradient,7302,425,5.051612845210292e-06,0.00010026757747120076,0.00010531919031641105,0.0018308075477657991,0.0014408956535211178,0.00012115256145473043,0.006053529999696194,0.020281983006969727,True
energy_gradient,7302,426,5.043563180577344e-06,9.996569135987355e-05,0.00010500925454045089,0.0018203909775451658,0.0014353255750303771,0.00012110680799268184,0.006047250435559226,0.020261796633671683,True
energy_gradient,7302,427,5.035763899937352e-06,9.966843851005929e-05,0.00010470420240999663,0.0018100941883726937,0.0014297576504920546,0.0001210680053232628,0.0060410329421799564,0.020241879145220354,True
energy_gradient,7302,428,5.028205166608423e-06,9.937573378059197e-05,0.0001044039389472004,0.0017999199713707684,0.0014241919657704348,0.00012103579915647229,0.0060348743216602704,0.020222216729339965,True
energy_gradient,7302,429,5.0208751116048295e-06,9.908749605065485e-05,0.00010410837116225969,0.001789874146559598,0.0014186286066952612,0.00012101007508854184,0.006028775610428302,0.020202811416260208,True
energy_gradient,7302,430,5.013771291286241e-06,9.88036367204321e-05,0.00010381740801171834,0.0017799498590904625,0.0014130676590604133,0.00012099070798800376,0.006022737674396995,0.020183664586844657,True
energy_gradient,7302,431,5.006890930552481e-06,9.852406942846392e-05,0.0001035309603590164,0.0017701411670717712,0.0014075092086225822,0.00012097737086980136,0.006016757736464648,0.020164764040189874,True
energy_gradient,7302,432,5.0002233033293115e-06,9.82487176327814e-05,0.00010324894093611072,0.0017604525787358204,0.0014019533410999502,0.00012096980356317494,0.0060108342443577845,0.020146102130535526,True
energy_gradient,7302,433,4.9937603564686575e-06,9.797750394740329e-05,0.00010297126430387195,0.0017508848454634734,0.0013964001421708672,0.00012096791520592165,0.006004968660929193,0.020127682476976504,True
energy_gradient,7302,434,4.987500766280565e-06,9.771034604781063e-05,0.00010269784681409119,0.0017414306350544233,0.0013908496974725305,0.00012097152546280649,0.005999160599127855,0.020109501940881114,True
energy_gradient,7302,435,4.981439507257521e-06,9.744716706593921e-05,0.00010242860657319673,0.0017320879219291942,0.001385302092599664,0.000120980339130204,0.005993407370551806,0.02009154893875056,True
energy_gradient,7302,436,4.975566806066384e-06,9.718789660001366e-05,0.00010216346340608005,0.0017228605732439626,0.0013797574131031963,0.00012099417890898734,0.00598770844107951,0.020073819903014677,True
energy_gradient,7302,437,4.969877629127533e-06,9.69324611903756e-05,0.00010190233881950314,0.001713746723513055,0.0013742157444889458,0.00012101295024839032,0.005982064865111829,0.020056317132149,True
energy_gradient,7302,438,4.964370362276523e-06,9.668078560490416e-05,0.00010164515596718068,0.001704740773740192,0.0013686771722162966,0.00012103644243597871,0.0059764755146398865,0.020039034839061963,True
energy_gradient,7302,439,4.959038685639298e-06,9.643280093046847e-05,0.00010139183961610778,0.001695842672358605,0.0013631417816968856,0.00012106440494927277,0.005970938407035984,0.020021964130998052,True
energy_gradient,7302,440,4.953874565082867e-06,9.618844154763298e-05,0.00010114231611271584,0.0016870542314737867,0.0013576096582932817,0.00012109670830626047,0.005965453692411381,0.020005104097024422,True
energy_gradient,7302,441,4.948874802771499e-06,9.594763854661238e-05,0.00010089651334938388,0.0016783722535633344,0.0013520808873176717,0.00012113324383907791,0.005960021788903737,0.01998845488909408,True
energy_gradient,7302,442,4.944036980153465e-06,9.571032375212474e-05,0.0001006543607322782,0.0016697931705047862,0.0013465555540305434,0.00012117380227505528,0.0059546411317772455,0.019972009365530088,True
energy_gradient,7302,443,4.939354487536679e-06,9.547643466256315e-05,0.00010041578915009983,0.0016613178512686299,0.0013410337436393707,0.00012121818493543513,0.005949310334749555,0.01995576105749509,True
energy_gradient,7302,444,4.9348211197377545e-06,9.524590982277239e-05,0.00010018073094251015,0.0016529466052821655,0.001335515541297302,0.00012126628739524232,0.005944029800497826,0.019939710113724116,True
energy_gradient,7302,445,4.930434562776382e-06,9.501868530661342e-05,9.99491198693898e-05,0.0016446760627699345,0.001330001032101842,0.00012131798549536071,0.005938799494228115,0.019923855100068045,True
energy_gradient,7302,446,4.926191644728093e-06,9.479469943653986e-05,9.972089108126795e-05,0.0016365039597699734,0.0013244903010935457,0.00012137308403765827,0.005933617894543509,0.019908189160999012,True
energy_gradient,7302,447,4.922086133545986e-06,9.457389495667164e-05,9.949598109021762e-05,0.0016284309507351433,0.0013189834332547011,0.00012143142739706091,0.005928484117374565,0.019892707862511932,True
energy_gradient,7302,448,4.918113341642592e-06,9.435621439912644e-05,9.927432774076902e-05,0.001620456335726968,0.001313480513508024,0.00012149292510495631,0.005923398464220892,0.019877411184902206,True
energy_gradient,7302,449,4.914271256903921e-06,9.414159892478042e-05,9.905587018168434e-05,0.0016125773037128138,0.001307981626715343,0.0001215574491175427,0.005918360475612963,0.019862296320417076,True
energy_gradient,7302,450,4.910556263287925e-06,9.392999257529424e-05,9.884054883858216e-05,0.0016047925552358838,0.0013024868576762957,0.00012162482727917359,0.005913368802924736,0.01984735720139191,True
energy_gradient,7302,451,4.906962843571142e-06,9.372134254337126e-05,9.862830538694241e-05,0.0015971022875183013,0.0012969962911270178,0.00012169493447378125,0.005908422962971495,0.019832590976927064,True
energy_gradient,7302,452,4.90348741319347e-06,9.351559531213484e-05,9.84190827253283e-05,0.0015895051875826302,0.0012915100117388374,0.00012176768466815934,0.005903523159638322,0.019817997368448963,True
energy_gradient,7302,453,4.90012798549159e-06,9.331269696397006e-05,9.821282494946165e-05,0.0015819989464288466,0.0012860281041169705,0.00012184295237527051,0.005898668727227931,0.019803572948583047,True
energy_gradient,7302,454,4.896880821674844e-06,9.311259650528378e-05,9.800947732695863e-05,0.0015745826968876302,0.0012805506527992126,0.00012192059097180071,0.005893858499238135,0.019789312493438148,True
energy_gradient,7302,455,4.893741203468702e-06,9.291524506890404e-05,9.780898627237274e-05,0.0015672562453818645,0.0012750777422546402,0.00012200049877358162,0.005889092147860573,0.019775213889569484,True
energy_gradient,7302,456,4.8907062870048316e-06,9.272059303556408e-05,9.761129932256891e-05,0.0015600181601523092,0.0012696094568823031,0.00012208259350001812,0.005884369704138655,0.019761276356270983,True
energy_gradient,7302,457,4.8877740365176424e-06,9.252859107631401e-05,9.741636511283166e-05,0.0015528666287140279,0.0012641458810099277,0.000122166756992445,0.0058796904477859775,0.019747496373136945,True
energy_gradient,7302,458,4.884940831086678e-06,9.23391925224873e-05,9.722413335357398e-05,0.001545800898073356,0.0012586870988926112,0.0001222528643965614,0.005875053460124988,0.01973386972598214,True
energy_gradient,7302,459,4.8822026952053095e-06,9.215235211210019e-05,9.703455480730549e-05,0.0015388204090630532,0.0012532331947115282,0.0001223408296203308,0.005870458522597132,0.019720394810459542,True
energy_gradient,7302,460,4.879557268278283e-06,9.196802399774995e-05,9.684758126602823e-05,0.0015319237548803248,0.0012477842525726263,0.0001224305747462964,0.0058659055135447296,0.019707070413424153,True
energy_gradient,7302,461,4.877002492817711e-06,9.178616303645041e-05,9.666316552926811e-05,0.001525109502438855,0.001242340356505335,0.00012252199303858252,0.005861393678050031,0.01969389302773878,True
energy_gradient,7302,462,4.8745350050140475e-06,9.160672637757254e-05,9.64812613825866e-05,0.0015183769327122383,0.0012369015904612666,0.00012261497909483863,0.005856922248374163,0.01968085912027935,True
energy_gradient,7302,463,4.87215145170547e-06,9.142967212465485e-05,9.630182357636032e-05,0.0015117252941644892,0.0012314680383129202,0.00012270945823470488,0.005852491045683071,0.019667967333092465,True
energy_gradient,7302,464,4.869849788850322e-06,9.12549580161765e-05,9.612480780502683e-05,0.0015051532882103937,0.0012260397838523927,0.00012280535730972884,0.005848099880254483,0.019655216290418196,True
energy_gradient,7302,465,4.8676279999460005e-06,9.108254268690345e-05,9.595017068684945e-05,0.001498659709203033,0.0012206169107900821,0.00012290258129612206,0.005843748057878441,0.019642602800540514,True
energy_gradient,7302,466,4.865483048043758e-06,9.091238669613677e-05,9.577786974418053e-05,0.0014922437958202115,0.0012151995027534005,0.0001230010407609741,0.0058394349348936,0.01963012388997213,True
energy_gradient,7302,467,4.863412083218069e-06,9.074445130070362e-05,9.560786338392168e-05,0.0014859047024582321,0.00120978764328548,0.00012310067041463964,0.005835160311035965,0.019617778233753106,True
energy_gradient,7302,468,4.8614132797342515e-06,9.057869759871845e-05,9.544011087845271e-05,0.0014796412727537908,0.00120438141584389,0.00012320140356780607,0.005830923919750129,0.019605564284039766,True
energy_gradient,7302,469,4.859484711938606e-06,9.041508763515724e-05,9.527457234709585e-05,0.0014734524574707294,0.0011989809037993438,0.00012330315709347268,0.0058267251214051555,0.01959347914728325,True
energy_gradient,7302,470,4.857623678724159e-06,9.025358505911439e-05,9.511120873783854e-05,0.0014673374524192362,0.0011935861904344195,0.00012340585450439721,0.005822563375518598,0.01958152031180782,True
energy_gradient,7302,471,4.855827730639094e-06,9.009415407883324e-05,9.494998180947233e-05,0.0014612953766441044,0.0011881973589422693,0.00012350943802037174,0.005818438486196653,0.019569686546501687,True
energy_gradient,7302,472,4.854095215038993e-06,8.993675889902419e-05,9.479085411406319e-05,0.001455325199254485,0.001182814492425342,0.00012361384777463693,0.005814350166034335,0.019557976310928166,True
energy_gradient,7302,473,4.852424341570085e-06,8.97813646383225e-05,9.46337889798926e-05,0.0014494259759274036,0.0011774376738940984,0.00012371901188050136,0.005810297828142,0.01954638699693504,True
energy_gradient,7302,474,4.850812729236267e-06,8.962793776547174e-05,9.4478750494708e-05,0.0014435968781105503,0.0011720669862657308,0.00012382486485219122,0.005806280977971224,0.019534916354340917,True
energy_gradient,7302,475,4.84925824228774e-06,8.94764452470095e-05,9.432570348929724e-05,0.001437837024374511,0.0011667025123628875,0.0001239313557338021,0.005802299393909913,0.01952356314418722,True
energy_gradient,7302,476,4.847759369001933e-06,8.932685415239751e-05,9.417461352139944e-05,0.0014321454811884451,0.0011613443349123911,0.0001240384316384242,0.005798352784116591,0.019512325886608405,True
energy_gradient,7302,477,4.84631447547435e-06,8.917913238456717e-05,9.402544686004152e-05,0.001426521375650523,0.001155992536543967,0.00012414603070066342,0.005794440632150598,0.01950120230138635,True
energy_gradient,7302,478,4.8449214776012535e-06,8.903324899255254e-05,9.387817047015379e-05,0.0014209638788856447,0.001150647199788966,0.00012425409649366188,0.005790562496636582,0.019490190401811252,True
energy_gradient,7302,479,4.843578498452472e-06,8.888917349903405e-05,9.373275199748653e-05,0.0014154721390984939,0.001145308407079094,0.00012436258414422432,0.005786718141939858,0.019479288969851332,True
energy_gradient,7302,480,4.842284154252673e-06,8.874687559964129e-05,9.358915975389397e-05,0.0014100453075433764,0.001139976240745138,0.00012447144761642103,0.005782907271794386,0.019468496584874345,True
energy_gradient,7302,481,4.841036972732183e-06,8.860632573017177e-05,9.344736270290395e-05,0.0014046825638402607,0.0011346507830157003,0.0001245806340727005,0.0057791294126805755,0.01945781119764308,True
energy_gradient,7302,482,4.8398351316582465e-06,8.84674953139776e-05,9.330733044563584e-05,0.0013993830808458384,0.0011293321160159259,0.0001246900948155,0.005775384151203395,0.019447230991703795,True
energy_gradient,7302,483,4.838676966196475e-06,8.83303562407736e-05,9.316903320697008e-05,0.0013941460315040337,0.0011240203217662398,0.00012479979040337766,0.005771671245810211,0.01943675478842771,True
energy_gradient,7302,484,4.837561210703809e-06,8.819488061130968e-05,9.303244182201349e-05,0.0013889706362398542,0.001118715482181081,0.00012490968112155524,0.005767990420085743,0.01942638129690986,True
energy_gradient,7302,485,4.836486556184604e-06,8.806104116670947e-05,9.289752772289407e-05,0.0013838561355490068,0.0011134176790676374,0.00012501972206557758,0.005764341253213246,0.019416108717895068,True
energy_gradient,7302,486,4.835451417895788e-06,8.792881150793785e-05,9.276426292583363e-05,0.001378801732575836,0.0011081269941245874,0.00012512987120655666,0.005760723354323033,0.01940593537675538,True
energy_gradient,7302,487,4.834454312866172e-06,8.779816570562242e-05,9.26326200184886e-05,0.0013738066297019754,0.0011028435089408368,0.0001252400940052186,0.005757136466814174,0.01939586009997276,True
energy_gradient,7302,488,4.833494080992173e-06,8.76690780665253e-05,9.250257214751746e-05,0.0013688700900595869,0.0010975673049942642,0.00012535035650260647,0.0057535803222488755,0.01938588168309167,True
energy_gradient,7302,489,4.832569562827973e-06,8.754152344366442e-05,9.23740930064924e-05,0.001363991393803613,0.0010922984636504605,0.0001254606207752685,0.0057500545422556155,0.019375998534501664,True
energy_gradient,7302,490,4.8316793839849326e-06,8.74154774400476e-05,9.224715682403253e-05,0.001359169775051787,0.0010870370661614779,0.00012557085061908125,0.005746558762110992,0.01936620912375289,True
energy_gradient,7302,491,4.830822223465807e-06,8.729091612874317e-05,9.212173835220897e-05,0.0013544044725220437,0.001081783193664573,0.0001256810158778897,0.005743092725226432,0.01935651232414199,True
energy_gradient,7302,492,4.82999702134683e-06,8.716781583380934e-05,9.199781285515617e-05,0.001349694797865854,0.0010765369271809606,0.0001257910877272937,0.005739656179267074,0.01934690703652117,True
energy_gradient,7302,493,4.829202756244919e-06,8.704615334175275e-05,9.187535609799767e-05,0.0013450400810017251,0.0010712983476145596,0.0001259010344016469,0.005736248782096207,0.01933739184865851,True
energy_gradient,7302,494,4.828438240963201e-06,8.692590609499218e-05,9.175434433595538e-05,0.0013404395920892144,0.0010660675357507463,0.0001260108248669129,0.005732870184611091,0.019327965334278267,True
energy_gradient,7302,495,4.8277022981818334e-06,8.68070520055618e-05,9.163475430374364e-05,0.0013358925909431965,0.0010608445722551116,0.00012612043286276093,0.005729520123201011,0.019318626386225213,True
energy_gradient,7302,496,4.8269939566444195e-06,8.668956924849682e-05,9.151656320514124e-05,0.001331398412402707,0.0010556295376722125,0.0001262298340474932,0.005726198358031127,0.019309373992400992,True
energy_gradient,7302,497,4.8263123158103485e-06,8.657343638700799e-05,9.139974870281834e-05,0.0013269564278241815,0.0010504225124243352,0.00012633900208327913,0.00572290458529148,0.019300206918724007,True
energy_gradient,7302,498,4.825656356823294e-06,8.645863255157425e-05,9.128428890839755e-05,0.0013225659583791668,0.0010452235768102487,0.0001264479106240633,0.005719638480409852,0.01929112386589663,True
energy_gradient,7302,499,4.825025037975285e-06,8.634513733472882e-05,9.11701623727041e-05,0.0013182263025670687,0.001040032811003973,0.00012655653692387315,0.0057163997790475,0.019282123761984557,True
energy_gradient,7302,500,4.824417470960753e-06,8.623293060528327e-05,9.105734807624402e-05,0.0013139368209857734,0.001034850295053537,0.00012666486049732213,0.005713188248392082,0.01927320565807194,True
energy_gradient,7302,501,4.823832857760077e-06,8.612199256212401e-05,9.094582541988409e-05,0.0013096969168323288,0.0010296761088797487,0.00012677285972214367,0.005710003612011914,0.01926436845628263,True
energy_gradient,7302,502,4.823270325586243e-06,8.601230389013432e-05,9.083557421572057e-05,0.0013055059508653697,0.0010245103322749588,0.00012688051248460413,0.005706845565452116,0.01925561096559087,True
energy_gradient,7302,503,4.82272895814069e-06,8.59038457200718e-05,9.072657467821249e-05,0.0013013632508281877,0.001019353044901833,0.00012698779920895716,0.005703713845680273,0.019246932151992257,True
energy_gradient,7302,504,4.822207944697121e-06,8.579659947070864e-05,9.061880741540577e-05,0.0012972681972992315,0.0010142043262921234,0.00012709470271027952,0.005700608228263485,0.019238331128078046,True
energy_gradient,7302,505,4.821706574450806e-06,8.56905468459751e-05,9.051225342042591e-05,0.001293220228726336,0.0010090642558454389,0.00012720120546705726,0.0056975284651031525,0.019229806928611513,True
energy_gradient,7302,506,4.82122410297294e-06,8.558566996014249e-05,9.040689406311543e-05,0.001289218759008568,0.0010039329128280258,0.0001273072892409575,0.005694474275502404,0.019221358478450017,True
energy_gradient,7302,507,4.820759733372008e-06,8.548195134854542e-05,9.030271108191743e-05,0.0012852631564451717,0.0009988103763715398,0.00012741293734938684,0.0056914453987337715,0.019212984781694694,True
energy_gradient,7302,508,4.82031272918519e-06,8.537937384666078e-05,9.019968657584596e-05,0.0012813528161060397,0.0009936967254718311,0.00012751813535999507,0.005688441611389656,0.019204684983528026,True
energy_gradient,7302,509,4.819882450130043e-06,8.52779205465585e-05,9.009780299668854e-05,0.0012774871926008423,0.0009885920389877214,0.0001276228691927373,0.005685462684936886,0.019196458216814042,True
energy_gradient,7302,510,4.8194682586399495e-06,8.517757488274511e-05,8.999704314138506e-05,0.0012736657396831617,0.0009834963956397921,0.00012772712411197534,0.005682508362883408,0.01918830351971735,True
energy_gradient,7302,511,4.819069469698896e-06,8.507832067484309e-05,8.989739014454198e-05,0.001269887869840235,0.0009784098740091662,0.00012783088615063857,0.005679578393691071,0.019180219954144276,True
energy_gradient,7302,512,4.81868542217821e-06,8.49801420489511e-05,8.97988274711293e-05,0.00126615300349352,0.0009733325525363008,0.00012793414324187535,0.00567667255716162,0.019172206700588758,True
energy_gradient,7302,513,4.8183155364535045e-06,8.488302337288243e-05,8.970133890933593e-05,0.0012624606158386995,0.0009682645095197729,0.0001280368841660896,0.005673790640398809,0.019164262971491885,True
energy_gradient,7302,514,4.8179592626402765e-06,8.478694930094491e-05,8.960490856358518e-05,0.0012588101989000817,0.000963205823115076,0.0001281390972909114,0.00567093240892061,0.01915638790717814,True
energy_gradient,7302,515,4.8176160176045836e-06,8.469190483009574e-05,8.950952084770032e-05,0.0012552012080932875,0.0009581565713334114,0.00012824077117510655,0.005668097621309271,0.019148580628255408,True
energy_gradient,7302,516,4.817285215456448e-06,8.45978752627408e-05,8.941516047819724e-05,0.0012516330852501486,0.000953116832040489,0.0001283418957797312,0.005665286058319958,0.019140840339849877,True
energy_gradient,7302,517,4.8169663292968376e-06,8.450484613849045e-05,8.93218124677873e-05,0.0012481053146291819,0.0009480866829553222,0.00012844246219779405,0.005662497517248984,0.019133166311054967,True
energy_gradient,7302,518,4.816658878351271e-06,8.441280324058211e-05,8.922946211893338e-05,0.0012446174163561936,0.0009430662016490329,0.00012854246149844107,0.005659731785064722,0.019125557778312152,True
energy_gradient,7302,519,4.816362369864152e-06,8.432173264777065e-05,8.91380950176348e-05,0.0012411688935978844,0.0009380554655436539,0.00012864188464312883,0.0056569886363907725,0.019118013938189883,True
energy_gradient,7302,520,4.816076295023277e-06,8.423162073227157e-05,8.904769702729485e-05,0.0012377592245954216,0.0009330545519109335,0.00012874072343963252,0.005654267856169772,0.019110534028657724,True
energy_gradient,7302,521,4.815800178029922e-06,8.414245410472018e-05,8.895825428275011e-05,0.001234387907816402,0.0009280635378711473,0.00012883897083316838,0.005651569247051367,0.019103117355368182,True
energy_gradient,7302,522,4.815533591695209e-06,8.405421959269103e-05,8.886975318438624e-05,0.0012310544800631963,0.0009230825003919051,0.0001289366201215988,0.005648892611401021,0.019095763226845718,True
energy_gradient,7302,523,4.8152761178025484e-06,8.396690427465642e-05,8.878218039245896e-05,0.0012277584796433305,0.0009181115162869677,0.00012903366445995347,0.0056462377400128645,0.01908847091379288,True
energy_gradient,7302,524,4.815027321892665e-06,8.388049549958116e-05,8.869552282147382e-05,0.0012244994201525596,0.0009131506622150581,0.0001291300973861652,0.005643604424942883,0.019081239694956745,True
energy_gradient,7302,525,4.814786780410047e-06,8.379498085431355e-05,8.86097676347236e-05,0.001221276817678172,0.0009082000146786844,0.00012922591338165472,0.0056409924731950925,0.01907406890604299,True
energy_gradient,7302,526,4.814554110090488e-06,8.371034812883604e-05,8.852490223892654e-05,0.0012180902232052143,0.0009032596500229545,0.00012932110755132356,0.005638401699346164,0.019066957913165317,True
energy_gradient,7302,527,4.81432895209309e-06,8.362658532689912e-05,8.844091427899221e-05,0.0012149392070653275,0.0008983296444344035,0.00012941567501155893,0.0056358319110413006,0.019059906060816968,True
energy_gradient,7302,528,4.8141109407226365e-06,8.354368069219544e-05,8.835779163291807e-05,0.0012118233236873836,0.000893410073939817,0.00012950961095494658,0.005633282910750745,0.019052912678071243,True
energy_gradient,7302,529,4.813899707011375e-06,8.346162269975216e-05,8.827552240676354e-05,0.0012087421138547527,0.0008885010144050567,0.0001296029111841469,0.005630754508945747,0.0190459771256101,True
energy_gradient,7302,530,4.8136949067018855e-06,8.338040002306375e-05,8.819409492976563e-05,0.0012056951371417137,0.0008836025415338944,0.00012969557220514209,0.00562824652682833,0.01903909880528212,True
energy_gradient,7302,531,4.813496225536852e-06,8.330000152399993e-05,8.811349774953678e-05,0.0012026819806552436,0.0008787147308668402,0.0001297875907746074,0.0056257587857782045,0.01903227712216863,True
energy_gradient,7302,532,4.813303355994422e-06,8.3220416271416e-05,8.803371962741043e-05,0.0011997022330554469,0.0008738376577799824,0.00012987896364901434,0.005623291101495308,0.01902551146353213,True
energy_gradient,7302,533,4.813115984382421e-06,8.31416335494392e-05,8.795474953382162e-05,0.0011967554682853583,0.0008689713974838203,0.00012996968787655998,0.0056208432912073485,0.019018801224540784,True
energy_gradient,7302,534,4.812933806360195e-06,8.306364283749308e-05,8.787657664385327e-05,0.00119384126346558,0.0008641160250221084,0.00013005976109702744,0.005618415181142374,0.01901214583490883,True
energy_gradient,7302,535,4.812756543070162e-06,8.298643378978437e-05,8.779919033285454e-05,0.0011909592193546272,0.0008592716152706954,0.0001301491813728285,0.005616006602665937,0.01900554474497637,True
energy_gradient,7302,536,4.812583932665758e-06,8.290999623948177e-05,8.772258017214753e-05,0.001188108950755239,0.0008544382429363728,0.00013023794684740003,0.005613617384213907,0.01899899739675818,True
energy_gradient,7302,537,4.812415712615475e-06,8.283432021222178e-05,8.764673592483726e-05,0.0011852900640427068,0.000849615982555722,0.00013032605575273904,0.005611247351711825,0.0189925032253396,True
energy_gradient,7302,538,4.812251620206809e-06,8.275939592151031e-05,8.757164754171713e-05,0.0011825021575390406,0.0008448049084939623,0.00013041350669520436,0.005608896335844727,0.01898606168473094,True
energy_gradient,7302,539,4.812091407850576e-06,8.268521374942496e-05,8.749730515727554e-05,0.0011797448422687603,0.0008400050949438086,0.00013050029874433217,0.0056065641744906585,0.018979672256448935,True
energy_gradient,7302,540,4.811934848059058e-06,8.261176423767197e-05,8.742369908573103e-05,0.0011770177499211259,0.000835216615924322,0.00013058643120248138,0.005604250707270788,0.018973334429962876,True
energy_gradient,7302,541,4.811781721553897e-06,8.253903809570975e-05,8.735081981726364e-05,0.0011743205173036949,0.000830439545279774,0.00013067190342261385,0.0056019557711928175,0.018967047687084012,True
energy_gradient,7302,542,4.811631807823024e-06,8.24670262063739e-05,8.727865801419692e-05,0.0011716527727357565,0.0008256739566785023,0.00013075671492128167,0.005599679203563108,0.018960811512306254,True
energy_gradient,7302,543,4.811484891326109e-06,8.239571961605849e-05,8.72072045073846e-05,0.001169014144077907,0.0008209199236117796,0.00013084086556871882,0.005597420846879179,0.018954625410181867,True
energy_gradient,7302,544,4.811340771886854e-06,8.232510952071094e-05,8.713645029259779e-05,0.001166404273859493,0.0008161775193926756,0.00013092435555557132,0.005595180548235446,0.018948488903102315,True
energy_gradient,7302,545,4.811199263153651e-06,8.225518726386459e-05,8.706638652701825e-05,0.0011638228181517175,0.0008114468171549305,0.00013100718520093468,0.005592958154786399,0.0189424015150183,True
energy_gradient,7302,546,4.811060182508716e-06,8.218594434330882e-05,8.699700452581754e-05,0.0011612694325825385,0.0008067278898518256,0.00013108935488933318,0.005590753512360109,0.01893636276641797,True
energy_gradient,7302,547,4.810923347842426e-06,8.211737241094427e-05,8.69282957587867e-05,0.0011587437675613938,0.0008020208102550566,0.00013117086520047776,0.005588566468830947,0.01893037218629144,True
energy_gradient,7302,548,4.810788584661266e-06,8.20494632624061e-05,8.686025184706736e-05,0.0011562454788772132,0.0007973256509536145,0.0001312517170097522,0.005586396876773895,0.01892442932152934,True
energy_gradient,7302,549,4.810655731719247e-06,8.198220882821565e-05,8.67928645599349e-05,0.001153774236608387,0.0007926424843526631,0.0001313319114078432,0.005584244591612146,0.0189185337302544,True
energy_gradient,7302,550,4.810524636962743e-06,8.191560117469534e-05,8.672612581165808e-05,0.001151329719324431,0.0007879713826724257,0.00013141144956633311,0.0055821094683753195,0.018912684970218085,True
energy_gradient,7302,551,4.810395150427886e-06,8.184963250800373e-05,8.666002765843162e-05,0.0011489116031282985,0.0007833124179470678,0.000131490332734874,0.0055799913617717274,0.0189068825989971,True
energy_gradient,7302,552,4.810267124264026e-06,8.17842951710985e-05,8.659456229536253e-05,0.0011465195615459308,0.0007786656620235895,0.000131568562348382,0.0055778901290277185,0.018901126184043986,True
energy_gradient,7302,553,4.810140418633389e-06,8.171958163491401e-05,8.65297220535474e-05,0.0011441532751989036,0.0007740311865607148,0.00013164614007069923,0.005575805631150278,0.018895415307113663,True
energy_gradient,7302,554,4.810014904256322e-06,8.165548449292469e-05,8.646549939718102e-05,0.0011418124365712165,0.0007694090630277893,0.0001317230677140712,0.0055737377310484315,0.01888974955751122,True
energy_gradient,7302,555,4.809890458165988e-06,8.159199646259486e-05,8.640188692076085e-05,0.0011394967437532372,0.0007647993627036749,0.00013179934715339448,0.005571686291496802,0.018884128524788737,True
energy_gradient,7302,556,4.80976695922844e-06,8.152911038708459e-05,8.633887734631303e-05,0.0011372058931486367,0.0007602021566756533,0.00013187498034711157,0.005569651175746648,0.018878551800885032,True
energy_gradient,7302,557,4.8096442893733625e-06,8.146681923137243e-05,8.627646352074579e-05,0.0011349395813528003,0.0007556175158383291,0.00013194996941271302,0.00556763224954589,0.018873018987267925,True
energy_gradient,7302,558,4.8095223378796694e-06,8.140511607528378e-05,8.621463841316345e-05,0.001132697512389434,0.0007510455108925344,0.0001320243166391345,0.0055656293815680375,0.01886752969641202,True
energy_gradient,7302,559,4.8094010022118574e-06,8.134399411012434e-05,8.615339511233619e-05,0.001130479399480678,0.0007464862123442424,0.00013209802441902196,0.005563642441815211,0.018862083546066378,True
energy_gradient,7302,560,4.809280184448082e-06,8.128344663970333e-05,8.609272682415142e-05,0.001128284959340496,0.0007419396905034758,0.00013217109519657796,0.005561671300394745,0.018856680154860295,True
energy_gradient,7302,561,4.809159788513119e-06,8.122346708066977e-05,8.60326268691829e-05,0.001126113907578859,0.0007374060154832269,0.00013224353149229393,0.005559715828265092,0.018851319144907043,True
energy_gradient,7302,562,4.809039721618441e-06,8.116404895861479e-05,8.597308868023323e-05,0.0011239659614001368,0.0007328852571983716,0.0001323153359561678,0.005557775898681573,0.01884600014690693,True
energy_gradient,7302,563,4.808919897291708e-06,8.110518590275023e-05,8.591410580004194e-05,0.0011218408451641345,0.0007283774853645964,0.0001323865113677494,0.00555585138730633,0.01884072280049266,True
energy_gradient,7302,564,4.808800235501086e-06,8.104687164340723e-05,8.585567187890831e-05,0.0011197382909819448,0.0007238827694973179,0.00013245706058414463,0.005553942170959451,0.018835486749756918,True
energy_gradient,7302,565,4.808680659916044e-06,8.098910001257614e-05,8.579778067249218e-05,0.0011176580339755649,0.0007194011789106164,0.00013252698650515943,0.005552048126803366,0.018830291640321965,True
energy_gradient,7302,566,4.808561096082607e-06,8.093186494349191e-05,8.574042603957453e-05,0.0011155998089867687,0.0007149327827161617,0.00013259629209337484,0.005550169132933934,0.018825137121408007,True
energy_gradient,7302,567,4.808441472614941e-06,8.087516046729567e-05,8.568360193991062e-05,0.0011135633527908375,0.0007104776498221511,0.00013266498041014145,0.0055483050693899165,0.018820022849383927,True
energy_gradient,7302,568,4.808321723287494e-06,8.081898070882395e-05,8.562730243211144e-05,0.0011115484081514197,0.0007060358489322457,0.00013273305461363044,0.005546455818191216,0.0188149484878664,True
energy_gradient,7302,569,4.808201787015924e-06,8.076331988456759e-05,8.557152167158352e-05,0.0011095547241536472,0.0007016074485445092,0.0001328005179213865,0.005544621262456329,0.018809913704551876,True
energy_gradient,7302,570,4.808081605841617e-06,8.07081723026566e-05,8.551625390849822e-05,0.0011075820527529955,0.0006971925169503545,0.00013286737358597124,0.005542801285846428,0.018804918169212786,True
energy_gradient,7302,571,4.80796112366277e-06,8.065353236215801e-05,8.546149348582078e-05,0.001105630146500396,0.0006927911222334873,0.00013293362490869996,0.005540995772984671,0.01879996155515947,True
energy_gradient,7302,572,4.807840287068519e-06,8.0599394550297e-05,8.540723483736551e-05,0.0011036987601988145,0.0006884033322688601,0.0001329992752647034,0.005539204610165583,0.018795043541732847,True
energy_gradient,7302,573,4.807719046794633e-06,8.054575343911867e-05,8.53534724859133e-05,0.0011017876538567067,0.000684029214721621,0.00013306432810128736,0.005537427685380771,0.0187901638143676,True
energy_gradient,7302,574,4.8075973577536645e-06,8.049260368359607e-05,8.530020104134973e-05,0.0010998965928836462,0.0006796688370460745,0.00013312878691104703,0.005535664887683021,0.018785322062310473,True
energy_gradient,7302,575,4.807475177588976e-06,8.043994002126027e-05,8.524741519884925e-05,0.001098025345477278,0.0006753222664846376,0.00013319265521297821,0.005533916106747728,0.01878051797704301,True
energy_gradient,7302,576,4.807352465667193e-06,8.038775727143412e-05,8.519510973710131e-05,0.0010961736807512698,0.0006709895700668062,0.00013325593656000076,0.0055321812331326015,0.018775751253176473,True
energy_gradient,7302,577,4.807229183582479e-06,8.033605033301094e-05,8.514327951659342e-05,0.0010943413698316226,0.000666670814608118,0.00013331863455702924,0.00553046015880507,0.018771021590299097,True
energy_gradient,7302,578,4.807105296191647e-06,8.028481418167685e-05,8.50919194778685e-05,0.0010925281881691365,0.0006623660667091252,0.0001333807528625274,0.005528752777235042,0.01876632869328364,True
energy_gradient,7302,579,4.8069807717704355e-06,8.023404386814706e-05,8.50410246399175e-05,0.0010907339160423973,0.0006580753927543659,0.00013344229517019216,0.005527058982974529,0.018761672270773282,True
energy_gradient,7302,580,4.806855581052674e-06,8.018373451744867e-05,8.499059009850134e-05,0.0010889583367934632,0.0006537988589113394,0.0001335032651930501,0.005525378671284698,0.018757052033841995,True
energy_gradient,7302,581,4.806729696372593e-06,8.013388132821038e-05,8.494061102458296e-05,0.0010872012351801853,0.0006495365311294893,0.00013356366666558052,0.005523711738232593,0.01875246769632061,True
energy_gradient,7302,582,4.806603091846959e-06,8.008447957092337e-05,8.489108266277033e-05,0.0010854623977793372,0.0006452884751391811,0.00013362350335612192,0.005522058081057916,0.01874791897607977,True
energy_gradient,7302,583,4.806475744112641e-06,8.003552458567304e-05,8.484200032978568e-05,0.0010837416146300123,0.0006410547564506947,0.00013368277907002793,0.005520417598306187,0.01874340559548129,True
energy_gradient,7302,584,4.806347632569339e-06,7.998701178040119e-05,8.479335941297054e-05,0.00108203867988998,0.0006368354403532084,0.0001337414976388962,0.005518790189580774,0.018738927280485384,True
energy_gradient,7302,585,4.8062187388009135e-06,7.993893663003218e-05,8.474515536883309e-05,0.0010803533907887668,0.0006326305919137972,0.00013379966290717326,0.005517175755239779,0.01873448375955688,True
energy_gradient,7302,586,4.80608904586649e-06,7.989129467572415e-05,8.469738372159064e-05,0.0010786855462836175,0.0006284402759764244,0.00013385727873105655,0.005515574196391549,0.01873007476363942,True
energy_gradient,7302,587,4.805958538244857e-06,7.984408152357263e-05,8.46500400618175e-05,0.0010770349470483438,0.0006242645571609465,0.00013391434898585075,0.005513985415138881,0.018725700027,True
energy_gradient,7302,588,4.805827202324678e-06,7.979729284270971e-05,8.46031200450344e-05,0.0010754013966113175,0.0006201034998621126,0.00013397087757099766,0.005512409314734612,0.018721359287770724,True
energy_gradient,7302,589,4.805695026694117e-06,7.975092436368683e-05,8.455661939038095e-05,0.0010737847021298306,0.0006159571682485738,0.00013402686840413523,0.005510845799461167,0.01871705228750755,True
energy_gradient,7302,590,4.805562001867911e-06,7.970497187744093e-05,8.451053387930885e-05,0.0010721846738711354,0.0006118256262618933,0.00013408232541080203,0.005509294774386866,0.018712778770315984,True
energy_gradient,7302,591,4.80542811971059e-06,7.965943123457233e-05,8.446485935428292e-05,0.0010706011240941059,0.0006077089376155588,0.00013413725252003542,0.005507756145280262,0.018708538482535404,True
energy_gradient,7302,592,4.805293373241066e-06,7.961429834429717e-05,8.441959171753824e-05,0.0010690338666544588,0.0006036071657940027,0.00013419165366850914,0.0055062298187404934,0.01870433117319213,True
energy_gradient,7302,593,4.8051577568684805e-06,7.956956917296635e-05,8.437472692983484e-05,0.00106748271763762,0.0005995203740516195,0.00013424553280497425,0.005504715702352492,0.018700156594533626,True
energy_gradient,7302,594,4.805021266696077e-06,7.952523974257812e-05,8.43302610092742e-05,0.0010659474961401225,0.0005954486254117946,0.00013429889388894003,0.0055032137046715215,0.018696014501965997,True
energy_gradient,7302,595,4.804883900455361e-06,7.948130612962598e-05,8.428619003008134e-05,0.001064428024256892,0.000591391982665928,0.00013435174088375908,0.005501723735064074,0.01869190465348104,True
energy_gradient,7302,596,4.8047456571320396e-06,7.943776446435307e-05,8.424251012148512e-05,0.0010629241263478068,0.0005873505083724701,0.00013440407775109226,0.0055002457035874305,0.018687826809219432,True
energy_gradient,7302,597,4.804606536682506e-06,7.939461092989315e-05,8.419921746657566e-05,0.001061435628479344,0.0005833242648559532,0.0001344559084515959,0.005498779521022196,0.018683780731580075,True
energy_gradient,7302,598,4.80446654007855e-06,7.935184176110729e-05,8.415630830118584e-05,0.0010599623585957727,0.0005793133142060338,0.00013450723694838213,0.005497325098985542,0.018679766185612273,True
energy_gradient,7302,599,4.804325669531295e-06,7.930945324329094e-05,8.411377891282223e-05,0.0010585041470947611,0.0005753177182765318,0.00013455806720778164,0.005495882349975855,0.018675782939163933,True
energy_gradient,7302,600,4.804183928565601e-06,7.926744171102524e-05,8.407162563959085e-05,0.0010570608270865655,0.0005713375386844796,0.00013460840319567854,0.005494451187288963,0.01867183076257964,True
energy_gradient,7302,601,4.8040413218281445e-06,7.922580354733928e-05,8.402984486916742e-05,0.0010556322340164721,0.000567372836809171,0.00013465824887272753,0.005493031524905823,0.018667909428297345,True
energy_gradient,7302,602,4.803897854804832e-06,7.918453518297073e-05,8.398843303777556e-05,0.0010542182051325793,0.0005634236737912122,0.000134707608192551,0.005491623277459349,0.018664018710725032,True
energy_gradient,7302,603,4.803753533747341e-06,7.914363309543787e-05,8.394738662918521e-05,0.0010528185793474353,0.0005594901105315837,0.00013475648510319062,0.005490226360295072,0.018660158386446513,True
energy_gradient,7302,604,4.803608365769336e-06,7.91030938079692e-05,8.390670217373853e-05,0.0010514331975661503,0.0005555722076906955,0.00013480488354935448,0.005488840689537128,0.018656328234452395,True
energy_gradient,7302,605,4.803462358978358e-06,7.906291388842058e-05,8.386637624739895e-05,0.0010500619030574525,0.0005516700256874574,0.00013485280747122584,0.005487466182074169,0.018652528036083176,True
energy_gradient,7302,606,4.803315522426702e-06,7.902308994838151e-05,8.382640547080821e-05,0.0010487045414167937,0.0005477836246983419,0.00013490026080091222,0.005486102755478487,0.018648757574737652,True
energy_gradient,7302,607,4.80316786592046e-06,7.898361864246031e-05,8.378678650838078e-05,0.0010473609601870883,0.0005439130646564612,0.00013494724745990528,0.0054847503279409435,0.0186450166356417,True
energy_gradient,7302,608,4.8030193998673975e-06,7.894449666751358e-05,8.374751606738098e-05,0.0010460310085423094,0.0005400584052506381,0.00013499377135861178,0.00548340881827279,0.01864130500584896,True
energy_gradient,7302,609,4.8028701352742625e-06,7.890572076179713e-05,8.370859089707139e-05,0.0010447145373210839,0.0005362197059244901,0.0001350398363976864,0.005482078145952529,0.01863762247440209,True
energy_gradient,7302,610,4.802720083825589e-06,7.886728770400418e-05,8.367000778782977e-05,0.0010434113992922667,0.0005323970258755085,0.0001350854464688754,0.005480758231151986,0.018633968832423516,True
energy_gradient,7302,611,4.802569257934126e-06,7.882919431239814e-05,8.363176357033226e-05,0.001042121449325826,0.0005285904240541493,0.00013513060545334706,0.0054794489947049855,0.01863034387299939,True
energy_gradient,7302,612,4.802417670656612e-06,7.879143744402217e-05,8.359385511467878e-05,0.0010408445442649482,0.0005247999591629217,0.0001351753172192733,0.005478150358050503,0.018626747390975428,True
energy_gradient,7302,613,4.802265335564038e-06,7.875401399407422e-05,8.355627932963826e-05,0.0010395805426561366,0.0005210256896554825,0.000135219585620516,0.00547686224319606,0.0186231791828281,True
energy_gradient,7302,614,4.80211226664346e-06,7.871692089517339e-05,8.351903316181685e-05,0.0010383293045812308,0.0005172676737357374,0.0001352634144965489,0.0054755845727306116,0.018619639046704176,True
energy_gradient,7302,615,4.801958478329901e-06,7.86801551165751e-05,8.3482113594905e-05,0.0010370906917532986,0.00051352596935694,0.00013530680767365498,0.005474317269853191,0.018616126782523404,True
energy_gradient,7302,616,4.801803985551998e-06,7.864371366333368e-05,8.344551764888568e-05,0.0010358645676901686,0.0005098006342208012,0.00013534976896469996,0.0054730602583781575,0.018612642191992525,True
energy_gradient,7302,617,4.801648803734162e-06,7.860759357558928e-05,8.340924237932344e-05,0.001034650797776948,0.0005060917257765967,0.0001353923021678048,0.005471813462702835,0.018609185078489614,True
energy_gradient,7302,618,4.801492948724902e-06,7.857179192788753e-05,8.337328487661243e-05,0.0010334492491170621,0.0005023993012202833,0.00013543441106493118,0.005470576807766274,0.018605755246919608,True
energy_gradient,7302,619,4.801336436703278e-06,7.853630582856069e-05,8.333764226526397e-05,0.001032259790342139,0.0004987234174936149,0.00013547609942081283,0.005469350219029346,0.018602352503640472,True
energy_gradient,7302,620,4.801179284123232e-06,7.850113241908542e-05,8.330231170320865e-05,0.0010310822915188542,0.0004950641312832662,0.00013551737098321424,0.005468133622483829,0.018598976656494456,True
energy_gradient,7302,621,4.801021507737486e-06,7.846626887336775e-05,8.326729038110523e-05,0.0010299166242331412,0.0004914214990199575,0.00013555822948369895,0.005466926944669743,0.018595627514870667,True
energy_gradient,7302,622,4.800863124617972e-06,7.843171239703846e-05,8.323257552165643e-05,0.001028762661709306,0.00048779557687758397,0.00013559867863725927,0.005465730112672437,0.018592304889691994,True
energy_gradient,7302,623,4.8007041521542645e-06,7.839746022683286e-05,8.319816437898712e-05,0.0010276202788224006,0.00048418642077235105,0.00013563872214140946,0.005464543054097467,0.018589008593326618,True
energy_gradient,7302,624,4.800544607986475e-06,7.836350962995522e-05,8.316405423794169e-05,0.0010264893519923313,0.0004805940863619101,0.0001356783636752469,0.005463365697042741,0.018585738439490615,True
energy_gradient,7302,625,4.800384509954423e-06,7.832985790353519e-05,8.313024241348962e-05,0.0010253697590502362,0.0004770186290445021,0.00013571760689871636,0.005462197970081403,0.01858249424318641,True
energy_gradient,7302,626,4.800223876045396e-06,7.829650237405509e-05,8.309672625010048e-05,0.001024261379170717,0.00047346010395810144,0.00013575645545288995,0.005461039802267344,0.018579275820723072,True
energy_gradient,7302,627,4.8000627244157076e-06,7.82634403966987e-05,8.30635031211144e-05,0.0010231640929262036,0.00046991856597956773,0.00013579491296036755,0.005459891123142645,0.018576082989743902,True
energy_gradient,7302,628,4.799901073399738e-06,7.82306693547616e-05,8.303057042816134e-05,0.0010220777823497017,0.000466394069723797,0.00013583298302491503,0.005458751862732587,0.018572915569206944,True
energy_gradient,7302,629,4.799738941492588e-06,7.819818665908584e-05,8.299792560057842e-05,0.0010210023309419137,0.000462886669542882,0.0001358706692311291,0.005457621951529098,0.018569773379329482,True
energy_gradient,7302,630,4.799576347329875e-06,7.816598974749716e-05,8.296556609482704e-05,0.001019937623593349,0.000459396419525272,0.00013590797514357897,0.005456501320466878,0.01856665624150398,True
energy_gradient,7302,631,4.7994133096102085e-06,7.813407608431502e-05,8.293348939392522e-05,0.0010188835464890137,0.00045592337349494006,0.00013594490430634412,0.005455389900912681,0.018563563978259527,True
energy_gradient,7302,632,4.799249847096758e-06,7.810244315982377e-05,8.290169300692052e-05,0.0010178399870591933,0.0004524675850105526,0.00013598146024345568,0.00545428762466485,0.0185604964132651,True
energy_gradient,7302,633,4.799085978605483e-06,7.807108848971736e-05,8.287017446832284e-05,0.0010168068340065655,0.00044902910736464277,0.00013601764645870568,0.005453194423954955,0.01855745337133265,True
energy_gradient,7302,634,4.798921723006324e-06,7.804000961458057e-05,8.28389313375869e-05,0.0010157839773445717,0.0004456079935827898,0.0001360534664359793,0.005452110231446535,0.018554434678416717,True
energy_gradient,7302,635,4.79875709922324e-06,7.8009204099372e-05,8.280796119859524e-05,0.0010147713084069717,0.0004422042964227998,0.0001360889236385195,0.005451034980218927,0.01855144016155585,True
energy_gradient,7302,636,4.798592126207687e-06,7.797866953293417e-05,8.277726165914186e-05,0.0010137687197843556,0.0004388180683738941,0.00013612402150902744,0.005449968603753006,0.018548469648828947,True
energy_gradient,7302,637,4.79842682290482e-06,7.794840352753884e-05,8.274683035044366e-05,0.0010127761052663659,0.0004354493616558977,0.00013615876346877154,0.005448911035917147,0.018545522969301707,True
energy_gradient,7302,638,4.798261208218288e-06,7.791840371842173e-05,8.271666492664002e-05,0.0010117933597804068,0.0004320982282184358,0.00013619315291803834,0.005447862210964369,0.01854259995302249,True
energy_gradient,7302,639,4.7980953010201895e-06,7.788866776329237e-05,8.268676306431256e-05,0.0010108203794019716,0.0004287647197401312,0.0001362271932361879,0.005446822063532648,0.018539700431023896,True
energy_gradient,7302,640,4.797929120146155e-06,7.785919334187018e-05,8.265712246201634e-05,0.0010098570613756256,0.0004254488876278092,0.00013626088778146705,0.005445790528641488,0.01853682423530999,True
energy_gradient,7302,641,4.797762684388768e-06,7.782997815544266e-05,8.262774083983142e-05,0.0010089033041243707,0.0004221507830157017,0.00013629423989150764,0.005444767541683379,0.018533971198834855,True
energy_gradient,7302,642,4.7975960124959005e-06,7.780101992639973e-05,8.259861593889563e-05,0.0010079590072202221,0.00041887045676466234,0.0001363272528823653,0.005443753038409718,0.018531141155448152,True
energy_gradient,7302,643,4.7974291231160536e-06,7.777231639783653e-05,8.256974552095259e-05,0.001007024071326286,0.0004156079594613804,0.00013635993004866822,0.005442746954921589,0.01852833393986779,True
energy_gradient,7302,644,4.79726203481383e-06,7.774386533312601e-05,8.254112736793984e-05,0.0010060983981641052,0.00041236334141759917,0.00013639227466362677,0.005441749227662223,0.018525549387656378,True
energy_gradient,7302,645,4.797094766037387e-06,7.771566451551133e-05,8.251275928154871e-05,0.0010051818904926366,0.00040913665266934353,0.00013642428997917848,0.005440759793414387,0.018522787335214577,True
energy_gradient,7302,646,4.796927335125276e-06,7.768771174766968e-05,8.248463908279495e-05,0.0010042744521147925,0.0004059279429761449,0.00013645597922589507,0.005439778589299176,0.018520047619776336,True
energy_gradient,7302,647,4.796759760300242e-06,7.766000485132899e-05,8.245676461162923e-05,0.0010033759878880935,0.00040273726182027674,0.00013648734561313842,0.0054388055527673,0.018517330079383193,True
energy_gradient,7302,648,4.796592059664815e-06,7.763254166684872e-05,8.242913372651354e-05,0.0010024864037044038,0.00039956465840598895,0.00013651839232907344,0.005437840621591987,0.018514634552862175,True
energy_gradient,7302,649,4.796424251187254e-06,7.760532005285946e-05,8.240174430404671e-05,0.001001605606463273,0.00039641018165875155,0.0001365491225403307,0.005436883733856555,0.018511960879783216,True
energy_gradient,7302,650,4.796256352677962e-06,7.757833788588058e-05,8.237459423855854e-05,0.0010007335040192748,0.0003932738802244973,0.00013657953939209954,0.005435934827949862,0.018509308900445855,True
energy_gradient,7302,651,4.796088381784967e-06,7.755159305994832e-05,8.234768144173328e-05,0.0009998700051783993,0.0003901558024688752,0.00013660964600822068,0.0054349938425588655,0.01850667845585691,True
energy_gradient,7302,652,4.795920355983882e-06,7.752508348626665e-05,8.232100384225053e-05,0.0009990150196745456,0.00038705599647650035,0.00013663944549132927,0.0054340607166682335,0.01850406938773076,True
energy_gradient,7302,653,4.795752292583846e-06,7.749880709280393e-05,8.229455938538778e-05,0.000998168458186991,0.00038397451005021694,0.00013666894092296481,0.005433135389554199,0.018501481538471257,True
energy_gradient,7302,654,4.795584208715621e-06,7.747276182398215e-05,8.226834603269777e-05,0.000997330232328216,0.00038091139071035627,0.00013669813536361524,0.005432217800778843,0.018498914751154266,True
energy_gradient,7302,655,4.795416121331508e-06,7.744694564029646e-05,8.224236176162797e-05,0.0009965002546253787,0.00037786668569400947,0.00013672703185250938,0.005431307890180394,0.018496368869495003,True
energy_gradient,7302,656,4.7952480471844674e-06,7.742135651800226e-05,8.221660456518673e-05,0.0009956784384848065,0.0003748404419542935,0.00013675563340797623,0.0054304055978662575,0.018493843737830022,True
energy_gradient,7302,657,4.795080002819102e-06,7.739599244877733e-05,8.219107245159644e-05,0.000994864698172316,0.00037183270615963044,0.00013678394302713598,0.005429510864208423,0.0184913392010995,True
energy_gradient,7302,658,4.794912004577139e-06,7.737085143940279e-05,8.216576344397992e-05,0.0009940589487994246,0.0003688435246930265,0.0001368119636862948,0.005428623629837165,0.018488855104831694,True
energy_gradient,7302,659,4.794744068581033e-06,7.734593151142506e-05,8.214067558000609e-05,0.0009932611063117576,0.0003658729436513589,0.00013683969834105486,0.005427743835639166,0.018486391295138224,True
energy_gradient,7302,660,4.79457621072919e-06,7.732123070084416e-05,8.211580691157335e-05,0.0009924710874893545,0.0003629210088446613,0.00013686714992629524,0.005426871422750845,0.01848394761869295,True
energy_gradient,7302,661,4.794408446712494e-06,7.729674705781436e-05,8.209115550452686e-05,0.0009916888099394659,0.00035998776579542044,0.00013689432135619874,0.00542600633255368,0.018481523922717576,True
energy_gradient,7302,662,4.794240791986335e-06,7.727247864631037e-05,8.206671943829671e-05,0.000990914192069852,0.0003570732597378719,0.00013692121552455784,0.005425148506665972,0.01847912005495908,True
energy_gradient,7302,663,4.794073261773207e-06,7.724842354386504e-05,8.204249680563824e-05,0.0009901471530728435,0.00035417753561730583,0.00013694783530477728,0.005424297886937933,0.01847673586367435,True
energy_gradient,7302,664,4.793905871053302e-06,7.722457984127094e-05,8.201848571232424e-05,0.0009893876129066445,0.0003513006380893697,0.00013697418354981366,0.00542345441544572,0.018474371197610796,True
energy_gradient,7302,665,4.79373863455876e-06,7.720094564226987e-05,8.199468427682863e-05,0.000988635492275001,0.0003484426115193815,0.00013700026309234047,0.0054226180344873545,0.01847202590599534,True
energy_gradient,7302,666,4.7935715667750476e-06,7.71775190632911e-05,8.197109063006615e-05,0.0009878907126314397,0.0003456034999816479,0.00013702607674511997,0.005421788686579376,0.018469699838527875,True
energy_gradient,7302,667,4.793404681938767e-06,7.715429823316454e-05,8.19477029151033e-05,0.0009871531961661675,0.0003427833472587805,0.0001370516273010171,0.0054209663144504944,0.018467392845361485,True
energy_gradient,7302,668,4.7932379940339886e-06,7.713128129284101e-05,8.1924519286875e-05,0.0009864228657943533,0.00033998219684102277,0.0001370769175329619,0.005420150861038876,0.01846510477709357,True
energy_gradient,7302,669,4.793071516785374e-06,7.710846639513923e-05,8.190153791192461e-05,0.0009856996451459927,0.00033720009192557865,0.0001371019501943375,0.005419342269482698,0.018462835484740318,True
energy_gradient,7302,670,4.792905263652903e-06,7.708585170446582e-05,8.187875696811873e-05,0.000984983458541292,0.0003344370754159489,0.00013712672801874273,0.005418540483117268,0.018460584819725154,True
energy_gradient,7302,671,4.792739247833677e-06,7.706343539657298e-05,8.185617464440665e-05,0.000984274230975679,0.00033169318992126555,0.00013715125372058918,0.005417745445470464,0.018458352633870814,True
energy_gradient,7302,672,4.792573482255446e-06,7.704121565829866e-05,8.18337891405541e-05,0.0009835718881166147,0.00032896847775563726,0.00013717552999466874,0.005416957100256653,0.018456138779375644,True
energy_gradient,7302,673,4.792407979568487e-06,7.701919068731635e-05,8.181159866688483e-05,0.0009828763562833827,0.0003262629809374955,0.0001371995595169297,0.0054161753913751646,0.018453943108817084,True
energy_gradient,7302,674,4.792242752155875e-06,7.699735869188248e-05,8.178960144403836e-05,0.0009821875624523558,0.00032357674118894947,0.0001372233449441272,0.005415400262903726,0.018451765475127366,True
energy_gradient,7302,675,4.792077812126026e-06,7.69757178906059e-05,8.176779570273193e-05,0.000981505434235954,0.0003209097999351384,0.00013724688891436472,0.005414631659094729,0.01844960573158758,True
energy_gradient,7302,676,4.791913171310752e-06,7.695426651220302e-05,8.174617968351377e-05,0.0009808298998736514,0.00031826219830359494,0.00013727019404688605,0.005413869524371234,0.01844746373181289,True
energy_gradient,7302,677,4.791748841255799e-06,7.69330027952682e-05,8.1724751636524e-05,0.000980160888225001,0.0003156339771236129,0.00013729326294238155,0.0054131138033195695,0.018445339329732625,True
energy_gradient,7302,678,4.791584833235912e-06,7.691192498804967e-05,8.170350982128558e-05,0.0009794983287424435,0.00031302517692561346,0.0001373160981832071,0.00541236444068736,0.018443232379586418,True
energy_gradient,7302,679,4.791421158225509e-06,7.689103134822972e-05,8.168245250645523e-05,0.0009788421514688556,0.00031043583794052265,0.00013733870233343588,0.005411621381378507,0.018441142735908998,True
energy_gradient,7302,680,4.791257826925522e-06,7.687032014268012e-05,8.166157796960565e-05,0.0009781922870285115,0.0003078660000991507,0.0001373610779390115,0.005410884570449476,0.018439070253520193,True
energy_gradient,7302,681,4.791094849746717e-06,7.684978964727793e-05,8.164088449702464e-05,0.000977548666617662,0.00030531570303157687,0.00013738322752797677,0.005410153953105572,0.018437014787515686,True
energy_gradient,7302,682,4.790932236811329e-06,7.682943814665868e-05,8.162037038347001e-05,0.0009769112219970512,0.00030278498606653643,0.00013740515361062813,0.005409429474696078,0.01843497619325343,True
energy_gradient,7302,683,4.790769997954075e-06,7.680926393404168e-05,8.160003393199575e-05,0.0009762798854763646,0.00030027388823081566,0.00013742685867979796,0.005408711080710988,0.018432954326346365,True
energy_gradient,7302,684,4.790608142720738e-06,7.678926531098499e-05,8.157987345370572e-05,0.0009756545899122926,0.00029778244824864883,0.00013744834521060598,0.005407998716775667,0.018430949042643054,True
energy_gradient,7302,685,4.790446680366318e-06,7.676944058722524e-05,8.155988726759156e-05,0.0009750352686846414,0.0002953107045411238,0.00013746961566101537,0.005407292328648092,0.01842896019822497,True
energy_gradient,7302,686,4.7902856198499045e-06,7.674978808045457e-05,8.154007370030447e-05,0.000974421855697723,0.0002928586952255856,0.000137490672471924,0.00540659186221252,0.018426987649387567,True
energy_gradient,7302,687,4.790124969838479e-06,7.67303061161323e-05,8.152043108597077e-05,0.0009738142853589203,0.00029042645811505066,0.00013751151806721897,0.0054058972634790856,0.018425031252639636,True
energy_gradient,7302,688,4.789964738705034e-06,7.67109930272781e-05,8.150095776598313e-05,0.0009732124925826957,0.0002880140307176251,0.00013753215485407094,0.005405208478578538,0.018423090864689923,True
energy_gradient,7302,689,4.789804934533044e-06,7.669184715431549e-05,8.148165208884854e-05,0.0009726164127762839,0.0002856214502359233,0.0001375525852230156,0.005404525453758748,0.01842116634243704,True
energy_gradient,7302,690,4.7896455651113805e-06,7.667286684485947e-05,8.146251240997085e-05,0.0009720259818376317,0.0002832487535664957,0.00013757281154823164,0.005403848135380152,0.018419257542958138,True
energy_gradient,7302,691,4.789486637931026e-06,7.665405045353943e-05,8.144353709147046e-05,0.0009714411361311581,0.00028089597729925994,0.00013759283618747646,0.005403176469913873,0.018417364323502345,True
energy_gradient,7302,692,4.789328160194952e-06,7.663539634183541e-05,8.142472450203036e-05,0.0009708618124940865,0.0002785631577169374,0.00013761266148257088,0.0054025104039354685,0.018415486541476293,True
energy_gradient,7302,693,4.789170138805124e-06,7.661690287787203e-05,8.140607301667716e-05,0.0009702879482138984,0.0002762503307944916,0.0001376322897593309,0.005401849884123824,0.01841362405443995,True
energy_gradient,7302,694,4.789012580370044e-06,7.659856843629405e-05,8.138758101666409e-05,0.0009697194810306089,0.0002739575321985742,0.000137651723327828,0.005401194857255901,0.018411776720092914,True
energy_gradient,7302,695,4.788855491207227e-06,7.658039139804378e-05,8.1369246889251e-05,0.0009691563491178068,0.00027168479728697636,0.00013767096448267705,0.005400545270204521,0.018409944396270524,True
energy_gradient,7302,696,4.788698877333372e-06,7.65623701502413e-05,8.135106902757467e-05,0.0009685984910840411,0.0002694321611080822,0.00013769001550280408,0.005399901069934951,0.018408126940930688,True
energy_gradient,7302,697,4.788542744482198e-06,7.654450308597346e-05,8.133304583045566e-05,0.0009680458459654142,0.00026719965840032794,0.00013770887865224908,0.005399262203500972,0.01840632421215009,True
energy_gradient,7302,698,4.788387098081633e-06,7.65267886041745e-05,8.131517570225613e-05,0.0009674983532071223,0.0002649873235916664,0.00013772755617973023,0.005398628618042457,0.01840453606811199,True
energy_gradient,7302,699,4.788231943275541e-06,7.650922510944884e-05,8.129745705272438e-05,0.0009669559526720967,0.00026279519079903843,0.00013774605031933556,0.00539800026078115,0.018402762367100308,True
energy_gradient,7302,700,4.788077284912462e-06,7.649181101192504e-05,8.12798882968375e-05,0.0009664185846135953,0.0002606232938278427,0.00013776436329019032,0.0053973770790174845,0.018401002967486133,True
energy_gradient,7302,701,4.7879231275470385e-06,7.647454472708458e-05,8.126246785463162e-05,0.000965886189678914,0.0002584716661714174,0.00013778249729703212,0.0053967590201278864,0.018399257727725386,True
energy_gradient,7302,702,4.787769475445171e-06,7.645742467563098e-05,8.124519415107616e-05,0.0009653587088991368,0.0002563403410105222,0.0001378004545301605,0.0053961460315614185,0.018397526506347767,True
energy_gradient,7302,703,4.787616332577819e-06,7.644044928333828e-05,8.12280656159161e-05,0.0009648360836807395,0.00025422935121282854,0.00013781823716562883,0.0053955380608372485,0.018395809161950844,True
energy_gradient,7302,704,4.78746370262483e-06,7.642361698090766e-05,8.121108068353249e-05,0.0009643182558008532,0.00025213872933241017,0.00013783584736570988,0.005394935055540747,0.018394105553192795,True
energy_gradient,7302,705,4.787311588986788e-06,7.640692620381499e-05,8.119423779280178e-05,0.0009638051673997917,0.0002500685076092425,0.00013785328727860106,0.00539433696332194,0.018392415538784387,True
energy_gradient,7302,706,4.78715999476556e-06,7.63903753921838e-05,8.117753538694936e-05,0.0009632967609723718,0.00024801871796870556,0.00013787055903883468,0.005393743731891167,0.018390738977479778,True
energy_gradient,7302,707,4.787008922780877e-06,7.63739629906326e-05,8.116097191341348e-05,0.0009627929793645173,0.0002459893920210917,0.0001378876647674588,0.00539315530901693,0.01838907572807165,True
energy_gradient,7302,708,4.786858375563839e-06,7.635768744816845e-05,8.114454582373229e-05,0.0009622937657600215,0.00024398056106111703,0.00013790460657235883,0.005392571642522144,0.018387425649382907,True
energy_gradient,7302,709,4.786708355360325e-06,7.634154721802391e-05,8.112825557338423e-05,0.0009617990636729748,0.00024199225606743961,0.0001379213865480126,0.005391992680282654,0.018385788600259412,True
energy_gradient,7302,710,4.786558864132907e-06,7.632554075754615e-05,8.111209962167906e-05,0.0009613088169514286,0.00024002450770218306,0.00013793800677591142,0.005391418370223616,0.018384164439563103,True
energy_gradient,7302,711,4.786409903557676e-06,7.630966652806094e-05,8.109607643161861e-05,0.0009608229697578955,0.00023807734631046084,0.00013795446932486055,0.005390848660316243,0.01838255302616502,True
energy_gradient,7302,712,4.7862614750286385e-06,7.629392299475288e-05,8.108018446978152e-05,0.0009603414665718594,0.00023615080191991033,0.0001379707762508914,0.00539028349857794,0.01838095421894479,True
energy_gradient,7302,713,4.786113579662598e-06,7.627830862654502e-05,8.106442220620761e-05,0.0009598642521843905,0.00023424490424022929,0.00013798692959756257,0.005389722833065848,0.018379367876773543,True
energy_gradient,7302,714,4.785966218295252e-06,7.626282189596678e-05,8.104878811426203e-05,0.0009593912716857575,0.00023235968266271787,0.00013800293139608092,0.00538916661187746,0.01837779385851722,True
energy_gradient,7302,715,4.7858193914791374e-06,7.624746127903437e-05,8.10332806705135e-05,0.0009589224704621962,0.0002304951662598248,0.00013801878366558789,0.005388614783145925,0.01837623202302481,True
energy_gradient,7302,716,4.785673099496064e-06,7.623222525516033e-05,8.10178983546564e-05,0.0009584577941895654,0.0002286513837846993,0.00013803448841301466,0.005388067295038139,0.01837468222912088,True
energy_gradient,7302,717,4.785527342346107e-06,7.621711230700729e-05,8.100263964935339e-05,0.0009579971888241753,0.00022682836367074845,0.00013805004763359316,0.005387524095753092,0.0183731443356058,True
energy_gradient,7302,718,4.7853821197598605e-06,7.620212092039667e-05,8.098750304015653e-05,0.0009575406006041046,0.00022502613403119735,0.0001380654633109152,0.005386985133518256,0.01837161820124508,True
energy_gradient,7302,719,4.785237431188259e-06,7.61872495841998e-05,8.097248701538807e-05,0.0009570879760333442,0.0002232447226586566,0.0001380807374168774,0.005386450356588292,0.018370103684764695,True
energy_gradient,7302,720,4.785093275815618e-06,7.617249679020758e-05,8.09575900660232e-05,0.0009566392618889772,0.0002214841570246927,0.00013809587191213055,0.005385919713242123,0.018368600644846727,True
energy_gradient,7302,721,4.7849496525505e-06,7.615786103304708e-05,8.094281068559758e-05,0.0009561944052034987,0.00021974446427940666,0.00013811086874606724,0.005385393151780445,0.018367108940121397,True
energy_gradient,7302,722,4.784806560041428e-06,7.614334081007196e-05,8.092814737011338e-05,0.0009557533532662517,0.00021802567125101219,0.00013812572985716256,0.005384870620524882,0.018365628429168075,True
energy_gradient,7302,723,4.7846639966588285e-06,7.612893462126268e-05,8.091359861792151e-05,0.0009553160536180398,0.0002163278044454237,0.00013814045717274918,0.005384352067813178,0.018364158970497778,True
energy_gradient,7302,724,4.7845219605094214e-06,7.611464096912008e-05,8.08991629296295e-05,0.0009548824540412447,0.0002146508900458481,0.00013815505260962103,0.0053838374419995765,0.01836270042256082,True
energy_gradient,7302,725,4.78438044944527e-06,7.610045835856483e-05,8.088483880801009e-05,0.0009544525025561825,0.00021299495391237995,0.00013816951807396437,0.005383326691451171,0.018361252643734616,True
energy_gradient,7302,726,4.784239461037925e-06,7.608638529686318e-05,8.087062475790111e-05,0.0009540261474212096,0.00021136002158160294,0.0001381838554614952,0.0053828197645466175,0.01835981549232111,True
energy_gradient,7302,727,4.7840989926113615e-06,7.607242029350777e-05,8.085651928611914e-05,0.0009536033371198737,0.00020974611826619547,0.0001381980666574932,0.005382316609673255,0.018358388826538122,True
energy_gradient,7302,728,4.783959041225533e-06,7.605856186013777e-05,8.08425209013633e-05,0.0009531840203605242,0.00020815326885454397,0.00013821215353733494,0.005381817175226175,0.01835697250452209,True
energy_gradient,7302,729,4.7838196036800174e-06,7.604480851044954e-05,8.082862811412956e-05,0.000952768146072117,0.00020658149791035661,0.00013822611796632416,0.005381321409605108,0.018355566384316523,True
energy_gradient,7302,730,4.78368067651669e-06,7.603115876010496e-05,8.081483943662166e-05,0.0009523556633950175,0.00020503082967228534,0.0001382399617998547,0.005380829261213481,0.018354170323870753,True
energy_gradient,7302,731,4.78354225602582e-06,7.601761112664281e-05,8.080115338266863e-05,0.0009519465216824061,0.00020350128805355294,0.0001382536868836747,0.00538034067845596,0.018352784181035083,True
energy_gradient,7302,732,4.783404338240395e-06,7.600416412940867e-05,8.078756846764906e-05,0.0009515406704902909,0.00020199289664158331,0.0001382672950540087,0.0053798556097367145,0.0183514078135566,True
energy_gradient,7302,733,4.783266918942317e-06,7.59908162894411e-05,8.077408320838342e-05,0.0009511380595750127,0.00020050567869763818,0.00013828078813747177,0.0053793740034572485,0.018350041079071497,True
energy_gradient,7302,734,4.783129993666447e-06,7.597756612942773e-05,8.076069612309418e-05,0.000950738638890283,0.00019903965715645745,0.00013829416795169987,0.005378895808015566,0.01834868383510915,True
energy_gradient,7302,735,4.782993557688607e-06,7.596441217360795e-05,8.074740573129656e-05,0.0009503423585803497,0.00019759485462590742,0.0001383074363049693,0.005378420971803281,0.01834733593907902,True
energy_gradient,7302,736,4.782857606053089e-06,7.595135294768078e-05,8.073421055373388e-05,0.0009499491689764317,0.00019617129338663012,0.00013832059499652085,0.005377949443204942,0.01834599724827197,True
energy_gradient,7302,737,4.782722133542532e-06,7.593838697876644e-05,8.072110911230898e-05,0.0009495590205957122,0.00019476899539170114,0.00013833364581695737,0.005377481170595524,0.018344667619856647,True
energy_gradient,7302,738,4.782587134704555e-06,7.592551279528813e-05,8.070809992999268e-05,0.0009491718641300663,0.0001933879822662896,0.000138346590547842,0.005377016102339343,0.01834334691087181,True
energy_gradient,7302,739,4.782452603841073e-06,7.591272892694177e-05,8.069518153078285e-05,0.0009487876504525099,0.00019202827530732724,0.00013835943096233072,0.0053765541867883794,0.01834203497822778,True
energy_gradient,7302,740,4.782318535015038e-06,7.59000339045959e-05,8.068235243961094e-05,0.0009484063306001721,0.000190689895483177,0.00013837216882505972,0.005376095372280217,0.018340731678698808,True
energy_gradient,7302,741,4.782184922049808e-06,7.588742626023029e-05,8.06696111822801e-05,0.0009480278557814865,0.00018937286343331117,0.00013838480589224584,0.005375639607137565,0.01833943686892264,True
energy_gradient,7302,742,4.782051758527768e-06,7.587490452687568e-05,8.065695628540345e-05,0.0009476521773709891,0.0001880771994679934,0.00013839734391191228,0.005375186839665498,0.018338150405394247,True
energy_gradient,7302,743,4.781919037799904e-06,7.586246723854091e-05,8.064438627634081e-05,0.0009472792468960296,0.00018680292356796494,0.00013840978462403245,0.0053747370181511725,0.018336872144466505,True
energy_gradient,7302,744,4.7817867529782976e-06,7.585011293015613e-05,8.063189968313442e-05,0.0009469090160459094,0.00018555005538413655,0.00013842212976044094,0.005374290090861763,0.018335601942342742,True
energy_gradient,7302,745,4.781654896946804e-06,7.583784013749858e-05,8.061949503444538e-05,0.0009465414366596947,0.0001843186142372853,0.00013843438104524809,0.005373846006043316,0.018334339655077588,True
energy_gradient,7302,746,4.781523462353903e-06,7.582564739714432e-05,8.060717085949822e-05,0.0009461764607268112,0.00018310861911775708,0.00013844654019476877,0.005373404711919582,0.018333085138572534,True
energy_gradient,7302,747,4.7813924416196144e-06,7.581353324640596e-05,8.059492568802558e-05,0.0009458140403835749,0.00018192008868517365,0.00013845860891772627,0.005372966156690262,0.018331838248572613,True
energy_gradient,7302,748,4.781261826941998e-06,7.580149622326308e-05,8.058275805020508e-05,0.0009454541279089676,0.00018075304126814428,0.00013847058891504452,0.005372530288530322,0.018330598840662047,True
energy_gradient,7302,749,4.781131610279628e-06,7.578953486632835e-05,8.057066647660799e-05,0.0009450966757190011,0.00017960749486398386,0.0001384824818808062,0.005372097055587832,0.018329366770267665,True
energy_gradient,7302,750,4.781001783377718e-06,7.577764771477362e-05,8.055864949815134e-05,0.0009447416363659571,0.00017848346713843555,0.00013849428950120374,0.005371666405984603,0.01832814189264973,True
energy_gradient,7302,751,4.780872337750444e-06,7.576583330828676e-05,8.05467056460372e-05,0.0009443889625379091,0.00017738097542539683,0.00013850601345550864,0.005371238287812748,0.01832692406290149,True
energy_gradient,7302,752,4.780743264696922e-06,7.575409018701956e-05,8.053483345171648e-05,0.000944038607050598,0.00017630003672665403,0.00013851765541599462,0.005370812649135308,0.018325713135950314,True
energy_gradient,7302,753,4.780614555291194e-06,7.574241689154027e-05,8.052303144683147e-05,0.0009436905228465002,0.00017524066771161875,0.00013852921704767706,0.005370389437984755,0.018324508966550225,True
energy_gradient,7302,754,4.780486200389382e-06,7.57308119627717e-05,8.051129816316109e-05,0.0009433446629936992,0.0001742028847170722,0.0001385407000088717,0.005369968602361177,0.018323311409282155,True
energy_gradient,7302,755,4.7803581906309686e-06,7.571927394196159e-05,8.049963213259256e-05,0.0009430009806812053,0.0001731867037469116,0.00013855210595110521,0.005369550090233339,0.018322120318556342,True
energy_gradient,7302,756,4.78023051644058e-06,7.57078013706406e-05,8.048803188708117e-05,0.0009426594292197199,0.00017219214047190464,0.0001385634365191882,0.005369133849534819,0.018320935548600967,True
energy_gradient,7302,757,4.780103168023573e-06,7.569639279055589e-05,8.047649595857946e-05,0.0009423199620306557,0.0001712192102294474,0.00013857469335124537,0.005368719828165501,0.01831975695346716,True
energy_gradient,7302,758,4.779976135379924e-06,7.568504674364752e-05,8.046502287902744e-05,0.0009419825326552395,0.00017026792802332771,0.0001385858780789808,0.005368307973990157,0.01831858438702741,True
energy_gradient,7302,759,4.779849408293745e-06,7.567376177200346e-05,8.04536111802972e-05,0.0009416470947429189,0.00016933830852349416,0.00013859699232767153,0.0053678982348363226,0.018317417702968786,True
energy_gradient,7302,760,4.77972297633905e-06,7.566253641782468e-05,8.044225939416373e-05,0.000941313602049855,0.0001684303660658292,0.00013860803771629618,0.0053674905584950834,0.01831625675479683,True
energy_gradient,7302,761,4.779596828879521e-06,7.56513692233746e-05,8.043096605225412e-05,0.0009409820084410968,0.00016754411465192895,0.00013861901585747458,0.005367084892719631,0.018315101395830334,True
energy_gradient,7302,762,4.7794709550774065e-06,7.564025873096669e-05,8.04197296860441e-05,0.000940652267884562,0.00016667956794888633,0.00013862992835777954,0.005366681185224832,0.018313951479203346,True
energy_gradient,7302,763,4.779345343883381e-06,7.562920348289596e-05,8.040854882677933e-05,0.0009403243344516467,0.00016583673928908117,0.00013864077681759648,0.005366279383686039,0.01831280685785994,True
energy_gradient,7302,764,4.77921998404967e-06,7.561820202144637e-05,8.039742200549604e-05,0.0009399981623133421,0.00016501564166997385,0.00013865156283149758,0.005365879435739053,0.01831166738455807,True
energy_gradient,7302,765,4.779094864116174e-06,7.560725288882159e-05,8.038634775293776e-05,0.0009396737057378428,0.0001642162877539056,0.00013866228798791716,0.0053654812889794845,0.01831053291186413,True
energy_gradient,7302,766,4.778969972429335e-06,7.559635462714384e-05,8.037532459957317e-05,0.0009393509190903017,0.0001634386898679025,0.00013867295386944364,0.00536508489096118,0.018309403292151107,True
energy_gradient,7302,767,4.778845297133954e-06,7.558550577841149e-05,8.036435107554544e-05,0.0009390297568278028,0.0001626828600034861,0.00013868356205308036,0.005364690189197033,0.018308278377603935,True
energy_gradient,7302,768,4.7787208261690615e-06,7.557470488446733e-05,8.035342571063639e-05,0.0009387101735011129,0.00016194880981648766,0.00013869411410990056,0.005364297131157809,0.0183071580202121,True
energy_gradient,7302,769,4.7785965472824674e-06,7.556395048698577e-05,8.034254703426824e-05,0.0009383921237505142,0.00016123655062686925,0.00013870461160540789,0.005363905664271906,0.018306042071772756,True
energy_gradient,7302,770,4.7784724480246115e-06,7.55532411274454e-05,8.033171357547001e-05,0.0009380755623084505,0.00016054609341854863,0.0001387150560995399,0.0053635157359246954,0.01830493038388869,True
energy_gradient,7302,771,4.778348515745717e-06,7.554257534709519e-05,8.032092386284091e-05,0.0009377604439874892,0.00015987744883923008,0.0001387254491466365,0.005363127293457884,0.018303822807965976,True
energy_gradient,7302,772,4.7782247376049565e-06,7.553195168695025e-05,8.03101764245552e-05,0.0009374467236887943,0.00015923062720024037,0.00013873579229565182,0.0053627402841711184,0.018302719195221282,True
energy_gradient,7302,773,4.778101100566633e-06,7.552136868776375e-05,8.029946978833037e-05,0.0009371343564014514,0.0001586056384763691,0.00013874608709005086,0.0053623546553184685,0.018301619396669723,True
energy_gradient,7302,774,4.777977591407212e-06,7.551082489000372e-05,8.028880248141093e-05,0.0009368232971949903,0.00015800249230571548,0.00013875633506805894,0.005361970354111069,0.018300523263135825,True
energy_gradient,7302,775,4.777854196704508e-06,7.550031883384198e-05,8.02781730305465e-05,0.0009365135012176109,0.00015742119798953978,0.00013876653776236615,0.005361587327714487,0.018299430645242087,True
energy_gradient,7302,776,4.777730902853589e-06,7.548984905913799e-05,8.026757996199158e-05,0.0009362049236977759,0.00015686176449211954,0.00013877669670062906,0.005361205523251655,0.018298341393423574,True
energy_gradient,7302,777,4.777607696055084e-06,7.547941410543339e-05,8.025702180148847e-05,0.0009358975199472518,0.000156324200440611,0.0001387868134052614,0.005360824887799254,0.0182972553579143,True
energy_gradient,7302,778,4.777484562326351e-06,7.546901251192356e-05,8.024649707424992e-05,0.000935591245351481,0.00015580851412491707,0.00013879688939323024,0.005360445368389625,0.018296172388751065,True
energy_gradient,7302,779,4.777361487491684e-06,7.545864281744732e-05,8.023600430493901e-05,0.000935286055371304,0.0001553147134975587,0.000138806926176743,0.005360066912010608,0.01829509233578029,True
energy_gradient,7302,780,4.777238457197549e-06,7.54483035605002e-05,8.022554201769774e-05,0.0009349819055512613,0.00015484280617355237,0.00013881692526272562,0.005359689465605065,0.01829401504865094,True
energy_gradient,7302,781,4.7771154568977e-06,7.543799327919654e-05,8.021510873609424e-05,0.0009346787514987177,0.00015439279943029263,0.00013882688815298463,0.005359312976071119,0.01829294037681701,True
energy_gradient,7302,782,4.776992471864149e-06,7.542771051128836e-05,8.020470298315252e-05,0.0009343765489031097,0.00015396470020744035,0.00013883681634439937,0.005358937390261991,0.01829186816953905,True
energy_gradient,7302,783,4.77686948719077e-06,7.541745379413062e-05,8.019432328132139e-05,0.0009340752535275951,0.00015355851510681515,0.000138846711328839,0.0053585626549864564,0.018290798275884725,True
energy_gradient,7302,784,4.776746487777623e-06,7.540722166472108e-05,8.01839681524987e-05,0.000933774821199158,0.00015317425039229355,0.0001388565745930813,0.005358188717008749,0.018289730544727666,True
energy_gradient,7302,785,4.776623458353444e-06,7.539701265964216e-05,8.01736361179956e-05,0.0009334752078269169,0.000152811911989713,0.00013886640761921667,0.005357815523048734,0.018288664824752277,True
energy_gradient,7302,786,4.776500383463151e-06,7.538682531511153e-05,8.016332569857468e-05,0.0009331763693850307,0.00015247150548677976,0.0001388762118840074,0.005357443019782785,0.01828760096444969,True
energy_gradient,7302,787,4.776377247469496e-06,7.537665816695005e-05,8.015303541441954e-05,0.0009328782619220313,0.0001521530361329834,0.00013888598885968096,0.00535707115384251,0.018286538812122208,True
energy_gradient,7302,788,4.776254034558298e-06,7.536650975059427e-05,8.014276378515256e-05,0.0009325808415535568,0.00015185650883951522,0.00013889574001337487,0.005356699871816373,0.01828547821588249,True
energy_gradient,7302,789,4.776130728733875e-06,7.535637860110267e-05,8.013250932983655e-05,0.0009322840644649992,0.00015158192817919285,0.0001389054668073266,0.005356329120250005,0.01828441902365653,True
energy_gradient,7302,790,4.7760073138231714e-06,7.534626325315934e-05,8.01222705669825e-05,0.0009319878869128758,0.0001513292983863896,0.00013891517069908004,0.005355958845645441,0.018283361083183486,True
energy_gradient,7302,791,4.775883773478959e-06,7.53361622410658e-05,8.011204601454475e-05,0.0009316922652233396,0.0001510986233569698,0.00013892485314104453,0.005355588994463185,0.01828230424201744,True
energy_gradient,7302,792,4.775760091172363e-06,7.53260740987733e-05,8.010183418994567e-05,0.0009313971557879451,0.0001508899066482275,0.00013893451558088266,0.005355219513121243,0.01828124834752851,True
energy_gradient,7302,793,4.7756362502003306e-06,7.531599735987438e-05,8.009163361007472e-05,0.0009311025150709473,0.00015070315147883243,0.00013894415946159218,0.005354850347996639,0.01828019324690848,True
energy_gradient,7302,794,4.775512233684781e-06,7.530593055761143e-05,8.008144279129622e-05,0.0009308082996050766,0.00015053836072878072,0.00013895378622087157,0.005354481445425188,0.018279138787163304,True
energy_gradient,7302,795,4.7753880245725865e-06,7.529587222490922e-05,8.007126024948181e-05,0.0009305144659946632,0.00015039553693934918,0.00013896339729199225,0.0053541127517031184,0.01827808481512752,True
energy_gradient,7302,796,4.77526360562909e-06,7.528582089435439e-05,8.006108449998347e-05,0.0009302209709090485,0.0001502746823130576,0.00013897299410311893,0.005353744213085959,0.018277031177453506,True
energy_gradient,7302,797,4.7751389594551496e-06,7.527577509824846e-05,8.00509140577036e-05,0.0009299277710860267,0.00015017579871363365,0.0001389825780774585,0.0053533757757907325,0.01827597772061993,True
energy_gradient,7302,798,4.775014068471461e-06,7.526573336858596e-05,8.004074743705742e-05,0.0009296348233363112,0.0001500988876659848,0.00013899215063350908,0.005353007385996417,0.018274924290935874,True
energy_gradient,7302,799,4.7748889149234625e-06,7.525569423710465e-05,8.003058315202811e-05,0.0009293420845398627,0.0001500439503561747,0.00013900171318471246,0.0053526389898441995,0.018273870734537914,True
energy_gradient,7302,800,4.7747634808907425e-06,7.524565623528569e-05,8.002041971617643e-05,0.0009290495116449467,0.00015001098763140446,0.00013901126713963835,0.00535227053343851,0.018272816897395336,True
energy_only,7303,1,1.260754250976061,-0.0,1.260754250976061,2.433954992749088,0.003,0.10124363001895244,0.33115691548304976,2.11924736454118,True
energy_only,7303,2,1.1974701329476718,-0.0,1.1974701329476718,2.108466865692787,0.0029999890123685955,0.09826597073888119,0.33110919437898284,2.087320585056644,True
energy_only,7303,3,1.1448168888734496,-0.0,1.1448168888734496,1.8088795011041983,0.0029999560496438253,0.09563803305696902,0.3310563926070746,2.0591100390365247,True
energy_only,7303,4,1.1012336944254821,-0.0,1.1012336944254821,1.5284133512697533,0.0029999011123340146,0.09332174986664682,0.3309955461705963,2.03420018300716,True
energy_only,7303,5,1.0654600958248803,-0.0,1.0654600958248803,1.2598182231020063,0.002999824201286366,0.09129196320997374,0.3309230356664268,2.012311181867803,True
energy_only,7303,6,1.036633638980043,-0.0,1.036633638980043,0.9965562357581276,0.002999725317686942,0.08953885287221774,0.3308341170766696,1.9933233546085454,True
energy_only,7303,7,1.0142541550541944,-0.0,1.0142541550541944,0.7335012590673617,0.0029996044630606505,0.08806672467898427,0.3307231432823093,1.9772649380754117,True
energy_only,7303,8,0.9980833575532676,-0.0,0.9980833575532676,0.46802876354589584,0.002999461639271219,0.08688822226453549,0.33058388812972866,1.964251332474047,True
energy_only,7303,9,0.9879594025549504,-0.0,0.9879594025549504,0.20494540663235752,0.002999296848521167,0.08601270993959675,0.33041180808044524,1.9543682197385617,True
energy_only,7303,10,0.9835232575643239,-0.0,0.9835232575643239,0.11353656070262733,0.0029991100933517718,0.08542944667612695,0.3302060438124662,1.947498277831159,True
energy_only,7303,11,0.9838272481998973,-0.0,0.9838272481998973,0.35182866801707824,0.0029989013766430297,0.08508569801004813,0.3299710865066239,1.9430928215076242,True
energy_only,7303,12,0.986896824862134,-0.0,0.986896824862134,0.5769179579268081,0.00299867070161361,0.08488086731247062,0.3297176743085301,1.940111984292503,True
energy_only,7303,13,0.9898835916200139,-0.0,0.9898835916200139,0.7477361176445568,0.0029984180718208068,0.0847049711792615,0.32945869673406714,1.937422474147032,True
energy_only,7303,14,0.9902327103844799,-0.0,0.9902327103844799,0.8472020356875546,0.002998143491160484,0.08448983357890381,0.3292033827410203,1.9343256777173066,True
energy_only,7303,15,0.9867763715287073,-0.0,0.9867763715287073,0.8746312897683478,0.0029978469638670155,0.08422207192096709,0.32895490127542976,1.9306887187546793,True
energy_only,7303,16,0.9797702766231194,-0.0,0.9797702766231194,0.8413413451212254,0.002997528494513219,0.08392281505466535,0.3287107832319925,1.9267293355955657,True
energy_only,7303,17,0.9702661130589595,-0.0,0.9702661130589595,0.7643236856269087,0.0029971880880102857,0.08362107377634961,0.3284639351982858,1.9227348756128073,True
energy_only,7303,18,0.9594589066599828,-0.0,0.9594589066599828,0.6618776749004139,0.002996825749607705,0.08333458658072383,0.3282033497143581,1.9188601122380577,True
energy_only,7303,19,0.9482593897062186,-0.0,0.9482593897062186,0.5516919202053178,0.0029964414848931836,0.08306047394453996,0.3279145002112086,1.9150287478958228,True
energy_only,7303,20,0.9370961936534873,-0.0,0.9370961936534873,0.4507420961492321,0.002996035299792558,0.08277422810321364,0.32757986178954146,1.9109242666762438,True
energy_only,7303,21,0.9258900216475147,-0.0,0.9258900216475147,0.3757116339015138,0.002995607200569706,0.082434208243836,0.3271795905489515,1.9060400372472204,True
energy_only,7303,22,0.9141389598895608,-0.0,0.9141389598895608,0.3404356163801343,0.0029951571938264467,0.08198769101713083,0.32669188310978514,1.8997450106818246,True
energy_only,7303,23,0.9010473975246195,-0.0,0.9010473975246195,0.3474305827253005,0.0029946852865024402,0.08137554784829237,0.3260931585428453,1.8913342066301557,True
energy_only,7303,24,0.8856432072686785,-0.0,0.8856432072686785,0.3853440655062566,0.002994191485875082,0.08053418262930682,0.3253583531737401,1.8800503168092155,True
energy_only,7303,25,0.8668549579743272,-0.0,0.8668549579743272,0.44051992894101166,0.002993675799559388,0.07939496476381937,0.32446188223577166,1.8650806711203187,True
energy_only,7303,26,0.8435502836710151,-0.0,0.8435502836710151,0.5053124077324715,0.00299313823550788,0.07788254663003333,0.32338044240883446,1.8455480730587603,True
energy_only,7303,27,0.8145597948876763,-0.0,0.8145597948876763,0.5778296603802681,0.0029925788020104594,0.07591402929939832,0.32209976872379464,1.8205230918506863,True
energy_only,7303,28,0.7787233208282134,-0.0,0.7787233208282134,0.6595529770898151,0.002991997507694284,0.07340168178166272,0.32062918682227315,1.7890987301546408,True
energy_only,7303,29,0.7350039556750594,-0.0,0.7350039556750594,0.7534449427970652,0.00299139436152363,0.0702638649858054,0.31903098540194486,1.7505991399429752,True
energy_only,7303,30,0.6827277016141593,-0.0,0.6827277016141593,0.8627291493929298,0.002990769372799759,0.06645250500606383,0.3174774836936029,1.7050518254087157,True
energy_only,7303,31,0.6220051360504918,-0.0,0.6220051360504918,0.990619194067933,0.0029901225511607694,0.06200494492750652,0.31635534584997543,1.6540682162282891,True
energy_only,7303,32,0.5542728305473482,-0.0,0.5542728305473482,1.1411820312050691,0.0029894539065814505,0.05710920555241266,0.31640586556842276,1.6019801721094171,True
energy_only,7303,33,0.48271059689077955,-0.0,0.48271059689077955,1.320140216337562,0.00298876344937313,0.05212318482485726,0.31876485661347875,1.5561700067588375,True
energy_only,7303,34,0.4117366729714232,-0.0,0.4117366729714232,1.5214233208754984,0.002988051190183511,0.04733120300149165,0.32444068214772936,1.5228350306073262,True
energy_only,7303,35,0.34407171127827163,-0.0,0.34407171127827163,1.6710027398510314,0.002987317139996513,0.04270621547701987,0.3329689059652981,1.5002297577696067,True
energy_only,7303,36,0.27992802893279056,-0.0,0.27992802893279056,1.5981593005997075,0.002986561310132096,0.03863763300581275,0.3420130923689443,1.4851808485058364,True
energy_only,7303,37,0.22426646117360627,-0.0,0.22426646117360627,1.1474553809092862,0.0029857837122460934,0.03737993384232554,0.3494103652665487,1.4949630854046754,False
energy_only,7303,38,0.19590144189258848,-0.0,0.19590144189258848,0.49676070326890825,0.002984984358330025,0.041085965330691115,0.35451962318932057,1.5505402535110417,False
energy_only,7303,39,0.21427728200007737,-0.0,0.21427728200007737,1.0126941638063542,0.002984163260710918,0.04639492814981812,0.35721538527849267,1.6156528451771432,False
energy_only,7303,40,0.25908769160565587,-0.0,0.25908769160565587,1.8073606096796282,0.002983320432051112,0.04853526106331741,0.35645948898515617,1.636122983252748,False
energy_only,7303,41,0.28124178647459386,-0.0,0.28124178647459386,2.1535429382639384,0.0029824558853480698,0.04666782487288311,0.35123564018844167,1.599807543443884,False
energy_only,7303,42,0.2630832333194805,-0.0,0.2630832333194805,2.033560182598825,0.0029815696339341694,0.0420634625199606,0.3417494936310456,1.5209138601900853,False
energy_only,7303,43,0.21874946170124335,-0.0,0.21874946170124335,1.6165769486406132,0.002980661691476505,0.03647550997201826,0.32951426882212936,1.4228999981292498,True
energy_only,7303,44,0.1704855931750048,-0.0,0.1704855931750048,1.1039223374444849,0.0029797320719766713,0.03155947896463507,0.31663564969581703,1.3300385346201822,True
energy_only,7303,45,0.13407622435756975,-0.0,0.13407622435756975,0.6693132428416552,0.0029787807897705514,0.028464027056355982,0.30491392566681225,1.2602350042564117,True
energy_only,7303,46,0.11479547441804552,-0.0,0.11479547441804552,0.48362743487454746,0.002977807859528094,0.027405589707217536,0.29530053178778537,1.2187836868092645,True
energy_only,7303,47,0.10982898937489892,-0.0,0.10982898937489892,0.5716790146716675,0.002976813296253087,0.027698864994573413,0.2878760177938563,1.1986238270754164,True
energy_only,7303,48,0.11273671443986685,-0.0,0.11273671443986685,0.7208242674936624,0.0029757971152829265,0.02838661050094125,0.2821793409404884,1.188093667455282,True
energy_only,7303,49,0.11697987320176564,-0.0,0.11697987320176564,0.8337966101063469,0.00297475933228838,0.02874910145795381,0.27759512683157916,1.1775820827922678,True
energy_only,7303,50,0.117727138493856,-0.0,0.117727138493856,0.895043014037109,0.0029736999632733446,0.028389612200217188,0.27361831436984796,1.1612709778331483,True
energy_only,7303,51,0.11240876198854292,-0.0,0.11240876198854292,0.9024927568806539,0.0029726190245746016,0.027158534822255852,0.2699869340943217,1.1367420009089888,True
energy_only,7303,52,0.10075365537565671,-0.0,0.10075365537565671,0.8499464034864921,0.0029715165328615626,0.025118992751720717,0.2667484979715339,1.104817833037525,True
energy_only,7303,53,0.08480677040661988,-0.0,0.08480677040661988,0.723648261000503,0.002970392505136014,0.02261793636348044,0.2642968992159908,1.0704366579966695,True
energy_only,7303,54,0.06896574846852568,-0.0,0.06896574846852568,0.5100643608021413,0.002969246958731854,0.020424636160239977,0.2633159747939459,1.0439531021384107,True
energy_only,7303,55,0.059385479418515415,-0.0,0.059385479418515415,0.2723267223664306,0.0029680799113148246,0.01954587208762135,0.2644102955518707,1.0380078065839227,True
energy_only,7303,56,0.06117867939846251,-0.0,0.06117867939846251,0.45815922722765223,0.002966891380882241,0.02009447021601055,0.26723495269234815,1.0527229025499276,False
energy_only,7303,57,0.07248214155214111,-0.0,0.07248214155214111,0.8595416942132384,0.0029656813857627125,0.020702087596995218,0.26992912799167695,1.0676585391894082,False
energy_only,7303,58,0.08184598148822163,-0.0,0.08184598148822163,1.0746590910617486,0.0029644499446158613,0.020366740747869764,0.27054467305095303,1.0660106506667821,False
energy_only,7303,59,0.08001105418470082,-0.0,0.08001105418470082,0.9631742400803447,0.002963197076432033,0.019751874400402297,0.2689121322006748,1.0543278505987244,False
energy_only,7303,60,0.07123328078032563,-0.0,0.07123328078032563,0.6271085355804843,0.002961922800532004,0.01996872303485174,0.2662138519825477,1.048177901762683,False
energy_only,7303,61,0.06492743802893133,-0.0,0.06492743802893133,0.36335402132586414,0.0029606271365666867,0.021005171190166327,0.26360033869778754,1.0510404846741133,False
energy_only,7303,62,0.06429839085680195,-0.0,0.06429839085680195,0.441720372594814,0.002959310104516821,0.022060160073541696,0.26156525500605715,1.0559153825551173,False
energy_only,7303,63,0.06640333794766831,-0.0,0.06640333794766831,0.5686833339578256,0.0029579717246926707,0.022607920064328525,0.2601026353609677,1.0571729562880683,False
energy_only,7303,64,0.06774107952540301,-0.0,0.06774107952540301,0.5982291680815756,0.002956612017733708,0.022606981288011047,0.25904972340324556,1.0538601027009393,False
energy_only,7303,65,0.0671097239601151,-0.0,0.0671097239601151,0.5530146593475346,0.002955231004608297,0.02224233293030911,0.258283442150359,1.0475649206551794,False
energy_only,7303,66,0.06509634855405311,-0.0,0.06509634855405311,0.4836135083041735,0.0029538287066133676,0.021707793046927985,0.2577663475993337,1.0402383477287045,False
energy_only,7303,67,0.06275425638899576,-0.0,0.06275425638899576,0.4365945394940108,0.0029524051453740903,0.02111414482755522,0.2575202127680446,1.0331309425793844,True
energy_only,7303,68,0.06078704734666437,-0.0,0.06078704734666437,0.43281725657570264,0.0029509603428435403,0.020485280122572676,0.2575750347699834,1.026591771745827,True
energy_only,7303,69,0.05932238938466863,-0.0,0.05932238938466863,0.45295033606183555,0.0029494943213023597,0.019809339558691783,0.25791664221037236,1.0204498203157506,True
energy_only,7303,70,0.058083357744714646,-0.0,0.058083357744714646,0.4588382598737204,0.0029480071033584146,0.01911715744994429,0.2584543151267173,1.0147495713410952,True
energy_only,7303,71,0.05679372458637754,-0.0,0.05679372458637754,0.4225853952481201,0.002946498711946445,0.018535926637443943,0.259028295113856,1.010347266287332,True
energy_only,7303,72,0.055550287424129985,-0.0,0.055550287424129985,0.3435189503736906,0.002944969170327713,0.01823956892918702,0.2594571066530992,1.0085297068938497,True
energy_only,7303,73,0.05478347713957457,-0.0,0.05478347713957457,0.26729152272220025,0.0029434185020896417,0.018285984771219555,0.2595998054153677,1.0094726747792735,False
energy_only,7303,74,0.05473139356519898,-0.0,0.05473139356519898,0.2748259056429345,0.002941846731145454,0.018514469661214974,0.2594035999770808,1.011295559001649,False
energy_only,7303,75,0.0549944487534836,-0.0,0.0549944487534836,0.3420152357071376,0.0029402538817338026,0.018673556046990718,0.25891703215665224,1.0114670084031205,False
energy_only,7303,76,0.05482242445020213,-0.0,0.05482242445020213,0.3786882541501903,0.002938639978418395,0.01864560497989428,0.2582602815640434,1.0091085860176439,False
energy_only,7303,77,0.05388932769455436,-0.0,0.05388932769455436,0.34841547812283274,0.002937005046087618,0.01851888205059698,0.2575657598531025,1.0055776040990874,True
energy_only,7303,78,0.052621514995350165,-0.0,0.052621514995350165,0.2608980369851129,0.00293534910995415,0.018463638638423163,0.25692350222992655,1.0029733847256492,True
energy_only,7303,79,0.051735060608148864,-0.0,0.051735060608148864,0.15696312513962177,0.0029336721955545743,0.018558331746409293,0.2563601815281978,1.0022168768871274,True
energy_only,7303,80,0.05157122660137715,-0.0,0.05157122660137715,0.12311413675820657,0.0029319743287489863,0.018728111309423343,0.25585428247844216,1.0024418027815143,False
energy_only,7303,81,0.05187244002167621,-0.0,0.05187244002167621,0.18234598862681245,0.0029302555357205917,0.01882250005168831,0.2553689276968692,1.0019266148099413,True
energy_only,7303,82,0.05206633959339378,-0.0,0.05206633959339378,0.23637566912265573,0.002928515842975305,0.018730448762356185,0.2548798885453432,0.9994102124492575,True
energy_only,7303,83,0.05171349848365609,-0.0,0.05171349848365609,0.2510719840360952,0.002926755277341342,0.018443909960325515,0.2543854906880187,0.9948014621645449,True
energy_only,7303,84,0.05077904022573456,-0.0,0.05077904022573456,0.22238775466569277,0.002924973865968801,0.018053353723062285,0.25389765539171977,0.9891032409121594,True
energy_only,7303,85,0.049602216587316894,-0.0,0.049602216587316894,0.15846868809798126,0.0029231716363292497,0.017691388351624864,0.2534225007290899,0.9837499139751887,True
energy_only,7303,86,0.04863457498538623,-0.0,0.04863457498538623,0.08321479185896986,0.002921348616215299,0.017452486385267942,0.25294350814379185,0.9796978602352201,True
energy_only,7303,87,0.048128070505068565,-0.0,0.048128070505068565,0.0797564663037913,0.0029195048337401735,0.017338444031462827,0.2524196008468654,0.9768373964727762,True
energy_only,7303,88,0.047978607694636174,-0.0,0.047978607694636174,0.14405835123387906,0.0029176403173372806,0.017275952916097084,0.2518021902262887,0.974233772329652,True
energy_only,7303,89,0.04783838828444062,-0.0,0.04783838828444062,0.18914200422401117,0.002915755095759769,0.017190945981622224,0.25106130610590915,0.9710025442904486,True
energy_only,7303,90,0.04740734844568217,-0.0,0.04740734844568217,0.19513709319036796,0.002913849198080088,0.01706926211851143,0.25020258945873686,0.9670102822772213,True
energy_only,7303,91,0.04665563944910586,-0.0,0.04665563944910586,0.16247534781849746,0.0029119226536895373,0.016954787179089614,0.2492639500146777,0.9628442462485373,True
energy_only,7303,92,0.04580079054711467,-0.0,0.04580079054711467,0.10358662453290388,0.002909975492297815,0.016898768038740304,0.2482966257754299,0.9592120606719511,True
energy_only,7303,93,0.04509967307375328,-0.0,0.04509967307375328,0.04760049289607593,0.0029080077439325586,0.016910988620172644,0.24734473876542906,0.9563565424632011,True
energy_only,7303,94,0.04465659778025237,-0.0,0.04465659778025237,0.06964918338798658,0.002906019438938881,0.016951441481587864,0.24643430089788698,0.9539323345234669,True
energy_only,7303,95,0.04438357544184195,-0.0,0.04438357544184195,0.11908118972916718,0.0029040106079789066,0.016959842988612413,0.24557340438005854,0.9513214840252063,True
energy_only,7303,96,0.04409834822315147,-0.0,0.04409834822315147,0.1506455293260866,0.0029019812820312925,0.016892719147493834,0.2447584515261488,0.9480487583004578,True
energy_only,7303,97,0.043658059084040426,-0.0,0.043658059084040426,0.15817853321284284,0.0028999314923907555,0.01674307869583305,0.24398003996990025,0.9440100538720947,True
energy_only,7303,98,0.04303636869476729,-0.0,0.04303636869476729,0.1434774648508427,0.002897861270667588,0.0165367547598596,0.24322498836478756,0.939439709561543,True
energy_only,7303,99,0.042312312042244574,-0.0,0.042312312042244574,0.11333872071998073,0.002895770648787169,0.0163127626409092,0.24247494579871767,0.9346965259807929,True
energy_only,7303,100,0.04159722156792642,-0.0,0.04159722156792642,0.07997776096074842,0.0028936596589894756,0.016100711981835818,0.2417048192972555,0.9300177792259875,True
energy_only,7303,101,0.04095547884857921,-0.0,0.04095547884857921,0.06277916760121491,0.002891528333828581,0.01590860031281177,0.24088463262262552,0.9253947864142398,True
energy_only,7303,102,0.04036998532330099,-0.0,0.04036998532330099,0.07033308165528691,0.0028893767061721554,0.015727348521606864,0.2399860533890041,0.9206417821017172,True
energy_only,7303,103,0.039769306452342425,-0.0,0.039769306452342425,0.08206147943075948,0.00288720480920096,0.015546037069632047,0.2389909528695582,0.9155853675478628,True
energy_only,7303,104,0.03908935821203502,-0.0,0.03908935821203502,0.08356198527549466,0.002885012676408332,0.015364012127915824,0.2378969472202916,0.910211087418799,True
energy_only,7303,105,0.03831953633924258,-0.0,0.03831953633924258,0.07423475722952773,0.0028828003415996705,0.015190421550453794,0.23671625233888005,0.9046548856269692,True
energy_only,7303,106,0.03750106824966249,-0.0,0.03750106824966249,0.06300556410648157,0.0028805678388919165,0.015033599240304583,0.2354684535275061,0.8990671365098896,True
energy_only,7303,107,0.03668738045565373,-0.0,0.03668738045565373,0.06379088390647242,0.002878315202713022,0.014890844174136183,0.23417146997325156,0.8934752251376377,True
energy_only,7303,108,0.0359035880125653,-0.0,0.0359035880125653,0.07806672134876008,0.002876042467801424,0.014747281432324373,0.23283538481749522,0.8877520382201359,True
energy_only,7303,109,0.03513485803412647,-0.0,0.03513485803412647,0.09396220277322936,0.002873749669205507,0.014583936228009424,0.23146118556487894,0.8816981776459247,True
energy_only,7303,110,0.03434550009650093,-0.0,0.03434550009650093,0.10306562115712903,0.0028714368422830612,0.014388238932675454,0.23004325905156955,0.8751618947307064,True
energy_only,7303,111,0.033508523776613154,-0.0,0.033508523776613154,0.10281555867336528,0.002869104022700739,0.01415977753684595,0.22857294259618927,0.8681116189778573,True
energy_only,7303,112,0.03262287469670876,-0.0,0.03262287469670876,0.09471812077951694,0.0028667512464335032,0.013908554245261677,0.22704103943680656,0.8606252433200237,True
energy_only,7303,113,0.03170901705044631,-0.0,0.03170901705044631,0.0830323055181055,0.0028643785497640757,0.01364813977681086,0.22543894233217374,0.8528205925225795,True
energy_only,7303,114,0.030790577891496484,-0.0,0.030790577891496484,0.07297648664369234,0.0028619859692823736,0.013388972996385215,0.2237594285268743,0.8447864116605597,True
energy_only,7303,115,0.029878624283874593,-0.0,0.029878624283874593,0.06753135336796766,0.0028595735418849477,0.013136155265173638,0.22199833189262755,0.8365640730609638,True
energy_only,7303,116,0.02897058404919114,-0.0,0.02897058404919114,0.0653644529456149,0.0028571413047744137,0.012891917328064464,0.22015722645235938,0.8281823203487967,True
energy_only,7303,117,0.028062038658076577,-0.0,0.028062038658076577,0.06400313097160942,0.002854689295458875,0.01265877262488742,0.21824599643083864,0.8196989819442602,True
energy_only,7303,118,0.027158298865646274,-0.0,0.027158298865646274,0.06412993009253876,0.00285221755175135,0.012439144722248342,0.21628376108055342,0.8111998961244822,True
energy_only,7303,119,0.026273959369764406,-0.0,0.026273959369764406,0.06886712028655569,0.0028497261117691832,0.012231338524753587,0.21429716980270333,0.8027505684959265,True
energy_only,7303,120,0.025421027208249514,-0.0,0.025421027208249514,0.07858253709788543,0.002847215013933462,0.012026174929238711,0.2123159812702995,0.7943463899210644,True
energy_only,7303,121,0.024597671194346332,-0.0,0.024597671194346332,0.0890334172582714,0.0028446842969684217,0.011809017865567257,0.2103666897690181,0.7859142754984134,True
energy_only,7303,122,0.023789588514584212,-0.0,0.023789588514584212,0.09499141725243498,0.002842133999900848,0.011567509931695405,0.20846583712713826,0.7773742384498801,True
energy_only,7303,123,0.02298442348631255,-0.0,0.02298442348631255,0.09330142198432,0.0028395641620594762,0.01129975527832727,0.20661533838389634,0.7687120537925611,True
energy_only,7303,124,0.02218638361471703,-0.0,0.02218638361471703,0.08398340364385273,0.002836974823074385,0.01101620709995914,0.20480179709236276,0.7599972535320686,True
energy_only,7303,125,0.02141606941062193,-0.0,0.02141606941062193,0.07030795444930349,0.0028343660228763857,0.010733349124834137,0.20300036367134375,0.7513277996743914,True
energy_only,7303,126,0.020694256502112856,-0.0,0.020694256502112856,0.057721522263281776,0.0028317378016964032,0.010464667010650169,0.20118234451565653,0.7427576011579621,True
energy_only,7303,127,0.020025617530922756,-0.0,0.020025617530922756,0.0503940014314477,0.0028290902000648608,0.010216887421223455,0.19932457223573466,0.7342857710141064,True
energy_only,7303,128,0.019399445790772265,-0.0,0.019399445790772265,0.0472291811671308,0.002826423258811049,0.009993155798673112,0.19741718017098395,0.7259149265670027,True
energy_only,7303,129,0.018805560541818155,-0.0,0.018805560541818155,0.04506822031270481,0.002823737019062503,0.009796403867688623,0.1954665419506558,0.7176963478643398,True
energy_only,7303,130,0.018245966525528057,-0.0,0.018245966525528057,0.04463202771995481,0.0028210315222443622,0.009626811108909587,0.19349245598229056,0.709694055083464,True
energy_only,7303,131,0.01772892510025691,-0.0,0.01772892510025691,0.04840275732247046,0.0028183068100787337,0.009476827320818759,0.19152091171004437,0.7019089989195614,True
energy_only,7303,132,0.017254593361959874,-0.0,0.017254593361959874,0.05421742589703152,0.00281556292458405,0.009332822395158537,0.18957485738794794,0.6942677065320585,True
energy_only,7303,133,0.01681191148281778,-0.0,0.01681191148281778,0.05674236618462358,0.00281279990807442,0.009185059988808184,0.18766626884728624,0.6867038397648215,True
energy_only,7303,134,0.016391177728794008,-0.0,0.016391177728794008,0.052928785643705775,0.002810017803158976,0.009035701837108032,0.18579299068678426,0.6792337071109055,True
energy_only,7303,135,0.015994448267700183,-0.0,0.015994448267700183,0.04418685801892156,0.0028072166527412182,0.008895173655550726,0.1839420063786354,0.6719277390768371,True
energy_only,7303,136,0.015628321174544765,-0.0,0.015628321174544765,0.03568162483132943,0.0028043965000183507,0.008771440838861081,0.18209806723984523,0.6648231080811514,True
energy_only,7303,137,0.015289964172709045,-0.0,0.015289964172709045,0.03186761696155582,0.002801557388480617,0.008664797256589684,0.18025387158418693,0.6579000458992359,True
energy_only,7303,138,0.014967702936193969,-0.0,0.014967702936193969,0.0310349833266259,0.0027986993619106295,0.008570782352180634,0.17841586245188312,0.6511311611137396,True
energy_only,7303,139,0.014654289325429221,-0.0,0.014654289325429221,0.0303688152024457,0.0027958224643826936,0.008482286538390752,0.17660171440014827,0.6444960239639486,True
energy_only,7303,140,0.014351181573206074,-0.0,0.014351181573206074,0.03109137031555085,0.002792926740262127,0.008388116675380163,0.174831630511365,0.6379385573182075,True
energy_only,7303,141,0.014058766306051847,-0.0,0.014058766306051847,0.033490753645975105,0.002790012234204579,0.008276523603063097,0.17311933352115286,0.6313764223626619,True
energy_only,7303,142,0.013771561349486624,-0.0,0.013771561349486624,0.03433092327691345,0.002787078991155338,0.008145261511047759,0.1714667597898572,0.624791726269019,True
energy_only,7303,143,0.013486590366844088,-0.0,0.013486590366844088,0.03188057951338144,0.00278412705634864,0.008005538116054966,0.1698628871185421,0.618269500857141,True
energy_only,7303,144,0.013207590178793676,-0.0,0.013207590178793676,0.0284300332913825,0.002781156475306972,0.007873379856140719,0.16828719967710495,0.6119164223691657,True
energy_only,7303,145,0.012936325788544206,-0.0,0.012936325788544206,0.027008617477787995,0.002778167293840369,0.0077593677194240495,0.16671914889575987,0.6057809514104116,True
energy_only,7303,146,0.01266780890752554,-0.0,0.01266780890752554,0.026975301157797588,0.0027751595580457057,0.00766642686943145,0.16514984412055528,0.5998664161225928,True
energy_only,7303,147,0.012398283413392249,-0.0,0.012398283413392249,0.02691918855663886,0.002772133314305989,0.00759087854193308,0.1635869808716895,0.5941576970978074,True
energy_only,7303,148,0.012130524188751633,-0.0,0.012130524188751633,0.027735440817769127,0.0027690886092896425,0.007522226271380957,0.1620489308195409,0.5886004071176151,True
energy_only,7303,149,0.011867558388694766,-0.0,0.011867558388694766,0.02922403008385971,0.002766025489949782,0.007447401845224612,0.16055358233768816,0.5831111976734518,True
energy_only,7303,150,0.011608091580598145,-0.0,0.011608091580598145,0.02897328919351577,0.0027629440035234986,0.0073603692134040855,0.15911014234883228,0.577654533849426,True
energy_only,7303,151,0.011351557263945593,-0.0,0.011351557263945593,0.026299304036985018,0.002759844197531124,0.007265996453250151,0.15771722562095303,0.5722780216821765,True
energy_only,7303,152,0.011100895505236151,-0.0,0.011100895505236151,0.02364934534782586,0.0027567261197755013,0.007173335181895664,0.15636648294008063,0.5670520682287792,True
energy_only,7303,153,0.010857314708373863,-0.0,0.010857314708373863,0.022869870057498937,0.002753589818341247,0.007087873783463844,0.15504996662112813,0.5620103138546044,True
energy_only,7303,154,0.010618623598327749,-0.0,0.010618623598327749,0.02253173170030265,0.0027504353415940094,0.0070096597928920815,0.15376690420251826,0.5571508427424574,True
energy_only,7303,155,0.010384471063397845,-0.0,0.010384471063397845,0.022004868192891935,0.0027472627381797217,0.0069337643045851135,0.152524325986328,0.552443107488793,True
energy_only,7303,156,0.010157362698401222,-0.0,0.010157362698401222,0.022622457121001457,0.0027440720570238533,0.0068520087414804835,0.15133084919378587,0.5478268586757988,True
energy_only,7303,157,0.009938103226392117,-0.0,0.009938103226392117,0.02382104179544253,0.0027408633473306548,0.006759080990128068,0.15018845014148555,0.543251605735412,True
energy_only,7303,158,0.009725508009205412,-0.0,0.009725508009205412,0.023624938942423356,0.002737636658582399,0.00665850602255145,0.14908753942298544,0.538724885978761,True
energy_only,7303,159,0.009519874047258278,-0.0,0.009519874047258278,0.022054127638472802,0.002734392040538618,0.0065605846065906375,0.14800857480233234,0.5342953262730648,True
energy_only,7303,160,0.009322208641578195,-0.0,0.009322208641578195,0.020721360664050652,0.0027311295432353353,0.006474764815083686,0.14693079609011184,0.529998633119282,True
energy_only,7303,161,0.009131621991194347,-0.0,0.009131621991194347,0.020168465582066773,0.002727849216984296,0.006404547452381689,0.14584346914228632,0.5258384950360606,True
energy_only,7303,162,0.008946920531718404,-0.0,0.008946920531718404,0.019952721004965965,0.0027245511123721888,0.0063465934677410215,0.1447510865067361,0.5217933707125825,True
energy_only,7303,163,0.008768601449849943,-0.0,0.008768601449849943,0.020243961006140593,0.0027212352802598663,0.006292412976994196,0.14366833201942744,0.5178187186212884,True
energy_only,7303,164,0.008597031385696702,-0.0,0.008597031385696702,0.020814412875316605,0.0027179017717815623,0.00623348870662757,0.1426093207413037,0.513867920773681,True
energy_only,7303,165,0.008431215874399663,-0.0,0.008431215874399663,0.020625088261750614,0.0027145506383441003,0.006167455615070537,0.14157887427749516,0.5099308625288391,True
energy_only,7303,166,0.008270614389985931,-0.0,0.008270614389985931,0.019560595125038834,0.002711181931626104,0.006098914699320271,0.1405705521348749,0.5060364420510491,True
energy_only,7303,167,0.008115567287605954,-0.0,0.008115567287605954,0.018635220864482067,0.002707795703577198,0.006034273588940436,0.1395719962488325,0.5022142750067541,True
energy_only,7303,168,0.007965649078405537,-0.0,0.007965649078405537,0.0182945861985808,0.0027043920064172087,0.005976627443040735,0.1385740505455926,0.4984686711180377,True
energy_only,7303,169,0.00781993882910407,-0.0,0.00781993882910407,0.018250192105124102,0.0027009708926353554,0.005924072415300835,0.13757678331704207,0.4947795270751913,True
energy_only,7303,170,0.007678369838590317,-0.0,0.007678369838590317,0.018600460521058067,0.0026975324149894455,0.005870971115342325,0.13658750584362178,0.49110961603194425,True
energy_only,7303,171,0.007541054023436047,-0.0,0.007541054023436047,0.01919316870668576,0.002694076626505058,0.005812010489560328,0.13561280252671348,0.48742289229392155,True
energy_only,7303,172,0.00740743247366073,-0.0,0.00740743247366073,0.019217822179040743,0.0026906035804747266,0.005746902305030108,0.13465127883217004,0.4837119054318706,True
energy_only,7303,173,0.007277165590241253,-0.0,0.007277165590241253,0.01847988109465536,0.0026871133304571166,0.005680938056409146,0.13369260656255552,0.48000072731068316,True
energy_only,7303,174,0.007150437350649719,-0.0,0.007150437350649719,0.017713926734751875,0.0026836059302762015,0.005620674145669448,0.13272384736436285,0.4763187409874579,True
energy_only,7303,175,0.007027031736480202,-0.0,0.007027031736480202,0.017374910880106405,0.002680081434020431,0.005569278363647882,0.1317386641356976,0.4726798740120311,True
energy_only,7303,176,0.0069064610768245485,-0.0,0.0069064610768245485,0.017290102681649152,0.002676539896041897,0.005524838637012381,0.13074208698290438,0.4690794997839399,True
energy_only,7303,177,0.006788707569244502,-0.0,0.006788707569244502,0.017383114949849635,0.0026729813709554964,0.005481875672070534,0.1297467492510205,0.4654987731985006,True
energy_only,7303,178,0.006673824406132768,-0.0,0.006673824406132768,0.017505489500794356,0.002669405913638088,0.005435400943572636,0.12876374173373667,0.4619192477860449,True
energy_only,7303,179,0.0065615426023198885,-0.0,0.0065615426023198885,0.01726226719309108,0.0026658135792276476,0.005384802804909166,0.12779527306029762,0.4583413243115144,True
energy_only,7303,180,0.006451789663947294,-0.0,0.006451789663947294,0.01666751997981119,0.0026622044231224143,0.00533378601184613,0.1268343782778962,0.45478269124621085,True
energy_only,7303,181,0.006344696953238758,-0.0,0.006344696953238758,0.01615495670249546,0.002658578500980041,0.005286605067461609,0.12587167623121678,0.4512593245896569,True
energy_only,7303,182,0.0062400981264341855,-0.0,0.0062400981264341855,0.015882930645436256,0.002654935868716732,0.005244490073515172,0.12490385783045282,0.44777397163919647,True
energy_only,7303,183,0.006137776502991668,-0.0,0.006137776502991668,0.01576901827640264,0.002651276582506383,0.005204811025769871,0.12393684123755035,0.4443171298591875,True
energy_only,7303,184,0.006037782946223271,-0.0,0.006037782946223271,0.01579167930501635,0.002647600698779715,0.0051631583540580495,0.12298099274078561,0.44087425862193264,True
energy_only,7303,185,0.005940094233973369,-0.0,0.005940094233973369,0.015747788367401448,0.0026439082742234017,0.005117058132407956,0.12204278910641177,0.4374392732954037,True
energy_only,7303,186,0.005844559425743385,-0.0,0.005844559425743385,0.015417543700693127,0.0026401993657791975,0.005068214808054028,0.12111999447542832,0.4340233498855112,True
energy_only,7303,187,0.005751189336415254,-0.0,0.005751189336415254,0.014983182159532118,0.0026364740306430586,0.005020973631979978,0.12020413813014626,0.4306462887517517,True
energy_only,7303,188,0.005659979300843103,-0.0,0.005659979300843103,0.014706388436180846,0.0026327323262642613,0.004978667837513078,0.11928810474254883,0.42732134183402665,True
energy_only,7303,189,0.005570755688345537,-0.0,0.005570755688345537,0.014554075705819222,0.0026289743103445158,0.004941211008765034,0.11837232028514195,0.42404892313152415,True
energy_only,7303,190,0.005483439819555379,-0.0,0.005483439819555379,0.014467603944469828,0.002625200040837077,0.004905502921593495,0.11746412628760017,0.4208189769020971,True
energy_only,7303,191,0.0053980406523590745,-0.0,0.0053980406523590745,0.01441843064425275,0.002621409575945849,0.004868200892795548,0.11657112885279243,0.4176196898492804,True
energy_only,7303,192,0.005314460972819934,-0.0,0.005314460972819934,0.014252541416767244,0.00261760297412449,0.004828646506532409,0.11569465795612993,0.4144482074124101,True
energy_only,7303,193,0.005232626594986159,-0.0,0.005232626594986159,0.01394053954313803,0.0026137802940755087,0.004789161311795592,0.11482907604842253,0.41131162058631326,True
energy_only,7303,194,0.005152532293513111,-0.0,0.005152532293513111,0.013653534396679918,0.0026099415947493606,0.0047525256176693875,0.11396746158030689,0.4082178884513132,True
energy_only,7303,195,0.0050740843548902105,-0.0,0.0050740843548902105,0.013463662315105752,0.0026060869353435375,0.004719301260582454,0.11310856263928454,0.40516907976091265,True
energy_only,7303,196,0.004997181459734349,-0.0,0.004997181459734349,0.013341121828972182,0.0026022163753016566,0.004687293074029101,0.11225861542039031,0.402161330120085,True
energy_only,7303,197,0.00492180618387641,-0.0,0.00492180618387641,0.013274097601173459,0.0025983299743125416,0.0046534269057427625,0.111426335569732,0.3991891724293074,True
energy_only,7303,198,0.004847903224834899,-0.0,0.004847903224834899,0.013181378499405958,0.0025944277923093035,0.004616477718692976,0.11061572971879356,0.3962521015302585,True
energy_only,7303,199,0.004775393434567351,-0.0,0.004775393434567351,0.013009089642908348,0.002590509889468415,0.004578112838676994,0.10982312374975116,0.39335638566158193,True
energy_only,7303,200,0.004704252822450551,-0.0,0.004704252822450551,0.01284340166293543,0.002586576326208786,0.004541241082174656,0.10904078482911435,0.39050881043020846,True
energy_only,7303,201,0.004634431193583772,-0.0,0.004634431193583772,0.01273432093674243,0.0025826271631908273,0.004507436937800245,0.10826361780635327,0.38771019575421306,True
energy_only,7303,202,0.004565853846760027,-0.0,0.004565853846760027,0.012650923279980797,0.0025786624613155186,0.004475812936612044,0.10749273292908029,0.38495455340140233,True
energy_only,7303,203,0.0044984970567875605,-0.0,0.0044984970567875605,0.012591736207879093,0.0025746822817234666,0.0044441307689541566,0.10673282377977067,0.38223271960392685,True
energy_only,7303,204,0.004432330990262082,-0.0,0.004432330990262082,0.012523792151937045,0.0025706866857939646,0.004411060280958782,0.10598634502012,0.3795381991054524,True
energy_only,7303,205,0.004367301476058806,-0.0,0.004367301476058806,0.012394724032637663,0.0025666757351440446,0.004377408020557086,0.10525037056139432,0.37687042052714465,True
energy_only,7303,206,0.004303385433927089,-0.0,0.004303385433927089,0.012243240682343124,0.0025626494916275284,0.004345112745596325,0.10451915578348933,0.37423205391409564,True
energy_only,7303,207,0.0042405550285708115,-0.0,0.0042405550285708115,0.01212137948439109,0.00255860801733407,0.004315177390114494,0.10378981564327994,0.37162475244161775,True
energy_only,7303,208,0.004178763812811999,-0.0,0.004178763812811999,0.012025166693752079,0.0025545513745882037,0.004286623651638004,0.10306544547983472,0.3690477854668395,True
energy_only,7303,209,0.0041179916630228,-0.0,0.0041179916630228,0.01195229579883573,0.0025504796259483787,0.004257363341199309,0.10235251544237302,0.3664991641222656,True
energy_only,7303,210,0.004058217715003653,-0.0,0.004058217715003653,0.011886288643064404,0.0025463928342059957,0.0042261286515817365,0.10165504062569262,0.36397795336146493,True
energy_only,7303,211,0.003999404615421328,-0.0,0.003999404615421328,0.011799546609380582,0.0025422910623844395,0.004193593606826309,0.10097107154153485,0.36148523098951446,True
energy_only,7303,212,0.003941532086932026,-0.0,0.003941532086932026,0.011710637969110416,0.002538174373738105,0.004161596805481735,0.10029462449350429,0.35902184821977456,True
energy_only,7303,213,0.003884579178488843,-0.0,0.003884579178488843,0.011638757741041061,0.002534042831751424,0.0041313640503743134,0.09962091574662374,0.35658588071983266,True
energy_only,7303,214,0.003828514469925016,-0.0,0.003828514469925016,0.011573735805535593,0.0025298965001378853,0.004102516765172604,0.09894973716679194,0.3541726354988859,True
energy_only,7303,215,0.0037733212930708944,-0.0,0.0037733212930708944,0.011516264968316378,0.0025257354428390518,0.004073700360485527,0.09828393157420905,0.35177657412680047,True
energy_only,7303,216,0.0037189818306243784,-0.0,0.0037189818306243784,0.011457976182999374,0.0025215597240235733,0.004044105005198127,0.09762500325285679,0.3493937729454442,True
energy_only,7303,217,0.0036654689113440053,-0.0,0.0036654689113440053,0.011380817362850702,0.002517369408086201,0.004014302409593573,0.09697064462243686,0.347023094600648,True
energy_only,7303,218,0.00361276513285405,-0.0,0.00361276513285405,0.011297594617289002,0.00251316455964679,0.003985560349936744,0.09631671875254438,0.344665091627552,True
energy_only,7303,219,0.0035608517823361454,-0.0,0.0035608517823361454,0.011223172591418303,0.002508945243549304,0.003958449070189462,0.0956615225907588,0.34232050734165775,True
energy_only,7303,220,0.003509705334209581,-0.0,0.003509705334209581,0.011153670635963144,0.002504711524860817,0.003932211118590388,0.09500778890934357,0.33998983066168276,True
energy_only,7303,221,0.0034593108524320288,-0.0,0.0034593108524320288,0.0110898624761808,0.002500463468870509,0.003905481813109198,0.09436026996300707,0.3376734050751182,True
energy_only,7303,222,0.003409651139105705,-0.0,0.003409651139105705,0.011028216180305363,0.002496201141088658,0.0038775986931610497,0.0937213386669859,0.335371604410403,True
energy_only,7303,223,0.0033607051107753436,-0.0,0.0033607051107753436,0.010963069354720517,0.002491924607245632,0.0038491609607391383,0.09308898543672064,0.3330845194705978,True
energy_only,7303,224,0.003312457902793138,-0.0,0.003312457902793138,0.010901337124447887,0.0024876339332908725,0.0038213110943126046,0.09245901253345133,0.3308111748864172,True
energy_only,7303,225,0.003264892918578747,-0.0,0.003264892918578747,0.010843494559170554,0.00248332918539188,0.0037945730533137005,0.09182896339437226,0.3285494563775983,True
energy_only,7303,226,0.003217992724144616,-0.0,0.003217992724144616,0.010784732389240258,0.002479010429933192,0.0037684494745398494,0.09119975044523596,0.32629691831653806,True
energy_only,7303,227,0.0031717451153231435,-0.0,0.0031717451153231435,0.010727992431665502,0.0024746777335153606,0.003742103227478641,0.09057359603032722,0.3240515981635563,True
energy_only,7303,228,0.0031261354905431256,-0.0,0.0031261354905431256,0.010671527966096332,0.0024703311629539243,0.0037153344551842833,0.08995084702589859,0.3218124511800191,True
energy_only,7303,229,0.00308114859413672,-0.0,0.00308114859413672,0.010613242170797189,0.002465970785278377,0.003688791939004118,0.08932923136796683,0.3195792739109816,True
energy_only,7303,230,0.0030367724974488092,-0.0,0.0030367724974488092,0.01055690012496435,0.0024615966677311385,0.0036632315353262016,0.08870629355556883,0.31735243017281806,True
energy_only,7303,231,0.002992993490207967,-0.0,0.002992993490207967,0.010499807615165387,0.0024572088777665107,0.0036386774113760993,0.08808225434518509,0.3151328703558398,True
energy_only,7303,232,0.002949798950764361,-0.0,0.002949798950764361,0.01043921902058135,0.002452807483049644,0.0036143809065497068,0.08746012465853702,0.31292204971184,True
energy_only,7303,233,0.0029071787500771816,-0.0,0.0029071787500771816,0.010378738496245975,0.002448392551455489,0.003589582159510599,0.08684293215241615,0.310721356455793,True
energy_only,7303,234,0.0028651209282156667,-0.0,0.0028651209282156667,0.0103200721221223,0.002443964151067753,0.0035642427784555127,0.08623100993654229,0.30853142579458614,True
energy_only,7303,235,0.0028236145076751254,-0.0,0.0028236145076751254,0.01026447359955884,0.002439522350177847,0.003538982645438874,0.08562211437997065,0.30635183505522084,True
energy_only,7303,236,0.0027826497653281935,-0.0,0.0027826497653281935,0.010211051981222631,0.002435067217283837,0.0035143519859341865,0.08501403424467067,0.3041815198132055,True
energy_only,7303,237,0.0027422159286373637,-0.0,0.0027422159286373637,0.010155019031249405,0.0024305988210893826,0.0034902688342650385,0.08440676866960037,0.3020196026434919,True
energy_only,7303,238,0.0027023038959976386,-0.0,0.0027023038959976386,0.010097228086087477,0.002426117230502681,0.0034661988081079215,0.08380203014230717,0.2998657525366766,True
energy_only,7303,239,0.0026629051772079793,-0.0,0.0026629051772079793,0.010042226604610299,0.002421622514635403,0.003441818770667321,0.08320089108831069,0.2977198850769515,True
energy_only,7303,240,0.0026240103743902913,-0.0,0.0026240103743902913,0.009991449205159179,0.0024171147428016272,0.0034173988487072714,0.08260236999597585,0.29558180414980606,True
energy_only,7303,241,0.0025856111826157704,-0.0,0.0025856111826157704,0.009944022325770747,0.0024125939845167726,0.0033934896407921303,0.08200453253633529,0.2934513179366762,True
energy_only,7303,242,0.002547699221583511,-0.0,0.002547699221583511,0.009895181501809054,0.002408060309496523,0.003370301488286963,0.08140677991130527,0.291328792821207,True
energy_only,7303,243,0.0025102659805961397,-0.0,0.0025102659805961397,0.0098407891979082,0.0024035137876557565,0.003347478283123003,0.0808106980805942,0.28921540340738233,True
energy_only,7303,244,0.002473304191193994,-0.0,0.002473304191193994,0.009783817339049,0.002398954489107464,0.003324490221063265,0.08021853204073616,0.2871125379473636,True
energy_only,7303,245,0.002436806359609094,-0.0,0.002436806359609094,0.00972921418650891,0.00239438248416167,0.0033011829661728845,0.07963102334950016,0.2850208755549899,True
energy_only,7303,246,0.0024007650350621967,-0.0,0.0024007650350621967,0.009678819028081667,0.0023897978433243456,0.003277875468285651,0.07904697026686235,0.28294005032229375,True
energy_only,7303,247,0.00236517338934203,-0.0,0.00236517338934203,0.009630272839739894,0.0023852006372963243,0.0032549384490536187,0.07846484634923107,0.2808692302926214,True
energy_only,7303,248,0.0023300242806405477,-0.0,0.0023300242806405477,0.009578883408597959,0.00238059093697221,0.003232367792030993,0.07788453230505253,0.27880799733530226,True
energy_only,7303,249,0.002295311077754599,-0.0,0.002295311077754599,0.009524671918705156,0.0023759688134392847,0.0032098273488443884,0.0773072359092648,0.27675655274901423,True
energy_only,7303,250,0.0022610276509389803,-0.0,0.0022610276509389803,0.00947258016447611,0.00237133433797641,0.0031870740402071434,0.07673385579790333,0.27471512132547926,True
energy_only,7303,251,0.002227167638346941,-0.0,0.002227167638346941,0.009425810741017551,0.0023666875820529316,0.003164252878843756,0.0761637998066529,0.2726833930811319,True
energy_only,7303,252,0.0021937250559752974,-0.0,0.0021937250559752974,0.009382875683331909,0.0023620286173275736,0.003141727932053977,0.07559562349492217,0.27066072227692983,True
energy_only,7303,253,0.0021606939879492484,-0.0,0.0021606939879492484,0.009338438395747526,0.002357357515647336,0.0031196682283157317,0.07502867931391347,0.2686468814881909,True
energy_only,7303,254,0.0021280685138619997,-0.0,0.0021280685138619997,0.009288856085231542,0.0023526743490463846,0.003097873378162447,0.07446383132894316,0.2666424426418741,True
energy_only,7303,255,0.00209584324673121,-0.0,0.00209584324673121,0.009236730955667256,0.0023479791897449425,0.0030760188982857047,0.07390245170948481,0.2646482472065792,True
energy_only,7303,256,0.002064012847075474,-0.0,0.002064012847075474,0.00918688700103831,0.002343272110148173,0.0030540149897877343,0.07334492442573268,0.26266454132329886,True
energy_only,7303,257,0.0020325720701804373,-0.0,0.0020325720701804373,0.009140857821184772,0.0023385531828450682,0.003032064890232766,0.07279037343364719,0.2606907458839474,True
energy_only,7303,258,0.0020015159231504156,-0.0,0.0020015159231504156,0.00909571797382412,0.0023338224806073236,0.003010384104660832,0.07223782156444962,0.2587260954829728,True
energy_only,7303,259,0.00197083935644985,-0.0,0.00197083935644985,0.009047596262869965,0.00232908007638822,0.002988935668827865,0.07168733021013533,0.2567703882220648,True
energy_only,7303,260,0.0019405375854879877,-0.0,0.0019405375854879877,0.008997075696339748,0.002324326043321497,0.002967488372263942,0.07113979589802322,0.25482396894024173,True
energy_only,7303,261,0.0019106060428156768,-0.0,0.0019106060428156768,0.008948490671421026,0.0023195604547202255,0.0029459062296902623,0.07059574136619565,0.2528870261802474,True
energy_only,7303,262,0.0018810401554845285,-0.0,0.0018810401554845285,0.008904400359484274,0.0023147833840756775,0.0029243128106426785,0.07005460178957224,0.25095910687966244,True
energy_only,7303,263,0.0018518355358553618,-0.0,0.0018518355358553618,0.008862779501598302,0.002309994905056191,0.002902942926170732,0.06951533348750663,0.24903944302518813,True
energy_only,7303,264,0.0018229878260025356,-0.0,0.0018229878260025356,0.00881904412638591,0.0023051950915060366,0.0028818741646913343,0.06897756187911985,0.2471276876205557,True
energy_only,7303,265,0.0017944927508881585,-0.0,0.0017944927508881585,0.008771293139918344,0.0023003840174442773,0.002860958119503258,0.06844189120858621,0.24522415232217554,True
energy_only,7303,266,0.0017663462608232465,-0.0,0.0017663462608232465,0.00872237143482703,0.002295561757063626,0.002840014579269007,0.06790906861072639,0.24332925760030655,True
energy_only,7303,267,0.0017385443432650295,-0.0,0.0017385443432650295,0.008675867880637053,0.0022907283847293037,0.002819040301150158,0.0673790661850524,0.24144288132805164,True
energy_only,7303,268,0.0017110830856280148,-0.0,0.0017110830856280148,0.008631983771246837,0.002285883974977891,0.00279818631456238,0.06685116844165959,0.23956439087613257,True
energy_only,7303,269,0.001683958661949488,-0.0,0.001683958661949488,0.008587666602039752,0.002281028602516179,0.002777551944180536,0.06632488166946873,0.23769329751951282,True
energy_only,7303,270,0.0016571672701447757,-0.0,0.0016571672701447757,0.008540597678320218,0.002276162342220017,0.0027570585225198175,0.06580051140932691,0.23582972017006282,True
energy_only,7303,271,0.0016307052604740458,-0.0,0.0016307052604740458,0.008492348808504994,0.0022712852691331594,0.0027365499160859827,0.0652787285956319,0.23397409722289136,True
energy_only,7303,272,0.0016045690558452942,-0.0,0.0016045690558452942,0.008446270973413963,0.002266397458466105,0.0027159840165788844,0.0647597081014877,0.2321265278572807,True
energy_only,7303,273,0.0015787551261821839,-0.0,0.0015787551261821839,0.008403301366616956,0.0022614989855949423,0.002695478467209761,0.06424290469946169,0.23028655724109443,True
energy_only,7303,274,0.001553260029073116,-0.0,0.001553260029073116,0.00836089024249116,0.0022565899260601823,0.0026751649105636274,0.06372769692132514,0.2284536407846491,True
energy_only,7303,275,0.0015280803496899365,-0.0,0.0015280803496899365,0.008315976748085199,0.002251670355565595,0.00265503941687877,0.06321406867922026,0.2266276860848578,True
energy_only,7303,276,0.0015032127692871287,-0.0,0.0015032127692871287,0.00826863318391633,0.0022467403499770444,0.0026349867787992124,0.06270251064383772,0.2248090028321562,True
energy_only,7303,277,0.0014786540591614026,-0.0,0.0014786540591614026,0.008221654178120047,0.0022417999853213155,0.0026149334861779753,0.062193327057541055,0.222997760903509,True
energy_only,7303,278,0.0014544010287711592,-0.0,0.0014544010287711592,0.0081768957095554,0.002236849337784941,0.002594932888806399,0.061686243092592345,0.2211936675434841,True
energy_only,7303,279,0.0014304505585462683,-0.0,0.0014304505585462683,0.00813322031610566,0.002231888483713032,0.0025750846154853025,0.06118077507115723,0.21939626874548931,True
energy_only,7303,280,0.0014067995669797275,-0.0,0.0014067995669797275,0.008088176095006352,0.002226917499608094,0.002555401230483943,0.060676854473229874,0.21760548365580176,True
energy_only,7303,281,0.0013834450322126092,-0.0,0.0013834450322126092,0.008041269660662638,0.002221936462128852,0.002535791447638242,0.06017491411616155,0.21582169577014226,True
energy_only,7303,282,0.0013603840124117672,-0.0,0.0013603840124117672,0.007994583101784535,0.002216945448089066,0.002516173508563862,0.05967535677496905,0.214045296024582,True
energy_only,7303,283,0.0013376136030467606,-0.0,0.0013376136030467606,0.007950000076693832,0.002211944534456346,0.00249657104736151,0.059178092601532846,0.2122762547975398,True
energy_only,7303,284,0.0013151309517868508,-0.0,0.0013151309517868508,0.007906860550903044,0.002206933798350966,0.002477075399911631,0.05868270198596031,0.21051423055377982,True
energy_only,7303,285,0.0012929332492224073,-0.0,0.0012929332492224073,0.007862809722921627,0.0022019133170446768,0.0024577308475924146,0.058188973368553595,0.2087590322241184,True
energy_only,7303,286,0.0012710177313714523,-0.0,0.0012710177313714523,0.007816702954786018,0.00219688316795951,0.0024384892269515655,0.0576971247103927,0.207010829529115,True
energy_only,7303,287,0.0012493817027242422,-0.0,0.0012493817027242422,0.00776989498223107,0.002191843428666588,0.002419282663932987,0.057207464894764366,0.20526986705107633,True
energy_only,7303,288,0.0012280225088954352,-0.0,0.0012280225088954352,0.007724319390137859,0.002186794176884924,0.0024001131542711164,0.05671996940990529,0.20353608919823196,True
energy_only,7303,289,0.0012069375360840397,-0.0,0.0012069375360840397,0.0076800907145833245,0.0021817354904802265,0.002381045179164845,0.05623431757121311,0.2018091781612175,True
energy_only,7303,290,0.001186124210206946,-0.0,0.001186124210206946,0.007635582162444901,0.0021766674474636987,0.002362118136074861,0.05575031847013489,0.20008895553019865,True
energy_only,7303,291,0.001165579992887142,-0.0,0.001165579992887142,0.007589675220093602,0.002171590125990833,0.0023432950464605837,0.055268164695501484,0.19837563080011622,True
energy_only,7303,292,0.001145302398581116,-0.0,0.001145302398581116,0.007543229485954533,0.0021665036043602075,0.0023245100032739585,0.054788202762612315,0.1966695875911336,True
energy_only,7303,293,0.0011252889803718396,-0.0,0.0011252889803718396,0.007497867022887675,0.002161407961012278,0.0023057484010039118,0.0543105348086943,0.19497099042562333,True
energy_only,7303,294,0.001105537324040234,-0.0,0.001105537324040234,0.007453840413775149,0.0021563032745281685,0.002287057727406693,0.053834954311433834,0.1932796982538939,True
energy_only,7303,295,0.0010860450504825495,-0.0,0.0010860450504825495,0.007409744832813684,0.0021511896236284596,0.0022684815728444643,0.05336126210482886,0.19159555150961516,True
energy_only,7303,296,0.0010668098124936003,-0.0,0.0010668098124936003,0.007364317783389556,0.002146067087171974,0.002250006248234918,0.05288952921812064,0.18991862691380657,True
energy_only,7303,297,0.0010478293063401621,-0.0,0.0010478293063401621,0.0073179783649751666,0.0021409357441545605,0.002231585726466065,0.05241997826842255,0.18824913159101136,True
energy_only,7303,298,0.0010291012650580056,-0.0,0.0010291012650580056,0.007272138095209466,0.0021357956737078766,0.0022132059606865375,0.051952669199275395,0.18658710366993075,True
energy_only,7303,299,0.0010106234504622992,-0.0,0.0010106234504622992,0.007227349714137787,0.0021306469550981667,0.0021949027697056437,0.051487413627160764,0.18493233447063184,True
energy_only,7303,300,0.0009923936540243525,-0.0,0.0009923936540243525,0.007182734144439502,0.002125489667725041,0.002176713567004001,0.05102401942106757,0.18328462057589726,True
energy_only,7303,301,0.0009744096940765665,-0.0,0.0009744096940765665,0.007137274779234288,0.002120323891120251,0.002158629473579107,0.05056253511384725,0.18164401947114256,True
energy_only,7303,302,0.0009566694226456918,-0.0,0.0009566694226456918,0.007091194473987387,0.002115149704946462,0.002140609009277305,0.050103183696508326,0.18001078797815068,True
energy_only,7303,303,0.0009391707226999319,-0.0,0.0009391707226999319,0.007045599233313183,0.002109967188996026,0.002122631428854303,0.04964609125430995,0.17838510021865375,True
energy_only,7303,304,0.0009219115014622965,-0.0,0.0009219115014622965,0.0070009735296275135,0.00210477642318975,0.002104719020437919,0.049191167264706535,0.17676691009149292,True
energy_only,7303,305,0.0009048896907531311,-0.0,0.0009048896907531311,0.006956563958919178,0.0020995774875756643,0.002086903087431886,0.04873827003165784,0.17515610718105876,True
energy_only,7303,306,0.0008881032455985673,-0.0,0.0008881032455985673,0.006911377296754076,0.002094370462327786,0.0020691824152212364,0.04828741486899112,0.17355272656248108,True
energy_only,7303,307,0.0008715501485250279,-0.0,0.0008715501485250279,0.00686542860400847,0.0020891554277448878,0.0020515283371887747,0.04783874939763261,0.17195692537624227,True
energy_only,7303,308,0.0008552284085079499,-0.0,0.0008552284085079499,0.0068196131000247346,0.002083932464249253,0.002033925764362703,0.04739234649494475,0.17036877120126726,True
energy_only,7303,309,0.0008391360554462238,-0.0,0.0008391360554462238,0.006774480291286312,0.00207870165238544,0.0020163937847153296,0.04694810136637738,0.1687881390156199,True
energy_only,7303,310,0.0008232711392431228,-0.0,0.0008232711392431228,0.0067295881908777805,0.0020734630728190388,0.0019989603289992408,0.04650586469292889,0.16721485849917192,True
energy_only,7303,311,0.000807631728472614,-0.0,0.000807631728472614,0.006684202341968022,0.0020682168063354263,0.001981627002993296,0.04606562755762425,0.16564891881724556,True
energy_only,7303,312,0.0007922159126019594,-0.0,0.0007922159126019594,0.006638321263365492,0.002062962933838522,0.0019643701766858678,0.04562751884579888,0.1640904720892563,True
energy_only,7303,313,0.0007770218014122444,-0.0,0.0007770218014122444,0.006592648042843132,0.0020577015363495393,0.0019471738766516332,0.04519163497835161,0.16253965030811454,True
energy_only,7303,314,0.0007620475209272988,-0.0,0.0007620475209272988,0.006547617960080932,0.0020524326950057356,0.0019300493291781542,0.04475793514978452,0.1609964452778503,True
energy_only,7303,315,0.0007472912123855885,-0.0,0.0007472912123855885,0.006502832381883947,0.0020471564910591626,0.0019130172390359084,0.04432632893962819,0.1594607943201768,True
energy_only,7303,316,0.0007327510314651844,-0.0,0.0007327510314651844,0.006457606301284266,0.0020418730058754117,0.0018960794485986773,0.04389682097949822,0.1579327316253205,True
energy_only,7303,317,0.0007184251496597824,-0.0,0.0007184251496597824,0.006411846880319315,0.0020365823209323617,0.0018792181692353646,0.04346951419565733,0.1564123902210191,True
energy_only,7303,318,0.0007043117539238684,-0.0,0.0007043117539238684,0.006366097794634459,0.002031284517818918,0.001862421613529515,0.0430444762009141,0.1548998564056906,True
energy_only,7303,319,0.0006904090436102661,-0.0,0.0006904090436102661,0.006320764964452227,0.002025979678233759,0.0018457002251208372,0.042621655259593785,0.15339507934466634,True
energy_only,7303,320,0.0006767152292062547,-0.0,0.0006767152292062547,0.006275611457388044,0.0020206678839840733,0.0018290728283092187,0.042200954831747156,0.1518979570956516,True
energy_only,7303,321,0.0006632285315169864,-0.0,0.0006632285315169864,0.006230150766692288,0.002015349216984299,0.0018125431052474616,0.041782360038426496,0.15040848228082568,True
energy_only,7303,322,0.0006499471822246209,-0.0,0.0006499471822246209,0.006184341121805744,0.0020100237592548613,0.0017960978000670718,0.041365949655691236,0.14892676054506124,True
energy_only,7303,323,0.0006368694233872884,-0.0,0.0006368694233872884,0.006138630110159608,0.002004691592920906,0.0017797269422896455,0.04095179017345022,0.14745289405446052,True
energy_only,7303,324,0.0006239935051157261,-0.0,0.0006239935051157261,0.00609333543968414,0.0019993528002110335,0.0017634375184018268,0.04053986226186693,0.14598689673269924,True
energy_only,7303,325,0.00061131768444245,-0.0,0.00061131768444245,0.006048234275134402,0.0019940074634560326,0.0017472432011910555,0.04013011294429773,0.14452874831329401,True
energy_only,7303,326,0.000598840224722455,-0.0,0.000598840224722455,0.006002885501776902,0.0019886556650876084,0.0017311459122560876,0.03972255151185733,0.14307849844813342,True
energy_only,7303,327,0.0005865593959281449,-0.0,0.0005865593959281449,0.00595720779310966,0.0019832974876371123,0.0017151344968482334,0.03931725540470595,0.14163627101436577,True
energy_only,7303,328,0.0005744734741941721,-0.0,0.0005744734741941721,0.005911535603704637,0.0019779330137342684,0.0016992010126484908,0.038914282876309464,0.14020216398572286,True
energy_only,7303,329,0.0005625807400967559,-0.0,0.0005625807400967559,0.005866129061082082,0.0019725623261059016,0.0016833517093731295,0.038513614335082685,0.138776182602121,True
energy_only,7303,330,0.000550879477661402,-0.0,0.000550879477661402,0.005820838624852237,0.001967185507574658,0.0016675986464531002,0.038115197774741864,0.13735829242348532,True
energy_only,7303,331,0.0005393679738191528,-0.0,0.0005393679738191528,0.005775352431045074,0.0019618026410577315,0.0016519446582894263,0.037719030651972366,0.13594851572005628,True
energy_only,7303,332,0.000528044518437141,-0.0,0.000528044518437141,0.00572964474833121,0.0019564138095655814,0.0016363820406920576,0.03732516853810461,0.13454694459336064,True
energy_only,7303,333,0.0005169074038045385,-0.0,0.0005169074038045385,0.005684005783539208,0.0019510190962006564,0.0016209053315968662,0.03693365747188184,0.13315366517014982,True
energy_only,7303,334,0.0005059549232980372,-0.0,0.0005059549232980372,0.005638643192904794,0.001945618584156111,0.001605519810880942,0.03654448818439196,0.13176870472113542,True
energy_only,7303,335,0.0004951853705565491,-0.0,0.0004951853705565491,0.005593420570187644,0.00194021235671452,0.0015902346847740275,0.036157631959400076,0.13039207141492554,True
energy_only,7303,336,0.00048459703905863574,-0.0,0.00048459703905863574,0.00554806761087218,0.0019348004972466004,0.0015750513598810718,0.0357731028480675,0.12902382433906992,True
energy_only,7303,337,0.0004741882220998826,-0.0,0.0004741882220998826,0.0055025443900949995,0.001929383089209918,0.0015599629442195676,0.0353909595338758,0.12766407402521504,True
energy_only,7303,338,0.00046395721238051945,-0.0,0.00046395721238051945,0.005457064542362273,0.0019239602161476082,0.0015449647945497437,0.03501124769391614,0.12631291420401863,True
energy_only,7303,339,0.0004539023010713334,-0.0,0.0004539023010713334,0.005411780447953293,0.0019185319616870805,0.0015300612078006776,0.034633963367700735,0.12497037830810684,True
energy_only,7303,340,0.00044402177722719575,-0.0,0.00044402177722719575,0.005366584369044765,0.0019130984095387343,0.0015152597671146914,0.03425908353449086,0.12363647505073017,True
energy_only,7303,341,0.0004343139275132966,-0.0,0.0004343139275132966,0.005321280972171971,0.0019076596434946655,0.0015005620382409675,0.03388661701333279,0.12231124880539816,True
energy_only,7303,342,0.00042477703618789067,-0.0,0.00042477703618789067,0.005275866958104821,0.0019022157474273746,0.0014859633663131656,0.03351660633195915,0.12099478329960178,True
energy_only,7303,343,0.00041540938478778767,-0.0,0.00041540938478778767,0.005230531324893891,0.001896766805288473,0.0014714611634365044,0.033149083367568555,0.11968715090999796,True
energy_only,7303,344,0.00040620925148321304,-0.0,0.00040620925148321304,0.00518539783006596,0.0018913129011073895,0.0014570597196794561,0.03278404345487575,0.11838838278514817,True
energy_only,7303,345,0.00039717491068034345,-0.0,0.00039717491068034345,0.005140375758714769,0.0018858541189900736,0.0014427652804343558,0.032421472057661445,0.11709849997678853,True
energy_only,7303,346,0.00038830463287378437,-0.0,0.00038830463287378437,0.0050953074206308785,0.0018803905431176973,0.0014285787760025673,0.03206138406099187,0.11581755910527727,True
energy_only,7303,347,0.0003795966846817553,-0.0,0.0003795966846817553,0.0050501883858897765,0.001874922257745361,0.0014144961469620093,0.03170382164539225,0.11454564916344723,True
energy_only,7303,348,0.0003710493286825825,-0.0,0.0003710493286825825,0.0050051596050350875,0.001869449347200788,0.0014005151891796947,0.03134881657985772,0.11328284628397862,True
energy_only,7303,349,0.00036266082306850116,-0.0,0.00036266082306850116,0.004960304588376167,0.0018639718958830306,0.0013866392187240326,0.030996369859950804,0.11202918897834072,True
energy_only,7303,350,0.00035442942148949084,-0.0,0.00035442942148949084,0.004915543729755053,0.001858489988261163,0.0013728730053518565,0.030646473679660412,0.11078470366223898,True
energy_only,7303,351,0.00034635337308987863,-0.0,0.00034635337308987863,0.0048707595889157925,0.0018530037088729833,0.0013592172126373134,0.030299141809288388,0.10954944061270573,True
energy_only,7303,352,0.0003384309226626864,-0.0,0.0003384309226626864,0.004825964145065337,0.0018475131423237056,0.0013456690022963977,0.02995440650387159,0.10832347071951057,True
energy_only,7303,353,0.00033066031065744864,-0.0,0.00033066031065744864,0.004781278760978916,0.0018420183732846583,0.0013322274342945557,0.029612289251686554,0.1071068513564295,True
energy_only,7303,354,0.0003230397730789008,-0.0,0.0003230397730789008,0.004736770191631346,0.0018365194864919776,0.0013188959150691097,0.029272787592816592,0.10589961115998676,True
energy_only,7303,355,0.00031556754151781144,-0.0,0.00031556754151781144,0.004692375589575291,0.0018310165667452998,0.001305678588699948,0.028935894971040075,0.10470177378917933,True
energy_only,7303,356,0.0003082418433232388,-0.0,0.0003082418433232388,0.004648007994223142,0.0018255096989064558,0.001292576004227931,0.02860162446953623,0.10351338614335327,True
energy_only,7303,357,0.00030106090185399537,-0.0,0.00030106090185399537,0.004603683176816341,0.001819998967898159,0.0012795859098442817,0.028270004414767787,0.10233451304766596,True
energy_only,7303,358,0.0002940229366395168,-0.0,0.0002940229366395168,0.004559494963510533,0.0018144844587026996,0.0012667076200439677,0.02794105434570257,0.10116520847748578,True
energy_only,7303,359,0.00028712616349540777,-0.0,0.00028712616349540777,0.004515486822871928,0.0018089662563606304,0.0012539437590940372,0.027614775299248603,0.10000550369118778,True
energy_only,7303,360,0.0002803687947472771,-0.0,0.0002803687947472771,0.004471602952568379,0.0018034444459694584,0.0012412973101702336,0.02729116580553978,0.09885542591396691,True
energy_only,7303,361,0.0002737490395632786,-0.0,0.0002737490395632786,0.004427777648190433,0.0017979191126823296,0.001228768432462137,0.026970239202155903,0.09771501868275961,True
energy_only,7303,362,0.0002672651043382976,-0.0,0.0002672651043382976,0.0043840300651582275,0.0017923903417067194,0.0012163554109617311,0.026652018377026604,0.09658433549146657,True
energy_only,7303,363,0.00026091519301554866,-0.0,0.00026091519301554866,0.004340436428204679,0.001786858218303116,0.0012040581084903845,0.026336516866846335,0.09546341733882625,True
energy_only,7303,364,0.0002546975073842048,-0.0,0.0002546975073842048,0.004297028901912565,0.0017813228277837043,0.0011918790319420216,0.026023733071888155,0.09435228595987818,True
energy_only,7303,365,0.0002486102474494717,-0.0,0.0002486102474494717,0.004253764270839467,0.001775784255511056,0.001179820765002752,0.025713664396307977,0.09325096078449743,True
energy_only,7303,366,0.00024265161187452474,-0.0,0.00024265161187452474,0.00421059762532864,0.0017702425868968048,0.001167883523352907,0.025406320711473553,0.09215947507946594,True
energy_only,7303,367,0.00023681979845285143,-0.0,0.00023681979845285143,0.004167551470400759,0.001764697907400338,0.001156066077570754,0.025101719351399626,0.09107787009893913,True
energy_only,7303,368,0.0002311130045414529,-0.0,0.0002311130045414529,0.004124687230108495,0.0017591503025274706,0.001144368455997204,0.02479987033500208,0.09000617757328125,True
energy_only,7303,369,0.00022552942749118983,-0.0,0.00022552942749118983,0.00408202670297905,0.0017535998578291345,0.0011327926019618914,0.024500772759793496,0.08894441541040861,True
energy_only,7303,370,0.00022006726513376933,-0.0,0.00022006726513376933,0.004039533929409491,0.0017480466589000513,0.0011213402942095094,0.024204426135864727,0.08789260105601374,True
energy_only,7303,371,0.0002147247163219074,-0.0,0.0002147247163219074,0.003997175958096717,0.0017424907913774193,0.0011100114132117104,0.023910839781384207,0.08685076246427959,True
energy_only,7303,372,0.00020949998148771048,-0.0,0.00020949998148771048,0.003954973172867964,0.0017369323409395883,0.001098804890869322,0.02362002751533408,0.08581893158481162,True
energy_only,7303,373,0.00020439126317376092,-0.0,0.00020439126317376092,0.003912972634999207,0.0017313713933047401,0.0010877208399523444,0.02333199592051774,0.08479713027039096,True
energy_only,7303,374,0.0001993967665622273,-0.0,0.0001993967665622273,0.003871188157666826,0.0017258080342295666,0.0010767608961237875,0.0230467424297268,0.08378536792357374,True
energy_only,7303,375,0.00019451470003752506,-0.0,0.00019451470003752506,0.0038295912920879877,0.0017202423495079468,0.0010659264777288689,0.022764264833612827,0.0827836527502926,True
energy_only,7303,376,0.00018974327577842958,-0.0,0.00018974327577842958,0.0037881605286460094,0.0017146744249696248,0.0010552174906929032,0.02248456837460097,0.0817920001913405,True
energy_only,7303,377,0.00018508071035510287,-0.0,0.00018508071035510287,0.0037469168793208135,0.0017091043464788835,0.0010446331612573223,0.022207661233044816,0.08081042764990076,True
energy_only,7303,378,0.00018052522530539555,-0.0,0.00018052522530539555,0.003705899194754402,0.0017035321999332251,0.0010341736524917813,0.021933545756927818,0.07983894423151594,True
energy_only,7303,379,0.00017607504771055896,-0.0,0.00017607504771055896,0.003665118116073767,0.0016979580712620415,0.0010238401961371478,0.02166221780456955,0.0788775500892573,True
energy_only,7303,380,0.00017172841079240392,-0.0,0.00017172841079240392,0.0036245523373096525,0.0016923820464252927,0.0010136336942992,0.021393674405834704,0.07792624553335559,True
energy_only,7303,381,0.00016748355452757797,-0.0,0.00016748355452757797,0.0035841877058920167,0.00168680421141218,0.0010035538204527113,0.02112791864255107,0.0769850367464435,True
energy_only,7303,382,0.0001633387262602704,-0.0,0.0001633387262602704,0.0035440422379996134,0.0016812246522398186,0.000993599793140441,0.02086495536643022,0.07605393060806863,True
energy_only,7303,383,0.0001592921812967054,-0.0,0.0001592921812967054,0.003504144841603101,0.0016756434549519135,0.0009837716376369819,0.02060478425218254,0.07513292636756994,True
energy_only,7303,384,0.0001553421834940837,-0.0,0.0001553421834940837,0.003464501061701115,0.0016700607056174314,0.0009740702058499398,0.020347399630528045,0.07422201533263856,True
energy_only,7303,385,0.00015148700585628796,-0.0,0.00015148700585628796,0.00342509331906509,0.0016644764903292726,0.0009644960533785249,0.020092796556544727,0.07332118792101963,True
energy_only,7303,386,0.00014772493113228245,-0.0,0.00014772493113228245,0.0033859121370589875,0.0016588908952029453,0.0009550487917073029,0.01984097430403679,0.07243043770856802,True
energy_only,7303,387,0.00014405425240476008,-0.0,0.00014405425240476008,0.0033469736460143024,0.0016533040063752365,0.0009457277345840565,0.019591932848182537,0.0715497572938519,True
energy_only,7303,388,0.00014047327365968246,-0.0,0.00014047327365968246,0.0033083014059082333,0.0016477159100028822,0.000936532838617327,0.01934566779068087,0.07067913241695961,True
energy_only,7303,389,0.00013698031034640285,-0.0,0.00013698031034640285,0.003269900431247139,0.0016421266922612419,0.000927464638931799,0.019102170773729242,0.0698185425714145,True
energy_only,7303,390,0.00013357368993545553,-0.0,0.00013357368993545553,0.003231758761715247,0.0016365364393429675,0.0009185233547970284,0.018861434394188855,0.06896796687463089,True
energy_only,7303,391,0.00013025175247143234,-0.0,0.00013025175247143234,0.0031938714451150855,0.001630945237456674,0.0009097084387585665,0.018623454677483147,0.06812738701658425,True
energy_only,7303,392,0.00012701285111172878,-0.0,0.00012701285111172878,0.003156252398172138,0.0016253531728256114,0.000901019130205572,0.01838822807263968,0.06729678374126631,True
energy_only,7303,393,0.00012385535264530496,-0.0,0.00012385535264530496,0.003118919379459008,0.0016197603316863338,0.0008924551800139013,0.018155747506526862,0.06647613220265737,True
energy_only,7303,394,0.00012077763799714094,-0.0,0.00012077763799714094,0.003081874808052797,0.0016141668002873709,0.0008840167672026136,0.017926002810128808,0.06566540241246197,True
energy_only,7303,395,0.00011777810272227328,-0.0,0.00011777810272227328,0.003045108479230202,0.0016085726648878956,0.0008757038029152298,0.01769898445383739,0.0648645635293926,True
energy_only,7303,396,0.00011485515748702147,-0.0,0.00011485515748702147,0.0030086164849132827,0.0016029780117563963,0.0008675156137956424,0.017474685225538106,0.06407358574412689,True
energy_only,7303,397,0.00011200722853158787,-0.0,0.00011200722853158787,0.002972409708247755,0.0015973829271693455,0.0008594513914023293,0.017253097780525695,0.06329243738981498,True
energy_only,7303,398,0.0001092327581109836,-0.0,0.0001092327581109836,0.002936501837473777,0.0015917874974098684,0.0008515107336566544,0.0170342117262175,0.06252108157548615,True
energy_only,7303,399,0.00010653020491814557,-0.0,0.00010653020491814557,0.0029008950200140418,0.0015861918087664145,0.0008436935466160931,0.0168180141915613,0.06175947692394042,True
energy_only,7303,400,0.0001038980444919505,-0.0,0.0001038980444919505,0.002865582427716224,0.0015805959475314246,0.000835999496930536,0.016604492830928866,0.06100758115124015,True
energy_only,7303,401,0.00010133476960841704,-0.0,0.00010133476960841704,0.002830562493766945,0.0015750000000000009,0.0008284277835677545,0.01639363709641958,0.06026535262163782,True
energy_only,7303,402,9.88388906514345e-05,-0.0,9.88388906514345e-05,0.0027958446132675856,0.0015694040524685774,0.0008209774984548721,0.01618543632277009,0.05953274818891565,True
energy_only,7303,403,9.640893596112854e-05,-0.0,9.640893596112854e-05,0.0027614394927425595,0.0015638081912335874,0.0008136480395895425,0.015979877522310598,0.058809720688130875,True
energy_only,7303,404,9.404345216214499e-05,-0.0,9.404345216214499e-05,0.002727348382765649,0.0015582125025901334,0.000806439025604759,0.01577694585714404,0.05809621950502453,True
energy_only,7303,405,9.174100447360096e-05,-0.0,9.174100447360096e-05,0.0026935654766202387,0.0015526170728306567,0.0007993498763487418,0.015576626895486851,0.057392193177859846,True
energy_only,7303,406,8.95001769992639e-05,-0.0,8.95001769992639e-05,0.00266008896677813,0.0015470219882436059,0.0007923796492776969,0.015378907478968935,0.05669759037202976,True
energy_only,7303,407,8.731957299632981e-05,-0.0,8.731957299632981e-05,0.002626925375609029,0.0015414273351121064,0.0007855273244749675,0.01518377417727086,0.05601235807415042,True
energy_only,7303,408,8.519781512145196e-05,-0.0,8.519781512145196e-05,0.0025940822768586334,0.0015358331997126313,0.0007787921198852611,0.014991211594388936,0.0553364396431829,True
energy_only,7303,409,8.313354565604816e-05,-0.0,8.313354565604816e-05,0.0025615602997363144,0.001530239668313668,0.0007721734203023084,0.014801202767512345,0.05466977530382209,True
energy_only,7303,410,8.112542671223456e-05,-0.0,8.112542671223456e-05,0.002529355059072947,0.0015246468271743906,0.0007656704531776477,0.014613730935877709,0.05401230423542728,True
energy_only,7303,411,7.917214041856444e-05,-0.0,7.917214041856444e-05,0.002497465455603487,0.0015190547625433281,0.0007592821627646262,0.014428780247757936,0.053363965446631266,True
energy_only,7303,412,7.727238908486348e-05,-0.0,7.727238908486348e-05,0.002465896770724153,0.0015134635606570347,0.0007530074275916002,0.014246334626163695,0.05272469653804507,True
energy_only,7303,413,7.54248953453509e-05,-0.0,7.54248953453509e-05,0.0024346549845389474,0.00150787330773876,0.0007468453016255805,0.014066376508497938,0.05209443232239166,True
energy_only,7303,414,7.362840228172888e-05,-0.0,7.362840228172888e-05,0.0024037405854221076,0.00150228408999712,0.0007407949614630583,0.013888887159758823,0.0514731052434083,True
energy_only,7303,415,7.188167352686328e-05,-0.0,7.188167352686328e-05,0.0023731499316477487,0.001496695993624766,0.0007348554589864538,0.01371384801979443,0.050860646962383765,True
energy_only,7303,416,7.018349334910739e-05,-0.0,7.018349334910739e-05,0.0023428815523390016,0.0014911091047970562,0.0007290256229614382,0.013541241241992455,0.05025698899781425,True
energy_only,7303,417,6.853266671692184e-05,-0.0,6.853266671692184e-05,0.0023129386644715096,0.0014855235096707291,0.0007233042240349764,0.01337104881529945,0.04966206173213432,True
energy_only,7303,418,6.69280193437609e-05,-0.0,6.69280193437609e-05,0.0022833250704521815,0.0014799392943825704,0.0007176901635134831,0.013203251560084842,0.049075793276494147,True
energy_only,7303,419,6.536839771422194e-05,-0.0,6.536839771422194e-05,0.002254040519605103,0.001474356545048088,0.0007121824405543286,0.013037829315080003,0.04849810970703403,True
energy_only,7303,420,6.385266909270035e-05,-0.0,6.385266909270035e-05,0.002225081660182886,0.0014687753477601831,0.0007067799653831363,0.01287476195296821,0.047928936257331745,True
energy_only,7303,421,6.237972151441315e-05,-0.0,6.237972151441315e-05,0.0021964468013044064,0.0014631957885878218,0.0007014814782883431,0.012714029833615286,0.04736819787564602,True
energy_only,7303,422,6.094846375908684e-05,-0.0,6.094846375908684e-05,0.0021681379512382363,0.0014576179535747088,0.0006962856698472098,0.012555613184722725,0.04681581856514548,True
energy_only,7303,423,5.955782530745769e-05,-0.0,5.955782530745769e-05,0.002140157793677255,0.00145204192873796,0.000691191327667475,0.012399491344693108,0.0462717205748876,True
energy_only,7303,424,5.8206756281512734e-05,-0.0,5.8206756281512734e-05,0.0021125060173497598,0.0014464678000667766,0.0006861973188250586,0.012245642886136058,0.045735824599817454,True
energy_only,7303,425,5.689422736930336e-05,-0.0,5.689422736930336e-05,0.002085179753749462,0.0014408956535211178,0.0006813024485326965,0.01209404639954646,0.04520805073079004,True
energy_only,7303,426,5.561922973474059e-05,-0.0,5.561922973474059e-05,0.0020581770843451663,0.0014353255750303771,0.0006765053902664814,0.011944680890708742,0.044688318955493,True
energy_only,7303,427,5.438077491273489e-05,-0.0,5.438077491273489e-05,0.0020314987660892303,0.0014297576504920546,0.0006718047704128515,0.01179752534764399,0.04417654870335997,True
energy_only,7303,428,5.3177894690039234e-05,-0.0,5.3177894690039234e-05,0.002005146149215648,0.0014241919657704348,0.0006671992841819755,0.011652558137473724,0.04367265819062631,True
energy_only,7303,429,5.200964097265829e-05,-0.0,5.200964097265829e-05,0.0019791183654814656,0.0014186286066952612,0.0006626876930853583,0.0115097570349597,0.04317656448293587,True
energy_only,7303,430,5.087508564068858e-05,-0.0,5.087508564068858e-05,0.0019534124718099816,0.0014130676590604133,0.0006582687216530405,0.011369099789241607,0.04268818417089967,True
energy_only,7303,431,4.977332039103569e-05,-0.0,4.977332039103569e-05,0.0019280260743235328,0.0014075092086225822,0.0006539409976219042,0.011230564458702517,0.042207433782220756,True
energy_only,7303,432,4.8703456568556424e-05,-0.0,4.8703456568556424e-05,0.0019029588576571636,0.0014019533410999502,0.000649703109070244,0.011094129122212412,0.041734229485636834,True
energy_only,7303,433,4.7664624986004684e-05,-0.0,4.7664624986004684e-05,0.0018782112207978271,0.0013964001421708672,0.0006455536955460962,0.010959771410922019,0.0412684865947305,True
energy_only,7303,434,4.665597573366107e-05,-0.0,4.665597573366107e-05,0.001853782073961254,0.0013908496974725305,0.0006414914558988059,0.010827468487689638,0.0408101195869713,True
energy_only,7303,435,4.567667797918739e-05,-0.0,4.567667797918739e-05,0.001829668673800783,0.001385302092599664,0.0006375150731989621,0.010697197471339126,0.0403590426333107,True
energy_only,7303,436,4.472591975841853e-05,-0.0,4.472591975841853e-05,0.0018058684751717459,0.0013797574131031963,0.0006336231614181813,0.010568935744809767,0.039915169995779994,True
energy_only,7303,437,4.380290775755445e-05,-0.0,4.380290775755445e-05,0.001782380435700148,0.0013742157444889458,0.0006298142996282017,0.010442660794221674,0.03947841588762835,True
energy_only,7303,438,4.2906867087220904e-05,-0.0,4.2906867087220904e-05,0.001759204181149897,0.0013686771722162966,0.0006260871023574236,0.010318349852635656,0.03904869410668148,True
energy_only,7303,439,4.203704104910357e-05,-0.0,4.203704104910357e-05,0.0017363383038589341,0.0013631417816968856,0.0006224402351431075,0.010195979834883842,0.03862591799688504,True
energy_only,7303,440,4.119269089580626e-05,-0.0,4.119269089580626e-05,0.001713780016371797,0.0013576096582932817,0.0006188723630284669,0.010075527629399329,0.03821000081410232,True
energy_only,7303,441,4.037309558446834e-05,-0.0,4.037309558446834e-05,0.0016915264480835306,0.0013520808873176717,0.0006153821049892619,0.009956970356982682,0.03780085605147609,True
energy_only,7303,442,3.9577551524663684e-05,-0.0,3.9577551524663684e-05,0.001669575797855465,0.0013465555540305434,0.0006119680519672084,0.009840285288151925,0.03739839737261683,True
energy_only,7303,443,3.880537232105213e-05,-0.0,3.880537232105213e-05,0.0016479269382166006,0.0013410337436393707,0.0006086288207760303,0.009725449567991248,0.03700253832376872,True
energy_only,7303,444,3.805588851138946e-05,-0.0,3.805588851138946e-05,0.0016265781479091299,0.001335515541297302,0.0006053630746565777,0.009612440119915043,0.03661319225129186,True
energy_only,7303,445,3.732844730029257e-05,-0.0,3.732844730029257e-05,0.0016055266518267303,0.001330001032101842,0.000602169490084732,0.009501233838383145,0.036230272551962046,True
energy_only,7303,446,3.662241228949502e-05,-0.0,3.662241228949502e-05,0.0015847694566121784,0.0013244903010935457,0.0005990467179065887,0.009391807813171294,0.03585369296171654,True
energy_only,7303,447,3.593716320485473e-05,-0.0,3.593716320485473e-05,0.001564304312001618,0.0013189834332547011,0.000595993388329086,0.009284139319127117,0.035483367576779105,True
energy_only,7303,448,3.527209562061696e-05,-0.0,3.527209562061696e-05,0.001544129600948878,0.001313480513508024,0.0005930081496989212,0.00917820562443761,0.03511921066606455,True
energy_only,7303,449,3.462662068142516e-05,-0.0,3.462662068142516e-05,0.0015242434096716475,0.001307981626715343,0.000590089690604299,0.009073983887499219,0.03476113658354104,True
energy_only,7303,450,3.400016482247176e-05,-0.0,3.400016482247176e-05,0.0015046430044531847,0.0013024868576762957,0.0005872367208918768,0.008971451273273581,0.03440905993063746,True
energy_only,7303,451,3.339216948828052e-05,-0.0,3.339216948828052e-05,0.0014853253061954369,0.0012969962911270178,0.00058444794013518,0.00887058513597378,0.03406289579280445,True
energy_only,7303,452,3.280209085050242e-05,-0.0,3.280209085050242e-05,0.0014662876715501021,0.0012915100117388374,0.0005817220342109658,0.008771363049518999,0.033722559798509785,True
energy_only,7303,453,3.2229399525062006e-05,-0.0,3.2229399525062006e-05,0.0014475279975537775,0.0012860281041169705,0.0005790577019361746,0.008673762675024869,0.033387967987839606,True
energy_only,7303,454,3.167358028901935e-05,-0.0,3.167358028901935e-05,0.0014290441031039678,0.0012805506527992126,0.0005764536770735857,0.008577761652011975,0.03305903670607563,True
energy_only,7303,455,3.113413179757297e-05,-0.0,3.113413179757297e-05,0.001410833224280504,0.0012750777422546402,0.0005739087205318166,0.00848333764945284,0.032735682680582016,True
energy_only,7303,456,3.061056630145938e-05,-0.0,3.061056630145938e-05,0.0013928922285709753,0.0012696094568823031,0.000571421596347027,0.008390468504280706,0.03241782319896842,True
energy_only,7303,457,3.010240936513568e-05,-0.0,3.010240936513568e-05,0.0013752182169067745,0.0012641458810099277,0.0005689910629135307,0.008299132278175978,0.03210537619363557,True
energy_only,7303,458,2.9609199586014888e-05,-0.0,2.9609199586014888e-05,0.0013578087525966873,0.0012586870988926112,0.0005666158889304368,0.008209307181321904,0.03179826017278752,True
energy_only,7303,459,2.9130488314994544e-05,-0.0,2.9130488314994544e-05,0.0013406614890871988,0.0012532331947115282,0.0005642948727570509,0.00812097147760026,0.031496394129601715,True
energy_only,7303,460,2.8665839378605793e-05,-0.0,2.8665839378605793e-05,0.0013237737120523243,0.0012477842525726263,0.0005620268421592132,0.008034103495256325,0.031199697572976373,True
energy_only,7303,461,2.8214828803016812e-05,-0.0,2.8214828803016812e-05,0.0013071423523859035,0.001242340356505335,0.0005598106373781572,0.007948681727271235,0.03090809066169803,True
energy_only,7303,462,2.7777044540166303e-05,-0.0,2.7777044540166303e-05,0.0012907644006861204,0.0012369015904612666,0.0005576450998977119,0.007864684900485546,0.030621494301397705,True
energy_only,7303,463,2.735208619620834e-05,-0.0,2.735208619620834e-05,0.0012746371846016067,0.0012314680383129202,0.0005555290799415473,0.007782091942679664,0.030339830121296346,True
energy_only,7303,464,2.69395647624315e-05,-0.0,2.69395647624315e-05,0.0012587581956189327,0.0012260397838523927,0.0005534614520838825,0.0077008819046737636,0.030063020396438135,True
energy_only,7303,465,2.6539102348985672e-05,-0.0,2.6539102348985672e-05,0.0012431247216672938,0.0012206169107900821,0.0005514411200196602,0.007621033940052543,0.029790988034996503,True
energy_only,7303,466,2.615033192143949e-05,-0.0,2.615033192143949e-05,0.0012277337424790532,0.0012151995027534005,0.0005494670064696059,0.007542527364731835,0.029523656657394547,True
energy_only,7303,467,2.5772897040419298e-05,-0.0,2.5772897040419298e-05,0.0012125821841741926,0.00120978764328548,0.0005475380420648875,0.007465341721783483,0.029260950681030417,True
energy_only,7303,468,2.5406451604523522e-05,-0.0,2.5406451604523522e-05,0.0011976671981954784,0.00120438141584389,0.0005456531666029565,0.007389456779054335,0.029002795326210546,True
energy_only,7303,469,2.5050659596501237e-05,-0.0,2.5050659596501237e-05,0.0011829861404110214,0.0011989809037993438,0.0005438113400313801,0.0073148524738075515,0.02874911655971494,True
energy_only,7303,470,2.4705194832975848e-05,-0.0,2.4705194832975848e-05,0.0011685363133017638,0.0011935861904344195,0.0005420115494640747,0.007241508878654524,0.028499841062806536,True
energy_only,7303,471,2.4369740717747043e-05,-0.0,2.4369740717747043e-05,0.0011543148013758251,0.0011881973589422693,0.0005402528046858121,0.0071694062298691035,0.02825489627207374,True
energy_only,7303,472,2.404398999879743e-05,-0.0,2.404398999879743e-05,0.0011403185822443287,0.001182814492425342,0.0005385341287486158,0.0070985249823047845,0.028014210451344123,True
energy_only,7303,473,2.3727644529072198e-05,-0.0,2.3727644529072198e-05,0.0011265447546772041,0.0011774376738940984,0.0005368545551070533,0.0070288458285892325,0.027777712721323254,True
energy_only,7303,474,2.3420415031177492e-05,-0.0,2.3420415031177492e-05,0.0011129906077595067,0.0011720669862657308,0.0005352131338486468,0.006960349668417384,0.027545333029761428,True
energy_only,7303,475,2.312202086596796e-05,-0.0,2.312202086596796e-05,0.0010996534698676011,0.0011667025123628875,0.0005336089388270586,0.006893017572323036,0.02731700211393444,True
energy_only,7303,476,2.28321898051947e-05,-0.0,2.28321898051947e-05,0.0010865305356614829,0.0011613443349123911,0.0005320410674241471,0.0068268307849945085,0.027092651508505088,True
energy_only,7303,477,2.2550657808143977e-05,-0.0,2.2550657808143977e-05,0.0010736188714870944,0.001155992536543967,0.0005305086340331195,0.006761770762366618,0.02687221359232866,True
energy_only,7303,478,2.2277168802442548e-05,-0.0,2.2277168802442548e-05,0.0010609155732527198,0.001150647199788966,0.0005290107653449885,0.006697819198546564,0.026655621622613517,True
energy_only,7303,479,2.201147446896015e-05,-0.0,2.201147446896015e-05,0.0010484178812882933,0.001145308407079094,0.0005275466025053713,0.006634958014940888,0.026442809723830844,True
energy_only,7303,480,2.1753334030862042e-05,-0.0,2.1753334030862042e-05,0.0010361231291458938,0.001139976240745138,0.0005261153068324445,0.006573169329612127,0.02623371285261196,True
energy_only,7303,481,2.1502514046863383e-05,-0.0,2.1502514046863383e-05,0.0010240286056645842,0.0011346507830157003,0.0005247160621504072,0.006512435444855011,0.026028266783678894,True
energy_only,7303,482,2.125878820866244e-05,-0.0,2.125878820866244e-05,0.0010121314980190111,0.0011293321160159259,0.0005233480713983586,0.006452738865921817,0.025826408132393695,True
energy_only,7303,483,2.1021937142544082e-05,-0.0,2.1021937142544082e-05,0.001000428972390343,0.0011240203217662398,0.0005220105518349116,0.006394062327360103,0.02562807438620058,True
energy_only,7303,484,2.079174821521147e-05,-0.0,2.079174821521147e-05,0.0009889182877137743,0.001118715482181081,0.0005207027341886668,0.006336388797685499,0.025433203910217816,True
energy_only,7303,485,2.0568015343798586e-05,-0.0,2.0568015343798586e-05,0.000977596812966105,0.0011134176790676374,0.0005194238660539656,0.006279701460628689,0.025241735924651076,True
energy_only,7303,486,2.035053880999814e-05,-0.0,2.035053880999814e-05,0.0009664619406491286,0.0011081269941245874,0.0005181732150742506,0.006223983697292307,0.025053610482794465,True
energy_only,7303,487,2.013912507839935e-05,-0.0,2.013912507839935e-05,0.0009555110046975157,0.0011028435089408368,0.0005169500682097399,0.006169219089510632,0.02486876847375414,True
energy_only,7303,488,1.9933586618927754e-05,-0.0,1.9933586618927754e-05,0.0009447412930108751,0.0010975673049942642,0.0005157537281336045,0.006115391438735208,0.024687151643230414,True
energy_only,7303,489,1.9733741733404825e-05,-0.0,1.9733741733404825e-05,0.000934150129795718,0.0010922984636504605,0.0005145835108206013,0.006062484778177403,0.02450870260587354,True
energy_only,7303,490,1.953941438609886e-05,-0.0,1.953941438609886e-05,0.0009237349292881291,0.0010870370661614779,0.0005134387465905936,0.0060104833657598465,0.02433336483430964,True
energy_only,7303,491,1.9350434038421916e-05,-0.0,1.9350434038421916e-05,0.0009134931658837478,0.001081783193664573,0.0005123187828250124,0.005959371667639799,0.024161082636445487,True
energy_only,7303,492,1.916663548750095e-05,-0.0,1.916663548750095e-05,0.0009034223037160087,0.0010765369271809606,0.0005112229849643148,0.005909134350955923,0.02399180114336087,True
energy_only,7303,493,1.898785870877784e-05,-0.0,1.898785870877784e-05,0.0008935197679361593,0.0010712983476145596,0.0005101507346658854,0.005859756292034971,0.023825466315393215,True
energy_only,7303,494,1.8813948702437756e-05,-0.0,1.8813948702437756e-05,0.0008837829849159701,0.0010660675357507463,0.0005091014271955222,0.005811222588715379,0.023662024952957363,True
energy_only,7303,495,1.8644755343759067e-05,-0.0,1.8644755343759067e-05,0.0008742094409309099,0.0010608445722551116,0.0005080744706964653,0.005763518562272656,0.023501424694784386,True
energy_only,7303,496,1.848013323719483e-05,-0.0,1.848013323719483e-05,0.0008647966948783544,0.0010556295376722125,0.0005070692876332983,0.0057166297472805655,0.023343614001526673,True
energy_only,7303,497,1.831994157423775e-05,-0.0,1.831994157423775e-05,0.0008555423375980403,0.0010504225124243352,0.0005060853163436411,0.00567054188078503,0.02318854213835738,True
energy_only,7303,498,1.8164043994955453e-05,-0.0,1.8164043994955453e-05,0.0008464439480699917,0.0010452235768102487,0.0005051220107601878,0.0056252409014698026,0.023036159169386925,True
energy_only,7303,499,1.801230845315182e-05,-0.0,1.801230845315182e-05,0.0008374990937843005,0.001040032811003973,0.0005041788385384158,0.005580712957531498,0.02288641596238505,True
energy_only,7303,500,1.7864607085124966e-05,-0.0,1.7864607085124966e-05,0.0008287053697543071,0.001034850295053537,0.000503255279483505,0.005536944412840076,0.022739264191317714,True
energy_only,7303,501,1.7720816081893644e-05,-0.0,1.7720816081893644e-05,0.0008200604302600285,0.0010296761088797487,0.000502350825617773,0.005493921843961418,0.022594656327727034,True
energy_only,7303,502,1.7580815564908635e-05,-0.0,1.7580815564908635e-05,0.0008115619806781458,0.0010245103322749588,0.0005014649823443106,0.0054516320310282,0.02245254562451257,True
energy_only,7303,503,1.7444489465122084e-05,-0.0,1.7444489465122084e-05,0.0008032077426806372,0.001019353044901833,0.0005005972690821776,0.005410061951416194,0.022312886102873568,True
energy_only,7303,504,1.7311725405389922e-05,-0.0,1.7311725405389922e-05,0.000794995432461837,0.0010142043262921234,0.0004997472184994241,0.005369198781061252,0.022175632548255005,True
energy_only,7303,505,1.7182414586133645e-05,-0.0,1.7182414586133645e-05,0.0007869227733094469,0.0010090642558454389,0.0004989143750395841,0.005329029899603152,0.022040740510758147,True
energy_only,7303,506,1.7056451674181594e-05,-0.0,1.7056451674181594e-05,0.0007789875256045971,0.0010039329128280258,0.0004980982940834063,0.005289542891962317,0.021908166301140578,True
energy_only,7303,507,1.693373469474897e-05,-0.0,1.693373469474897e-05,0.0007711875014086076,0.0009988103763715398,0.0004972985422692267,0.005250725543458278,0.021777866978922512,True
energy_only,7303,508,1.6814164926467386e-05,-0.0,1.6814164926467386e-05,0.0007635205507630568,0.0009936967254718311,0.0004965146982396527,0.005212565832528894,0.02164980033751648,True
energy_only,7303,509,1.6697646799431745e-05,-0.0,1.6697646799431745e-05,0.0007559845374775432,0.0009885920389877214,0.0004957463527373458,0.005175051927015749,0.021523924893597345,True
energy_only,7303,510,1.6584087796144526e-05,-0.0,1.6584087796144526e-05,0.0007485773306814425,0.0009834963956397921,0.0004949931077711155,0.005138172185578649,0.021400199882640067,True
energy_only,7303,511,1.647339835535282e-05,-0.0,1.647339835535282e-05,0.0007412968190303918,0.0009784098740091662,0.0004942545755532854,0.005101915160362419,0.021278585255944803,True
energy_only,7303,512,1.636549177867549e-05,-0.0,1.636549177867549e-05,0.0007341409304008744,0.0009733325525363008,0.0004935303780581544,0.005066269596227999,0.021159041673512943,True
energy_only,7303,513,1.6260284139959513e-05,-0.0,1.6260284139959513e-05,0.0007271076364237807,0.0009682645095197729,0.0004928201473184035,0.005031224425887397,0.021041530491949373,True
energy_only,7303,514,1.615769419732004e-05,-0.0,1.615769419732004e-05,0.0007201949389746844,0.000963205823115076,0.0004921235258239464,0.004996768764452432,0.020926013751619073,True
energy_only,7303,515,1.6057643307765435e-05,-0.0,1.6057643307765435e-05,0.0007134008542150834,0.0009581565713334114,0.0004914401663669785,0.004962891907027068,0.02081245416744106,True
energy_only,7303,516,1.5960055344398277e-05,-0.0,1.5960055344398277e-05,0.0007067234103024099,0.000953116832040489,0.0004907697313153703,0.004929583329443782,0.020700815123444002,True
energy_only,7303,517,1.5864856616060548e-05,-0.0,1.5864856616060548e-05,0.0007001606592219478,0.0009480866829553222,0.0004901118918699767,0.004896832689065717,0.02059106066735661,True
energy_only,7303,518,1.57719757894277e-05,-0.0,1.57719757894277e-05,0.0006937106891930103,0.0009430662016490329,0.000489466327813372,0.00486462982284949,0.020483155501849457,True
energy_only,7303,519,1.568134381343762e-05,-0.0,1.568134381343762e-05,0.0006873716251813321,0.0009380554655436539,0.0004888327277128328,0.004832964742881514,0.020377064972699296,True
energy_only,7303,520,1.5592893846037753e-05,-0.0,1.5592893846037753e-05,0.0006811416184398498,0.0009330545519109335,0.00048821078910217655,0.004801827632023525,0.020272755057070213,True
energy_only,7303,521,1.5506561183135365e-05,-0.0,1.5506561183135365e-05,0.0006750188366471066,0.0009280635378711473,0.0004876002182507147,0.004771208841844714,0.02017019235456132,True
energy_only,7303,522,1.5422283189766276e-05,-0.0,1.5422283189766276e-05,0.0006690014642008147,0.0009230825003919051,0.0004870007295837641,0.004741098892496988,0.02006934408063131,True
energy_only,7303,523,1.5339999233367653e-05,-0.0,1.5339999233367653e-05,0.0006630877111170641,0.0009181115162869677,0.00048641204515187034,0.004711488472339461,0.019970178059756122,True
energy_only,7303,524,1.525965061909986e-05,-0.0,1.525965061909986e-05,0.0006572758207594298,0.0009131506622150581,0.00048583389445200494,0.004682368435633659,0.019872662716290995,True
energy_only,7303,525,1.5181180527182639e-05,-0.0,1.5181180527182639e-05,0.0006515640689850607,0.0009082000146786844,0.00048526601453202563,0.004653729798697006,0.019776767063519298,True
energy_only,7303,526,1.5104533952202477e-05,-0.0,1.5104533952202477e-05,0.0006459507564121781,0.0009032596500229545,0.0004847081500473317,0.004625563736341768,0.019682460693086597,True
energy_only,7303,527,1.5029657644303348e-05,-0.0,1.5029657644303348e-05,0.0006404342019038344,0.0008983296444344035,0.00048416005303275096,0.0045978615799160865,0.019589713766421286,True
energy_only,7303,528,1.4956500052211668e-05,-0.0,1.4956500052211668e-05,0.0006350127431070614,0.000893410073939817,0.00048362148245517065,0.004570614816575838,0.019498497007676252,True
energy_only,7303,529,1.4885011268066403e-05,-0.0,1.4885011268066403e-05,0.0006296847424668859,0.0008885010144050567,0.0004830922038163926,0.004543815088294708,0.01940878169638537,True
energy_only,7303,530,1.4815142974000455e-05,-0.0,1.4815142974000455e-05,0.000624448592110014,0.0008836025415338944,0.00048257198899959495,0.004517454189542936,0.019320539658543502,True
energy_only,7303,531,1.4746848390402394e-05,-0.0,1.4746848390402394e-05,0.0006193027128937824,0.0008787147308668402,0.00048206061630080236,0.004491524063957218,0.01923374325649633,True
energy_only,7303,532,1.4680082225810318e-05,-0.0,1.4680082225810318e-05,0.0006142455490621292,0.0008738376577799824,0.0004815578704266988,0.004466016801213281,0.01914836537910668,True
energy_only,7303,533,1.4614800628439195e-05,-0.0,1.4614800628439195e-05,0.000609275563829935,0.0008689713974838203,0.00048106354230350695,0.004440924634970261,0.019064379433266762,True
energy_only,7303,534,1.4550961139213626e-05,-0.0,1.4550961139213626e-05,0.0006043912397249221,0.0008641160250221084,0.00048057742873755115,0.004416239941655241,0.01898175933646301,True
energy_only,7303,535,1.4488522646325257e-05,-0.0,1.4488522646325257e-05,0.0005995910826350917,0.0008592716152706954,0.00048009933210792834,0.004391955239104825,0.018900479509235117,True
energy_only,7303,536,1.4427445341269925e-05,-0.0,1.4427445341269925e-05,0.0005948736251871346,0.0008544382429363728,0.0004796290602184128,0.004368063184348349,0.018820514866641838,True
energy_only,7303,537,1.4367690676241167e-05,-0.0,1.4367690676241167e-05,0.0005902374262610481,0.000849615982555722,0.0004791664262808169,0.0043445565707092735,0.018741840808990922,True
energy_only,7303,538,1.4309221322970054e-05,-0.0,1.4309221322970054e-05,0.0005856810674186291,0.0008448049084939623,0.0004787112488861427,0.004321428325004155,0.01866443321274478,True
energy_only,7303,539,1.4252001132832779e-05,-0.0,1.4252001132832779e-05,0.0005812031496585167,0.0008400050949438086,0.00047826335185444286,0.004298671505450295,0.018588268422354854,True
energy_only,7303,540,1.4195995098301344e-05,-0.0,1.4195995098301344e-05,0.0005768022932288543,0.000835216615924322,0.00047782256398034775,0.004276279300189693,0.018513323242915755,True
energy_only,7303,541,1.4141169315597782e-05,-0.0,1.4141169315597782e-05,0.0005724771400594513,0.000830439545279774,0.0004773887187862818,0.004254245025798466,0.018439574932855883,True
energy_only,7303,542,1.4087490948602773e-05,-0.0,1.4087490948602773e-05,0.0005682263560740436,0.0008256739566785023,0.00047696165437840246,0.004232562125267822,0.018367001196066667,True
energy_only,7303,543,1.4034928193915517e-05,-0.0,1.4034928193915517e-05,0.000564048631081359,0.0008209199236117796,0.0004765412133973506,0.004211224165488472,0.0182955801734859,True
energy_only,7303,544,1.3983450247060695e-05,-0.0,1.3983450247060695e-05,0.0005599426764378586,0.0008161775193926756,0.0004761272429788373,0.004190224834717555,0.018225290434731246,True
energy_only,7303,545,1.3933027269812272e-05,-0.0,1.3933027269812272e-05,0.0005559072225739493,0.0008114468171549305,0.0004757195946413305,0.0041695579404787495,0.01815611097031461,True
energy_only,7303,546,1.3883630358546748e-05,-0.0,1.3883630358546748e-05,0.000551941018388023,0.0008067278898518256,0.00047531812409816454,0.00414921740791276,0.018088021184462698,True
energy_only,7303,547,1.3835231513695893e-05,-0.0,1.3835231513695893e-05,0.0005480428325833863,0.0008020208102550566,0.0004749226910598257,0.004129197278215246,0.018021000888107052,True
energy_only,7303,548,1.378780361014034e-05,-0.0,1.378780361014034e-05,0.000544211455315617,0.0007973256509536145,0.00047453315909603416,0.004109491706779042,0.01795503029158463,True
energy_only,7303,549,1.3741320368617232e-05,-0.0,1.3741320368617232e-05,0.000540445698482384,0.0007926424843526631,0.0004741493955673048,0.0040900949609893765,0.017890089996991317,True
energy_only,7303,550,1.3695756328046114e-05,-0.0,1.3695756328046114e-05,0.0005367443943771383,0.0007879713826724257,0.0004737712715801556,0.0040710014179268,0.01782616099049838,True
energy_only,7303,551,1.3651086818780894e-05,-0.0,1.3651086818780894e-05,0.0005331063938636271,0.0007833124179470678,0.00047339866190482634,0.00405220556231689,0.017763224635042832,True
energy_only,7303,552,1.3607287936734995e-05,-0.0,1.3607287936734995e-05,0.0005295305655340007,0.0007786656620235895,0.0004730314448397284,0.0040337019848074385,0.017701262663476706,True
energy_only,7303,553,1.3564336518349647e-05,-0.0,1.3564336518349647e-05,0.0005260157962008486,0.0007740311865607148,0.0004726695020550196,0.004015485380402186,0.01764025717198451,True
energy_only,7303,554,1.3522210116430118e-05,-0.0,1.3522210116430118e-05,0.0005225609919852014,0.0007694090630277893,0.00047231271846547804,0.003997550546770671,0.017580190613424806,True
energy_only,7303,555,1.3480886976718476e-05,-0.0,1.3480886976718476e-05,0.0005191650787537241,0.0007647993627036749,0.0004719609821507824,0.00397989238232968,0.01752104579046126,True
energy_only,7303,556,1.3440346015310544e-05,-0.0,1.3440346015310544e-05,0.0005158270014250318,0.0007602021566756533,0.0004716141843061382,0.003962505884201217,0.017462805848630157,True
energy_only,7303,557,1.3400566796752586e-05,-0.0,1.3400566796752586e-05,0.000512545722667084,0.0007556175158383291,0.0004712722191797207,0.003945386146272055,0.017405454269585872,True
energy_only,7303,558,1.3361529512911164e-05,-0.0,1.3361529512911164e-05,0.0005093202219258285,0.0007510455108925344,0.0004709349839769177,0.003928528357477092,0.01734897486469414,True
energy_only,7303,559,1.3323214962538463e-05,-0.0,1.3323214962538463e-05,0.0005061494953524175,0.0007464862123442424,0.00047060237874119366,0.003911927800245673,0.017293351768886946,True
energy_only,7303,560,1.3285604531475913e-05,-0.0,1.3285604531475913e-05,0.0005030325563687967,0.0007419396905034758,0.0004702743062409749,0.003895579848944104,0.017238569434569813,True
energy_only,7303,561,1.3248680173579398e-05,-0.0,1.3248680173579398e-05,0.0004999684361171213,0.0007374060154832269,0.0004699506718880552,0.0038794799681879854,0.017184612625457035,True
energy_only,7303,562,1.3212424392214954e-05,-0.0,1.3212424392214954e-05,0.0004969561832463736,0.0007328852571983716,0.0004696313836823944,0.0038636237110388602,0.01713146641032573,True
energy_only,7303,563,1.317682022241164e-05,-0.0,1.317682022241164e-05,0.0004939948630933162,0.0007283774853645964,0.00046931635216155,0.003848006717212618,0.017079116156856207,True
energy_only,7303,564,1.3141851213575796e-05,-0.0,1.3141851213575796e-05,0.0004910835568323465,0.0007238827694973179,0.00046900549033389094,0.0038326247114131014,0.017027547525691997,True
energy_only,7303,565,1.3107501412821347e-05,-0.0,1.3107501412821347e-05,0.0004882213610581095,0.0007194011789106164,0.00046869871359069937,0.0038174735018163502,0.01697674646474709,True
energy_only,7303,566,1.3073755348795088e-05,-0.0,1.3073755348795088e-05,0.00048540738794988623,0.0007149327827161617,0.0004683959396132657,0.0038025489786149623,0.01692669920364835,True
energy_only,7303,567,1.3040598016101947e-05,-0.0,1.3040598016101947e-05,0.0004826407655804291,0.0007104776498221511,0.00046809708829398405,0.0037878471125232277,0.016877392248204278,True
energy_only,7303,568,1.3008014860198746e-05,-0.0,1.3008014860198746e-05,0.0004799206379605544,0.0007060358489322457,0.0004678020816782186,0.0037733639532003295,0.01682881237483841,True
energy_only,7303,569,1.297599176281253e-05,-0.0,1.297599176281253e-05,0.0004772461646115728,0.0007016074485445092,0.0004675108439183116,0.003759095627643838,0.016780946625059134,True
energy_only,7303,570,1.2944515027851438e-05,-0.0,1.2944515027851438e-05,0.00047461651990162715,0.0006971925169503545,0.0004672233012238873,0.0037450383386323865,0.016733782300044235,True
energy_only,7303,571,1.2913571367763781e-05,-0.0,1.2913571367763781e-05,0.00047203089250864237,0.0006927911222334873,0.000466939381799709,0.0037311883632760302,0.016687306955430387,True
energy_only,7303,572,1.2883147890359706e-05,-0.0,1.2883147890359706e-05,0.0004694884852395028,0.0006884033322688601,0.0004666590157736009,0.003717542051647255,0.01664150839624962,True
energy_only,7303,573,1.2853232086076733e-05,-0.0,1.2853232086076733e-05,0.00046698851512120025,0.000684029214721621,0.00046638213512649164,0.003704095825436276,0.016596374671964627,True
energy_only,7303,574,1.2823811815646855e-05,-0.0,1.2823811815646855e-05,0.00046453021348792943,0.0006796688370460745,0.00046610867363430764,0.003690846176570809,0.01655189407151908,True
energy_only,7303,575,1.2794875298201314e-05,-0.0,1.2794875298201314e-05,0.0004621128258260054,0.0006753222664846376,0.0004658385668227809,0.003677789665799304,0.01650805511841113,True
energy_only,7303,576,1.2766411099770963e-05,-0.0,1.2766411099770963e-05,0.0004597356113567918,0.0006709895700668062,0.0004655717519266717,0.003664922921277361,0.016464846565824046,True
energy_only,7303,577,1.2738408122115658e-05,-0.0,1.2738408122115658e-05,0.0004573978425395382,0.000666670814608118,0.00046530816784512804,0.0036522426372099085,0.016422257391890526,True
energy_only,7303,578,1.2710855592001695e-05,-0.0,1.2710855592001695e-05,0.0004550988047355462,0.0006623660667091252,0.000465047755088769,0.0036397455725661596,0.016380276795096967,True
energy_only,7303,579,1.2683743050770915e-05,-0.0,1.2683743050770915e-05,0.00045283779608702886,0.0006580753927543659,0.0004647904557234542,0.0036274285498425897,0.016338894189803024,True
energy_only,7303,580,1.2657060344304488e-05,-0.0,1.2657060344304488e-05,0.0004506141275214275,0.0006537988589113394,0.000464536213316698,0.003615288453842037,0.01629809920183997,True
energy_only,7303,581,1.2630797613271633e-05,-0.0,1.2630797613271633e-05,0.0004484271227206263,0.0006495365311294893,0.0004642849728934219,0.0036033222304315544,0.016257881664142035,True
energy_only,7303,582,1.2604945283732742e-05,-0.0,1.2604945283732742e-05,0.0004462761179205529,0.0006452884751391811,0.0004640366808984726,0.0035915268852894228,0.01621823161241599,True
energy_only,7303,583,1.2579494058070547e-05,-0.0,1.2579494058070547e-05,0.0004441604615615406,0.0006410547564506947,0.0004637912851612605,0.003579899482671021,0.016179139280892447,True
energy_only,7303,584,1.2554434906155407e-05,-0.0,1.2554434906155407e-05,0.00044207951393073034,0.0006368354403532084,0.00046354873485801736,0.0035684371442167954,0.016140595098183892,True
energy_only,7303,585,1.2529759056877498e-05,-0.0,1.2529759056877498e-05,0.00044003264688894625,0.0006326305919137972,0.00046330898046895755,0.003557137047813073,0.016102589683254016,True
energy_only,7303,586,1.2505457989912352e-05,-0.0,1.2505457989912352e-05,0.0004380192437628208,0.0006284402759764244,0.0004630719737337222,0.003545996426490221,0.016065113841485915,True
energy_only,7303,587,1.2481523427765476e-05,-0.0,1.2481523427765476e-05,0.00043603869928461174,0.0006242645571609465,0.0004628376676106758,0.003535012567328181,0.016028158560814538,True
energy_only,7303,588,1.2457947328111568e-05,-0.0,1.2457947328111568e-05,0.0004340904194930804,0.0006201034998621126,0.00046260601624064117,0.0035241828103606907,0.015991715007902356,True
energy_only,7303,589,1.2434721876310989e-05,-0.0,1.2434721876310989e-05,0.0004321738215322641,0.0006159571682485738,0.00046237697491594265,0.0035135045474795294,0.015955774524371785,True
energy_only,7303,590,1.2411839478288174e-05,-0.0,1.2411839478288174e-05,0.0004302883333781507,0.0006118256262618933,0.0004621505000506582,0.003502975221356083,0.015920328623104805,True
energy_only,7303,591,1.2389292753512438e-05,-0.0,1.2389292753512438e-05,0.00042843339354195134,0.0006077089376155588,0.0004619265491491241,0.0034925923243980875,0.015885368984634315,True
energy_only,7303,592,1.236707452832335e-05,-0.0,1.236707452832335e-05,0.00042660845086132265,0.0006036071657940027,0.0004617050807724517,0.0034823533977424766,0.01585088745362752,True
energy_only,7303,593,1.2345177829406477e-05,-0.0,1.2345177829406477e-05,0.0004248129643556615,0.0005995203740516195,0.00046148605450309555,0.0034722560302792712,0.01581687603544585,True
energy_only,7303,594,1.2323595877497898e-05,-0.0,1.2323595877497898e-05,0.0004230464031445781,0.0005954486254117946,0.0004612694309132475,0.0034622978576842323,0.015783326892773293,True
energy_only,7303,595,1.2302322081317315e-05,-0.0,1.2302322081317315e-05,0.0004213082463216972,0.000591391982665928,0.00046105517153443453,0.003452476561460949,0.015750232342287056,True
energy_only,7303,596,1.2281350031680449e-05,-0.0,1.2281350031680449e-05,0.00041959798279356253,0.0005873505083724701,0.0004608432388329905,0.0034427898679829164,0.015717584851390982,True
energy_only,7303,597,1.2260673495798493e-05,-0.0,1.2260673495798493e-05,0.00041791511104137096,0.0005833242648559532,0.0004606335961841371,0.003433235547556609,0.01568537703499992,True
energy_only,7303,598,1.2240286411777012e-05,-0.0,1.2240286411777012e-05,0.00041625913890443395,0.0005793133142060338,0.00046042620784730686,0.003423811413507458,0.01565360165240922,True
energy_only,7303,599,1.2220182883300956e-05,-0.0,1.2220182883300956e-05,0.0004146295833697389,0.0005753177182765318,0.0004602210389391617,0.0034145153212951215,0.015622251604231524,True
energy_only,7303,600,1.2200357174471564e-05,-0.0,1.2200357174471564e-05,0.0004130259704427873,0.0005713375386844796,0.0004600180554062694,0.003405345167654182,0.015591319929409663,True
energy_only,7303,601,1.2180803704822192e-05,-0.0,1.2180803704822192e-05,0.00041144783503371904,0.000567372836809171,0.0004598172239993527,0.003396298889747565,0.015560799802286236,True
energy_only,7303,602,1.2161517044502501e-05,-0.0,1.2161517044502501e-05,0.0004098947208374115,0.0005634236737912122,0.00045961851224902745,0.00338737446433097,0.015530684529723636,True
energy_only,7303,603,1.2142491909616403e-05,-0.0,1.2142491909616403e-05,0.000408366180187012,0.0005594901105315837,0.0004594218884444578,0.003378569906923384,0.015500967548274281,True
energy_only,7303,604,1.2123723157699681e-05,-0.0,1.2123723157699681e-05,0.0004068617738641236,0.0005555722076906955,0.00045922732161246484,0.003369883270993876,0.015471642421406754,True
energy_only,7303,605,1.2105205783354888e-05,-0.0,1.2105205783354888e-05,0.000405381070917961,0.0005516700256874574,0.00045903478149766046,0.0033613126471637787,0.01544270283679115,True
energy_only,7303,606,1.2086934914039417e-05,-0.0,1.2086934914039417e-05,0.00040392364847845105,0.0005477836246983419,0.00045884423854088477,0.0033528561624352428,0.01541414260364905,True
energy_only,7303,607,1.2068905805959153e-05,-0.0,1.2068905805959153e-05,0.00040248909161536006,0.0005439130646564612,0.0004586556638581885,0.0033445119794377727,0.015385955650165711,True
energy_only,7303,608,1.2051113840115627e-05,-0.0,1.2051113840115627e-05,0.00040107699321725664,0.0005400584052506381,0.00045846902921972595,0.0033362782956912304,0.015358136020952975,True
energy_only,7303,609,1.2033554518493153e-05,-0.0,1.2033554518493153e-05,0.00039968695388247367,0.0005362197059244901,0.0004582843070301674,0.0033281533428807667,0.015330677874565775,True
energy_only,7303,610,1.201622346033092e-05,-0.0,1.201622346033092e-05,0.00039831858178517683,0.0005323970258755085,0.00045810147031064024,0.0033201353861396408,0.015303575481059747,True
energy_only,7303,611,1.1999116398551867e-05,-0.0,1.1999116398551867e-05,0.0003969714925270607,0.0005285904240541493,0.00045792049268203943,0.0033122227233432573,0.015276823219598588,True
energy_only,7303,612,1.1982229176288754e-05,-0.0,1.1982229176288754e-05,0.00039564530897611273,0.0005247999591629217,0.0004577413483480539,0.0033044136844199564,0.015250415576110985,True
energy_only,7303,613,1.1965557743516885e-05,-0.0,1.1965557743516885e-05,0.00039433966111410374,0.0005210256896554825,0.0004575640120790406,0.0032967066306759554,0.015224347141000953,True
energy_only,7303,614,1.1949098153822947e-05,-0.0,1.1949098153822947e-05,0.0003930541858915966,0.0005172676737357374,0.000457388459194933,0.0032890999541411174,0.015198612606913199,True
energy_only,7303,615,1.1932846561229472e-05,-0.0,1.1932846561229472e-05,0.00039178852711424923,0.00051352596935694,0.0004572146655486599,0.0032815920769271507,0.015173206766542944,True
energy_only,7303,616,1.1916799217165044e-05,-0.0,1.1916799217165044e-05,0.00039054233533064836,0.0005098006342208012,0.00045704260750995023,0.003274181450599744,0.015148124510493561,True
energy_only,7303,617,1.190095246751761e-05,-0.0,1.190095246751761e-05,0.0003893152677199339,0.0005060917257765967,0.00045687226195083335,0.0032668665555583083,0.015123360825176183,True
energy_only,7303,618,1.188530274976858e-05,-0.0,1.188530274976858e-05,0.0003881069879630086,0.0005023993012202833,0.0004567036062306208,0.0032596459004296517,0.01509891079074746,True
energy_only,7303,619,1.186984659022989e-05,-0.0,1.186984659022989e-05,0.0003869171661145441,0.0004987234174936149,0.00045653661818365206,0.0032525180214690945,0.015074769579100186,True
energy_only,7303,620,1.1854580601374147e-05,-0.0,1.1854580601374147e-05,0.0003857454784712823,0.0004950641312832662,0.0004563712761051177,0.0032454814819767855,0.015050932451881053,True
energy_only,7303,621,1.1839501479228944e-05,-0.0,1.1839501479228944e-05,0.0003845916074322499,0.0004914214990199575,0.0004562075587381917,0.0032385348717294915,0.015027394758570952,True
energy_only,7303,622,1.1824606000888934e-05,-0.0,1.1824606000888934e-05,0.00038345524139162364,0.00048779557687758397,0.0004560454452606075,0.003231676806423792,0.015004151934595086,True
energy_only,7303,623,1.1809891022062608e-05,-0.0,1.1809891022062608e-05,0.0003823360746306569,0.00048418642077235105,0.00045588491527202266,0.003224905927132494,0.014981199499482978,True
energy_only,7303,624,1.1795353474726815e-05,-0.0,1.1795353474726815e-05,0.00038123380721376813,0.0004805940863619101,0.0004557259487812966,0.00321822089977103,0.014958533055058874,True
energy_only,7303,625,1.1780990364850933e-05,-0.0,1.1780990364850933e-05,0.00038014814488017624,0.0004770186290445021,0.0004555685261948832,0.0032116204145732174,0.014936148283673388,True
energy_only,7303,626,1.176679877018216e-05,-0.0,1.176679877018216e-05,0.0003790787989353573,0.00047346010395810144,0.00045541262830583594,0.003205103185576757,0.014914040946472274,True
energy_only,7303,627,1.1752775838117724e-05,-0.0,1.1752775838117724e-05,0.00037802548614124275,0.00046991856597956773,0.00045525823628306375,0.0031986679501193214,0.01489220688170104,True
energy_only,7303,628,1.173891878361773e-05,-0.0,1.173891878361773e-05,0.0003769879285959727,0.000466394069723797,0.0004551053316603431,0.0031923134683459176,0.014870642003042375,True
energy_only,7303,629,1.1725224887213971e-05,-0.0,1.1725224887213971e-05,0.00037596585362792385,0.000462886669542882,0.00045495389632671323,0.0031860385227259736,0.014849342297998794,True
energy_only,7303,630,1.1711691493059461e-05,-0.0,1.1711691493059461e-05,0.00037495899369321506,0.000459396419525272,0.0004548039125153234,0.0031798419175847075,0.014828303826303619,True
energy_only,7303,631,1.1698316007031163e-05,-0.0,1.1698316007031163e-05,0.00037396708628588735,0.00045592337349494006,0.00045465536279346177,0.0031737224786423566,0.014807522718369168,True
energy_only,7303,632,1.1685095894942297e-05,-0.0,1.1685095894942297e-05,0.0003729898738368927,0.0004524675850105526,0.00045450823005342033,0.003167679052562397,0.014786995173772119,True
energy_only,7303,633,1.1672028680730995e-05,-0.0,1.1672028680730995e-05,0.0003720271036286529,0.00044902910736464277,0.00045436249750237636,0.003161710506509373,0.01476671745975848,True
energy_only,7303,634,1.1659111944776384e-05,-0.0,1.1659111944776384e-05,0.00037107852769359466,0.0004456079935827898,0.0004542181486544547,0.0031558157277146205,0.014746685909796635,True
energy_only,7303,635,1.1646343322233671e-05,-0.0,1.1646343322233671e-05,0.00037014390271962325,0.0004422042964227998,0.0004540751673215191,0.00314999362305074,0.014726896922144232,True
energy_only,7303,636,1.1633720501411495e-05,-0.0,1.1633720501411495e-05,0.0003692229899518796,0.0004388180683738941,0.000453933537604966,0.0031442431186165924,0.014707346958458815,True
energy_only,7303,637,1.162124122222964e-05,-0.0,1.162124122222964e-05,0.0003683155551042802,0.0004354493616558977,0.00045379324388780765,0.0031385631593294767,0.014688032542434056,True
energy_only,7303,638,1.1608903274707582e-05,-0.0,1.1608903274707582e-05,0.00036742136826471944,0.0004320982282184358,0.0004536542708261603,0.0031329527085292666,0.014668950258467133,True
energy_only,7303,639,1.159670449748054e-05,-0.0,1.159670449748054e-05,0.0003665402038159113,0.0004287647197401312,0.0004535166033413904,0.0031274107475892914,0.014650096750354325,True
energy_only,7303,640,1.1584642776409863e-05,-0.0,1.1584642776409863e-05,0.00036567184034948225,0.0004254488876278092,0.0004533802266124796,0.003121936275534712,0.014631468720012423,True
energy_only,7303,641,1.157271604317742e-05,-0.0,1.157271604317742e-05,0.0003648160605916803,0.0004221507830157017,0.00045324512606891287,0.0031165283086705426,0.014613062926235987,True
energy_only,7303,642,1.156092227397782e-05,-0.0,1.156092227397782e-05,0.00036397265131123314,0.00041887045676466234,0.0004531112873831403,0.0031111858802151697,0.014594876183467307,True
energy_only,7303,643,1.1549259488203913e-05,-0.0,1.1549259488203913e-05,0.0003631414032440089,0.0004156079594613804,0.00045297869646439114,0.003105908039941415,0.01457690536060445,True
energy_only,7303,644,1.1537725747207983e-05,-0.0,1.1537725747207983e-05,0.00036232211100745046,0.00041236334141759917,0.00045284733945155853,0.003100693853827018,0.014559147379828946,True
energy_only,7303,645,1.1526319153072832e-05,-0.0,1.1526319153072832e-05,0.0003615145730212623,0.00040913665266934353,0.0004527172027068226,0.003095542403711909,0.01454159921546264,True
energy_only,7303,646,1.15150378474526e-05,-0.0,1.15150378474526e-05,0.00036071859143217374,0.0004059279429761449,0.0004525882728093326,0.0030904527869614127,0.014524257892843786,True
energy_only,7303,647,1.1503880010414872e-05,-0.0,1.1503880010414872e-05,0.00035993397204003353,0.00040273726182027674,0.0004524605365490281,0.0030854241161405557,0.01450712048723947,True
energy_only,7303,648,1.1492843859324261e-05,-0.0,1.1492843859324261e-05,0.000359160524223995,0.00039956465840598895,0.0004523339809201137,0.003080455518691449,0.014490184122763955,True
energy_only,7303,649,1.1481927647791531e-05,-0.0,1.1481927647791531e-05,0.00035839806087310355,0.00039641018165875155,0.0004522085931157361,0.0030755461366193506,0.014473445971337099,True
energy_only,7303,650,1.1471129664610604e-05,-0.0,1.1471129664610604e-05,0.00035764639832065926,0.0003932738802244973,0.0004520843605222873,0.003070695126184114,0.01445690325165569,True
energy_only,7303,651,1.1460448232766163e-05,-0.0,1.1460448232766163e-05,0.000356905356264813,0.0003901558024688752,0.00045196127071367247,0.003065901657598405,0.014440553228185608,True
energy_only,7303,652,1.1449881708426392e-05,-0.0,1.1449881708426392e-05,0.0003561747577034861,0.00038705599647650035,0.00045183931144616773,0.0030611649147329126,0.014424393210182239,True
energy_only,7303,653,1.1439428480011836e-05,-0.0,1.1439428480011836e-05,0.0003554544288726495,0.00038397451005021694,0.00045171847065349734,0.003056484094826988,0.014408420550730272,True
energy_only,7303,654,1.142908696727035e-05,-0.0,1.142908696727035e-05,0.00035474419916875906,0.00038091139071035627,0.0004515987364414133,0.0030518584082053287,0.0143926326457971,True
energy_only,7303,655,1.1418855620375466e-05,-0.0,1.1418855620375466e-05,0.00035404390109184975,0.00037786668569400947,0.0004514800970828419,0.0030472870780024835,0.014377026933316873,True
energy_only,7303,656,1.1408732919063527e-05,-0.0,1.1408732919063527e-05,0.00035335337018422007,0.0003748404419542935,0.00045136254101322816,0.003042769339891548,0.01436160089228974,True
energy_only,7303,657,1.1398717371780285e-05,-0.0,1.1398717371780285e-05,0.000352672444963307,0.00037183270615963044,0.0004512460568258186,0.003038304441819415,0.014346352041901045,True
energy_only,7303,658,1.1388807514868282e-05,-0.0,1.1388807514868282e-05,0.0003520009668679775,0.0003688435246930265,0.0004511306332670173,0.0030338916437467047,0.014331277940655956,True
energy_only,7303,659,1.1379001911783863e-05,-0.0,1.1379001911783863e-05,0.0003513387801965986,0.0003658729436513589,0.000451016259232041,0.0030295302173945714,0.014316376185538868,True
energy_only,7303,660,1.1369299152311978e-05,-0.0,1.1369299152311978e-05,0.000350685732047667,0.0003629210088446613,0.0004509029237608542,0.003025219445994162,0.01430164441118411,True
energy_only,7303,661,1.1359697851814712e-05,-0.0,1.1359697851814712e-05,0.00035004167226278466,0.00035998776579542044,0.00045079061603402437,0.003020958624045087,0.014287080289074074,True
energy_only,7303,662,1.1350196650527564e-05,-0.0,1.1350196650527564e-05,0.0003494064533695748,0.0003570732597378719,0.0004506793253685044,0.0030167470570748897,0.014272681526739689,True
energy_only,7303,663,1.13407942128301e-05,-0.0,1.13407942128301e-05,0.00034877993052350137,0.00035417753561730583,0.00045056904121384484,0.0030125840614080197,0.01425844586699531,True
energy_only,7303,664,1.1331489226579675e-05,-0.0,1.1331489226579675e-05,0.00034816196146178523,0.0003513006380893697,0.00045045975314847626,0.003008468963935207,0.014244371087175588,True
energy_only,7303,665,1.1322280402430695e-05,-0.0,1.1322280402430695e-05,0.0003475524064458101,0.0003484426115193815,0.0004503514508757889,0.003004401101892142,0.014230454998399401,True
energy_only,7303,666,1.131316647321074e-05,-0.0,1.131316647321074e-05,0.0003469511282055576,0.0003456034999816479,0.0004502441242205193,0.0030003798226395846,0.014216695444841514,True
energy_only,7303,667,1.1304146193276993e-05,-0.0,1.1304146193276993e-05,0.0003463579919002555,0.0003427833472587805,0.00045013776312535336,0.002996404483449444,0.014203090303025296,True
energy_only,7303,668,1.1295218337913599e-05,-0.0,1.1295218337913599e-05,0.00034577286505781026,0.00033998219684102277,0.0004500323576474878,0.0029924744512943233,0.014189637481125852,True
energy_only,7303,669,1.1286381702745673e-05,-0.0,1.1286381702745673e-05,0.0003451956175319865,0.00033720009192557865,0.00044992789795535274,0.002988589102643627,0.014176334918295473,True
energy_only,7303,670,1.1277635103166612e-05,-0.0,1.1277635103166612e-05,0.00034462612145271513,0.0003344370754159489,0.00044982437432520927,0.00298474782326139,0.014163180583993129,True
energy_only,7303,671,1.1268977373768572e-05,-0.0,1.1268977373768572e-05,0.00034406425117845373,0.00033169318992126555,0.00044972177713840407,0.002980950008009452,0.014150172477337776,True
energy_only,7303,672,1.126040736781506e-05,-0.0,1.126040736781506e-05,0.00034350988325026756,0.00032896847775563726,0.00044962009687783607,0.0029771950606550302,0.014137308626467013,True
energy_only,7303,673,1.1251923956719026e-05,-0.0,1.1251923956719026e-05,0.0003429628963447139,0.0003262629809374955,0.00044951932412530207,0.002973482393683224,0.014124587087920623,True
energy_only,7303,674,1.124352602951226e-05,-0.0,1.124352602951226e-05,0.00034242317123634987,0.00032357674118894947,0.00044941944955867485,0.0029698114281100914,0.014112005946024103,True
energy_only,7303,675,1.1235212492370164e-05,-0.0,1.1235212492370164e-05,0.00034189059074736695,0.0003209097999351384,0.0004493204639485871,0.0029661815933048367,0.014099563312295494,True
energy_only,7303,676,1.1226982268126577e-05,-0.0,1.1226982268126577e-05,0.00034136503970930995,0.00031826219830359494,0.00044922235815627866,0.0029625923268108856,0.014087257324861154,True
energy_only,7303,677,1.1218834295798987e-05,-0.0,1.1218834295798987e-05,0.0003408464049216894,0.0003156339771236129,0.00044912512313036835,0.002959043074173594,0.014075086147880856,True
energy_only,7303,678,1.1210767530135632e-05,-0.0,1.1210767530135632e-05,0.0003403345751102165,0.00031302517692561346,0.00044902874990483845,0.0029555332887697965,0.014063047970991586,True
energy_only,7303,679,1.1202780941179544e-05,-0.0,1.1202780941179544e-05,0.0003398294408864768,0.00031043583794052265,0.000448933229596171,0.0029520624316422945,0.01405114100875781,True
energy_only,7303,680,1.1194873513836196e-05,-0.0,1.1194873513836196e-05,0.0003393308947077668,0.0003078660000991507,0.0004488385534007885,0.0029486299713374535,0.014039363500134714,True
energy_only,7303,681,1.1187044247452009e-05,-0.0,1.1187044247452009e-05,0.0003388388308426364,0.00030531570303157687,0.00044874471259305173,0.0029452353837453307,0.014027713707945347,True
energy_only,7303,682,1.1179292155414655e-05,-0.0,1.1179292155414655e-05,0.00033835314532770707,0.00030278498606653643,0.0004486516985225247,0.002941878151944582,0.014016189918364924,True
energy_only,7303,683,1.117161626476567e-05,-0.0,1.117161626476567e-05,0.00033787373593853964,0.00030027388823081566,0.00044855950261197224,0.0029385577660496643,0.014004790440420157,True
energy_only,7303,684,1.1164015615801941e-05,-0.0,1.1164015615801941e-05,0.0003374005021453026,0.00029778244824864883,0.00044846811635494043,0.0029352737230612176,0.013993513605494098,True
energy_only,7303,685,1.1156489261710464e-05,-0.0,1.1156489261710464e-05,0.00033693334508233346,0.0002953107045411238,0.0004483775313138989,0.002932025526719916,0.013982357766847878,True
energy_only,7303,686,1.1149036268214739e-05,-0.0,1.1149036268214739e-05,0.00033647216751502484,0.0002928586952255856,0.00044828773911781243,0.0029288126873629927,0.013971321299144707,True
energy_only,7303,687,1.1141655713207034e-05,-0.0,1.1141655713207034e-05,0.0003360168738001455,0.00029042645811505066,0.0004481987314602141,0.0029256347217853835,0.01396040259799376,True
energy_only,7303,688,1.1134346686424384e-05,-0.0,1.1134346686424384e-05,0.00033556736985936833,0.0002880140307176251,0.00044811050009736976,0.0029224911531000276,0.013949600079492369,True
energy_only,7303,689,1.112710828910062e-05,-0.0,1.112710828910062e-05,0.00033512356314226047,0.0002856214502359233,0.00044802303684614574,0.002919381510605699,0.013938912179788657,True
energy_only,7303,690,1.111993963365458e-05,-0.0,1.111993963365458e-05,0.0003346853625988153,0.0002832487535664957,0.0004479363335822636,0.002916305329653539,0.013928337354644264,True
energy_only,7303,691,1.1112839843366993e-05,-0.0,1.1112839843366993e-05,0.00033425267864058757,0.00028089597729925994,0.0004478503822384816,0.002913262151519142,0.013917874079013683,True
energy_only,7303,692,1.1105808052076656e-05,-0.0,1.1105808052076656e-05,0.00033382542311552883,0.0002785631577169374,0.000447765174802652,0.0029102515232763116,0.013907520846627516,True
energy_only,7303,693,1.1098843403895554e-05,-0.0,1.1098843403895554e-05,0.0003334035092808687,0.0002762503307944916,0.0004476807033161482,0.002907272997672547,0.01389727616958511,True
energy_only,7303,694,1.1091945052900056e-05,-0.0,1.1091945052900056e-05,0.00033298685176534306,0.0002739575321985742,0.0004475969598718743,0.002904326133009711,0.013887138577958993,True
energy_only,7303,695,1.1085112162861464e-05,-0.0,1.1085112162861464e-05,0.0003325753665495705,0.00027168479728697636,0.0004475139366131588,0.0029014104930237396,0.013877106619405723,True
energy_only,7303,696,1.1078343906972236e-05,-0.0,1.1078343906972236e-05,0.00033216897093011456,0.0002694321611080822,0.00044743162573154794,0.00289852564677016,0.013867178858783233,True
energy_only,7303,697,1.1071639467581546e-05,-0.0,1.1071639467581546e-05,0.00033176758350209946,0.00026719965840032794,0.0004473500194655214,0.0028956711685084184,0.01385735387777428,True
energy_only,7303,698,1.1064998035918516e-05,-0.0,1.1064998035918516e-05,0.00033137112411855794,0.0002649873235916664,0.00044726911009911876,0.002892846637593073,0.013847630274530464,True
energy_only,7303,699,1.1058418811876279e-05,-0.0,1.1058418811876279e-05,0.00033097951387735334,0.00026279519079903843,0.00044718888996026775,0.0028900516383624283,0.01383800666330506,True
energy_only,7303,700,1.105190100372901e-05,-0.0,1.105190100372901e-05,0.0003305926750827211,0.0002606232938278427,0.00044710935141912324,0.002887285760033283,0.013828481674105123,True
energy_only,7303,701,1.1045443827916086e-05,-0.0,1.1045443827916086e-05,0.00033021053123283116,0.0002584716661714174,0.00044703048688710166,0.0028845485965965233,0.013819053952353683,True
energy_only,7303,702,1.1039046508815574e-05,-0.0,1.1039046508815574e-05,0.00032983300698477547,0.0002563403410105222,0.00044695228881531745,0.0028818397467133164,0.013809722158547429,True
energy_only,7303,703,1.1032708278485179e-05,-0.0,1.1032708278485179e-05,0.0003294600281327044,0.00025422935121282854,0.0004468747496930985,0.0028791588136166113,0.013800484967931877,True
energy_only,7303,704,1.1026428376488588e-05,-0.0,1.1026428376488588e-05,0.00032909152159042173,0.00025213872933241017,0.0004467978620469166,0.002876505405012146,0.013791341070179453,True
energy_only,7303,705,1.1020206049646368e-05,-0.0,1.1020206049646368e-05,0.00032872741535992415,0.0002500685076092425,0.00044672161843886416,0.0028738791329823653,0.013782289169071819,True
energy_only,7303,706,1.101404055184237e-05,-0.0,1.101404055184237e-05,0.0003283676385098841,0.00024801871796870556,0.0004466460114655393,0.00287127961389265,0.013773327982193839,True
energy_only,7303,707,1.1007931143824068e-05,-0.0,1.1007931143824068e-05,0.0003280121211600105,0.0002459893920210917,0.00044657103375697957,0.002868706468298861,0.013764456240632179,True
energy_only,7303,708,1.1001877092995191e-05,-0.0,1.1001877092995191e-05,0.0003276607944493707,0.00024398056106111703,0.00044649667797545177,0.002866159320857121,0.013755672688679388,True
energy_only,7303,709,1.0995877673241625e-05,-0.0,1.0995877673241625e-05,0.00032731359052286756,0.00024199225606743961,0.0004464229368137014,0.002863637800236332,0.013746976083540797,True
energy_only,7303,710,1.0989932164721922e-05,-0.0,1.0989932164721922e-05,0.0003269704425073531,0.00024002450770218306,0.0004463498029949841,0.002861141539029813,0.013738365195057672,True
energy_only,7303,711,1.0984039853705627e-05,-0.0,1.0984039853705627e-05,0.00032663128448970466,0.00023807734631046084,0.00044627726927092156,0.0028586701736725262,0.013729838805424686,True
energy_only,7303,712,1.0978200032386638e-05,-0.0,1.0978200032386638e-05,0.0003262960515000277,0.00023615080191991033,0.00044620532842099453,0.0028562233443570713,0.013721395708920999,True
energy_only,7303,713,1.0972411998719818e-05,-0.0,1.0972411998719818e-05,0.00032596467948612295,0.00023424490424022929,0.0004461339732514767,0.002853800694951858,0.013713034711642187,True
energy_only,7303,714,1.0966675056238664e-05,-0.0,1.0966675056238664e-05,0.0003256371053000982,0.00023235968266271787,0.0004460631965940694,0.00285140187292402,0.013704754631243876,True
energy_only,7303,715,1.096098851390927e-05,-0.0,1.096098851390927e-05,0.0003253132666770907,0.0002304951662598248,0.0004459929913054525,0.0028490265292586492,0.013696554296683592,True
energy_only,7303,716,1.0955351685960177e-05,-0.0,1.0955351685960177e-05,0.00032499310221893176,0.0002286513837846993,0.0004459233502657722,0.00284667431838481,0.013688432547972541,True
energy_only,7303,717,1.0949763891728792e-05,-0.0,1.0949763891728792e-05,0.00032467655137211076,0.00022682836367074845,0.00044585426637820994,0.0028443448980999286,0.01368038823593383,True
energy_only,7303,718,1.0944224455531588e-05,-0.0,1.0944224455531588e-05,0.00032436355441281854,0.00022502613403119735,0.0004457857325676979,0.0028420379294962048,0.013672420221957922,True
energy_only,7303,719,1.0938732706478296e-05,-0.0,1.0938732706478296e-05,0.0003240540524308979,0.0002232447226586566,0.0004457177417803075,0.00283975307689036,0.013664527377775744,True
energy_only,7303,720,1.0933287978370763e-05,-0.0,1.0933287978370763e-05,0.00032374798730728827,0.0002214841570246927,0.00044565028698213485,0.0028374900077526694,0.013656708585224168,True
energy_only,7303,721,1.092788960953776e-05,-0.0,1.092788960953776e-05,0.00032344530170455994,0.00021974446427940666,0.0004455833611588699,0.0028352483926386445,0.013648962736027118,True
energy_only,7303,722,1.0922536942705718e-05,-0.0,1.0922536942705718e-05,0.000323145939044878,0.00021802567125101219,0.0004455169573143398,0.0028330279051222962,0.013641288731570679,True
energy_only,7303,723,1.0917229324881207e-05,-0.0,1.0917229324881207e-05,0.000322849843496554,0.0002163278044454237,0.0004454510684703726,0.002830828221730058,0.013633685482694368,True
energy_only,7303,724,1.0911966107202137e-05,-0.0,1.0911966107202137e-05,0.0003225569599611364,0.0002146508900458481,0.0004453856876655515,0.0028286490218763986,0.01362615190947587,True
energy_only,7303,725,1.0906746644828543e-05,-0.0,1.0906746644828543e-05,0.0003222672340509604,0.00021299495391237995,0.0004453208079548325,0.002826489987801355,0.013618686941030994,True
energy_only,7303,726,1.090157029681667e-05,-0.0,1.090157029681667e-05,0.0003219806120819387,0.00021136002158160294,0.00044525642240846297,0.002824350804509275,0.013611289515309996,True
energy_only,7303,727,1.0896436425994013e-05,-0.0,1.0896436425994013e-05,0.0003216970410541356,0.00020974611826619547,0.00044519252411137297,0.002822231159707261,0.013603958578897977,True
energy_only,7303,728,1.0891344398866777e-05,-0.0,1.0891344398866777e-05,0.0003214164686393577,0.00020815326885454397,0.0004451291061626487,0.0028201307437477614,0.013596693086829181,True
energy_only,7303,729,1.0886293585479241e-05,-0.0,1.0886293585479241e-05,0.0003211388431682023,0.00020658149791035661,0.0004450661616746111,0.002818049249570059,0.013589492002393625,True
energy_only,7303,730,1.0881283359325583e-05,-0.0,1.0881283359325583e-05,0.000320864113614792,0.00020503082967228534,0.00044500368377237907,0.002815986372643242,0.013582354296953548,True
energy_only,7303,731,1.0876313097236811e-05,-0.0,1.0876313097236811e-05,0.0003205922295824848,0.00020350128805355294,0.00044494166559301584,0.002813941810912971,0.013575278949767303,True
energy_only,7303,732,1.08713821792796e-05,-0.0,1.08713821792796e-05,0.00032032314129255027,0.00020199289664158331,0.0004448801002852107,0.002811915264745258,0.013568264947809622,True
energy_only,7303,733,1.0866489988649116e-05,-0.0,1.0866489988649116e-05,0.0003200567995700616,0.00020050567869763818,0.0004448189810081412,0.002809906436874911,0.013561311285597736,True
energy_only,7303,734,1.086163591158835e-05,-0.0,1.086163591158835e-05,0.00031979315583587564,0.00019903965715645745,0.0004447583009314412,0.0028079150323535532,0.013554416965027988,True
energy_only,7303,735,1.0856819337279696e-05,-0.0,1.0856819337279696e-05,0.00031953216208388443,0.00019759485462590742,0.0004446980532343762,0.0028059407584990455,0.013547580995208372,True
energy_only,7303,736,1.0852039657743568e-05,-0.0,1.0852039657743568e-05,0.0003192737708821317,0.00019617129338663012,0.00044463823110507775,0.0028039833248465107,0.013540802392296731,True
energy_only,7303,737,1.0847296267784773e-05,-0.0,1.0847296267784773e-05,0.0003190179353530043,0.00019476899539170114,0.000444578827740567,0.0028020424430991223,0.013534080179346649,True
energy_only,7303,738,1.0842588564855199e-05,-0.0,1.0842588564855199e-05,0.00031876460916251923,0.0001933879822662896,0.0004445198363454104,0.0028001178270824698,0.013527413386149947,True
energy_only,7303,739,1.0837915949013869e-05,-0.0,1.0837915949013869e-05,0.00031851374651047944,0.00019202827530732724,0.00044446125013213506,0.0027982091926962603,0.01352080104908961,True
energy_only,7303,740,1.0833277822815707e-05,-0.0,1.0833277822815707e-05,0.00031826530212185485,0.000190689895483177,0.00044440306231988987,0.002796316257871149,0.013514242210990093,True
energy_only,7303,741,1.0828673591245321e-05,-0.0,1.0828673591245321e-05,0.00031801923123073747,0.00018937286343331117,0.0004443452661343818,0.002794438742523441,0.013507735920974526,True
energy_only,7303,742,1.0824102661639325e-05,-0.0,1.0824102661639325e-05,0.0003177754895755368,0.0001880771994679934,0.0004442878548076018,0.0027925763685127426,0.013501281234328977,True
energy_only,7303,743,1.081956444359018e-05,-0.0,1.081956444359018e-05,0.0003175340333818837,0.00018680292356796494,0.0004442308215766547,0.002790728859599886,0.013494877212357948,True
energy_only,7303,744,1.0815058348900717e-05,-0.0,1.0815058348900717e-05,0.0003172948193621742,0.00018555005538413655,0.00044417415968427034,0.0027888959414049085,0.01348852292225804,True
energy_only,7303,745,1.0810583791499561e-05,-0.0,1.0810583791499561e-05,0.0003170578046953107,0.0001843186142372853,0.00044411786237730255,0.002787077341368223,0.013482217436980127,True
energy_only,7303,746,1.0806140187366091e-05,-0.0,1.0806140187366091e-05,0.0003168229470274879,0.00018310861911775708,0.0004440619229072711,0.0027852727887104642,0.013475959835109175,True
energy_only,7303,747,1.0801726954466693e-05,-0.0,1.0801726954466693e-05,0.00031659020445504415,0.00018192008868517365,0.00044400633452938866,0.0027834820143945644,0.013469749200734897,True
energy_only,7303,748,1.0797343512695458e-05,-0.0,1.0797343512695458e-05,0.00031635953551481077,0.00018075304126814428,0.00044395109050245345,0.0027817047510890042,0.013463584623335342,True
energy_only,7303,749,1.0792989283806473e-05,-0.0,1.0792989283806473e-05,0.00031613089918728,0.00017960749486398386,0.00044389618408802655,0.0027799407331305344,0.013457465197651163,True
energy_only,7303,750,1.0788663691337693e-05,-0.0,1.0788663691337693e-05,0.0003159042548714589,0.00017848346713843555,0.0004438416085506573,0.0027781896964889667,0.013451390023577581,True
energy_only,7303,751,1.0784366160578305e-05,-0.0,1.0784366160578305e-05,0.0003156795623879118,0.00017738097542539683,0.0004437873571570491,0.002776451378732967,0.013445358206048193,True
energy_only,7303,752,1.0780096118486224e-05,-0.0,1.0780096118486224e-05,0.00031545678196601905,0.00017630003672665403,0.000443733423175926,0.0027747255189957253,0.013439368854925844,True
energy_only,7303,753,1.0775852993643217e-05,-0.0,1.0775852993643217e-05,0.0003152358742387516,0.00017524066771161875,0.00044367979987770015,0.0027730118579419967,0.013433421084895692,True
energy_only,7303,754,1.0771636216192726e-05,-0.0,1.0771636216192726e-05,0.0003150168002311471,0.0001742028847170722,0.0004436264805339694,0.002771310137736665,0.013427514015361245,True
energy_only,7303,755,1.076744521779402e-05,-0.0,1.076744521779402e-05,0.000314799521353283,0.0001731867037469116,0.00044357345841756975,0.0027696201020126565,0.013421646770344263,True
energy_only,7303,756,1.0763279431563918e-05,-0.0,1.0763279431563918e-05,0.00031458399939837515,0.00017219214047190464,0.0004435207268017328,0.0027679414958411684,0.013415818478382378,True
energy_only,7303,757,1.0759138292035548e-05,-0.0,1.0759138292035548e-05,0.0003143701965259625,0.0001712192102294474,0.000443468278960231,0.002766274065701857,0.013410028272437136,True
energy_only,7303,758,1.0755021235090844e-05,-0.0,1.0755021235090844e-05,0.0003141580752653704,0.00017026792802332771,0.0004434161081668631,0.002764617559453922,0.013404275289797783,True
energy_only,7303,759,1.0750927697938553e-05,-0.0,1.0750927697938553e-05,0.00031394759850132827,0.00016933830852349416,0.0004433642076953536,0.0027629717263081667,0.013398558671992574,True
energy_only,7303,760,1.0746857119049196e-05,-0.0,1.0746857119049196e-05,0.0003137387294660335,0.0001684303660658292,0.0004433125708189587,0.002761336316799597,0.013392877564698591,True
energy_only,7303,761,1.0742808938121298e-05,-0.0,1.0742808938121298e-05,0.0003135314317427345,0.00016754411465192895,0.0004432611908101325,0.002759711082761167,0.013387231117655845,True
energy_only,7303,762,1.0738782596029252e-05,-0.0,1.0738782596029252e-05,0.0003133256692498571,0.00016667956794888633,0.0004432100609404845,0.0027580957772975596,0.013381618484584554,True
energy_only,7303,763,1.0734777534791871e-05,-0.0,1.0734777534791871e-05,0.0003131214062363391,0.00016583673928908117,0.00044315917448048083,0.0027564901547604288,0.01337603882310432,True
energy_only,7303,764,1.0730793197527272e-05,-0.0,1.0730793197527272e-05,0.0003129186072790319,0.00016501564166997385,0.00044310852469892087,0.00275489397072454,0.013370491294653673,True
energy_only,7303,765,1.0726829028412827e-05,-0.0,1.0726829028412827e-05,0.0003127172372744556,0.0001642162877539056,0.00044305810486334427,0.0027533069819636706,0.013364975064418833,True
energy_only,7303,766,1.0722884472656141e-05,-0.0,1.0722884472656141e-05,0.000312517261432166,0.0001634386898679025,0.0004430079082391077,0.0027517289464281734,0.013359489301253472,True
energy_only,7303,767,1.0718958976446558e-05,-0.0,1.0718958976446558e-05,0.0003123186452740622,0.0001626828600034861,0.0004429579280897515,0.0027501596232218798,0.013354033177610178,True
energy_only,7303,768,1.071505198692891e-05,-0.0,1.071505198692891e-05,0.00031212135462273445,0.00016194880981648766,0.00044290815767644807,0.0027485987725824005,0.013348605869472778,True
energy_only,7303,769,1.0711162952171418e-05,-0.0,1.0711162952171418e-05,0.000311925355599126,0.00016123655062686925,0.0004428585902580702,0.0027470461558588067,0.01334320655628704,True
energy_only,7303,770,1.0707291321119965e-05,-0.0,1.0707291321119965e-05,0.0003117306146205436,0.00016054609341854863,0.0004428092190906458,0.00274550153549269,0.013337834420895468,True
energy_only,7303,771,1.0703436543595334e-05,-0.0,1.0703436543595334e-05,0.0003115370983883633,0.00015987744883923008,0.00044276003742774775,0.0027439646749977536,0.013332488649477413,True
energy_only,7303,772,1.069959807022597e-05,-0.0,1.069959807022597e-05,0.0003113447738944561,0.00015923062720024037,0.0004427110385197816,0.0027424353389421566,0.013327168431486111,True
energy_only,7303,773,1.0695775352448566e-05,-0.0,1.0695775352448566e-05,0.0003111536084009176,0.0001586056384763691,0.00044266221561419525,0.0027409132929295645,0.013321872959591474,True
energy_only,7303,774,1.0691967842477543e-05,-0.0,1.0691967842477543e-05,0.0003109635694514859,0.00015800249230571548,0.0004426135619551221,0.002739398303582438,0.01331660142962385,True
energy_only,7303,775,1.0688174993254987e-05,-0.0,1.0688174993254987e-05,0.0003107746248588246,0.00015742119798953978,0.00044256507078346054,0.0027378901385246516,0.013311353040520363,True
energy_only,7303,776,1.068439625845131e-05,-0.0,1.068439625845131e-05,0.0003105867426995237,0.00015686176449211954,0.0004425167353364614,0.002736388566366531,0.01330612699427356,True
energy_only,7303,777,1.068063109244041e-05,-0.0,1.068063109244041e-05,0.00031039989131601475,0.000156324200440611,0.00044246854884784776,0.0027348933566874885,0.01330092249587824,True
energy_only,7303,778,1.0676878950254831e-05,-0.0,1.0676878950254831e-05,0.0003102140393069308,0.00015580851412491707,0.0004424205045477097,0.002733404280023201,0.013295738753290081,True
energy_only,7303,779,1.0673139287581343e-05,-0.0,1.0673139287581343e-05,0.00031002915552571955,0.0001553147134975587,0.0004423725956621691,0.00273192110784997,0.013290574977373033,True
energy_only,7303,780,1.0669411560740975e-05,-0.0,1.0669411560740975e-05,0.0003098452090779286,0.00015484280617355237,0.00044232481541339204,0.0027304436125716895,0.013285430381858549,True
energy_only,7303,781,1.0665695226659476e-05,-0.0,1.0665695226659476e-05,0.0003096621693169002,0.00015439279943029263,0.00044227715701972446,0.002728971567506687,0.013280304183305763,True
energy_only,7303,782,1.0661989742856301e-05,-0.0,1.0661989742856301e-05,0.00030948000583904534,0.00015396470020744035,0.00044222961369522467,0.0027275047468751784,0.01327519560105715,True
energy_only,7303,783,1.0658294567415819e-05,-0.0,1.0658294567415819e-05,0.0003092986884819168,0.00015355851510681515,0.0004421821786499535,0.0027260429257877834,0.01327010385720559,True
energy_only,7303,784,1.0654609158993198e-05,-0.0,1.0654609158993198e-05,0.0003091181873228257,0.00015317425039229355,0.0004421348450894534,0.0027245858802342282,0.013265028176553381,True
energy_only,7303,785,1.0650932976765371e-05,-0.0,1.0650932976765371e-05,0.00030893847267167597,0.000152811911989713,0.0004420876062151686,0.002723133387072288,0.01325996778658203,True
energy_only,7303,786,1.0647265480445629e-05,-0.0,1.0647265480445629e-05,0.000308759515072517,0.00015247150548677976,0.000442040455224247,0.00272168522401799,0.013254921917419407,True
energy_only,7303,787,1.0643606130256178e-05,-0.0,1.0643606130256178e-05,0.0003085812852994891,0.0001521530361329834,0.0004419933853091635,0.002720241169636328,0.0132498898018066,True
energy_only,7303,788,1.0639954386912616e-05,-0.0,1.0639954386912616e-05,0.0003084037543513473,0.00015185650883951522,0.0004419463896580907,0.0027188010033319747,0.013244870675072741,True
energy_only,7303,789,1.0636309711617971e-05,-0.0,1.0636309711617971e-05,0.00030822689345550347,0.00015158192817919285,0.0004418994614547899,0.0027173645053410467,0.013239863775108003,True
energy_only,7303,790,1.0632671566053236e-05,-0.0,1.0632671566053236e-05,0.0003080506740564288,0.0001513292983863896,0.00044185259387830267,0.0027159314567231168,0.013234868342335254,True
energy_only,7303,791,1.0629039412354639e-05,-0.0,1.0629039412354639e-05,0.00030787506782160704,0.0001510986233569698,0.00044180578010335244,0.002714501639354145,0.013229883619692177,True
energy_only,7303,792,1.0625412713119226e-05,-0.0,1.0625412713119226e-05,0.0003077000466368782,0.0001508899066482275,0.00044175901329989933,0.002713074835919874,0.013224908852605789,True
energy_only,7303,793,1.0621790931381174e-05,-0.0,1.0621790931381174e-05,0.0003075255826020355,0.00015070315147883243,0.00044171228663339153,0.002711650829909231,0.013219943288974433,True
energy_only,7303,794,1.0618173530627561e-05,-0.0,1.0618173530627561e-05,0.00030735164803246914,0.00015053836072878072,0.00044166559326484035,0.002710229405608666,0.013214986179150819,True
energy_only,7303,795,1.0614559974755314e-05,-0.0,1.0614559974755314e-05,0.00030717821545641363,0.00015039553693934918,0.00044161892635041257,0.002708810348097549,0.013210036775923233,True
energy_only,7303,796,1.0610949728101054e-05,-0.0,1.0610949728101054e-05,0.00030700525760993155,0.0001502746823130576,0.00044157227904205297,0.002707393443243049,0.013205094334506123,True
energy_only,7303,797,1.0607342255404909e-05,-0.0,1.0607342255404909e-05,0.00030683274744046905,0.00015017579871363365,0.00044152564448694305,0.002705978477696282,0.013200158112522231,True
energy_only,7303,798,1.0603737021840788e-05,-0.0,1.0603737021840788e-05,0.0003066606581027188,0.0001500988876659848,0.0004414790158276834,0.0027045652388886857,0.013195227369993161,True
energy_only,7303,799,1.0600133492976168e-05,-0.0,1.0600133492976168e-05,0.00030648896295752264,0.0001500439503561747,0.0004414323862026556,0.002703153515028737,0.013190301369332972,True
energy_only,7303,800,1.0596531134785863e-05,-0.0,1.0596531134785863e-05,0.0003063176355697206,0.00015001098763140446,0.00044138574874541455,0.0027017430950999582,0.013185379375335409,True
energy_gradient,7303,1,1.260754250976061,1.1707246178025081,2.4314788687785693,2.434265518609818,0.003,0.10124685372476713,0.33115216669997544,2.119266871136703,True
energy_gradient,7303,2,1.1975091646436404,1.17039132223133,2.3679004868749702,2.109298587571006,0.0029999890123685955,0.09827138852492748,0.3311014310055476,2.087354050170514,True
energy_gradient,7303,3,1.144872559005168,1.170057785864945,2.3149303448701133,1.8104013518488966,0.0029999560496438253,0.09564500043106984,0.33104555762562626,2.059150405899027,True
energy_gradient,7303,4,1.1012856856905193,1.1696908571362492,2.2709765428267685,1.5308502569940703,0.0029999011123340146,0.0933308654744736,0.3309796152915533,2.0342474903568175,True
energy_gradient,7303,5,1.0654942263826002,1.169258019039486,2.234752245422086,1.263810616843018,0.002999824201286366,0.09130261496372612,0.3308986487395846,2.012348357291806,True
energy_gradient,7303,6,1.0365960428496326,1.1687269247192635,2.205322967568896,1.003145662980616,0.002999725317686942,0.08954743142922003,0.3307982864198575,1.9933025078672493,True
energy_gradient,7303,7,1.0140379978163925,1.1680693007376985,2.182107298554091,0.7439113254702148,0.0029996044630606505,0.08806648605378678,0.3306735617110697,1.9771068611668223,True
energy_gradient,7303,8,0.9975436920739303,1.1672528987645332,2.1647965908384634,0.4838121440708106,0.002999461639271219,0.08686984340789931,0.3305191786547561,1.963852211945813,True
energy_gradient,7303,9,0.9869506689455304,1.166243412161919,2.1531940811074493,0.22970832808757252,0.002999296848521167,0.08596700173757381,0.3303302700329324,1.9536246561369257,True
energy_gradient,7303,10,0.9819635261156165,1.1650095015547097,2.1469730276703265,0.12684292628279226,0.0029991100933517718,0.08535085469442297,0.33010350291376167,1.9463379010373916,True
energy_gradient,7303,11,0.9817641805572336,1.1635300316811452,2.1452942122383787,0.3465799015980993,0.0029989013766430297,0.08497517866128458,0.32983965302190205,1.941501089221846,True
energy_gradient,7303,12,0.9845618281532488,1.1618108798570026,2.1463727080102513,0.575290951318576,0.00299867070161361,0.08474445931876724,0.32954562065706966,1.938116553000527,True
energy_gradient,7303,13,0.9876040570085797,1.159897977176906,2.147502034185486,0.7584322237542929,0.0029984180718208068,0.08454426283037034,0.329232086401721,1.9349965769496644,True
energy_gradient,7303,14,0.9881514194975047,1.157861793676583,2.1460132131740877,0.8754123493786239,0.002998143491160484,0.0842928297133214,0.32890810153603434,1.9312970300307466,True
energy_gradient,7303,15,0.9846484864007709,1.1557619421005558,2.1404104285013266,0.9218267471880415,0.0029978469638670155,0.08396292572089645,0.3285775800884833,1.9267395506379736,True
energy_gradient,7303,16,0.9769988795528581,1.1536244304707328,2.1306233100235907,0.9063639318628643,0.002997528494513219,0.08356756856950957,0.3282385231903603,1.9214567915113505,True
energy_gradient,7303,17,0.966065606680421,1.1514368825627639,2.1175024892431846,0.8451902810950385,0.0029971880880102857,0.08313355345162395,0.3278831554591157,1.9157103162237663,True
energy_gradient,7303,18,0.9530090345498782,1.1491497496910326,2.1021587842409106,0.7575551782207173,0.002996825749607705,0.08267895377974209,0.3274978362933642,1.9096502126036496,True
energy_gradient,7303,19,0.938782307901813,1.1466761082957837,2.085458416197597,0.6635247707287258,0.0029964414848931836,0.08219988113949182,0.32706331487159573,1.9031745970485447,True
energy_gradient,7303,20,0.9238433878970672,1.1438938040758981,2.0677371919729652,0.5827203649812487,0.002996035299792558,0.08166726831569586,0.3265558477822671,1.8958987893604617,True
energy_gradient,7303,21,0.908070975257304,1.140653288942487,2.048724264199791,0.5321481199551971,0.002995607200569706,0.08103034266907048,0.3259479453999322,1.8871947213207916,True
energy_gradient,7303,22,0.8908331626580621,1.1367830934022065,2.0276162560602686,0.5217005004982276,0.0029951571938264467,0.08022303700327817,0.3252096444474211,1.8762633442451087,True
energy_gradient,7303,23,0.8711317240640561,1.1320988518510835,2.00323057591514,0.5501205297040533,0.0029946852865024402,0.07916908021612779,0.32431016264720075,1.8621941459731643,True
energy_gradient,7303,24,0.8477468579410768,1.1264149719402663,1.9741618298813433,0.608260352094179,0.002994191485875082,0.07778363544940177,0.3232202171238069,1.8439899054305289,True
energy_gradient,7303,25,0.819337992228846,1.1195605693999708,1.9388985616288168,0.6864087464383277,0.002993675799559388,0.07597300549102295,0.3219169685843528,1.8205790579208156,True
energy_gradient,7303,26,0.7845205643891149,1.1114116286049944,1.8959321929941093,0.7776659996598513,0.00299313823550788,0.07363555536381504,0.32039475459456496,1.7908592096006708,True
energy_gradient,7303,27,0.741973496922809,1.1019580605182,1.843931557441009,0.8771691434989768,0.0029925788020104594,0.07066887035879117,0.3186873054405758,1.7538432148219696,True
energy_gradient,7303,28,0.6906505194088316,1.0914385301792233,1.782089049588055,0.980298375944694,0.002991997507694284,0.06699110596444205,0.3169110460504918,1.7090228510022276,True
energy_gradient,7303,29,0.6301766938761432,1.0805972579044736,1.7107739517806166,1.0825152436482977,0.00299139436152363,0.06259015422069002,0.3153426539617239,1.6571368021034538,True
energy_gradient,7303,30,0.5614941847767071,1.0711355461945657,1.632629730971273,1.1854399545423095,0.002990769372799759,0.0576098325636502,0.3145260594566994,1.601426095878953,True
energy_gradient,7303,31,0.48753783959491637,1.0663256927450855,1.5538635323400019,1.3160942485079774,0.0029901225511607694,0.052385991458174096,0.3151968118339024,1.5477821862742145,True
energy_gradient,7303,32,0.4126459813238374,1.0705185079346637,1.4831644892585012,1.5309806675098878,0.0029894539065814505,0.047076426956551,0.3172602085904152,1.4975919782568865,True
energy_gradient,7303,33,0.3380908015943461,1.082937956105344,1.4210287576996903,1.7633093046778032,0.00298876344937313,0.04139443015052127,0.3188643250262826,1.4419865374867875,True
energy_gradient,7303,34,0.26245522820174927,1.0920704583140064,1.3545256865157556,1.7515103671514411,0.002988051190183511,0.03612454557259213,0.31840323630921286,1.3843008349906432,True
energy_gradient,7303,35,0.19600553923024075,1.0879870682172244,1.283992607447465,1.4895331836877261,0.002987317139996513,0.033689562615523964,0.31544923652440837,1.3490488240265996,True
energy_gradient,7303,36,0.15811864184971305,1.0681781013386327,1.2262967431883458,1.4276959312670974,0.002986561310132096,0.034226865731992226,0.30982950012445293,1.33715451947807,True
energy_gradient,7303,37,0.14942202341967128,1.0320825529653261,1.1815045763849974,1.7816359094423537,0.0029857837122460934,0.034439124897686066,0.3016084934996397,1.313631585004605,True
energy_gradient,7303,38,0.1462444937891333,0.9814021784767979,1.1276466722659313,2.130319774196891,0.002984984358330025,0.03226942560955726,0.29156263519529857,1.25896448533575,True
energy_gradient,7303,39,0.13109962519121063,0.9226073394954218,1.0537069646866324,2.204445387132464,0.002984163260710918,0.027569265293865445,0.2811797974092252,1.1762356692333493,True
energy_gradient,7303,40,0.10233383046971635,0.86560250253166,0.9679363330013764,1.9216117765902545,0.002983320432051112,0.022006184533017923,0.2721166533646083,1.0884376011454577,True
energy_gradient,7303,41,0.07209097195683739,0.8194397502132276,0.891530722170065,1.345198891640854,0.0029824558853480698,0.019536625889833504,0.2655344258670272,1.041435369681789,True
energy_gradient,7303,42,0.05829191349222903,0.7886552701250784,0.8469471836173075,0.8251171712776897,0.0029815696339341694,0.022335666605687334,0.26173251547078796,1.0593802147958993,False
energy_gradient,7303,43,0.06813941257541976,0.772580992392796,0.8407204049682158,0.9730444248463669,0.002980661691476505,0.026496342145618166,0.26010781190954635,1.0986857888621973,False
energy_gradient,7303,44,0.0883454474563432,0.766855437883347,0.8552008853396902,1.301284795176163,0.0029797320719766713,0.028926260945141842,0.2595828448952597,1.122970731723134,False
energy_gradient,7303,45,0.10130398843064625,0.7661977678154974,0.8675017562461437,1.3692439984761748,0.0029787807897705514,0.02949031473045415,0.25929495648048934,1.1280871549861144,False
energy_gradient,7303,46,0.10293505334119983,0.7668027144201287,0.8697377677613285,1.1922082407832284,0.002977807859528094,0.029221997892145492,0.2588422186946959,1.1238035481927846,False
energy_gradient,7303,47,0.09990809075385944,0.7665715387939755,0.866479629547835,0.91580986431293,0.002976813296253087,0.029271266469255142,0.258083871390962,1.121950506582841,False
energy_gradient,7303,48,0.10049744015730576,0.7639885302296725,0.8644859703869783,0.8053068943463607,0.0029757971152829265,0.03018731004749884,0.25692378556722917,1.1280873471663748,False
energy_gradient,7303,49,0.10777697889291028,0.7576129352198578,0.8653899141127681,0.9866854716836863,0.00297475933228838,0.031567747043852755,0.2553886123910806,1.1380035214598514,False
energy_gradient,7303,50,0.11782201318588718,0.7473918763770155,0.8652138895629027,1.1985151774284462,0.0029736999632733446,0.03264024959864403,0.2537765602501652,1.1443923121665558,False
energy_gradient,7303,51,0.12462338108677393,0.7356461042096183,0.8602694852963922,1.2871526480782864,0.0029726190245746016,0.03295263088202162,0.2524517245243576,1.1435701720034275,False
energy_gradient,7303,52,0.12535581292712766,0.7253143544180991,0.8506701673452268,1.272096383162425,0.0029715165328615626,0.032424498620865834,0.2515273329063295,1.1350343471618012,False
energy_gradient,7303,53,0.12040082222512656,0.7177113974769285,0.8381122197020551,1.2089662100230776,0.002970392505136014,0.031134036577559636,0.2508404780922752,1.1191081847133197,False
energy_gradient,7303,54,0.11112819733747292,0.7122951839877757,0.8234233813252486,1.1215128145333677,0.002969246958731854,0.029202492565476502,0.25015315776055774,1.0963390417327519,False
energy_gradient,7303,55,0.0988839656052853,0.7078403292148108,0.8067242948200961,1.0058829187914529,0.0029680799113148246,0.0267868234140811,0.2493300013593452,1.0679772972533828,False
energy_gradient,7303,56,0.08509654951039203,0.7034969587995376,0.7885935083099296,0.8536469401400458,0.002966891380882241,0.02410748339133967,0.24838773462435335,1.036428068854499,True
energy_gradient,7303,57,0.0714710941507722,0.6991135453116502,0.7705846394624224,0.6657208737553717,0.0029656813857627125,0.02147208545515165,0.24743906054257156,1.00532768416735,True
energy_gradient,7303,58,0.059847543378941305,0.6949568821776476,0.7548044255565889,0.4678114348164828,0.0029644499446158613,0.019254202335441777,0.24657698249766385,0.9789545876974988,True
energy_gradient,7303,59,0.05169763848265767,0.6911374125121061,0.7428350509947638,0.3529902125525271,0.002963197076432033,0.017758308720282716,0.24576023942396844,0.9604286526373712,True
energy_gradient,7303,60,0.04742781269494259,0.6871187874537048,0.7345466001486474,0.4287104527498862,0.002961922800532004,0.016998727019637967,0.24479783740454866,0.9493036046023182,True
energy_gradient,7303,61,0.046001625757752726,0.681798127034745,0.7277997527924976,0.5742411130685754,0.0029606271365666867,0.01666385805835709,0.24348544030682015,0.941613135562269,True
energy_gradient,7303,62,0.04550827829637039,0.674295190902104,0.7198034691984744,0.6632815895396059,0.002959310104516821,0.01638981116288566,0.24176955532209193,0.933306065365386,True
energy_gradient,7303,63,0.04443400538217973,0.6646946922342515,0.7091286976164313,0.6634754609955948,0.0029579717246926707,0.01601000034789637,0.2397517368465695,0.9229231777540217,True
energy_gradient,7303,64,0.042433788931735425,0.6538573678461121,0.6962911567778476,0.597003176659535,0.002956612017733708,0.015552152388150376,0.2375407788972705,0.9111016396267283,True
energy_gradient,7303,65,0.040001670448562475,0.6425370140561962,0.6825386845047587,0.5133024016221751,0.002955231004608297,0.01509597427665391,0.23512241885587132,0.8986473309653245,True
energy_gradient,7303,66,0.03767330228420623,0.6307376227018967,0.6684109249861029,0.46229787712746934,0.0029538287066133676,0.014663469638034481,0.23235442237833467,0.885348901880185,True
energy_gradient,7303,67,0.03557300858198255,0.6177724966361398,0.6533455052181223,0.46197642519412313,0.0029524051453740903,0.014215069457847555,0.22906247260881504,0.8702372712279505,True
energy_gradient,7303,68,0.03349919419367352,0.602805051448922,0.6363042456425956,0.4899431552208998,0.0029509603428435403,0.013721066594874617,0.22515975287989282,0.8527230777894688,True
energy_gradient,7303,69,0.0312708820555637,0.5854472495562862,0.61671813161185,0.5175242134931602,0.0029494943213023597,0.013239623837552334,0.22073401312396443,0.8337022842432881,True
energy_gradient,7303,70,0.029014049544616595,0.5661364528111111,0.5951505023557278,0.5340773137703555,0.0029480071033584146,0.012950670303691549,0.21607022804235154,0.8159889893675852,True
energy_gradient,7303,71,0.027227619207517116,0.5461637710634579,0.5733913902709751,0.5500012324949323,0.002946498711946445,0.013098556179356279,0.21157400839849472,0.8034632010552368,True
energy_gradient,7303,72,0.026597938173752604,0.5272671729090257,0.5538651110827782,0.5916045208013682,0.002944969170327713,0.013808938350152341,0.20756477510297755,0.7984678866997915,True
energy_gradient,7303,73,0.027577810466303754,0.5107589191462614,0.5383367296125652,0.6808653963198346,0.0029434185020896417,0.014889583047561914,0.2039922815855967,0.7987939431116355,False
energy_gradient,7303,74,0.02983443191720289,0.49645976867272396,0.5262942005899268,0.8075797283861511,0.002941846731145454,0.015840284603704635,0.20031075794607553,0.7973912559143379,True
energy_gradient,7303,75,0.0319576655849706,0.4823010523592715,0.5142587179442422,0.9280182945177614,0.0029402538817338026,0.01610304212441366,0.19579328036994015,0.7860246756031627,True
energy_gradient,7303,76,0.03206059451512989,0.4655825666353679,0.4976431611504978,0.9910908721953615,0.002938639978418395,0.01536623634874564,0.1901647836207327,0.760505812652275,True
energy_gradient,7303,77,0.02922218205522862,0.445346401515334,0.47456858357056264,0.9710264778919778,0.002937005046087618,0.013727256476201587,0.18393426620457765,0.7234706443707243,True
energy_gradient,7303,78,0.024388641297724972,0.42343436975205334,0.4478230110497783,0.891874596101102,0.00293534910995415,0.011641882854890012,0.1779728207740553,0.6825156767264831,True
energy_gradient,7303,79,0.01962439263209572,0.40272111357086393,0.42234550620295963,0.8231725770290482,0.0029336721955545743,0.009724128584059872,0.17258883153583604,0.6451609129245157,True
energy_gradient,7303,80,0.016519080260354972,0.3839584086352963,0.40047748889565127,0.8125364468471872,0.0029319743287489863,0.008552627067540513,0.1670685016662291,0.6153423533658017,True
energy_gradient,7303,81,0.015462990073752762,0.3646487986255902,0.3801117886993429,0.816816678185246,0.0029302555357205917,0.008537369989026555,0.16046381773687143,0.5944615778390658,True
energy_gradient,7303,82,0.016184471140525028,0.34197170268674987,0.3581561738272749,0.7665249496255349,0.002928515842975305,0.009616011361300941,0.15292716211507734,0.5823312421486665,True
energy_gradient,7303,83,0.018271982003820214,0.3168900534977656,0.33516203550158585,0.6730038673972819,0.002926755277341342,0.011163392251092785,0.1459218284225368,0.5768698980743446,True
energy_gradient,7303,84,0.020984401216039426,0.2940175639923153,0.3150019652083548,0.6937952557902137,0.002924973865968801,0.012342314230282786,0.1402404602267765,0.5716295132567162,True
energy_gradient,7303,85,0.022887367096048016,0.2754015872589006,0.2982889543549486,0.8774065138950301,0.0029231716363292497,0.012460498564355648,0.13418770535752367,0.5539041253123482,True
energy_gradient,7303,86,0.022357783148155612,0.25627656762106477,0.2786343507692204,0.9314927953794486,0.002921348616215299,0.011602856021343646,0.12647465231881738,0.5205567557292808,True
energy_gradient,7303,87,0.019833581567097386,0.23362726094668443,0.2534608425137818,0.6951726879064615,0.0029195048337401735,0.010768431318925326,0.11902217319757945,0.4882745464180364,True
energy_gradient,7303,88,0.01789364902696454,0.21264231278502654,0.2305359618119911,0.5365082419583463,0.0029176403173372806,0.010444746908962566,0.11311957461903623,0.4663046275806415,True
energy_gradient,7303,89,0.017153405416268988,0.19612161920705257,0.21327502462332154,0.7535412226976848,0.002915755095759769,0.010093333103872063,0.10688076877100335,0.44298415083819265,True
energy_gradient,7303,90,0.015977702490345625,0.17952434064619344,0.19550204313653907,0.75986382700517,0.002913849198080088,0.009944065705736426,0.1002181133919061,0.42049139124705504,True
energy_gradient,7303,91,0.014924923822639768,0.16252819525978923,0.177453119082429,0.5447289880685449,0.0029119226536895373,0.010369819195409075,0.09508910564426643,0.4089459936298186,True
energy_gradient,7303,92,0.015217726621634972,0.14864710976849335,0.16386483639012833,0.6774778048007579,0.002909975492297815,0.01003910259333997,0.08982868224114794,0.3889154406358084,True
energy_gradient,7303,93,0.014374982531414095,0.13467575886721606,0.14905074139863014,0.7020593974548582,0.0029080077439325586,0.008835348800383268,0.0836440835918875,0.356668973416159,True
energy_gradient,7303,94,0.012234013613233789,0.11997746609917813,0.13221147971241193,0.39850300594918897,0.002906019438938881,0.008560379304490868,0.07898766891967647,0.33912803379698564,True
energy_gradient,7303,95,0.011875995326642791,0.10871708809624563,0.12059308342288842,0.5781915106775066,0.0029040106079789066,0.008945514086350215,0.0745074992649927,0.3291844729322071,True
energy_gradient,7303,96,0.01213371564894933,0.09775803298034233,0.10989174862929166,0.6088471479232732,0.0029019812820312925,0.00917894910984627,0.07063636138212182,0.3195324435317614,True
energy_gradient,7303,97,0.011592083840647539,0.08728321354629935,0.09887529738694689,0.4047439687910488,0.0028999314923907555,0.009330605131887224,0.06902201176957881,0.31608690617713653,True
energy_gradient,7303,98,0.010968405284164323,0.08046059752298299,0.0914290028071473,0.6778987817453819,0.002897861270667588,0.00869419873082026,0.06459205526550985,0.29539913902922044,True
energy_gradient,7303,99,0.009349095772977467,0.0723138077902001,0.08166290356317756,0.5054729712757782,0.002895770648787169,0.007696963297680747,0.059149902106470524,0.2676855473888403,True
energy_gradient,7303,100,0.007586141528532754,0.06532007066694838,0.07290621219548113,0.3493640044806021,0.0028936596589894756,0.006914230960617881,0.055743716602231486,0.2486476382409521,True
energy_gradient,7303,101,0.006244690266875989,0.060693793961295796,0.06693848422817178,0.5519729289500926,0.002891528333828581,0.006567736885145453,0.05252458853469527,0.23485196393510285,True
energy_gradient,7303,102,0.005339720501952477,0.0548112089083402,0.06015092941029268,0.29196273892190516,0.0028893767061721554,0.007058461409582966,0.05119625330352972,0.23592209576203155,False
energy_gradient,7303,103,0.005676477829479158,0.050364068851009997,0.056040546680489155,0.48083886242286267,0.00288720480920096,0.006575733594619087,0.04823995155185849,0.22149700640820388,True
energy_gradient,7303,104,0.004891616002723533,0.04591819923135935,0.05080981523408288,0.4019814105244637,0.002885012676408332,0.005522111268335771,0.0444563309333053,0.1983842440028154,True
energy_gradient,7303,105,0.0036377103398120437,0.042151227082050075,0.045788937421862116,0.3206945608612775,0.0028828003415996705,0.005468439726581111,0.04219935108201754,0.19073164529970335,True
energy_gradient,7303,106,0.0035488164793395665,0.03873406134418433,0.04228287782352389,0.46061302194143194,0.0028805678388919165,0.005922006466343166,0.040989923231489644,0.191778230969886,False
energy_gradient,7303,107,0.0038382956740348946,0.0342879078563451,0.038126203530379994,0.20615873911895322,0.002878315202713022,0.006377203429389929,0.04169673415963214,0.19885318273524577,False
energy_gradient,7303,108,0.004256027589824399,0.03164682432119535,0.03590285191101975,0.48303029343464027,0.002876042467801424,0.005924898420124086,0.03806267161780816,0.18262672126614868,True
energy_gradient,7303,109,0.0037519667561201416,0.02840543970541009,0.03215740646153023,0.27624783084563953,0.002873749669205507,0.005208252868266308,0.03429380221029801,0.16315639146818522,True
energy_gradient,7303,110,0.0030692586034251146,0.026325437084464998,0.02939469568789011,0.3869373618842825,0.0028714368422830612,0.004585224021958445,0.03242248904230094,0.15063748775333746,True
energy_gradient,7303,111,0.0023803328742064513,0.023812098660184987,0.02619243153439144,0.2628380755867038,0.002869104022700739,0.004748520479542931,0.032871588537589404,0.15378892169029634,False
energy_gradient,7303,112,0.0024161192476197125,0.02148122283147772,0.023897342079097432,0.29936052534955104,0.0028667512464335032,0.0046287781428598134,0.031193813877289936,0.14724811078026032,True
energy_gradient,7303,113,0.0022936377392230416,0.01944344857687726,0.0217370863161003,0.2786199025190166,0.0028643785497640757,0.0040786245540071035,0.02766969687002357,0.13032230903646475,True
energy_gradient,7303,114,0.0018731295198060303,0.017809274682959966,0.019682404202765996,0.307195696838916,0.0028619859692823736,0.003940369910531698,0.02646528486591924,0.12506880921976585,True
energy_gradient,7303,115,0.001775367368224043,0.015905002011978423,0.017680369380202465,0.2963813425562622,0.0028595735418849477,0.0040534956597562365,0.028141114254166884,0.13153290696576847,False
energy_gradient,7303,116,0.001844483533378188,0.013975994640671958,0.015820478174050148,0.23979900999126186,0.0028571413047744137,0.003989843115482233,0.027369387085128514,0.12843281917244997,False
energy_gradient,7303,117,0.001844846540005437,0.012501108780797696,0.014345955320803133,0.25339482418825066,0.002854689295458875,0.003974570948933215,0.02368880032539086,0.11672435974020076,True
energy_gradient,7303,118,0.0019091630660062226,0.011243869824356541,0.013153032890362765,0.27858242961309937,0.00285221755175135,0.003855669041952207,0.023157250357222867,0.11378806166041945,True
energy_gradient,7303,119,0.0017685994117522452,0.00998937787204473,0.011757977283796975,0.20395282837922946,0.0028497261117691832,0.003614502420606525,0.025266585691348344,0.11783105660750445,False
energy_gradient,7303,120,0.0014923357837310352,0.009144513276227563,0.0106368490599586,0.3063475961955403,0.002847215013933462,0.0032235418848763917,0.02197559990898046,0.10333543618924881,True
energy_gradient,7303,121,0.001195430386965653,0.008012679722389648,0.009208110109355301,0.08911575642991526,0.0028446842969684217,0.0029064467047463854,0.01851880994617151,0.08910799043269127,True
energy_gradient,7303,122,0.0010075437323935948,0.007435596010789743,0.008443139743183338,0.2853068503739756,0.002842133999900848,0.0027552395212761416,0.01881989620624986,0.08843879728377657,True
energy_gradient,7303,123,0.0008751437750961498,0.00645977904678967,0.00733492282188582,0.09433612652527301,0.0028395641620594762,0.002756958440166735,0.019321985418634422,0.09003212377943876,False
energy_gradient,7303,124,0.0008298833468205155,0.005825065928422407,0.0066549492752429225,0.24534261844787356,0.002836974823074385,0.0023445595771849088,0.015084738138273712,0.07233942930203993,True
energy_gradient,7303,125,0.0005880897697101737,0.005138995844865631,0.005727085614575805,0.16567824401873557,0.0028343660228763857,0.0022228475664917585,0.014046446850093831,0.06778356678320527,True
energy_gradient,7303,126,0.0005132146414727783,0.0045305885349732995,0.005043803176446078,0.16093323648237853,0.0028317378016964032,0.002291036025654168,0.016480815276535294,0.07614753035871852,False
energy_gradient,7303,127,0.0005212116814877065,0.004053022031606733,0.004574233713094439,0.22806188157239357,0.0028290902000648608,0.0021151940707527165,0.013545122831072383,0.0650621243848718,True
energy_gradient,7303,128,0.00045410135601182104,0.0035308044988852593,0.003984905854897081,0.0972898536676034,0.002826423258811049,0.0019076637097880458,0.01079960437802892,0.054235093783625565,True
energy_gradient,7303,129,0.0003810614197539897,0.0032779190452547837,0.0036589804650087733,0.21788441284070328,0.002823737019062503,0.0017585923553379312,0.012898754821305307,0.059228965564811456,False
energy_gradient,7303,130,0.00028945112881003347,0.0028316996518920577,0.003121150780702091,0.11894393859389188,0.0028210315222443622,0.0016295989593976743,0.012399761628989026,0.056287098768685595,False
energy_gradient,7303,131,0.00023760614910396324,0.002528412824976429,0.002766018974080392,0.1254989584063232,0.0028183068100787337,0.0013671740568062098,0.00882707833006973,0.04227954421258498,True
energy_gradient,7303,132,0.0001725884392498811,0.002359541615072539,0.0025321300543224203,0.1941824668844697,0.00281556292458405,0.0014600132627189185,0.01029872935997044,0.04788666885577357,False
energy_gradient,7303,133,0.00019299344371010232,0.0019999478899391746,0.002192941333649277,0.056829434156050525,0.00281279990807442,0.0015187183949553083,0.011916575388330151,0.053588113261388584,False
energy_gradient,7303,134,0.0002137489095656386,0.0018104673455629906,0.0020242162551286293,0.15765647074675423,0.002810017803158976,0.0012864508665867051,0.00914703360264297,0.04242173393995218,False
energy_gradient,7303,135,0.00016537489396040075,0.0016517434228078285,0.0018171183167682292,0.15281180719159962,0.0028072166527412182,0.001257706745308834,0.010470393628176164,0.046266173715073335,False
energy_gradient,7303,136,0.00016064400414252922,0.0014626461978351423,0.0016232902019776715,0.028445387738474465,0.0028043965000183507,0.0013413622933969233,0.012348329529710192,0.0530497497697008,False
energy_gradient,7303,137,0.0001865299769134391,0.0014257679825798464,0.0016122979594932856,0.16630041973558204,0.002801557388480617,0.0013519119758704143,0.009851842422271325,0.04533120909007161,False
energy_gradient,7303,138,0.00020145548461274483,0.0013326836663269958,0.0015341391509397406,0.13940936302674814,0.0027986993619106295,0.001237269267193584,0.010916943293927787,0.04744883116077234,False
energy_gradient,7303,139,0.00016532368529599428,0.0012532859679031932,0.0014186096531991874,0.03665705517559444,0.0027958224643826936,0.0012239696637717373,0.01198715509607914,0.0506640022772219,False
energy_gradient,7303,140,0.00015731836740786847,0.001252062872174041,0.0014093812395819096,0.13418958041324783,0.002792926740262127,0.001255290656420249,0.009512450182036501,0.04323545721307066,False
energy_gradient,7303,141,0.00016893923070061958,0.001218677483464983,0.0013876167141656025,0.13931786477725405,0.002790012234204579,0.0012632271549847555,0.01055386727278424,0.04658693156599478,False
energy_gradient,7303,142,0.00016625376107892888,0.0011626967241361314,0.0013289504852150604,0.03721487085888124,0.002787078991155338,0.0012482681836620735,0.011042273173718035,0.04795935178525116,False
energy_gradient,7303,143,0.00016483277244763606,0.0011745568098245843,0.0013393895822722203,0.09633861782556703,0.00278412705634864,0.0011336937467438851,0.009181301107216955,0.040899027624314466,True
energy_gradient,7303,144,0.00014577843351035505,0.001204116213032116,0.001349894646542471,0.136129031838494,0.002781156475306972,0.0010992681445235436,0.01054540114246362,0.044810631197261926,False
energy_gradient,7303,145,0.00013431244017727406,0.0011827362274082962,0.0013170486675855703,0.06449963918271787,0.002778167293840369,0.0010195391265182645,0.01042627234300313,0.04358608625455804,False
energy_gradient,7303,146,0.00012482619005758341,0.001198597913487239,0.0013234241035448224,0.04985766080754099,0.0027751595580457057,0.0009799465284952835,0.009359665983334134,0.0398177681116383,True
energy_gradient,7303,147,0.0001294665654440163,0.001230701713651199,0.0013601682790952152,0.11412360444734057,0.002772133314305989,0.0010486599209212995,0.010828459929199293,0.045158463814824204,False
energy_gradient,7303,148,0.00013231673609566294,0.0012119924165823084,0.0013443091526779713,0.09539835323036086,0.0027690886092896425,0.0010593897395833648,0.0099395525173364,0.04248459447919607,False
energy_gradient,7303,149,0.00013395155761613658,0.0011771458819433483,0.001311097439559485,0.020648272989022446,0.002766025489949782,0.0010963971969698888,0.009634532090832397,0.041922726202306033,False
energy_gradient,7303,150,0.00014456008993275873,0.0011688405269792387,0.0013134006169119973,0.07365663221114746,0.0027629440035234986,0.0011949465231605564,0.010921824735382286,0.047012482255292844,False
energy_gradient,7303,151,0.000162362714568057,0.0011557533978604983,0.0013181161124285552,0.09717574085512608,0.002759844197531124,0.0011894230449165137,0.009776536829358157,0.043360931273821235,False
energy_gradient,7303,152,0.00016114250221128026,0.0011298407294010166,0.001290983231612297,0.06899066162911886,0.0027567261197755013,0.0011670784764737686,0.010200320599566413,0.04445182319060113,False
energy_gradient,7303,153,0.0001550239040147241,0.0011073685944836605,0.0012623924984983847,0.018105124395693367,0.002753589818341247,0.0011162276890623452,0.010857361609371657,0.04597019627339276,False
energy_gradient,7303,154,0.00014484017844213927,0.0011100155465732528,0.0012548557250153922,0.06873325962148022,0.0027504353415940094,0.0011096144651545025,0.009816803179603806,0.04263553718519288,False
energy_gradient,7303,155,0.00014739301075309856,0.0010953562514662083,0.0012427492622193068,0.08297528800679893,0.0027472627381797217,0.001093196613689964,0.010601763224515766,0.04492263666743438,False
energy_gradient,7303,156,0.00013866219384402127,0.0010724980934469503,0.0012111602872909716,0.053598058330255174,0.0027440720570238533,0.0010637296634089636,0.01020662032398855,0.043368663166567525,False
energy_gradient,7303,157,0.0001331680335693174,0.0010453542002928783,0.0011785222338621957,0.020824683598536106,0.0027408633473306548,0.0010528140401967283,0.009598111206370394,0.041343366856873655,False
energy_gradient,7303,158,0.0001322700944216759,0.0010248100404767876,0.0011570801348984635,0.057792095786944817,0.002737636658582399,0.0010727471133484523,0.010270732795760303,0.04366600760355565,False
energy_gradient,7303,159,0.00013070781280820495,0.0010023784173940873,0.0011330862302022923,0.06618507243686238,0.002734392040538618,0.001059063423043806,0.009245347108424923,0.040303488408518974,False
energy_gradient,7303,160,0.0001278076287298108,0.0009735396734733723,0.001101347302203183,0.0445957010291906,0.0027311295432353353,0.00102939661528554,0.009338876950600379,0.04028027898266307,False
energy_gradient,7303,161,0.00012130297473589924,0.0009508129667111527,0.001072115941447052,0.01876438580495465,0.002727849216984296,0.000997999853135176,0.009609137623555575,0.04079298726182306,False
energy_gradient,7303,162,0.00011400247661756322,0.0009370213669512235,0.0010510238435687868,0.044327168951762426,0.0027245511123721888,0.0009444913787110455,0.00871046947085002,0.03740295947776464,True
energy_gradient,7303,163,0.00010483962863734196,0.0009240561445935125,0.0010288957732308545,0.056978082116031024,0.0027212352802598663,0.0009265166005501092,0.009327545671327164,0.03914681594447167,False
energy_gradient,7303,164,9.930769171206096e-05,0.0009024477993168476,0.0010017554910289085,0.03567492077240436,0.0027179017717815623,0.0008890207265542078,0.009015332430465347,0.0377672976560695,False
energy_gradient,7303,165,9.383234725386682e-05,0.0008831339531395223,0.000976966300393389,0.0140215804354198,0.0027145506383441003,0.0008879844203784858,0.008653849312796927,0.03662231721950222,True
energy_gradient,7303,166,9.299413685493911e-05,0.0008645876036022609,0.0009575817404572,0.03617880518162812,0.002711181931626104,0.0009204947808039947,0.009220885860789558,0.03874797542236183,False
energy_gradient,7303,167,9.463745574951469e-05,0.0008438180764105648,0.0009384555321600795,0.04484184102139151,0.002707795703577198,0.0009139234629881698,0.008532664736412737,0.036518995585350184,True
energy_gradient,7303,168,9.390161528591213e-05,0.0008229488771155251,0.0009168504924014372,0.03395420449429316,0.0027043920064172087,0.0009249751198133033,0.008791193719976083,0.03744790569819615,False
energy_gradient,7303,169,9.440803443259715e-05,0.0008032677500776166,0.0008976757845102137,0.011404133792969394,0.0027009708926353554,0.0009326800906464439,0.008902402196892378,0.03787897704884932,False
energy_gradient,7303,170,9.438759570335117e-05,0.0007886411496467933,0.0008830287453501445,0.02358654982523087,0.0026975324149894455,0.0009151616831320515,0.008356575002035188,0.03597984120239901,True
energy_gradient,7303,171,9.184245907865131e-05,0.0007776052200198536,0.0008694476790985048,0.037992764964148995,0.002694076626505058,0.0008978689549733006,0.008896925451461733,0.037490298620232634,False
energy_gradient,7303,172,8.783327392699765e-05,0.0007658830268569192,0.0008537163007839169,0.030678293558686745,0.0026906035804747266,0.0008740472030542844,0.008489860054334086,0.03595917056160936,True
energy_gradient,7303,173,8.447625539656374e-05,0.0007538702075012923,0.000838346462897856,0.013949252732015287,0.0026871133304571166,0.0008652840918433099,0.008370464671013428,0.035491125751146296,True
energy_gradient,7303,174,8.235920444324523e-05,0.000743408067302143,0.0008257672717453883,0.016230624240279955,0.0026836059302762015,0.0008600426879514604,0.008630283451072437,0.03625020493498883,False
energy_gradient,7303,175,8.01001255039312e-05,0.0007345610034767781,0.0008146611289807093,0.02877742055751168,0.002680081434020431,0.0008407703150142321,0.00804756246740489,0.034216620490502836,True
energy_gradient,7303,176,7.74394397013447e-05,0.0007251835055312496,0.0008026229452325943,0.02927230941016932,0.002676539896041897,0.0008434932984641198,0.008318121154199332,0.035094383853522204,False
energy_gradient,7303,177,7.605154786664888e-05,0.0007140815003981675,0.0007901330482648165,0.015931756646112353,0.0026729813709554964,0.0008390821234951004,0.008097364843847831,0.03435482736572174,False
energy_gradient,7303,178,7.462605798444004e-05,0.0007046125153182627,0.0007792385733027028,0.007381171931152166,0.002669405913638088,0.000823732809556081,0.007841036506338517,0.03338695648392862,True
energy_gradient,7303,179,7.229817389126115e-05,0.0006974712394551648,0.0007697694133464259,0.020968393967961952,0.0026658135792276476,0.0008197874051088411,0.008187357190538546,0.03443121053413211,False
energy_gradient,7303,180,7.105252412371529e-05,0.00068896996189476,0.0007600224860184753,0.023690076426128203,0.0026622044231224143,0.0007992889819648141,0.00775582527948423,0.032858800512237406,True
energy_gradient,7303,181,6.846905225060372e-05,0.0006808183862039607,0.0007492874384545644,0.02029505138609946,0.002658578500980041,0.0007977976641183167,0.007938015671462215,0.03341439077413424,False
energy_gradient,7303,182,6.777915614749801e-05,0.0006709663278254127,0.0007387454839729108,0.009715295782758444,0.002654935868716732,0.0007922275983096843,0.007958147151951341,0.0334180975494321,False
energy_gradient,7303,183,6.701173231464226e-05,0.0006620973122643256,0.0007291090445789678,0.012183981837869244,0.002651276582506383,0.000787167903961537,0.007692204714357682,0.032529877713364116,True
energy_gradient,7303,184,6.659122821761934e-05,0.0006532689537310398,0.0007198601819486592,0.01969582049445982,0.002647600698779715,0.0007983577834098347,0.007983356719122895,0.03356259669468084,False
energy_gradient,7303,185,6.723568752442411e-05,0.0006429105417620559,0.00071014622928648,0.019005316705726825,0.0026439082742234017,0.0007942636533423269,0.007667278371501093,0.03252741197811375,True
energy_gradient,7303,186,6.679613115351242e-05,0.0006333212830373889,0.0007001174141909014,0.013951167532445472,0.0026401993657791975,0.0007943494741098442,0.0077596460228273635,0.03281807203368237,False
energy_gradient,7303,187,6.654890269711932e-05,0.000623815163340769,0.0006903640660378883,0.006926932421367621,0.0026364740306430586,0.000791603603188289,0.0077958866353584795,0.0329024502046699,False
energy_gradient,7303,188,6.593452100980069e-05,0.0006150864197408496,0.0006810209407506503,0.010455735421255689,0.0026327323262642613,0.0007802144121075642,0.007530982553896505,0.03194994020654146,True
energy_gradient,7303,189,6.452855444104489e-05,0.0006071853376390597,0.0006717138920801047,0.016451229911891827,0.0026289743103445158,0.0007736931823390223,0.007765069764428831,0.03261464502581268,False
energy_gradient,7303,190,6.325386917255554e-05,0.0005988264318054277,0.0006620803009779832,0.015320579245874722,0.002625200040837077,0.0007578938665277773,0.007505613131967471,0.03163215878227211,True
energy_gradient,7303,191,6.138337531012778e-05,0.0005908911701037812,0.0006522745454139089,0.01187105637441994,0.002621409575945849,0.0007513216987401753,0.007532808357333387,0.03164732925517555,False
energy_gradient,7303,192,6.0118127407158814e-05,0.0005824566195199664,0.0006425747469271252,0.007722647633054221,0.00261760297412449,0.0007457901360827441,0.007526025040770102,0.03156701903774439,True
energy_gradient,7303,193,5.901162441615705e-05,0.0005741626635074802,0.0006331742879236372,0.009601814180190424,0.0026137802940755087,0.0007349966263229536,0.007300897346931051,0.03074563892480425,True
energy_gradient,7303,194,5.760941523424437e-05,0.0005663223246773981,0.0006239317399116425,0.013669792616878604,0.0026099415947493606,0.0007347595180104225,0.0074611559583625375,0.03124581702488593,False
energy_gradient,7303,195,5.705415868478603e-05,0.0005575802797505272,0.0006146344384353132,0.012561173077519696,0.0026060869353435375,0.00072578682128204,0.007217477886445833,0.03038567842734835,True
energy_gradient,7303,196,5.5881174165345485e-05,0.000549327424021389,0.0006052085981867345,0.011003014945966984,0.0026022163753016566,0.0007210815650682289,0.00727802711102308,0.0305253990241155,False
energy_gradient,7303,197,5.510183928500161e-05,0.0005406918897972243,0.000595793729082226,0.006489899297922908,0.0025983299743125416,0.0007127106496535877,0.0072621866660774,0.030386376781641952,False
energy_gradient,7303,198,5.409713043594305e-05,0.0005324898098137671,0.0005865869402497102,0.007097777149172025,0.0025944277923093035,0.0007039765367594967,0.007124258993866291,0.029860508280826554,True
energy_gradient,7303,199,5.31567368697764e-05,0.0005244328198930713,0.0005775895567628477,0.01063151681694214,0.002590509889468415,0.0007025905286249855,0.007256371176376374,0.03026013416683403,False
energy_gradient,7303,200,5.2781011466159695e-05,0.0005158776167411172,0.000568658628207277,0.011094777734940362,0.002586576326208786,0.0006938335084694659,0.007064252721235456,0.029564032421610882,True
energy_gradient,7303,201,5.193027009600877e-05,0.0005077438661716299,0.0005596741362676387,0.010895413525052933,0.0025826271631908273,0.0006924386597675402,0.007155166244866031,0.029834329626729047,False
energy_gradient,7303,202,5.1540921290839154e-05,0.0004991690705916297,0.0005507099918824689,0.007757988039762313,0.0025786624613155186,0.0006893763105617585,0.007061681806855387,0.02950840135309202,True
energy_gradient,7303,203,5.1072972868635805e-05,0.0004908345911710291,0.0005419075640396649,0.005986054274658942,0.0025746822817234666,0.000685137773561896,0.006994880413726168,0.02925362191706314,True
energy_gradient,7303,204,5.0485015156421306e-05,0.0004828290993233271,0.0005333141144797484,0.0069679248696301235,0.0025706866857939646,0.0006808770212866726,0.00705011436874641,0.029381412941073177,False
energy_gradient,7303,205,4.982534422290305e-05,0.000475017756937126,0.000524843101160029,0.007954297473264111,0.0025666757351440446,0.0006716096125219334,0.006880331681738665,0.028749928542630636,True
energy_gradient,7303,206,4.877632260568834e-05,0.0004676278125527392,0.0005164041351584276,0.009637995671376152,0.0025626494916275284,0.0006664372285628817,0.0069646109802845016,0.028959101898113623,False
energy_gradient,7303,207,4.793516895336441e-05,0.00046006317694267674,0.0005079983458960411,0.008069068021328906,0.00255860801733407,0.0006552384236074437,0.006822480229265216,0.028393746152390098,True
energy_gradient,7303,208,4.6706479195093805e-05,0.0004529698074873455,0.0004996762866824393,0.0076009387388886055,0.0025545513745882037,0.000648032756348489,0.006832948121877618,0.02834968475940103,True
energy_gradient,7303,209,4.574730257270235e-05,0.00044572941718756473,0.000491476719760267,0.0061601694549415975,0.0025504796259483787,0.0006420235435058199,0.006783869681942013,0.028131603349488304,True
energy_gradient,7303,210,4.491200824205068e-05,0.0004384886758016068,0.0004834006840436575,0.005978890253091033,0.0025463928342059957,0.0006353438423516855,0.006687028644607287,0.02775654212191799,True
energy_gradient,7303,211,4.407629199325448e-05,0.00043136657759750214,0.0004754428695907566,0.007165332847678431,0.0025422910623844395,0.0006315237412270635,0.0067297431055662865,0.027849763828789505,False
energy_gradient,7303,212,4.346044148105551e-05,0.000424122726167054,0.0004675831676481095,0.007152034241960681,0.002538174373738105,0.0006246946299502522,0.006586341077812761,0.027327052913695492,True
energy_gradient,7303,213,4.267779077986142e-05,0.00041711495886499126,0.0004597927496448527,0.008128572231642992,0.002534042831751424,0.0006217980760892531,0.006640521702700243,0.02746609828967321,False
energy_gradient,7303,214,4.2157762633340285e-05,0.00040989698779552613,0.0004520547504288664,0.006532747982076379,0.0025298965001378853,0.0006137570005295296,0.006533333554439519,0.027044051284649397,True
energy_gradient,7303,215,4.1314167849572475e-05,0.0004030688080395423,0.0004443829758891148,0.006539728017125296,0.0025257354428390518,0.0006082573504789512,0.006541892497991347,0.027012208122077726,True
energy_gradient,7303,216,4.064269104462902e-05,0.00039616582932727577,0.0004368085203719048,0.005481836040834614,0.0025215597240235733,0.000602828240461317,0.006499680956309087,0.026821857956718292,True
energy_gradient,7303,217,3.998922409210651e-05,0.0003893536495246768,0.00042934287361678334,0.005401107323101116,0.002517369408086201,0.0005969446548517651,0.006436681992297374,0.026561450514777183,True
energy_gradient,7303,218,3.932077177806412e-05,0.00038265401397677103,0.00042197478575483515,0.006048126337586824,0.00251316455964679,0.0005926734528440244,0.006454221052150512,0.026570886493802105,False
energy_gradient,7303,219,3.8742864738043415e-05,0.0003759440777470023,0.00041468694248504573,0.006069017095089313,0.002508945243549304,0.0005869936512380792,0.006343497533785746,0.02616294865873612,True
energy_gradient,7303,220,3.808587863130154e-05,0.0003693868070362196,0.00040747268566752116,0.006778472884269665,0.002504711524860817,0.0005838639334118435,0.0063747295967851985,0.02622751937149323,False
energy_gradient,7303,221,3.7557190158949805e-05,0.00036277414728944166,0.00040033133744839147,0.0059253953849156965,0.002500463468870509,0.000576653619846451,0.00626513073443556,0.02580677605308703,True
energy_gradient,7303,222,3.677440939387777e-05,0.0003564863130641354,0.0003932607224580132,0.006320832919780802,0.002496201141088658,0.0005714409954428151,0.006278747421993791,0.025793861404441325,True
energy_gradient,7303,223,3.608877025512364e-05,0.0003501727265951117,0.00038626149685023537,0.005301320033700673,0.002491924607245632,0.0005643300841846192,0.006198119470309403,0.025465056518998594,True
energy_gradient,7303,224,3.5284806980172724e-05,0.0003440578234200642,0.00037934263040023696,0.005280503445637662,0.0024876339332908725,0.0005576735909705787,0.006172540353894527,0.025313781477554087,True
energy_gradient,7303,225,3.451478590817769e-05,0.00033799704894830205,0.00037251183485647975,0.0049956294046152525,0.00248332918539188,0.0005509628356390461,0.006136833655631199,0.025130158575353688,True
energy_gradient,7303,226,3.375874891049153e-05,0.00033201049056270167,0.0003657692394731932,0.005085522159695635,0.002479010429933192,0.0005448036781122705,0.006070278837759156,0.024855656067656672,True
energy_gradient,7303,227,3.305335479496109e-05,0.00032605431369039424,0.00035910766848535534,0.005441607618111468,0.0024746777335153606,0.000540323693579246,0.006065693345777213,0.02479346238052693,True
energy_gradient,7303,228,3.24646200598381e-05,0.00032005958327377995,0.00035252420333361806,0.0051776868381358705,0.0024703311629539243,0.0005340357435715089,0.005978392016817698,0.024452506565053274,True
energy_gradient,7303,229,3.1792663718225254e-05,0.00031422665544377805,0.0003460193191620033,0.005787452548588292,0.002465970785278377,0.0005302174384231476,0.005990448926025334,0.024449579056927823,True
energy_gradient,7303,230,3.1273882877565364e-05,0.0003083178443424309,0.0003395917272199962,0.005210958223895416,0.0024615966677311385,0.0005242274403735305,0.005898344354089989,0.02409673584489979,True
energy_gradient,7303,231,3.063491258867143e-05,0.0003026057589479538,0.00033324067153662525,0.005634217430250453,0.0024572088777665107,0.000519646554485361,0.0059103027903465895,0.02408536130615702,True
energy_gradient,7303,232,3.008684846605103e-05,0.00029687866426656616,0.0003269655127326172,0.004978811057384881,0.002452807483049644,0.0005130699492339425,0.00583189477778298,0.023769222079075815,True
energy_gradient,7303,233,2.9428532703701778e-05,0.0002913420970218552,0.000320770629725557,0.0052771014130091375,0.002448392551455489,0.0005083810910778619,0.0058270868088969915,0.023704101448921343,True
energy_gradient,7303,234,2.887903975419542e-05,0.00028577802279098854,0.00031465706254518396,0.004731045490748846,0.002443964151067753,0.0005024767707488562,0.005765744248236773,0.02344866863132687,True
energy_gradient,7303,235,2.826801295151476e-05,0.00028035709175833407,0.00030862510470984884,0.004829575620711376,0.002439522350177847,0.0004973095719345277,0.005741134587631957,0.02331632813735484,True
energy_gradient,7303,236,2.7702624878973225e-05,0.000274970665054664,0.0003026732899336372,0.004605167223847214,0.002435067217283837,0.0004922375080893139,0.005697292389802238,0.023124673172922862,True
energy_gradient,7303,237,2.7142719025530954e-05,0.0002696592551082182,0.00029680197413374916,0.004522281242357287,0.0024305988210893826,0.0004870727566119816,0.005651105165674357,0.022924673047366506,True
energy_gradient,7303,238,2.6579637030942835e-05,0.0002644325162296301,0.00029101215326057296,0.004515466226677318,0.002426117230502681,0.00048182587441343084,0.0056251974023514865,0.02278741022187627,True
energy_gradient,7303,239,2.6017453373089456e-05,0.00025928539330954736,0.00028530284668263684,0.004401201508764192,0.002421622514635403,0.0004758110419867227,0.005565164146291224,0.022534905139924614,True
energy_gradient,7303,240,2.541450109808915e-05,0.00025425850808830547,0.0002796730091863946,0.004668471776525908,0.0024171147428016272,0.00047073162856195596,0.005551122168995561,0.022436650797213242,True
energy_gradient,7303,241,2.486920703503016e-05,0.0002492528392344185,0.0002741220462694487,0.004414441058174141,0.0024125939845167726,0.00046423436615511925,0.005482589160049572,0.022152334786238955,True
energy_gradient,7303,242,2.425636640726679e-05,0.0002443942816347431,0.00026865064804200986,0.0048118418375257275,0.002408060309496523,0.00045923487837195513,0.00547839765497613,0.022085832927647667,True
energy_gradient,7303,243,2.3738384028633646e-05,0.00023951960697060504,0.0002632579909992387,0.004533577492884493,0.0024035137876557565,0.00045326462151996753,0.005403632844910179,0.021787592758246595,True
energy_gradient,7303,244,2.317477856125814e-05,0.0002347684998339719,0.00025794327839523005,0.004874266442890582,0.002398954489107464,0.00044898698066042853,0.0054040737194673005,0.021743325446435893,True
energy_gradient,7303,245,2.2717478678971765e-05,0.00022998823841704122,0.000252705717096013,0.004480677093608859,0.00239438248416167,0.0004431292326488512,0.005327906517149841,0.021441886847569522,True
energy_gradient,7303,246,2.2183364171164427e-05,0.00022536267662494553,0.00024754604079610994,0.0048537988136852445,0.0023897978433243456,0.00043919164583736993,0.005331546936560973,0.02141128505340522,True
energy_gradient,7303,247,2.1761782818520778e-05,0.00022070179182932088,0.00024246357464784165,0.0044008067011021895,0.0023852006372963243,0.00043341628455462406,0.005253407241911959,0.021104538244001107,True
energy_gradient,7303,248,2.1244999739330033e-05,0.00021621339960246113,0.00023745839934179115,0.004788306147252029,0.00238059093697221,0.00042914484358842764,0.005261180883866163,0.02108333894527058,True
energy_gradient,7303,249,2.0820965374814156e-05,0.00021170847198048333,0.0002325294373552975,0.004379399595199232,0.0023759688134392847,0.0004230425312200221,0.005181388990342244,0.02076792025521321,True
energy_gradient,7303,250,2.0299758565327868e-05,0.00020737736488844676,0.00022767712345377462,0.004817352515035516,0.00237133433797641,0.0004189137732242773,0.005191867614891115,0.020756728791280443,True
energy_gradient,7303,251,1.9890924991346225e-05,0.0002030098492120641,0.0002229007742034103,0.004410205391967128,0.0023666875820529316,0.00041269378803935887,0.005107809246792052,0.020426670992282864,True
energy_gradient,7303,252,1.937490516431718e-05,0.00019882556756167967,0.00021820047272599685,0.0048971699248995465,0.0023620286173275736,0.0004087042615817674,0.005124210795177334,0.02043554475422662,False
energy_gradient,7303,253,1.898438439067966e-05,0.00019459079568107614,0.0002135751800717558,0.004516721390086126,0.002357357515647336,0.000402627108369869,0.005031597789633773,0.020080176552839016,True
energy_gradient,7303,254,1.8483551641787174e-05,0.00019054181642350523,0.0002090253680652924,0.0050652293635310396,0.0023526743490463846,0.0003989839366058646,0.005057399804514979,0.020122234481496894,False
energy_gradient,7303,255,1.8122001637417568e-05,0.00018642858369771997,0.00020455058533513755,0.004685379559335496,0.0023479791897449425,0.00039247009024027273,0.004953669727229439,0.019727333289744072,True
energy_gradient,7303,256,1.7611899255969796e-05,0.00018253968215248287,0.00020015158140845266,0.005449114147757916,0.002343272110148173,0.00038916154379548733,0.004995271569404871,0.019822524096228866,False
energy_gradient,7303,257,1.7280707272192314e-05,0.00017854692929932688,0.0001958276365715192,0.005140564798433982,0.0023385531828450682,0.00038221070108627786,0.004872949253632907,0.0193646381431617,True
energy_gradient,7303,258,1.6760735691731438e-05,0.00017481956188898987,0.0001915802975807213,0.006166057054596435,0.0023338224806073236,0.0003793294520632555,0.004940133553595576,0.01954463752984743,False
energy_gradient,7303,259,1.646949832299069e-05,0.0001709403184207793,0.00018740981674377,0.006065203387887939,0.00232908007638822,0.00037186359703856345,0.004788950393160751,0.018990723084254445,True
energy_gradient,7303,260,1.593882405898298e-05,0.00016738044827072543,0.0001833192723297084,0.0074408874610836515,0.002324326043321497,0.00037016767459526563,0.004893500494207584,0.01930058328510725,False
energy_gradient,7303,261,1.5722354543702715e-05,0.00016358809514709007,0.00017931044969079278,0.007677022819214884,0.0023195604547202255,0.00036191039266329767,0.004697172598440889,0.018596610246385262,True
energy_gradient,7303,262,1.5166458660068567e-05,0.00016022374800990727,0.00017539020666997582,0.009589660315025157,0.0023147833840756775,0.0003617362000481834,0.004860320725114047,0.01910652377085766,False
energy_gradient,7303,263,1.5044716017198888e-05,0.00015652016158735724,0.0001715648776045561,0.010421290268556213,0.002309994905056191,0.000352205926643656,0.0045923032600833314,0.018164085591716714,True
energy_gradient,7303,264,1.443656853217927e-05,0.00015341401992006873,0.00016785058845224802,0.01315080525259488,0.0023051950915060366,0.0003542467789456731,0.004846973994476646,0.018984731116504235,False
energy_gradient,7303,265,1.4449180394347424e-05,0.00014981557997950073,0.00016426476037384815,0.014961271314902078,0.0023003840174442773,0.00034239483729224697,0.004466903825778799,0.017666023078277502,True
energy_gradient,7303,266,1.3744556728754207e-05,0.00014710248175705393,0.00016084703848580814,0.01895985984874463,0.002295561757063626,0.00034812906455457656,0.004866151897642017,0.018979602240612042,False
energy_gradient,7303,267,1.3973878171046633e-05,0.0001436698117157944,0.00015764368988684102,0.022379051044195738,0.0022907283847293037,0.00033313629844715354,0.004306641842410332,0.017064498431932102,True
energy_gradient,7303,268,1.3143412747526054e-05,0.00014161403381277076,0.00015475744656029682,0.028389936446435924,0.002285883974977891,0.00034526370510169047,0.004939015684098348,0.019177586939846628,False
energy_gradient,7303,269,1.3757433159563728e-05,0.00013855046606787945,0.00015230789922744318,0.03443473487256678,0.002281028602516179,0.00032631687955392774,0.0040917457419366,0.0163176242103075,True
energy_gradient,7303,270,1.279223804254e-05,0.0001377799386806995,0.0001505721767232395,0.04374902704134521,0.002276162342220017,0.00035017382926382667,0.0051021278006207664,0.019741646489596913,False
energy_gradient,7303,271,1.4154233933639916e-05,0.00013569693239331776,0.00014985116632695769,0.05408359530735142,0.0022712852691331594,0.0003271715704602056,0.0037958002933561603,0.015398406531099182,True
energy_gradient,7303,272,1.312292801056194e-05,0.00013779681513314073,0.00015091974314370267,0.0688645128343043,0.002266397458466105,0.00037171463452186846,0.00542156111762215,0.020973543287400954,False
energy_gradient,7303,273,1.5992201770790904e-05,0.00013849232098306862,0.00015448452275385952,0.0862418063601897,0.0022614989855949423,0.0003489309220310174,0.003400791432190857,0.014391532075913024,True
energy_gradient,7303,274,1.531189642120043e-05,0.00014744751795219818,0.0001627594143733986,0.10989101388002971,0.0022565899260601823,0.00042781490517707695,0.006004181744790645,0.023399834134131645,False
energy_gradient,7303,275,2.1380478421029415e-05,0.00015569245732579342,0.00017707293574682284,0.1385228987678472,0.002251670355565595,0.0004178421906636776,0.002978780559711959,0.013803153575674037,True
energy_gradient,7303,276,2.2416256191167378e-05,0.00018124890164089615,0.00020366515783206354,0.17574912815440408,0.0022467403499770444,0.0005446241430357443,0.006993704376760174,0.027750394734515845,False
energy_gradient,7303,277,3.519076610167449e-05,0.00020767776169919842,0.00024286852780087292,0.220605246900889,0.0022417999853213155,0.0005621776002341734,0.0029380967098930353,0.015215857635522344,False
energy_gradient,7303,278,4.0810282477319134e-05,0.00026975840079340475,0.00031056868327072385,0.2750032449283839,0.002236849337784941,0.0007354623724588571,0.008452723081342844,0.034363722867636656,False
energy_gradient,7303,279,6.512150293845612e-05,0.00032653761546406655,0.00039165911840252263,0.33576549825337637,0.002231888483713032,0.0007676355624644108,0.003804735437121932,0.020126993356240387,False
energy_gradient,7303,280,7.592413483416522e-05,0.00044059393934632043,0.0005165180741804856,0.3983130486392119,0.002226917499608094,0.0009385956893084409,0.00991873618727277,0.041130202573873516,False
energy_gradient,7303,281,0.00010688430694407612,0.0004924199807898147,0.0005993042877338908,0.44939584363885304,0.002221936462128852,0.0008948901038161559,0.004624033189127421,0.024055053252132533,False
energy_gradient,7303,282,0.0001032209662452269,0.000579289665088676,0.0006825106313339028,0.4745789136812395,0.002216945448089066,0.0009424387798607494,0.009860838460893846,0.04098959846128941,False
energy_gradient,7303,283,0.00010757393027011342,0.00048620783635033605,0.0005937817666204495,0.4489580487883928,0.002211944534456346,0.0006929384832107136,0.0034209196305816235,0.018125862916451074,False
energy_gradient,7303,284,6.25955228706789e-05,0.00038668360937894414,0.00044927913224962306,0.36920035000166995,0.002206933798350966,0.0005596042204508795,0.006946661187849511,0.027762691836453385,False
energy_gradient,7303,285,3.7232577511743754e-05,0.00020011345804144052,0.00023734603555318427,0.23388232146855942,0.0022019133170446768,0.000254736376160374,0.0032971277130918047,0.013061125181426332,True
energy_gradient,7303,286,8.458993746460645e-06,0.00010509564366798649,0.00011355463741444713,0.07082833863099389,0.00219688316795951,0.00026812678469481427,0.003130744084675392,0.012682103608678748,True
energy_gradient,7303,287,9.46038170304409e-06,0.00010893301824530588,0.00011839339994834997,0.08887022381098322,0.002191843428666588,0.0005147061939686161,0.00667758824998163,0.026439504003790942,False
energy_gradient,7303,288,3.183870694536305e-05,0.00017896764222618427,0.00021080634917154732,0.21626163290561357,0.002186794176884924,0.000568094866002526,0.0028043765725352383,0.014859544652456676,False
energy_gradient,7303,289,4.172758305199482e-05,0.00026457180840028114,0.000306299391452276,0.29075970099179793,0.0021817354904802265,0.0006448521007483848,0.007725327502935282,0.03111500858286699,False
energy_gradient,7303,290,5.075760902148067e-05,0.0002557595232641502,0.0003065171322856309,0.2973019944122453,0.0021766674474636987,0.0004923051047520536,0.0026076509875287445,0.013433628718851433,False
energy_gradient,7303,291,3.105103634913695e-05,0.0002054145965544598,0.00023646563290359677,0.24194414403372388,0.002171590125990833,0.00037759466357456886,0.00560336524244858,0.02160658767368157,False
energy_gradient,7303,292,1.7302669910086942e-05,0.00011684295371485014,0.00013414562362493707,0.13647314506263597,0.0021665036043602075,0.00024049669547624382,0.0038420337900084457,0.014618454570490899,False
energy_gradient,7303,293,7.160103462190098e-06,7.972717677337291e-05,8.688728023556301e-05,0.01041581035402469,0.002161407961012278,0.0002906722591305964,0.002930802180713243,0.012295515838807348,True
energy_gradient,7303,294,1.0824338261425252e-05,0.00010133365858573303,0.00011215799684715828,0.10545886101073276,0.0021563032745281685,0.00044318035129772533,0.0061596018301914805,0.024051342334828522,False
energy_gradient,7303,295,2.4069301603692172e-05,0.0001419543975093137,0.00016602369911300588,0.18479962487511495,0.0021511896236284596,0.0004344415610171638,0.0024585697433479204,0.012348471924257936,False
energy_gradient,7303,296,2.4384447376935555e-05,0.0001698005183739287,0.00019418496575086426,0.2132523580503942,0.002146067087171974,0.00044165586476179613,0.006114784310015431,0.02389448707854866,False
energy_gradient,7303,297,2.3898288681137582e-05,0.0001388721066563449,0.0001627703953374825,0.1851544780691957,0.0021409357441545605,0.00027816874221271097,0.002729212460363769,0.011529722090073321,True
energy_gradient,7303,298,1.0211844144090675e-05,9.96874658963443e-05,0.00010989931004043498,0.11451358590177736,0.0021357956737078766,0.00022330100674502782,0.0040199390486318504,0.014993008541106438,False
energy_gradient,7303,299,6.268012944799606e-06,7.078198641412689e-05,7.70499993589265e-05,0.021203586483998952,0.0021306469550981667,0.0002665576732037031,0.00455818070913183,0.017143024068306884,False
energy_gradient,7303,300,8.757280803482098e-06,7.699485598862529e-05,8.575213679210739e-05,0.0681378047974664,0.002125489667725041,0.00028954083966870926,0.002541241231598888,0.01106144420354128,True
energy_gradient,7303,301,1.1109865841315866e-05,0.00010414990383246301,0.00011525976967377888,0.1315081894209586,0.002120323891120251,0.0003841727029217195,0.005591506095749937,0.02163958695958384,False
energy_gradient,7303,302,1.814599051433993e-05,0.00010992792772884146,0.0001280739182431814,0.1527801586544391,0.002115149704946462,0.0002913391119961914,0.0025089937660009616,0.010979479352016515,True
energy_gradient,7303,303,1.124013851470409e-05,0.0001019237990045203,0.00011316393751922439,0.13309368307384373,0.002109967188996026,0.0002667535841702889,0.004627009710627448,0.017361021590087275,False
energy_gradient,7303,304,8.946568505759437e-06,7.416950301226883e-05,8.311607151802827e-05,0.0785292795665806,0.00210477642318975,0.00019397832196120496,0.0035897651396048142,0.013330687324242259,False
energy_gradient,7303,305,4.992177558278646e-06,6.170334246743438e-05,6.669552002571303e-05,0.009028549594596499,0.0020995774875756643,0.00020721415058741322,0.003082264836851255,0.011879981588472591,False
energy_gradient,7303,306,5.759851130146529e-06,6.7172211278422e-05,7.293206240856853e-05,0.05671210086007717,0.002094370462327786,0.0002881065860827313,0.004852292711957597,0.0182955780265771,False
energy_gradient,7303,307,1.0528344069506266e-05,7.74708443827357e-05,8.799918845224197e-05,0.09981259928000874,0.0020891554277448878,0.0002635416304206722,0.002591330333352119,0.010941107352824662,True
energy_gradient,7303,308,9.151831149912054e-06,8.405307562937847e-05,9.320490677929053e-05,0.11211160939769295,0.002083932464249253,0.0002729126446151786,0.004714329929081784,0.017700661171218136,False
energy_gradient,7303,309,9.522544176226844e-06,7.187831675746233e-05,8.140086093368918e-05,0.09145064970583008,0.00207870165238544,0.00019288700837252287,0.003096779131577734,0.01177261398599527,False
energy_gradient,7303,310,5.0431881418371755e-06,6.026830148565923e-05,6.531148962749641e-05,0.04822224971301552,0.0020734630728190388,0.00017926315127386923,0.0035333136691165826,0.012996569229868157,False
energy_gradient,7303,311,4.380296376400558e-06,5.4042413186598965e-05,5.842270956299952e-05,0.005083243983538091,0.0020682168063354263,0.0002137396807968838,0.004154428682787021,0.015312846521368904,False
energy_gradient,7303,312,6.036406347614987e-06,5.736135709457767e-05,6.339776344219266e-05,0.05057360045259975,0.002062962933838522,0.0002063058912580254,0.0027511382805166505,0.010831591863785534,True
energy_gradient,7303,313,5.846389193555255e-06,6.498495351943369e-05,7.083134271298894e-05,0.07810930874073321,0.0020577015363495393,0.00024554339683156975,0.004475378927674246,0.016659025785149294,False
energy_gradient,7303,314,7.869339591366417e-06,6.246988903089193e-05,7.033922862225835e-05,0.07992592568073636,0.0020524326950057356,0.00018144335549048762,0.0028803783571879093,0.010971670759295065,False
energy_gradient,7303,315,4.644927027145282e-06,5.754277019943981e-05,6.21876972265851e-05,0.05945427307315826,0.0020471564910591626,0.00017661035506107652,0.0037524787376137353,0.013655748691261835,False
energy_gradient,7303,316,4.319989722987612e-06,4.946477721328763e-05,5.378476693627524e-05,0.02319198242477974,0.0020418730058754117,0.00016884179641674766,0.0036497634927278927,0.01325064080347506,False
energy_gradient,7303,317,4.003210330332188e-06,4.797157885000308e-05,5.1974789180335265e-05,0.015751375624078537,0.0020365823209323617,0.00016534172629558748,0.002957728035925062,0.011042471793092902,False
energy_gradient,7303,318,3.9348218217743426e-06,5.1630990880971565e-05,5.556581270274591e-05,0.0466569737925702,0.002031284517818918,0.0002095836770911034,0.0041530070474839935,0.015264034872411647,False
energy_gradient,7303,319,5.930954353731613e-06,5.2147741367221764e-05,5.807869572095338e-05,0.06005699180427621,0.002025979678233759,0.00016894103913264188,0.0028499341376743916,0.010742748927648437,True
energy_gradient,7303,320,4.103756810455221e-06,5.1537499045746836e-05,5.564125585620206e-05,0.05520107886371916,0.0020206678839840733,0.0001744185599718157,0.0038114809295063906,0.013817439706000002,False
energy_gradient,7303,321,4.308578519812095e-06,4.572893453521457e-05,5.003751305502666e-05,0.03373319562269141,0.002015349216984299,0.00014807454614395012,0.003354782753586933,0.012103703516367503,False
energy_gradient,7303,322,3.2717797979652593e-06,4.30695155192566e-05,4.634129531722186e-05,0.005124512356219989,0.0020100237592548613,0.0001461786844690493,0.003142644129239866,0.011418022490025694,False
energy_gradient,7303,323,3.2132029883132847e-06,4.3424105917742645e-05,4.663730890605593e-05,0.02310987446832892,0.002004691592920906,0.00017516373864516203,0.0038568003755593736,0.013967552788353682,False
energy_gradient,7303,324,4.391922557593727e-06,4.411080712713561e-05,4.850272968472934e-05,0.04073367127659952,0.0019993528002110335,0.00015249710054010012,0.0028894359377774504,0.010691173477859238,True
energy_gradient,7303,325,3.456223589501026e-06,4.496005624876097e-05,4.8416279838262e-05,0.044734103573384656,0.0019940074634560326,0.00016439186338223645,0.003748089204734509,0.013511585637298157,False
energy_gradient,7303,326,3.9490134866476785e-06,4.159485162431929e-05,4.554386511096697e-05,0.03407718171137249,0.0019886556650876084,0.00013533663412306488,0.0031763760567907365,0.011408130191063568,False
energy_gradient,7303,327,2.8535899894449596e-06,3.950744035482306e-05,4.236103034426802e-05,0.014559071771550858,0.0019832974876371123,0.00013288192418170575,0.0032307922075182397,0.011552629663025388,False
energy_gradient,7303,328,2.7821581927392406e-06,3.8419684393551305e-05,4.120184258629055e-05,0.008299928320998155,0.0019779330137342684,0.00014919125544968066,0.0036015591811053506,0.012889723422266327,False
energy_gradient,7303,329,3.3797203097254806e-06,3.8466926581940414e-05,4.18466468916659e-05,0.025471747910291585,0.0019725623261059016,0.00013196863855001497,0.002927639056196309,0.010591934893109773,True
energy_gradient,7303,330,2.765713151955697e-06,3.943199296149113e-05,4.219770611344683e-05,0.03352840017165679,0.001967185507574658,0.00014873710574001852,0.0036227349666567606,0.012951302240792224,False
energy_gradient,7303,331,3.386057682120943e-06,3.7490819259335944e-05,4.087687694145689e-05,0.029552846614829778,0.0019618026410577315,0.000122152092940849,0.0030771990809037642,0.010956322884201807,False
energy_gradient,7303,332,2.4704351537304406e-06,3.623335271505616e-05,3.87037878687866e-05,0.017090255114688056,0.0019564138095655814,0.00012277158853204155,0.003251998155465616,0.011511253884506939,False
energy_gradient,7303,333,2.501054932973929e-06,3.4802293818910055e-05,3.7303348751883985e-05,0.0015212247838107347,0.0019510190962006564,0.00013015441313735248,0.0034180585465272187,0.012110950000685511,False
energy_gradient,7303,334,2.7496285855546585e-06,3.443841085368344e-05,3.71880394392381e-05,0.015249003442363032,0.001945618584156111,0.00011833542219809196,0.002965652722525338,0.01056568694004795,True
energy_gradient,7303,335,2.356658317865588e-06,3.499703883943405e-05,3.735369715729964e-05,0.024206962622431227,0.00194021235671452,0.0001342282921352721,0.0034969387814244393,0.012401861843287548,False
energy_gradient,7303,336,2.906590171366472e-06,3.3776382398343306e-05,3.668297256970978e-05,0.02374681689603847,0.0019348004972466004,0.00011338167130083383,0.003034863389135191,0.010729925355121768,False
energy_gradient,7303,337,2.2269920265387385e-06,3.305021969757076e-05,3.52772117241095e-05,0.015973715264859696,0.001929383089209918,0.00011524223775002514,0.0032372761352476944,0.011384721019353712,False
energy_gradient,7303,338,2.307642662319022e-06,3.177783672158577e-05,3.4085479383904795e-05,0.0033632699096135654,0.0019239602161476082,0.00011673081524959766,0.0032958380255435162,0.011584307195435337,False
energy_gradient,7303,339,2.365420471013716e-06,3.1307763586955185e-05,3.36731840579689e-05,0.00917765468547389,0.0019185319616870805,0.00010817334251160608,0.0029885989439915753,0.010529217948384163,True
energy_gradient,7303,340,2.0942199933792084e-06,3.1518167383093136e-05,3.3612387376472346e-05,0.017376009492863834,0.0019130984095387343,0.00012031479049151753,0.003382457169712805,0.011894266724710225,False
energy_gradient,7303,341,2.4961861294585607e-06,3.06650490744243e-05,3.316123520388286e-05,0.01840403014759743,0.0019076596434946655,0.00010399488195626375,0.003010636442650661,0.010553754611787666,False
energy_gradient,7303,342,1.993224631811005e-06,3.022067609049032e-05,3.221390072230132e-05,0.013382810564860053,0.0019022157474273746,0.00010638005578786643,0.003190868294384056,0.011144570486572967,False
energy_gradient,7303,343,2.083810233801496e-06,2.921531588099836e-05,3.129912611479986e-05,0.003913339435751546,0.001896766805288473,0.00010580036865072794,0.003204446105383951,0.01118097582453988,False
energy_gradient,7303,344,2.0745104032849007e-06,2.8764522699991056e-05,3.083903310327595e-05,0.005965108129271158,0.0018913129011073895,9.824527261083777e-05,0.0029841381496240357,0.010409274357975902,True
energy_gradient,7303,345,1.854194886986801e-06,2.8791059279873012e-05,3.0645254166859816e-05,0.012821723342575616,0.0018858541189900736,0.00010829429923446848,0.0032776531120456047,0.011437230609708754,False
energy_gradient,7303,346,2.1623793490048245e-06,2.8095245763136673e-05,3.02576251121415e-05,0.01400357780334667,0.0018803905431176973,9.462271780337853e-05,0.0029904766604862956,0.010390498062326099,True
energy_gradient,7303,347,1.7767649345281595e-06,2.7789949199569626e-05,2.9566714134097785e-05,0.010460631668013495,0.001874922257745361,9.713687382825628e-05,0.0031316566523428638,0.010860190281095809,False
energy_gradient,7303,348,1.8641169590677561e-06,2.701738047289645e-05,2.8881497431964207e-05,0.0031845463660944567,0.001869449347200788,9.644063223068507e-05,0.003139651324180875,0.010877838255410234,False
energy_gradient,7303,349,1.8531819212324746e-06,2.661709690101942e-05,2.8470278822251894e-05,0.004581445309129779,0.0018639718958830306,8.995732126318419e-05,0.002970256821254249,0.010277282964419819,True
energy_gradient,7303,350,1.6764852339181198e-06,2.6546448618987048e-05,2.8222933852905167e-05,0.009872308427290035,0.001858489988261163,9.79853579891687e-05,0.0031933439806641917,0.01106274954215686,False
energy_gradient,7303,351,1.9085890291386916e-06,2.5949642560634128e-05,2.785823158977282e-05,0.010604896985354387,0.0018530037088729833,8.756744740653119e-05,0.0029786652411007714,0.010278154645305898,False
energy_gradient,7303,352,1.6299756309322885e-06,2.568896200296377e-05,2.7318937633896057e-05,0.007669710725207194,0.0018475131423237056,8.943148126894729e-05,0.0030748485940666065,0.010599760809190084,False
energy_gradient,7303,353,1.693101411119005e-06,2.5110321758159116e-05,2.6803423169278123e-05,0.001963184784911636,0.0018420183732846583,8.94084141628392e-05,0.0030939345414862096,0.01065938454453255,False
energy_gradient,7303,354,1.7004583642631164e-06,2.4760934917208816e-05,2.6461393281471933e-05,0.004128774444419706,0.0018365194864919776,8.349693846672466e-05,0.0029523799216217197,0.010152261539818895,True
energy_gradient,7303,355,1.5468599728927556e-06,2.4655333085644532e-05,2.6202193058537287e-05,0.00790997610591848,0.0018310165667452998,8.930862729592277e-05,0.0031227006920354515,0.010748554960346884,False
energy_gradient,7303,356,1.712968920199589e-06,2.414468837360049e-05,2.585765729380008e-05,0.007919209486732904,0.0018255096989064558,8.126751001971582e-05,0.0029678230365801396,0.010176912305928043,False
energy_gradient,7303,357,1.511001219302556e-06,2.3911855310674237e-05,2.5422856529976792e-05,0.005173158014463324,0.001819998967898159,8.187481861854636e-05,0.0030194369838031374,0.010345299017051616,False
energy_gradient,7303,358,1.5380338582567487e-06,2.3494133256024476e-05,2.5032167114281225e-05,0.0010458659418768437,0.0018144844587026996,8.269784075906469e-05,0.0030544248078985077,0.010463834002687857,False
energy_gradient,7303,359,1.56573046443873e-06,2.318508844667399e-05,2.4750818911112717e-05,0.004071093257553485,0.0018089662563606304,7.695735703671693e-05,0.002929956882597946,0.010012134327597694,True
energy_gradient,7303,360,1.4242744403152575e-06,2.3071654197868122e-05,2.4495928638183378e-05,0.006445570425953756,0.0018034444459694584,8.14066047685644e-05,0.0030579116278810817,0.010460991805282427,False
energy_gradient,7303,361,1.545047312161975e-06,2.2632550024539816e-05,2.4177597336701792e-05,0.0056567822518331645,0.0017979191126823296,7.553530897342653e-05,0.00295470890198296,0.01007460203280254,False
energy_gradient,7303,362,1.4072451744056704e-06,2.24194307715351e-05,2.3826675945940773e-05,0.003012635444747267,0.0017923903417067194,7.508187336256823e-05,0.00296715501756492,0.010108804738447531,False
energy_gradient,7303,363,1.4041655452238614e-06,2.2124433473645762e-05,2.3528599018869625e-05,0.0014791759346042591,0.001786858218303116,7.682353474344272e-05,0.0030176901098891117,0.010285912859573558,False
energy_gradient,7303,364,1.452686234413073e-06,2.18385967729108e-05,2.3291283007323872e-05,0.0040122700647860715,0.0017813228277837043,7.133450814853066e-05,0.0029099645430110802,0.009889415091336964,True
energy_gradient,7303,365,1.3261196514932325e-06,2.1720690611739615e-05,2.3046810263232847e-05,0.0051139910968469844,0.001775784255511056,7.443991354160056e-05,0.0030006486037897732,0.010207018468196015,False
energy_gradient,7303,366,1.4089113574454898e-06,2.135427935110382e-05,2.276319070854931e-05,0.003649739879465577,0.0017702425868968048,7.084287160266233e-05,0.002943671773628875,0.009989903218191973,False
energy_gradient,7303,367,1.3308455598534685e-06,2.115401303919788e-05,2.2484858599051347e-05,0.0013023058961320719,0.001764697907400338,6.934720872979332e-05,0.0029244044988575657,0.00991350305069331,False
energy_gradient,7303,368,1.301424722236813e-06,2.0951196178544834e-05,2.2252620900781646e-05,0.002290548564378068,0.0017591503025274706,7.164415721521241e-05,0.0029834484807910195,0.010123228280572948,False
energy_gradient,7303,369,1.3602452056376385e-06,2.0682741193084724e-05,2.2042986398722363e-05,0.003713597294677602,0.0017535998578291345,6.692797340161369e-05,0.002895838196815468,0.009798076944847188,True
energy_gradient,7303,370,1.2556330572619846e-06,2.055896369292083e-05,2.1814596750182816e-05,0.003706096993737992,0.0017480466589000513,6.859918847866347e-05,0.0029496675159503306,0.009984766795897184,False
energy_gradient,7303,371,1.301214171957792e-06,2.027260819342889e-05,2.1573822365386683e-05,0.001865134244012374,0.0017424907913774193,6.7066416826972e-05,0.0029315817867923725,0.009911676950288216,False
energy_gradient,7303,372,1.2718530483436715e-06,2.008441353335031e-05,2.1356266581693982e-05,0.0010095161955753227,0.0017369323409395883,6.461869162962321e-05,0.0028901803330324857,0.009755684759085326,True
energy_gradient,7303,373,1.2210733297323474e-06,1.9944916068803355e-05,2.11659893985357e-05,0.0027169065159096235,0.0017313713933047401,6.678536946014887e-05,0.0029468736389342124,0.009956646025654114,False
energy_gradient,7303,374,1.2754713596264343e-06,1.9698944529514592e-05,2.0974415889141027e-05,0.003019325096637117,0.0017258080342295666,6.310013938449805e-05,0.002884957708123741,0.009723096389944104,True
energy_gradient,7303,375,1.1984662239441258e-06,1.9572363705027746e-05,2.0770829928971872e-05,0.002219751111208619,0.0017202423495079468,6.33581422055632e-05,0.0029035508201461185,0.009784173702279625,False
energy_gradient,7303,376,1.2096715420652024e-06,1.9366158608208084e-05,2.0575830150273287e-05,0.0007927899074602345,0.0017146744249696248,6.346926890002213e-05,0.002914824153880645,0.009820722473132834,False
energy_gradient,7303,377,1.216252665539604e-06,1.9186219795332826e-05,2.040247246087243e-05,0.0017100281291085523,0.0017091043464788835,6.057682768741139e-05,0.0028647563524647783,0.009632799245965,True
energy_gradient,7303,378,1.1567961039522076e-06,1.907934891707136e-05,2.023614502102357e-05,0.0025659633556460427,0.0017035321999332251,6.222804291833959e-05,0.002907790430796398,0.00978541252630504,False
energy_gradient,7303,379,1.1969678760062948e-06,1.886601342066759e-05,2.0062981296673885e-05,0.001959002890917492,0.0016979580712620415,6.010178930561482e-05,0.002875877853174997,0.009662616281890989,False
energy_gradient,7303,380,1.1553508740038625e-06,1.8736902173001698e-05,1.989225304700556e-05,0.0009417152064152498,0.0016923820464252927,5.917276909163347e-05,0.0028655205481596495,0.009620212539135321,True
energy_gradient,7303,381,1.1392849841057269e-06,1.859724545138068e-05,1.973653043548641e-05,0.0012996395501874394,0.00168680421141218,6.0230724898843064e-05,0.002892899755362988,0.00971738754833611,False
energy_gradient,7303,382,1.165348064576962e-06,1.8424429338033138e-05,1.95897774026101e-05,0.0019012604409013225,0.0016812246522398186,5.7589235237384544e-05,0.0028492604191352766,0.009552307615812949,True
energy_gradient,7303,383,1.113089646272917e-06,1.832747473853214e-05,1.9440564384805055e-05,0.001848991835996304,0.0016756434549519135,5.8236286945037924e-05,0.0028700506999084717,0.009624428999241185,False
energy_gradient,7303,384,1.1305973682767972e-06,1.816158886621774e-05,1.929218623449454e-05,0.0008812029434694587,0.0016700607056174314,5.7703692359314235e-05,0.0028662493096823184,0.009606820817593151,False
energy_gradient,7303,385,1.1226496299489947e-06,1.8031470063868805e-05,1.9154119693817798e-05,0.0009026165430040966,0.0016644764903292726,5.600335843181885e-05,0.0028387023103873077,0.00950226411587232,True
energy_gradient,7303,386,1.0898724270367654e-06,1.7934358680518763e-05,1.9024231107555527e-05,0.0016381019209389584,0.0016588908952029453,5.711494092095883e-05,0.002865743915739092,0.009598952411101255,False
energy_gradient,7303,387,1.1158512360072223e-06,1.7778458741897108e-05,1.889430997790433e-05,0.0014489242487500927,0.0016533040063752365,5.545864968921897e-05,0.0028401288205787923,0.009500925834330732,True
energy_gradient,7303,388,1.0842900685082807e-06,1.7681067474059657e-05,1.8765357542567938e-05,0.0009067475560637126,0.0016477159100028822,5.5025513188795423e-05,0.002836970883789018,0.009486397474798475,True
energy_gradient,7303,389,1.077887151736075e-06,1.7566010438297925e-05,1.8643897590034e-05,0.0008445583697301574,0.0016421266922612419,5.5539912207009105e-05,0.0028509246008076787,0.009535657882196867,False
energy_gradient,7303,390,1.090717615694893e-06,1.743835082419172e-05,1.8529068439886613e-05,0.0012410429780676526,0.0016365364393429675,5.376587128427345e-05,0.002822066137210319,0.009426200714597847,True
energy_gradient,7303,391,1.056704738386823e-06,1.735855529140499e-05,1.8415260029791813e-05,0.0013129100727675448,0.001630945237456674,5.4211305814090116e-05,0.002835232275032999,0.009472254620462816,False
energy_gradient,7303,392,1.0681683513743126e-06,1.72347682797604e-05,1.830293663113471e-05,0.0007282582987559921,0.0016253531728256114,5.377990394828832e-05,0.002831077821073552,0.009454618839973488,False
energy_gradient,7303,393,1.0614299933497392e-06,1.7135041615431175e-05,1.8196471608780914e-05,0.0007072682347754438,0.0016197603316863338,5.261082898739206e-05,0.002812489696280957,0.009383834361346755,True
energy_gradient,7303,394,1.0395155586149805e-06,1.7055610849420425e-05,1.8095126408035405e-05,0.0011559990602670303,0.0016141668002873709,5.331151707596229e-05,0.0028286731070730703,0.009442077047135069,False
energy_gradient,7303,395,1.0553302109739257e-06,1.6939797915289324e-05,1.799512812626325e-05,0.0009899706105332238,0.0016085726648878956,5.2263228408123304e-05,0.002812414000830889,0.009379887379845376,True
energy_gradient,7303,396,1.0358226453355949e-06,1.686127608443298e-05,1.7897098729768577e-05,0.0006873047890098168,0.0016029780117563963,5.187333589689948e-05,0.0028076691809052795,0.009360842686186858,True
energy_gradient,7303,397,1.0293513121972526e-06,1.6774521213476085e-05,1.7803872525673337e-05,0.000742046381702471,0.0015973829271693455,5.228586531794473e-05,0.002817257519217523,0.00939532238577762,False
energy_gradient,7303,398,1.0388095086161568e-06,1.667567019069219e-05,1.771447969930835e-05,0.0009105805277577898,0.0015917874974098684,5.11340360837408e-05,0.0027982740855202106,0.009323481922846866,True
energy_gradient,7303,399,1.0170162346415809e-06,1.6609486173596485e-05,1.7626502408238066e-05,0.0008955102263200076,0.0015861918087664145,5.130617763085646e-05,0.00280351665294955,0.009341764177546895,False
energy_gradient,7303,400,1.0216632158259625e-06,1.6519172702354068e-05,1.754083591818003e-05,0.0005675665027651035,0.0015805959475314246,5.1217105627679476e-05,0.0028034873142169614,0.009340721584493176,False
energy_gradient,7303,401,1.0209162096857226e-06,1.6438235243662814e-05,1.7459151453348537e-05,0.0006569639033673491,0.0015750000000000009,5.033732950227568e-05,0.0027887288411077276,0.009285037527859571,True
energy_gradient,7303,402,1.0042924274014123e-06,1.6375982062561516e-05,1.7380274489962928e-05,0.0008785184287546175,0.0015694040524685774,5.074613538052526e-05,0.0027975685280748007,0.009317129077583787,False
energy_gradient,7303,403,1.0132899096812328e-06,1.6289565096052396e-05,1.730285500573363e-05,0.000660452699912898,0.0015638081912335874,5.02677504683249e-05,0.0027899143589673373,0.009288013792952536,False
energy_gradient,7303,404,1.004470313557157e-06,1.6223459716300994e-05,1.7227930029858152e-05,0.0005359029113936523,0.0015582125025901334,4.98000656532297e-05,0.002782038069275318,0.009258315937284435,True
energy_gradient,7303,405,9.95672526228566e-07,1.616055246036729e-05,1.7156224986595858e-05,0.000705579063397397,0.0015526170728306567,5.017013381326505e-05,0.002789330436759026,0.009285140363273455,False
energy_gradient,7303,406,1.0034441196067331e-06,1.608312418640908e-05,1.708656830601581e-05,0.0006850180501441879,0.0015470219882436059,4.952598079842063e-05,0.00277808063749078,0.009242977048354395,True
energy_gradient,7303,407,9.910071308565114e-07,1.602746926217869e-05,1.70184763930352e-05,0.0005943913863770524,0.0015414273351121064,4.9417083758170645e-05,0.002776379350502683,0.009236478221816561,True
energy_gradient,7303,408,9.891135960936077e-07,1.5963755354086414e-05,1.6952868950180023e-05,0.000543696086491434,0.0015358331997126313,4.9593188284982465e-05,0.0027796493970743117,0.009248615251273932,False
energy_gradient,7303,409,9.927915403015186e-07,1.589695457491249e-05,1.688974611521401e-05,0.0006088109404623286,0.001530239668313668,4.897822525111287e-05,0.0027684577263483415,0.009206945787955743,True
energy_gradient,7303,410,9.80716882984819e-07,1.5847488909003454e-05,1.6828205791988274e-05,0.0006414054898237913,0.0015246468271743906,4.9101223416921814e-05,0.002770623891647127,0.00921505335653331,False
energy_gradient,7303,411,9.832503778553818e-07,1.5785117295541825e-05,1.6768367673397207e-05,0.000489738269873297,0.0015190547625433281,4.906766823740518e-05,0.002769685374176032,0.009211751265351176,False
energy_gradient,7303,412,9.825586121306838e-07,1.572823154325592e-05,1.6710790155386604e-05,0.000514919933273796,0.0015134635606570347,4.860362669213224e-05,0.002760721138004387,0.009178679556616682,True
energy_gradient,7303,413,9.732076009133259e-07,1.5681846350896214e-05,1.665505395180954e-05,0.0006176490324975011,0.00150787330773876,4.883196272917223e-05,0.0027643262024781854,0.009192424895604786,False
energy_gradient,7303,414,9.775863052816227e-07,1.5623125053371656e-05,1.6600711358653278e-05,0.0004965274146754195,0.00150228408999712,4.8649247448403234e-05,0.0027602665098168844,0.009177740309757588,True
energy_gradient,7303,415,9.736945232192945e-07,1.5574439832197702e-05,1.6548134355416995e-05,0.0004654290904684055,0.001496695993624766,4.836774521614923e-05,0.0027542219135054226,0.009155775125412276,True
energy_gradient,7303,416,9.67742221699904e-07,1.552967893423548e-05,1.6497421155935384e-05,0.0005526766992863608,0.0014911091047970562,4.8598744311110736e-05,0.0027575193132212735,0.009168583783506152,False
energy_gradient,7303,417,9.72003422667519e-07,1.5476101877529483e-05,1.6448105300197e-05,0.0004961199584042806,0.0014855235096707291,4.83398746499684e-05,0.0027517736286507416,0.009147797773835812,True
energy_gradient,7303,418,9.664249767825474e-07,1.5433750129561226e-05,1.6400175106343774e-05,0.00045974471583765857,0.0014799392943825704,4.821541312467874e-05,0.00274835992542358,0.009135761239406159,True
energy_gradient,7303,419,9.634686570147598e-07,1.5390429395690828e-05,1.635389805270559e-05,0.00048688773272247284,0.001474356545048088,4.8394245079775746e-05,0.002750447437998591,0.009144217934494802,False
energy_gradient,7303,420,9.665584031911482e-07,1.5342493417423446e-05,1.6309051820614595e-05,0.00047580467727502304,0.0014687753477601831,4.812597627775657e-05,0.002744226162273347,0.009121839756915434,True
energy_gradient,7303,421,9.606000142826594e-07,1.5304807397853464e-05,1.6265407412136123e-05,0.0004648769514162726,0.0014631957885878218,4.8119302111794096e-05,0.0027427182779652397,0.009117038512621637,True
energy_gradient,7303,422,9.598384061026035e-07,1.5263306463185323e-05,1.6223144869287926e-05,0.0004411197020145583,0.0014576179535747088,4.823542636483696e-05,0.0027433689151971853,0.009120318727856248,False
energy_gradient,7303,423,9.614919511660328e-07,1.5220765921756098e-05,1.618225787292213e-05,0.00044596185092766246,0.00145204192873796,4.8002141740346537e-05,0.002737467353288867,0.009099316792398627,True
energy_gradient,7303,424,9.560172010866022e-07,1.5186482770835361e-05,1.6142499971921962e-05,0.00046101820428259875,0.0014464678000667766,4.8071020470282954e-05,0.0027371116653216953,0.00909893611217586,True
energy_gradient,7303,425,9.56623928472131e-07,1.5147279801475823e-05,1.6103903729947954e-05,0.000414558472679314,0.0014408956535211178,4.8131313636971094e-05,0.0027365138783954704,0.009097704378232296,True
energy_gradient,7303,426,9.570154606212147e-07,1.5109540019940735e-05,1.606655548056195e-05,0.0004178764917778556,0.0014353255750303771,4.79491055949547e-05,0.002731339066906799,0.009079527236324238,True
energy_gradient,7303,427,9.52431666122217e-07,1.5077855057318303e-05,1.603028672344052e-05,0.0004468131407207803,0.0014297576504920546,4.805613621858429e-05,0.0027315430254683717,0.009081309238370383,False
energy_gradient,7303,428,9.537346568885054e-07,1.5041295614430904e-05,1.599503027131941e-05,0.00039883828232539174,0.0014241919657704348,4.8075503125538786e-05,0.0027300463572438936,0.009076821083340403,True
energy_gradient,7303,429,9.532164068213445e-07,1.500765655419684e-05,1.5960872961018186e-05,0.0003969216972652154,0.0014186286066952612,4.7946778351513096e-05,0.0027257075558184685,0.009061837150698802,True
energy_gradient,7303,430,9.496211124791268e-07,1.4978109664941361e-05,1.592773077742049e-05,0.00042727189069946466,0.0014130676590604133,4.806941930721718e-05,0.002726069666490654,0.009064281844302547,False
energy_gradient,7303,431,9.511737705261567e-07,1.4944326166716063e-05,1.589549993724222e-05,0.0003868867013278518,0.0014075092086225822,4.806704432983596e-05,0.0027240175032830277,0.009057819154705686,True
energy_gradient,7303,432,9.501168732008999e-07,1.4914114962361018e-05,1.5864231835561917e-05,0.0003818293512764762,0.0014019533410999502,4.7987599858625926e-05,0.002720443391266532,0.009045759855231261,True
energy_gradient,7303,433,9.474239576444708e-07,1.4886474086074535e-05,1.5833898043719005e-05,0.00040649150254750343,0.0013964001421708672,4.811312950939337e-05,0.0027207326728468655,0.00904800692200157,False
energy_gradient,7303,434,9.48962068590369e-07,1.4855435890769023e-05,1.580439795935939e-05,0.00037509049315771455,0.0013908496974725305,4.8102752466423814e-05,0.0027184010117123924,0.009040582090428928,True
energy_gradient,7303,435,9.476523120820894e-07,1.482809488617749e-05,1.577574719825958e-05,0.00036975461563246555,0.001385302092599664,4.806203273022384e-05,0.0027154475963534104,0.00903088309206543,True
energy_gradient,7303,436,9.456805578103244e-07,1.4802263002614057e-05,1.574794356042438e-05,0.00038709941093069536,0.0013797574131031963,4.818238214550757e-05,0.002715563067353057,0.009032529657141722,False
energy_gradient,7303,437,9.470673956755092e-07,1.4773837399722326e-05,1.5720904795397834e-05,0.0003632755141459646,0.0013742157444889458,4.8172099732087306e-05,0.0027131489013788594,0.009024847029487144,True
energy_gradient,7303,438,9.456984568520199e-07,1.4748924404048036e-05,1.5694622860900056e-05,0.00035929100982936337,0.0013686771722162966,4.8159834598930254e-05,0.00271066174400864,0.009016914278944554,True
energy_gradient,7303,439,9.442624158278045e-07,1.472484095020806e-05,1.5669103366035863e-05,0.00037037080662671434,0.0013631417816968856,4.8273134699624064e-05,0.0027105817275267824,0.009017872398468985,False
energy_gradient,7303,440,9.454627306524583e-07,1.4698820734715766e-05,1.5644283465368225e-05,0.00035197628594398045,0.0013576096582932817,4.826937785832195e-05,0.002708211200650741,0.00901039630028286,True
energy_gradient,7303,441,9.441673368222812e-07,1.4675976141052696e-05,1.5620143477874976e-05,0.0003494525169866905,0.0013520808873176717,4.82783667365804e-05,0.002706056203541216,0.009003732308534847,True
energy_gradient,7303,442,9.431182369232859e-07,1.465357009069624e-05,1.5596688327619526e-05,0.000356003213105781,0.0013465555540305434,4.838566802123632e-05,0.00270580197190394,0.009004079921516157,False
energy_gradient,7303,443,9.441515606836577e-07,1.4629718831042218e-05,1.5573870391725875e-05,0.0003410990328627667,0.0013410337436393707,4.839144746699466e-05,0.0027035514861139145,0.00899708214482227,True
energy_gradient,7303,444,9.430066013621605e-07,1.4608659788465832e-05,1.5551666389827994e-05,0.0003396125406072947,0.001335515541297302,4.841475528148702e-05,0.002701627785010013,0.008991296505069999,True
energy_gradient,7303,445,9.422244459380499e-07,1.4587853482910722e-05,1.553007792884877e-05,0.0003433929788218079,0.001330001032101842,4.851621574444219e-05,0.0027012384932950185,0.008991158121509699,True
energy_gradient,7303,446,9.431206163548777e-07,1.4565947298685602e-05,1.550906791504048e-05,0.00033080723633510477,0.0013244903010935457,4.853146220410457e-05,0.0026991496113879052,0.00898476830362145,True
energy_gradient,7303,447,9.421580424681599e-07,1.454645575242303e-05,1.548861379489119e-05,0.0003299423022382999,0.0013189834332547011,4.856341328487792e-05,0.002697383606398611,0.00897956957366341,True
energy_gradient,7303,448,9.415503415624437e-07,1.45271634679949e-05,1.5468713809557342e-05,0.00033229644440892306,0.001313480513508024,4.8659743868511353e-05,0.002696894907440211,0.008979064618493052,True
energy_gradient,7303,449,9.423386009378603e-07,1.4506999234234995e-05,1.5449337835172855e-05,0.0003213231694771909,0.001307981626715343,4.868450399471198e-05,0.0026949822201974187,0.008973329026486555,True
energy_gradient,7303,450,9.415684477451849e-07,1.448889750310514e-05,1.5430465950850325e-05,0.0003206215964298675,0.0013024868576762957,4.872213932141642e-05,0.002693319034514653,0.008968513487403866,True
energy_gradient,7303,451,9.410716230551436e-07,1.4471022110414878e-05,1.5412093733470022e-05,0.0003223136103583729,0.0012969962911270178,4.8814742824997175e-05,0.0026927553151071416,0.008967733428970915,True
energy_gradient,7303,452,9.417755346980647e-07,1.445242022521657e-05,1.5394195759914635e-05,0.0003124511694383514,0.0012915100117388374,4.8848884181646726e-05,0.0026910188490179227,0.008962650732603246,True
energy_gradient,7303,453,9.411945492607115e-07,1.4435560760653756e-05,1.5376755309914466e-05,0.00031159099849238555,0.0012860281041169705,4.8890074270940914e-05,0.002689422151785774,0.008958081694173505,True
energy_gradient,7303,454,9.407643016525343e-07,1.4419001686855693e-05,1.5359765988508228e-05,0.0003130759023114883,0.0012805506527992126,4.897924336484573e-05,0.0026887995657789428,0.008957080328137853,True
energy_gradient,7303,455,9.413950766782232e-07,1.4401810744436623e-05,1.5343205821114846e-05,0.0003041181920728231,0.0012750777422546402,4.902157865037473e-05,0.0026872353309414843,0.00895262534096915,True
energy_gradient,7303,456,9.409913078253084e-07,1.4386069888652597e-05,1.5327061196477906e-05,0.0003030041810134766,0.0012696094568823031,4.906446135929475e-05,0.002685686302669659,0.008948223896646455,True
energy_gradient,7303,457,9.405997272293597e-07,1.4370724512938342e-05,1.53113242401677e-05,0.00030453390575563614,0.0012641458810099277,4.914994021864978e-05,0.002685014000108993,0.0089470271952794,True
energy_gradient,7303,458,9.411611194767912e-07,1.4354814729560333e-05,1.5295975849037124e-05,0.0002964528437975888,0.0012586870988926112,4.919945211445292e-05,0.0026836159095953555,0.008943169966826925,True
energy_gradient,7303,459,9.409231090190506e-07,1.4340081985184044e-05,1.5281005094203096e-05,0.000295012765918796,0.0012532331947115282,4.924335459681309e-05,0.002682108616384368,0.008938910322309479,True
energy_gradient,7303,460,9.405605426877409e-07,1.4325842417966278e-05,1.526640296065402e-05,0.0002965719340029906,0.0012477842525726263,4.932513456939223e-05,0.00268138895653253,0.00893752559394747,True
energy_gradient,7303,461,9.410532724595832e-07,1.431109975475865e-05,1.5252153027218232e-05,0.0002893711260246803,0.001242340356505335,4.9381112701826875e-05,0.002680148268787689,0.008934231122206367,True
energy_gradient,7303,462,9.409699286939042e-07,1.4297276496057548e-05,1.5238246424751453e-05,0.0002875143995558555,0.0012369015904612666,4.9425951756450915e-05,0.0026786867807793583,0.008930125157041285,True
energy_gradient,7303,463,9.406387052626916e-07,1.4284034603711966e-05,1.5224673308974657e-05,0.000288958237574616,0.0012314680383129202,4.950359800437016e-05,0.002677917887292131,0.008928541875341605,True
energy_gradient,7303,464,9.410577323647151e-07,1.427036217931784e-05,1.5211419911682554e-05,0.000282743948575815,0.0012260397838523927,4.956481380123881e-05,0.0026768225447993048,0.00892575922647752,True
energy_gradient,7303,465,9.411121073033525e-07,1.4257366591513804e-05,1.5198478698817157e-05,0.00028045717007033657,0.0012206169107900821,4.961051632099978e-05,0.0026754183939741954,0.008921842334661251,True
energy_gradient,7303,466,9.408205838467612e-07,1.4245018817495954e-05,1.5185839401342716e-05,0.00028164289952284165,0.0012151995027534005,4.968332026037018e-05,0.0026745962245381012,0.008920040257571657,True
energy_gradient,7303,467,9.411572042696778e-07,1.423233362979761e-05,1.5173490834067288e-05,0.000276597244198393,0.00120978764328548,4.9748376336170545e-05,0.002673628312753889,0.008917698323542857,True
energy_gradient,7303,468,9.4132610060272e-07,1.4220099977032323e-05,1.5161426077635043e-05,0.00027389999118447843,0.00120438141584389,4.9795388838741364e-05,0.002672296786984384,0.008914023226120069,True
energy_gradient,7303,469,9.410885817413335e-07,1.4208546399543554e-05,1.5149634981284887e-05,0.0002746669032762277,0.0011989809037993438,4.986315926481825e-05,0.0026714175738691095,0.008911988494300941,True
energy_gradient,7303,470,9.413372435459098e-07,1.4196771429770333e-05,1.5138108673316243e-05,0.00027089305055379826,0.0011935861904344195,4.993083279240923e-05,0.0026705520964209447,0.008909995815232236,True
energy_gradient,7303,471,9.415925193666479e-07,1.4185247768580874e-05,1.5126840287947522e-05,0.00026780280440107107,0.0011881973589422693,4.997998566908967e-05,0.002669309843239171,0.008906623594942487,True
energy_gradient,7303,472,9.414268229879695e-07,1.4174393584865735e-05,1.5115820407853704e-05,0.00026801420777270964,0.001182814492425342,5.004290531185297e-05,0.002668375103080253,0.008904362915927878,True
energy_gradient,7303,473,9.415887059538848e-07,1.4163453234879008e-05,1.5105041940832892e-05,0.0002654867842853907,0.0011774376738940984,5.0111677194514645e-05,0.002667581937566449,0.008902608790579752,True
energy_gradient,7303,474,9.418964406823531e-07,1.4152601396487014e-05,1.5094497837169367e-05,0.00026210607851419245,0.0011720669862657308,5.0163496403474215e-05,0.002666444615521408,0.008899594179003337,True
energy_gradient,7303,475,9.418182149612294e-07,1.414236170806382e-05,1.508417992302505e-05,0.0002617252565374741,0.0011667025123628875,5.022189770062621e-05,0.0026654653660275847,0.008897145661499139,True
energy_gradient,7303,476,9.419035055570678e-07,1.4132178667163658e-05,1.5074082172720725e-05,0.00026028194858209174,0.0011613443349123911,5.028995101281479e-05,0.0026647119194310657,0.008895508460283108,True
energy_gradient,7303,477,9.422261734403307e-07,1.4121971337227395e-05,1.5064197510667725e-05,0.00025683956999628024,0.001155992536543967,5.034459117130655e-05,0.002663689342217879,0.008892883891636082,True
energy_gradient,7303,478,9.422445439295176e-07,1.4112274652386795e-05,1.5054519196316313e-05,0.0002558947782499769,0.001150647199788966,5.039930219827954e-05,0.002662686594478783,0.008890322281526841,True
energy_gradient,7303,479,9.422749207145696e-07,1.4102766693146641e-05,1.504504161386121e-05,0.00025520399964292493,0.001145308407079094,5.046504011648713e-05,0.0026619410479596125,0.008888685152230411,True
energy_gradient,7303,480,9.425769410079886e-07,1.4093181160628943e-05,1.5035758101636931e-05,0.00025200307415892894,0.001139976240745138,5.052233210502341e-05,0.002661031969519395,0.00888644491298812,True
energy_gradient,7303,481,9.426902506874619e-07,1.408397287252618e-05,1.5026663123213643e-05,0.0002505363176302356,0.0011346507830157003,5.057468844688483e-05,0.0026600345412074785,0.008883874860357362,True
energy_gradient,7303,482,9.426970952576034e-07,1.4075054048067296e-05,1.50177511433249e-05,0.0002501694856052089,0.0011293321160159259,5.063692531038661e-05,0.0026592712813264924,0.00888214480408897,True
energy_gradient,7303,483,9.429502853378914e-07,1.4066066054122469e-05,1.500901633946036e-05,0.00024751793483870243,0.0011240203217662398,5.069608815033265e-05,0.0026584608675126703,0.00888023402716829,True
energy_gradient,7303,484,9.431419917558196e-07,1.40573118832847e-05,1.500045387504052e-05,0.000245610180259551,0.001118715482181081,5.074749637816957e-05,0.002657500789282146,0.008877771018317555,True
energy_gradient,7303,485,9.431598941903193e-07,1.4048898500419714e-05,1.4992058394610034e-05,0.00024519512790778476,0.0011134176790676374,5.080556808992973e-05,0.002656706559324732,0.008875899363514888,True
energy_gradient,7303,486,9.433491748883387e-07,1.4040475846907751e-05,1.498382502179609e-05,0.00024329410731501364,0.0011081269941245874,5.086521783729063e-05,0.0026559673662749144,0.008874217192200703,True
energy_gradient,7303,487,9.435886023128417e-07,1.403216058071576e-05,1.49757491830286e-05,0.0002411051824157517,0.0011028435089408368,5.091686719597091e-05,0.002655072357997201,0.00887196087184945,True
energy_gradient,7303,488,9.436474398769599e-07,1.4024178590326274e-05,1.4967826030203234e-05,0.00024040891331842472,0.0010975673049942642,5.097092729522513e-05,0.002654250194512857,0.008869958782281799,True
energy_gradient,7303,489,9.437759723908239e-07,1.4016275395362465e-05,1.496005136775329e-05,0.0002392242059394124,0.0010922984636504605,5.1029493544103375e-05,0.0026535474990358604,0.008868379535749003,True
energy_gradient,7303,490,9.44025246805752e-07,1.400839554906899e-05,1.4952420795874743e-05,0.0002370023729183163,0.0010870370661614779,5.108210604267158e-05,0.0026527327042734114,0.008866385112260313,True
energy_gradient,7303,491,9.441419568116031e-07,1.4000788204211153e-05,1.4944930161022756e-05,0.00023592837010951394,0.001081783193664573,5.1133119015965906e-05,0.002651901634764295,0.008864322567337058,True
energy_gradient,7303,492,9.442310452649017e-07,1.3993344541454503e-05,1.4937575586719405e-05,0.00023519227751695376,0.0010765369271809606,5.118922033774966e-05,0.002651203132755082,0.008862730169824069,True
energy_gradient,7303,493,9.444553645310295e-07,1.3985897684148951e-05,1.4930353048679981e-05,0.00023323573522315188,0.0010712983476145596,5.124269902333296e-05,0.002650465864347516,0.0088609881792929,True
energy_gradient,7303,494,9.446274609083706e-07,1.3978631488414639e-05,1.492325894932301e-05,0.00023180695144702575,0.0010660675357507463,5.129199887071637e-05,0.0026496548301098806,0.008858970199972806,True
energy_gradient,7303,495,9.447090360533845e-07,1.3971580573007364e-05,1.4916289609060748e-05,0.00023117517390277607,0.0010608445722551116,5.1344778948814144e-05,0.0026489412669165407,0.008857295113905542,True
energy_gradient,7303,496,9.448874635459521e-07,1.3964554070301405e-05,1.4909441533847357e-05,0.00022970598026193157,0.0010556295376722125,5.139817983511353e-05,0.0026482615550395367,0.008855732839767086,True
energy_gradient,7303,497,9.450931439684414e-07,1.395761827048098e-05,1.4902711414449422e-05,0.0002280601090078347,0.0010504225124243352,5.144696258297689e-05,0.0026474980119567124,0.008853858315047796,True
energy_gradient,7303,498,9.451973170249792e-07,1.3950898583560669e-05,1.4896095900585647e-05,0.00022727372212936106,0.0010452235768102487,5.149643000137317e-05,0.0026467695270323355,0.008852101069477633,True
energy_gradient,7303,499,9.45330136721917e-07,1.3944261788070543e-05,1.488959192479246e-05,0.00022629110073676959,0.001040032811003973,5.1548426302243474e-05,0.002646117772890677,0.008850611505277932,True
energy_gradient,7303,500,9.455372620330807e-07,1.3937659120891552e-05,1.4883196382924633e-05,0.00022466317294041898,0.001034850295053537,5.1597318206385274e-05,0.002645415503457208,0.00884893035218326,True
energy_gradient,7303,501,9.45679544133013e-07,1.3931226802137554e-05,1.4876906346270567e-05,0.0002236128065938215,0.0010296761088797487,5.164432862418318e-05,0.0026446899414960933,0.008847156054831091,True
energy_gradient,7303,502,9.457868405405143e-07,1.3924932142501086e-05,1.4870718983041601e-05,0.00022289539146821906,0.0010245103322749588,5.169382767330418e-05,0.002644040014646863,0.008845645572332153,True
energy_gradient,7303,503,9.459674501666038e-07,1.3918664045777927e-05,1.4864631495944531e-05,0.0002215315167576198,0.001019353044901833,5.1742603495050286e-05,0.002643392863729402,0.00884413607937413,True
energy_gradient,7303,504,9.461417358763619e-07,1.3912499534049676e-05,1.4858641269926038e-05,0.00022025742809280162,0.0010142043262921234,5.1788335319700174e-05,0.0026426954638710263,0.008842436477600872,True
energy_gradient,7303,505,9.462517382830273e-07,1.3906493945323229e-05,1.4852745683606255e-05,0.00021953358052526043,0.0010090642558454389,5.183495087653601e-05,0.002642037081197431,0.008840868698232397,True
energy_gradient,7303,506,9.463951739901959e-07,1.3900547099120243e-05,1.4846942273110439e-05,0.0002185392113455798,0.0010039329128280258,5.188268363153856e-05,0.0026414231189533974,0.008839452181989584,True
energy_gradient,7303,507,9.465780048664228e-07,1.3894650611154483e-05,1.4841228616020906e-05,0.00021721196442259425,0.0009988103763715398,5.1927958338401805e-05,0.002640771714073057,0.008837891981638382,True
energy_gradient,7303,508,9.467107417530128e-07,1.3888891632078386e-05,1.48356023738314e-05,0.0002163208022696104,0.0009936967254718311,5.197215750080186e-05,0.002640114188088,0.00883630110222007,True
energy_gradient,7303,509,9.468277342091757e-07,1.388323357371966e-05,1.4830061307928837e-05,0.00021558434514018667,0.0009885920389877214,5.201784075050788e-05,0.0026395091420561645,0.00883489068288729,True
energy_gradient,7303,510,9.46993162442967e-07,1.3877610048124851e-05,1.4824603210567819e-05,0.00021442293074086852,0.0009834963956397921,5.206270328645873e-05,0.002638903529952973,0.008833469729348288,True
energy_gradient,7303,511,9.471490815462498e-07,1.3872076911934107e-05,1.4819225993480357e-05,0.00021336065266286093,0.0009784098740091662,5.2105453767474764e-05,0.002638267330252685,0.008831930287366343,True
energy_gradient,7303,512,9.472627389591561e-07,1.38666648539391e-05,1.4813927592898256e-05,0.00021266086973863388,0.0009733325525363008,5.2148662961192504e-05,0.0026376595547674196,0.00883048490341169,True
energy_gradient,7303,513,9.473987794943924e-07,1.3861307263463267e-05,1.480870604295766e-05,0.00021177550687749756,0.0009682645095197729,5.2192451673526974e-05,0.0026370829475175135,0.008829143474306673,True
energy_gradient,7303,514,9.475602785655748e-07,1.3855999145870622e-05,1.4803559424436197e-05,0.00021067294060308315,0.000963205823115076,5.223450874836239e-05,0.002636483932738546,0.008827713276220884,True
energy_gradient,7303,515,9.476886996864835e-07,1.3850797182618726e-05,1.479848588230521e-05,0.0002098563825342253,0.0009581565713334114,5.227561309365367e-05,0.002635880329687319,0.008826258518005893,True
energy_gradient,7303,516,9.478036055097149e-07,1.3845680024812838e-05,1.4793483630322553e-05,0.00020916329214260435,0.000953116832040489,5.231751809787942e-05,0.002635312732634597,0.008824925249988493,True
energy_gradient,7303,517,9.479494656630997e-07,1.3840601456289993e-05,1.4788550921953092e-05,0.00020819910636460362,0.0009480866829553222,5.235890201296054e-05,0.002634750381320863,0.008823602876131743,True
energy_gradient,7303,518,9.48092703797487e-07,1.3835593383771229e-05,1.4783686087568716e-05,0.0002072644209980931,0.0009430662016490329,5.2398688713111086e-05,0.0026341680499469577,0.008822200782454341,True
energy_gradient,7303,519,9.482057970222076e-07,1.3830681692788448e-05,1.4778887489810655e-05,0.00020658615463765926,0.0009380554655436539,5.243842165323311e-05,0.002633601506774877,0.00882084764040341,True
energy_gradient,7303,520,9.483279439130628e-07,1.3825825617190234e-05,1.4774153561103298e-05,0.000205833617020671,0.0009330545519109335,5.247853780226953e-05,0.0026330608368435784,0.008819579748572368,True
energy_gradient,7303,521,9.484702562095387e-07,1.3821012514047326e-05,1.4769482770256865e-05,0.00020490518600042653,0.0009280635378711473,5.251753989949171e-05,0.0026325108672222972,0.008818270795960073,True
energy_gradient,7303,522,9.485943539291549e-07,1.3816279288654525e-05,1.4764873642583679e-05,0.0002041339876472677,0.0009230825003919051,5.2555528180927056e-05,0.0026319536858688004,0.008816928401895432,True
energy_gradient,7303,523,9.487026080776338e-07,1.3811622138781412e-05,1.4760324746859045e-05,0.00020349865487465508,0.0009181115162869677,5.259380298631904e-05,0.0026314195831607726,0.008815661459996675,True
energy_gradient,7303,524,9.488282289716043e-07,1.3807006466366639e-05,1.4755834695338244e-05,0.0002027110004194187,0.0009131506622150581,5.263189519998451e-05,0.0026308974075550298,0.008814429983133577,True
energy_gradient,7303,525,9.4895910585678e-07,1.3802443042655596e-05,1.4751402148512377e-05,0.0002018781324598475,0.0009082000146786844,5.2668803274155516e-05,0.0026303634144796734,0.008813148799608385,True
energy_gradient,7303,526,9.490693568116623e-07,1.379795644522116e-05,1.4747025802032822e-05,0.00020121852086748903,0.0009032596500229545,5.2705232842655656e-05,0.0026298339994517226,0.008811876870234032,True
energy_gradient,7303,527,9.49176992439492e-07,1.3793527407372766e-05,1.4742704399812258e-05,0.0002005809759911234,0.0008983296444344035,5.2741883222524524e-05,0.0026293255111311683,0.008810672941427941,True
energy_gradient,7303,528,9.492999644686844e-07,1.3789136752538895e-05,1.473843671700758e-05,0.00019980703211866673,0.000893410073939817,5.277795508768153e-05,0.002628818947752962,0.008809468877079438,True
energy_gradient,7303,529,9.49417571401473e-07,1.3784804002554573e-05,1.4734221573956047e-05,0.00019907799490182475,0.0008885010144050567,5.281304312777156e-05,0.0026283045324843454,0.00880822968324932,True
energy_gradient,7303,530,9.495192025807783e-07,1.3780538618735977e-05,1.4730057821316755e-05,0.00019848181521521998,0.0008836025415338944,5.284796061857253e-05,0.0026278013226047974,0.008807023819057996,True
energy_gradient,7303,531,9.496257762796699e-07,1.3776318573601011e-05,1.4725944349880682e-05,0.0001978407702895959,0.0008787147308668402,5.288288108796731e-05,0.0026273132886481428,0.008805865591366336,True
energy_gradient,7303,532,9.497417118288814e-07,1.3772138369235548e-05,1.472188008106443e-05,0.00019711531901662604,0.0008738376577799824,5.291705650576662e-05,0.0026268225158090457,0.008804690821122976,True
energy_gradient,7303,533,9.498475016531352e-07,1.376801646985781e-05,1.4717863971510945e-05,0.00019647343091270356,0.0008689713974838203,5.295050664972756e-05,0.0026263292688384872,0.008803500549879047,True
energy_gradient,7303,534,9.499435169026287e-07,1.3763951491709289e-05,1.4713895008611917e-05,0.00019591130699867312,0.0008641160250221084,5.298389662220793e-05,0.0026258491920814354,0.008802350949582477,True
energy_gradient,7303,535,9.500469419039919e-07,1.3759925268716439e-05,1.4709972210620431e-05,0.0001952812695961213,0.0008592716152706954,5.301708479737619e-05,0.002625378769444717,0.008801229479341506,True
energy_gradient,7303,536,9.501540103188903e-07,1.3755940615885245e-05,1.4706094626204134e-05,0.00019461598290373597,0.0008544382429363728,5.304952050768507e-05,0.002624904706346635,0.008800088559310817,True
energy_gradient,7303,537,9.502502637555181e-07,1.3752011067871205e-05,1.4702261331626722e-05,0.0001940383514249836,0.000849615982555722,5.308143764748743e-05,0.002624432409145616,0.008798947644549866,True
energy_gradient,7303,538,9.50341686970399e-07,1.3748129745459669e-05,1.4698471432430068e-05,0.00019349783004424787,0.0008448049084939623,5.311328957385366e-05,0.0026239725666325413,0.008797845102427395,True
energy_gradient,7303,539,9.504400376491647e-07,1.3744284021622032e-05,1.4694724059271196e-05,0.00019289280032191346,0.0008400050949438086,5.314480363188195e-05,0.002623518517629041,0.008796757128046041,True
energy_gradient,7303,540,9.505381075920657e-07,1.3740480263006148e-05,1.4691018370598214e-05,0.00019228584534718808,0.000835216615924322,5.317563029738685e-05,0.0026230617259380157,0.008795653214505027,True
energy_gradient,7303,541,9.506266390743769e-07,1.373672690909565e-05,1.4687353548170027e-05,0.00019175504023942626,0.000830439545279774,5.320606920358993e-05,0.0026226092073787905,0.008794558567068119,True
energy_gradient,7303,542,9.507133737693959e-07,1.373301542591021e-05,1.4683728799679607e-05,0.00019123499783036893,0.0008256739566785023,5.323639589611735e-05,0.0026221674267910993,0.008793496405595626,True
energy_gradient,7303,543,9.508054509908609e-07,1.3729337903685942e-05,1.4680143354676803e-05,0.0001906638861304088,0.0008209199236117796,5.326631960857737e-05,0.0026217292400131827,0.008792441216857141,True
energy_gradient,7303,544,9.508951374102949e-07,1.372570132944116e-05,1.4676596466851455e-05,0.0001901083979174695,0.0008161775193926756,5.329564074241859e-05,0.002621289667725302,0.008791375251351959,True
energy_gradient,7303,545,9.509770664691802e-07,1.3722110344040876e-05,1.4673087410510055e-05,0.0001896135364986822,0.0008114468171549305,5.332464651467288e-05,0.002620855455394967,0.008790322733785124,True
energy_gradient,7303,546,9.510586844759111e-07,1.3718556797794191e-05,1.4669615482270101e-05,0.00018911625734008457,0.0008067278898518256,5.335349297192669e-05,0.002620430212928423,0.008789296653222565,True
energy_gradient,7303,547,9.511440088414056e-07,1.3715035989408726e-05,1.466617999825013e-05,0.00018858178926117205,0.0008020208102550566,5.3381921474578387e-05,0.002620007542686646,0.008788274181021336,True
energy_gradient,7303,548,9.512261202287609e-07,1.3711554175015081e-05,1.4662780295243842e-05,0.00018806947753894802,0.0007973256509536145,5.340982433181999e-05,0.002619584677462309,0.008787245487587043,True
energy_gradient,7303,549,9.513020662985336e-07,1.3708113662172744e-05,1.4659415728471277e-05,0.00018760402107419308,0.0007926424843526631,5.343744575725848e-05,0.002619167368727125,0.008786231220675827,True
energy_gradient,7303,550,9.513782016290563e-07,1.3704707470656183e-05,1.465608567228524e-05,0.00018713160172765267,0.0007879713826724257,5.346487310575494e-05,0.002618757592436746,0.008785238510816215,True
energy_gradient,7303,551,9.514567527197762e-07,1.3701332765705834e-05,1.465278951842561e-05,0.0001866330315392331,0.0007833124179470678,5.349189421345713e-05,0.0026183500643853666,0.008784248518028451,True
energy_gradient,7303,552,9.515320125582053e-07,1.3697994663866382e-05,1.4649526676424588e-05,0.00018615708054034894,0.0007786656620235895,5.351844955456564e-05,0.0026179431891481105,0.008783255602442074,True
energy_gradient,7303,553,9.516023050210778e-07,1.3694694267156533e-05,1.464629657217761e-05,0.00018571776548200866,0.0007740311865607148,5.354473595606052e-05,0.0026175416005408876,0.008782276400183647,True
energy_gradient,7303,554,9.5167275961145e-07,1.3691425888498216e-05,1.4643098648109667e-05,0.00018527166325994207,0.0007694090630277893,5.357080805087105e-05,0.002617146489870538,0.008781315231246912,True
energy_gradient,7303,555,9.517447434542333e-07,1.3688187618590382e-05,1.4639932362044615e-05,0.00018480703888856605,0.0007647993627036749,5.3596499005997744e-05,0.002616753657287003,0.008780357140885259,True
energy_gradient,7303,556,9.518137333108341e-07,1.3684983453915169e-05,1.4636797187226003e-05,0.00018436242303744642,0.0007602021566756533,5.362176986071708e-05,0.0026163620066761316,0.008779398274962056,True
energy_gradient,7303,557,9.518785967536946e-07,1.3681814014588565e-05,1.463369261134226e-05,0.0001839472781391615,0.0007556175158383291,5.3646775168000055e-05,0.0026159751631150293,0.00877845165419245,True
energy_gradient,7303,558,9.519433585041846e-07,1.3678674777962032e-05,1.4630618136466218e-05,0.00018352757159234635,0.0007510455108925344,5.3671558053094954e-05,0.0026155940444068716,0.008777520617820006,True
energy_gradient,7303,559,9.520090847316869e-07,1.3675564193491344e-05,1.4627573278223032e-05,0.00018309419745453367,0.0007464862123442424,5.3695990482909646e-05,0.0026152153883155687,0.008776593566326003,True
energy_gradient,7303,560,9.520722745617831e-07,1.3672485291126482e-05,1.4624557565688265e-05,0.00018267692772930985,0.0007419396905034758,5.3720038246853385e-05,0.00261483822027361,0.008775667077540971,True
energy_gradient,7303,561,9.521319251679924e-07,1.3669438615471863e-05,1.4621570540639856e-05,0.00018228417520894913,0.0007374060154832269,5.374381995469881e-05,0.0026144653085809788,0.008774751101012186,True
energy_gradient,7303,562,9.521911210648348e-07,1.3666420636356605e-05,1.461861175742144e-05,0.00018188993004255777,0.0007328852571983716,5.376737798633848e-05,0.0026140975637703296,0.00877384894522231,True
energy_gradient,7303,563,9.5225091675346e-07,1.3663429865530984e-05,1.4615680782284444e-05,0.00018148524870424982,0.0007283774853645964,5.379061697998303e-05,0.0026137325203960046,0.008772951858733644,True
energy_gradient,7303,564,9.523086790379063e-07,1.3660468514210051e-05,1.4612777193247957e-05,0.00018109251536026991,0.0007238827694973179,5.381350032451196e-05,0.002613369148977871,0.008772056221505578,True
energy_gradient,7303,565,9.523633425715084e-07,1.3657537236912695e-05,1.4609900579484203e-05,0.0001807206973245171,0.0007194011789106164,5.3836116010671865e-05,0.0026130094807680563,0.008771169344309883,True
energy_gradient,7303,566,9.524171839754364e-07,1.3654633357195242e-05,1.460705054117068e-05,0.00018035065272410403,0.0007149327827161617,5.3858510007803715e-05,0.0026126545207148734,0.008770294870103721,True
energy_gradient,7303,567,9.524713583945475e-07,1.3651755330546983e-05,1.4604226688941531e-05,0.00017997262067710515,0.0007104776498221511,5.388061553647844e-05,0.00261230250139061,0.008769426542058653,True
energy_gradient,7303,568,9.525239932140443e-07,1.3648904650525127e-05,1.460142864373917e-05,0.0001796025105856757,0.0007060358489322457,5.390239199976074e-05,0.0026119522959226122,0.00876856039209162,True
energy_gradient,7303,569,9.525739150486103e-07,1.364608212125613e-05,1.459865603630474e-05,0.00017925020549818807,0.0007016074485445092,5.392390022265495e-05,0.0026116052769459336,0.008767701375077982,True
energy_gradient,7303,570,9.526226790663218e-07,1.3643285827959897e-05,1.459590850702622e-05,0.00017890266692547832,0.0006971925169503545,5.394518939852052e-05,0.0026112625365329206,0.008766853441676794,True
energy_gradient,7303,571,9.526715329750295e-07,1.3640514172505923e-05,1.4593185705480952e-05,0.00017854938770832436,0.0006927911222334873,5.3966218409608546e-05,0.002610922941450386,0.008766012598294869,True
energy_gradient,7303,572,9.527192939635235e-07,1.3637767996313273e-05,1.4590487290276797e-05,0.0001782004257540499,0.0006884033322688601,5.398694448760967e-05,0.0026105853162423256,0.00876517470127754,True
energy_gradient,7303,573,9.527647326134218e-07,1.363504819603408e-05,1.4587812928647501e-05,0.00017786615208003424,0.000684029214721621,5.4007403612878484e-05,0.0026102504322768117,0.008764342554273155,True
energy_gradient,7303,574,9.528087442851269e-07,1.3632353551987395e-05,1.4585162296272523e-05,0.000177539099747827,0.0006796688370460745,5.402764475511731e-05,0.0026099193871975865,0.008763520123030614,True
energy_gradient,7303,575,9.528525794795381e-07,1.3629682497450358e-05,1.4582535076929896e-05,0.00017720878543156637,0.0006753222664846376,5.404764988527111e-05,0.0026095916240100486,0.008762705467933955,True
energy_gradient,7303,576,9.528956814089967e-07,1.3627035280891048e-05,1.4579930962300045e-05,0.00017687997468721932,0.0006709895700668062,5.406737841150139e-05,0.0026092660262430024,0.008761894653582408,True
energy_gradient,7303,577,9.529368820112288e-07,1.3624412769661796e-05,1.4577349651673025e-05,0.00017656253749843737,0.000666670814608118,5.408684437483668e-05,0.002608942831024508,0.008761088573656508,True
energy_gradient,7303,578,9.529764904272497e-07,1.3621814361299104e-05,1.4574790851726354e-05,0.00017625393509852056,0.0006623660667091252,5.410609153896539e-05,0.0026086230154196096,0.008760290760109207,True
energy_gradient,7303,579,9.530156228805063e-07,1.3619238653412607e-05,1.4572254276293113e-05,0.00017594484820958233,0.0006580753927543659,5.412512152988247e-05,0.002608306513533079,0.008759501023588887,True
energy_gradient,7303,580,9.530542564625681e-07,1.361668538965001e-05,1.4569739646112577e-05,0.00017563553388268857,0.0006537988589113394,5.414390143114151e-05,0.0026079924016427555,0.008758716115231609,True
energy_gradient,7303,581,9.53091431404192e-07,1.3614155257241705e-05,1.4567246688645897e-05,0.00017533411399858761,0.0006495365311294893,5.416242788409801e-05,0.002607680490136144,0.008757935404407034,True
energy_gradient,7303,582,9.53126988726685e-07,1.3611648149105844e-05,1.4564775137832528e-05,0.00017504197077360302,0.0006452884751391811,5.418073417892645e-05,0.0026073715026816943,0.008757161516427418,True
energy_gradient,7303,583,9.53161765662364e-07,1.3609162968241374e-05,1.4562324733903739e-05,0.00017475214762346204,0.0006410547564506947,5.41988360509644e-05,0.0026070657289294246,0.008756395527808597,True
energy_gradient,7303,584,9.531961251078607e-07,1.360669909806738e-05,1.455989522317524e-05,0.00017446165869019537,0.0006368354403532084,5.421671295885936e-05,0.0026067625563773976,0.008755635298005174,True
energy_gradient,7303,585,9.53229444772773e-07,1.3604256913096705e-05,1.4557486357869478e-05,0.00017417579262421487,0.0006326305919137972,5.423435073611647e-05,0.0026064615315455906,0.008754879253332307,True
energy_gradient,7303,586,9.53261275305205e-07,1.3601836620598737e-05,1.4555097895903942e-05,0.0001738983666913424,0.0006284402759764244,5.4251768497620656e-05,0.0026061630321974733,0.008754128782771169,True
energy_gradient,7303,587,9.532920738172752e-07,1.3599437526923687e-05,1.4552729600740963e-05,0.00017362562078645976,0.0006242645571609465,5.426898848200629e-05,0.0026058675165711483,0.008753385561076552,True
energy_gradient,7303,588,9.53322384581644e-07,1.359705885660875e-05,1.4550381241190394e-05,0.00017335306071966495,0.0006201034998621126,5.428600461426406e-05,0.0026055747376792014,0.008752648748652565,True
energy_gradient,7303,589,9.533519817776739e-07,1.3594700609478314e-05,1.4548052591255988e-05,0.00017308264851547328,0.0006159571682485738,5.430280007486497e-05,0.00260528418046077,0.008751916550331286,True
energy_gradient,7303,590,9.533803465800916e-07,1.3592363083390664e-05,1.4545743429970756e-05,0.00017281878746789117,0.0006118256262618933,5.4319379628401204e-05,0.0026049958700656004,0.008751189095850829,True
energy_gradient,7303,591,9.534075490542089e-07,1.3590045992177132e-05,1.4543453541231341e-05,0.00017256095460484763,0.0006077089376155588,5.433576382154554e-05,0.002604710228202108,0.00875046792732122,True
energy_gradient,7303,592,9.534340913378167e-07,1.3587748622317664e-05,1.4541182713655482e-05,0.00017230501904068213,0.0006036071657940027,5.4351959134170295e-05,0.002604427326300817,0.008749753337961977,True
energy_gradient,7303,593,9.534600928534281e-07,1.3585470647566348e-05,1.4538930740419776e-05,0.00017205004806933156,0.0005995203740516195,5.436795375987026e-05,0.002604146778618265,0.008749043991754704,True
energy_gradient,7303,594,9.534851737975499e-07,1.3583212245349126e-05,1.4536697419146676e-05,0.00017179928167019302,0.0005954486254117946,5.4383742199286036e-05,0.0026038683579266554,0.00874833911722986,True
energy_gradient,7303,595,9.535091268390469e-07,1.3580973424888434e-05,1.453448255172748e-05,0.00017155451002078014,0.000591391982665928,5.439933698299677e-05,0.002603592290366747,0.008747639557483113,True
energy_gradient,7303,596,9.535322386764328e-07,1.3578753705543582e-05,1.4532285944220016e-05,0.00017131340503155054,0.0005873505083724701,5.441475124449382e-05,0.0026033188191183676,0.008746946215493446,True
energy_gradient,7303,597,9.535548139803219e-07,1.357655259271499e-05,1.4530107406695312e-05,0.0001710734875726702,0.0005833242648559532,5.442998252274005e-05,0.0026030477973451238,0.008746258604392192,True
energy_gradient,7303,598,9.535767314212919e-07,1.3574370021714101e-05,1.4527946753135392e-05,0.00017083583593520855,0.0005793133142060338,5.4445022170370016e-05,0.002602778923606272,0.008745575686319345,True
energy_gradient,7303,599,9.5359770054475e-07,1.3572206100749733e-05,1.4525803801294483e-05,0.0001706029342891862,0.0005753177182765318,5.445987282838103e-05,0.0026025121810931977,0.008744897436732957,True
energy_gradient,7303,600,9.53617740864817e-07,1.3570060631722535e-05,1.4523678372587352e-05,0.00017037468184492643,0.0005713375386844796,5.447454673807004e-05,0.002602247795914662,0.00874422469554115,True
energy_gradient,7303,601,9.536371363049599e-07,1.3567933155667005e-05,1.4521570291971965e-05,0.00017014877749251832,0.000567372836809171,5.448904992770485e-05,0.002601985839435967,0.008743557750939407,True
energy_gradient,7303,602,9.536560014622407e-07,1.3565823386385618e-05,1.4519479387847858e-05,0.00016992433058940802,0.0005634236737912122,5.450337754605144e-05,0.0026017261101685943,0.008742895919115326,True
energy_gradient,7303,603,9.536741528568605e-07,1.3563731339083176e-05,1.4517405491940037e-05,0.00016970293357281436,0.0005594901105315837,5.45175257409859e-05,0.0026014684324756976,0.008742238608011862,True
energy_gradient,7303,604,9.536914347668447e-07,1.3561657004433067e-05,1.4515348439199911e-05,0.0001694859431643906,0.0005555722076906955,5.453150052414756e-05,0.002601212880227994,0.00874158611350617,True
energy_gradient,7303,605,9.537079631351332e-07,1.3559600104567532e-05,1.4513308067702665e-05,0.00016927245660344382,0.0005516700256874574,5.4545311129419585e-05,0.0026009596098033262,0.00874093902467578,True
energy_gradient,7303,606,9.537239434223431e-07,1.3557560275133797e-05,1.451128421855614e-05,0.0001690608267192553,0.0005477836246983419,5.4558959519161406e-05,0.0026007085952795784,0.00874029728114867,True
energy_gradient,7303,607,9.537393818388892e-07,1.3555537353955631e-05,1.450927673579452e-05,0.0001688510635938546,0.0005439130646564612,5.457244162921238e-05,0.002600459659419645,0.008739660283585193,True
energy_gradient,7303,608,9.537541191617543e-07,1.3553531347142182e-05,1.4507285466303936e-05,0.0001686445511059828,0.0005400584052506381,5.4585757019626035e-05,0.0026002127172480237,0.008739027760734241,True
energy_gradient,7303,609,9.537680963516093e-07,1.3551542163364775e-05,1.4505310259716384e-05,0.00016844183793587677,0.0005362197059244901,5.459891211171918e-05,0.002599967858162886,0.008738400061552397,True
energy_gradient,7303,610,9.537814440681683e-07,1.354956952427141e-05,1.4503350968339579e-05,0.00016824189794143718,0.0005323970258755085,5.4611913293190006e-05,0.00259972517189482,0.008737777535680212,True
energy_gradient,7303,611,9.53794292897614e-07,1.3547613154168016e-05,1.450140744706563e-05,0.00016804370553031567,0.0005285904240541493,5.462476090981645e-05,0.002599484596393194,0.008737159992163759,True
energy_gradient,7303,612,9.538066075080457e-07,1.3545672945782301e-05,1.4499479553290347e-05,0.0001678476128761024,0.0005247999591629217,5.463745240386991e-05,0.002599245996967056,0.008736546981201016,True
energy_gradient,7303,613,9.538182729573095e-07,1.354374887388058e-05,1.449756714683789e-05,0.0001676546312083431,0.0005210256896554825,5.464998903366576e-05,0.002599009336379314,0.008735938399413055,True
energy_gradient,7303,614,9.538292801259294e-07,1.3541840809759358e-05,1.4495670089885287e-05,0.00016746489254623766,0.0005172676737357374,5.4662376439736085e-05,0.0025987746894217748,0.00873533454160596,True
energy_gradient,7303,615,9.53839741600074e-07,1.3539948505290707e-05,1.449378824689078e-05,0.00016727752004784373,0.00051352596935694,5.467461910390693e-05,0.0025985421025885814,0.00873473560145455,True
energy_gradient,7303,616,9.538497387111143e-07,1.3538071745808587e-05,1.4491921484519702e-05,0.00016709189587784531,0.0005098006342208012,5.4686717055271535e-05,0.002598311510397614,0.008734141373861205,True
energy_gradient,7303,617,9.538592303301669e-07,1.353621044124251e-05,1.4490069671572677e-05,0.00016690841700961825,0.0005060917257765967,5.469866898049436e-05,0.002598082814067877,0.008733551534948281,True
energy_gradient,7303,618,9.53868138659982e-07,1.3534364540270547e-05,1.4488232678930528e-05,0.00016672778264339105,0.0005023993012202833,5.471047670229128e-05,0.0025978559952014365,0.008732966046455804,True
energy_gradient,7303,619,9.538764731392065e-07,1.3532533906337954e-05,1.448641037947716e-05,0.0001665499683556034,0.0004987234174936149,5.472214486322352e-05,0.00259763110790054,0.00873238512763947,True
energy_gradient,7303,620,9.53884321845746e-07,1.3530718326194495e-05,1.4484602648040241e-05,0.0001663742984757171,0.0004950641312832662,5.473367687504673e-05,0.0025974081759418685,0.008731808889493037,True
energy_gradient,7303,621,9.538917394295093e-07,1.3528917621910006e-05,1.4482809361339516e-05,0.00016620037366167555,0.0004914214990199575,5.474507297861483e-05,0.002597187143336852,0.008731237158958674,True
energy_gradient,7303,622,9.538986932454764e-07,1.352713170466844e-05,1.4481030397913916e-05,0.00016602851650281762,0.00048779557687758397,5.475633267435845e-05,0.002596967935995339,0.00873066969829479,True
energy_gradient,7303,623,9.539051305752163e-07,1.3525360507501537e-05,1.4479265638076753e-05,0.00016585921428029013,0.00048418642077235105,5.4767457772167184e-05,0.0025967505393231817,0.008730106481036455,True
energy_gradient,7303,624,9.539110631905546e-07,1.3523603900654214e-05,1.4477514963844769e-05,0.0001656924200536774,0.0004805940863619101,5.477845202955042e-05,0.002596534989134522,0.008729547659627059,True
energy_gradient,7303,625,9.539165574392528e-07,1.3521861701466453e-05,1.4475778258905704e-05,0.00016552763539397631,0.0004770186290445021,5.478931830187364e-05,0.0025963212991445563,0.00872899330756121,True
energy_gradient,7303,626,9.539216552315906e-07,1.352013375331749e-05,1.447405540854908e-05,0.0001653645635103135,0.00047346010395810144,5.4800057181234666e-05,0.0025961094262179313,0.008728443295848204,True
energy_gradient,7303,627,9.539263361828186e-07,1.3518419963437517e-05,1.4472346299620335e-05,0.00016520342187623346,0.00046991856597956773,5.4810668653052495e-05,0.0025958993124683217,0.008727897442751265,True
energy_gradient,7303,628,9.539305635071488e-07,1.3516720256965952e-05,1.4470650820473101e-05,0.00016504456241139316,0.000466394069723797,5.48211542739751e-05,0.002595690940772086,0.00872735571116825,True
energy_gradient,7303,629,9.539343445137e-07,1.3515034516407909e-05,1.4468968860921608e-05,0.00016488797209232329,0.000462886669542882,5.483151707121506e-05,0.0025954843322694714,0.008726818199719022,True
energy_gradient,7303,630,9.539377278770512e-07,1.351336258431775e-05,1.44673003121948e-05,0.00016473329598275886,0.000459396419525272,5.4841759596309537e-05,0.0025952794967396583,0.008726284966309056,True
energy_gradient,7303,631,9.539407495677677e-07,1.3511704317321541e-05,1.446564506688931e-05,0.00016458028355632813,0.00045592337349494006,5.4851882791528775e-05,0.0025950764036089457,0.008725755925088752,True
energy_gradient,7303,632,9.539434012797518e-07,1.3510059617647962e-05,1.4464003018927714e-05,0.00016442904910484788,0.0004524675850105526,5.486188695349214e-05,0.0025948750064769847,0.008725230933672288,True
energy_gradient,7303,633,9.53945657158516e-07,1.3508428406356143e-05,1.4462374063514658e-05,0.00016427985071407878,0.00044902910736464277,5.4871773334550074e-05,0.0025946752839908975,0.008724709938443593,True
energy_gradient,7303,634,9.539475183476927e-07,1.3506810578748553e-05,1.4460758097096245e-05,0.00016413272296485293,0.0004456079935827898,5.488154435210581e-05,0.0025944772452373794,0.008724192993704465,True
energy_gradient,7303,635,9.5394901885892e-07,1.3505205998468455e-05,1.4459155017327374e-05,0.0001639874288777089,0.0004422042964227998,5.48912023429634e-05,0.002594280897923628,0.008723680148569274,True
energy_gradient,7303,636,9.539501909080621e-07,1.3503614532108529e-05,1.445756472301659e-05,0.00016384374572869407,0.0004388180683738941,5.490074855124718e-05,0.002594086222480606,0.00872317135492982,True
energy_gradient,7303,637,9.53951036714569e-07,1.3502036077394387e-05,1.4455987114108956e-05,0.00016370169743018515,0.0004354493616558977,5.491018352368998e-05,0.0025938931821152767,0.008722666503206217,True
energy_gradient,7303,638,9.539515394536647e-07,1.35004705521763e-05,1.4454422091629964e-05,0.0001635614639642043,0.0004320982282184358,5.491950825398016e-05,0.00259370175207119,0.00872216552634548,True
energy_gradient,7303,639,9.53951695136697e-07,1.3498917862528744e-05,1.4452869557665442e-05,0.00016342311874341652,0.0004287647197401312,5.492872463091433e-05,0.0025935119311263463,0.008721668440671293,True
energy_gradient,7303,640,9.5395152513929e-07,1.3497377890182111e-05,1.44513294153214e-05,0.00016328652571375232,0.0004254488876278092,5.493783476290672e-05,0.0025933237243126843,0.008721175284468778,True
energy_gradient,7303,641,9.539510573806133e-07,1.3495850511309328e-05,1.4449801568689941e-05,0.00016315149443804056,0.0004221507830157017,5.494684011378346e-05,0.0025931371207734057,0.008720686039303413,True
energy_gradient,7303,642,9.539503022048787e-07,1.3494335620610935e-05,1.4448285922815814e-05,0.00016301797854951708,0.00041887045676466234,5.4955741471163587e-05,0.002592952092908467,0.008720200627003122,True
energy_gradient,7303,643,9.53949251465161e-07,1.3492833132202774e-05,1.4446782383667935e-05,0.00016288608319893418,0.0004156079594613804,5.49645396698727e-05,0.0025927686148984894,0.008719718975485308,True
energy_gradient,7303,644,9.539478986968148e-07,1.3491342959414947e-05,1.4445290858111762e-05,0.00016275589891649853,0.00041236334141759917,5.497323614710798e-05,0.002592586676934726,0.008719241069318857,True
energy_gradient,7303,645,9.539462546182963e-07,1.3489864999250142e-05,1.4443811253868438e-05,0.00016262737423226227,0.00040913665266934353,5.498183272570819e-05,0.0025924062796795597,0.008718766930034596,True
energy_gradient,7303,646,9.539443411074867e-07,1.3488399138393598e-05,1.4442343479501084e-05,0.00016250036537872206,0.0004059279429761449,5.4990330974539646e-05,0.0025922274178469084,0.008718296557793522,True
energy_gradient,7303,647,9.539421733175398e-07,1.3486945271053189e-05,1.4440887444370728e-05,0.00016237478328838192,0.00040273726182027674,5.499873191558563e-05,0.0025920500726520465,0.008717829904577059,True
energy_gradient,7303,648,9.539397514669404e-07,1.348550330715795e-05,1.443944305862489e-05,0.00016225066102925714,0.00039956465840598895,5.500703635414255e-05,0.0025918742202706096,0.008717366904245549,True
energy_gradient,7303,649,9.53937070053915e-07,1.3484073163108086e-05,1.4438010233162e-05,0.0001621280779598995,0.00039641018165875155,5.501524538554497e-05,0.002591699844835842,0.008716907518716463,True
energy_gradient,7303,650,9.539341320135856e-07,1.3482654747589022e-05,1.4436588879602608e-05,0.0001620070434250586,0.0003932738802244973,5.5023360501458436e-05,0.0025915269411822227,0.008716451747705106,True
energy_gradient,7303,651,9.539309517046577e-07,1.3481247958570733e-05,1.443517891027539e-05,0.00016188747231123143,0.0003901558024688752,5.503138323615962e-05,0.0025913555057576667,0.008715999596442637,True
energy_gradient,7303,652,9.539275450245199e-07,1.3479852693159006e-05,1.4433780238183526e-05,0.00016176926632388222,0.00038705599647650035,5.5039314796661936e-05,0.002591185527090483,0.008715551041825038,True
energy_gradient,7303,653,9.539239190270571e-07,1.3478468857957039e-05,1.4432392776984096e-05,0.0001616523991638208,0.00038397451005021694,5.5047156073290796e-05,0.0025910169860500465,0.008715106033343663,True
energy_gradient,7303,654,9.539200722147456e-07,1.3477096368755288e-05,1.4431016440970033e-05,0.00016153691408325925,0.00038091139071035627,5.505490796840016e-05,0.002590849864287082,0.008714664523069219,True
energy_gradient,7303,655,9.53916003734016e-07,1.3475735141302696e-05,1.4429651145036712e-05,0.0001614228483962261,0.00037786668569400947,5.5062571653309056e-05,0.002590684150841303,0.008714226489120961,True
energy_gradient,7303,656,9.539117205667356e-07,1.347438508410774e-05,1.4428296804674476e-05,0.00016131017449331586,0.0003748404419542935,5.507014849481433e-05,0.002590519840251499,0.008713791928954082,True
energy_gradient,7303,657,9.539072354784444e-07,1.3473046100452128e-05,1.4426953335930572e-05,0.00016119881675021784,0.00037183270615963044,5.5077639773243275e-05,0.0025903569252938505,0.008713360833571927,True
energy_gradient,7303,658,9.539025591174428e-07,1.3471718096291857e-05,1.44256206554093e-05,0.0001610887163669411,0.0003688435246930265,5.508504651184177e-05,0.0025901953925714792,0.008712933171870302,True
energy_gradient,7303,659,9.538976952134962e-07,1.34704009850186e-05,1.4424298680232095e-05,0.00016097987068282505,0.0003658729436513589,5.5092369576798236e-05,0.002590035225080841,0.008712508899755325,True
energy_gradient,7303,660,9.53892643376623e-07,1.346909468465638e-05,1.4422987328033003e-05,0.00016087231018683255,0.0003629210088446613,5.509960990986743e-05,0.002589876408186557,0.008712087981368145,True
energy_gradient,7303,661,9.538874056118867e-07,1.346779911132083e-05,1.4421686516932716e-05,0.00016076604516654497,0.00035998776579542044,5.5106768639681455e-05,0.002589718932499815,0.008711670399301966,True
energy_gradient,7303,662,9.538819894454678e-07,1.3466514176073273e-05,1.4420396165518741e-05,0.00016066104005391847,0.0003570732597378719,5.511384697822356e-05,0.00258956279119396,0.008711256145076625,True
energy_gradient,7303,663,9.538764050131027e-07,1.3465239787824288e-05,1.441911619283739e-05,0.0001605572373587096,0.00035417753561730583,5.512084603432159e-05,0.002589407975197488,0.008710845202069334,True
energy_gradient,7303,664,9.53870659827395e-07,1.3463975858532006e-05,1.44178465183594e-05,0.00016045460054251812,0.0003513006380893697,5.512776674090034e-05,0.0025892544713028163,0.008710437538805797,True
energy_gradient,7303,665,9.538647567207346e-07,1.346272230526399e-05,1.4416587061984725e-05,0.0001603531308045708,0.0003484426115193815,5.5134609951981e-05,0.002589102264648947,0.008710033117783152,True
energy_gradient,7303,666,9.538586965575024e-07,1.3461479047451229e-05,1.4415337744008732e-05,0.00016025284489327727,0.0003456034999816479,5.514137659077259e-05,0.0025889513425526732,0.008709631909068313,True
energy_gradient,7303,667,9.538524824045045e-07,1.346024600271046e-05,1.4414098485114964e-05,0.00016015374096022618,0.0003427833472587805,5.514806770017809e-05,0.002588801695791994,0.008709233894862865,True
energy_gradient,7303,668,9.53846120927462e-07,1.3459023085424234e-05,1.4412869206351696e-05,0.00016005578712392811,0.00033998219684102277,5.5154684359320645e-05,0.0025886533164576455,0.008708839061872791,True
energy_gradient,7303,669,9.53839620060412e-07,1.3457810209071388e-05,1.44116498291318e-05,0.00015995894061099066,0.00033720009192557865,5.516122756537853e-05,0.002588506194895075,0.008708447390454855,True
energy_gradient,7303,670,9.538329856748847e-07,1.3456607289524914e-05,1.44104402751998e-05,0.00015986317496847623,0.0003344370754159489,5.5167698197663004e-05,0.002588360318756637,0.008708058851260112,True
energy_gradient,7303,671,9.53826220559916e-07,1.3455414246076337e-05,1.4409240466636253e-05,0.0001597684884691839,0.00033169318992126555,5.5174097085820846e-05,0.0025882156747644575,0.00870767341149161,True
energy_gradient,7303,672,9.538193263331138e-07,1.3454230999489363e-05,1.4408050325822477e-05,0.00015967488837515716,0.00032896847775563726,5.518042510489803e-05,0.002588072251161928,0.008707291043608886,True
energy_gradient,7303,673,9.538123061163066e-07,1.3453057469331651e-05,1.4406869775447958e-05,0.00015958236911760206,0.0003262629809374955,5.518668320548424e-05,0.0025879300384829113,0.008706911728062549,True
energy_gradient,7303,674,9.538051653826735e-07,1.3451893573102106e-05,1.4405698738484778e-05,0.0001594909054319489,0.00032357674118894947,5.519287236000154e-05,0.0025877890281640684,0.008706535448368146,True
energy_gradient,7303,675,9.537979104326563e-07,1.345073922774453e-05,1.4404537138177186e-05,0.00015940046472343467,0.0003209097999351384,5.5198993486353246e-05,0.002587649210560724,0.008706162184067417,True
energy_gradient,7303,676,9.53790546253708e-07,1.344959435178136e-05,1.4403384898035067e-05,0.00015931102467234395,0.00031826219830359494,5.5205047421490573e-05,0.002587510574253762,0.008705791908272021,True
energy_gradient,7303,677,9.537830757593305e-07,1.3448458866050006e-05,1.4402241941809337e-05,0.00015922257938913046,0.0003156339771236129,5.521103496155336e-05,0.002587373107086394,0.008705424591344112,True
energy_gradient,7303,678,9.537755009215207e-07,1.344733269257098e-05,1.4401108193492502e-05,0.00015913513015362694,0.00031302517692561346,5.5216956924309724e-05,0.002587236797767445,0.008705060206591966,True
energy_gradient,7303,679,9.53767824524967e-07,1.3446215752777775e-05,1.4399983577302742e-05,0.0001590486711528485,0.00031043583794052265,5.522281417489584e-05,0.0025871016365355357,0.008704698732628115,True
energy_gradient,7303,680,9.537600508805225e-07,1.3445107966790731e-05,1.4398868017671253e-05,0.00015896318356763869,0.0003078660000991507,5.5228607597474755e-05,0.0025869676144277577,0.008704340150772826,True
energy_gradient,7303,681,9.537521850405603e-07,1.3444009254191882e-05,1.4397761439232443e-05,0.00015887864207222486,0.00030531570303157687,5.523433804611382e-05,0.0025868347219864854,0.008703984440473342,True
energy_gradient,7303,682,9.537442313897054e-07,1.3442919535423956e-05,1.4396663766813661e-05,0.00015879502628850733,0.00030278498606653643,5.52400063191566e-05,0.0025867029486015512,0.008703631576966863,True
energy_gradient,7303,683,9.537361929389575e-07,1.3441838732485283e-05,1.4395574925424241e-05,0.00015871232662412668,0.00030027388823081566,5.524561317730176e-05,0.002586572282968306,0.008703281532910362,True
energy_gradient,7303,684,9.537280718165291e-07,1.3440766768431138e-05,1.4394494840247667e-05,0.00015863054017966073,0.00029778244824864883,5.5251159383508395e-05,0.002586442714113891,0.008702934282025713,True
energy_gradient,7303,685,9.537198703945828e-07,1.3439703566231828e-05,1.439342343662641e-05,0.00015854966161198714,0.0002953107045411238,5.525664572778678e-05,0.002586314232036858,0.008702589801370656,True
energy_gradient,7303,686,9.5371159198499e-07,1.3438649048078025e-05,1.4392360640063015e-05,0.00015846967744633203,0.0002928586952255856,5.526207301853801e-05,0.0025861868274771275,0.008702248070524757,True
energy_gradient,7303,687,9.537032405876236e-07,1.343760313560996e-05,1.4391306376197583e-05,0.000158390568126899,0.00029042645811505066,5.526744205191044e-05,0.0025860604911242336,0.008701909068778772,True
energy_gradient,7303,688,9.536948200375061e-07,1.3436565750767975e-05,1.4390260570805482e-05,0.0001583123150053369,0.0002880140307176251,5.527275358882207e-05,0.0025859352130024374,0.008701572772960619,True
energy_gradient,7303,689,9.536863333349591e-07,1.3435536816460015e-05,1.4389223149794974e-05,0.0001582349058014987,0.0002856214502359233,5.5278008356423695e-05,0.0025858109825136243,0.008701239157585548,True
energy_gradient,7303,690,9.536777826930897e-07,1.3434516256489663e-05,1.4388194039182752e-05,0.000158158334204391,0.0002832487535664957,5.528320707064918e-05,0.0025856877890106733,0.008700908196895384,True
energy_gradient,7303,691,9.536691701675493e-07,1.3433503994932306e-05,1.4387173165099855e-05,0.00015808259475651363,0.00028089597729925994,5.52883504579117e-05,0.0025855656223593717,0.0087005798668527,True
energy_gradient,7303,692,9.536604982658809e-07,1.343249995551312e-05,1.4386160453779001e-05,0.00015800767787433055,0.0002785631577169374,5.529343925909505e-05,0.002585444473038774,0.00870025414549824,True
energy_gradient,7303,693,9.5365177006154e-07,1.343150406148138e-05,1.438515583154292e-05,0.00015793356894104268,0.0002762503307944916,5.529847421506011e-05,0.0025853243317592975,0.008699931011598239,True
energy_gradient,7303,694,9.536429887786389e-07,1.3430516236025771e-05,1.438415922480441e-05,0.0001578602516832454,0.0002739575321985742,5.5303456047853665e-05,0.0025852051889707147,0.008699610442900558,True
energy_gradient,7303,695,9.53634157261162e-07,1.3429536402790654e-05,1.4383170560051816e-05,0.00015778771253001969,0.00027168479728697636,5.53083854534091e-05,0.0025850870346624377,0.008699292415430295,True
energy_gradient,7303,696,9.536252777548543e-07,1.3428564486089888e-05,1.4382189763844743e-05,0.00015771594235654084,0.0002694321611080822,5.531326310937139e-05,0.002584969858571735,0.008698976904226429,True
energy_gradient,7303,697,9.536163521380164e-07,1.342760041066654e-05,1.4381216762804556e-05,0.00015764493462734746,0.00026719965840032794,5.531808969086716e-05,0.0025848536505802882,0.008698663884754076,True
energy_gradient,7303,698,9.536073823520412e-07,1.3426644101262667e-05,1.4380251483614708e-05,0.0001575746818840093,0.0002649873235916664,5.5322865880239935e-05,0.002584738400965804,0.00869835333379764,True
energy_gradient,7303,699,9.535983706817894e-07,1.3425695482321379e-05,1.4379293853003168e-05,0.00015750517348114934,0.00026279519079903843,5.532759236451521e-05,0.002584624100334959,0.008698045229223423,True
energy_gradient,7303,700,9.535893196803108e-07,1.3424754478063555e-05,1.4378343797743866e-05,0.00015743639619417938,0.0002606232938278427,5.5332269824436494e-05,0.002584510739331635,0.008697739548947394,True
energy_gradient,7303,701,9.535802318519352e-07,1.3423821012797361e-05,1.4377401244649297e-05,0.00015736833678349661,0.0002584716661714174,5.53368989244329e-05,0.0025843983083732014,0.00869743627000088,True
energy_gradient,7303,702,9.535711093735197e-07,1.3422895011185881e-05,1.4376466120559401e-05,0.00015730098432512933,0.0002563403410105222,5.5341480311184805e-05,0.0025842867976055323,0.008697135368374156,True
energy_gradient,7303,703,9.53561954043283e-07,1.3421976398299716e-05,1.4375538352343e-05,0.00015723433058223942,0.00025422935121282854,5.534601462055416e-05,0.0025841761970835852,0.008696836819656847,True
energy_gradient,7303,704,9.535527674762392e-07,1.3421065099411509e-05,1.4374617866887748e-05,0.00015716836841738954,0.00025213872933241017,5.535050248686961e-05,0.002584066497006197,0.008696540599873553,True
energy_gradient,7303,705,9.535435513684009e-07,1.3420161039721799e-05,1.43737045910902e-05,0.00015710308968168858,0.0002500685076092425,5.5354944547514536e-05,0.00258395768783098,0.008696246685893206,True
energy_gradient,7303,706,9.535343076161102e-07,1.3419264144241642e-05,1.4372798451857752e-05,0.00015703848421049852,0.00024801871796870556,5.535934143973212e-05,0.002583849760196153,0.008695955055149782,True
energy_gradient,7303,707,9.535250382384454e-07,1.3418374337862795e-05,1.437189937610124e-05,0.00015697454048842687,0.0002459893920210917,5.536369379425361e-05,0.002583742704735238,0.008695665684993035,True
energy_gradient,7303,708,9.53515745174385e-07,1.341749154555229e-05,1.4371007290726676e-05,0.0001569112472947275,0.00024398056106111703,5.536800222926418e-05,0.0025836365119307307,0.008695378552165072,True
energy_gradient,7303,709,9.535064301219086e-07,1.3416615692506466e-05,1.4370122122628375e-05,0.00015684859498294365,0.00024199225606743961,5.537226735050261e-05,0.002583531172105752,0.008695093632775243,True
energy_gradient,7303,710,9.534970945413177e-07,1.3415746704155003e-05,1.436924379869632e-05,0.00015678657554057666,0.00024002450770218306,5.537648975560452e-05,0.002583426675539312,0.008694810902708057,True
energy_gradient,7303,711,9.534877397718563e-07,1.341488450602585e-05,1.4368372245797707e-05,0.00015672518156546367,0.00023807734631046084,5.5380670040168736e-05,0.0025833230126087415,0.008694530338134695,True
energy_gradient,7303,712,9.534783671880398e-07,1.3414029023585288e-05,1.4367507390773328e-05,0.00015666440500450117,0.00023615080191991033,5.538480879972999e-05,0.0025832201738511373,0.008694251915726824,True
energy_gradient,7303,713,9.534689782746703e-07,1.3413180182164902e-05,1.4366649160439573e-05,0.00015660423658404006,0.00023424490424022929,5.5388906628252384e-05,0.0025831181499172797,0.00869397561249596,True
energy_gradient,7303,714,9.534595745766575e-07,1.3412337907007362e-05,1.436579748158402e-05,0.00015654466622909988,0.00023235968266271787,5.5392964114210146e-05,0.002583016931459947,0.008693701405401294,True
energy_gradient,7303,715,9.534501575745209e-07,1.3411502123378201e-05,1.4364952280952722e-05,0.00015648568403381293,0.0002304951662598248,5.5396981836871276e-05,0.002582916509042691,0.008693429271023885,True
energy_gradient,7303,716,9.534407285892475e-07,1.341067275666532e-05,1.4364113485254568e-05,0.0001564272810541399,0.0002286513837846993,5.540096036631168e-05,0.0025828168731298813,0.008693159185535567,True
energy_gradient,7303,717,9.534312887735757e-07,1.3409849732376246e-05,1.4363281021149821e-05,0.00015636944940413858,0.00022682836367074845,5.5404900265794984e-05,0.002582718014148763,0.008692891124919024,True
energy_gradient,7303,718,9.534218391827425e-07,1.3409032976073528e-05,1.436245481525627e-05,0.00015631218168116328,0.00022502613403119735,5.540880209526093e-05,0.0025826199225773496,0.008692625065280726,True
energy_gradient,7303,719,9.534123808627677e-07,1.3408222413268554e-05,1.4361634794131321e-05,0.00015625547020054267,0.0002232447226586566,5.541266641316553e-05,0.0025825225889895545,0.008692360983012128,True
energy_gradient,7303,720,9.534029149143553e-07,1.3407417969367174e-05,1.4360820884281529e-05,0.00015619930656826078,0.0002214841570246927,5.541649377607793e-05,0.002582426004038503,0.008692098854733028,True
energy_gradient,7303,721,9.533934424643086e-07,1.3406619569688522e-05,1.4360013012152831e-05,0.00015614368184369793,0.00021974446427940666,5.542028473609942e-05,0.002582330158393972,0.008691838657067769,True
energy_gradient,7303,722,9.533839646018336e-07,1.3405827139518219e-05,1.4359211104120053e-05,0.00015608858706988335,0.00021802567125101219,5.542403983904641e-05,0.002582235042681426,0.008691580366434637,True
energy_gradient,7303,723,9.533744823209351e-07,1.3405040604182203e-05,1.4358415086503139e-05,0.000156034013811716,0.0002163278044454237,5.54277596233926e-05,0.0025821406474618286,0.00869132395897121,True
energy_gradient,7303,724,9.533649964853602e-07,1.340425988905439e-05,1.435762488553975e-05,0.00015597995432745397,0.0002146508900458481,5.5431444621645035e-05,0.0025820469632588383,0.008691069410634385,True
energy_gradient,7303,725,9.533555078747256e-07,1.3403484919525323e-05,1.4356840427400049e-05,0.00015592640131924945,0.00021299495391237995,5.543509536241035e-05,0.0025819539806091495,0.008690816697380317,True
energy_gradient,7303,726,9.533460172308727e-07,1.3402715620943364e-05,1.4356061638174238e-05,0.00015587334748233547,0.00021136002158160294,5.5438712371855935e-05,0.002581861690101619,0.00869056579530276,True
energy_gradient,7303,727,9.533365253041969e-07,1.3401951918569068e-05,1.4355288443873266e-05,0.00015582078515883772,0.00020974611826619547,5.5442296173847466e-05,0.0025817700823793878,0.008690316680641186,True
energy_gradient,7303,728,9.533270328544168e-07,1.3401193737568164e-05,1.435452077042258e-05,0.00015576870630613327,0.00020815326885454397,5.5445847289150044e-05,0.002581679148112167,0.00869006932968532,True
energy_gradient,7303,729,9.533175406278388e-07,1.3400441003035753e-05,1.435375854366359e-05,0.00015571710274365003,0.00020658149791035661,5.544936623392008e-05,0.0025815888779547125,0.0086898237186288,True
energy_gradient,7303,730,9.533080493077649e-07,1.3399693640039055e-05,1.435300168934682e-05,0.00015566596650458045,0.00020503082967228534,5.545285351879328e-05,0.002581499262524137,0.008689579823488258,True
energy_gradient,7303,731,9.53298559493599e-07,1.3398951573639119e-05,1.4352250133132718e-05,0.00015561529003528123,0.00020350128805355294,5.5456309649150754e-05,0.0025814102924020133,0.008689337620112772,True
energy_gradient,7303,732,9.532890717018115e-07,1.3398214728883154e-05,1.4351503800584965e-05,0.00015556506617693015,0.00020199289664158331,5.5459735126176667e-05,0.002581321958160179,0.00868909708427609,True
energy_gradient,7303,733,9.532795863993016e-07,1.3397483030772043e-05,1.4350762617171344e-05,0.00015551528791650637,0.00020050567869763818,5.546313044815863e-05,0.0025812342503891655,0.008688858191779692,True
energy_gradient,7303,734,9.53270104027869e-07,1.3396756404227754e-05,1.4350026508255624e-05,0.0001554659481502547,0.00019903965715645745,5.5466496110733157e-05,0.00258114715971204,0.00868862091849882,True
energy_gradient,7303,735,9.532606250316747e-07,1.3396034774075169e-05,1.4349295399106844e-05,0.00015541703954106457,0.00019759485462590742,5.546983260729689e-05,0.0025810606767764266,0.008688385240361848,True
energy_gradient,7303,736,9.532511498357724e-07,1.3395318065047171e-05,1.4348569214882943e-05,0.00015536855458514692,0.00019617129338663012,5.5473140427531646e-05,0.0025809747922354775,0.00868815113327485,True
energy_gradient,7303,737,9.532416788380448e-07,1.3394606201800225e-05,1.434784788063827e-05,0.00015532048579582576,0.00019476899539170114,5.547642005736298e-05,0.002580889496723236,0.008687918573043862,True
energy_gradient,7303,738,9.532322123780615e-07,1.3393899108937812e-05,1.4347131321315874e-05,0.00015527282588347063,0.0001933879822662896,5.5479671978288906e-05,0.0025808047808481387,0.008687687535347356,True
energy_gradient,7303,739,9.532227507303967e-07,1.3393196711018778e-05,1.4346419461749175e-05,0.0001552255678346532,0.00019202827530732724,5.548289666777517e-05,0.0025807206351976474,0.00868745799575497,True
energy_gradient,7303,740,9.532132941114943e-07,1.33924989325476e-05,1.4345712226659095e-05,0.00015517870485043793,0.000190689895483177,5.5486094600028735e-05,0.0025806370503563074,0.008687229929792425,True
energy_gradient,7303,741,9.53203842703412e-07,1.3391805697943554e-05,1.4345009540646966e-05,0.00015513223019192557,0.00018937286343331117,5.54892662465903e-05,0.0025805540169197734,0.008687003312991826,True
energy_gradient,7303,742,9.531943966633047e-07,1.339111693153741e-05,1.4344311328200714e-05,0.00015508613705171503,0.0001880771994679934,5.549241207669509e-05,0.002580471525500225,0.008686778120912514,True
energy_gradient,7303,743,9.531849561368679e-07,1.339043255755273e-05,1.4343617513689598e-05,0.00015504041849335461,0.00018680292356796494,5.5495532556845306e-05,0.00258038956671998,0.00868655432911647,True
energy_gradient,7303,744,9.531755212465046e-07,1.3389752500110834e-05,1.4342928021357339e-05,0.00015499506751515252,0.00018555005538413655,5.549862815075307e-05,0.0025803081311972136,0.0086863319131229,True
energy_gradient,7303,745,9.53166092082905e-07,1.3389076683248146e-05,1.434224277533105e-05,0.00015495007716291175,0.0001843186142372853,5.55016993186861e-05,0.0025802272095361337,0.008686110848370444,True
energy_gradient,7303,746,9.531566686865248e-07,1.3388405030920737e-05,1.4341561699607261e-05,0.0001549054406238469,0.00018310861911775708,5.550474651732101e-05,0.0025801467923206095,0.008685891110195612,True
energy_gradient,7303,747,9.531472510523672e-07,1.3387737467010753e-05,1.4340884718063121e-05,0.0001548611512614135,0.00018192008868517365,5.5507770200414794e-05,0.0025800668701205145,0.00868567267385986,True
energy_gradient,7303,748,9.531378391273803e-07,1.3387073915317759e-05,1.434021175444514e-05,0.00015481720257378895,0.00018075304126814428,5.551077081863886e-05,0.00257998743350115,0.008685455514577367,True
energy_gradient,7303,749,9.531284328272114e-07,1.3386414299542817e-05,1.4339542732370028e-05,0.00015477358809638518,0.00017960749486398386,5.551374882039725e-05,0.002579908473031221,0.008685239607548797,True
energy_gradient,7303,750,9.531190320445126e-07,1.338575854328032e-05,1.4338877575324833e-05,0.00015473030133069228,0.00017848346713843555,5.5516704651916856e-05,0.002579829979285078,0.008685024927969284,True
energy_gradient,7303,751,9.53109636650993e-07,1.338510657001636e-05,1.4338216206667352e-05,0.00015468733572765808,0.00017738097542539683,5.55196387569245e-05,0.0025797519428392983,0.008684811451014272,True
energy_gradient,7303,752,9.531002464974058e-07,1.338445830312272e-05,1.4337558549620125e-05,0.0001546446846994957,0.00017630003672665403,5.5522551576734836e-05,0.002579674354265048,0.008684599151816486,True
energy_gradient,7303,753,9.530908614004769e-07,1.3383813665871336e-05,1.4336904527271812e-05,0.00015460234170026744,0.00017524066771161875,5.552544354983208e-05,0.0025795972041202423,0.008684388005436878,True
energy_gradient,7303,754,9.530814811399885e-07,1.338317258143688e-05,1.4336254062576869e-05,0.00015456030028116553,0.0001742028847170722,5.552831511171364e-05,0.0025795204829479963,0.008684177986858103,True
energy_gradient,7303,755,9.530721054554738e-07,1.3382534972897011e-05,1.4335607078352485e-05,0.00015451855410417888,0.0001731867037469116,5.5531166695501214e-05,0.002579444181279117,0.008683969070998847,True
energy_gradient,7303,756,9.530627340503794e-07,1.3381900763227905e-05,1.4334963497278284e-05,0.00015447709692885232,0.00017219214047190464,5.553399873164274e-05,0.002579368289635308,0.008683761232720716,True
energy_gradient,7303,757,9.530533665968968e-07,1.3381269875300651e-05,1.4334323241897548e-05,0.00015443592254934762,0.0001712192102294474,5.553681164850575e-05,0.0025792927985366283,0.008683554446857946,True
energy_gradient,7303,758,9.530440027407046e-07,1.3380642231871768e-05,1.4333686234612473e-05,0.0001543950247644098,0.00017026792802332771,5.553960587228928e-05,0.002579217698502909,0.008683348688220923,True
energy_gradient,7303,759,9.530346421086877e-07,1.3380017755577821e-05,1.433305239768651e-05,0.0001543543973437026,0.00016933830852349416,5.5542381827268646e-05,0.0025791429800506326,0.008683143931588993,True
energy_gradient,7303,760,9.530252843017298e-07,1.337939636893885e-05,1.4332421653240578e-05,0.0001543140340447833,0.0001684303660658292,5.5545139935550104e-05,0.0025790686336901584,0.008682940151699153,True
energy_gradient,7303,761,9.530159288961967e-07,1.337877799435833e-05,1.4331793923254526e-05,0.00015427392864935052,0.00016754411465192895,5.554788061667945e-05,0.0025789946499212854,0.008682737323227947,True
energy_gradient,7303,762,9.530065754325788e-07,1.3378162554132542e-05,1.433116912956512e-05,0.0001542340750029457,0.00016667956794888633,5.555060428804791e-05,0.002578921019229803,0.008682535420784974,True
energy_gradient,7303,763,9.5299722342174e-07,1.3377549970447305e-05,1.4330547193869046e-05,0.000154194467023346,0.00016583673928908117,5.5553311364787857e-05,0.002578847732089241,0.00868233441891728,True
energy_gradient,7303,764,9.529878723414739e-07,1.3376940165375744e-05,1.4329928037717218e-05,0.00015415509869893735,0.00016501564166997385,5.555600225972436e-05,0.0025787747789635302,0.00868213429211717,True
energy_gradient,7303,765,9.529785216390535e-07,1.337633306087431e-05,1.4329311582513362e-05,0.00015411596406661083,0.0001642162877539056,5.555867738378686e-05,0.0025787021503094003,0.008681935014834132,True
energy_gradient,7303,766,9.529691707378641e-07,1.3375728578785176e-05,1.432869774952304e-05,0.00015407705717060188,0.0001634386898679025,5.55613371461162e-05,0.002578629836578909,0.008681736561483912,True
energy_gradient,7303,767,9.529598190380539e-07,1.3375126640823352e-05,1.4328086459861405e-05,0.00015403837205868944,0.0001626828600034861,5.5563981953820044e-05,0.0025785578282191677,0.008681538906445045,True
energy_gradient,7303,768,9.529504659182208e-07,1.3374527168580779e-05,1.4327477634499e-05,0.00015399990276888456,0.00016194880981648766,5.556661221226926e-05,0.002578486115669446,0.008681342024052924,True
energy_gradient,7303,769,9.529411107316258e-07,1.3373930083532324e-05,1.432687119426395e-05,0.0001539616433571949,0.00016123655062686925,5.556922832479855e-05,0.0025784146893592006,0.00868114588859044,True
energy_gradient,7303,770,9.529317528043344e-07,1.3373335307026006e-05,1.432626705983034e-05,0.00015392358791776998,0.00016054609341854863,5.5571830692785365e-05,0.002578343539705726,0.00868095047428144,True
energy_gradient,7303,771,9.529223914349632e-07,1.3372742760302108e-05,1.432566515173707e-05,0.000153885730595344,0.00015987744883923008,5.557441971551202e-05,0.0025782726571144505,0.008680755755290193,True
energy_gradient,7303,772,9.52913025892876e-07,1.337215236447559e-05,1.4325065390368466e-05,0.00015384806558516173,0.00015923062720024037,5.5576995790531967e-05,0.002578202031979339,0.008680561705726555,True
energy_gradient,7303,773,9.529036554190362e-07,1.3371564040542453e-05,1.432446769596149e-05,0.00015381058713013414,0.0001586056384763691,5.5579559313518844e-05,0.0025781316546849118,0.008680368299650697,True
energy_gradient,7303,774,9.52894279231697e-07,1.3370977709380396e-05,1.4323871988612093e-05,0.00015377328949424472,0.00015800249230571548,5.5582110678327245e-05,0.0025780615156083047,0.008680175511080213,True
energy_gradient,7303,775,9.528848965254299e-07,1.3370393291738207e-05,1.4323278188263637e-05,0.00015373616695240263,0.00015742119798953978,5.558465027727793e-05,0.002577991605119389,0.008679983313993542,True
energy_gradient,7303,776,9.528755064725717e-07,1.3369810708243603e-05,1.4322686214716175e-05,0.00015369921378145113,0.00015686176449211954,5.5587178500924845e-05,0.0025779219135797678,0.008679791682324326,True
energy_gradient,7303,777,9.528661082242597e-07,1.3369229879396696e-05,1.4322095987620954e-05,0.00015366242427211255,0.000156324200440611,5.55896957382014e-05,0.002577852431341739,0.008679600589959733,True
energy_gradient,7303,778,9.52856700906471e-07,1.3368650725577589e-05,1.432150742648406e-05,0.00015362579273339898,0.00015580851412491707,5.5592202376187876e-05,0.0025777831487463826,0.008679410010731954,True
energy_gradient,7303,779,9.528472836202331e-07,1.3368073167040868e-05,1.4320920450661101e-05,0.00015358931351484083,0.0001553147134975587,5.5594698800266435e-05,0.002577714056122968,0.008679219918418022,True
energy_gradient,7303,780,9.528378554422734e-07,1.336749712392664e-05,1.4320334979368913e-05,0.00015355298100177585,0.00015484280617355237,5.559718539418075e-05,0.002577645143789402,0.008679030286741838,True
energy_gradient,7303,781,9.528284154224945e-07,1.3366922516246226e-05,1.4319750931668721e-05,0.00015351678961980517,0.00015439279943029263,5.559966253989697e-05,0.0025775764020530088,0.008678841089375127,True
energy_gradient,7303,782,9.528189625886154e-07,1.3366349263895033e-05,1.4319168226483648e-05,0.00015348073382506997,0.00015396470020744035,5.5602130617837436e-05,0.0025775078212121622,0.008678652299945076,True
energy_gradient,7303,783,9.52809495943126e-07,1.3365777286641786e-05,1.4318586782584911e-05,0.00015344480808561402,0.00015355851510681515,5.560459000693396e-05,0.002577439391555744,0.008678463892033184,True
energy_gradient,7303,784,9.528000144706271e-07,1.3365206504131688e-05,1.4318006518602314e-05,0.00015340900688294432,0.00015317425039229355,5.560704108439303e-05,0.002577371103365231,0.008678275839179312,True
energy_gradient,7303,785,9.527905171316693e-07,1.336463683588896e-05,1.4317427353020629e-05,0.0001533733247073787,0.000152811911989713,5.56094842261557e-05,0.002577302946912045,0.00867808811487827,True
energy_gradient,7303,786,9.527810028665579e-07,1.336406820131158e-05,1.4316849204178138e-05,0.00015333775606822222,0.00015247150548677976,5.561191980633238e-05,0.0025772349124571874,0.008677900692572654,True
energy_gradient,7303,787,9.527714705921616e-07,1.3363500519678627e-05,1.4316271990270789e-05,0.0001533022955001562,0.0001521530361329834,5.561434819755749e-05,0.0025771669902512357,0.0086777135456566,True
energy_gradient,7303,788,9.527619192024907e-07,1.3362933710149798e-05,1.4315695629352289e-05,0.00015326693756324508,0.00015185650883951522,5.5616769770965785e-05,0.002577099170533284,0.008677526647472221,True
energy_gradient,7303,789,9.527523475677759e-07,1.3362367691760738e-05,1.4315120039328513e-05,0.00015323167685454586,0.00015158192817919285,5.5619184896048786e-05,0.002577031443532072,0.008677339971311619,True
energy_gradient,7303,790,9.527427545360716e-07,1.3361802383433706e-05,1.4314545137969778e-05,0.0001531965079945808,0.0001513292983863896,5.5621593940821216e-05,0.002576963799466418,0.008677153490420007,True
energy_gradient,7303,791,9.527331389328369e-07,1.3361237703966907e-05,1.4313970842899743e-05,0.000153161425628487,0.0001510986233569698,5.5623997271774234e-05,0.0025768962285458255,0.008676967177997123,True
energy_gradient,7303,792,9.527234995637805e-07,1.3360673572042126e-05,1.4313397071605906e-05,0.00015312642441518687,0.0001508899066482275,5.562639525401538e-05,0.002576828720970535,0.008676781007198882,True
energy_gradient,7303,793,9.527138352105968e-07,1.3360109906218025e-05,1.4312823741428622e-05,0.0001530914990282492,0.00015070315147883243,5.5628788251129784e-05,0.002576761266932571,0.008676594951139175,True
energy_gradient,7303,794,9.527041446398357e-07,1.3359546624938768e-05,1.4312250769578603e-05,0.00015305664415609025,0.00015053836072878072,5.5631176625178116e-05,0.002576693856613197,0.00867640898288188,True
energy_gradient,7303,795,9.526944265903863e-07,1.3358983646528682e-05,1.431167807311907e-05,0.00015302185450367004,0.00015039553693934918,5.5633560736958284e-05,0.0025766264801857343,0.008676223075452473,True
energy_gradient,7303,796,9.526846797855567e-07,1.3358420889195436e-05,1.4311105568980992e-05,0.0001529871248006854,0.0001502746823130576,5.5635940945561984e-05,0.002576559127811196,0.00867603720181962,True
energy_gradient,7303,797,9.52674902922778e-07,1.3357858271034732e-05,1.431053317395751e-05,0.0001529524498062942,0.00015017579871363365,5.56383176086985e-05,0.002576491789641951,0.008675851334910115,True
energy_gradient,7303,798,9.526650946791233e-07,1.335729571002706e-05,1.4309960804706183e-05,0.00015291782429848895,0.0001500988876659848,5.564069108251741e-05,0.0025764244558207287,0.008675665447603871,True
energy_gradient,7303,799,9.526552537099793e-07,1.335673312403951e-05,1.430938837774949e-05,0.00015288324308247074,0.0001500439503561747,5.564306172178429e-05,0.0025763571164802352,0.00867547951273459,True
energy_gradient,7303,800,9.526453786517884e-07,1.3356170430824358e-05,1.4308815809476145e-05,0.0001528487009823043,0.00015001098763140446,5.5645429879880655e-05,0.002576289761745389,0.008675293503096775,True
