molecule_id,split,z0,z1,z2,z3,z4,z5,z6,z7,z8,z9,z10,z11,z12,z13,z14,z15,z16,z17,z18,z19,z20,z21,z22,z23,z24,z25,z26,z27,z28,z29,z30,z31,z32,z33,z34,z35,z36,z37,z38,z39,z40,z41,z42,z43,z44,z45,z46,z47
mobley_8966374,train,-0.2047809362411499,-0.027907952666282654,0.7336344718933105,0.3778369426727295,0.053216345608234406,-0.05710804462432861,-0.8549610376358032,-0.6520200967788696,0.48630252480506897,0.11939778178930283,-0.02882564440369606,-0.6143002510070801,0.5684008598327637,-0.5782734155654907,-0.5185574293136597,-0.19726550579071045,0.38873523473739624,-0.7544246912002563,0.39356040954589844,0.21141888201236725,-0.10914649069309235,-0.33864983916282654,-0.9961187839508057,0.02942533791065216,-0.02925441972911358,-0.003986850380897522,0.10480492562055588,0.05397670716047287,0.007602334953844547,-0.008158291690051556,-0.12213729321956635,-0.09314572811126709,0.06947179138660431,0.017056826502084732,-0.004117949400097132,-0.0877571776509285,0.08120012283325195,-0.08261048793792725,-0.07407963275909424,-0.028180787339806557,0.05553360655903816,-0.10777495801448822,0.05622291564941406,0.030202697962522507,-0.015592356212437153,-0.04837854951620102,-0.14230267703533173,0.00420361990109086
mobley_1858644,train,0.19497114419937134,-0.14102455973625183,1.2678914070129395,0.20869816839694977,-0.06478791683912277,0.29876643419265747,-1.1736842393875122,-1.293475866317749,0.643736720085144,-0.18780404329299927,0.1852353811264038,-0.8446889519691467,0.2260316163301468,-0.4579574763774872,-1.0463917255401611,-0.6435952186584473,0.0886482447385788,-0.7554985284805298,0.4208044409751892,-0.08474268764257431,0.26106178760528564,-0.2873888611793518,-1.154089331626892,-0.164289191365242,0.02166346088051796,-0.01566939614713192,0.14087682962417603,0.02318868599832058,-0.007198657374829054,0.03319627046585083,-0.1304093599319458,-0.14371953904628754,0.07152630388736725,-0.02086711674928665,0.02058170922100544,-0.09385433048009872,0.025114623829722404,-0.05088416486978531,-0.11626574397087097,-0.07151058316230774,0.009849805384874344,-0.08394428342580795,0.04675604775547981,-0.009415853768587112,0.02900686487555504,-0.03193209692835808,-0.12823215126991272,-0.018254354596138
mobley_5880265,test,0.42294713854789734,-0.2950745224952698,1.3858891725540161,0.7846167087554932,-0.23907867074012756,0.30029457807540894,-1.0412918329238892,-0.7580309510231018,0.5902115106582642,-0.061923637986183167,0.09826081991195679,-0.6850437521934509,0.2421712577342987,-0.584174633026123,-1.2701694965362549,-0.4425358474254608,-0.33540934324264526,-0.8435694575309753,0.6968607306480408,-0.19269278645515442,0.22744253277778625,0.014374032616615295,-0.5304687023162842,-0.37309038639068604,0.05286839231848717,-0.03688431531190872,0.17323614656925201,0.09807708859443665,-0.029884833842515945,0.03753682225942612,-0.13016147911548615,-0.09475386887788773,0.07377643883228302,-0.007740454748272896,0.012282602488994598,-0.08563046902418137,0.030271407216787338,-0.07302182912826538,-0.15877118706703186,-0.0553169809281826,-0.04192616790533066,-0.10544618219137192,0.0871075913310051,-0.024086598306894302,0.028430316597223282,0.001796754077076912,-0.06630858778953552,-0.046636298298835754
mobley_5732611,test,-0.22634658217430115,-0.01610499434173107,0.6048759818077087,0.4079693853855133,0.045207709074020386,-0.11094716936349869,-0.7145359516143799,-0.46421879529953003,0.42758721113204956,0.1587226688861847,-0.059667740017175674,-0.5075092315673828,0.5571848154067993,-0.5530048608779907,-0.4225195050239563,-0.09541091322898865,0.35908105969429016,-0.6905552744865417,0.38927507400512695,0.22156578302383423,-0.1488419622182846,-0.29593488574028015,-0.8414628505706787,0.04257320612668991,-0.03772443160414696,-0.0026841657236218452,0.10081266611814499,0.06799490004777908,0.0075346180237829685,-0.018491195514798164,-0.11908932775259018,-0.0773698017001152,0.07126453518867493,0.02645377814769745,-0.009944623336195946,-0.08458486944437027,0.09286413341760635,-0.09216747432947159,-0.07041991502046585,-0.015901818871498108,0.059846844524145126,-0.11509254574775696,0.06487917900085449,0.03692762926220894,-0.024806993082165718,-0.04932248219847679,-0.14024381339550018,0.0070955343544483185
mobley_8436428,validation,0.8214051723480225,-0.29156994819641113,1.3569968938827515,0.337299644947052,0.004289105534553528,0.8217395544052124,-1.1090046167373657,-0.8295522332191467,0.1656121015548706,-0.4518938362598419,0.3417094647884369,-0.5336230397224426,-0.42549341917037964,-0.011991813778877258,-1.201960563659668,-0.6193860173225403,-0.38068920373916626,-0.405029296875,0.18163615465164185,-0.3042171597480774,0.46950846910476685,0.2298675775527954,-0.19620361924171448,-0.522137463092804,0.11734359711408615,-0.041652850806713104,0.19385670125484467,0.04818566516041756,0.0006127293454483151,0.11739136278629303,-0.15842923521995544,-0.11850745975971222,0.0236588716506958,-0.06455626338720322,0.048815637826919556,-0.07623185962438583,-0.060784775763750076,-0.0017131163040176034,-0.17170865833759308,-0.08848371356725693,-0.05438417196273804,-0.057861328125,0.025948021560907364,-0.04345959424972534,0.06707263737916946,0.03283822536468506,-0.02802908793091774,-0.07459106296300888
mobley_4687447,test,0.29664698243141174,-0.25019654631614685,1.1889660358428955,0.7335630059242249,-0.23047439754009247,0.16996024549007416,-0.8790575265884399,-0.6343087553977966,0.5656726956367493,0.007318243384361267,0.04387373849749565,-0.6071280837059021,0.3145994544029236,-0.5913881659507751,-1.0919008255004883,-0.34673377871513367,-0.2652425765991211,-0.7896569967269897,0.6739014387130737,-0.14344841241836548,0.15720826387405396,-0.018564224243164062,-0.5055931806564331,-0.29073846340179443,0.04237813875079155,-0.03574236482381821,0.16985228657722473,0.10479471832513809,-0.03292491286993027,0.024280035868287086,-0.12557964026927948,-0.09061553329229355,0.08081038296222687,0.0010454633738845587,0.0062676770612597466,-0.08673258125782013,0.04494277760386467,-0.0844840258359909,-0.15598583221435547,-0.04953339695930481,-0.037891797721385956,-0.11280814558267593,0.09627163410186768,-0.02049263007938862,0.02245832420885563,-0.0026520320679992437,-0.0722275972366333,-0.04153406620025635
mobley_9507933,train,0.11402128636837006,-0.11459717899560928,1.0423334836959839,0.18452975153923035,0.028657633811235428,0.2669171690940857,-1.0385717153549194,-1.0644936561584473,0.5066141486167908,-0.1622549146413803,0.14255811274051666,-0.7782788276672363,0.23157759010791779,-0.3899638056755066,-0.8283119201660156,-0.4975569248199463,0.1942192018032074,-0.6551737189292908,0.28530964255332947,0.00334828719496727,0.1669462025165558,-0.22913582623004913,-1.0132108926773071,-0.1187128871679306,0.014252660796046257,-0.01432464737445116,0.13029168546199799,0.023066218942403793,0.0035822042264044285,0.03336464613676071,-0.12982146441936493,-0.1330617070198059,0.06332676857709885,-0.02028186433017254,0.017819764092564583,-0.09728485345840454,0.028947198763489723,-0.048745475709438324,-0.10353899002075195,-0.062194615602493286,0.024277400225400925,-0.08189671486616135,0.035663705319166183,0.00041853589937090874,0.020868275314569473,-0.02864197827875614,-0.1266513615846634,-0.014839110895991325
mobley_994483,train,0.27392256259918213,-0.13132129609584808,0.5213385224342346,0.1542818695306778,-0.0037742070853710175,0.29409247636795044,-0.44936850666999817,-0.3667183816432953,0.12339410930871964,-0.1770721673965454,0.11638988554477692,-0.27729564905166626,-0.016351357102394104,-0.06023285910487175,-0.5063378810882568,-0.24702924489974976,-0.13399924337863922,-0.20255997776985168,0.12760590016841888,-0.09613216668367386,0.15943533182144165,0.13560155034065247,-0.14443567395210266,-0.1916813999414444,0.09130752086639404,-0.04377376660704613,0.17377950251102448,0.051427289843559265,-0.001258069067262113,0.09803082793951035,-0.149789497256279,-0.12223946303129196,0.04113136976957321,-0.05902405455708504,0.03879662975668907,-0.09243188053369522,-0.005450452212244272,-0.020077619701623917,-0.16877929866313934,-0.08234307914972305,-0.044666413217782974,-0.06751999258995056,0.04253530129790306,-0.03204405680298805,0.05314511060714722,0.045200515538454056,-0.048145223408937454,-0.06389380246400833
mobley_7829570,train,0.7620788812637329,-1.229555606842041,3.6510815620422363,2.1074442863464355,-0.5135498642921448,1.2474524974822998,-2.9293768405914307,-2.0225718021392822,1.7190943956375122,-0.6233155131340027,0.5715372562408447,-2.489539384841919,0.7081606984138489,-0.954004168510437,-3.548257350921631,-1.3302265405654907,-0.7632366418838501,-2.07529616355896,1.5212619304656982,-0.848175048828125,0.6081669330596924,0.3985458314418793,-1.7794551849365234,-1.3118523359298706,0.033133864402770996,-0.053458940237760544,0.15874268114566803,0.09162801504135132,-0.02232825569808483,0.054237063974142075,-0.12736420333385468,-0.08793790638446808,0.07474323362112045,-0.02710067480802536,0.02484944649040699,-0.10824084281921387,0.03078959509730339,-0.04147844389081001,-0.15427206456661224,-0.057835936546325684,-0.033184200525283813,-0.09023027122020721,0.06614182144403458,-0.03687717765569687,0.026442039757966995,0.017328079789876938,-0.0773676186800003,-0.05703705921769142
mobley_5692472,validation,0.14063876867294312,-0.20689056813716888,0.5336665511131287,0.359671026468277,-0.12986063957214355,0.17056459188461304,-0.395158588886261,-0.3286249041557312,0.26601147651672363,-0.06379339098930359,-0.008914913982152939,-0.4239864945411682,0.0888909325003624,-0.2695596516132355,-0.520698606967926,-0.16913461685180664,-0.163494274020195,-0.36143821477890015,0.24167388677597046,-0.06477974355220795,0.09449414908885956,0.08674878627061844,-0.1762898862361908,-0.1892189383506775,0.046879589557647705,-0.06896352022886276,0.17788885533809662,0.11989033967256546,-0.04328687861561775,0.056854862719774246,-0.13171952962875366,-0.1095416322350502,0.08867049217224121,-0.021264463663101196,-0.0029716379940509796,-0.141328826546669,0.029630310833454132,-0.08985321968793869,-0.17356620728969574,-0.05637820437550545,-0.054498091340065,-0.12047940492630005,0.08055796474218369,-0.0215932484716177,0.03149804845452309,0.028916262090206146,-0.0587632954120636,-0.06307297945022583
mobley_4305650,validation,0.2649901509284973,-0.2020522952079773,0.6730015277862549,0.3358147144317627,-0.013731803745031357,0.31701648235321045,-0.5989553928375244,-0.4348490238189697,0.1927504688501358,-0.091968834400177,0.09843559563159943,-0.4311498701572418,0.013880141079425812,-0.17593957483768463,-0.6303348541259766,-0.2835835814476013,-0.14198102056980133,-0.36444932222366333,0.2047029286623001,-0.09800633788108826,0.138404980301857,0.10167338699102402,-0.23787835240364075,-0.2326841652393341,0.06624753773212433,-0.050513073801994324,0.16825038194656372,0.08395367860794067,-0.003432950936257839,0.07925412058830261,-0.1497388482093811,-0.10871225595474243,0.04818761721253395,-0.02299220860004425,0.024608898907899857,-0.10778746753931046,0.003470035269856453,-0.04398489370942116,-0.15758371353149414,-0.07089589536190033,-0.03549525514245033,-0.09111233055591583,0.05117573216557503,-0.024501584470272064,0.03460124507546425,0.025418346747756004,-0.05946958810091019,-0.05817104130983353
mobley_7988076,train,-0.1863485872745514,0.07452795654535294,0.984958291053772,0.3153665065765381,0.18235212564468384,-0.23948954045772552,-1.120962142944336,-0.8611845970153809,0.6110388040542603,0.22357863187789917,0.01892876625061035,-0.6098788380622864,0.8132888078689575,-0.7431463599205017,-0.7210662364959717,-0.2959674894809723,0.5592307448387146,-0.9242088198661804,0.6266819834709167,0.18124809861183167,-0.15894544124603271,-0.5179213285446167,-1.3752213716506958,0.12972840666770935,-0.02070539817214012,0.008280884474515915,0.10943981260061264,0.0350407212972641,0.02026134729385376,-0.02660994976758957,-0.12455134838819504,-0.09568718075752258,0.06789319962263107,0.024842070415616035,0.0021031962241977453,-0.06776431202888489,0.09036542475223541,-0.08257181942462921,-0.08011846989393234,-0.03288527578115463,0.06213675066828728,-0.10268986970186234,0.06963133066892624,0.020138677209615707,-0.017660604789853096,-0.057546813040971756,-0.15280237793922424,0.014414267614483833
mobley_9838013,train,0.44088929891586304,-0.18507960438728333,1.0677727460861206,0.4635997712612152,-0.00735754519701004,0.34972238540649414,-0.8837158679962158,-0.5707605481147766,0.280369371175766,-0.11076490581035614,0.1647239774465561,-0.40798354148864746,-0.005357652902603149,-0.27897387742996216,-0.9182670712471008,-0.36656296253204346,-0.16004201769828796,-0.5473729968070984,0.393886923789978,-0.15163132548332214,0.22299355268478394,0.04311604052782059,-0.331167995929718,-0.28951847553253174,0.07348155230283737,-0.030846601352095604,0.17796212434768677,0.077266626060009,-0.0012262575328350067,0.05828706547617912,-0.14728598296642303,-0.09512675553560257,0.0467282272875309,-0.018460817635059357,0.027453996241092682,-0.06799725443124771,-0.0008929421310313046,-0.046495646238327026,-0.15304450690746307,-0.06109382584691048,-0.02667366899549961,-0.09122883528470993,0.06564781814813614,-0.025271886959671974,0.03716559335589409,0.0071860067546367645,-0.0551946647465229,-0.048253078013658524
mobley_1792062,validation,0.3519926965236664,-0.1731337308883667,0.6617339849472046,0.22378365695476532,0.006269380450248718,0.4100215435028076,-0.6239014863967896,-0.4874764084815979,0.15811210870742798,-0.22935280203819275,0.17563486099243164,-0.3549704849720001,0.021680191159248352,-0.04941680282354355,-0.6705812215805054,-0.3380599021911621,-0.18354198336601257,-0.26183879375457764,0.17579123377799988,-0.11821738630533218,0.1916053593158722,0.19547942280769348,-0.21331281960010529,-0.25822019577026367,0.0879981741309166,-0.043283432722091675,0.16543349623680115,0.05594591423869133,0.0015673451125621796,0.1025053858757019,-0.1559753715991974,-0.12186910212039948,0.039528027176856995,-0.05733820050954819,0.04390871524810791,-0.08874262124300003,0.005420047789812088,-0.012354200705885887,-0.16764530539512634,-0.08451497554779053,-0.04588549584150314,-0.06545969843864441,0.04394780844449997,-0.029554346576333046,0.04790133982896805,0.04886985570192337,-0.05332820490002632,-0.06455504894256592
mobley_1899443,train,0.7515959739685059,-0.34254851937294006,1.2254700660705566,0.19114163517951965,-0.03903203457593918,0.7921842932701111,-0.9652632474899292,-0.8561155200004578,0.1936224102973938,-0.47973230481147766,0.32729798555374146,-0.6227000951766968,-0.3975299596786499,0.05042167380452156,-1.1209707260131836,-0.6096341609954834,-0.4371243119239807,-0.2843100428581238,0.12808696925640106,-0.3340685963630676,0.48625755310058594,0.28351232409477234,-0.20781806111335754,-0.5005142092704773,0.12526600062847137,-0.05709141865372658,0.20424501597881317,0.03185693919658661,-0.006505338940769434,0.13203071057796478,-0.16087721288204193,-0.1426859200000763,0.0322704017162323,-0.07995538413524628,0.05454966425895691,-0.10378334671258926,-0.06625499576330185,0.008403612300753593,-0.18682844936847687,-0.10160569101572037,-0.07285404950380325,-0.04738500714302063,0.021347828209400177,-0.055678099393844604,0.08104292303323746,0.04725205525755882,-0.03463634476065636,-0.08341903239488602
mobley_8426916,train,0.39244282245635986,-0.2971864938735962,0.9312957525253296,0.46460193395614624,-0.14869005978107452,0.4250323176383972,-0.7252489328384399,-0.5785375833511353,0.32595521211624146,-0.19372853636741638,0.09808486700057983,-0.5834662318229675,-0.052360083907842636,-0.26653361320495605,-0.8752107620239258,-0.3588367700576782,-0.30082476139068604,-0.48041582107543945,0.297507643699646,-0.15848618745803833,0.22887088358402252,0.14091336727142334,-0.23105058073997498,-0.35025554895401,0.07848856598138809,-0.05943729728460312,0.18625915050506592,0.09292038530111313,-0.029738012701272964,0.0850064605474472,-0.1450497806072235,-0.11570751667022705,0.06519104540348053,-0.038745708763599396,0.019616972655057907,-0.11669324338436127,-0.010472016409039497,-0.05330672115087509,-0.17504215240478516,-0.07176735252141953,-0.06016495078802109,-0.09608316421508789,0.0595015287399292,-0.03169723600149155,0.045774176716804504,0.028182674199342728,-0.046210117638111115,-0.07005111128091812
mobley_6522117,train,0.5630730390548706,-0.6606242060661316,2.8540995121002197,1.3629249334335327,-0.29917415976524353,0.46615535020828247,-2.5779120922088623,-2.309481143951416,1.599217176437378,-0.0161120742559433,0.31728437542915344,-2.0940258502960205,0.9435010552406311,-1.2290812730789185,-2.7935903072357178,-0.9929506182670593,-0.3475087583065033,-1.8694398403167725,1.4737340211868286,-0.4000794291496277,0.46592700481414795,-0.22205038368701935,-2.070261240005493,-0.5582090020179749,0.02815365232527256,-0.03303121030330658,0.14270497858524323,0.0681462436914444,-0.014958707615733147,0.023307766765356064,-0.1288956105709076,-0.11547406017780304,0.07996086031198502,-0.0008056036895141006,0.015864219516515732,-0.10470129549503326,0.047175053507089615,-0.06145406514406204,-0.13967952132225037,-0.049647532403469086,-0.017375437542796135,-0.09347198903560638,0.07368670403957367,-0.020003970712423325,0.023296350613236427,-0.011102518998086452,-0.10351306200027466,-0.027910450473427773
mobley_1743409,validation,0.31750714778900146,-0.345332533121109,1.826703667640686,1.2474174499511719,-0.15045978128910065,-0.038938552141189575,-1.493606448173523,-0.7133512496948242,0.8459115624427795,0.2993297576904297,0.06686018407344818,-0.9365459680557251,0.9165151119232178,-1.0335326194763184,-1.6621156930923462,-0.35951077938079834,-0.13769370317459106,-1.3700796365737915,1.1518290042877197,-0.13306237757205963,0.01644730195403099,-0.09020918607711792,-0.9679112434387207,-0.35133108496665955,0.026458928361535072,-0.02877771109342575,0.1522253006696701,0.10395145416259766,-0.012538314796984196,-0.003244879422709346,-0.12446720153093338,-0.05944593623280525,0.07049263268709183,0.02494414709508419,0.005571682006120682,-0.07804549485445023,0.07637625932693481,-0.08612772077322006,-0.13850964605808258,-0.02995923161506653,-0.011474475264549255,-0.11417330056428909,0.09598574787378311,-0.011088531464338303,0.001370608457364142,-0.007517432328313589,-0.08065927028656006,-0.029277591034770012
mobley_2864987,test,0.22280317544937134,-0.003426089882850647,0.8962520360946655,0.4475136399269104,0.12989342212677002,0.13985702395439148,-0.7156731486320496,-0.4088747799396515,0.20792746543884277,-0.028479963541030884,0.15880703926086426,-0.2984021008014679,0.1584545224905014,-0.3794437348842621,-0.7162400484085083,-0.26572492718696594,0.029682591557502747,-0.5168107151985168,0.41457274556159973,-0.05683384835720062,0.05790017545223236,-0.07656726241111755,-0.4400230050086975,-0.11702188849449158,0.03713386133313179,-0.0005710149998776615,0.1493753343820572,0.07458560913801193,0.02164890430867672,0.023309504613280296,-0.11927885562181473,-0.06814579665660858,0.03465457633137703,-0.004746660590171814,0.026467839255928993,-0.049733683466911316,0.02640908770263195,-0.06324062496423721,-0.11937334388494492,-0.044287487864494324,0.004947098437696695,-0.08613511919975281,0.06909545511007309,-0.009472307749092579,0.009650029242038727,-0.012761210091412067,-0.07333716750144958,-0.019503647461533546
mobley_7227357,train,0.44681665301322937,-0.2140505015850067,1.0768043994903564,0.4643535614013672,-0.0723777711391449,0.36771249771118164,-0.8567942380905151,-0.612387478351593,0.32455846667289734,-0.13698458671569824,0.15565548837184906,-0.47008559107780457,0.00019972771406173706,-0.2959063649177551,-0.9515385627746582,-0.3870247006416321,-0.22681471705436707,-0.5486942529678345,0.40415021777153015,-0.17124947905540466,0.24079827964305878,0.06310698390007019,-0.3342632055282593,-0.3090006709098816,0.0744694396853447,-0.035675082355737686,0.17946739494800568,0.07739225775003433,-0.012062962166965008,0.06128541752696037,-0.1427990347146988,-0.1020645797252655,0.05409307777881622,-0.022830763831734657,0.02594258077442646,-0.0783476009964943,3.3287953556282446e-05,-0.049317728728055954,-0.15858976542949677,-0.06450411677360535,-0.037802454084157944,-0.09144904464483261,0.06735836714506149,-0.028541579842567444,0.040133047848939896,0.010517830960452557,-0.05571053549647331,-0.0515001118183136
mobley_1722522,validation,0.3829957842826843,-0.2624284029006958,1.3007560968399048,0.7171710729598999,-0.09059633314609528,0.2000020146369934,-1.0464022159576416,-0.6032601594924927,0.4917265474796295,0.01819724217057228,0.11638765037059784,-0.6461610198020935,0.35867753624916077,-0.5451179146766663,-1.1804193258285522,-0.3536182641983032,-0.18152183294296265,-0.8107267618179321,0.638628363609314,-0.15299436450004578,0.14210128784179688,0.025896217674016953,-0.5465848445892334,-0.32058626413345337,0.04787447303533554,-0.032803550362586975,0.1625945121049881,0.08964638411998749,-0.01132454164326191,0.025000251829624176,-0.1308002769947052,-0.07540751993656158,0.06146581843495369,0.002274655271321535,0.01454845629632473,-0.08077012747526169,0.044834692031145096,-0.06813973933458328,-0.14755241572856903,-0.0442022830247879,-0.02269022911787033,-0.10134084522724152,0.07982854545116425,-0.019124295562505722,0.01776266098022461,0.003237027209252119,-0.06832310557365417,-0.04007328301668167
mobley_9281946,train,0.12935972213745117,-0.8140009641647339,2.673107385635376,1.7330679893493652,-0.7416778802871704,0.23014315962791443,-2.112138271331787,-1.6950737237930298,1.7651736736297607,-0.08329576253890991,0.07589505612850189,-2.0021088123321533,1.2842772006988525,-1.524442434310913,-2.557670831680298,-0.6406351923942566,-0.3904059827327728,-1.9384690523147583,1.5560837984085083,-0.38911721110343933,0.31407517194747925,-0.13612860441207886,-1.8511500358581543,-0.6440757513046265,0.0071866512298583984,-0.04522227495908737,0.14850597083568573,0.09628155827522278,-0.04120432585477829,0.012785730883479118,-0.11734101176261902,-0.09417076408863068,0.09806520491838455,-0.004627542570233345,0.004216392058879137,-0.11122826486825943,0.07134873420000076,-0.08469124883413315,-0.14209282398223877,-0.03559084236621857,-0.021689221262931824,-0.10769272595643997,0.08644910156726837,-0.021617623046040535,0.01744862087070942,-0.007562700193375349,-0.10284166783094406,-0.03578198701143265
mobley_7150646,train,0.2150356024503708,-0.13599847257137299,1.041414499282837,-0.004035919904708862,0.05048558861017227,0.44312697649002075,-1.101531982421875,-1.2999662160873413,0.4937899112701416,-0.3340107202529907,0.2651853859424591,-0.8091022968292236,0.1798696517944336,-0.19944021105766296,-0.9280606508255005,-0.6818878650665283,0.10216717422008514,-0.516884446144104,0.20808914303779602,-0.08672093600034714,0.2842269241809845,-0.12014663219451904,-1.0782716274261475,-0.16761812567710876,0.02687945030629635,-0.016999809071421623,0.13017681241035461,-0.0005044899880886078,0.006310698576271534,0.055390872061252594,-0.13769149780273438,-0.16249577701091766,0.0617237389087677,-0.04175134003162384,0.03314817324280739,-0.10113778710365295,0.0224837064743042,-0.02493002638220787,-0.11600758135318756,-0.08523598313331604,0.012770896777510643,-0.064610555768013,0.026011142879724503,-0.010840117000043392,0.03552836552262306,-0.01501832902431488,-0.13478395342826843,-0.020952265709638596
mobley_4149784,train,0.14767228066921234,-0.2884823679924011,1.9856510162353516,0.42821186780929565,-0.19173239171504974,0.2541184723377228,-2.04219651222229,-2.2633137702941895,1.2606018781661987,-0.17040106654167175,0.3932344913482666,-1.6584150791168213,0.7738461494445801,-0.702180802822113,-1.7167258262634277,-0.9210920333862305,0.18235960602760315,-1.2748180627822876,0.6249070167541504,-0.2120179831981659,0.4777206778526306,-0.5268014669418335,-2.2328829765319824,-0.21245408058166504,0.009229517541825771,-0.01803014799952507,0.12410318851470947,0.02676324173808098,-0.011983274482190609,0.015882404521107674,-0.12763728201389313,-0.14145711064338684,0.07878761738538742,-0.010650066658854485,0.024577155709266663,-0.10365094244480133,0.048365384340286255,-0.043886300176382065,-0.10729536414146423,-0.057568252086639404,0.011397475376725197,-0.07967612892389297,0.0390566885471344,-0.013251123949885368,0.029857542365789413,-0.032925091683864594,-0.1395551860332489,-0.013278380036354065
mobley_7176290,train,-0.25342586636543274,-0.34069696068763733,1.2623921632766724,0.850138783454895,-0.32039085030555725,-0.1350773125886917,-1.0722637176513672,-0.8460808992385864,1.0144449472427368,0.08018989861011505,-0.020436875522136688,-1.0397499799728394,0.9970155954360962,-0.9380782246589661,-1.1553010940551758,-0.31609243154525757,0.136226624250412,-1.1799951791763306,0.8508172631263733,-0.11797688901424408,-0.007015563547611237,-0.2504155933856964,-1.3470704555511475,-0.1772446632385254,-0.025342587381601334,-0.034069694578647614,0.12623921036720276,0.08501388132572174,-0.032039083540439606,-0.013507731258869171,-0.10722637176513672,-0.08460809290409088,0.10144449770450592,0.00801899004727602,-0.00204368750564754,-0.10397499799728394,0.09970156103372574,-0.09380782395601273,-0.1155301108956337,-0.031609244644641876,0.013622662052512169,-0.11799951642751694,0.08508172631263733,-0.011797688901424408,-0.0007015563314780593,-0.02504155971109867,-0.13470704853534698,-0.01772446557879448
mobley_9883303,validation,0.6281371116638184,-0.12201081961393356,1.1895503997802734,0.3073877990245819,0.15191999077796936,0.6159601211547852,-0.9487605094909668,-0.6896458864212036,0.08422795683145523,-0.36753398180007935,0.3520510494709015,-0.4488047659397125,-0.2840992510318756,-0.09518320858478546,-1.0192525386810303,-0.5466434359550476,-0.1845971643924713,-0.3739437460899353,0.18426255881786346,-0.22078686952590942,0.3202202618122101,0.13254500925540924,-0.2998971939086914,-0.3541509807109833,0.08973387628793716,-0.01743011735379696,0.16993577778339386,0.04391254112124443,0.021702855825424194,0.0879942998290062,-0.13553722202777863,-0.09852083772420883,0.012032565660774708,-0.05250485613942146,0.050293006002902985,-0.06411496549844742,-0.040585607290267944,-0.013597601093351841,-0.14560750126838684,-0.07809191942214966,-0.026371022686362267,-0.0534205362200737,0.0263232234865427,-0.03154098242521286,0.04574575275182724,0.018935000523924828,-0.042842455208301544,-0.050592996180057526
mobley_6935906,validation,0.9941253662109375,-0.40180012583732605,2.365675449371338,0.7933454513549805,0.19000737369060516,0.8656219840049744,-1.975661039352417,-1.2960883378982544,0.4614737033843994,-0.38229164481163025,0.5524731874465942,-1.0838357210159302,0.012793093919754028,-0.3938973546028137,-2.074563503265381,-0.8946673274040222,-0.3500317633152008,-0.9471189975738525,0.6770094633102417,-0.4211645722389221,0.4896528720855713,0.21362009644508362,-0.8761945962905884,-0.6572318077087402,0.07100895792245865,-0.028700008988380432,0.1689768135547638,0.05666753277182579,0.013571955263614655,0.06183014065027237,-0.14111864566802979,-0.0925777405500412,0.032962407916784286,-0.02730654552578926,0.0394623689353466,-0.07741683721542358,0.0009137924062088132,-0.028135525062680244,-0.14818310737609863,-0.06390480697154999,-0.025002269074320793,-0.06765135377645493,0.04835781827569008,-0.03008318319916725,0.03497520461678505,0.015258578583598137,-0.06258533149957657,-0.046945128589868546
mobley_3269819,train,1.163709282875061,-0.7743898630142212,2.5723133087158203,0.29713624715805054,-0.06395275145769119,1.409873366355896,-2.7835896015167236,-3.3754608631134033,1.2854973077774048,-0.6756202578544617,0.8714765906333923,-2.2860233783721924,-0.2159578651189804,-0.09134501218795776,-2.6159279346466064,-1.517849087715149,-0.41919755935668945,-1.1735817193984985,0.45307818055152893,-0.706937849521637,1.1845110654830933,0.0797828733921051,-2.202256202697754,-0.7075601816177368,0.06124785542488098,-0.04075736179947853,0.1353849172592163,0.015638750046491623,-0.0033659343607723713,0.07420386373996735,-0.1465047150850296,-0.17765583097934723,0.06765775382518768,-0.03555896133184433,0.0458671897649765,-0.1203170195221901,-0.011366203427314758,-0.00480763241648674,-0.13768041133880615,-0.079886794090271,-0.022063029929995537,-0.06176745891571045,0.02384622022509575,-0.03720725700259209,0.06234268844127655,0.0041990987956523895,-0.11590822041034698,-0.037240009754896164
mobley_9617923,train,1.065686583518982,-0.4266686737537384,2.011294364929199,0.6545376777648926,-0.03992515057325363,0.9937056303024292,-1.6688672304153442,-1.1738284826278687,0.3944365382194519,-0.4537856876850128,0.4387848675251007,-0.8710094690322876,-0.28951987624168396,-0.2356775403022766,-1.8033288717269897,-0.8527969121932983,-0.508234977722168,-0.7951643466949463,0.48394685983657837,-0.3842676281929016,0.5396838188171387,0.24087190628051758,-0.47473177313804626,-0.6893768310546875,0.09688059985637665,-0.03878806158900261,0.18284493684768677,0.059503424912691116,-0.0036295591853559017,0.090336874127388,-0.1517152041196823,-0.10671167820692062,0.03585786744952202,-0.04125324264168739,0.03988953307271004,-0.07918267697095871,-0.026319988071918488,-0.02142523042857647,-0.1639389842748642,-0.0775269940495491,-0.04620318114757538,-0.0722876712679863,0.043995168060064316,-0.0349334217607975,0.04906216636300087,0.021897446364164352,-0.0431574322283268,-0.06267061829566956
mobley_7106722,validation,0.6981344223022461,-0.2580869793891907,1.1643754243850708,0.28762874007225037,-0.017549261450767517,0.6956071853637695,-0.9351897239685059,-0.723325252532959,0.16383937001228333,-0.39205384254455566,0.2810448408126831,-0.4838104844093323,-0.34855014085769653,-0.03072211891412735,-1.0394904613494873,-0.5315296649932861,-0.33820873498916626,-0.3551601767539978,0.1649957001209259,-0.2632809579372406,0.40386801958084106,0.2024906873703003,-0.1731705218553543,-0.4471798241138458,0.11635573953390121,-0.04301449656486511,0.19406257569789886,0.04793812334537506,-0.0029248769860714674,0.11593452841043472,-0.15586495399475098,-0.12055420875549316,0.027306562289595604,-0.06534230709075928,0.04684080556035042,-0.08063507825136185,-0.05809168890118599,-0.005120353307574987,-0.17324841022491455,-0.08858827501535416,-0.05636812373995781,-0.059193361550569534,0.027499282732605934,-0.0438801608979702,0.06731133908033371,0.03374844789505005,-0.02886175364255905,-0.0745299682021141
mobley_3060426,train,1.0679675340652466,-0.358879029750824,1.742008090019226,0.43626469373703003,0.046886131167411804,1.0737075805664062,-1.4555284976959229,-1.042245864868164,0.1693517565727234,-0.5716777443885803,0.4628450274467468,-0.6348432302474976,-0.5790987610816956,0.025560252368450165,-1.5268672704696655,-0.7952008247375488,-0.46545252203941345,-0.504566490650177,0.21481747925281525,-0.38611987233161926,0.601483166217804,0.2851200997829437,-0.24183958768844604,-0.6720378994941711,0.11866305768489838,-0.03987544775009155,0.19355645775794983,0.04847385361790657,0.005209570284932852,0.11930084228515625,-0.16172538697719574,-0.11580509692430496,0.018816862255334854,-0.06351974606513977,0.05142722651362419,-0.07053813338279724,-0.06434430927038193,0.0028400281444191933,-0.16965192556381226,-0.0883556455373764,-0.05171694606542587,-0.05606294423341751,0.023868609219789505,-0.04290220886468887,0.06683146208524704,0.03168001025915146,-0.02687106467783451,-0.07467088103294373
mobley_1893815,validation,0.7743879556655884,-0.4373878538608551,0.9881229996681213,0.48299944400787354,-0.02749471366405487,0.7495813369750977,-1.054189920425415,-0.8213348984718323,0.2416144609451294,-0.2180737853050232,0.3801445960998535,-0.5856283903121948,-0.3069051504135132,0.13804328441619873,-1.0966761112213135,-0.3992398679256439,-0.48860493302345276,-0.39183056354522705,0.22322186827659607,-0.36054539680480957,0.5287161469459534,0.3364338278770447,-0.19695793092250824,-0.5053654909133911,0.1290646642446518,-0.07289797812700272,0.1646871715784073,0.08049990981817245,-0.004582452122122049,0.12493022531270981,-0.17569832503795624,-0.13688914477825165,0.04026907682418823,-0.03634563088417053,0.06335743516683578,-0.09760472923517227,-0.0511508584022522,0.023007214069366455,-0.18277935683727264,-0.06653998047113419,-0.08143415302038193,-0.06530509144067764,0.03720364347100258,-0.06009089946746826,0.08811935782432556,0.056072305887937546,-0.03282632306218147,-0.08422758430242538
mobley_3639400,validation,0.5972633361816406,-0.27501630783081055,0.9295201897621155,0.2875349819660187,-0.05731847882270813,0.5852059125900269,-0.7854564785957336,-0.6506674289703369,0.19135956466197968,-0.2943268120288849,0.24233169853687286,-0.47407904267311096,-0.2613128423690796,-0.012304600328207016,-0.9016649723052979,-0.4153077006340027,-0.3486054837703705,-0.31593644618988037,0.1633797287940979,-0.25318145751953125,0.37317025661468506,0.2134050726890564,-0.15542331337928772,-0.3911723494529724,0.11945267021656036,-0.05500326305627823,0.18590404093265533,0.057506997138261795,-0.011463696137070656,0.11704118549823761,-0.15709128975868225,-0.1301334798336029,0.038271911442279816,-0.05886536091566086,0.04846633970737457,-0.09481580555438995,-0.0522625669836998,-0.0024609200190752745,-0.1803329885005951,-0.08306153863668442,-0.06972109526395798,-0.06318728625774384,0.03267594426870346,-0.05063629150390625,0.07463405281305313,0.0426810160279274,-0.031084662303328514,-0.0782344713807106
mobley_3105103,train,-0.08861267566680908,0.12465225905179977,1.5072803497314453,1.0694663524627686,0.4862181544303894,-0.2755356431007385,-1.8943572044372559,-0.5108528733253479,0.643858015537262,0.6579725742340088,-0.02385750785470009,-0.5841546058654785,1.2672569751739502,-1.1547150611877441,-1.1268389225006104,-0.05874563753604889,0.8602269291877747,-1.5538382530212402,1.0308362245559692,0.4179198741912842,-0.526373565196991,-0.5761260986328125,-1.5557889938354492,0.0623965784907341,-0.006329476833343506,0.008903732523322105,0.1076628789305687,0.07639045268297195,0.03472986817359924,-0.019681116566061974,-0.13531123101711273,-0.036489490419626236,0.045989859849214554,0.0469980426132679,-0.0017041077371686697,-0.04172533005475998,0.09051835536956787,-0.08247964829206467,-0.08048849552869797,-0.004196117166429758,0.061444781720638275,-0.11098844558000565,0.0736311599612236,0.02985141985118389,-0.03759811073541641,-0.04115186259150505,-0.11112778633832932,0.0044568986631929874
mobley_5076071,train,0.43049564957618713,-1.2156065702438354,3.387406826019287,2.257019519805908,-0.5241326689720154,0.937951385974884,-2.7487332820892334,-1.8426536321640015,1.7989975214004517,-0.3985365033149719,0.4207639694213867,-2.498743772506714,0.9867887496948242,-1.1414074897766113,-3.3245484828948975,-1.1123144626617432,-0.6332364082336426,-2.162548780441284,1.6316014528274536,-0.7369157671928406,0.43258506059646606,0.33502453565597534,-1.856138825416565,-1.173600435256958,0.019567983224987984,-0.05525484308600426,0.1539730429649353,0.10259179770946503,-0.023824213072657585,0.042634155601263046,-0.12494242191314697,-0.08375698328018188,0.08177261799573898,-0.018115295097231865,0.01912563480436802,-0.11357926577329636,0.04485403373837471,-0.05188215896487236,-0.15111583471298218,-0.05055974796414375,-0.028783472254872322,-0.09829767048358917,0.07416370511054993,-0.03349617123603821,0.01966295763850212,0.015228387899696827,-0.0843699499964714,-0.05334547534584999
mobley_9557440,train,-0.7236934900283813,0.4051055312156677,0.4967382848262787,0.851068377494812,0.5390351414680481,-0.915977418422699,-1.1160852909088135,0.19684436917304993,0.4524250030517578,1.040726661682129,-0.29939037561416626,-0.06348054111003876,1.6202770471572876,-1.1830430030822754,-0.20070597529411316,0.44849470257759094,1.2099430561065674,-1.29169499874115,0.9301524758338928,0.70939701795578,-0.923746645450592,-0.7963522672653198,-1.4083586931228638,0.4693133234977722,-0.08041039109230042,0.0450117252767086,0.05519314110279083,0.09456315636634827,0.059892792254686356,-0.10177526623010635,-0.12400947511196136,0.021871596574783325,0.05026944354176521,0.11563629657030106,-0.033265598118305206,-0.00705339340493083,0.18003077805042267,-0.13144922256469727,-0.022300664335489273,0.049832746386528015,0.13443811237812042,-0.14352166652679443,0.10335027426481247,0.07882189005613327,-0.10263851284980774,-0.08848358690738678,-0.15648430585861206,0.05214592441916466
mobley_4218209,train,-0.05344823747873306,-0.17889563739299774,1.1835215091705322,0.4632263779640198,-0.1232992634177208,0.07702434062957764,-1.1100430488586426,-1.1719386577606201,0.7585012316703796,-0.039955317974090576,0.05427483096718788,-0.9444965720176697,0.49224773049354553,-0.6692997813224792,-1.0010212659835815,-0.47733306884765625,0.13314828276634216,-0.8904842734336853,0.5501055717468262,-0.02290351688861847,0.13786327838897705,-0.311376690864563,-1.2316702604293823,-0.12867331504821777,-0.0059386929497122765,-0.019877292215824127,0.13150238990783691,0.0514695979654789,-0.013699918054044247,0.008558260276913643,-0.12333811819553375,-0.13021540641784668,0.0842779129743576,-0.004439479671418667,0.006030536722391844,-0.10494406521320343,0.05469419062137604,-0.07436664402484894,-0.11122458428144455,-0.05303700640797615,0.01479425374418497,-0.09894269704818726,0.0611228421330452,-0.0025448352098464966,0.015318142250180244,-0.03459741175174713,-0.13685224950313568,-0.014297034591436386
mobley_4884177,train,0.12363560497760773,-0.1066480204463005,1.0454078912734985,0.2043876051902771,0.020542237907648087,0.28544414043426514,-1.0531187057495117,-1.0296653509140015,0.4859858751296997,-0.16456475853919983,0.14014700055122375,-0.7384496331214905,0.22217288613319397,-0.38595253229141235,-0.8299369812011719,-0.49278783798217773,0.1814781278371811,-0.6589267253875732,0.2872648239135742,0.015145674347877502,0.15824680030345917,-0.24041977524757385,-0.994472861289978,-0.13764363527297974,0.015454450622200966,-0.013331002555787563,0.13067598640918732,0.025548450648784637,0.002567779738456011,0.03568051755428314,-0.13163983821868896,-0.12870816886425018,0.06074823439121246,-0.02057059481739998,0.01751837506890297,-0.09230620414018631,0.027771610766649246,-0.048244066536426544,-0.10374212265014648,-0.06159847974777222,0.022684765979647636,-0.08236584067344666,0.03590810298919678,0.0018932092934846878,0.019780850037932396,-0.03005247190594673,-0.12430910766124725,-0.017205454409122467
mobley_49274,test,0.8583337664604187,-0.3596409857273102,1.373476505279541,0.28711098432540894,-0.04803285375237465,0.9244816899299622,-1.117341160774231,-0.916088342666626,0.1899338662624359,-0.5130337476730347,0.3724193572998047,-0.6248477101325989,-0.4512685537338257,0.056258659809827805,-1.2702276706695557,-0.7058247327804565,-0.4725196659564972,-0.36302295327186584,0.12518855929374695,-0.3772431015968323,0.5059162378311157,0.28645533323287964,-0.2186390608549118,-0.579312801361084,0.12261910736560822,-0.05137728527188301,0.19621093571186066,0.041015855967998505,-0.0068618361838161945,0.13206881284713745,-0.15962016582489014,-0.1308697611093521,0.027133408933877945,-0.07329053431749344,0.05320276692509651,-0.08926396071910858,-0.0644669383764267,0.008036951534450054,-0.18146109580993652,-0.10083210468292236,-0.06750281155109406,-0.051860421895980835,0.01788407936692238,-0.053891871124506,0.07227374613285065,0.04092219099402428,-0.031234150752425194,-0.08275897055864334
mobley_4375719,test,1.080089807510376,-0.4042271673679352,1.7594435214996338,0.442097544670105,-0.07396918535232544,1.0910524129867554,-1.4102522134780884,-1.112030267715454,0.2604166865348816,-0.608921468257904,0.4379701018333435,-0.7458609938621521,-0.561074435710907,-0.020707949995994568,-1.5900211334228516,-0.8268904089927673,-0.5765628814697266,-0.5210307836532593,0.24025864899158478,-0.4196048378944397,0.6191866397857666,0.30695581436157227,-0.24962887167930603,-0.7016204595565796,0.12000998109579086,-0.0449141301214695,0.19549372792243958,0.04912194982171059,-0.008218798786401749,0.12122804671525955,-0.156694695353508,-0.12355891615152359,0.028935186564922333,-0.0676579400897026,0.048663344234228134,-0.08287344127893448,-0.0623416043817997,-0.0023008834104985,-0.17666901648044586,-0.09187671542167664,-0.06406254321336746,-0.05789230763912201,0.026695406064391136,-0.046622760593891144,0.06879851222038269,0.03410620242357254,-0.027736540883779526,-0.07795783132314682
mobley_7913234,train,0.43260687589645386,-0.15983915328979492,1.4064439535140991,0.8218699097633362,-0.0721043199300766,0.17651689052581787,-1.1249772310256958,-0.7460982203483582,0.48532363772392273,0.004223227500915527,0.16987022757530212,-0.5560718178749084,0.2640650272369385,-0.6096516251564026,-1.250842809677124,-0.4380713105201721,-0.1629316210746765,-0.8780773878097534,0.7129287719726562,-0.1564318835735321,0.19573110342025757,-0.09535539150238037,-0.6165698766708374,-0.30891305208206177,0.04806743189692497,-0.017759906128048897,0.1562715470790863,0.09131887555122375,-0.0080115906894207,0.019612988457083702,-0.12499746680259705,-0.0828998014330864,0.05392484739422798,0.00046924749040044844,0.01887447014451027,-0.061785757541656494,0.029340557754039764,-0.06773906946182251,-0.13898253440856934,-0.04867459088563919,-0.01810351386666298,-0.09756415337324142,0.07921430468559265,-0.017381319776177406,0.021747900173068047,-0.010595043189823627,-0.06850776076316833,-0.03432367369532585
mobley_5948990,train,-0.1811830699443817,-0.42536500096321106,1.304038166999817,0.8831356167793274,-0.3207661509513855,0.049531251192092896,-1.1432301998138428,-0.9341310858726501,0.9701244831085205,-0.028551533818244934,0.0036408565938472748,-1.1520289182662964,0.8254133462905884,-0.8575291633605957,-1.2348659038543701,-0.3853074908256531,0.04241100698709488,-1.1448842287063599,0.7546554803848267,-0.1430962085723877,0.06134115159511566,-0.15170292556285858,-1.2794833183288574,-0.2782434821128845,-0.01811830699443817,-0.042536500841379166,0.1304038166999817,0.08831356465816498,-0.03207661584019661,0.004953125026077032,-0.11432301998138428,-0.0934131070971489,0.09701244533061981,-0.002855153288692236,0.0003640856593847275,-0.1152028888463974,0.0825413316488266,-0.08575291931629181,-0.12348659336566925,-0.03853074833750725,0.004241100512444973,-0.11448842287063599,0.07546554505825043,-0.01430962048470974,0.006134115159511566,-0.015170292928814888,-0.1279483288526535,-0.027824347838759422
mobley_2607611,validation,0.6350057125091553,-0.35263553261756897,1.6938533782958984,0.820060133934021,-0.10891874879598618,0.46029186248779297,-1.3698318004608154,-0.8476155996322632,0.5405166149139404,-0.1184399425983429,0.22526545822620392,-0.8018649816513062,0.21496501564979553,-0.5310712456703186,-1.5361815690994263,-0.5445278286933899,-0.32128265500068665,-0.9186871647834778,0.6840939521789551,-0.25263285636901855,0.28191494941711426,0.091086246073246,-0.5953032374382019,-0.4845590591430664,0.06350056827068329,-0.0352635532617569,0.16938534379005432,0.08200601488351822,-0.010891875252127647,0.046029187738895416,-0.13698318600654602,-0.08476155996322632,0.054051660001277924,-0.01184399425983429,0.022526545450091362,-0.08018650114536285,0.021496500819921494,-0.0531071238219738,-0.15361815690994263,-0.05445278435945511,-0.032128266990184784,-0.09186871349811554,0.06840939819812775,-0.025263285264372826,0.028191495686769485,0.009108624421060085,-0.05953032523393631,-0.04845590516924858
mobley_2789243,train,0.01728220283985138,-0.1112181693315506,0.806124746799469,0.20400169491767883,0.016987323760986328,0.1695600152015686,-0.920261025428772,-0.9411635994911194,0.4892861843109131,-0.05701086297631264,0.10907518118619919,-0.6967552304267883,0.3018260598182678,-0.35743844509124756,-0.6751280426979065,-0.36963653564453125,0.20286545157432556,-0.6169716715812683,0.2801620662212372,0.03504644334316254,0.1214417964220047,-0.2404264658689499,-0.9769883155822754,-0.07357360422611237,0.002468886086717248,-0.015888309106230736,0.11516068130731583,0.02914309874176979,0.0024267605040222406,0.024222860112786293,-0.1314658671617508,-0.1344519406557083,0.06989802420139313,-0.008144409395754337,0.015582168474793434,-0.0995364636182785,0.043118007481098175,-0.05106263607740402,-0.09644686430692673,-0.05280521884560585,0.02898077853024006,-0.08813881129026413,0.04002315178513527,0.005006634630262852,0.01734882779419422,-0.03434663638472557,-0.13956975936889648,-0.010510514490306377
mobley_2681549,train,0.5056750774383545,-0.3615107536315918,1.2326102256774902,0.13531284034252167,-0.054217468947172165,0.6493901014328003,-1.2994320392608643,-1.5910660028457642,0.6236587762832642,-0.3423866033554077,0.38567453622817993,-1.075745701789856,-0.08834214508533478,-0.087976835668087,-1.2332991361618042,-0.723328173160553,-0.17474618554115295,-0.5811771154403687,0.21951361000537872,-0.311897873878479,0.5582420825958252,0.005506005138158798,-1.0511300563812256,-0.33594954013824463,0.056186120957136154,-0.04016786068677902,0.13695669174194336,0.015034760348498821,-0.006024163216352463,0.0721544548869133,-0.1443813443183899,-0.17678511142730713,0.06929542124271393,-0.038042955100536346,0.042852725833654404,-0.11952730268239975,-0.009815793484449387,-0.00977520365267992,-0.13703323900699615,-0.08036980032920837,-0.019416242837905884,-0.06457523256540298,0.02439040131866932,-0.03465531766414642,0.06202689930796623,0.0006117783486843109,-0.116792231798172,-0.03732772544026375
mobley_5616693,train,0.5403009653091431,0.121024951338768,1.46705162525177,0.5037498474121094,0.40254271030426025,0.32442957162857056,-1.3487491607666016,-0.8250294923782349,0.05879684537649155,-0.1132209300994873,0.5762996673583984,-0.5843881964683533,0.2761315107345581,-0.13381898403167725,-1.1086055040359497,-0.5679057836532593,0.2919826805591583,-0.6963402032852173,0.3330208957195282,0.014262184500694275,0.29544690251350403,-0.16673260927200317,-0.7683578133583069,-0.12273159623146057,0.049118269234895706,0.011002268642187119,0.1333683282136917,0.045795440673828125,0.03659479320049286,0.029493598267436028,-0.12261355668306351,-0.07500267773866653,0.005345167592167854,-0.010292812250554562,0.05239087715744972,-0.053126201033592224,0.02510286495089531,-0.012165362015366554,-0.10078231990337372,-0.05162779986858368,0.026543879881501198,-0.06330365687608719,0.03027462773025036,0.0012965622590854764,0.02685880847275257,-0.015157509595155716,-0.06985071301460266,-0.011157417669892311
mobley_8522124,test,0.9846531748771667,-0.404574453830719,1.5704035758972168,0.3381470739841461,-0.05667392536997795,1.0548878908157349,-1.2795547246932983,-1.0398459434509277,0.21450716257095337,-0.5822098255157471,0.4268239438533783,-0.702854335308075,-0.523648202419281,0.06345042586326599,-1.4484882354736328,-0.8016537427902222,-0.5427550077438354,-0.4169676601886749,0.14815425872802734,-0.4265744686126709,0.5761841535568237,0.3194451928138733,-0.24351343512535095,-0.6616683602333069,0.12308164685964584,-0.050571806728839874,0.1963004469871521,0.042268384248018265,-0.007084240671247244,0.13186098635196686,-0.1599443405866623,-0.12998074293136597,0.02681339532136917,-0.07277622818946838,0.05335299298167229,-0.08785679191350937,-0.06545602530241013,0.007931303232908249,-0.1810610294342041,-0.10020671784877777,-0.06784437596797943,-0.052120957523584366,0.018519282341003418,-0.05332180857658386,0.07202301919460297,0.03993064910173416,-0.03043917939066887,-0.08270854502916336
mobley_2517158,validation,0.9055273532867432,-0.35612350702285767,1.505985975265503,0.40949857234954834,-0.046821728348731995,0.9461681246757507,-1.260391116142273,-0.9853980541229248,0.24610857665538788,-0.5229043960571289,0.38841286301612854,-0.6675127744674683,-0.37826359272003174,-0.02427426353096962,-1.3976892232894897,-0.7262536287307739,-0.485475093126297,-0.4723392128944397,0.24245400726795197,-0.34291335940361023,0.5108275413513184,0.30070358514785767,-0.2687789499759674,-0.60345458984375,0.1131909191608429,-0.04451543837785721,0.18824824690818787,0.05118732154369354,-0.005852716043591499,0.11827101558446884,-0.15754888951778412,-0.1231747567653656,0.030763572081923485,-0.06536304950714111,0.04855160787701607,-0.08343909680843353,-0.04728294909000397,-0.0030342829413712025,-0.17471115291118622,-0.09078170359134674,-0.060684386640787125,-0.05904240161180496,0.030306750908493996,-0.04286416992545128,0.0638534426689148,0.03758794814348221,-0.033597368746995926,-0.07543182373046875
mobley_511661,test,0.4222598373889923,-0.15967559814453125,0.728714108467102,-0.03595335781574249,0.18809884786605835,0.4099655747413635,-0.6782768964767456,-0.6336912512779236,0.07361030578613281,-0.3105854392051697,0.17137272655963898,-0.5053989887237549,-0.12211896479129791,0.0278891921043396,-0.6955749988555908,-0.3975769877433777,-0.12895017862319946,-0.12540000677108765,0.07449615001678467,-0.14045146107673645,0.24247556924819946,0.15930455923080444,-0.2905265688896179,-0.22686466574668884,0.10556495934724808,-0.03991889953613281,0.1821785271167755,-0.008988339453935623,0.04702471196651459,0.10249139368534088,-0.1695692241191864,-0.1584228128194809,0.018402576446533203,-0.07764635980129242,0.042843181639909744,-0.12634974718093872,-0.030529741197824478,0.0069722980260849,-0.1738937497138977,-0.09939424693584442,-0.032237544655799866,-0.03135000169277191,0.018624037504196167,-0.03511286526918411,0.060618892312049866,0.03982613980770111,-0.07263164222240448,-0.05671616643667221
mobley_6727159,validation,-0.18980549275875092,-0.5195233225822449,1.0648125410079956,1.306837797164917,-0.60450679063797,-0.2184736132621765,-0.604900062084198,-0.17779207229614258,0.9544982314109802,0.2063274383544922,-0.16447831690311432,-0.8387221097946167,1.0276052951812744,-0.9811428785324097,-1.1333997249603271,-0.05534321814775467,-0.31893861293792725,-1.1217410564422607,1.0324170589447021,-0.21088168025016785,-0.041641078889369965,0.07100224494934082,-0.6084246635437012,-0.3324783444404602,-0.027115071192383766,-0.07421761751174927,0.1521160751581192,0.18669112026691437,-0.08635811507701874,-0.031210515648126602,-0.08641429245471954,-0.025398867204785347,0.1363568902015686,0.029475348070263863,-0.023496901616454124,-0.11981744319200516,0.14680075645446777,-0.14016327261924744,-0.16191424429416656,-0.007906174287199974,-0.045562658458948135,-0.16024872660636902,0.14748814702033997,-0.030125955119729042,-0.005948725622147322,0.010143177583813667,-0.08691781014204025,-0.04749690741300583
mobley_3053621,train,0.07041361927986145,-0.032263580709695816,0.7629860639572144,-0.09414468705654144,0.024007458239793777,0.23653319478034973,-0.7897864580154419,-0.9868190884590149,0.383272260427475,-0.21745258569717407,0.1417212188243866,-0.5687005519866943,0.09214166551828384,-0.22015026211738586,-0.5861334800720215,-0.4892532229423523,0.1974560171365738,-0.4193122982978821,0.12099973857402802,-0.004099398851394653,0.18882891535758972,-0.28017616271972656,-0.9013209939002991,-0.06229671835899353,0.011735603213310242,-0.00537726329639554,0.1271643489599228,-0.01569078117609024,0.00400124303996563,0.03942219913005829,-0.13163107633590698,-0.1644698530435562,0.06387870758771896,-0.03624209761619568,0.023620203137397766,-0.09478342533111572,0.015356943942606449,-0.036691710352897644,-0.09768891334533691,-0.08154220134019852,0.0329093374311924,-0.06988538056612015,0.02016662247478962,-0.0006832331418991089,0.03147148713469505,-0.046696025878190994,-0.15022017061710358,-0.010382786393165588
mobley_1803862,validation,0.5718710422515869,-0.21327762305736542,0.9674686193466187,0.23659786581993103,-0.008908376097679138,0.5652555227279663,-0.7729485630989075,-0.5996778607368469,0.13922084867954254,-0.3228711485862732,0.22667048871517181,-0.4060068130493164,-0.2762179970741272,-0.03789471089839935,-0.8612737655639648,-0.43580707907676697,-0.2681104242801666,-0.3012610673904419,0.14198888838291168,-0.21402812004089355,0.33372318744659424,0.1696300208568573,-0.14830227196216583,-0.3648484945297241,0.11437420547008514,-0.042655523866415024,0.19349372386932373,0.047319572418928146,-0.0017816752661019564,0.11305110156536102,-0.1545897126197815,-0.11993557214736938,0.027844170108437538,-0.0645742267370224,0.0453340969979763,-0.08120135962963104,-0.0552436001598835,-0.007578941993415356,-0.1722547560930252,-0.08716141432523727,-0.053622085601091385,-0.06025221198797226,0.028397778049111366,-0.04280562326312065,0.06674464046955109,0.03392600268125534,-0.029660454019904137,-0.0729696974158287
mobley_5371840,train,0.0025909096002578735,-0.17870475351810455,1.8291127681732178,0.3517247438430786,-0.1655900478363037,0.1164391040802002,-1.8723095655441284,-2.0615427494049072,1.1804484128952026,-0.12852397561073303,0.31190359592437744,-1.489256501197815,0.8340984582901001,-0.7462143898010254,-1.5010302066802979,-0.8429832458496094,0.30644237995147705,-1.2208898067474365,0.5920686721801758,-0.10943952202796936,0.3544725775718689,-0.6220125555992126,-2.1829540729522705,-0.1212400496006012,0.00017272730474360287,-0.011913650669157505,0.12194085121154785,0.023448316380381584,-0.01103933621197939,0.007762606721371412,-0.12482063472270966,-0.137436181306839,0.07869656383991241,-0.008568265475332737,0.020793573930859566,-0.09928376972675323,0.05560656264424324,-0.04974762722849846,-0.10006868094205856,-0.056198883801698685,0.020429491996765137,-0.08139265328645706,0.03947124630212784,-0.007295968011021614,0.0236315056681633,-0.04146750271320343,-0.14553026854991913,-0.008082670159637928
mobley_9100956,train,0.661490797996521,-0.27823904156684875,1.2861026525497437,0.2201976180076599,-0.09358502179384232,0.7495550513267517,-1.0559390783309937,-1.0901137590408325,0.2714107632637024,-0.4330345392227173,0.4604349732398987,-0.8476970195770264,-0.14414766430854797,0.1566830426454544,-1.0544987916946411,-0.6765053868293762,-0.244327574968338,-0.4207381010055542,0.09666167199611664,-0.14352726936340332,0.5791184902191162,0.08335761725902557,-0.36265993118286133,-0.344865083694458,0.09449868649244308,-0.039748433977365494,0.18372894823551178,0.031456802040338516,-0.013369289226830006,0.10707928985357285,-0.15084843337535858,-0.15573053061962128,0.03877296671271324,-0.06186207756400108,0.06577642261981964,-0.1210995763540268,-0.020592523738741875,0.02238329127430916,-0.15064267814159393,-0.09664362668991089,-0.03490393981337547,-0.06010544300079346,0.013808810152113438,-0.020503895357251167,0.0827312096953392,0.011908231303095818,-0.05180856212973595,-0.04926643893122673
mobley_7261305,validation,-0.18774715065956116,-0.14483092725276947,0.2420964390039444,0.5007234811782837,-0.09046675264835358,-0.11301828920841217,-0.25296592712402344,-0.14211176335811615,0.2835339903831482,0.17896828055381775,-0.13990724086761475,-0.3535556197166443,0.3281435966491699,-0.42130526900291443,-0.2504892945289612,0.018543608486652374,-0.013285987079143524,-0.44080811738967896,0.34555140137672424,0.07487331330776215,-0.09984233975410461,-0.018275603652000427,-0.2426086813211441,-0.027743548154830933,-0.09387357532978058,-0.07241546362638474,0.1210482195019722,0.25036174058914185,-0.04523337632417679,-0.056509144604206085,-0.12648296356201172,-0.07105588167905807,0.1417669951915741,0.08948414027690887,-0.06995362043380737,-0.17677780985832214,0.16407179832458496,-0.21065263450145721,-0.1252446472644806,0.009271804243326187,-0.006642993539571762,-0.22040405869483948,0.17277570068836212,0.03743665665388107,-0.04992116987705231,-0.009137801826000214,-0.12130434066057205,-0.013871774077415466
mobley_3686115,validation,0.38587242364883423,-0.2891584634780884,1.37834894657135,0.826429009437561,-0.25974929332733154,0.26605165004730225,-1.0157434940338135,-0.7137783765792847,0.6078780293464661,-0.06442669034004211,0.05718296393752098,-0.6877889037132263,0.28524085879325867,-0.6206438541412354,-1.2867013216018677,-0.4211984872817993,-0.324740469455719,-0.8473983407020569,0.7009108662605286,-0.17505115270614624,0.19819112122058868,-0.005251850932836533,-0.5147610902786255,-0.38229742646217346,0.04823405295610428,-0.03614480793476105,0.17229361832141876,0.10330362617969513,-0.03246866166591644,0.03325645625591278,-0.12696793675422668,-0.08922229707241058,0.07598475366830826,-0.008053336292505264,0.007147870492190123,-0.08597361296415329,0.03565510734915733,-0.07758048176765442,-0.16083766520023346,-0.052649810910224915,-0.040592558681964874,-0.10592479258775711,0.08761385828256607,-0.02188139408826828,0.024773890152573586,-0.0006564813666045666,-0.06434513628482819,-0.04778717830777168
mobley_1502181,validation,0.9393671751022339,-0.3817352056503296,1.8143671751022339,0.603501558303833,-0.03128407895565033,0.8632994890213013,-1.5066536664962769,-1.050070881843567,0.36986324191093445,-0.38460955023765564,0.3843803107738495,-0.7930028438568115,-0.2171402871608734,-0.2428693026304245,-1.625068187713623,-0.7569679021835327,-0.4379996657371521,-0.7412196397781372,0.460981160402298,-0.334936261177063,0.46941593289375305,0.20788204669952393,-0.4498574137687683,-0.6070212721824646,0.09393671900033951,-0.03817351907491684,0.1814367175102234,0.06035015732049942,-0.0031284079886972904,0.08632995188236237,-0.15066537261009216,-0.10500708967447281,0.036986324936151505,-0.038460955023765564,0.03843802958726883,-0.07930028438568115,-0.02171402797102928,-0.02428692951798439,-0.1625068187713623,-0.07569678872823715,-0.04379996657371521,-0.07412196695804596,0.04609811678528786,-0.03349362686276436,0.046941593289375305,0.020788203924894333,-0.04498574137687683,-0.0607021264731884
mobley_3183805,train,0.43199366331100464,-0.19771093130111694,1.349505066871643,-0.008990392088890076,0.009236306883394718,0.5933241248130798,-1.2219434976577759,-1.4611008167266846,0.5211832523345947,-0.4440469741821289,0.3137146830558777,-0.9294238686561584,-0.10324311256408691,-0.19719892740249634,-1.1364175081253052,-0.791923999786377,0.00282248854637146,-0.5505744218826294,0.17682088911533356,-0.20427778363227844,0.43868717551231384,-0.11751821637153625,-1.030764102935791,-0.26742881536483765,0.047999296337366104,-0.021967880427837372,0.14994500577449799,-0.0009989324025809765,0.0010262563591822982,0.06592490524053574,-0.1357714980840683,-0.1623445302248001,0.057909250259399414,-0.049338553100824356,0.034857187420129776,-0.1032693162560463,-0.011471456848084927,-0.02191099151968956,-0.12626861035823822,-0.08799155801534653,0.0003136098384857178,-0.06117493659257889,0.019646765664219856,-0.022697530686855316,0.04874302074313164,-0.013057579286396503,-0.11452934145927429,-0.02971431240439415
mobley_9624458,train,0.6197148561477661,-0.325539231300354,0.887305498123169,0.3371168375015259,-0.07523253560066223,0.6009832620620728,-0.8095149993896484,-0.6843295097351074,0.2205943912267685,-0.2564367651939392,0.2643113136291504,-0.5143213272094727,-0.251068115234375,0.02486667037010193,-0.9263507127761841,-0.38703930377960205,-0.40158918499946594,-0.3266163468360901,0.17836353182792664,-0.28408288955688477,0.4082261323928833,0.25181254744529724,-0.1607152819633484,-0.41014644503593445,0.12394297122955322,-0.06510784476995468,0.17746110260486603,0.06742336601018906,-0.015046507120132446,0.12019665539264679,-0.1619029939174652,-0.13686589896678925,0.04411887750029564,-0.05128735303878784,0.0528622642159462,-0.10286426544189453,-0.05021362379193306,0.004973334260284901,-0.18527014553546906,-0.07740785926580429,-0.08031783998012543,-0.06532327085733414,0.03567270562052727,-0.05681657791137695,0.08164522796869278,0.05036250874400139,-0.03214305639266968,-0.08202929049730301
mobley_8207196,validation,0.009732425212860107,-0.5076287984848022,1.6982340812683105,1.3684718608856201,-0.24282971024513245,0.21211448311805725,-1.6957671642303467,-1.1640267372131348,1.0648293495178223,0.20488415658473969,-0.01613660901784897,-1.5147273540496826,0.8557589054107666,-1.0963083505630493,-1.5326824188232422,-0.3754487633705139,0.006165698170661926,-1.5342440605163574,0.9324995875358582,0.06457830965518951,0.007257319986820221,-0.1539774239063263,-1.351694107055664,-0.37009885907173157,0.0007486480753868818,-0.039048369973897934,0.1306333839893341,0.10526706278324127,-0.018679209053516388,0.016316499561071396,-0.13044363260269165,-0.0895405188202858,0.08190994709730148,0.01576031930744648,-0.0012412776704877615,-0.11651749163866043,0.06582760810852051,-0.08433140814304352,-0.11789865046739578,-0.02888067439198494,0.0004742844612337649,-0.11801877617835999,0.07173074036836624,0.004967562388628721,0.0005582553567364812,-0.011844417080283165,-0.10397647321224213,-0.028469143435359
mobley_5449201,train,0.5748121738433838,-0.22449296712875366,0.9717352390289307,0.23795318603515625,-0.03940456733107567,0.5694270730018616,-0.7613977193832397,-0.6169992685317993,0.1621234118938446,-0.3322161138057709,0.22035157680511475,-0.4338334798812866,-0.2715557813644409,-0.0494752861559391,-0.8769786357879639,-0.44357413053512573,-0.29562118649482727,-0.3052523732185364,0.148395836353302,-0.22227929532527924,0.3381141424179077,0.1749962866306305,-0.15013134479522705,-0.3721982538700104,0.11496243625879288,-0.04489859193563461,0.1943470537662506,0.04759063571691513,-0.007880913093686104,0.11388541758060455,-0.1522795408964157,-0.12339985370635986,0.0324246808886528,-0.06644321978092194,0.04407031461596489,-0.08676669746637344,-0.054311156272888184,-0.009895057417452335,-0.17539572715759277,-0.08871482312679291,-0.059124238789081573,-0.061050474643707275,0.02967916801571846,-0.04445585981011391,0.0676228255033493,0.03499925881624222,-0.03002626821398735,-0.0744396522641182
mobley_5890803,validation,0.38383448123931885,-0.26293838024139404,1.3009365797042847,0.7172795534133911,-0.09060099720954895,0.20001980662345886,-1.0462751388549805,-0.6036896705627441,0.49152904748916626,0.01868981122970581,0.11672687530517578,-0.6467576026916504,0.3581829071044922,-0.5448831915855408,-1.1807819604873657,-0.35419002175331116,-0.18261966109275818,-0.8114699125289917,0.638328492641449,-0.15388798713684082,0.14287663996219635,0.027153413742780685,-0.5466501116752625,-0.3207959532737732,0.047979310154914856,-0.032867297530174255,0.16261707246303558,0.08965994417667389,-0.011325124651193619,0.025002475827932358,-0.13078439235687256,-0.07546120882034302,0.06144113093614578,0.0023362264037132263,0.014590859413146973,-0.0808447003364563,0.04477286338806152,-0.0681103989481926,-0.14759774506092072,-0.044273752719163895,-0.022827457636594772,-0.10143373906612396,0.07979106158018112,-0.019235998392105103,0.017859579995274544,0.0033941767178475857,-0.0683312639594078,-0.04009949415922165
mobley_7176248,train,0.7622474431991577,-1.2297852039337158,3.651149272918701,2.1075165271759033,-0.5133931040763855,1.247385025024414,-2.929248809814453,-2.0223352909088135,1.718802809715271,-0.6231291890144348,0.5716110467910767,-2.4897797107696533,0.7079936265945435,-0.9538956880569458,-3.5484330654144287,-1.330487608909607,-0.7640225887298584,-2.0756351947784424,1.5212593078613281,-0.8485972881317139,0.6084568500518799,0.399160236120224,-1.779410481452942,-1.3119004964828491,0.03314119204878807,-0.05346892029047012,0.15874561667442322,0.09163115173578262,-0.022321438416838646,0.054234132170677185,-0.12735864520072937,-0.08792762458324432,0.07473056018352509,-0.027092574164271355,0.024852653965353966,-0.10825128853321075,0.03078233078122139,-0.04147372394800186,-0.1542796939611435,-0.0578472875058651,-0.033218372613191605,-0.09024500846862793,0.06614170968532562,-0.03689553588628769,0.02645464614033699,0.01735479198396206,-0.07736567407846451,-0.05703915283083916
mobley_2484519,train,0.3451659679412842,-0.18893341720104218,1.1169483661651611,0.032383665442466736,-0.016840826719999313,0.5066089630126953,-1.1170722246170044,-1.3131663799285889,0.4894212782382965,-0.32942458987236023,0.27664053440093994,-0.8216677904129028,-0.03903312608599663,-0.16718296706676483,-0.9825722575187683,-0.6635724306106567,-0.002197086811065674,-0.5261922478675842,0.1753900796175003,-0.1584240347146988,0.3845672309398651,-0.14600032567977905,-0.9733626842498779,-0.23705695569515228,0.04314574599266052,-0.023616677150130272,0.13961854577064514,0.004047958180308342,-0.002105103339999914,0.06332612037658691,-0.13963402807712555,-0.1641457974910736,0.061177659779787064,-0.04117807373404503,0.03458006680011749,-0.10270847380161285,-0.0048791407607495785,-0.020897870883345604,-0.12282153218984604,-0.08294655382633209,-0.00027463585138320923,-0.06577403098344803,0.021923759952187538,-0.01980300433933735,0.04807090386748314,-0.01825004070997238,-0.12167033553123474,-0.029632119461894035
mobley_9979854,train,0.181773841381073,0.01871640980243683,1.0038495063781738,0.4990488886833191,0.46631383895874023,0.2699725329875946,-0.9105823040008545,-0.4282206594944,0.13065758347511292,-0.020136117935180664,0.36981916427612305,-0.3198491036891937,0.047196149826049805,-0.03009122610092163,-0.8061560988426208,-0.38461610674858093,0.10056041926145554,-0.43001648783683777,0.4871496260166168,-0.09603804349899292,0.027458131313323975,-0.035701408982276917,-0.4596248269081116,-0.1696595996618271,0.025967691093683243,0.0026737728621810675,0.14340707659721375,0.0712926983833313,0.06661625951528549,0.03856750577688217,-0.13008318841457367,-0.06117438152432442,0.018665369600057602,-0.002876588376238942,0.05283131077885628,-0.04569273069500923,0.006742306984961033,-0.004298746585845947,-0.11516515910625458,-0.05494515970349312,0.01436577457934618,-0.061430927366018295,0.06959280371665955,-0.013719720765948296,0.003922590054571629,-0.005100201349705458,-0.06566069275140762,-0.02423708513379097
mobley_6911232,test,0.16859756410121918,-0.16047760844230652,0.6861048936843872,0.4032094478607178,-0.1510808914899826,0.10809843987226486,-0.47020113468170166,-0.37611186504364014,0.33195266127586365,-0.043121837079524994,0.006358452141284943,-0.3892363905906677,0.18236058950424194,-0.3475251793861389,-0.645482063293457,-0.2042391449213028,-0.16731512546539307,-0.4324270784854889,0.3663194477558136,-0.08703862130641937,0.1108904778957367,0.02210870012640953,-0.2698306739330292,-0.18262869119644165,0.042149391025304794,-0.04011940211057663,0.1715262234210968,0.10080236196517944,-0.03777022287249565,0.027024609968066216,-0.11755028367042542,-0.09402796626091003,0.08298816531896591,-0.010780459269881248,0.0015896130353212357,-0.09730909764766693,0.045590147376060486,-0.08688129484653473,-0.16137051582336426,-0.0510597862303257,-0.04182878136634827,-0.10810676962137222,0.0915798619389534,-0.021759655326604843,0.027722619473934174,0.005527175031602383,-0.0674576684832573,-0.04565717279911041
mobley_9729792,train,0.5233563184738159,-0.03448234871029854,1.1033751964569092,-0.16706839203834534,0.3594513535499573,0.475975900888443,-1.282763123512268,-1.2613575458526611,0.1272622048854828,-0.24202853441238403,0.38305166363716125,-0.932637095451355,0.2208690047264099,0.09752849489450455,-0.7906510233879089,-0.7131999731063843,0.14251962304115295,-0.3899628221988678,0.12237829715013504,0.13706566393375397,0.2738663852214813,-0.1641092598438263,-0.7539916038513184,-0.017415151000022888,0.07476519048213959,-0.004926049616187811,0.15762503445148468,-0.023866912350058556,0.051350194960832596,0.0679965540766716,-0.18325187265872955,-0.1801939308643341,0.01818031445145607,-0.03457550331950188,0.054721664637327194,-0.13323387503623962,0.03155271336436272,0.01393264252692461,-0.1129501461982727,-0.10188571363687515,0.0203599464148283,-0.05570897459983826,0.017482614144682884,0.019580809399485588,0.0391237698495388,-0.023444179445505142,-0.10771308839321136,-0.002487878780812025
mobley_7066554,train,0.06456316262483597,-0.1340884566307068,1.008102297782898,0.20133176445960999,-0.0297770407050848,0.14021103084087372,-1.0325783491134644,-1.1704578399658203,0.6365551948547363,-0.06341823190450668,0.15763415396213531,-0.7928682565689087,0.33638623356819153,-0.4295443296432495,-0.8553528785705566,-0.4735177457332611,0.15598464012145996,-0.7047446370124817,0.4051159620285034,-0.06995326280593872,0.20989719033241272,-0.2809527814388275,-1.1449716091156006,-0.07861923426389694,0.008070395328104496,-0.01676105707883835,0.12601278722286224,0.025166470557451248,-0.0037221300881356,0.017526378855109215,-0.12907229363918304,-0.14630722999572754,0.07956939935684204,-0.007927278988063335,0.019704269245266914,-0.09910853207111359,0.04204827919602394,-0.05369304120540619,-0.10691910982131958,-0.05918971821665764,0.019498080015182495,-0.08809307962656021,0.05063949525356293,-0.00874415785074234,0.02623714879155159,-0.03511909767985344,-0.14312145113945007,-0.009827404282987118
mobley_5852491,test,0.5716344118118286,-0.23811942338943481,1.1030603647232056,0.1900472640991211,-0.07337774336338043,0.6444836854934692,-0.9076929092407227,-0.9285308122634888,0.2273804247379303,-0.37082839012145996,0.3937658667564392,-0.7178699970245361,-0.13235445320606232,0.13433220982551575,-0.9060121774673462,-0.5782029628753662,-0.21001264452934265,-0.35790276527404785,0.08273422718048096,-0.12734445929527283,0.49489647150039673,0.0753968209028244,-0.306855708360672,-0.2994818091392517,0.09527239948511124,-0.039686571806669235,0.18384338915348053,0.031674545258283615,-0.012229624204337597,0.10741394758224487,-0.1512821465730667,-0.1547551304101944,0.037896737456321716,-0.06180473044514656,0.06562764197587967,-0.11964499950408936,-0.02205907553434372,0.022388702258467674,-0.15100203454494476,-0.09636715799570084,-0.03500210866332054,-0.05965046212077141,0.013789038173854351,-0.02122407592833042,0.08248274773359299,0.012566137127578259,-0.051142618060112,-0.04991363361477852
mobley_7298388,train,0.017982393503189087,-0.40371984243392944,1.3692299127578735,0.6596226692199707,-0.2974671423435211,0.21750366687774658,-1.1435496807098389,-1.0224615335464478,0.8871738314628601,-0.19083374738693237,0.10233409702777863,-1.1049644947052002,0.6273154020309448,-0.6771036982536316,-1.2851566076278687,-0.5109608173370361,-0.010977273806929588,-0.9926310777664185,0.6179344654083252,-0.22140589356422424,0.17836543917655945,-0.10043813288211823,-1.1964832544326782,-0.32031071186065674,0.00179823930375278,-0.040371984243392944,0.13692298531532288,0.06596226990222931,-0.02974671497941017,0.02175036631524563,-0.11435496807098389,-0.10224615037441254,0.08871738612651825,-0.019083375111222267,0.010233409702777863,-0.11049644649028778,0.0627315416932106,-0.06771036982536316,-0.12851566076278687,-0.05109608173370361,-0.00109772733412683,-0.09926310926675797,0.06179344654083252,-0.022140588611364365,0.017836544662714005,-0.010043812915682793,-0.11964832246303558,-0.032031070441007614
mobley_8789465,train,-0.059482134878635406,-0.09157668054103851,1.0169005393981934,0.18686874210834503,-0.014156527817249298,0.05832783505320549,-1.009295105934143,-1.1126935482025146,0.6897881031036377,0.0024885907769203186,0.11669667065143585,-0.777157723903656,0.47283291816711426,-0.5260552167892456,-0.7985457181930542,-0.43025365471839905,0.23279298841953278,-0.7438769936561584,0.4383361339569092,-0.01885063201189041,0.11674009263515472,-0.3258877396583557,-1.2132925987243652,-0.029809564352035522,-0.007435266859829426,-0.011447085067629814,0.12711256742477417,0.02335859276354313,-0.0017695659771561623,0.007290979381650686,-0.12616188824176788,-0.13908669352531433,0.08622351288795471,0.0003110738471150398,0.014587083831429482,-0.097144715487957,0.05910411477088928,-0.0657569020986557,-0.09981821477413177,-0.05378170683979988,0.029099123552441597,-0.0929846242070198,0.05479201674461365,-0.0023563290014863014,0.01459251157939434,-0.040735967457294464,-0.15166157484054565,-0.0037261955440044403
mobley_1036761,train,0.46313372254371643,-0.2984974682331085,1.2189738750457764,0.4370689392089844,-0.13129854202270508,0.5784302949905396,-1.0499763488769531,-1.0302846431732178,0.3797217309474945,-0.2509971857070923,0.3566684126853943,-0.9177489280700684,0.06046254187822342,-0.043598949909210205,-1.0030211210250854,-0.5724478363990784,-0.19361092150211334,-0.5913629531860352,0.24652881920337677,-0.05221019685268402,0.4542563557624817,0.01451621949672699,-0.45747601985931396,-0.28621190786361694,0.06616196036338806,-0.0426424965262413,0.1741391271352768,0.062438420951366425,-0.018756935372948647,0.08263289928436279,-0.14999662339687347,-0.14718352258205414,0.0542459599673748,-0.03585674241185188,0.05095263198018074,-0.13110698759555817,0.0086375055834651,-0.006228421349078417,-0.1432887315750122,-0.08177826553583145,-0.027658702805638313,-0.084480419754982,0.03521840274333954,-0.007458599749952555,0.06489376723766327,0.002073745708912611,-0.06535371392965317,-0.040887415409088135
mobley_3370989,test,0.3304656147956848,-0.1315971463918686,0.714043140411377,0.1929522007703781,0.1852310597896576,0.4303774833679199,-0.6164752244949341,-0.4198024272918701,0.08249051868915558,-0.21162183582782745,0.26015061140060425,-0.3127523958683014,-0.21123158931732178,0.1559334695339203,-0.6374845504760742,-0.35950857400894165,-0.1320398449897766,-0.1638735830783844,0.1673978567123413,-0.161708265542984,0.18680956959724426,0.13423863053321838,-0.127855122089386,-0.26715555787086487,0.0826164036989212,-0.03289928659796715,0.17851078510284424,0.04823805019259453,0.0463077649474144,0.10759437084197998,-0.15411880612373352,-0.10495060682296753,0.020622629672288895,-0.05290545895695686,0.06503765285015106,-0.07818809896707535,-0.052807897329330444,0.03898336738348007,-0.15937113761901855,-0.08987714350223541,-0.03300996124744415,-0.0409683957695961,0.04184946417808533,-0.040427066385746,0.046702392399311066,0.033559657633304596,-0.0319637805223465,-0.06678888946771622
mobley_9185328,test,0.25495773553848267,-0.20461463928222656,0.708284854888916,0.40068066120147705,-0.07134784013032913,0.2749898135662079,-0.5913245677947998,-0.4382801353931427,0.24242308735847473,-0.09060768783092499,0.06424599140882492,-0.43129774928092957,0.0008233338594436646,-0.24753247201442719,-0.6525464057922363,-0.24712371826171875,-0.17802037298679352,-0.41426530480384827,0.2670575678348541,-0.08408565074205399,0.1483432948589325,0.08272748440504074,-0.21716713905334473,-0.235628142952919,0.06373943388462067,-0.05115365982055664,0.177071213722229,0.10017016530036926,-0.017836960032582283,0.06874745339155197,-0.14783114194869995,-0.10957003384828568,0.06060577183961868,-0.022651921957731247,0.01606149785220623,-0.10782443732023239,0.00020583346486091614,-0.061883118003606796,-0.16313660144805908,-0.06178092956542969,-0.04450509324669838,-0.10356632620096207,0.06676439195871353,-0.021021412685513496,0.037085823714733124,0.020681871101260185,-0.05429178476333618,-0.05890703573822975
mobley_7417968,validation,0.23036053776741028,-0.2842054069042206,1.4080541133880615,0.987576961517334,-0.21679387986660004,-0.00861559808254242,-1.0823169946670532,-0.6010962128639221,0.7116750478744507,0.1792464703321457,0.008435962721705437,-0.7531688213348389,0.6723735332489014,-0.8342174291610718,-1.304219365119934,-0.30232274532318115,-0.18544858694076538,-1.05403733253479,0.903917133808136,-0.1161196231842041,0.04786568135023117,-0.06765062361955643,-0.7156000137329102,-0.29135334491729736,0.025595614686608315,-0.03157837688922882,0.15645045042037964,0.10973077267408371,-0.024088209494948387,-0.0009572886629030108,-0.12025744467973709,-0.06678846478462219,0.07907500863075256,0.019916273653507233,0.000937329197768122,-0.08368542790412903,0.07470817118883133,-0.09269082546234131,-0.14491325616836548,-0.033591415733098984,-0.02060539834201336,-0.11711525917053223,0.10043523460626602,-0.012902180664241314,0.005318408831954002,-0.007516736164689064,-0.0795111134648323,-0.03237259387969971
mobley_8467917,train,0.8739809393882751,-0.38686490058898926,1.4164183139801025,0.23935240507125854,-0.06227945163846016,0.9152793288230896,-1.1038260459899902,-0.9866529703140259,0.23769527673721313,-0.5564662218093872,0.3751564919948578,-0.7307880520820618,-0.454839825630188,0.0484202541410923,-1.3134799003601074,-0.7101587653160095,-0.5208299160003662,-0.3316316604614258,0.15166455507278442,-0.3917720317840576,0.559537410736084,0.3260864019393921,-0.24152688682079315,-0.5774735808372498,0.1248544231057167,-0.05526641383767128,0.20234547555446625,0.03419319912791252,-0.008897064253687859,0.13075418770313263,-0.1576894372701645,-0.14095042645931244,0.03395646810531616,-0.07949517667293549,0.05359378457069397,-0.10439829528331757,-0.06497711688280106,0.006917179096490145,-0.187639981508255,-0.10145125538110733,-0.074404276907444,-0.04737595096230507,0.02166636474430561,-0.055967431515455246,0.07993391901254654,0.04658377170562744,-0.034503839910030365,-0.08249622583389282
mobley_5063386,train,-0.25327906012535095,-0.34036344289779663,1.2622179985046387,0.8494877815246582,-0.3199924826622009,-0.1343289613723755,-1.0722140073776245,-0.8464216589927673,1.014560341835022,0.07783627510070801,-0.020885813981294632,-1.0394304990768433,0.9963639378547668,-0.9379905462265015,-1.1552544832229614,-0.3157601058483124,0.135453462600708,-1.18045175075531,0.8519851565361023,-0.11752057075500488,-0.006654985249042511,-0.24902312457561493,-1.3471286296844482,-0.1777265965938568,-0.025327906012535095,-0.03403634577989578,0.12622180581092834,0.08494877815246582,-0.03199924901127815,-0.013432895764708519,-0.10722140222787857,-0.08464216440916061,0.10145603120326996,0.007783627603203058,-0.002088581444695592,-0.10394304990768433,0.09963639080524445,-0.09379905462265015,-0.11552544683218002,-0.0315760113298893,0.013545346446335316,-0.11804517358541489,0.08519851416349411,-0.011752056889235973,-0.0006654985481873155,-0.024902312085032463,-0.13471285998821259,-0.01777265965938568
mobley_4792268,train,0.27975738048553467,-0.1975647211074829,1.102396011352539,0.6264449954032898,-0.014628119766712189,0.08523176610469818,-0.9333074688911438,-0.4836632013320923,0.422299861907959,0.11633720993995667,0.10265356302261353,-0.5132730603218079,0.3926059901714325,-0.5152251720428467,-0.9597219824790955,-0.2566962242126465,-0.06438446044921875,-0.7570486068725586,0.6099598407745361,-0.09653207659721375,0.07288727164268494,-0.022182859480381012,-0.534378170967102,-0.21245545148849487,0.03996533900499344,-0.02822353132069111,0.15748514235019684,0.08949214220046997,-0.0020897313952445984,0.0121759669855237,-0.13332964479923248,-0.06909473985433578,0.06032855063676834,0.016619602218270302,0.014664794318377972,-0.07332472503185272,0.056086570024490356,-0.07360359281301498,-0.1371031403541565,-0.03667088970541954,-0.009197779931128025,-0.10814980417490005,0.0871371179819107,-0.013790296390652657,0.010412467643618584,-0.0031689798925071955,-0.0763397365808487,-0.030350778251886368
mobley_2457863,train,-0.12595799565315247,-0.09252169728279114,1.1414238214492798,0.42976832389831543,-0.12118774652481079,-0.1068045049905777,-1.039075493812561,-1.0808683633804321,0.8028035163879395,0.06669632345438004,0.02911212667822838,-0.8283960223197937,0.6637170314788818,-0.7500752210617065,-0.9210802316665649,-0.40567827224731445,0.2280726134777069,-0.9256346821784973,0.648380696773529,0.0035564005374908447,0.06796903908252716,-0.40923503041267395,-1.2995388507843018,-0.027982421219348907,-0.013995332643389702,-0.010280188173055649,0.12682487070560455,0.04775203764438629,-0.013465304858982563,-0.011867167428135872,-0.1154528334736824,-0.12009648233652115,0.08920039236545563,0.007410702761262655,0.0032346807420253754,-0.09204400330781937,0.07374633848667145,-0.08334168791770935,-0.10234224796295166,-0.04507536441087723,0.025341400876641273,-0.10284829884767532,0.0720423012971878,0.0003951556282117963,0.007552115246653557,-0.04547055810689926,-0.1443932056427002,-0.003109158016741276
mobley_7769613,train,0.5175570249557495,-0.18785665929317474,0.9034534692764282,0.2522030174732208,0.06766054779291153,0.5408247113227844,-0.8087661862373352,-0.5635539293289185,0.10866893827915192,-0.2862217128276825,0.2434980422258377,-0.35062092542648315,-0.17337831854820251,-0.01392267644405365,-0.8155376315116882,-0.41450807452201843,-0.1911248415708542,-0.30032023787498474,0.1580255776643753,-0.16871297359466553,0.2852175235748291,0.18229752779006958,-0.18987932801246643,-0.33383697271347046,0.10351140797138214,-0.03757133334875107,0.1806906908750534,0.050440602004528046,0.013532109558582306,0.108164943754673,-0.16175323724746704,-0.11271078884601593,0.021733786910772324,-0.05724434182047844,0.04869960993528366,-0.07012418657541275,-0.03467566519975662,-0.00278453528881073,-0.16310752928256989,-0.08290161192417145,-0.0382249690592289,-0.06006404757499695,0.03160511702299118,-0.033742595463991165,0.05704350396990776,0.036459505558013916,-0.037975866347551346,-0.06676739454269409
mobley_7393673,train,-0.1003803163766861,-0.11393790692090988,1.5042866468429565,0.7049800753593445,-0.07636639475822449,-0.19982624053955078,-1.3815207481384277,-1.1420894861221313,0.9581155180931091,0.2002253234386444,0.010961325839161873,-1.0239509344100952,1.0139336585998535,-1.024852991104126,-1.2764177322387695,-0.4492506682872772,0.30514538288116455,-1.2407914400100708,0.923134982585907,0.04322560876607895,-0.041473954916000366,-0.46107304096221924,-1.5771799087524414,-0.05682236701250076,-0.0083650266751647,-0.009494825266301632,0.1253572255373001,0.058748338371515274,-0.00636386638507247,-0.016652187332510948,-0.11512672901153564,-0.09517412632703781,0.0798429623246193,0.016685442999005318,0.0009134438005276024,-0.08532924205064774,0.08449447154998779,-0.0854044184088707,-0.10636814683675766,-0.037437554448843,0.025428781285881996,-0.10339928418397903,0.07692791521549225,0.0036021340638399124,-0.0034561629872769117,-0.03842275217175484,-0.13143165409564972,-0.004735197406262159
mobley_778352,test,0.6330844163894653,-0.312180757522583,1.0421221256256104,0.13078129291534424,-0.04683920741081238,0.6745573282241821,-0.7971210479736328,-0.7518256902694702,0.1886439025402069,-0.42196959257125854,0.278282105922699,-0.5691856741905212,-0.3305886685848236,0.04663075506687164,-0.955903172492981,-0.5221113562583923,-0.3876360058784485,-0.22386611998081207,0.11005100607872009,-0.2992958724498749,0.4291953444480896,0.2641734480857849,-0.18890371918678284,-0.42403560876846313,0.12661688029766083,-0.06243615224957466,0.2084244191646576,0.026156257838010788,-0.00936784129589796,0.1349114626646042,-0.15942421555519104,-0.15036514401435852,0.03772877901792526,-0.08439391851425171,0.055656421929597855,-0.11383713781833649,-0.06611773371696472,0.009326150640845299,-0.19118063151836395,-0.10442227125167847,-0.07752720266580582,-0.044773224741220474,0.02201020158827305,-0.059859175235033035,0.08583907037973404,0.05283468961715698,-0.03778074309229851,-0.08480712026357651
mobley_8558116,train,0.20743080973625183,-0.32532697916030884,1.1354258060455322,0.6727489233016968,-0.3535405695438385,0.22676250338554382,-0.8280078172683716,-0.7754170894622803,0.6263327598571777,-0.045024797320365906,0.17287370562553406,-0.9940680265426636,0.5261682271957397,-0.37084701657295227,-1.0021227598190308,-0.39446327090263367,-0.21704187989234924,-0.7420554161071777,0.42958855628967285,-0.043767690658569336,0.2953265905380249,-0.012462567538022995,-0.51142817735672,-0.23358577489852905,0.029632972553372383,-0.046475283801555634,0.16220368444919586,0.09610699117183685,-0.05050579458475113,0.0323946438729763,-0.11828683316707611,-0.11077386885881424,0.08947610855102539,-0.006432113703340292,0.024696243926882744,-0.14200972020626068,0.07516688853502274,-0.05297814682126045,-0.1431603878736496,-0.05635189637541771,-0.03100598230957985,-0.10600791871547699,0.061369795352220535,-0.0062525272369384766,0.04218951240181923,-0.0017803667578846216,-0.07306116819381714,-0.03336939588189125
mobley_4883284,train,-0.008050456643104553,-0.11057117581367493,0.8936489820480347,0.15835368633270264,-0.005715379025787115,0.18636317551136017,-0.9336825013160706,-1.0596181154251099,0.512109100818634,-0.12828662991523743,0.1014113649725914,-0.7396097183227539,0.2252482920885086,-0.39285939931869507,-0.719521701335907,-0.4669117331504822,0.18532146513462067,-0.6155450940132141,0.27409759163856506,0.006304852664470673,0.1564246118068695,-0.2784542143344879,-1.027198076248169,-0.088065966963768,-0.0011500652180984616,-0.015795882791280746,0.12766413390636444,0.02262195572257042,-0.0008164827013388276,0.026623310521245003,-0.13338321447372437,-0.15137401223182678,0.07315844297409058,-0.018326660618185997,0.01448733825236559,-0.10565853118896484,0.032178327441215515,-0.05612277239561081,-0.10278881341218948,-0.06670167297124863,0.026474494487047195,-0.08793501555919647,0.039156798273324966,0.0009006932377815247,0.0223463736474514,-0.0397791750729084,-0.146742582321167,-0.012580852024257183
mobley_7463799,train,0.3214717507362366,-0.18628978729248047,1.4648969173431396,0.25970375537872314,-0.07321786880493164,0.4292997121810913,-1.3357428312301636,-1.4175243377685547,0.6682561039924622,-0.2565139830112457,0.23981520533561707,-0.9231306910514832,0.15352101624011993,-0.45083215832710266,-1.2249469757080078,-0.7396212816238403,0.017799902707338333,-0.8099040985107422,0.4438440203666687,-0.13453951478004456,0.3313836455345154,-0.25366926193237305,-1.178977370262146,-0.24670787155628204,0.03214717656373978,-0.018628979101777077,0.1464896947145462,0.025970375165343285,-0.007321787066757679,0.04292996972799301,-0.13357427716255188,-0.1417524367570877,0.06682561337947845,-0.025651399046182632,0.023981520906090736,-0.09231306612491608,0.015352101996541023,-0.045083217322826385,-0.12249469757080078,-0.07396212965250015,0.0017799902707338333,-0.08099041134119034,0.04438440129160881,-0.013453951105475426,0.03313836455345154,-0.025366926565766335,-0.11789773404598236,-0.024670787155628204
mobley_9565165,train,0.30333977937698364,-0.09704867005348206,1.6919499635696411,-0.2511214315891266,0.05143953859806061,0.6074880957603455,-1.7582423686981201,-2.262059450149536,0.8033398389816284,-0.5020343065261841,0.41333118081092834,-1.342038631439209,0.13157805800437927,-0.2941575348377228,-1.2997550964355469,-1.1378906965255737,0.3078983426094055,-0.8109298348426819,0.2032756209373474,-0.07929249852895737,0.4811737537384033,-0.5397271513938904,-1.9309736490249634,-0.13883960247039795,0.023333828896284103,-0.007465282455086708,0.1301499903202057,-0.019317032769322395,0.0039568874053657055,0.04672985523939133,-0.13524940609931946,-0.17400456964969635,0.061795372515916824,-0.038618024438619614,0.031794704496860504,-0.10323373973369598,0.010121389292180538,-0.02262750267982483,-0.0999811589717865,-0.08753005415201187,0.023684488609433174,-0.06237921863794327,0.015636585652828217,-0.006099422927945852,0.03701336681842804,-0.041517473757267,-0.14853642880916595,-0.010679969564080238
mobley_2577969,test,0.31662651896476746,-0.12269803881645203,2.049696683883667,-0.4080006778240204,0.09502889215946198,0.7154040932655334,-2.2325499057769775,-2.945852279663086,1.027330756187439,-0.5982565879821777,0.47768640518188477,-1.6703013181686401,0.1308707892894745,-0.431873083114624,-1.5836522579193115,-1.4723453521728516,0.40725085139274597,-0.9896825551986694,0.23445025086402893,-0.10173383355140686,0.5517845153808594,-0.7407246232032776,-2.5484652519226074,-0.1601947844028473,0.019789157435297966,-0.007668627426028252,0.1281060427427292,-0.025500042364001274,0.0059393057599663734,0.04471275582909584,-0.1395343691110611,-0.18411576747894287,0.06420817226171494,-0.03739103674888611,0.029855400323867798,-0.10439383238554001,0.008179424330592155,-0.026992067694664,-0.09897826611995697,-0.09202158451080322,0.025453178212046623,-0.06185515969991684,0.014653140679001808,-0.006358364596962929,0.03448653221130371,-0.04629528895020485,-0.15927907824516296,-0.010012174025177956
mobley_2929847,test,0.2766695022583008,-0.1861841380596161,1.0981007814407349,0.6251348257064819,0.015910184010863304,0.08093957602977753,-0.9449102282524109,-0.4661827087402344,0.39938777685165405,0.12540706992149353,0.1088918000459671,-0.4852144122123718,0.3879300057888031,-0.503661572933197,-0.9439435005187988,-0.2487584948539734,-0.036653369665145874,-0.7528685331344604,0.6036244630813599,-0.0880035012960434,0.06832559406757355,-0.02784997969865799,-0.532524824142456,-0.20503857731819153,0.03952421620488167,-0.026597734540700912,0.15687154233455658,0.08930497616529465,0.002272883430123329,0.01156279630959034,-0.13498717546463013,-0.06659752875566483,0.05705539509654045,0.01791529543697834,0.015555971302092075,-0.06931634247303009,0.05541857331991196,-0.07195165008306503,-0.13484907150268555,-0.03553692623972893,-0.005236195866018534,-0.10755264759063721,0.08623206615447998,-0.012571929022669792,0.009760798886418343,-0.003978568594902754,-0.07607497274875641,-0.029291225597262383
mobley_7794077,train,-0.5416356325149536,0.3984621465206146,1.0378410816192627,0.9552078247070312,0.8805648684501648,-0.5466846823692322,-1.6141741275787354,-0.022505685687065125,0.3956499695777893,0.8762710094451904,-0.008026104420423508,-0.1786360740661621,1.3659424781799316,-0.860523521900177,-0.6113027334213257,0.11943307518959045,1.2098760604858398,-1.3018244504928589,1.0394158363342285,0.61627197265625,-0.8649465441703796,-0.7390604019165039,-1.4771177768707275,0.2774913012981415,-0.04513630270957947,0.03320517763495445,0.08648675680160522,0.07960065454244614,0.07338040322065353,-0.04555705562233925,-0.13451451063156128,-0.0018754737684503198,0.03297083079814911,0.07302258163690567,-0.0006688420544378459,-0.014886339195072651,0.11382853984832764,-0.07171029597520828,-0.05094189569354057,0.009952756576240063,0.10082300752401352,-0.10848537087440491,0.08661798387765884,0.0513559989631176,-0.0720788761973381,-0.06158836558461189,-0.1230931505560875,0.023124275729060173
mobley_3968043,test,0.26452186703681946,-0.10568162798881531,0.912360429763794,0.3156244456768036,0.012127099558711052,0.22496981918811798,-0.835402250289917,-0.6533383131027222,0.2864568829536438,-0.0190575048327446,0.24698284268379211,-0.6060304641723633,0.33948826789855957,-0.14186637103557587,-0.7009248733520508,-0.3601264953613281,0.06279684603214264,-0.5450124740600586,0.2985957860946655,0.0507948100566864,0.19568665325641632,-0.11211729794740677,-0.49402883648872375,-0.0798291265964508,0.04408697783946991,-0.01761360466480255,0.15206007659435272,0.0526040755212307,0.0020211832597851753,0.0374949686229229,-0.13923370838165283,-0.10888972133398056,0.0477428138256073,-0.0031762507278472185,0.04116380587220192,-0.10100507736206055,0.05658137798309326,-0.023644395172595978,-0.1168208122253418,-0.06002108380198479,0.010466140694916248,-0.09083541482686996,0.04976596310734749,0.008465801365673542,0.03261444345116615,-0.018686216324567795,-0.08233813941478729,-0.01330485474318266
mobley_2099370,validation,0.015549004077911377,0.18497642874717712,2.1339662075042725,0.45632481575012207,0.49085143208503723,-0.15219992399215698,-2.429704427719116,-1.945137858390808,0.9737732410430908,0.2529489994049072,0.300688773393631,-1.206864595413208,1.1780844926834106,-1.149133324623108,-1.612053632736206,-0.87645423412323,1.0140039920806885,-1.6592942476272583,0.9825732707977295,0.23067978024482727,-0.09620552510023117,-0.9582710862159729,-2.6557841300964355,0.11541993916034698,0.000818368629552424,0.00973560195416212,0.11231400817632675,0.0240170955657959,0.025834286585450172,-0.008010522462427616,-0.12787918746471405,-0.10237567871809006,0.05125122144818306,0.013313105329871178,0.015825724229216576,-0.063519187271595,0.0620044469833374,-0.06048070266842842,-0.0848449245095253,-0.046129170805215836,0.05336863175034523,-0.08733127266168594,0.05171438306570053,0.012141041457653046,-0.005063448566943407,-0.05043531954288483,-0.13977810740470886,0.006074733566492796
mobley_5286200,train,0.7460344433784485,-0.3704725503921509,1.0842323303222656,0.38815271854400635,-0.08387256413698196,0.7313895225524902,-0.9717282056808472,-0.8080899715423584,0.2451682686805725,-0.3256112337112427,0.3187159299850464,-0.5923287272453308,-0.32344841957092285,0.03205883502960205,-1.1046116352081299,-0.4828692674636841,-0.4718243479728699,-0.38056498765945435,0.20132941007614136,-0.3334158658981323,0.4784941077232361,0.28480443358421326,-0.18558982014656067,-0.49250173568725586,0.12433907389640808,-0.06174542382359505,0.18070538341999054,0.06469211727380753,-0.013978760689496994,0.12189825624227524,-0.16195470094680786,-0.13468165695667267,0.040861379355192184,-0.05426853895187378,0.053119320422410965,-0.0987214520573616,-0.05390806868672371,0.005343139171600342,-0.18410193920135498,-0.08047821372747421,-0.07863739132881165,-0.06342750042676926,0.03355490043759346,-0.05556930974125862,0.07974901795387268,0.04746740683913231,-0.030931636691093445,-0.08208362013101578
mobley_2183616,train,0.4801693558692932,-0.058490123599767685,1.3762143850326538,0.05497448891401291,0.13797223567962646,0.5152063965797424,-1.3294909000396729,-1.412087082862854,0.375071257352829,-0.3820549547672272,0.3855981230735779,-0.7572361826896667,-0.104849673807621,-0.20565146207809448,-1.126244068145752,-0.804643988609314,0.1306488811969757,-0.5932724475860596,0.18178227543830872,-0.14993084967136383,0.4082634150981903,-0.23380155861377716,-1.0744609832763672,-0.2478354424238205,0.04801693558692932,-0.005849012173712254,0.1376214325428009,0.005497449077665806,0.013797223567962646,0.051520638167858124,-0.1329490840435028,-0.1412087082862854,0.03750712424516678,-0.03820549696683884,0.03855981305241585,-0.07572361826896667,-0.0104849673807621,-0.020565146580338478,-0.1126244068145752,-0.08046440035104752,0.013064888305962086,-0.05932724475860596,0.01817822828888893,-0.014993084594607353,0.04082634299993515,-0.023380156606435776,-0.1074460968375206,-0.02478354424238205
mobley_2005792,train,0.14749369025230408,-0.005610493011772633,1.4752799272537231,-0.23639732599258423,0.11950687319040298,0.442080557346344,-1.5971226692199707,-1.975846767425537,0.7233460545539856,-0.3805241584777832,0.30267223715782166,-1.1069222688674927,0.20346809923648834,-0.40246301889419556,-1.1042120456695557,-0.976311206817627,0.45407426357269287,-0.8008668422698975,0.21939396858215332,0.011620193719863892,0.3241182565689087,-0.5921245217323303,-1.8525627851486206,-0.06549011170864105,0.012291140854358673,-0.00046754107461310923,0.12293999642133713,-0.01969977654516697,0.009958906099200249,0.0368400476872921,-0.13309355080127716,-0.16465389728546143,0.06027883663773537,-0.031710345298051834,0.025222687050700188,-0.09224352240562439,0.016955675557255745,-0.0335385836660862,-0.09201767295598984,-0.08135926723480225,0.03783952072262764,-0.06673890352249146,0.018282830715179443,0.0009683494572527707,0.027009854093194008,-0.04934370890259743,-0.15438023209571838,-0.005457509309053421
mobley_4762983,validation,0.8748918771743774,-0.38393619656562805,1.4140772819519043,0.25256821513175964,-0.06339968740940094,0.915489137172699,-1.1203079223632812,-0.973260760307312,0.22202369570732117,-0.5500960946083069,0.3703807294368744,-0.7010865807533264,-0.46080899238586426,0.04481647536158562,-1.3040432929992676,-0.7030488848686218,-0.5153161883354187,-0.3461056649684906,0.15158268809318542,-0.3795204162597656,0.5476678013801575,0.3113171458244324,-0.2279709130525589,-0.5857157707214355,0.12498455494642258,-0.05484802648425102,0.20201103389263153,0.03608117252588272,-0.00905709806829691,0.13078416883945465,-0.16004398465156555,-0.13903725147247314,0.03171766921877861,-0.07858515530824661,0.052911531180143356,-0.10015522688627243,-0.06582985818386078,0.006402353756129742,-0.18629190325737,-0.10043555498123169,-0.07361660152673721,-0.04944366589188576,0.02165466919541359,-0.054217200726270676,0.07823825627565384,0.04447387903928757,-0.03256727382540703,-0.08367367833852768
mobley_7774695,train,0.13535943627357483,-0.2116333544254303,1.1192604303359985,0.2150544971227646,-0.09887783229351044,0.3430534601211548,-1.0540636777877808,-1.2133146524429321,0.6028636693954468,-0.24308903515338898,0.13674457371234894,-0.9148647785186768,0.16978923976421356,-0.4060926139354706,-0.9574205279350281,-0.588364839553833,0.04440351575613022,-0.6720679998397827,0.297577440738678,-0.08106134086847305,0.2501431405544281,-0.20006318390369415,-1.0395536422729492,-0.20890557765960693,0.016919929534196854,-0.026454169303178787,0.13990755379199982,0.026881812140345573,-0.012359729036688805,0.04288168251514435,-0.1317579597234726,-0.15166433155536652,0.07535795867443085,-0.030386129394173622,0.017093071714043617,-0.1143580973148346,0.021223654970526695,-0.05076157674193382,-0.11967756599187851,-0.07354560494422913,0.005550439469516277,-0.08400849997997284,0.03719718009233475,-0.010132667608559132,0.03126789256930351,-0.02500789798796177,-0.12994420528411865,-0.026113197207450867
mobley_6334915,validation,0.050293684005737305,-0.27315831184387207,1.5382981300354004,1.507961392402649,-0.10875149071216583,-0.2311200499534607,-1.373292326927185,-0.6384774446487427,0.9192952513694763,0.5520535111427307,0.06267529726028442,-0.8841031789779663,1.0901298522949219,-1.141185998916626,-1.5236482620239258,-0.1230580285191536,-0.10785892605781555,-1.4525920152664185,1.359972596168518,-0.10542846471071243,-0.0682925283908844,-0.19258376955986023,-1.069185733795166,-0.17652949690818787,0.004191140178591013,-0.022763192653656006,0.1281915158033371,0.12566344439983368,-0.009062624536454678,-0.01926000416278839,-0.11444102972745895,-0.05320645496249199,0.07660793513059616,0.046004459261894226,0.005222941283136606,-0.07367526739835739,0.09084415435791016,-0.0950988307595253,-0.12697069346904755,-0.010254835709929466,-0.008988243527710438,-0.12104933708906174,0.11333104968070984,-0.008785705082118511,-0.0056910440325737,-0.016048647463321686,-0.08909881114959717,-0.014710791409015656
mobley_3589456,train,0.23713159561157227,-0.3383508622646332,1.4337633848190308,1.1286780834197998,-0.3426229953765869,0.06752695888280869,-1.0973882675170898,-0.7168088555335999,0.8160278797149658,0.14908401668071747,-0.0193401500582695,-0.7855124473571777,0.6035407781600952,-0.8551120162010193,-1.4070624113082886,-0.3250020146369934,-0.32167285680770874,-1.0849183797836304,0.9701717495918274,-0.14246435463428497,0.12519492208957672,-0.08089778572320938,-0.688654899597168,-0.3567434549331665,0.02634795568883419,-0.037594541907310486,0.15930704772472382,0.12540867924690247,-0.0380692221224308,0.007502995431423187,-0.1219320297241211,-0.07964542508125305,0.09066976606845856,0.01656489074230194,-0.002148905536159873,-0.08727916330099106,0.06706008315086365,-0.09501244872808456,-0.15634027123451233,-0.03611133620142937,-0.03574142977595329,-0.12054648995399475,0.10779686272144318,-0.01582937315106392,0.013910546898841858,-0.008988643065094948,-0.07651720941066742,-0.03963816165924072
mobley_3682850,train,0.35437822341918945,-0.14580123126506805,1.095402717590332,0.3457747995853424,-0.008080171421170235,0.33004117012023926,-0.9836483001708984,-0.8149212598800659,0.3304872214794159,-0.08126364648342133,0.3136519193649292,-0.7358574271202087,0.3276950716972351,-0.1195155531167984,-0.8494114875793457,-0.45842888951301575,0.028481917455792427,-0.6078478097915649,0.31252321600914,0.03461199253797531,0.279908686876297,-0.1041565015912056,-0.5498330593109131,-0.12521237134933472,0.05062546208500862,-0.020828748121857643,0.15648610889911652,0.04939639940857887,-0.001154310186393559,0.04714873805642128,-0.14052118360996246,-0.11641732603311539,0.04721245914697647,-0.011609092354774475,0.04480741545557976,-0.10512249171733856,0.04681358113884926,-0.017073649913072586,-0.12134449928998947,-0.06548984348773956,0.004068845417350531,-0.08683539927005768,0.04464617371559143,0.004944570362567902,0.03998695686459541,-0.01487950049340725,-0.07854758203029633,-0.017887482419610023
mobley_5072416,train,-0.05318623036146164,-0.1787423938512802,1.1834585666656494,0.4625571370124817,-0.12303251028060913,0.07774385809898376,-1.1100221872329712,-1.172275185585022,0.7585991024971008,-0.04174315929412842,0.053948309272527695,-0.9444134831428528,0.4917530417442322,-0.6691625714302063,-1.0010786056518555,-0.47718071937561035,0.1322130560874939,-0.8909027576446533,0.5511000156402588,-0.022688083350658417,0.13823378086090088,-0.31003499031066895,-1.2317875623703003,-0.1291680485010147,-0.0059095812030136585,-0.019860265776515007,0.131495401263237,0.0513952374458313,-0.013670278713107109,0.008638206869363785,-0.12333580106496811,-0.13025279343128204,0.08428879082202911,-0.004638128913938999,0.0059942565858364105,-0.10493483394384384,0.05463922768831253,-0.07435140013694763,-0.11123095452785492,-0.05302007868885994,0.0146903395652771,-0.09898919612169266,0.06123333424329758,-0.002520898124203086,0.015359308570623398,-0.03444833308458328,-0.1368652880191803,-0.01435200497508049
mobley_6248915,validation,0.8865411281585693,-0.4292714595794678,1.6929233074188232,0.6558735966682434,-0.1145351380109787,0.9269986152648926,-1.402408480644226,-1.057066559791565,0.3652588725090027,-0.43654245138168335,0.33626028895378113,-0.821309506893158,-0.36109432578086853,-0.2115546464920044,-1.5438520908355713,-0.7262704968452454,-0.5291631817817688,-0.6839418411254883,0.38187167048454285,-0.33067405223846436,0.49965834617614746,0.2476247251033783,-0.34153956174850464,-0.6474044322967529,0.09850457310676575,-0.047696828842163086,0.188102588057518,0.07287484407424927,-0.012726126238703728,0.10299984365701675,-0.15582317113876343,-0.11745183914899826,0.040584318339824677,-0.04850471764802933,0.03736225515604019,-0.09125661104917526,-0.040121592581272125,-0.02350607141852379,-0.17153912782669067,-0.0806967243552208,-0.05879591032862663,-0.07599353790283203,0.04243018478155136,-0.03674156218767166,0.05551759526133537,0.027513857930898666,-0.037948839366436005,-0.07193382829427719
mobley_6232400,train,-0.2336614727973938,0.097761370241642,0.7830115556716919,0.31806832551956177,0.22937414050102234,-0.21047350764274597,-1.0086944103240967,-0.6296226978302002,0.46366989612579346,0.23121625185012817,-0.029749859124422073,-0.5127125382423401,0.7792068719863892,-0.6709389686584473,-0.5408729910850525,-0.19149400293827057,0.6063727736473083,-0.8363168835639954,0.5017557144165039,0.2862248122692108,-0.24813911318778992,-0.47747960686683655,-1.2073522806167603,0.1347912847995758,-0.029207684099674225,0.01222017128020525,0.09787644445896149,0.03975854068994522,0.028671767562627792,-0.026309188455343246,-0.12608680129051208,-0.07870283722877502,0.05795873701572418,0.02890203148126602,-0.003718732390552759,-0.06408906728029251,0.09740085899829865,-0.08386737108230591,-0.06760912388563156,-0.02393675036728382,0.07579659670591354,-0.10453961044549942,0.06271946430206299,0.03577810153365135,-0.03101738914847374,-0.05968495085835457,-0.15091903507709503,0.016848910599946976
mobley_8492526,test,0.42276716232299805,-0.1926623284816742,1.0140687227249146,0.4098135232925415,0.0011474080383777618,0.3441672921180725,-0.8553627133369446,-0.5312520861625671,0.2649790048599243,-0.11620402336120605,0.15480171144008636,-0.45415377616882324,0.08329375088214874,-0.2788859009742737,-0.9031668901443481,-0.3612286150455475,-0.14983989298343658,-0.524007260799408,0.3734835088253021,-0.12068186700344086,0.16792145371437073,0.06449464708566666,-0.350516140460968,-0.277518630027771,0.07046119123697281,-0.032110389322042465,0.1690114587545395,0.06830225139856339,0.00019123467791359872,0.057361215353012085,-0.1425604522228241,-0.08854201436042786,0.04416316747665405,-0.019367337226867676,0.02580028586089611,-0.07569229602813721,0.013882291503250599,-0.04648098349571228,-0.15052781999111176,-0.06020477041602135,-0.024973316118121147,-0.087334543466568,0.062247250229120255,-0.020113645121455193,0.027986908331513405,0.010749108158051968,-0.0584193579852581,-0.046253103762865067
mobley_8809190,train,0.574690043926239,-0.22738546133041382,1.5528168678283691,0.08486494421958923,-0.015864048153162003,0.7510679960250854,-1.4171419143676758,-1.5253266096115112,0.5093549489974976,-0.5055524110794067,0.36294904351234436,-0.9356338381767273,-0.19288299977779388,-0.19029292464256287,-1.3131566047668457,-0.8822387456893921,-0.08838909864425659,-0.6233057975769043,0.20679078996181488,-0.2255178540945053,0.4896387457847595,-0.11884650588035583,-1.0184780359268188,-0.3822039067745209,0.05746900290250778,-0.022738546133041382,0.1552816927433014,0.008486494421958923,-0.001586404861882329,0.07510679960250854,-0.1417141854763031,-0.1525326669216156,0.050935495644807816,-0.050555240362882614,0.036294903606176376,-0.09356338530778885,-0.01928829960525036,-0.019029293209314346,-0.1313156634569168,-0.08822387456893921,-0.008838909678161144,-0.06233058124780655,0.020679078996181488,-0.02255178615450859,0.04896387457847595,-0.011884650215506554,-0.101847805082798,-0.03822039067745209
mobley_7983227,test,0.24368198215961456,-0.03736523166298866,0.9024674892425537,0.4304381310939789,0.10357236117124557,0.16235509514808655,-0.7010201811790466,-0.45452651381492615,0.21635299921035767,-0.04689967632293701,0.173911452293396,-0.3603774905204773,0.13896429538726807,-0.363897442817688,-0.7511876225471497,-0.3103504180908203,-0.01385980099439621,-0.5058291554450989,0.39988088607788086,-0.08023276180028915,0.0920279249548912,-0.03378584608435631,-0.43578648567199707,-0.13614025712013245,0.04061366245150566,-0.006227538455277681,0.15041124820709229,0.07173968851566315,0.017262060195207596,0.02705918252468109,-0.11683669686317444,-0.07575441896915436,0.036058831959962845,-0.007816612720489502,0.028985241428017616,-0.060062915086746216,0.023160716518759727,-0.060649573802948,-0.12519793212413788,-0.05172507092356682,-0.0023099668323993683,-0.08430486172437668,0.06664681434631348,-0.013372126966714859,0.015337987802922726,-0.005630974192172289,-0.07263108342885971,-0.022690042853355408
mobley_5518547,train,0.11239731311798096,-0.1655961275100708,1.0890588760375977,0.18685376644134521,-0.010463734157383442,0.3049856722354889,-1.07789146900177,-1.2180557250976562,0.5579878687858582,-0.20358018577098846,0.15874400734901428,-0.8597972393035889,0.16004927456378937,-0.38536790013313293,-0.9028359651565552,-0.5679146647453308,0.12082105875015259,-0.6595858931541443,0.2925507426261902,-0.060319192707538605,0.23964248597621918,-0.2245517075061798,-1.070351481437683,-0.15622612833976746,0.01404966413974762,-0.02069951593875885,0.1361323595046997,0.023356720805168152,-0.0013079667696729302,0.03812320902943611,-0.13473643362522125,-0.15225696563720703,0.06974848359823227,-0.025447523221373558,0.019843000918626785,-0.10747465491294861,0.02000615932047367,-0.04817098751664162,-0.1128544956445694,-0.07098933309316635,0.015102632343769073,-0.08244823664426804,0.03656884282827377,-0.007539899088442326,0.029955310747027397,-0.028068963438272476,-0.1337939351797104,-0.019528266042470932
mobley_3151666,train,1.0795040130615234,-0.4529707729816437,2.0653793811798096,0.7190132141113281,-0.14856570959091187,1.030061960220337,-1.6532964706420898,-1.2517180442810059,0.4684494733810425,-0.4981911778450012,0.42362794280052185,-0.8893153667449951,-0.3594380021095276,-0.26688191294670105,-1.8583462238311768,-0.8759218454360962,-0.6108197569847107,-0.8155348896980286,0.5232402086257935,-0.42725345492362976,0.601385772228241,0.2381027191877365,-0.4598751962184906,-0.7308403849601746,0.09813673049211502,-0.04117916151881218,0.18776176869869232,0.06536483764648438,-0.013505973853170872,0.09364199638366699,-0.15029968321323395,-0.1137925460934639,0.0425863154232502,-0.045290108770132065,0.03851163014769554,-0.08084685355424881,-0.03267618268728256,-0.024261992424726486,-0.16894055902957916,-0.07962925732135773,-0.055529069155454636,-0.0741395354270935,0.04756729304790497,-0.03884122148156166,0.054671432822942734,0.02164570242166519,-0.04180683568120003,-0.06644003838300705
mobley_8337722,train,0.3478364944458008,0.29804402589797974,1.3532993793487549,0.5566276907920837,0.465084969997406,0.12838685512542725,-1.1276028156280518,-0.6406183838844299,-0.006404578685760498,-0.08387249708175659,0.5873812437057495,-0.43402668833732605,0.3497399687767029,-0.1999906599521637,-0.9464975595474243,-0.43691593408584595,0.3960752487182617,-0.639011800289154,0.36040228605270386,0.03734905272722244,0.24132275581359863,-0.2439144253730774,-0.8198282122612,-0.008943542838096619,0.031621500849723816,0.02709491178393364,0.12302721291780472,0.050602518022060394,0.04228045046329498,0.011671531945466995,-0.10250934958457947,-0.05823803320527077,-0.0005822344101034105,-0.007624772377312183,0.05339829623699188,-0.03945697098970413,0.03179454430937767,-0.01818096823990345,-0.08604523539543152,-0.039719630032777786,0.03600684180855751,-0.05809198319911957,0.03276384249329567,0.003395368345081806,0.02193843200802803,-0.022174037992954254,-0.07452983409166336,-0.0008130493224598467
mobley_5627459,test,0.2945510149002075,-0.13606369495391846,0.813643753528595,0.3569978177547455,0.04096367955207825,0.20960161089897156,-0.7057769894599915,-0.39182981848716736,0.21792539954185486,-0.0379929393529892,0.10684937983751297,-0.3476557433605194,0.14988893270492554,-0.27425479888916016,-0.7096823453903198,-0.25795114040374756,-0.05213041603565216,-0.4666881859302521,0.34392017126083374,-0.06321240961551666,0.09369203448295593,0.026724979281425476,-0.3245510160923004,-0.18817269802093506,0.058910202234983444,-0.02721273899078369,0.16272875666618347,0.07139956206083298,0.008192735724151134,0.04192032292485237,-0.1411553919315338,-0.07836596667766571,0.04358508065342903,-0.007598587777465582,0.021369876340031624,-0.06953115016222,0.029977787286043167,-0.05485095828771591,-0.14193646609783173,-0.05159022659063339,-0.010426083579659462,-0.09333764016628265,0.06878403574228287,-0.012642482295632362,0.018738407641649246,0.005344995763152838,-0.06491020321846008,-0.03763454034924507
mobley_676247,test,0.3278658390045166,-0.1144857406616211,0.8409808874130249,0.24824723601341248,0.4268186688423157,0.5452450513839722,-0.8114480972290039,-0.4493749737739563,0.028228655457496643,-0.2172653079032898,0.4119589626789093,-0.3141152858734131,-0.2944975197315216,0.3840525448322296,-0.727798342704773,-0.4572029113769531,-0.06876209378242493,-0.1273789405822754,0.23376360535621643,-0.17921125888824463,0.16377779841423035,0.14633794128894806,-0.15638691186904907,-0.3137761950492859,0.06557317078113556,-0.02289714850485325,0.1681961715221405,0.049649447202682495,0.0853637307882309,0.1090490072965622,-0.16228961944580078,-0.0898749977350235,0.005645730998367071,-0.04345306009054184,0.08239179104566574,-0.06282305717468262,-0.05889950320124626,0.07681050896644592,-0.1455596685409546,-0.0914405807852745,-0.01375241857022047,-0.025475788861513138,0.046752721071243286,-0.035842251032590866,0.03275556117296219,0.02926758863031864,-0.031277380883693695,-0.06275524199008942
mobley_2261979,train,0.3972081243991852,-0.1808384507894516,1.6629114151000977,-0.18805694580078125,-0.017662694677710533,0.6912246942520142,-1.6634958982467651,-2.1685385704040527,0.7490305304527283,-0.5340991616249084,0.45063838362693787,-1.3338439464569092,0.02808469906449318,-0.18602254986763,-1.316261887550354,-1.1221548318862915,0.13885797560214996,-0.726585328578949,0.16263467073440552,-0.13606052100658417,0.5547054409980774,-0.4073737859725952,-1.6804265975952148,-0.21228507161140442,0.033100675791502,-0.015069871209561825,0.1385759562253952,-0.015671411529183388,-0.0014718911843374372,0.057602059096097946,-0.1386246532201767,-0.1807115525007248,0.062419209629297256,-0.04450826346874237,0.037553198635578156,-0.11115366220474243,0.0023403915110975504,-0.015501879155635834,-0.10968849062919617,-0.09351290017366409,0.011571497656404972,-0.060548778623342514,0.013552889227867126,-0.011338376440107822,0.04622545465826988,-0.033947814255952835,-0.14003555476665497,-0.017690422013401985
mobley_6081058,test,0.7409936785697937,-0.25190624594688416,1.5160775184631348,0.4295196235179901,0.18550527095794678,0.6331830024719238,-1.3768916130065918,-0.8750161528587341,0.2618158459663391,-0.2934768795967102,0.2996878921985626,-0.7092969417572021,-0.013227134943008423,-0.23208603262901306,-1.3718183040618896,-0.6015310287475586,-0.19244295358657837,-0.6097971796989441,0.4162168502807617,-0.20067301392555237,0.2881201207637787,0.14508087933063507,-0.5405896902084351,-0.432663232088089,0.08233263343572617,-0.0279895830899477,0.16845305263996124,0.0477244034409523,0.02061169594526291,0.070353664457798,-0.15298795700073242,-0.09722401946783066,0.029090650379657745,-0.03260854259133339,0.03329865634441376,-0.07881077378988266,-0.001469681621529162,-0.025787336751818657,-0.15242426097393036,-0.06683678179979324,-0.02138254977762699,-0.06775524467229843,0.04624631628394127,-0.022297002375125885,0.03201334550976753,0.016120098531246185,-0.06006552278995514,-0.04807369410991669
mobley_8798016,train,-0.23378679156303406,0.09787395596504211,0.7829859256744385,0.31811097264289856,0.22942321002483368,-0.2103756219148636,-1.008648157119751,-0.6292322278022766,0.46366024017333984,0.2310550957918167,-0.029764752835035324,-0.5124439001083374,0.7793956398963928,-0.6709681153297424,-0.540829598903656,-0.1912098377943039,0.6065334677696228,-0.8360841870307922,0.5019710659980774,0.2865188717842102,-0.2484438121318817,-0.47770214080810547,-1.207388162612915,0.13483506441116333,-0.029223348945379257,0.012234244495630264,0.09787324070930481,0.03976387158036232,0.02867790125310421,-0.02629695273935795,-0.12608101963996887,-0.07865402847528458,0.05795753002166748,0.02888188697397709,-0.0037205941043794155,-0.06405548751354218,0.0974244549870491,-0.0838710144162178,-0.067603699862957,-0.023901229724287987,0.07581668347120285,-0.10451052337884903,0.06274638324975967,0.035814858973026276,-0.031055476516485214,-0.059712767601013184,-0.15092352032661438,0.016854383051395416
mobley_1896013,train,-1.0747333765029907,0.8393831849098206,0.5064815878868103,1.2839162349700928,0.4544541835784912,-1.7320680618286133,-0.40271812677383423,0.5524695515632629,0.38145166635513306,1.247094988822937,-0.07118543982505798,0.1594584882259369,2.1226871013641357,-1.3554625511169434,-0.08516152203083038,0.6099055409431458,1.2109546661376953,-1.2403372526168823,1.2811766862869263,0.5624011158943176,-0.7012166976928711,-1.011201024055481,-1.4194375276565552,0.7868754267692566,-0.10747333616018295,0.08393831551074982,0.05064816027879715,0.12839162349700928,0.04544541984796524,-0.17320680618286133,-0.0402718111872673,0.05524695664644241,0.038145165890455246,0.12470950186252594,-0.007118544075638056,0.01594584807753563,0.21226871013641357,-0.1355462521314621,-0.008516152389347553,0.060990553349256516,0.12109546363353729,-0.12403372675180435,0.1281176656484604,0.05624011158943176,-0.07012166827917099,-0.10112009942531586,-0.14194375276565552,0.07868754118680954
mobley_4039055,train,-0.796414852142334,0.4633999764919281,0.47949397563934326,0.8196794986724854,0.578601062297821,-0.9506791234016418,-1.1021273136138916,0.24477708339691162,0.4274241328239441,1.0258337259292603,-0.31914621591567993,-0.013236090540885925,1.7248693704605103,-1.2164416313171387,-0.15591812133789062,0.4311489760875702,1.2867441177368164,-1.286319613456726,0.9409621357917786,0.77044278383255,-0.9999100565910339,-0.8116540908813477,-1.4470384120941162,0.5079015493392944,-0.08849053829908371,0.05148888751864433,0.05327710881829262,0.09107550233602524,0.06428900361061096,-0.1056310161948204,-0.12245859205722809,0.027197454124689102,0.04749156907200813,0.11398152261972427,-0.0354606918990612,-0.0014706767397001386,0.19165214896202087,-0.1351601779460907,-0.017324235290288925,0.047905441373586655,0.14297157526016235,-0.14292439818382263,0.10455134510993958,0.08560475707054138,-0.11110112071037292,-0.090183787047863,-0.16078203916549683,0.056433506309986115
mobley_9534740,train,-1.3251041173934937,1.0769401788711548,0.5846232771873474,1.544522762298584,0.6149518489837646,-2.080883026123047,-0.43376266956329346,0.8012139797210693,0.403544545173645,1.4927756786346436,-0.10549558699131012,0.2832662761211395,2.5378522872924805,-1.6623072624206543,-0.0641566812992096,0.7913944721221924,1.4687113761901855,-1.449750542640686,1.5621724128723145,0.6665995121002197,-0.9217439293861389,-1.2003231048583984,-1.7084414958953857,0.9590508341789246,-0.11042534559965134,0.08974501490592957,0.04871860519051552,0.12871022522449493,0.05124598741531372,-0.1734069138765335,-0.03614689037203789,0.06676783412694931,0.033628713339567184,0.12439797073602676,-0.008791298605501652,0.023605523630976677,0.21148769557476044,-0.1385256052017212,-0.005346389953047037,0.06594953685998917,0.12239261716604233,-0.1208125427365303,0.13018102943897247,0.05554996058344841,-0.07681199163198471,-0.1000269278883934,-0.14237011969089508,0.07992090284824371
mobley_252413,test,0.8183157444000244,-0.280300498008728,1.3524361848831177,0.33555686473846436,0.0336914137005806,0.8170647025108337,-1.1195378303527832,-0.8121152520179749,0.14304962754249573,-0.4426744282245636,0.3477385342121124,-0.5067600011825562,-0.42974281311035156,-0.0003673061728477478,-1.1861026287078857,-0.6113854646682739,-0.35257887840270996,-0.4007025957107544,0.17525145411491394,-0.295742392539978,0.46541523933410645,0.2245979905128479,-0.19392839074134827,-0.5146997570991516,0.11690224707126617,-0.0400429293513298,0.19320516288280487,0.04793669655919075,0.0048130592331290245,0.11672352999448776,-0.15993396937847137,-0.1160164624452591,0.02043566107749939,-0.0632392019033432,0.04967693239450455,-0.07239428907632828,-0.06139183044433594,-5.247231092653237e-05,-0.16944323480129242,-0.08734077960252762,-0.05036840960383415,-0.0572432279586792,0.02503592148423195,-0.042248912155628204,0.06648789346218109,0.03208542615175247,-0.027704056352376938,-0.07352853566408157
mobley_902954,test,0.18955262005329132,-0.6052895784378052,1.3496335744857788,1.1832911968231201,-0.5556475520133972,0.23330695927143097,-0.8485967516899109,-0.4095115661621094,0.8198974132537842,-0.11331255733966827,0.012995166704058647,-0.9289448857307434,0.6081720590591431,-0.7133114337921143,-1.39986252784729,-0.29364579916000366,-0.49491506814956665,-0.9884878396987915,0.818260669708252,-0.3503528833389282,0.18731006979942322,0.2384592443704605,-0.47277015447616577,-0.5502706170082092,0.023694077506661415,-0.07566119730472565,0.16870419681072235,0.14791139960289001,-0.06945594400167465,0.02916336990892887,-0.10607459396123886,-0.05118894577026367,0.10248717665672302,-0.014164069667458534,0.001624395838007331,-0.11611811071634293,0.07602150738239288,-0.08916392922401428,-0.17498281598091125,-0.03670572489500046,-0.06186438351869583,-0.12356097996234894,0.1022825837135315,-0.04379411041736603,0.023413758724927902,0.029807405546307564,-0.05909626930952072,-0.06878382712602615
mobley_303222,validation,0.36973363161087036,-0.20381110906600952,0.6259551048278809,0.04893232882022858,-0.028600016608834267,0.3934156596660614,-0.47118714451789856,-0.47700244188308716,0.12346325069665909,-0.2731913924217224,0.1528710424900055,-0.38789236545562744,-0.17161893844604492,0.016477342694997787,-0.5906964540481567,-0.3191371560096741,-0.233395054936409,-0.1303565353155136,0.05913124233484268,-0.18222297728061676,0.2664523422718048,0.17941324412822723,-0.12795661389827728,-0.25608083605766296,0.12324454635381699,-0.06793703883886337,0.20865170657634735,0.01631077565252781,-0.00953333918005228,0.13113854825496674,-0.1570623815059662,-0.15900081396102905,0.041154418140649796,-0.09106379747390747,0.05095701292157173,-0.12929745018482208,-0.05720631405711174,0.005492447409778833,-0.19689881801605225,-0.10637905448675156,-0.07779835164546967,-0.043452177196741104,0.019710414111614227,-0.06074099242687225,0.08881744742393494,0.059804413467645645,-0.042652204632759094,-0.08536028116941452
mobley_6055410,train,-0.09759552776813507,-0.027354072779417038,2.1616532802581787,0.44657522439956665,0.34574323892593384,0.005756884813308716,-2.264544725418091,-2.163736581802368,1.2325197458267212,0.12554609775543213,0.3418746292591095,-1.5314217805862427,1.0516142845153809,-0.9403043389320374,-1.690757393836975,-0.9658759832382202,0.7309108972549438,-1.5315518379211426,1.053868293762207,0.03504820913076401,0.046199165284633636,-0.7748997211456299,-2.6025490760803223,0.0362313911318779,-0.005421973764896393,-0.0015196707099676132,0.12009184807538986,0.024809734895825386,0.01920795813202858,0.0003198269405402243,-0.12580804526805878,-0.12020758539438248,0.06847331672906876,0.006974783260375261,0.018993034958839417,-0.08507898449897766,0.05842301622033119,-0.052239131182432175,-0.09393096715211868,-0.05365977808833122,0.04060615971684456,-0.08508621156215668,0.05854823812842369,0.001947122742421925,0.0025666202418506145,-0.04304998368024826,-0.14458605647087097,0.00201285514049232
mobley_3738859,test,0.6528886556625366,-0.2662566006183624,1.1121318340301514,0.30742642283439636,-0.02953958511352539,0.6853557229042053,-0.9359639286994934,-0.7378828525543213,0.19696201384067535,-0.3845522105693817,0.2796037495136261,-0.5114994049072266,-0.23350434005260468,-0.038657788187265396,-1.0411677360534668,-0.5345956087112427,-0.3450044095516205,-0.36444979906082153,0.19652260839939117,-0.24425068497657776,0.3702917993068695,0.23472383618354797,-0.21903017163276672,-0.4387434720993042,0.1088147759437561,-0.04437610134482384,0.1853553056716919,0.05123773589730263,-0.004923264030367136,0.11422595381736755,-0.1559939831495285,-0.12298047542572021,0.03282700106501579,-0.06409203261137009,0.04660062491893768,-0.0852499008178711,-0.03891738876700401,-0.006442964542657137,-0.17352795600891113,-0.08909926563501358,-0.05750073492527008,-0.06074163317680359,0.03275376930832863,-0.040708448737859726,0.061715301126241684,0.039120640605688095,-0.03650502860546112,-0.07312390953302383
mobley_6571751,validation,0.698265790939331,-0.3213467001914978,1.3235701322555542,0.11261072754859924,-0.07912515103816986,0.8006080389022827,-1.1003022193908691,-1.2258594036102295,0.29648494720458984,-0.471082866191864,0.48996487259864807,-0.9695804119110107,-0.1510043889284134,0.2029286026954651,-1.0940449237823486,-0.749521017074585,-0.2996893525123596,-0.37791603803634644,0.0843106210231781,-0.1775890588760376,0.6161330938339233,0.11868508905172348,-0.42605072259902954,-0.3531087636947632,0.09975225478410721,-0.0459066703915596,0.18908144533634186,0.0160872470587492,-0.011303593404591084,0.11437257379293442,-0.15718603134155273,-0.17512276768684387,0.042354993522167206,-0.0672975555062294,0.0699949786067009,-0.13851149380207062,-0.02157205529510975,0.028989801183342934,-0.156292125582695,-0.10707443207502365,-0.0428127646446228,-0.053988005965948105,0.012044374831020832,-0.02536986581981182,0.08801901340484619,0.01695501245558262,-0.060864388942718506,-0.0504441075026989
mobley_349850,train,0.22691957652568817,-0.05669877678155899,1.3086704015731812,0.15622156858444214,0.17637436091899872,0.24390682578086853,-1.3463399410247803,-1.218873381614685,0.5368893146514893,-0.11469226330518723,0.20868165791034698,-0.8199633955955505,0.36156824231147766,-0.47245222330093384,-1.0515773296356201,-0.6147977113723755,0.311046302318573,-0.7931860685348511,0.41528233885765076,-0.00037718936800956726,0.13312479853630066,-0.31237077713012695,-1.2569842338562012,-0.09818057715892792,0.022691957652568817,-0.005669877864420414,0.13086703419685364,0.015622156672179699,0.017637435346841812,0.024390682578086853,-0.13463398814201355,-0.12188734114170074,0.053688932210206985,-0.011469226330518723,0.02086816541850567,-0.08199633657932281,0.036156825721263885,-0.047245223075151443,-0.10515773296356201,-0.06147976964712143,0.03110462985932827,-0.07931860536336899,0.041528232395648956,-3.77189353457652e-05,0.013312479481101036,-0.031237076967954636,-0.12569841742515564,-0.009818057529628277
mobley_4964807,train,-0.07645323872566223,-0.5378469228744507,1.2078030109405518,1.2935657501220703,-0.5046436190605164,-0.1248968243598938,-0.7829826474189758,-0.222975954413414,0.9048035144805908,0.18273881077766418,-0.09503143280744553,-0.8978458046913147,1.025080919265747,-0.9422630071640015,-1.2565726041793823,-0.12833990156650543,-0.28659552335739136,-1.1555919647216797,1.0154719352722168,-0.21752896904945374,-0.033114898949861526,0.10704715549945831,-0.6483082175254822,-0.3735683560371399,-0.009556654840707779,-0.06723086535930634,0.15097537636756897,0.1616957187652588,-0.06308045238256454,-0.015612103044986725,-0.09787283092737198,-0.02787199430167675,0.11310043931007385,0.022842351347208023,-0.01187892910093069,-0.11223072558641434,0.12813511490821838,-0.11778287589550018,-0.1570715755224228,-0.01604248769581318,-0.03582444041967392,-0.14444899559020996,0.1269339919090271,-0.027191121131181717,-0.004139362368732691,0.013380894437432289,-0.08103852719068527,-0.04669604450464249
mobley_588781,train,0.8273280262947083,-0.3172489106655121,1.9466710090637207,0.18693746626377106,-0.03314347565174103,1.0118763446807861,-1.7415709495544434,-1.7728394269943237,0.5585006475448608,-0.6439017057418823,0.47175702452659607,-1.0916391611099243,-0.33764272928237915,-0.17591050267219543,-1.6696791648864746,-1.0738952159881592,-0.228855699300766,-0.731196403503418,0.2527221441268921,-0.324177086353302,0.6301666498184204,-0.05286923050880432,-1.06822669506073,-0.5469156503677368,0.06894399970769882,-0.026437409222126007,0.16222257912158966,0.01557812187820673,-0.0027619563043117523,0.08432302623987198,-0.145130917429924,-0.14773662388324738,0.0465417206287384,-0.05365847423672676,0.03931308537721634,-0.09096992760896683,-0.02813689410686493,-0.014659208245575428,-0.13913993537425995,-0.08949127048254013,-0.01907130889594555,-0.060933034867048264,0.02106017805635929,-0.027014756575226784,0.052513886243104935,-0.004405769053846598,-0.08901888877153397,-0.0455763041973114
mobley_9028462,validation,0.19752870500087738,-0.17937536537647247,1.2017014026641846,0.7192991971969604,0.27765312790870667,0.19095492362976074,-1.0878230333328247,-0.47996291518211365,0.37461867928504944,0.09976136684417725,0.26950603723526,-0.5476244688034058,0.3311263918876648,-0.2028733789920807,-1.0615612268447876,-0.3652818500995636,-0.0082908496260643,-0.6681461334228516,0.6971805095672607,-0.11782268434762955,0.021958695724606514,0.01517554372549057,-0.550650954246521,-0.27873337268829346,0.024691088125109673,-0.02242192067205906,0.15021267533302307,0.08991239964962006,0.03470664098858833,0.023869365453720093,-0.1359778791666031,-0.059995364397764206,0.04682733491063118,0.012470170855522156,0.0336882546544075,-0.06845305860042572,0.0413907989859581,-0.025359172374010086,-0.13269515335559845,-0.04566023126244545,-0.0010363562032580376,-0.08351826667785645,0.08714756369590759,-0.014727835543453693,0.0027448369655758142,0.0018969429656863213,-0.06883136928081512,-0.03484167158603668
mobley_3259411,test,-0.05786319822072983,-0.13308535516262054,0.9013362526893616,0.8138645887374878,-0.18716707825660706,-0.2753157615661621,-0.6936517953872681,-0.39688220620155334,0.6423253417015076,0.3643278181552887,-0.08999870717525482,-0.4463132619857788,0.6932400465011597,-0.8166210055351257,-0.775688111782074,-0.1029164046049118,-0.016968563199043274,-0.9240775108337402,0.8778713345527649,0.007870584726333618,-0.07521840184926987,-0.20391076803207397,-0.6554306745529175,-0.03842295706272125,-0.009643866680562496,-0.022180892527103424,0.15022270381450653,0.1356440931558609,-0.03119451366364956,-0.04588596150279045,-0.11560863256454468,-0.06614703685045242,0.1070542261004448,0.06072130426764488,-0.014999784529209137,-0.07438554614782333,0.11554000526666641,-0.13610349595546722,-0.12928135693073273,-0.017152734100818634,-0.002828093944117427,-0.15401291847229004,0.1463118940591812,0.001311764121055603,-0.012536399997770786,-0.03398512676358223,-0.10923844575881958,-0.006403826177120209
mobley_5747188,train,0.017938002943992615,-0.40334552526474,1.3692070245742798,0.6592521667480469,-0.2971246838569641,0.21818482875823975,-1.1432690620422363,-1.0206444263458252,0.8871549367904663,-0.19197995960712433,0.1019187718629837,-1.1037611961364746,0.6274764537811279,-0.6769019365310669,-1.285184621810913,-0.5100129842758179,-0.0115329809486866,-0.991981565952301,0.6188974380493164,-0.2209903597831726,0.17786122858524323,-0.09964339435100555,-1.1965490579605103,-0.3208056688308716,0.0017938002711161971,-0.040334552526474,0.13692070543766022,0.0659252181649208,-0.02971246838569641,0.021818483248353004,-0.11432690918445587,-0.10206444561481476,0.08871549367904663,-0.019197996705770493,0.010191877372562885,-0.11037611961364746,0.06274764239788055,-0.06769019365310669,-0.1285184621810913,-0.05100129917263985,-0.0011532980715855956,-0.09919815510511398,0.06188974529504776,-0.02209903672337532,0.017786122858524323,-0.009964339435100555,-0.11965490877628326,-0.03208056837320328
mobley_4850657,test,0.16838736832141876,-0.31326964497566223,0.7562653422355652,0.549001932144165,-0.1447123885154724,8.288770914077759e-05,-0.6756784915924072,-0.36903515458106995,0.5081679224967957,0.20261742174625397,0.06205177679657936,-0.6394871473312378,0.47604116797447205,-0.5023711919784546,-0.7555512189865112,-0.0441414937376976,-0.1660749912261963,-0.6359276175498962,0.6143179535865784,-0.1085134744644165,0.08281933516263962,0.10247114300727844,-0.413534551858902,-0.1528692990541458,0.03367747366428375,-0.06265392899513245,0.15125307440757751,0.10980038344860077,-0.028942476958036423,1.6577541828155518e-05,-0.1351356953382492,-0.07380703091621399,0.10163358598947525,0.04052348434925079,0.012410355731844902,-0.12789742648601532,0.09520823508501053,-0.10047423839569092,-0.15111024677753448,-0.00882829912006855,-0.0332149975001812,-0.12718552350997925,0.12286359071731567,-0.02170269563794136,0.016563866287469864,0.02049422822892666,-0.08270691335201263,-0.030573859810829163
mobley_337666,train,-0.8023071885108948,0.47291678190231323,0.5122169852256775,0.8038455247879028,0.6445093750953674,-0.9314410090446472,-1.0907008647918701,0.2565171718597412,0.4099584221839905,1.0218610763549805,-0.2782994508743286,-0.020882636308670044,1.6068484783172607,-1.1175551414489746,-0.1569419801235199,0.4106854498386383,1.2900745868682861,-1.2379276752471924,0.9391177296638489,0.738213300704956,-0.99166339635849,-0.8344005346298218,-1.4067219495773315,0.4957149028778076,-0.0891452431678772,0.05254630744457245,0.05691299960017204,0.08931616693735123,0.071612149477005,-0.10349344462156296,-0.12118898332118988,0.028501907363533974,0.045550934970378876,0.11354012042284012,-0.030922161415219307,-0.0023202928714454174,0.1785387247800827,-0.12417279183864594,-0.017437998205423355,0.04563171789050102,0.14334161579608917,-0.13754752278327942,0.10434641689062119,0.08202370256185532,-0.11018481850624084,-0.09271117299795151,-0.15630243718624115,0.05507943406701088
mobley_525934,validation,0.2268940806388855,-0.15198644995689392,0.39138007164001465,0.10267903655767441,-0.05686856806278229,0.25198885798454285,-0.3303406834602356,-0.2974357604980469,0.1241077184677124,-0.1297808289527893,0.08099030703306198,-0.28223708271980286,-0.052503801882267,-0.08148708939552307,-0.35694268345832825,-0.08980821073055267,-0.14473377168178558,-0.11824715882539749,0.07466752827167511,-0.096824511885643,0.17763520777225494,0.14429502189159393,-0.06350083649158478,-0.15444260835647583,0.11344704031944275,-0.07599322497844696,0.19569003582000732,0.051339518278837204,-0.028434284031391144,0.12599442899227142,-0.1651703417301178,-0.14871788024902344,0.0620538592338562,-0.06489041447639465,0.04049515351653099,-0.14111854135990143,-0.0262519009411335,-0.040743544697761536,-0.17847134172916412,-0.04490410536527634,-0.07236688584089279,-0.059123579412698746,0.037333764135837555,-0.0484122559428215,0.08881760388612747,0.07214751094579697,-0.03175041824579239,-0.07722130417823792
mobley_5346580,validation,0.5538666248321533,-0.21493691205978394,1.2123867273330688,0.4442305564880371,0.08385679125785828,0.4621896743774414,-1.0541006326675415,-0.6327963471412659,0.22949834167957306,-0.1523246467113495,0.24077007174491882,-0.4799819588661194,-0.016246728599071503,-0.2279384732246399,-1.0452609062194824,-0.44822797179222107,-0.14843642711639404,-0.5666002631187439,0.37273678183555603,-0.1630479395389557,0.24963101744651794,0.09677300602197647,-0.37040165066719055,-0.34018266201019287,0.07912380248308182,-0.030705273151397705,0.17319810390472412,0.06346150487661362,0.01197954174131155,0.06602709740400314,-0.15058580040931702,-0.09039948135614395,0.032785478979349136,-0.021760663017630577,0.0343957245349884,-0.06856884807348251,-0.0023209613282233477,-0.03256263956427574,-0.1493229866027832,-0.06403256952762604,-0.021205203607678413,-0.08094289153814316,0.05324811115860939,-0.02329256199300289,0.03566157445311546,0.01382471527904272,-0.05291452258825302,-0.04859752207994461
mobley_9414831,train,0.28078222274780273,-0.12119470536708832,1.4721002578735352,-0.18081259727478027,0.045456454157829285,0.541408896446228,-1.5024138689041138,-1.9075837135314941,0.6864545345306396,-0.44408196210861206,0.32686594128608704,-1.119404911994934,0.05014214664697647,-0.30742111802101135,-1.1671255826950073,-0.9721804261207581,0.2244592010974884,-0.6997665166854858,0.19079850614070892,-0.1038539931178093,0.41418156027793884,-0.41051462292671204,-1.5935803651809692,-0.17024847865104675,0.025525657460093498,-0.011017700657248497,0.1338272988796234,-0.016437508165836334,0.004132404923439026,0.04921898990869522,-0.13658307492733002,-0.17341670393943787,0.06240495666861534,-0.040371086448431015,0.02971508540213108,-0.10176408290863037,0.004558376967906952,-0.027947373688220978,-0.10610232502222061,-0.08838003873825073,0.02040538191795349,-0.06361513584852219,0.01734531857073307,-0.009441272355616093,0.037652868777513504,-0.03731951117515564,-0.14487093687057495,-0.015477134846150875
mobley_1827204,test,0.5490865707397461,-0.23759543895721436,1.2109957933425903,0.4608496427536011,-0.007493305951356888,0.4745727777481079,-1.0175764560699463,-0.6550090312957764,0.28955215215682983,-0.18537911772727966,0.20920604467391968,-0.5321595072746277,0.010914325714111328,-0.2716943323612213,-1.0814276933670044,-0.4570574164390564,-0.2200748324394226,-0.5779523253440857,0.3964492082595825,-0.17001308500766754,0.23818829655647278,0.09748447686433792,-0.37539049983024597,-0.35987427830696106,0.07844094187021255,-0.03394220396876335,0.17299939692020416,0.06583566218614578,-0.00107047229539603,0.06779611110687256,-0.1453680694103241,-0.0935727208852768,0.04136459156870842,-0.026482731103897095,0.029886577278375626,-0.07602278888225555,0.00155918940436095,-0.038813475519418716,-0.154489666223526,-0.06529391556978226,-0.03143926337361336,-0.08256461471319199,0.056635599583387375,-0.02428758330643177,0.03402689844369888,0.013926354236900806,-0.05362721532583237,-0.05141061171889305
mobley_2784376,train,0.2695690393447876,-0.12035882472991943,0.5491269826889038,0.09045108407735825,-0.06062181293964386,0.315214067697525,-0.4447382688522339,-0.48474884033203125,0.1320909857749939,-0.18661841750144958,0.20000723004341125,-0.3894810080528259,-0.03537961095571518,0.0670524537563324,-0.44545993208885193,-0.29490721225738525,-0.10294479131698608,-0.18850600719451904,0.04178232327103615,-0.04854845255613327,0.2526661455631256,0.023882389068603516,-0.16741269826889038,-0.13614973425865173,0.0898563489317894,-0.040119607001543045,0.18304233253002167,0.030150361359119415,-0.020207270979881287,0.10507135838270187,-0.14824609458446503,-0.16158294677734375,0.0440303273499012,-0.06220613792538643,0.06666907668113708,-0.12982700765132904,-0.01179320365190506,0.022350817918777466,-0.1484866440296173,-0.09830240160226822,-0.03431493043899536,-0.06283533573150635,0.013927441090345383,-0.01618281751871109,0.08422204852104187,0.007960796356201172,-0.055804233998060226,-0.04538324475288391
mobley_6266306,validation,0.1720259189605713,-0.2063731551170349,0.6690760850906372,0.33993643522262573,-0.17649829387664795,0.24095261096954346,-0.5319294929504395,-0.5380327701568604,0.3227434754371643,-0.07575996965169907,0.14836718142032623,-0.6296783089637756,0.20705989003181458,-0.13356566429138184,-0.5693427324295044,-0.27517223358154297,-0.12686686217784882,-0.4113011360168457,0.18973052501678467,-0.002318263053894043,0.20535586774349213,0.010289974510669708,-0.284410685300827,-0.1428288221359253,0.04300647974014282,-0.05159328877925873,0.1672690212726593,0.08498410880565643,-0.04412457346916199,0.060238152742385864,-0.13298237323760986,-0.1345081925392151,0.08068586885929108,-0.018939992412924767,0.03709179535508156,-0.1574195772409439,0.051764972507953644,-0.03339141607284546,-0.1423356831073761,-0.06879305839538574,-0.031716715544462204,-0.10282528400421143,0.04743263125419617,-0.0005795657634735107,0.05133896693587303,0.002572493627667427,-0.07110267132520676,-0.03570720553398132
mobley_859464,test,0.3801041841506958,-0.2519707679748535,1.295881748199463,0.716742992401123,-0.06108560040593147,0.1953652799129486,-1.056860327720642,-0.5830993056297302,0.468269944190979,0.029518041759729385,0.12306180596351624,-0.6184785962104797,0.3546014428138733,-0.5336911082267761,-1.1642063856124878,-0.345531165599823,-0.1541890799999237,-0.8073364496231079,0.6315499544143677,-0.14641553163528442,0.13765643537044525,0.020736362785100937,-0.5437636971473694,-0.312642902135849,0.047513023018836975,-0.03149634599685669,0.16198521852493286,0.08959287405014038,-0.007635700050741434,0.024420659989118576,-0.13210754096508026,-0.07288741320371628,0.058533743023872375,0.003689755219966173,0.01538272574543953,-0.07730982452630997,0.04432518035173416,-0.06671138852834702,-0.14552579820156097,-0.043191395699977875,-0.019273634999990463,-0.10091705620288849,0.07894374430179596,-0.018301941454410553,0.017207054421305656,0.002592045348137617,-0.06797046214342117,-0.039080362766981125
mobley_1857976,train,0.49340343475341797,-0.2805856764316559,0.6903745532035828,0.2860749363899231,-0.06654734164476395,0.47056931257247925,-0.6472725868225098,-0.5604771375656128,0.196018248796463,-0.1872374415397644,0.20990312099456787,-0.43623802065849304,-0.17869795858860016,0.017677374184131622,-0.7480971813201904,-0.291154682636261,-0.3313426375389099,-0.2726919949054718,0.15543630719184875,-0.23479777574539185,0.3379860520362854,0.21888788044452667,-0.1358395516872406,-0.3277852535247803,0.12335085868835449,-0.07014641910791397,0.1725936383008957,0.07151873409748077,-0.016636835411190987,0.11764232814311981,-0.16181814670562744,-0.1401192843914032,0.04900456219911575,-0.0468093603849411,0.05247578024864197,-0.10905950516462326,-0.04467448964715004,0.004419343546032906,-0.1870242953300476,-0.07278867065906525,-0.08283565938472748,-0.06817299872636795,0.03885907679796219,-0.05869944393634796,0.08449651300907135,0.05472197011113167,-0.03395988792181015,-0.08194631338119507
mobley_7708038,validation,0.4002528488636017,-0.17638173699378967,0.7182750701904297,0.20535077154636383,-0.0122600719332695,0.42454367876052856,-0.6115336418151855,-0.4903576970100403,0.14782318472862244,-0.24619853496551514,0.17079508304595947,-0.35547712445259094,-0.08874611556529999,-0.05303759127855301,-0.6846429109573364,-0.34292858839035034,-0.20453040301799774,-0.25656649470329285,0.15059635043144226,-0.14560049772262573,0.22977063059806824,0.16875222325325012,-0.1692829132080078,-0.27403026819229126,0.10006321221590042,-0.04409543424844742,0.17956876754760742,0.05133769288659096,-0.003065017983317375,0.10613591969013214,-0.1528834104537964,-0.12258942425251007,0.03695579618215561,-0.061549633741378784,0.04269877076148987,-0.08886928111314774,-0.022186528891324997,-0.013259397819638252,-0.1711607277393341,-0.08573214709758759,-0.051132600754499435,-0.06414162367582321,0.037649087607860565,-0.03640012443065643,0.05744265764951706,0.04218805581331253,-0.04232072830200195,-0.06850756704807281
mobley_5003962,train,-0.25430935621261597,0.33772462606430054,1.7156789302825928,0.32696104049682617,0.6289306879043579,-0.32016560435295105,-2.3225624561309814,-1.6795827150344849,0.8650135397911072,0.44000452756881714,0.11372102797031403,-1.0945061445236206,1.4084187746047974,-1.130563497543335,-1.1317193508148193,-0.6268371343612671,1.2816162109375,-1.5925018787384033,0.8918864130973816,0.5167266726493835,-0.4135177433490753,-1.1113380193710327,-2.664442539215088,0.35414260625839233,-0.014959373511373997,0.019866153597831726,0.10092228651046753,0.01923300325870514,0.03699592128396034,-0.01883327029645443,-0.13662132620811462,-0.09879898279905319,0.05088314786553383,0.025882618501782417,0.006689472123980522,-0.06438271701335907,0.08284816145896912,-0.06650373339653015,-0.06657172739505768,-0.03687277436256409,0.07538919150829315,-0.09367658197879791,0.05246390774846077,0.030395686626434326,-0.024324573576450348,-0.06537282466888428,-0.15673191845417023,0.020831918343901634
mobley_7860938,train,0.898062527179718,-0.4773809611797333,1.7191615104675293,0.6689756512641907,-0.18291988968849182,0.9464653134346008,-1.3739408254623413,-1.0731914043426514,0.42354997992515564,-0.47031524777412415,0.3158235549926758,-0.895990788936615,-0.3423426151275635,-0.23744013905525208,-1.588611125946045,-0.7427866458892822,-0.5832470655441284,-0.696698784828186,0.38922497630119324,-0.3563411235809326,0.5104943513870239,0.27387505769729614,-0.33046481013298035,-0.6798005104064941,0.0997847244143486,-0.05304232984781265,0.19101794064044952,0.07433062791824341,-0.020324431359767914,0.10516281425952911,-0.1526600867509842,-0.11924348771572113,0.04706110805273056,-0.05225725099444389,0.03509150445461273,-0.09955453127622604,-0.038038067519664764,-0.026382237672805786,-0.17651234567165375,-0.08253184705972672,-0.06480523198843002,-0.0774109736084938,0.04324721917510033,-0.03959345817565918,0.05672159418463707,0.030430562794208527,-0.03671831265091896,-0.07553339004516602
mobley_2402487,test,0.1910272240638733,-0.3005770146846771,1.6297063827514648,1.196511149406433,-0.14218628406524658,-0.16928134858608246,-1.3313827514648438,-0.5899322032928467,0.8214539885520935,0.36787617206573486,0.012388134375214577,-0.8590938448905945,0.9887630939483643,-1.0410774946212769,-1.4837632179260254,-0.26372426748275757,-0.06746069341897964,-1.3163033723831177,1.1290287971496582,-0.08347407728433609,-0.053545352071523666,-0.12335433065891266,-0.9429944753646851,-0.26889631152153015,0.017366111278533936,-0.027325183153152466,0.1481551229953766,0.10877373814582825,-0.012926026247441769,-0.0153892133384943,-0.12103479355573654,-0.053630199283361435,0.07467763870954514,0.03344328701496124,0.001126194023527205,-0.07809943705797195,0.08988755196332932,-0.09464340656995773,-0.13488756120204926,-0.023974932730197906,-0.006132790353149176,-0.11966394633054733,0.10263898223638535,-0.007588552311062813,-0.004867759067565203,-0.011214029975235462,-0.0857267677783966,-0.024445118382573128
mobley_8127829,train,0.3218883275985718,-0.13771909475326538,1.1588160991668701,-0.017302460968494415,0.0011693686246871948,0.4902766942977905,-1.0924962759017944,-1.2780243158340454,0.4601586163043976,-0.3672747015953064,0.25417855381965637,-0.7801902890205383,-0.04793509468436241,-0.20466014742851257,-0.9566494226455688,-0.6908745765686035,0.051720030605793,-0.5152884721755981,0.16087527573108673,-0.12670844793319702,0.34928271174430847,-0.18485376238822937,-0.968692421913147,-0.2175856977701187,0.04023604094982147,-0.017214886844158173,0.14485201239585876,-0.002162807621061802,0.00014617107808589935,0.061284586787223816,-0.1365620344877243,-0.15975303947925568,0.0575198270380497,-0.0459093376994133,0.031772319227457047,-0.09752378612756729,-0.0059918868355453014,-0.02558251842856407,-0.1195811778306961,-0.08635932207107544,0.006465003825724125,-0.06441105902194977,0.02010940946638584,-0.015838555991649628,0.04366033896803856,-0.02310672029852867,-0.12108655273914337,-0.02719821222126484
mobley_4587267,test,-0.9609788060188293,0.5715776085853577,1.0822222232818604,1.5292795896530151,0.3653106689453125,-1.4175803661346436,-0.7577524781227112,0.11489330232143402,0.7602300643920898,1.175771951675415,-0.14823901653289795,-0.23165610432624817,2.03844952583313,-1.849906325340271,-0.6178797483444214,0.28304818272590637,0.853563666343689,-1.6406577825546265,1.7595281600952148,0.41246914863586426,-0.810093879699707,-0.9066213369369507,-1.6826844215393066,0.6309705972671509,-0.08008156716823578,0.04763146862387657,0.09018518775701523,0.1274399608373642,0.030442556366324425,-0.11813169717788696,-0.06314603984355927,0.00957444217056036,0.06335250288248062,0.09798099845647812,-0.012353251688182354,-0.019304675981402397,0.1698707938194275,-0.15415886044502258,-0.05148997902870178,0.02358734793961048,0.07113030552864075,-0.13672147691249847,0.14662735164165497,0.03437243029475212,-0.06750782579183578,-0.07555177807807922,-0.1402236968278885,0.052580881863832474
mobley_6733657,validation,1.2741446495056152,0.1638958752155304,1.8115366697311401,0.7379340529441833,0.968047559261322,0.6955534815788269,-2.1046109199523926,-1.5611318349838257,-0.3458925485610962,-0.22009295225143433,1.5453822612762451,-1.0059127807617188,0.034658774733543396,0.8019552230834961,-1.7474465370178223,-0.705646812915802,0.22684107720851898,-0.49864357709884644,0.055976588279008865,-0.41728001832962036,1.1297065019607544,0.22710956633090973,-1.1994916200637817,-0.34768953919410706,0.07078581303358078,0.009105326607823372,0.1006409227848053,0.040996335446834564,0.05378042161464691,0.03864185884594917,-0.11692282557487488,-0.08672954887151718,-0.019216252490878105,-0.012227386236190796,0.08585456758737564,-0.055884044617414474,0.0019254875369369984,0.04455306753516197,-0.09708036482334137,-0.039202600717544556,0.012602281756699085,-0.027702420949935913,0.003109810408204794,-0.023182222619652748,0.06276147067546844,0.012617197819054127,-0.06663842499256134,-0.019316084682941437
mobley_5311804,train,0.0664726197719574,-0.09661363810300827,1.069551706314087,0.15702839195728302,-0.057003043591976166,0.16749803721904755,-1.0091683864593506,-1.1685816049575806,0.6183100938796997,-0.1179390624165535,0.13058587908744812,-0.768116295337677,0.30076271295547485,-0.4658515155315399,-0.8669354319572449,-0.5495830774307251,0.155697301030159,-0.7010072469711304,0.39815765619277954,-0.035236433148384094,0.19179078936576843,-0.3195910155773163,-1.1293811798095703,-0.08219292759895325,0.008309077471494675,-0.012076704762876034,0.13369396328926086,0.019628548994660378,-0.007125380448997021,0.020937254652380943,-0.12614604830741882,-0.14607270061969757,0.07728876173496246,-0.014742382802069187,0.016323234885931015,-0.09601453691720963,0.03759533911943436,-0.05823143944144249,-0.10836692899465561,-0.06869788467884064,0.019462162628769875,-0.0876259058713913,0.04976970702409744,-0.004404554143548012,0.023973848670721054,-0.039948876947164536,-0.1411726474761963,-0.010274115949869156
mobley_4613090,train,-0.08774113655090332,-0.11542685329914093,1.410315990447998,0.32176047563552856,-0.01920453831553459,0.226909801363945,-1.4999076128005981,-1.518302321434021,0.8582770228385925,-0.12906396389007568,0.11608770489692688,-1.1627814769744873,0.5791695713996887,-0.7118218541145325,-1.0879721641540527,-0.6529254913330078,0.4289519190788269,-1.0706794261932373,0.47614216804504395,0.14218752086162567,0.08974660933017731,-0.5276093482971191,-1.7242099046707153,-0.08945627510547638,-0.007311761379241943,-0.009618904441595078,0.1175263300538063,0.02681337296962738,-0.001600378192961216,0.0189091507345438,-0.12499230355024338,-0.12652519345283508,0.07152308523654938,-0.010755330324172974,0.00967397540807724,-0.09689845889806747,0.04826413094997406,-0.05931848660111427,-0.0906643494963646,-0.054410457611083984,0.03574599325656891,-0.08922328799962997,0.03967851400375366,0.01184896007180214,0.00747888395562768,-0.04396744444966316,-0.14368416368961334,-0.007454689592123032
mobley_929676,train,0.7792079448699951,-0.31119006872177124,1.3090589046478271,0.35846251249313354,-0.03818065673112869,0.8157619833946228,-1.0981775522232056,-0.861640453338623,0.22153529524803162,-0.4537283480167389,0.3340083062648773,-0.5895060896873474,-0.3058840036392212,-0.03146602585911751,-1.2194284200668335,-0.6304246187210083,-0.41523978114128113,-0.4183945059776306,0.21948830783367157,-0.293582022190094,0.44055965542793274,0.267713725566864,-0.24390456080436707,-0.5210990309715271,0.11131542176008224,-0.04445572569966316,0.18700841069221497,0.05120893195271492,-0.005454379599541426,0.1165374293923378,-0.15688250958919525,-0.12309149652719498,0.03164789825677872,-0.06481833755970001,0.04771547392010689,-0.08421515673398972,-0.04369771480560303,-0.004495146684348583,-0.17420406639575958,-0.09006065875291824,-0.05931996926665306,-0.05977064371109009,0.03135547414422035,-0.04194029048085213,0.06293709576129913,0.0382448174059391,-0.034843508154153824,-0.07444272190332413
mobley_1571523,train,0.1609737128019333,-0.13497593998908997,1.2428271770477295,0.18104535341262817,-0.013905351981520653,0.24151846766471863,-1.150428295135498,-1.285286545753479,0.6486518383026123,-0.17455101013183594,0.19085632264614105,-0.8647534847259521,0.26603519916534424,-0.45789003372192383,-1.0068376064300537,-0.5971802473068237,0.1488538384437561,-0.7376594543457031,0.41014018654823303,-0.1009269580245018,0.2540140151977539,-0.2663133442401886,-1.1814172267913818,-0.1249709352850914,0.0178859680891037,-0.014997326768934727,0.13809190690517426,0.020116150379180908,-0.001545039121992886,0.026835385710000992,-0.12782536447048187,-0.14280961453914642,0.07207242399454117,-0.019394556060433388,0.021206257864832878,-0.09608372300863266,0.029559466987848282,-0.0508766695857048,-0.11187084764242172,-0.06635335832834244,0.01653931476175785,-0.08196216076612473,0.045571133494377136,-0.01121410634368658,0.028223779052495956,-0.029590371996164322,-0.13126857578754425,-0.013885659165680408
mobley_3359593,train,0.2525891959667206,-0.24299533665180206,1.7344691753387451,0.5570154190063477,-0.15240009129047394,0.2778703570365906,-1.5042270421981812,-1.4963178634643555,0.9043779969215393,-0.1529989391565323,0.19594474136829376,-1.1179261207580566,0.45051437616348267,-0.7269876599311829,-1.4702274799346924,-0.7033392786979675,0.010949760675430298,-1.076256275177002,0.7116605043411255,-0.1689053773880005,0.2991444170475006,-0.2793598175048828,-1.3919624090194702,-0.26613330841064453,0.021049099043011665,-0.020249610766768456,0.14453910291194916,0.046417951583862305,-0.012700007297098637,0.02315586246550083,-0.12535224854946136,-0.12469315528869629,0.07536483556032181,-0.012749911285936832,0.016328727826476097,-0.09316051006317139,0.03754286468029022,-0.06058230623602867,-0.12251895666122437,-0.05861160531640053,0.0009124800562858582,-0.0896880254149437,0.059305042028427124,-0.01407544780522585,0.024928702041506767,-0.023279985412955284,-0.11599686741828918,-0.02217777632176876
mobley_430089,test,0.6056932210922241,-0.269763320684433,0.9796204566955566,0.18503937125205994,-0.030748236924409866,0.6636597514152527,-0.792915940284729,-0.6685647368431091,0.14078572392463684,-0.37469297647476196,0.2636090815067291,-0.4688165485858917,-0.30651605129241943,0.04188152775168419,-0.9137059450149536,-0.5141595602035522,-0.332038015127182,-0.25512969493865967,0.0792577713727951,-0.2785729169845581,0.3653830885887146,0.22046881914138794,-0.16889114677906036,-0.41460010409355164,0.12113864719867706,-0.0539526641368866,0.1959240883588791,0.03700787574052811,-0.006149647291749716,0.13273194432258606,-0.15858319401741028,-0.13371294736862183,0.028157144784927368,-0.07493859529495239,0.052721817046403885,-0.0937633067369461,-0.06130320951342583,0.008376305922865868,-0.1827411949634552,-0.10283191502094269,-0.06640760600566864,-0.051025938242673874,0.01585155352950096,-0.05571458488702774,0.07307662069797516,0.04409376531839371,-0.03377822786569595,-0.08292002230882645
mobley_2354112,train,0.1709095537662506,-0.12965579330921173,1.247389793395996,0.20172731578350067,-0.026423191651701927,0.2562571167945862,-1.1654212474822998,-1.2596428394317627,0.6332818865776062,-0.17131784558296204,0.1887076199054718,-0.8349562883377075,0.25669679045677185,-0.45813703536987305,-1.0101087093353271,-0.5968664884567261,0.1344962865114212,-0.7466737627983093,0.41224581003189087,-0.0898677334189415,0.24695229530334473,-0.2809617817401886,-1.1624480485916138,-0.14267171919345856,0.01898995041847229,-0.01440619956701994,0.13859885931015015,0.02241414599120617,-0.0029359101317822933,0.028473012149333954,-0.12949125468730927,-0.13996031880378723,0.07036465406417847,-0.01903531700372696,0.0209675133228302,-0.09277292340993881,0.028521865606307983,-0.05090411379933357,-0.11223430186510086,-0.06631849706172943,0.014944031834602356,-0.08296374976634979,0.04580508917570114,-0.00998530350625515,0.027439143508672714,-0.031217975541949272,-0.12916089594364166,-0.015852414071559906
mobley_3999471,validation,0.4879252314567566,-0.2675062417984009,0.6864684224128723,0.2853485345840454,-0.03394537419080734,0.46478575468063354,-0.6605461835861206,-0.5412440299987793,0.1749473661184311,-0.17562177777290344,0.21557000279426575,-0.4033818542957306,-0.18041911721229553,0.027576055377721786,-0.7281419038772583,-0.28100836277008057,-0.2988899350166321,-0.27035367488861084,0.1526837944984436,-0.2228233516216278,0.3295127749443054,0.2085290551185608,-0.1366245150566101,-0.3185502886772156,0.12198130786418915,-0.06687656044960022,0.17161710560321808,0.07133713364601135,-0.008486343547701836,0.11619643867015839,-0.16513654589653015,-0.13531100749969482,0.04373684152960777,-0.04390544444322586,0.05389250069856644,-0.10084546357393265,-0.04510477930307388,0.006894013844430447,-0.18203547596931458,-0.07025209069252014,-0.07472248375415802,-0.06758841872215271,0.0381709486246109,-0.05570583790540695,0.08237819373607635,0.0521322637796402,-0.03415612876415253,-0.0796375721693039
mobley_2881590,test,0.18724288046360016,-0.5944023132324219,1.3455077409744263,1.1820635795593262,-0.5250847339630127,0.22922416031360626,-0.8601333498954773,-0.39250409603118896,0.7968116998672485,-0.10379995405673981,0.01956474594771862,-0.9014579057693481,0.6030645966529846,-0.7015374898910522,-1.3843433856964111,-0.2862768769264221,-0.4681238532066345,-0.9848984479904175,0.8116140961647034,-0.3425843119621277,0.18347668647766113,0.23385120928287506,-0.4709727168083191,-0.5430691242218018,0.02340536005795002,-0.07430028915405273,0.16818846762180328,0.14775794744491577,-0.06563559174537659,0.028653020039200783,-0.10751666873693466,-0.04906301200389862,0.09960146248340607,-0.012974994257092476,0.0024455932434648275,-0.11268223822116852,0.07538307458162308,-0.08769218623638153,-0.1730429232120514,-0.035784609615802765,-0.058515481650829315,-0.12311230599880219,0.10145176202058792,-0.04282303899526596,0.02293458580970764,0.029231401160359383,-0.058871589601039886,-0.06788364052772522
mobley_2613240,train,-0.019786342978477478,-0.16925585269927979,1.3428776264190674,0.5148939490318298,-0.21118956804275513,0.018477946519851685,-1.1425102949142456,-1.2123947143554688,0.8761307001113892,-0.04174736887216568,0.04746152088046074,-0.9792574048042297,0.6255395412445068,-0.7726679444313049,-1.1494941711425781,-0.5106406807899475,0.09160469472408295,-0.9697142839431763,0.673478364944458,-0.06288449466228485,0.15241895616054535,-0.34454241394996643,-1.3104037046432495,-0.14408297836780548,-0.0019786343909800053,-0.01692558452486992,0.1342877596616745,0.051489394158124924,-0.021118957549333572,0.001847794628702104,-0.1142510324716568,-0.12123946845531464,0.0876130685210228,-0.0041747367940843105,0.004746152088046074,-0.09792573750019073,0.06255395710468292,-0.07726679742336273,-0.11494942009449005,-0.05106406658887863,0.00916046928614378,-0.09697142988443375,0.06734783947467804,-0.00628844927996397,0.01524189580231905,-0.03445424139499664,-0.13104036450386047,-0.014408297836780548
mobley_2023925,validation,0.45446571707725525,-0.1410287320613861,1.4976773262023926,0.7497560381889343,0.5636522769927979,0.6514991521835327,-1.3954113721847534,-0.7571278810501099,0.22810766100883484,-0.16757237911224365,0.6107019186019897,-0.61163330078125,-0.14215825498104095,0.20170021057128906,-1.3535395860671997,-0.6593602895736694,-0.1153651550412178,-0.5175620317459106,0.6113229990005493,-0.276801198720932,0.19576647877693176,0.11082056164741516,-0.5257936120033264,-0.44447219371795654,0.045446570962667465,-0.014102873392403126,0.14976772665977478,0.07497560232877731,0.056365229189395905,0.06514991819858551,-0.1395411342382431,-0.07571278512477875,0.022810766473412514,-0.016757238656282425,0.061070192605257034,-0.06116332858800888,-0.014215825125575066,0.020170021802186966,-0.1353539526462555,-0.06593602895736694,-0.011536515317857265,-0.051756203174591064,0.06113230064511299,-0.02768011949956417,0.019576648250222206,0.011082055978477001,-0.0525793619453907,-0.044447220861911774
mobley_5952846,validation,0.8513223528862,-0.5708773136138916,1.0894519090652466,0.3655517101287842,-0.12147611379623413,0.8800085186958313,-1.0530091524124146,-1.0127370357513428,0.3425310552120209,-0.34759435057640076,0.4345996379852295,-0.8073327541351318,-0.3655717670917511,0.21999219059944153,-1.240161418914795,-0.4996867775917053,-0.6706055402755737,-0.3029387295246124,0.2046932876110077,-0.4798697531223297,0.6462693810462952,0.46321433782577515,-0.24525447189807892,-0.589127779006958,0.14188705384731293,-0.09514621645212173,0.18157531321048737,0.06092528626322746,-0.020246019586920738,0.14666809141635895,-0.1755015254020691,-0.16878950595855713,0.05708850920200348,-0.05793239176273346,0.07243327051401138,-0.13455545902252197,-0.06092862784862518,0.03666536509990692,-0.20669357478618622,-0.08328112959861755,-0.11176759004592896,-0.05048978701233864,0.03411554917693138,-0.07997829467058182,0.107711561024189,0.07720238715410233,-0.040875744074583054,-0.09818796068429947
mobley_7688753,train,-0.18637233972549438,0.0745658129453659,0.9849503636360168,0.31537917256355286,0.18235033750534058,-0.23948517441749573,-1.1209689378738403,-0.8611706495285034,0.6110458970069885,0.2234998643398285,0.018909603357315063,-0.6098219752311707,0.8132947683334351,-0.7431685924530029,-0.7210349440574646,-0.2959131598472595,0.5592949390411377,-0.9241705536842346,0.6267173290252686,0.18131114542484283,-0.15897519886493683,-0.5179765820503235,-1.3752280473709106,0.12974226474761963,-0.02070803754031658,0.008285090327262878,0.1094389259815216,0.03504212945699692,0.020261147990822792,-0.02660946361720562,-0.12455210089683533,-0.09568563103675842,0.06789398938417435,0.0248333178460598,0.0021010669879615307,-0.0677579939365387,0.09036608785390854,-0.0825742855668068,-0.08011499047279358,-0.032879240810871124,0.06214388087391853,-0.10268561542034149,0.06963525712490082,0.020145682618021965,-0.01766391098499298,-0.05755295231938362,-0.15280312299728394,0.014415807090699673
mobley_8765203,train,0.5550087690353394,-0.21572014689445496,0.9394369721412659,-0.0027633607387542725,0.1815563291311264,0.5501840114593506,-0.840857744216919,-0.7886873483657837,0.11093094944953918,-0.38243237137794495,0.2368520051240921,-0.6111938953399658,-0.20379705727100372,0.04280099645256996,-0.8811728358268738,-0.5063020586967468,-0.20792463421821594,-0.17250880599021912,0.09900815039873123,-0.2022859752178192,0.33029091358184814,0.2036755084991455,-0.3270634710788727,-0.30662667751312256,0.11100175231695175,-0.04314402863383293,0.18788740038871765,-0.0005526721361093223,0.03631126508116722,0.11003680527210236,-0.16817155480384827,-0.15773746371269226,0.022186189889907837,-0.07648647576570511,0.04737040027976036,-0.12223877757787704,-0.040759410709142685,0.008560199290513992,-0.17623457312583923,-0.10126040875911713,-0.04158492758870125,-0.03450176119804382,0.019801629707217216,-0.04045719653367996,0.06605818122625351,0.04073510318994522,-0.06541269272565842,-0.06132533401250839
mobley_6201330,train,0.04815521836280823,-0.12233536690473557,1.6966851949691772,0.7236544489860535,0.0011609038338065147,-0.07181543111801147,-1.6069000959396362,-1.2535139322280884,0.9347658753395081,0.1771906316280365,0.09835149347782135,-1.0249252319335938,0.9096348881721497,-0.9928656220436096,-1.404270887374878,-0.5334850549697876,0.30823373794555664,-1.3131475448608398,0.946137011051178,0.012876249849796295,0.008276626467704773,-0.46465983986854553,-1.61695396900177,-0.10206729918718338,0.0037042475305497646,-0.009410412982106209,0.1305142492055893,0.05566572770476341,8.93002943485044e-05,-0.005524263717234135,-0.12360770255327225,-0.0964241474866867,0.07190506905317307,0.013630048371851444,0.007565499283373356,-0.07884040474891663,0.06997191160917282,-0.07637427747249603,-0.1080208346247673,-0.041037313640117645,0.023710288107395172,-0.10101135075092316,0.07277976721525192,0.0009904807666316628,0.0006366635789163411,-0.03574306517839432,-0.12438107281923294,-0.007851330563426018
mobley_718988,train,0.7602217197418213,-0.3843379616737366,1.4959962368011475,0.6048375368118286,-0.1058940589427948,0.7965923547744751,-1.2401949167251587,-0.9333088994026184,0.3406856060028076,-0.36736637353897095,0.2818557024002075,-0.7433028817176819,-0.2887146770954132,-0.21874640882015228,-1.3655914068222046,-0.6304414868354797,-0.45892781019210815,-0.6299971342086792,0.35890597105026245,-0.2813427448272705,0.42939049005508423,0.21463486552238464,-0.3166651725769043,-0.5650488138198853,0.09502771496772766,-0.04804224520921707,0.18699952960014343,0.07560469210147858,-0.01323675736784935,0.09957404434680939,-0.15502436459064484,-0.1166636124253273,0.04258570075035095,-0.04592079669237137,0.03523196280002594,-0.09291286021471024,-0.03608933463692665,-0.027343301102519035,-0.17069892585277557,-0.07880518585443497,-0.05736597627401352,-0.0787496417760849,0.044863246381282806,-0.035167843103408813,0.05367381125688553,0.02682935819029808,-0.03958314657211304,-0.07063110172748566
mobley_5917842,train,-0.0049021244049072266,-0.14790742099285126,1.3369853496551514,0.4575413167476654,-0.12592853605747223,0.012407153844833374,-1.183273434638977,-1.240125060081482,0.8487370014190674,-0.00939890742301941,0.08647015690803528,-0.9493371248245239,0.5979287028312683,-0.7421778440475464,-1.1048001050949097,-0.5072447061538696,0.16197100281715393,-0.9702786207199097,0.6672865152359009,-0.06349420547485352,0.15188533067703247,-0.3537217378616333,-1.3428304195404053,-0.09674422442913055,-0.000490212463773787,-0.014790741726756096,0.13369853794574738,0.04575413092970848,-0.012592853978276253,0.0012407153844833374,-0.11832734197378159,-0.12401250749826431,0.08487369865179062,-0.0009398907423019409,0.008647015318274498,-0.09493371099233627,0.05979286879301071,-0.0742177814245224,-0.11048001050949097,-0.050724469125270844,0.016197100281715393,-0.09702786058187485,0.06672865152359009,-0.006349420640617609,0.015188532881438732,-0.03537217527627945,-0.13428303599357605,-0.009674422442913055
mobley_5220185,train,-0.07353590428829193,-0.07819508016109467,0.9341181516647339,0.4261372685432434,0.035647787153720856,0.07779613137245178,-1.0135846138000488,-0.7848430871963501,0.5172301530838013,0.0448092445731163,0.02635527029633522,-0.7051610350608826,0.4930850863456726,-0.5700770616531372,-0.7058460712432861,-0.2979559898376465,0.3074657917022705,-0.806647539138794,0.4148199260234833,0.15519879758358002,-0.03171470761299133,-0.29681581258773804,-1.0203213691711426,-0.057777099311351776,-0.009191988036036491,-0.009774385020136833,0.11676476895809174,0.053267158567905426,0.004455973394215107,0.009724516421556473,-0.1266980767250061,-0.09810538589954376,0.06465376913547516,0.005601155571639538,0.0032944087870419025,-0.08814512938261032,0.061635635793209076,-0.07125963270664215,-0.08823075890541077,-0.03724449872970581,0.038433223962783813,-0.10083094239234924,0.05185249075293541,0.019399849697947502,-0.003964338451623917,-0.037101976573467255,-0.12754017114639282,-0.007222137413918972
mobley_9510785,train,0.7283186316490173,-0.4452638030052185,2.102330207824707,0.06829874962568283,0.014448065310716629,0.995546281337738,-2.274934768676758,-2.775745391845703,1.0446826219558716,-0.5494467616081238,0.6278018951416016,-1.781123161315918,-0.03618309646844864,-0.2244521528482437,-1.9682940244674683,-1.285841941833496,-0.0455513522028923,-1.0135213136672974,0.3530842661857605,-0.399153470993042,0.8159815073013306,-0.20774498581886292,-2.0523762702941895,-0.43271002173423767,0.04551991447806358,-0.027828987687826157,0.1313956379890442,0.004268671851605177,0.0009030040819197893,0.06222164258360863,-0.14218342304229736,-0.17348408699035645,0.06529266387224197,-0.034340422600507736,0.0392376184463501,-0.11132019758224487,-0.00226144352927804,-0.014028259553015232,-0.12301837652921677,-0.0803651213645935,-0.002846959512680769,-0.06334508210420609,0.02206776663661003,-0.024947091937065125,0.05099884420633316,-0.012984061613678932,-0.12827351689338684,-0.027044376358389854
mobley_5935995,train,0.6921036839485168,-0.23560141026973724,1.155547857284546,0.2845304608345032,0.042348816990852356,0.6867605447769165,-0.9572739005088806,-0.6885660290718079,0.11837466061115265,-0.3734896183013916,0.2933925986289978,-0.4291198253631592,-0.3574613928794861,-0.0075171031057834625,-1.0079272985458374,-0.5157614350318909,-0.28258758783340454,-0.3468419313430786,0.15220415592193604,-0.24655456840991974,0.39538317918777466,0.191854327917099,-0.16906623542308807,-0.43239226937294006,0.11535061150789261,-0.03926690295338631,0.19259130954742432,0.04742174223065376,0.007058136165142059,0.11446008831262589,-0.1595456451177597,-0.11476100236177444,0.01972910948097706,-0.06224827095866203,0.04889876767992973,-0.07151997089385986,-0.05957689881324768,-0.001252850517630577,-0.1679878830909729,-0.08596023917198181,-0.047097932547330856,-0.057806987315416336,0.025367358699440956,-0.04109242931008339,0.06589719653129578,0.03197572007775307,-0.02817770652472973,-0.07206537574529648
mobley_3663158,train,0.008990094065666199,-0.05731174349784851,1.3647280931472778,0.010165475308895111,0.02328522317111492,0.18787384033203125,-1.4313313961029053,-1.7301208972930908,0.8131630420684814,-0.17208504676818848,0.2039361447095871,-1.0528539419174194,0.42003604769706726,-0.5685831904411316,-1.0366237163543701,-0.7768352031707764,0.373029500246048,-0.8876554369926453,0.42326635122299194,9.557604789733887e-05,0.2281288355588913,-0.5611980557441711,-1.7439476251602173,-0.026549220085144043,0.0008172812522388995,-0.0052101584151387215,0.12406618893146515,0.000924134103115648,0.0021168384701013565,0.017079440876841545,-0.13012103736400604,-0.1572837233543396,0.07392391562461853,-0.015644095838069916,0.01853965036571026,-0.09571399539709091,0.03818509355187416,-0.05168938264250755,-0.0942385196685791,-0.07062137871980667,0.033911772072315216,-0.08069594949483871,0.03847875818610191,8.688731213624123e-06,0.020738985389471054,-0.05101800337433815,-0.15854069590568542,-0.0024135655257850885
mobley_2751110,train,-0.25339871644973755,-0.34076130390167236,1.2623963356018066,0.8501080870628357,-0.32040897011756897,-0.13509982824325562,-1.0722447633743286,-0.8461176156997681,1.0144444704055786,0.08023761212825775,-0.02039625681936741,-1.039882779121399,0.9969376921653748,-0.9380233883857727,-1.1553584337234497,-0.31617575883865356,0.13611172139644623,-1.1800990104675293,0.8507558703422546,-0.11805854737758636,-0.006966114044189453,-0.25031667947769165,-1.347040057182312,-0.17726367712020874,-0.025339871644973755,-0.034076131880283356,0.1262396275997162,0.08501081168651581,-0.03204089775681496,-0.013509983196854591,-0.1072244793176651,-0.08461175858974457,0.10144444555044174,0.008023761212825775,-0.0020396257750689983,-0.10398827493190765,0.09969376772642136,-0.09380234032869339,-0.11553584039211273,-0.03161757439374924,0.013611172325909138,-0.11800990253686905,0.08507558703422546,-0.011805854737758636,-0.0006966114160604775,-0.025031667202711105,-0.13470400869846344,-0.017726367339491844
mobley_313406,train,0.19528886675834656,-0.1384989470243454,0.6868950724601746,0.3617422878742218,-0.08811904489994049,0.11729593575000763,-0.5177781581878662,-0.3854520320892334,0.2964743971824646,-0.013875484466552734,0.04281197860836983,-0.34337541460990906,0.14727580547332764,-0.31725364923477173,-0.6105130314826965,-0.20515021681785583,-0.1192529946565628,-0.4379628896713257,0.3624868094921112,-0.08202960342168808,0.10954046249389648,0.007233217358589172,-0.2857527732849121,-0.15435592830181122,0.04882221668958664,-0.03462473675608635,0.17172376811504364,0.09043557196855545,-0.022029761224985123,0.029323983937501907,-0.12944453954696655,-0.09636300802230835,0.07411859929561615,-0.0034688711166381836,0.010702994652092457,-0.08584385365247726,0.03681895136833191,-0.07931341230869293,-0.15262825787067413,-0.05128755420446396,-0.0298132486641407,-0.10949072241783142,0.0906217023730278,-0.02050740085542202,0.02738511562347412,0.001808304339647293,-0.07143819332122803,-0.038588982075452805
mobley_4620651,train,0.19856280088424683,-0.19522273540496826,1.0618458986282349,0.6053913831710815,-0.0871872529387474,0.07363660633563995,-0.8940378427505493,-0.5889403223991394,0.46398085355758667,0.0949249342083931,0.15555340051651,-0.6689293384552002,0.5240127444267273,-0.4031270146369934,-0.9112144708633423,-0.2922680377960205,-0.0334349051117897,-0.7287125587463379,0.5418679118156433,-0.021967723965644836,0.13197854161262512,-0.08374146372079849,-0.5924440622329712,-0.16089999675750732,0.02836611494421959,-0.027888962998986244,0.15169227123260498,0.08648448437452316,-0.012455321848392487,0.010519514791667461,-0.1277196854352951,-0.08413433283567429,0.0662829801440239,0.0135607048869133,0.022221913561224937,-0.09556133300065994,0.07485896348953247,-0.0575895719230175,-0.1301734894514084,-0.04175257682800293,-0.004776414949446917,-0.10410179197788239,0.07740969955921173,-0.0031382462475448847,0.01885407790541649,-0.011963066644966602,-0.08463486284017563,-0.022985713556408882
mobley_4694328,test,0.8017253875732422,-0.327462375164032,1.6048498153686523,0.5629218220710754,-0.024775449186563492,0.7353850603103638,-1.3420037031173706,-0.9025242328643799,0.33869874477386475,-0.32373133301734924,0.3180151581764221,-0.6881729364395142,-0.13384491205215454,-0.25731080770492554,-1.4379490613937378,-0.6487154364585876,-0.3605455160140991,-0.6858417391777039,0.4423806369304657,-0.2686757445335388,0.37872400879859924,0.16346418857574463,-0.42513924837112427,-0.5245853662490845,0.08908060193061829,-0.0363847091794014,0.1783166527748108,0.06254687160253525,-0.002752827713266015,0.08170945197343826,-0.1491115242242813,-0.10028047114610672,0.03763319551944733,-0.03597014769911766,0.03533501923084259,-0.07646366208791733,-0.014871656894683838,-0.028590090572834015,-0.1597721129655838,-0.07207949459552765,-0.0400606133043766,-0.07620463520288467,0.0491534024477005,-0.029852859675884247,0.04208044707775116,0.018162688240408897,-0.04723769426345825,-0.05828726291656494
mobley_9571888,train,0.8128812313079834,-0.15288296341896057,2.142369270324707,1.2642759084701538,0.36957404017448425,0.2688467502593994,-2.201263666152954,-1.5842266082763672,0.4697372317314148,0.21393811702728271,1.1621026992797852,-1.5776426792144775,0.9881815910339355,-0.029347948729991913,-2.0163280963897705,-0.5699033737182617,0.0698600560426712,-1.1284122467041016,0.7081157565116882,-0.29180410504341125,0.8829535841941833,0.043190017342567444,-1.4870152473449707,-0.28363391757011414,0.042783223092556,-0.008046471513807774,0.11275627464056015,0.06654083728790283,0.019451266154646873,0.014149828813970089,-0.11585598438978195,-0.08338034898042679,0.024723012000322342,0.011259901337325573,0.06116329878568649,-0.08303382247686386,0.05200955644249916,-0.001544628874398768,-0.10612253099679947,-0.029994914308190346,0.0036768449936062098,-0.0593901164829731,0.03726924955844879,-0.015358110889792442,0.0464712418615818,0.0022731588687747717,-0.07826396077871323,-0.014928100630640984
mobley_3269565,train,0.2928466796875,-0.18929755687713623,0.8786680698394775,0.45511186122894287,-0.12531261146068573,0.22651523351669312,-0.6478606462478638,-0.47719770669937134,0.335013747215271,-0.09602230787277222,0.06417910009622574,-0.43470528721809387,0.10827771574258804,-0.3341398537158966,-0.8072599172592163,-0.2888840138912201,-0.2014806568622589,-0.48928701877593994,0.3851064145565033,-0.1258256882429123,0.16964948177337646,0.04267112910747528,-0.2935861647129059,-0.2538462281227112,0.05856933444738388,-0.037859510630369186,0.17573361098766327,0.09102237224578857,-0.025062521919608116,0.04530304670333862,-0.12957212328910828,-0.09543953835964203,0.06700275093317032,-0.019204461947083473,0.012835820205509663,-0.08694105595350266,0.02165554277598858,-0.06682796776294708,-0.16145198047161102,-0.0577768012881279,-0.04029612988233566,-0.09785740077495575,0.0770212858915329,-0.0251651369035244,0.03392989560961723,0.008534225635230541,-0.05871723219752312,-0.050769247114658356
mobley_1944394,validation,0.6320146322250366,-0.4915493130683899,2.8100028038024902,0.5846154689788818,-0.27727651596069336,0.9902014136314392,-2.541309118270874,-2.758882999420166,1.3285218477249146,-0.6171731352806091,0.43058502674102783,-1.9670422077178955,0.20783187448978424,-0.8115803599357605,-2.4345152378082275,-1.4855592250823975,-0.12831948697566986,-1.5178859233856201,0.7351213693618774,-0.2996002435684204,0.6692997813224792,-0.40254297852516174,-2.1944122314453125,-0.6157296299934387,0.033263929188251495,-0.025871016085147858,0.14789488911628723,0.030769234523177147,-0.014593500643968582,0.05211586505174637,-0.13375310599803925,-0.1452043652534485,0.06992220133543015,-0.03248279541730881,0.022662369534373283,-0.10352853685617447,0.010938519611954689,-0.04271475598216057,-0.1281323879957199,-0.07818732410669327,-0.006753657013177872,-0.0798887312412262,0.03869059681892395,-0.01576843298971653,0.035226304084062576,-0.021186472848057747,-0.11549538373947144,-0.032406821846961975
mobley_1261349,test,0.5653769969940186,-0.18793216347694397,0.9581879377365112,0.2345041036605835,0.05373673141002655,0.5532567501068115,-0.7967179417610168,-0.5614665746688843,0.09267982840538025,-0.3019823729991913,0.2383318990468979,-0.3459346890449524,-0.284808486700058,-0.01582127809524536,-0.828284502029419,-0.4181162118911743,-0.2080400586128235,-0.29443061351776123,0.12903867661952972,-0.19640448689460754,0.32196950912475586,0.15612277388572693,-0.1445179134607315,-0.3483370542526245,0.11307539790868759,-0.037586431950330734,0.19163759052753448,0.04690081998705864,0.010747346095740795,0.11065135151147842,-0.15934358537197113,-0.1122933179140091,0.01853596605360508,-0.0603964738547802,0.04766637831926346,-0.06918694078922272,-0.05696169659495354,-0.003164255525916815,-0.1656568944454193,-0.0836232453584671,-0.04160801321268082,-0.058886121958494186,0.025807734578847885,-0.03928089886903763,0.06439390033483505,0.031224554404616356,-0.02890358306467533,-0.06966741383075714
mobley_755351,train,-0.05347228795289993,-0.17883560061454773,1.183516025543213,0.4632570743560791,-0.12328366935253143,0.07703928649425507,-1.110059380531311,-1.171887993812561,0.7585044503211975,-0.040012426674366,0.054237812757492065,-0.9443781971931458,0.4923076331615448,-0.6693452596664429,-1.0009714365005493,-0.4772493839263916,0.13325580954551697,-0.8903973698616028,0.5501616597175598,-0.022824667394161224,0.13781097531318665,-0.31146976351737976,-1.231693983078003,-0.1286543607711792,-0.005941365379840136,-0.01987062208354473,0.13150177896022797,0.05147300660610199,-0.013698185794055462,0.008559920825064182,-0.1233399286866188,-0.1302097737789154,0.08427827060222626,-0.004445825237780809,0.0060264235362410545,-0.10493090748786926,0.05470084771513939,-0.07437169551849365,-0.11121904850006104,-0.05302770808339119,0.014806200750172138,-0.09893304109573364,0.06112907454371452,-0.0025360742583870888,0.015312330797314644,-0.03460775315761566,-0.136854887008667,-0.01429492887109518
mobley_1881249,train,0.43408769369125366,-0.20198842883110046,1.0266579389572144,0.3993584215641022,0.0032870545983314514,0.34165605902671814,-0.8578016757965088,-0.5550217032432556,0.2715669274330139,-0.1078963577747345,0.16675764322280884,-0.48095235228538513,0.07237717509269714,-0.27163511514663696,-0.912026047706604,-0.3736431300640106,-0.15704435110092163,-0.5254449844360352,0.36911851167678833,-0.13760340213775635,0.18833160400390625,0.07591715455055237,-0.35036078095436096,-0.2775980234146118,0.07234794646501541,-0.03366473689675331,0.1711096614599228,0.06655973941087723,0.0005478424136526883,0.05694267526268959,-0.14296694099903107,-0.0925036147236824,0.04526115581393242,-0.0179827269166708,0.02779293991625309,-0.08015872538089752,0.012062862515449524,-0.04527251794934273,-0.15200434625148773,-0.06227385625243187,-0.026174059137701988,-0.08757416158914566,0.06151975318789482,-0.022933900356292725,0.031388599425554276,0.012652859091758728,-0.058393463492393494,-0.0462663359940052
mobley_7608462,train,0.2155209332704544,-0.1421130895614624,0.9195265769958496,-0.01767987757921219,-0.0021919962018728256,0.37424057722091675,-0.959662675857544,-1.188801646232605,0.4634326994419098,-0.25941646099090576,0.2230788767337799,-0.738031804561615,0.03180168569087982,-0.1760988086462021,-0.8018515110015869,-0.5674685835838318,0.07327418029308319,-0.47329771518707275,0.15378619730472565,-0.1067400723695755,0.3121955990791321,-0.1849079728126526,-0.9512314200401306,-0.15351727604866028,0.030788704752922058,-0.02030186913907528,0.13136093318462372,-0.002525696763768792,-0.0003131423145532608,0.05346294119954109,-0.1370946615934372,-0.16982880234718323,0.06620467454195023,-0.037059493362903595,0.03186840936541557,-0.10543311387300491,0.004543098155409098,-0.02515697292983532,-0.11455021798610687,-0.08106694370508194,0.010467739775776863,-0.06761395931243896,0.02196945622563362,-0.015248581767082214,0.044599372893571854,-0.026415424421429634,-0.1358902007341385,-0.021931039169430733
mobley_4287564,train,-0.006570398807525635,-0.05923335254192352,0.846932590007782,0.15609633922576904,0.033599771559238434,0.14817653596401215,-0.8943471312522888,-0.9039636850357056,0.4606427848339081,-0.08611312508583069,0.08512237668037415,-0.657133936882019,0.2973822355270386,-0.39740967750549316,-0.6449869871139526,-0.3958839774131775,0.25900739431381226,-0.6108238697052002,0.2670920491218567,0.07018474489450455,0.08290152996778488,-0.2832935154438019,-0.9701881408691406,-0.05049668252468109,-0.0009386283927597106,-0.008461907505989075,0.12099037319421768,0.022299477830529213,0.004799967166036367,0.021168077364563942,-0.12776388227939606,-0.12913766503334045,0.06580611318349838,-0.012301875278353691,0.012160339392721653,-0.09387627989053726,0.04248317703604698,-0.056772809475660324,-0.09214099496603012,-0.05655485391616821,0.03700105473399162,-0.08726055175065994,0.03815600648522377,0.01002639252692461,0.011843075975775719,-0.04047050327062607,-0.13859830796718597,-0.007213811855763197
mobley_9114381,train,0.07230143249034882,-0.245784729719162,1.002298355102539,0.8128066062927246,-0.06986039876937866,-0.04419434443116188,-0.8793855905532837,-0.4272920489311218,0.5213565230369568,0.250265896320343,-0.0020817499607801437,-0.6494677066802979,0.6405496597290039,-0.6660569310188293,-0.9347635507583618,-0.19720053672790527,-0.037614405155181885,-0.8625202775001526,0.6931334137916565,-0.03156636655330658,-0.049487631767988205,-0.039983510971069336,-0.6335617303848267,-0.1851252019405365,0.010328776203095913,-0.035112105309963226,0.14318548142910004,0.11611522734165192,-0.00998005736619234,-0.0063134776428341866,-0.12562651932239532,-0.06104172021150589,0.07447950541973114,0.03575227037072182,-0.00029739286401309073,-0.09278110414743423,0.09150709211826324,-0.09515099227428436,-0.1335376501083374,-0.02817150577902794,-0.005373486317694187,-0.12321718037128448,0.09901905804872513,-0.004509481135755777,-0.007069661747664213,-0.005711930338293314,-0.09050881862640381,-0.02644645795226097
mobley_646007,train,0.2618832290172577,-0.24649760127067566,0.852120578289032,0.3700864315032959,-0.1967020332813263,0.3460240662097931,-0.6801744103431702,-0.6996232271194458,0.3667674660682678,-0.13797158002853394,0.2150360494852066,-0.7595335245132446,0.1952659785747528,-0.1111869364976883,-0.7178289294242859,-0.3734886348247528,-0.16118913888931274,-0.47412481904029846,0.20365184545516968,-0.018497765064239502,0.28958287835121155,0.018237903714179993,-0.3402177691459656,-0.18821096420288086,0.0523766465485096,-0.04929951950907707,0.17042411863803864,0.07401728630065918,-0.03934040665626526,0.06920481473207474,-0.13603487610816956,-0.13992464542388916,0.07335349172353745,-0.027594316750764847,0.04300720989704132,-0.15190669894218445,0.03905319422483444,-0.0222373865544796,-0.14356578886508942,-0.07469772547483444,-0.03223782777786255,-0.09482496231794357,0.040730368345975876,-0.0036995529662817717,0.05791657418012619,0.0036475807428359985,-0.068043552339077,-0.03764219209551811
mobley_4845722,train,0.9412632584571838,-0.6897647380828857,1.7032740116119385,0.36295294761657715,-0.1322127878665924,1.0659078359603882,-1.806155800819397,-2.178300380706787,0.8651057481765747,-0.4688444137573242,0.6284515857696533,-1.5745607614517212,-0.26550227403640747,0.046984635293483734,-1.8818955421447754,-0.9501554369926453,-0.5506685972213745,-0.7375617027282715,0.322617769241333,-0.6194429397583008,0.9238471388816833,0.2966111898422241,-1.2013096809387207,-0.6132059097290039,0.07843860238790512,-0.05748039484024048,0.14193950593471527,0.030246078968048096,-0.011017732322216034,0.08882565051317215,-0.15051297843456268,-0.18152503669261932,0.07209214568138123,-0.03907036781311035,0.05237096548080444,-0.13121339678764343,-0.022125190123915672,0.003915386274456978,-0.15682463347911835,-0.07917962223291397,-0.045889049768447876,-0.06146347522735596,0.026884814724326134,-0.0516202449798584,0.07698725908994675,0.024717599153518677,-0.10010913759469986,-0.05110049247741699
mobley_8320545,train,0.043624281883239746,-0.41603729128837585,0.8155472278594971,0.8205965757369995,-0.3586604595184326,0.07270832359790802,-0.5080187320709229,-0.16651535034179688,0.5616257190704346,-0.016659125685691833,-0.037767194211483,-0.6250158548355103,0.5205326080322266,-0.5369310975074768,-0.8561767339706421,-0.1079125627875328,-0.2587072551250458,-0.7017945647239685,0.5744298100471497,-0.20449961721897125,0.0459865927696228,0.17259585857391357,-0.3216497302055359,-0.32251232862472534,0.008724856190383434,-0.08320745825767517,0.1631094515323639,0.16411931812763214,-0.07173208892345428,0.014541665092110634,-0.10160374641418457,-0.033303070813417435,0.11232514679431915,-0.0033318251371383667,-0.007553438656032085,-0.1250031739473343,0.10410652309656143,-0.10738621652126312,-0.1712353527545929,-0.02158251218497753,-0.051741451025009155,-0.14035890996456146,0.11488596349954605,-0.04089992493391037,0.00919731892645359,0.034519173204898834,-0.06432994455099106,-0.06450246274471283
mobley_2198613,test,0.34470564126968384,-0.18493548035621643,0.5356621742248535,0.18544813990592957,-0.04005788266658783,0.32432684302330017,-0.4611445367336273,-0.40310579538345337,0.14233607053756714,-0.15605053305625916,0.1335235834121704,-0.31765058636665344,-0.11666163802146912,-0.026669960469007492,-0.5450811386108398,-0.22346967458724976,-0.207713320851326,-0.20803305506706238,0.1174420565366745,-0.1545165330171585,0.2325560450553894,0.14728403091430664,-0.10566827654838562,-0.22644434869289398,0.11490187793970108,-0.06164516136050224,0.17855405807495117,0.06181604787707329,-0.013352627865970135,0.10810894519090652,-0.1537148505449295,-0.13436859846115112,0.04744535684585571,-0.05201684311032295,0.04450786113739014,-0.10588353127241135,-0.03888721391558647,-0.008889987133443356,-0.18169371783733368,-0.07448989152908325,-0.06923777610063553,-0.06934434920549393,0.03914735093712807,-0.05150550976395607,0.07751867920160294,0.04909467697143555,-0.03522275760769844,-0.07548145204782486
mobley_8723116,train,0.13705584406852722,-0.22040607035160065,1.050188422203064,0.23481833934783936,-0.03189009055495262,0.32405033707618713,-1.1035577058792114,-1.261515736579895,0.5922663807868958,-0.1701952964067459,0.18276534974575043,-0.9088955521583557,0.1649276465177536,-0.3488020896911621,-0.935247540473938,-0.5451012849807739,0.061152033507823944,-0.6695347428321838,0.3068878948688507,-0.09633340686559677,0.279758483171463,-0.1831817775964737,-1.0771089792251587,-0.1792897880077362,0.017131980508565903,-0.02755075879395008,0.131273552775383,0.02935229241847992,-0.003986261319369078,0.04050629213452339,-0.13794471323490143,-0.15768946707248688,0.07403329759836197,-0.02127441205084324,0.022845668718218803,-0.11361194401979446,0.0206159558147192,-0.043600261211395264,-0.11690594255924225,-0.06813766062259674,0.007644004188477993,-0.08369184285402298,0.03836098685860634,-0.012041675858199596,0.03496981039643288,-0.02289772219955921,-0.13463862240314484,-0.022411223500967026
mobley_627267,test,0.5235874652862549,-0.21010464429855347,0.9109257459640503,0.2550574839115143,0.009773176163434982,0.5507696866989136,-0.785279393196106,-0.5965707898139954,0.14938142895698547,-0.30598247051239014,0.23149092495441437,-0.40560585260391235,-0.1657516360282898,-0.0342826172709465,-0.8471947908401489,-0.430963933467865,-0.24737516045570374,-0.306533545255661,0.16721796989440918,-0.18673701584339142,0.2955958843231201,0.196409672498703,-0.19229376316070557,-0.34900546073913574,0.10471749305725098,-0.042020928114652634,0.18218514323234558,0.05101149529218674,0.001954635139554739,0.1101539358496666,-0.15705588459968567,-0.11931415647268295,0.029876286163926125,-0.06119649484753609,0.046298183500766754,-0.08112116903066635,-0.0331503264605999,-0.0068565234541893005,-0.16943895816802979,-0.086192786693573,-0.04947503283619881,-0.06130670756101608,0.03344359248876572,-0.037347402423620224,0.059119176119565964,0.0392819344997406,-0.03845875337719917,-0.06980109214782715
mobley_4934872,train,0.20023687183856964,-0.2850648760795593,2.0464682579040527,0.9448944330215454,-0.32839593291282654,0.2040826380252838,-1.715549111366272,-1.5523455142974854,1.1517761945724487,-0.0584554523229599,0.08525696396827698,-1.245859146118164,0.7100894451141357,-1.0596132278442383,-1.8088855743408203,-0.7538194060325623,-0.06418293714523315,-1.3994886875152588,1.0211719274520874,-0.11632981151342392,0.21696054935455322,-0.42402681708335876,-1.5475772619247437,-0.3510189652442932,0.014302633702754974,-0.020361777395009995,0.1461763083934784,0.06749246269464493,-0.02345685288310051,0.014577331021428108,-0.122539222240448,-0.11088182032108307,0.08226972818374634,-0.004175389651209116,0.006089783273637295,-0.08898993581533432,0.05072067305445671,-0.07568665593862534,-0.1292061060667038,-0.05384424328804016,-0.004584495443850756,-0.09996347874403,0.07294084876775742,-0.00830927211791277,0.015497182495892048,-0.03028762899339199,-0.11054123193025589,-0.02507278323173523
mobley_9121449,train,0.4794422686100006,-0.2248626947402954,0.7827011942863464,0.13399356603622437,-0.022149568423628807,0.5332592129707336,-0.6307023167610168,-0.5449109077453613,0.11619981378316879,-0.3055531978607178,0.20923762023448944,-0.3908800482749939,-0.23420992493629456,0.034737907350063324,-0.7354768514633179,-0.418399840593338,-0.2618444561958313,-0.20120413601398468,0.056229762732982635,-0.22926080226898193,0.29522526264190674,0.1875462532043457,-0.14403340220451355,-0.33227550983428955,0.11986056715250015,-0.05621567368507385,0.1956752985715866,0.03349839150905609,-0.005537392105907202,0.1333148032426834,-0.1576755791902542,-0.13622772693634033,0.029049953445792198,-0.07638829946517944,0.05230940505862236,-0.09772001206874847,-0.05855248123407364,0.008684476837515831,-0.18386921286582947,-0.1045999601483345,-0.06546111404895782,-0.05030103400349617,0.014057440683245659,-0.05731520056724548,0.07380631566047668,0.046886563301086426,-0.03600835055112839,-0.08306887745857239
mobley_4483973,train,0.13685566186904907,-0.07460465282201767,0.9350725412368774,-0.06485121697187424,0.10298440605401993,0.35912632942199707,-0.9342784285545349,-1.1302109956741333,0.4209005534648895,-0.2784997224807739,0.24407988786697388,-0.6959688067436218,0.018313730135560036,-0.11094865202903748,-0.7582000494003296,-0.6058019399642944,0.15305504202842712,-0.4195747971534729,0.1626073122024536,-0.07785014808177948,0.24430200457572937,-0.22296932339668274,-0.9496679306030273,-0.12713323533535004,0.019550809636712074,-0.010657807812094688,0.13358178734779358,-0.00926445983350277,0.014712058007717133,0.051303762942552567,-0.13346834480762482,-0.16145871579647064,0.060128651559352875,-0.03978567570447922,0.03486855700612068,-0.09942411631345749,0.0026162471622228622,-0.015849808230996132,-0.10831429064273834,-0.08654313534498215,0.021865006536245346,-0.05993925780057907,0.02322961576282978,-0.011121449992060661,0.03490028530359268,-0.031852759420871735,-0.1356668472290039,-0.018161891028285027
mobley_664966,train,0.12558457255363464,-0.15980923175811768,0.5190387964248657,0.20263046026229858,-0.03342960774898529,0.18679022789001465,-0.4474441111087799,-0.347269743680954,0.28999075293540955,0.003695845603942871,0.07730769366025925,-0.34614309668540955,0.15757745504379272,-0.18503282964229584,-0.46786147356033325,-0.12362213432788849,-0.10852241516113281,-0.29700684547424316,0.19569319486618042,-0.0854191705584526,0.08286543190479279,0.09825662523508072,-0.2513512372970581,-0.15510615706443787,0.04186152294278145,-0.05326974391937256,0.17301292717456818,0.06754348427057266,-0.011143202893435955,0.06226341053843498,-0.14914803206920624,-0.1157565787434578,0.09666358679533005,0.0012319484958425164,0.025769231840968132,-0.11538103222846985,0.05252581834793091,-0.061677608639001846,-0.15595382452011108,-0.04120737686753273,-0.03617413714528084,-0.09900227934122086,0.06523106247186661,-0.028473056852817535,0.027621811255812645,0.03275220841169357,-0.08378374576568604,-0.05170205235481262
mobley_632905,train,0.06107403337955475,-0.06999828666448593,1.4031331539154053,0.4325941801071167,0.06353884190320969,0.015945471823215485,-1.3784915208816528,-1.1727564334869385,0.737402617931366,0.04893261939287186,0.10421248525381088,-0.9046627879142761,0.6937666535377502,-0.7563840746879578,-1.1497626304626465,-0.5242161154747009,0.3233735263347626,-1.024084448814392,0.6728370785713196,0.03703848272562027,0.03134559839963913,-0.3991957902908325,-1.4183028936386108,-0.07062776386737823,0.005552184768021107,-0.006363480817526579,0.12755756080150604,0.0393267422914505,0.005776258185505867,0.001449588336981833,-0.12531740963459015,-0.10661422461271286,0.06703659892082214,0.004448419902473688,0.009473862126469612,-0.08224207162857056,0.06306969374418259,-0.06876219063997269,-0.10452387481927872,-0.04765601083636284,0.029397593811154366,-0.09309858828783035,0.06116700544953346,0.0033671348355710506,0.002849599812179804,-0.036290526390075684,-0.12893663346767426,-0.006420705933123827
mobley_3715043,train,0.40159186720848083,-0.17702123522758484,1.6680421829223633,-0.15276551246643066,0.04006173089146614,0.6609121561050415,-1.646415114402771,-2.066624879837036,0.7328703999519348,-0.520103931427002,0.38433700799942017,-1.2407222986221313,-0.015146970748901367,-0.29972004890441895,-1.3511099815368652,-1.0735121965408325,0.15866035223007202,-0.7432926297187805,0.20969820022583008,-0.17096281051635742,0.49788448214530945,-0.35591667890548706,-1.6369597911834717,-0.23903968930244446,0.03346598893404007,-0.014751769602298737,0.13900351524353027,-0.012730459682643414,0.003338477574288845,0.05507601425051689,-0.13720126450061798,-0.17221873998641968,0.06107253208756447,-0.043341994285583496,0.03202808275818825,-0.10339352488517761,-0.0012622475624084473,-0.024976670742034912,-0.11259249597787857,-0.08945935219526291,0.013221696019172668,-0.061941053718328476,0.01747485063970089,-0.01424690056592226,0.04149037227034569,-0.029659723863005638,-0.1364133208990097,-0.019919974729418755
mobley_1615431,validation,0.5439444780349731,-0.25769221782684326,1.2677524089813232,0.5603031516075134,-0.10440967977046967,0.46740448474884033,-0.9916741847991943,-0.695993185043335,0.3641205430030823,-0.21097546815872192,0.17316193878650665,-0.5531427264213562,-0.034627221524715424,-0.3189280331134796,-1.1464498043060303,-0.4656642973423004,-0.29710695147514343,-0.607097864151001,0.4290686845779419,-0.21114793419837952,0.29108527302742004,0.08875078707933426,-0.34270185232162476,-0.40352708101272583,0.07770635187625885,-0.036813173443078995,0.18110749125480652,0.08004330843687057,-0.014915668405592442,0.06677206605672836,-0.14166773855686188,-0.09942759573459625,0.0520172193646431,-0.03013935312628746,0.024737419560551643,-0.07902038842439651,-0.004946745932102203,-0.04556114599108696,-0.16377854347229004,-0.0665234699845314,-0.04244384914636612,-0.08672826737165451,0.0612955279648304,-0.030163990333676338,0.04158360883593559,0.01267868373543024,-0.04895740747451782,-0.057646725326776505
mobley_7754849,validation,1.2514537572860718,-1.2438292503356934,3.4814364910125732,1.8448030948638916,-0.8611103892326355,1.2876495122909546,-2.7480216026306152,-2.2713334560394287,1.6605145931243896,-0.4956279993057251,0.4475880265235901,-2.369596004486084,0.3501116931438446,-1.1955050230026245,-3.299154758453369,-0.8269517421722412,-1.3535549640655518,-1.7011123895645142,1.5620455741882324,-0.7216367125511169,0.9956179261207581,0.4874393343925476,-1.1316288709640503,-1.1770926713943481,0.06586598604917526,-0.06546469777822495,0.18323349952697754,0.09709490090608597,-0.04532159864902496,0.06777102500200272,-0.1446327120065689,-0.11954386532306671,0.08739550411701202,-0.026085684075951576,0.023557264357805252,-0.12471558153629303,0.018426930531859398,-0.06292131543159485,-0.17363972961902618,-0.04352377727627754,-0.07123973220586777,-0.08953223377466202,0.08221292495727539,-0.037980880588293076,0.052400942891836166,0.02565470151603222,-0.059559416025877,-0.061952244490385056
mobley_7893124,train,0.5740889310836792,-0.20374321937561035,1.5462946891784668,0.07567909359931946,0.05738287419080734,0.7472015023231506,-1.4452193975448608,-1.4909225702285767,0.45362550020217896,-0.48720866441726685,0.382755845785141,-0.8770229816436768,-0.2111905813217163,-0.15497535467147827,-1.2833377122879028,-0.8674442768096924,-0.0277694221585989,-0.6080064177513123,0.1855010986328125,-0.21244065463542938,0.4891267418861389,-0.12026733160018921,-1.011931300163269,-0.36910688877105713,0.0574088916182518,-0.020374322310090065,0.15462946891784668,0.007567909546196461,0.005738287232816219,0.07472015172243118,-0.14452193677425385,-0.14909225702285767,0.045362550765275955,-0.048720866441726685,0.0382755845785141,-0.08770229667425156,-0.02111905813217163,-0.015497535467147827,-0.12833377718925476,-0.08674442768096924,-0.00277694221585989,-0.060800641775131226,0.01855010911822319,-0.021244065836071968,0.04891267418861389,-0.012026732787489891,-0.1011931300163269,-0.03691069036722183
mobley_7814642,train,0.505770742893219,-0.3615444302558899,1.232790231704712,0.13496920466423035,-0.05441899597644806,0.6501845121383667,-1.2989341020584106,-1.5893280506134033,0.6239067316055298,-0.3432554304599762,0.38555634021759033,-1.0749943256378174,-0.08814758062362671,-0.08751887083053589,-1.2335385084152222,-0.7224826216697693,-0.17559200525283813,-0.5803233981132507,0.22018007934093475,-0.3119420111179352,0.5580447912216187,0.006494726985692978,-1.0511384010314941,-0.3365616202354431,0.056196749210357666,-0.040171604603528976,0.1369766891002655,0.014996577985584736,-0.006046555005013943,0.07224272191524506,-0.14432601630687714,-0.17659200727939606,0.06932297348976135,-0.03813949227333069,0.042839594185352325,-0.11944381147623062,-0.009794175624847412,-0.009724318981170654,-0.13705983757972717,-0.08027584850788116,-0.01951022259891033,-0.06448037922382355,0.024464452639222145,-0.0346602238714695,0.062004975974559784,0.0007216363446787,-0.11679315567016602,-0.03739573433995247
mobley_9434451,test,0.39732182025909424,-0.16530893743038177,0.714714765548706,0.20412224531173706,0.017178695648908615,0.4198766350746155,-0.6237943172454834,-0.47398820519447327,0.12738117575645447,-0.23626616597175598,0.1769443154335022,-0.3275131583213806,-0.09274301677942276,-0.042927369475364685,-0.6689077019691467,-0.3348137140274048,-0.17667575180530548,-0.25364524126052856,0.14602087438106537,-0.13669675588607788,0.2244168370962143,0.16161830723285675,-0.16831961274147034,-0.26651063561439514,0.09933045506477356,-0.041327234357595444,0.1786786913871765,0.051030561327934265,0.004294673912227154,0.10496915876865387,-0.15594857931137085,-0.11849705129861832,0.03184529393911362,-0.059066541492938995,0.04423607885837555,-0.08187828958034515,-0.02318575419485569,-0.010731842368841171,-0.16722692549228668,-0.0837034285068512,-0.04416893795132637,-0.06341131031513214,0.03650521859526634,-0.03417418897151947,0.056104209274053574,0.04040457680821419,-0.042079903185367584,-0.06662765890359879
mobley_1800170,validation,0.3517729640007019,-0.19648608565330505,0.5889658331871033,0.15424440801143646,-0.06484724581241608,0.38163745403289795,-0.4936647117137909,-0.4203963279724121,0.15007567405700684,-0.19788557291030884,0.13527429103851318,-0.35803818702697754,-0.12362390756607056,-0.07619288563728333,-0.532867431640625,-0.18508855998516083,-0.21403329074382782,-0.1731947362422943,0.1002020314335823,-0.14445890486240387,0.24594564735889435,0.17417219281196594,-0.09035070985555649,-0.23563358187675476,0.11725765466690063,-0.06549536436796188,0.19632194936275482,0.05141480267047882,-0.02161574922502041,0.12721247971057892,-0.1645549088716507,-0.1401321142911911,0.050025224685668945,-0.06596186012029648,0.045091431587934494,-0.11934605985879898,-0.041207969188690186,-0.02539762854576111,-0.1776224821805954,-0.061696186661720276,-0.07134442776441574,-0.05773157998919487,0.033400677144527435,-0.04815296828746796,0.08198188245296478,0.05805739760398865,-0.03011690266430378,-0.07854452729225159
mobley_7977115,test,0.4671653211116791,-0.0985366702079773,1.1052147150039673,0.498697429895401,0.05074367672204971,0.2607331871986389,-0.9222038984298706,-0.6322391629219055,0.24575716257095337,-0.09418660402297974,0.22543606162071228,-0.3852957785129547,0.01762428879737854,-0.32383495569229126,-0.9592296481132507,-0.3962158262729645,-0.09655598551034927,-0.5772585868835449,0.41862279176712036,-0.15329551696777344,0.2279968410730362,-0.025168895721435547,-0.418008953332901,-0.26081934571266174,0.06673790514469147,-0.01407666690647602,0.15788781642913818,0.07124248892068863,0.007249096874147654,0.03724759817123413,-0.1317434161901474,-0.09031987935304642,0.03510816767811775,-0.013455228880047798,0.03220515325665474,-0.05504225566983223,0.0025177556090056896,-0.04626213759183884,-0.13703280687332153,-0.05660226196050644,-0.013793712481856346,-0.0824655145406723,0.059803254902362823,-0.021899359300732613,0.0325709767639637,-0.0035955565981566906,-0.05971556529402733,-0.03725990653038025
mobley_5690766,train,0.7960131764411926,-0.40857434272766113,1.265638828277588,0.11407504975795746,-0.06146465241909027,0.8703256845474243,-0.9925782084465027,-0.9582395553588867,0.20820197463035583,-0.5604320764541626,0.3571939468383789,-0.7343048453330994,-0.4329192042350769,0.11753025650978088,-1.1963282823562622,-0.6750330328941345,-0.5242997407913208,-0.22512781620025635,0.08587281405925751,-0.38876616954803467,0.546400249004364,0.34866851568222046,-0.23118700087070465,-0.5521678328514099,0.1326688677072525,-0.06809572130441666,0.21093980967998505,0.019012508913874626,-0.010244108736515045,0.14505428075790405,-0.16542969644069672,-0.15970659255981445,0.03470033034682274,-0.0934053435921669,0.059532325714826584,-0.12238413840532303,-0.07215320318937302,0.019588375464081764,-0.1993880420923233,-0.11250550299882889,-0.08738329261541367,-0.037521302700042725,0.014312135986983776,-0.06479436159133911,0.09106671065092087,0.058111418038606644,-0.038531165570020676,-0.09202796965837479
mobley_2763835,train,0.1521320641040802,-0.13963072001934052,1.249544382095337,0.2641330659389496,-0.0974273681640625,0.24949055910110474,-1.1331018209457397,-1.2169325351715088,0.6553726196289062,-0.1908521205186844,0.14551782608032227,-0.8455097675323486,0.29013949632644653,-0.495038777589798,-1.044857144355774,-0.5917297005653381,0.08508716523647308,-0.7556530833244324,0.42191779613494873,-0.07959651201963425,0.2324717938899994,-0.28789326548576355,-1.1314337253570557,-0.1811031550168991,0.01690356247127056,-0.015514524653553963,0.1388382613658905,0.029348118230700493,-0.01082526333630085,0.02772117406129837,-0.12590020895004272,-0.13521473109722137,0.07281918078660965,-0.02120579034090042,0.01616864651441574,-0.09394553303718567,0.03223772346973419,-0.0550043098628521,-0.11609523743391037,-0.06574774533510208,0.00945412926375866,-0.08396145701408386,0.04687975347042084,-0.008844057098031044,0.02583019994199276,-0.03198814019560814,-0.12571485340595245,-0.020122572779655457
mobley_2850833,train,-0.1858977973461151,0.0741170272231102,0.9851864576339722,0.31492242217063904,0.18219861388206482,-0.23891645669937134,-1.1210006475448608,-0.862231969833374,0.611052930355072,0.22266072034835815,0.018920473754405975,-0.6107724905014038,0.812918484210968,-0.7429958581924438,-0.721315860748291,-0.2965068817138672,0.5582054257392883,-0.9240319728851318,0.6268837451934814,0.18098652362823486,-0.15825188159942627,-0.5170652866363525,-1.3754324913024902,0.12925007939338684,-0.0206553116440773,0.008235225453972816,0.10946515947580338,0.03499137982726097,0.020244291052222252,-0.02654627338051796,-0.12455562502145767,-0.09580355137586594,0.06789477169513702,0.024740079417824745,0.002102274913340807,-0.06786361336708069,0.0903242751955986,-0.08255509287118912,-0.08014620840549469,-0.03294520825147629,0.062022823840379715,-0.10267022252082825,0.06965374946594238,0.020109614357352257,-0.017583541572093964,-0.057451698929071426,-0.15282583236694336,0.014361119829118252
mobley_6456034,validation,0.6325428485870361,-0.3306964635848999,1.6872131824493408,0.8160905241966248,-0.04572343826293945,0.4529825448989868,-1.394631266593933,-0.820063591003418,0.49480247497558594,-0.10201149433851242,0.23861515522003174,-0.7481117844581604,0.20213273167610168,-0.506584644317627,-1.5071587562561035,-0.5318207144737244,-0.2704288065433502,-0.9123873710632324,0.6714353561401367,-0.23632842302322388,0.27651792764663696,0.08511945605278015,-0.5938118100166321,-0.4718090891838074,0.06325428187847137,-0.03306964784860611,0.16872131824493408,0.08160905539989471,-0.00457234401255846,0.0452982559800148,-0.1394631266593933,-0.08200635761022568,0.04948024824261665,-0.010201149620115757,0.023861516267061234,-0.0748111754655838,0.02021327242255211,-0.050658464431762695,-0.1507158726453781,-0.053182072937488556,-0.027042880654335022,-0.09123873710632324,0.06714353710412979,-0.023632843047380447,0.027651792392134666,0.008511945605278015,-0.05938117951154709,-0.0471809096634388
mobley_6739648,train,-0.018841326236724854,-0.1468345820903778,0.8734955191612244,0.623747706413269,-0.31044071912765503,-0.1030333936214447,-0.6170675754547119,-0.5176037549972534,0.570594310760498,0.13163739442825317,0.10249173641204834,-0.7029795050621033,0.7287708520889282,-0.42895472049713135,-0.7428761720657349,-0.2195989191532135,-0.05887775868177414,-0.6799384355545044,0.473552942276001,0.030661165714263916,0.17173627018928528,-0.16087518632411957,-0.5347407460212708,-0.05735655874013901,-0.003140221117064357,-0.0244724303483963,0.14558258652687073,0.10395795106887817,-0.051740121096372604,-0.017172232270240784,-0.10284459590911865,-0.08626729249954224,0.0950990542769432,0.021939566358923912,0.017081955447793007,-0.11716324836015701,0.12146180868148804,-0.07149245589971542,-0.12381269782781601,-0.036599818617105484,-0.009812959469854832,-0.11332307010889053,0.0789254903793335,0.005110194440931082,0.028622711077332497,-0.026812531054019928,-0.08912345767021179,-0.009559426456689835
mobley_590519,train,0.7867661118507385,-0.44646745920181274,1.2370121479034424,0.3046521544456482,-0.1670984923839569,0.9031013250350952,-1.0550448894500732,-0.8885729908943176,0.3132663369178772,-0.4318641126155853,0.32489824295043945,-0.7507896423339844,-0.3571985960006714,-0.07859812676906586,-1.0988173484802246,-0.4396904408931732,-0.5491533279418945,-0.32341644167900085,0.20462051033973694,-0.3402916193008423,0.5260769724845886,0.34961968660354614,-0.1490383893251419,-0.5315433740615845,0.13112768530845642,-0.07441124320030212,0.20616869628429413,0.05077536031603813,-0.027849748730659485,0.15051688253879547,-0.1758408099412918,-0.14809550344944,0.052211057394742966,-0.07197735458612442,0.05414970591664314,-0.12513160705566406,-0.059533100575208664,-0.013099688105285168,-0.1831362247467041,-0.07328174263238907,-0.09152555465698242,-0.05390274152159691,0.03410341963171959,-0.05671526864171028,0.08767949789762497,0.05826994776725769,-0.0248397309333086,-0.08859056234359741
mobley_1967551,train,0.04265645146369934,-0.05799458920955658,0.42239874601364136,0.25708165764808655,0.02631303109228611,-0.04706382751464844,-0.3677207827568054,-0.15794652700424194,0.19097936153411865,0.09199313819408417,-0.00861291028559208,-0.22029642760753632,0.30182942748069763,-0.3007553219795227,-0.3676874339580536,-0.07321184128522873,0.06124923378229141,-0.36151745915412903,0.3048012852668762,0.027539923787117004,-0.04366075620055199,-0.03536186367273331,-0.27516329288482666,-0.030039101839065552,0.014218817465007305,-0.01933152973651886,0.14079958200454712,0.08569388836622238,0.008771010674536228,-0.015687942504882812,-0.12257359176874161,-0.052648842334747314,0.06365978717803955,0.03066437877714634,-0.0028709701728075743,-0.07343214005231857,0.10060980916023254,-0.10025177150964737,-0.122562475502491,-0.024403946474194527,0.020416410639882088,-0.12050581723451614,0.10160043090581894,0.009179974906146526,-0.014553585089743137,-0.011787287890911102,-0.09172109514474869,-0.010013033635914326
mobley_8337977,test,0.5573433637619019,-0.23555141687393188,1.2192914485931396,0.4490564465522766,0.025205161422491074,0.46778279542922974,-1.0315912961959839,-0.6612889766693115,0.27325937151908875,-0.16786789894104004,0.22741800546646118,-0.530884861946106,-0.004637300968170166,-0.25290557742118835,-1.07452392578125,-0.461524099111557,-0.19957482814788818,-0.5752917528152466,0.3857745826244354,-0.17851749062538147,0.2540457844734192,0.10334336012601852,-0.3733815550804138,-0.35254111886024475,0.07962048053741455,-0.03365020081400871,0.17418448626995087,0.06415092200040817,0.003600737312808633,0.06682611256837845,-0.14737018942832947,-0.09446985274553299,0.03903705254197121,-0.02398112788796425,0.03248828649520874,-0.07584069669246674,-0.0006624715751968324,-0.03612936660647392,-0.15350341796875,-0.0659320130944252,-0.028510689735412598,-0.08218453824520111,0.05511065572500229,-0.02550249919295311,0.03629225492477417,0.014763337559998035,-0.05334022268652916,-0.05036301538348198
mobley_8823527,train,0.8733818531036377,-0.5553659796714783,2.258699417114258,0.14505966007709503,-0.011896833777427673,1.1327444314956665,-2.445289134979248,-2.981055974960327,1.1246894598007202,-0.5914826393127441,0.7094109654426575,-1.9520777463912964,-0.09725545346736908,-0.18085753917694092,-2.183772563934326,-1.3654214143753052,-0.16920144855976105,-1.0684350728988647,0.3850824534893036,-0.5018694400787354,0.9401493668556213,-0.11335830390453339,-2.1021995544433594,-0.5233309268951416,0.05137540400028229,-0.032668586820364,0.13286466896533966,0.008532920852303505,-0.0006998137687332928,0.06663202494382858,-0.14384053647518158,-0.17535623908042908,0.06615820527076721,-0.03479309752583504,0.04173005744814873,-0.11482810229063034,-0.005720909219235182,-0.010638678446412086,-0.1284572035074234,-0.08031890541315079,-0.009953026659786701,-0.06284911930561066,0.022651908919215202,-0.029521731659770012,0.055302903056144714,-0.0066681355237960815,-0.12365879863500595,-0.03078417293727398
mobley_8883511,train,0.08534263074398041,0.010923832654953003,1.0920888185501099,0.12445378303527832,0.2047194093465805,0.11403967440128326,-1.1920521259307861,-1.038694143295288,0.48402127623558044,-0.04877592623233795,0.14180612564086914,-0.6761423349380493,0.4432913661003113,-0.48187246918678284,-0.8512049913406372,-0.49119260907173157,0.4109647870063782,-0.7361750602722168,0.3940505385398865,0.07753753662109375,0.027217045426368713,-0.367207407951355,-1.224654197692871,-0.013881295919418335,0.00948251411318779,0.001213759183883667,0.1213432028889656,0.013828198425471783,0.022746600210666656,0.012671074829995632,-0.13245023787021637,-0.1154104620218277,0.05378014221787453,-0.005419547203928232,0.015756236389279366,-0.07512692362070084,0.04925459623336792,-0.053541384637355804,-0.0945783331990242,-0.05457695573568344,0.04566275328397751,-0.08179722726345062,0.04378339275717735,0.00861528143286705,0.0030241161584854126,-0.040800824761390686,-0.13607269525527954,-0.0015423662262037396
mobley_2316618,train,-0.11119195818901062,0.18726816773414612,2.249673366546631,0.6614956259727478,0.46058329939842224,-0.2269643098115921,-2.6893327236175537,-1.9758576154708862,1.169158697128296,0.4396296739578247,0.1338430643081665,-1.4157661199569702,1.555906057357788,-1.3957632780075073,-1.6372827291488647,-0.7971697449684143,1.1068439483642578,-1.9498622417449951,1.2037804126739502,0.4232213497161865,-0.34016385674476624,-1.1066389083862305,-2.8900582790374756,0.20564913749694824,-0.005559598095715046,0.009363408200442791,0.1124836653470993,0.03307478129863739,0.023029165342450142,-0.011348215863108635,-0.13446663320064545,-0.09879288077354431,0.058457933366298676,0.021981483325362206,0.00669215340167284,-0.07078830897808075,0.07779530435800552,-0.06978816539049149,-0.081864133477211,-0.039858486503362656,0.05534219741821289,-0.09749311208724976,0.06018901988863945,0.021161068230867386,-0.017008192837238312,-0.05533194541931152,-0.1445029079914093,0.010282456874847412
mobley_6929123,validation,0.15199171006679535,-0.22887064516544342,0.864906907081604,0.6623126864433289,-0.09601475298404694,-0.03678995370864868,-0.7414237260818481,-0.39588165283203125,0.470977246761322,0.18691706657409668,0.03307916969060898,-0.5362751483917236,0.510242223739624,-0.5169659852981567,-0.8497010469436646,-0.1373964250087738,-0.10388404130935669,-0.7067452669143677,0.6059597730636597,-0.08824758231639862,0.04465498775243759,0.006264049559831619,-0.5014452934265137,-0.17901314795017242,0.025331951677799225,-0.03814510628581047,0.14415115118026733,0.11038544774055481,-0.016002459451556206,-0.006131658796221018,-0.12357062101364136,-0.06598027795553207,0.07849621027708054,0.031152844429016113,0.00551319494843483,-0.0893791913986206,0.0850403681397438,-0.08616099506616592,-0.1416168361902237,-0.022899404168128967,-0.017314007505774498,-0.11779087781906128,0.10099329799413681,-0.014707930386066437,0.007442498113960028,0.0010440082987770438,-0.08357421308755875,-0.029835524037480354
mobley_1987439,train,0.4317097067832947,-0.19720982015132904,1.3492283821105957,-0.00859321653842926,0.009864403866231441,0.5923495292663574,-1.2224292755126953,-1.4614176750183105,0.5208642482757568,-0.4429793655872345,0.3136579394340515,-0.9288913607597351,-0.10317184031009674,-0.1976955085992813,-1.1360323429107666,-0.7920129299163818,0.00410204753279686,-0.5513403415679932,0.17646068334579468,-0.20389053225517273,0.43817031383514404,-0.11858680844306946,-1.0308351516723633,-0.2667465806007385,0.04796774685382843,-0.02191220223903656,0.14991426467895508,-0.0009548018570058048,0.0010960448998957872,0.06581661105155945,-0.13582547008991241,-0.16237974166870117,0.05787380412220955,-0.04921992868185043,0.03485088050365448,-0.10321015119552612,-0.011463537812232971,-0.02196616679430008,-0.1262258142232895,-0.08800143748521805,0.0004557830689009279,-0.06126003712415695,0.01960674300789833,-0.02265450358390808,0.04868559166789055,-0.013176311738789082,-0.11453723907470703,-0.029638508334755898
mobley_2913224,train,-0.24692410230636597,-0.045235347002744675,1.5172505378723145,0.8311864137649536,0.09350079298019409,-0.5004271864891052,-1.5308576822280884,-0.9751368165016174,0.9877131581306458,0.5229636430740356,-0.00841125100851059,-0.9665341973304749,1.3832237720489502,-1.2181825637817383,-1.217127799987793,-0.2968730032444,0.5738475918769836,-1.4700372219085693,1.1247855424880981,0.14660370349884033,-0.24421942234039307,-0.5938612222671509,-1.7926772832870483,0.08940821886062622,-0.0189941618591547,-0.0034796420950442553,0.1167115792632103,0.06393741816282272,0.007192368619143963,-0.038494400680065155,-0.11775828152894974,-0.0750105232000351,0.07597793638706207,0.040227971971035004,-0.000647019303869456,-0.07434878498315811,0.10640183091163635,-0.09370635449886322,-0.09362521767616272,-0.022836385294795036,0.04414212331175804,-0.11307978630065918,0.08652196824550629,0.011277208104729652,-0.01878610998392105,-0.045681633055210114,-0.137898251414299,0.006877555511891842
mobley_1855337,train,0.6508923172950745,-0.4710341691970825,1.3895065784454346,0.2111729383468628,-0.08034297823905945,0.7883344292640686,-1.4683347940444946,-1.7873822450637817,0.7041827440261841,-0.3848600685596466,0.4666394591331482,-1.242342472076416,-0.14758500456809998,-0.04299307242035866,-1.4494990110397339,-0.7991207242012024,-0.3001704514026642,-0.6333319544792175,0.25383317470550537,-0.4144594967365265,0.6803346276283264,0.10258336365222931,-1.101162075996399,-0.4283753037452698,0.06508923321962357,-0.04710341617465019,0.1389506608247757,0.02111729420721531,-0.008034298196434975,0.0788334459066391,-0.14683347940444946,-0.17873822152614594,0.07041827589273453,-0.03848600760102272,0.04666394740343094,-0.12423424422740936,-0.014758500270545483,-0.004299307242035866,-0.14494989812374115,-0.07991207391023636,-0.03001704439520836,-0.06333319842815399,0.025383317843079567,-0.04144594818353653,0.06803346425294876,0.010258336551487446,-0.11011620610952377,-0.04283753037452698
mobley_1019269,test,0.32158705592155457,-0.18336722254753113,0.8838173747062683,0.41279706358909607,-0.09671555459499359,0.24761877954006195,-0.680016040802002,-0.5091663599014282,0.3210088610649109,-0.08312122523784637,0.09719738364219666,-0.42126908898353577,0.07484287023544312,-0.31003710627555847,-0.7887833714485168,-0.30094656348228455,-0.18940520286560059,-0.491873174905777,0.38544589281082153,-0.1312643587589264,0.17976626753807068,0.04016411304473877,-0.3106287121772766,-0.23670773208141327,0.06431741267442703,-0.036673445254564285,0.17676347494125366,0.08255941420793533,-0.019343111664056778,0.04952375590801239,-0.13600321114063263,-0.1018332690000534,0.06420177221298218,-0.016624245792627335,0.01943947747349739,-0.08425381779670715,0.014968574047088623,-0.062007419764995575,-0.15775667130947113,-0.06018931418657303,-0.037881039083004,-0.0983746349811554,0.07708917558193207,-0.02625287137925625,0.035953253507614136,0.008032822981476784,-0.06212574243545532,-0.04734154790639877
mobley_4371692,train,-0.40445446968078613,0.3441842794418335,1.8051234483718872,0.545030951499939,0.6003659963607788,-0.5526267290115356,-2.3954689502716064,-1.664942979812622,1.0386545658111572,0.6330564022064209,0.04847221076488495,-1.1522504091262817,1.7121378183364868,-1.3839118480682373,-1.1860631704330444,-0.5344616770744324,1.3617477416992188,-1.8233721256256104,1.1440635919570923,0.552893877029419,-0.514074444770813,-1.205976128578186,-2.8588008880615234,0.4279468059539795,-0.022469691932201385,0.01912134885787964,0.1002846360206604,0.03027949668467045,0.033353667706251144,-0.03070148453116417,-0.1330816149711609,-0.0924968346953392,0.057703033089637756,0.035169798880815506,0.002692900598049164,-0.06401391327381134,0.09511876851320267,-0.07688399404287338,-0.06589239835739136,-0.029692314565181732,0.07565265148878098,-0.10129845142364502,0.06355908513069153,0.03071632608771324,-0.028559692203998566,-0.0669986754655838,-0.15882226824760437,0.023774823173880577
mobley_6794076,train,-0.09192565083503723,0.02969636581838131,0.9998639822006226,0.3494764566421509,0.20060543715953827,-0.07963122427463531,-1.1627326011657715,-0.8101489543914795,0.5167545080184937,0.1640758514404297,0.03720852732658386,-0.6571780443191528,0.6974613070487976,-0.6612138748168945,-0.7415245771408081,-0.3150877356529236,0.505560576915741,-0.892465353012085,0.523448646068573,0.20830419659614563,-0.1418837159872055,-0.4220976233482361,-1.2397383451461792,0.049984969198703766,-0.010213960893452168,0.0032995962537825108,0.11109599471092224,0.03883071616292,0.022289492189884186,-0.008847913704812527,-0.129192516207695,-0.09001655131578445,0.05741716921329498,0.018230650573968887,0.0041342806071043015,-0.07301978021860123,0.07749570161104202,-0.07346820831298828,-0.08239161968231201,-0.03500974923372269,0.05617339909076691,-0.09916281700134277,0.05816096067428589,0.023144910112023354,-0.015764856711030006,-0.04689973592758179,-0.13774870336055756,0.005553885363042355
mobley_1278715,test,1.0551362037658691,-0.5999377369880676,1.286391019821167,0.6780831217765808,0.0059141069650650024,1.0346229076385498,-1.4570603370666504,-1.0878351926803589,0.2893001437187195,-0.25254932045936584,0.5510444045066833,-0.7467583417892456,-0.43408042192459106,0.2600226402282715,-1.4483211040496826,-0.5111124515533447,-0.6567519903182983,-0.5080771446228027,0.2915820777416229,-0.48732811212539673,0.724943995475769,0.4593750536441803,-0.2571021616458893,-0.6862009763717651,0.13189202547073364,-0.07499221712350845,0.16079887747764587,0.0847603902220726,0.0007392633706331253,0.12932786345481873,-0.1821325421333313,-0.13597939908504486,0.036162517964839935,-0.03156866505742073,0.06888055056333542,-0.0933447927236557,-0.05426005274057388,0.032502830028533936,-0.18104013800621033,-0.06388905644416809,-0.08209399878978729,-0.06350964307785034,0.036447759717702866,-0.06091601401567459,0.09061799943447113,0.05742188170552254,-0.03213777020573616,-0.08577512204647064
mobley_9733743,test,0.3812631368637085,-0.249538391828537,0.9052150249481201,0.4517294764518738,-0.07997117191553116,0.4053739011287689,-0.7535547018051147,-0.562038242816925,0.26696646213531494,-0.15983526408672333,0.11864148825407028,-0.5092859268188477,-0.0715753585100174,-0.24032507836818695,-0.8308097124099731,-0.3429558575153351,-0.2482227385044098,-0.46816641092300415,0.29000866413116455,-0.133348286151886,0.21858392655849457,0.1156654879450798,-0.2420416921377182,-0.31798258423805237,0.07625262439250946,-0.04990767687559128,0.18104299902915955,0.09034589678049088,-0.015994234010577202,0.0810747817158699,-0.15071094036102295,-0.11240764707326889,0.05339329317212105,-0.031967051327228546,0.023728298023343086,-0.10185718536376953,-0.014315071515738964,-0.04806501418352127,-0.1661619395017624,-0.0685911700129509,-0.04964454844594002,-0.09363327920436859,0.05800173431634903,-0.026669656857848167,0.043716784566640854,0.02313309721648693,-0.04840833693742752,-0.06359651684761047
mobley_6854178,validation,0.1205158531665802,-0.14519213140010834,0.8866109251976013,0.6315751671791077,-0.04057350754737854,-0.057756051421165466,-0.7301695346832275,-0.2862017750740051,0.3980332016944885,0.15150222182273865,0.0038741808384656906,-0.41292738914489746,0.5033866763114929,-0.5454033613204956,-0.8027940988540649,-0.13270646333694458,0.0035053566098213196,-0.6894137263298035,0.580530047416687,-0.03154262900352478,-0.027545444667339325,-0.0522993765771389,-0.4812661409378052,-0.15397745370864868,0.020085975527763367,-0.024198688566684723,0.14776848256587982,0.10526252537965775,-0.006762251257896423,-0.009626008570194244,-0.12169492244720459,-0.047700297087430954,0.06633886694908142,0.025250369682908058,0.0006456968258135021,-0.06882122904062271,0.08389777690172195,-0.09090056270360947,-0.1337990164756775,-0.022117743268609047,0.0005842261016368866,-0.11490228772163391,0.0967550054192543,-0.005257104989141226,-0.004590907599776983,-0.008716562762856483,-0.08021102100610733,-0.02566290833055973
mobley_766666,validation,0.7004643678665161,-0.47065871953964233,0.9232906699180603,0.27689117193222046,-0.10787498950958252,0.7248712182044983,-0.8628602027893066,-0.8548808693885803,0.28734540939331055,-0.3148205280303955,0.34678828716278076,-0.6935431361198425,-0.2981378436088562,0.1610822081565857,-1.0390681028366089,-0.4337652027606964,-0.553283154964447,-0.2500915825366974,0.16227740049362183,-0.39610740542411804,0.5354484915733337,0.38444259762763977,-0.2082393914461136,-0.48773956298828125,0.1400928795337677,-0.09413174539804459,0.18465813994407654,0.05537823587656021,-0.021574998274445534,0.1449742466211319,-0.1725720465183258,-0.1709761768579483,0.05746908113360405,-0.06296410411596298,0.06935765594244003,-0.13870862126350403,-0.05962757021188736,0.03221644088625908,-0.20781362056732178,-0.08675304055213928,-0.11065663397312164,-0.0500183179974556,0.032455481588840485,-0.07922147959470749,0.10708969831466675,0.07688851654529572,-0.04164787754416466,-0.09754791110754013
mobley_6843802,train,0.14860722422599792,0.0044111693277955055,1.57161545753479,0.4044296145439148,0.39122429490089417,0.40587007999420166,-1.500311017036438,-1.279044508934021,0.5307068228721619,-0.21381954848766327,0.4561088979244232,-0.8651967644691467,0.20507146418094635,-0.23271718621253967,-1.2678208351135254,-0.778723955154419,0.25441431999206543,-0.7543131709098816,0.5528256893157959,-0.1128680482506752,0.15960662066936493,-0.3227635324001312,-1.3103450536727905,-0.20972101390361786,0.012383935041725636,0.0003675974439829588,0.13096795976161957,0.03370246663689613,0.03260202333331108,0.03382250666618347,-0.1250259131193161,-0.10658704489469528,0.04422556981444359,-0.01781829632818699,0.038009073585271835,-0.0720997303724289,0.01708928868174553,-0.01939309947192669,-0.10565173625946045,-0.06489366292953491,0.02120119333267212,-0.0628594309091568,0.04606880620121956,-0.009405670687556267,0.013300552032887936,-0.02689696103334427,-0.10919541865587234,-0.017476750537753105
mobley_7758918,test,0.027209147810935974,-0.1077214851975441,0.7085508108139038,0.524326741695404,0.002620697021484375,-0.17555607855319977,-0.6088599562644958,-0.23616062104701996,0.3731996715068817,0.25500577688217163,-0.006118364632129669,-0.3572520613670349,0.5374373197555542,-0.5296190977096558,-0.603234052658081,-0.06509333103895187,0.07601749897003174,-0.6493278741836548,0.5639933943748474,0.0019408129155635834,-0.06764043867588043,-0.08799467235803604,-0.4846489131450653,-0.04778707027435303,0.005441829562187195,-0.02154429629445076,0.14171016216278076,0.10486534982919693,0.0005241393810138106,-0.035111214965581894,-0.12177199125289917,-0.04723212495446205,0.0746399313211441,0.05100115388631821,-0.001223672879859805,-0.07145041227340698,0.10748746246099472,-0.10592381656169891,-0.12064681202173233,-0.013018665835261345,0.015203500166535378,-0.12986557185649872,0.11279867589473724,0.00038816258893348277,-0.013528088107705116,-0.017598934471607208,-0.09692978113889694,-0.00955741386860609
mobley_9717937,train,0.29289519786834717,-0.11640563607215881,1.632174015045166,-0.1602563112974167,0.09267373383045197,0.5807061195373535,-1.7667614221572876,-2.179461717605591,0.8037174344062805,-0.4233659505844116,0.38436588644981384,-1.2779196500778198,0.14285150170326233,-0.3580304682254791,-1.32041335105896,-1.0552424192428589,0.32859888672828674,-0.8544002771377563,0.25227341055870056,-0.09145761281251907,0.44832804799079895,-0.49613621830940247,-1.9024081230163574,-0.15726318955421448,0.02253039926290512,-0.00895428005605936,0.12555184960365295,-0.012327408418059349,0.007128748577088118,0.044669702649116516,-0.1359047293663025,-0.16765090823173523,0.06182441860437393,-0.0325666107237339,0.029566606506705284,-0.09830151498317719,0.010988577269017696,-0.02754080481827259,-0.1015702560544014,-0.08117249608039856,0.02527683787047863,-0.06572309881448746,0.01940564624965191,-0.007035200949758291,0.03448677435517311,-0.038164325058460236,-0.14633908867835999,-0.01209716871380806
mobley_3169935,train,0.13701456785202026,-0.21974408626556396,1.0501339435577393,0.2344397008419037,-0.031250208616256714,0.3246465027332306,-1.10332190990448,-1.2591166496276855,0.5923194885253906,-0.1712779849767685,0.18223974108695984,-0.9069122076034546,0.1651267558336258,-0.34866416454315186,-0.935244619846344,-0.5436825156211853,0.061051882803440094,-0.6689951419830322,0.3080331087112427,-0.09574669599533081,0.2789604663848877,-0.18234799802303314,-1.077280879020691,-0.1797650158405304,0.017126820981502533,-0.027468010783195496,0.1312667429447174,0.02930496260523796,-0.003906276077032089,0.040580812841653824,-0.13791523873806,-0.1573895812034607,0.07403993606567383,-0.02140974812209606,0.02277996763586998,-0.11336402595043182,0.020640844479203224,-0.04358302056789398,-0.116905577480793,-0.06796031445264816,0.007631485350430012,-0.08362439274787903,0.038504138588905334,-0.011968336999416351,0.03487005829811096,-0.022793499752879143,-0.13466010987758636,-0.0224706269800663
mobley_9407874,test,0.8130478858947754,-0.3368017375469208,1.617440104484558,0.5524654388427734,-0.022643007338047028,0.7328933477401733,-1.3444401025772095,-0.9263132810592651,0.3452899754047394,-0.31543347239494324,0.32997575402259827,-0.7149960994720459,-0.1447606384754181,-0.2500610649585724,-1.4468075037002563,-0.6611388921737671,-0.36776426434516907,-0.6872749328613281,0.4380154609680176,-0.28560495376586914,0.3991481065750122,0.17489218711853027,-0.42498302459716797,-0.5246657133102417,0.09033865481615067,-0.03742241486907005,0.1797155737876892,0.06138505041599274,-0.0025158897042274475,0.08143259584903717,-0.14938223361968994,-0.10292369872331619,0.03836555406451225,-0.035048164427280426,0.0366639718413353,-0.07944401353597641,-0.016084514558315277,-0.027784563601017,-0.16075639426708221,-0.07345987856388092,-0.04086269438266754,-0.07636388391256332,0.04866838455200195,-0.031733885407447815,0.0443497896194458,0.019432464614510536,-0.04722033441066742,-0.058296188712120056
mobley_9653690,validation,0.6600477695465088,-0.054577067494392395,1.6420167684555054,0.3659924864768982,0.2854166030883789,0.5260838866233826,-1.4266719818115234,-1.2204793691635132,0.18850530683994293,-0.3006925582885742,0.6597607135772705,-0.8929735422134399,0.11482460796833038,-0.016210898756980896,-1.3009673357009888,-0.7632017731666565,0.020185843110084534,-0.6061359643936157,0.305996298789978,-0.1493178904056549,0.5270503759384155,-0.04072255641222,-0.8355119228363037,-0.24209223687648773,0.0600043423473835,-0.004961551632732153,0.14927424490451813,0.033272042870521545,0.0259469635784626,0.04782580956816673,-0.12969745695590973,-0.11095266789197922,0.017136845737695694,-0.02733568660914898,0.05997824668884277,-0.0811794102191925,0.010438600555062294,-0.0014737180899828672,-0.11826975643634796,-0.06938198208808899,0.001835076604038477,-0.05510326847434044,0.027817845344543457,-0.01357435341924429,0.04791367053985596,-0.0037020505405962467,-0.07595562934875488,-0.022008385509252548
mobley_2859600,train,0.2800958454608917,-0.07338259369134903,1.0956952571868896,-0.13376234471797943,0.17042386531829834,0.42053666710853577,-1.1475059986114502,-1.2991127967834473,0.3893221616744995,-0.3367862105369568,0.23630152642726898,-0.7948662042617798,0.040014393627643585,-0.19086647033691406,-0.8946642875671387,-0.6870394349098206,0.1776581108570099,-0.46844762563705444,0.14592106640338898,-0.056393101811409,0.2725527286529541,-0.2259201854467392,-1.0709391832351685,-0.14037737250328064,0.035011980682611465,-0.009172824211418629,0.1369619071483612,-0.01672029308974743,0.021302983164787292,0.05256708338856697,-0.14343824982643127,-0.1623890995979309,0.04866527020931244,-0.0420982763171196,0.029537690803408623,-0.09935827553272247,0.005001799203455448,-0.023858308792114258,-0.11183303594589233,-0.08587992936372757,0.022207263857126236,-0.058555953204631805,0.018240133300423622,-0.007049137726426125,0.03406909108161926,-0.0282400231808424,-0.13386739790439606,-0.01754717156291008
mobley_5520946,train,0.22474300861358643,-0.1562761515378952,0.9744169116020203,-0.04899297654628754,-0.02773095667362213,0.43321019411087036,-0.992853045463562,-1.210633397102356,0.4705740809440613,-0.30304402112960815,0.2261008322238922,-0.781375527381897,0.021301599219441414,-0.2244861125946045,-0.7948180437088013,-0.532767117023468,0.06395323574542999,-0.43847978115081787,0.1356506645679474,-0.09839051216840744,0.3259161114692688,-0.1564629077911377,-0.9359892010688782,-0.16391801834106445,0.03210614249110222,-0.022325163707137108,0.13920241594314575,-0.006998996715992689,-0.003961565438657999,0.06188717111945152,-0.14183615148067474,-0.17294763028621674,0.06722486764192581,-0.043292004615068436,0.03230011835694313,-0.111625075340271,0.0030430855695158243,-0.03206944465637207,-0.11354543268680573,-0.07610958814620972,0.00913617666810751,-0.06263996660709381,0.0193786658346653,-0.014055787585675716,0.046559445559978485,-0.022351844236254692,-0.1337127387523651,-0.023416860029101372
mobley_7735340,test,-0.34790387749671936,0.04261265695095062,0.4075700044631958,0.3795751929283142,0.05543283000588417,-0.22762545943260193,-0.570560872554779,-0.2942884564399719,0.3758354187011719,0.23208889365196228,-0.11729670315980911,-0.3753371238708496,0.6233603954315186,-0.5569161176681519,-0.23697872459888458,0.010698232799768448,0.42786210775375366,-0.6420512199401855,0.3700794577598572,0.28950071334838867,-0.23572716116905212,-0.34888339042663574,-0.7986361384391785,0.1108238697052002,-0.06958077847957611,0.008522531017661095,0.08151400089263916,0.07591503858566284,0.011086566373705864,-0.045525092631578445,-0.11411217600107193,-0.058857690542936325,0.07516708225011826,0.046417780220508575,-0.023459341377019882,-0.0750674232840538,0.12467207759618759,-0.11138322204351425,-0.0473957434296608,0.0021396465599536896,0.08557242155075073,-0.1284102499485016,0.07401589304208755,0.057900141924619675,-0.047145433723926544,-0.06977667659521103,-0.15972723066806793,0.02216477319598198
mobley_4983965,validation,0.6200342774391174,-0.31399184465408325,1.0070630311965942,0.24577109515666962,-0.1004282608628273,0.6711822748184204,-0.8274151086807251,-0.6929188966751099,0.22573694586753845,-0.348151296377182,0.24597841501235962,-0.5544525384902954,-0.2806119918823242,-0.06758488714694977,-0.9004301428794861,-0.39537468552589417,-0.3884578049182892,-0.2876112759113312,0.1637974977493286,-0.25795724987983704,0.3976665139198303,0.24633944034576416,-0.1373848021030426,-0.41144996881484985,0.12400685250759125,-0.06279836595058441,0.2014126032590866,0.049154218286275864,-0.0200856514275074,0.13423645496368408,-0.1654830276966095,-0.13858377933502197,0.04514738917350769,-0.06963025778532028,0.04919568449258804,-0.11089050769805908,-0.05612239986658096,-0.013516977429389954,-0.18008603155612946,-0.0790749341249466,-0.07769156247377396,-0.057522255927324295,0.03275949880480766,-0.05159144848585129,0.07953330129384995,0.04926788806915283,-0.02747696079313755,-0.08228999376296997
mobley_1875719,train,0.4354930520057678,-0.20300894975662231,1.027756929397583,0.398443341255188,0.0026409290730953217,0.34327006340026855,-0.8580468893051147,-0.5584744811058044,0.2724683880805969,-0.10952917486429214,0.16735753417015076,-0.4829447865486145,0.07089421898126602,-0.2706824839115143,-0.9132739901542664,-0.37498703598976135,-0.15938618779182434,-0.5252656936645508,0.36899739503860474,-0.13836996257305145,0.19051405787467957,0.07804831862449646,-0.35097736120224,-0.27890744805336,0.0725821778178215,-0.033834826201200485,0.17129282653331757,0.0664072260260582,0.0004401548358146101,0.057211678475141525,-0.1430078148841858,-0.0930790826678276,0.04541139677166939,-0.01825486309826374,0.02789292298257351,-0.08049079775810242,0.011815703473985195,-0.04511374607682228,-0.15221233665943146,-0.06249783933162689,-0.02656436525285244,-0.087544284760952,0.061499565839767456,-0.023061661049723625,0.031752344220876694,0.013008053414523602,-0.058496225625276566,-0.04648457467556
mobley_9029594,test,0.14198949933052063,-0.07461614906787872,0.35456833243370056,0.08768939226865768,0.07393433898687363,0.1779366135597229,-0.272887259721756,-0.21999293565750122,0.07359662652015686,-0.10707452893257141,0.10272609442472458,-0.1997968554496765,-0.05989880487322807,0.03138300031423569,-0.32571208477020264,-0.16798731684684753,-0.0601465180516243,-0.09921101480722427,0.10024219006299973,-0.0789235308766365,0.09435202926397324,0.08048781752586365,-0.07531410455703735,-0.12120117992162704,0.07099474966526031,-0.03730807453393936,0.17728416621685028,0.04384469613432884,0.03696716949343681,0.08896830677986145,-0.136443629860878,-0.10999646782875061,0.03679831326007843,-0.053537264466285706,0.05136304721236229,-0.09989842772483826,-0.029949402436614037,0.015691500157117844,-0.16285604238510132,-0.08399365842342377,-0.03007325902581215,-0.04960550740361214,0.05012109503149986,-0.03946176543831825,0.04717601463198662,0.040243908762931824,-0.03765705227851868,-0.06060058996081352
mobley_2636578,validation,-0.1957097202539444,-0.9860727787017822,1.727535605430603,2.128631114959717,-1.071865200996399,-0.1028459444642067,-0.9358037114143372,-0.20197944343090057,1.477673053741455,0.10572070628404617,-0.19439275562763214,-1.4240331649780273,1.48793625831604,-1.3772063255310059,-1.9227526187896729,-0.14371366798877716,-0.6941990256309509,-1.6717969179153442,1.4881280660629272,-0.4784262180328369,0.0364106222987175,0.3019406199455261,-0.7954081296920776,-0.7283472418785095,-0.01779179275035858,-0.0896429792046547,0.15704868733882904,0.19351191818714142,-0.09744229167699814,-0.009349631145596504,-0.0850730612874031,-0.018361767753958702,0.13433390855789185,0.009610973298549652,-0.017672069370746613,-0.12945756316184998,0.13526692986488342,-0.1252005696296692,-0.17479568719863892,-0.01306487899273634,-0.06310900300741196,-0.15198153257369995,0.13528436422348022,-0.04349329322576523,0.003310056636109948,0.027449147775769234,-0.07230982929468155,-0.06621338427066803
mobley_1873346,train,0.1908625215291977,-0.08729995787143707,0.958396315574646,-0.06564448028802872,0.019238170236349106,0.35517218708992004,-0.933996319770813,-1.1453280448913574,0.4291538894176483,-0.2927941679954529,0.19905684888362885,-0.6889252066612244,0.026925357058644295,-0.212663471698761,-0.7694411873817444,-0.5902771353721619,0.13294613361358643,-0.4633495807647705,0.13944962620735168,-0.07072465866804123,0.27207404375076294,-0.22627784311771393,-0.9444737434387207,-0.13045397400856018,0.02726607397198677,-0.012471422553062439,0.13691376149654388,-0.009377783164381981,0.002748310100287199,0.05073888227343559,-0.13342805206775665,-0.1636182963848114,0.061307698488235474,-0.0418277382850647,0.0284366924315691,-0.09841788560152054,0.003846479579806328,-0.030380496755242348,-0.10992016643285751,-0.08432530611753464,0.018992304801940918,-0.06619279831647873,0.019921375438570976,-0.010103522799909115,0.03886771947145462,-0.03232540562748909,-0.13492481410503387,-0.01863628253340721
mobley_5494918,train,0.7837548851966858,-0.37044790387153625,1.6638705730438232,0.3341362476348877,0.561801552772522,1.1938402652740479,-1.4944874048233032,-1.052706003189087,0.13576817512512207,-0.5609946250915527,0.7914724946022034,-0.7808101773262024,-0.6619797945022583,0.7266631126403809,-1.4947185516357422,-0.9511779546737671,-0.406417578458786,-0.15901122987270355,0.3418840765953064,-0.46924877166748047,0.48291048407554626,0.39159372448921204,-0.30551061034202576,-0.6927808523178101,0.08708387613296509,-0.04116087779402733,0.1848745048046112,0.03712625056505203,0.06242239475250244,0.13264891505241394,-0.1660541594028473,-0.1169673353433609,0.015085352584719658,-0.06233273446559906,0.08794138580560684,-0.08675668388605118,-0.07355330884456635,0.08074034750461578,-0.1660798341035843,-0.10568644106388092,-0.04515750706195831,-0.01766791380941868,0.037987120449543,-0.05213875323534012,0.053656719624996185,0.04351041465997696,-0.03394562378525734,-0.07697565108537674
mobley_4683624,train,0.2973962724208832,-0.1743611842393875,1.4444547891616821,0.2528409957885742,-0.0348198264837265,0.3866066634654999,-1.3278661966323853,-1.3831877708435059,0.6579190492630005,-0.2404099404811859,0.2430875450372696,-0.9123519659042358,0.18408864736557007,-0.4509187638759613,-1.1883686780929565,-0.6924216151237488,0.06463780999183655,-0.8007746338844299,0.4351528286933899,-0.1393468827009201,0.3170377314090729,-0.24796344339847565,-1.1873446702957153,-0.22494401037693024,0.029739627614617348,-0.01743611879646778,0.1444454789161682,0.02528410032391548,-0.0034819827415049076,0.03866066783666611,-0.1327866166830063,-0.13831877708435059,0.06579190492630005,-0.02404099330306053,0.02430875413119793,-0.0912351980805397,0.018408864736557007,-0.04509187489748001,-0.11883686482906342,-0.06924216449260712,0.006463780999183655,-0.08007746189832687,0.04351528361439705,-0.01393468864262104,0.03170377388596535,-0.024796344339847565,-0.1187344640493393,-0.022494401782751083
mobley_2972906,validation,0.10061432421207428,-0.10804840922355652,0.6647812128067017,-0.05882114917039871,-0.03269287943840027,0.2714242935180664,-0.7106001377105713,-0.882522463798523,0.361290842294693,-0.2055092602968216,0.140633687376976,-0.5858879685401917,0.051034338772296906,-0.19814136624336243,-0.5294220447540283,-0.3367532789707184,0.08545014262199402,-0.3249609172344208,0.10572725534439087,-0.03413033485412598,0.2224876880645752,-0.15556879341602325,-0.7251983880996704,-0.09671574085950851,0.020122865214943886,-0.021609682589769363,0.13295623660087585,-0.011764230206608772,-0.006538575980812311,0.05428485944867134,-0.14212003350257874,-0.1765044927597046,0.07225816696882248,-0.0411018505692482,0.028126737102866173,-0.11717759072780609,0.010206867940723896,-0.039628274738788605,-0.10588441044092178,-0.06735065579414368,0.017090028151869774,-0.06499218195676804,0.021145451813936234,-0.006826066877692938,0.0444975383579731,-0.03111375868320465,-0.14503967761993408,-0.019343148916959763
mobley_3414356,train,0.5670821070671082,-0.2297273874282837,1.2646580934524536,0.5146430134773254,-0.01598120480775833,0.4799603223800659,-1.046000599861145,-0.6942794322967529,0.30500680208206177,-0.1800132840871811,0.21905343234539032,-0.48553532361984253,-0.07768762111663818,-0.2718016803264618,-1.0964527130126953,-0.4621621370315552,-0.22996851801872253,-0.6012011170387268,0.41692712903022766,-0.2007347047328949,0.2929905354976654,0.07580902427434921,-0.3560316860675812,-0.3718228340148926,0.08101172745227814,-0.03281819820404053,0.18066544830799103,0.07352042943239212,-0.00228302925825119,0.06856576353311539,-0.14942865073680878,-0.09918277710676193,0.04357239976525307,-0.025716183707118034,0.0312933474779129,-0.06936218589544296,-0.011098231188952923,-0.038828812539577484,-0.1566361039876938,-0.06602316349744797,-0.032852645963430405,-0.08588587492704391,0.05956101790070534,-0.028676386922597885,0.041855789721012115,0.010829860344529152,-0.0508616678416729,-0.0531175471842289
mobley_5282042,train,1.030041217803955,-0.48195508122444153,3.1513004302978516,0.18901851773262024,0.0036640185862779617,1.3852384090423584,-3.037841320037842,-3.3698599338531494,1.174175500869751,-0.8771341443061829,0.7197222709655762,-2.3221375942230225,0.00011979043483734131,-0.43277278542518616,-2.6255125999450684,-1.8532384634017944,-0.07877650856971741,-1.394105315208435,0.503163754940033,-0.29594963788986206,0.891700029373169,-0.3739725351333618,-2.3980066776275635,-0.6214841604232788,0.049049582332372665,-0.022950241342186928,0.15006192028522491,0.00900088157504797,0.0001744770706864074,0.0659637302160263,-0.1446591168642044,-0.16046951711177826,0.05591312050819397,-0.04176829382777214,0.034272488206624985,-0.11057797819375992,5.704306204279419e-06,-0.02060822769999504,-0.12502440810203552,-0.08824945241212845,-0.0037512623239308596,-0.06638596951961517,0.023960178717970848,-0.014092840254306793,0.042461905628442764,-0.01780821569263935,-0.11419079452753067,-0.029594484716653824
mobley_4690963,test,0.396925687789917,-0.31201645731925964,1.3847442865371704,0.8284221291542053,-0.29814040660858154,0.28326183557510376,-0.997581422328949,-0.7429672479629517,0.6270509362220764,-0.08399789035320282,0.0586271807551384,-0.7261658310890198,0.2806960344314575,-0.619830846786499,-1.3043863773345947,-0.43818557262420654,-0.3746679723262787,-0.8451964855194092,0.7028030753135681,-0.19501495361328125,0.22156761586666107,0.022104453295469284,-0.5150524973869324,-0.39752936363220215,0.049615710973739624,-0.039002057164907455,0.1730930358171463,0.10355276614427567,-0.03726755082607269,0.03540772944688797,-0.12469767779111862,-0.09287090599536896,0.07838136702775955,-0.010499736294150352,0.0073283975943923,-0.09077072888612747,0.03508700430393219,-0.07747885584831238,-0.16304829716682434,-0.05477319657802582,-0.046833496540784836,-0.10564956068992615,0.08785038441419601,-0.024376869201660156,0.027695951983332634,0.0027630566619336605,-0.06438156217336655,-0.04969117045402527
mobley_1363784,train,0.11319336295127869,-0.11157707870006561,1.0404051542282104,0.18450017273426056,0.03367164358496666,0.2690746784210205,-1.0388407707214355,-1.057175636291504,0.5009336471557617,-0.16601000726222992,0.14244888722896576,-0.7682146430015564,0.2313690185546875,-0.3865063190460205,-0.8260522484779358,-0.4937881827354431,0.19793027639389038,-0.6513011455535889,0.2840929925441742,0.0042641907930374146,0.16497260332107544,-0.22771000862121582,-1.0132973194122314,-0.11871878057718277,0.014149170368909836,-0.013947134837508202,0.1300506442785263,0.02306252159178257,0.0042089554481208324,0.033634334802627563,-0.12985509634017944,-0.132146954536438,0.06261670589447021,-0.02075125090777874,0.01780611090362072,-0.09602683037519455,0.028921127319335938,-0.048313289880752563,-0.10325653105974197,-0.06172352284193039,0.024741284549236298,-0.08141264319419861,0.035511624068021774,0.0005330238491296768,0.02062157541513443,-0.028463751077651978,-0.12666216492652893,-0.014839847572147846
mobley_2972345,train,0.4339674711227417,-0.21246691048145294,1.931531310081482,-0.20562003552913666,-0.04775369539856911,0.7992278933525085,-1.8922964334487915,-2.485748767852783,0.8945110440254211,-0.6405699849128723,0.5120788812637329,-1.5445120334625244,0.03495173156261444,-0.22678177058696747,-1.5383745431900024,-1.2820268869400024,0.16312792897224426,-0.8540339469909668,0.19524578750133514,-0.17354732751846313,0.6563190817832947,-0.4620586931705475,-1.9512337446212769,-0.2535077929496765,0.03099767677485943,-0.015176207758486271,0.13796652853488922,-0.014687145128846169,-0.0034109782427549362,0.05708770826458931,-0.1351640373468399,-0.17755348980426788,0.0638936460018158,-0.04575499892234802,0.03657706454396248,-0.11032228916883469,0.002496552187949419,-0.016198698431253433,-0.10988389700651169,-0.09157335013151169,0.011651994660496712,-0.061002425849437714,0.013946128077805042,-0.012396237812936306,0.04687993600964546,-0.033004190772771835,-0.13937383890151978,-0.0181076992303133
mobley_7375018,test,1.1920058727264404,-0.4716021418571472,2.208221435546875,0.7055737972259521,-0.048566222190856934,1.1241116523742676,-1.8310807943344116,-1.2975860834121704,0.419009804725647,-0.5229617357254028,0.4931894540786743,-0.9490162134170532,-0.3618995249271393,-0.22848577797412872,-1.9815895557403564,-0.948625922203064,-0.5784702897071838,-0.8491090536117554,0.5069125890731812,-0.43359893560409546,0.6099517345428467,0.27386176586151123,-0.4996061623096466,-0.7717324495315552,0.09933382272720337,-0.03930017724633217,0.18401844799518585,0.058797817677259445,-0.004047185182571411,0.09367597103118896,-0.1525900661945343,-0.10813217610120773,0.03491748496890068,-0.04358014464378357,0.04109911993145943,-0.07908468693494797,-0.03015829436480999,-0.019040482118725777,-0.16513246297836304,-0.0790521577000618,-0.04820585623383522,-0.07075908780097961,0.04224271699786186,-0.03613324463367462,0.05082930997014046,0.022821813821792603,-0.04163384810090065,-0.06431103497743607
mobley_468867,validation,1.490769386291504,-0.07065900415182114,1.9131919145584106,0.5747770667076111,0.7870402336120605,0.903234601020813,-2.2814507484436035,-1.99006187915802,-0.23277033865451813,-0.330776572227478,1.5056589841842651,-1.191432237625122,-0.20107917487621307,0.9069240093231201,-1.878877878189087,-0.9622995853424072,0.005102150142192841,-0.5050806999206543,-0.013157874345779419,-0.48740044236183167,1.3018510341644287,0.2628791928291321,-1.1082007884979248,-0.49273866415023804,0.08769232034683228,-0.004156412091106176,0.11254069954156876,0.033810414373874664,0.046296484768390656,0.05313144624233246,-0.1342029869556427,-0.11706246435642242,-0.013692372478544712,-0.019457444548606873,0.08856817334890366,-0.07008425146341324,-0.011828186921775341,0.053348470479249954,-0.11052222549915314,-0.056605856865644455,0.0003001264703925699,-0.02971062995493412,-0.0007739926222711802,-0.02867061458528042,0.07657947391271591,0.015463481657207012,-0.06518828123807907,-0.02898462675511837
mobley_8789864,test,0.15730737149715424,-0.3545844256877899,1.5710934400558472,1.2791869640350342,-0.3161441683769226,0.059638045728206635,-1.2356557846069336,-0.7476719617843628,0.8665677905082703,0.21258656680583954,-0.05465765297412872,-0.8973977565765381,0.733901858329773,-1.0042519569396973,-1.4919768571853638,-0.38426223397254944,-0.2543025314807892,-1.2407370805740356,1.0574449300765991,-0.0853482186794281,0.030352100729942322,-0.1276048719882965,-0.8208105564117432,-0.3627834618091583,0.015730736777186394,-0.03545844182372093,0.1571093499660492,0.12791869044303894,-0.03161441534757614,0.005963804665952921,-0.12356557697057724,-0.07476719468832016,0.08665677905082703,0.021258655935525894,-0.005465765483677387,-0.08973977714776993,0.0733901858329773,-0.10042519867420197,-0.14919768273830414,-0.038426224142313004,-0.02543025277554989,-0.12407370656728745,0.10574449598789215,-0.008534821681678295,0.003035210072994232,-0.012760487385094166,-0.08208105713129044,-0.03627834469079971
mobley_3264884,train,0.08148539066314697,-0.1436147391796112,1.4068174362182617,0.04365918040275574,0.021222403272986412,0.37170732021331787,-1.5023107528686523,-1.821031093597412,0.7688659429550171,-0.27877211570739746,0.22907045483589172,-1.1687994003295898,0.24860608577728271,-0.48783057928085327,-1.1165356636047363,-0.8483765721321106,0.2782208025455475,-0.8524402976036072,0.32504698634147644,-0.026288844645023346,0.29792162775993347,-0.4634297490119934,-1.676090121269226,-0.12722212076187134,0.007407762575894594,-0.013055885210633278,0.12789249420166016,0.00396901648491621,0.0019293093355372548,0.03379157558083534,-0.1365737020969391,-0.16554827988147736,0.06989690661430359,-0.025342918932437897,0.02082458697259426,-0.10625448822975159,0.022600553929805756,-0.04434823617339134,-0.10150324553251266,-0.07712513953447342,0.02529280073940754,-0.07749456912279129,0.029549725353717804,-0.0023898950312286615,0.027083784341812134,-0.04212997853755951,-0.1523718237876892,-0.011565647087991238
mobley_1755375,train,0.16112032532691956,-0.13487911224365234,1.242716908454895,0.1809253692626953,-0.013574425131082535,0.2413857877254486,-1.1506738662719727,-1.286650538444519,0.6485521197319031,-0.17519204318523407,0.19077610969543457,-0.8650624752044678,0.26550185680389404,-0.45807668566703796,-1.0067689418792725,-0.5976020097732544,0.14880380034446716,-0.7382199764251709,0.4101407527923584,-0.10072097182273865,0.25441139936447144,-0.26609718799591064,-1.181532382965088,-0.1249232292175293,0.017902258783578873,-0.014986568130552769,0.1380796581506729,0.020102819427847862,-0.0015082694590091705,0.02682064287364483,-0.1278526484966278,-0.14296117424964905,0.07206134498119354,-0.01946578174829483,0.021197345107793808,-0.09611805528402328,0.0295002069324255,-0.05089740827679634,-0.11186321824789047,-0.06640022248029709,0.016533754765987396,-0.08202444016933441,0.04557119309902191,-0.011191219091415405,0.028267933055758476,-0.029566355049610138,-0.13128137588500977,-0.013880359008908272
mobley_5759258,test,0.4479069411754608,-0.2283034324645996,1.0807440280914307,0.4638327956199646,-0.10536035895347595,0.3780311942100525,-0.8422285318374634,-0.6329300999641418,0.34558308124542236,-0.15231062471866608,0.15160506963729858,-0.49928197264671326,0.002460092306137085,-0.3028407394886017,-0.967042863368988,-0.3967767059803009,-0.259643018245697,-0.5458113551139832,0.4084116816520691,-0.18059667944908142,0.2500464618206024,0.07315340638160706,-0.33550330996513367,-0.31906259059906006,0.07465115934610367,-0.0380505733191967,0.18012399971485138,0.07730546593666077,-0.01756005920469761,0.06300520151853561,-0.1403714269399643,-0.1054883524775505,0.05759717896580696,-0.02538510411977768,0.02526751160621643,-0.08321366459131241,0.000410015374654904,-0.05047345533967018,-0.16117380559444427,-0.06612945348024368,-0.04327383637428284,-0.090968556702137,0.06806861609220505,-0.030099445953965187,0.0416744090616703,0.01219223439693451,-0.05591721832752228,-0.05317709967494011
mobley_1674094,validation,0.7320144176483154,-0.31470826268196106,1.1765494346618652,0.23607483506202698,-0.03939250856637955,0.7940768599510193,-0.9551273584365845,-0.7923320531845093,0.16536083817481995,-0.44385960698127747,0.3180152177810669,-0.5468429327011108,-0.37888938188552856,0.04906725510954857,-1.0919667482376099,-0.6099961400032043,-0.40228506922721863,-0.30907750129699707,0.10222284495830536,-0.32791203260421753,0.43565046787261963,0.25346553325653076,-0.19376470148563385,-0.49695709347724915,0.12200240045785904,-0.052451375871896744,0.19609157741069794,0.03934580460190773,-0.006565418094396591,0.13234613835811615,-0.1591878980398178,-0.1320553421974182,0.027560139074921608,-0.07397659868001938,0.05300253629684448,-0.09114048629999161,-0.06314823031425476,0.00817787554115057,-0.1819944530725479,-0.10166602581739426,-0.06704751402139664,-0.05151291564106941,0.01703714020550251,-0.054652005434036255,0.07260841131210327,0.04224425554275513,-0.03229411691427231,-0.08282618224620819
mobley_5110043,train,0.40084517002105713,-0.17537713050842285,1.6669813394546509,-0.15182851254940033,0.04141881316900253,0.6591411828994751,-1.6468260288238525,-2.065093517303467,0.7317800521850586,-0.5185177326202393,0.38406527042388916,-1.2383019924163818,-0.014888189733028412,-0.30012184381484985,-1.3497750759124756,-1.072739601135254,0.16131141781806946,-0.7442819476127625,0.20886433124542236,-0.16995662450790405,0.496743768453598,-0.3573529124259949,-1.6365139484405518,-0.23776668310165405,0.03340376541018486,-0.014614760875701904,0.13891510665416718,-0.012652375735342503,0.003451567841693759,0.054928433150053024,-0.13723550736904144,-0.17209112644195557,0.06098167225718498,-0.04320980980992317,0.032005440443754196,-0.10319183021783829,-0.0012406824389472604,-0.025010153651237488,-0.1124812588095665,-0.0893949642777443,0.01344261784106493,-0.06202349439263344,0.01740536093711853,-0.01416305173188448,0.041395314037799835,-0.029779409989714622,-0.13637615740299225,-0.019813889637589455
mobley_4434915,validation,0.21956048905849457,-0.14123418927192688,0.338522732257843,0.13373076915740967,-0.03327922895550728,0.19504883885383606,-0.29741236567497253,-0.28055518865585327,0.11725720018148422,-0.08857092261314392,0.0795414000749588,-0.24270591139793396,-0.045395467430353165,-0.032721202820539474,-0.3690098524093628,-0.12877503037452698,-0.139999121427536,-0.15268254280090332,0.09275315701961517,-0.10687947273254395,0.16478686034679413,0.11727826297283173,-0.07942269742488861,-0.14538812637329102,0.10978024452924728,-0.07061709463596344,0.1692613661289215,0.06686538457870483,-0.01663961447775364,0.09752441942691803,-0.14870618283748627,-0.14027759432792664,0.05862860009074211,-0.04428546130657196,0.0397707000374794,-0.12135295569896698,-0.022697733715176582,-0.016360601410269737,-0.1845049262046814,-0.06438751518726349,-0.069999560713768,-0.07634127140045166,0.04637657850980759,-0.05343973636627197,0.08239343017339706,0.05863913148641586,-0.039711348712444305,-0.07269406318664551
mobley_2371092,train,0.11331425607204437,-0.11174258589744568,1.0406874418258667,0.18418142199516296,0.033166442066431046,0.26999083161354065,-1.0383450984954834,-1.0549943447113037,0.5011751055717468,-0.16646833717823029,0.14239071309566498,-0.7678265571594238,0.23185178637504578,-0.38599932193756104,-0.8263756036758423,-0.4930395781993866,0.1969694346189499,-0.6501721143722534,0.28471291065216064,0.004134543240070343,0.16471806168556213,-0.22696539759635925,-1.0133633613586426,-0.11932316422462463,0.014164282009005547,-0.01396782323718071,0.13008593022823334,0.02302267774939537,0.004145805258303881,0.03374885395169258,-0.12979313731193542,-0.13187429308891296,0.06264688819646835,-0.020808542147278786,0.017798839136958122,-0.09597831964492798,0.028981473296880722,-0.04824991524219513,-0.10329695045948029,-0.061629947274923325,0.024621179327368736,-0.08127151429653168,0.03558911383152008,0.0005168179050087929,0.020589757710695267,-0.028370674699544907,-0.12667042016983032,-0.01491539552807808
mobley_5094777,train,0.3970004916191101,-0.1867600828409195,1.3320189714431763,-0.042643241584300995,-0.0638827234506607,0.610063910484314,-1.2430976629257202,-1.566877007484436,0.5355556011199951,-0.4449801445007324,0.3894452452659607,-1.0324829816818237,-0.006765201687812805,-0.06862419098615646,-1.0667849779129028,-0.8380887508392334,0.013299031183123589,-0.5527981519699097,0.12513181567192078,-0.11899789422750473,0.4967001676559448,-0.21489083766937256,-1.0868748426437378,-0.2178974449634552,0.04411116614937782,-0.020751120522618294,0.14800210297107697,-0.004738138057291508,-0.007098080590367317,0.0677848756313324,-0.13812196254730225,-0.1740974485874176,0.05950617790222168,-0.04944223910570145,0.04327169433236122,-0.11472032964229584,-0.000751689076423645,-0.0076249102130532265,-0.11853166669607162,-0.09312096983194351,0.001477670157328248,-0.061422016471624374,0.013903534971177578,-0.013221988454461098,0.05518890917301178,-0.02387676015496254,-0.1207638680934906,-0.02421082742512226
mobley_7378987,train,-0.8068110942840576,0.25049474835395813,1.1522977352142334,1.271296739578247,0.3880658745765686,-0.9194903373718262,-1.6369576454162598,-0.19843994081020355,0.918127179145813,1.0446252822875977,-0.40406301617622375,-0.70356285572052,2.090777635574341,-1.7121589183807373,-0.716789722442627,0.27912479639053345,1.2901840209960938,-1.8620097637176514,1.2613296508789062,0.8114339709281921,-1.0369080305099487,-0.9109394550323486,-1.9893462657928467,0.37954503297805786,-0.05762936547398567,0.01789248175919056,0.08230698108673096,0.09080690890550613,0.02771899104118347,-0.06567788124084473,-0.11692554503679276,-0.014174281619489193,0.06558050960302353,0.07461608946323395,-0.028861643746495247,-0.05025449022650719,0.14934125542640686,-0.12229706346988678,-0.05119926482439041,0.019937485456466675,0.09215600043535233,-0.1330007016658783,0.09009497612714767,0.05795956775546074,-0.07406485825777054,-0.0650671049952507,-0.1420961618423462,0.027110358700156212
mobley_6497672,train,0.2358779013156891,-0.07275141775608063,0.7279432415962219,0.22588016092777252,0.21941305696964264,0.11154492199420929,-0.7270258665084839,-0.3790048658847809,0.16351531445980072,-0.016818970441818237,0.08248065412044525,-0.3975076377391815,0.276059091091156,-0.2602648437023163,-0.6588151454925537,-0.2179209589958191,0.08821262419223785,-0.39396148920059204,0.32383209466934204,-0.0038534700870513916,0.007619701325893402,0.013822771608829498,-0.4402772784233093,-0.10343091934919357,0.0471755787730217,-0.014550283551216125,0.14558865129947662,0.045176032930612564,0.04388261213898659,0.022308984771370888,-0.14540517330169678,-0.07580097019672394,0.03270306438207626,-0.003363794181495905,0.01649613119661808,-0.07950152456760406,0.05521181970834732,-0.05205296725034714,-0.1317630261182785,-0.0435841903090477,0.01764252409338951,-0.07879229635000229,0.06476642191410065,-0.000770693994127214,0.001523940241895616,0.002764554228633642,-0.08805545419454575,-0.020686183124780655
mobley_1723043,test,0.8626304864883423,-0.30336761474609375,2.0065362453460693,0.44656941294670105,0.9723694920539856,1.39302659034729,-1.9973044395446777,-1.375750184059143,0.050903886556625366,-0.5413265228271484,1.1289643049240112,-0.9616751670837402,-0.6859605312347412,1.1322680711746216,-1.6723277568817139,-1.1535944938659668,-0.12695655226707458,-0.24941623210906982,0.36211061477661133,-0.38693767786026,0.6428982019424438,0.29677489399909973,-0.46621447801589966,-0.6891863346099854,0.07188587635755539,-0.025280633941292763,0.1672113537788391,0.037214118987321854,0.08103079348802567,0.11608555167913437,-0.16644203662872314,-0.11464584618806839,0.004241990391165018,-0.045110542327165604,0.0940803587436676,-0.08013959974050522,-0.05716337636113167,0.09435567259788513,-0.13936065137386322,-0.09613287448883057,-0.010579712688922882,-0.020784685388207436,0.030175885185599327,-0.03224480524659157,0.05357484892010689,0.024731241166591644,-0.03885120525956154,-0.05743219330906868
