model,molecule_id,split,observed_hydration_kcal_mol,predicted_hydration_kcal_mol
mpnn_seed20260928,mobley_8966374,train,-5.51,-7.439505577087402
mpnn_seed20260928,mobley_1858644,train,-6.79,-5.114557266235352
mpnn_seed20260928,mobley_5880265,test,-6.25,-4.809030532836914
mpnn_seed20260928,mobley_5732611,test,-10.27,-7.595147132873535
mpnn_seed20260928,mobley_8436428,validation,2.83,-0.5619664192199707
mpnn_seed20260928,mobley_4687447,test,-6.4,-5.217292308807373
mpnn_seed20260928,mobley_9507933,train,-4.72,-4.941947937011719
mpnn_seed20260928,mobley_994483,train,-0.74,-1.8396801948547363
mpnn_seed20260928,mobley_7829570,train,-3.51,-5.672102451324463
mpnn_seed20260928,mobley_5692472,validation,-4.29,-3.575464963912964
mpnn_seed20260928,mobley_4305650,validation,-3.84,-2.830566167831421
mpnn_seed20260928,mobley_7988076,train,-8.83,-8.859400749206543
mpnn_seed20260928,mobley_9838013,train,-4.43,-3.318978786468506
mpnn_seed20260928,mobley_1792062,validation,-2.33,-1.817927360534668
mpnn_seed20260928,mobley_1899443,train,1.47,-0.1349201202392578
mpnn_seed20260928,mobley_8426916,train,-4.07,-2.763857364654541
mpnn_seed20260928,mobley_6522117,train,-7.07,-7.128355503082275
mpnn_seed20260928,mobley_1743409,validation,-5.71,-7.360403060913086
mpnn_seed20260928,mobley_2864987,test,-4.39,-4.612380027770996
mpnn_seed20260928,mobley_7227357,train,-4.35,-3.288341522216797
mpnn_seed20260928,mobley_1722522,validation,-2.49,-5.100903034210205
mpnn_seed20260928,mobley_9281946,train,-6.74,-7.338253021240234
mpnn_seed20260928,mobley_7150646,train,-2.3,-3.7441420555114746
mpnn_seed20260928,mobley_4149784,train,-3.67,-7.181455612182617
mpnn_seed20260928,mobley_7176290,train,-9.62,-8.022396087646484
mpnn_seed20260928,mobley_9883303,validation,2.71,-1.3546288013458252
mpnn_seed20260928,mobley_6935906,validation,-2.49,-3.533092498779297
mpnn_seed20260928,mobley_3269819,train,-3.17,-4.604709625244141
mpnn_seed20260928,mobley_9617923,train,-2.34,-2.2412798404693604
mpnn_seed20260928,mobley_7106722,validation,2.51,-0.74452805519104
mpnn_seed20260928,mobley_3060426,train,2.93,-0.2643866539001465
mpnn_seed20260928,mobley_1893815,validation,-1.43,-0.810175895690918
mpnn_seed20260928,mobley_3639400,validation,-0.16,-0.9699556827545166
mpnn_seed20260928,mobley_3105103,train,-11.14,-11.332523345947266
mpnn_seed20260928,mobley_5076071,train,-5.66,-6.054819107055664
mpnn_seed20260928,mobley_9557440,train,-17.74,-16.958343505859375
mpnn_seed20260928,mobley_4218209,train,-7.48,-6.585600852966309
mpnn_seed20260928,mobley_4884177,train,-4.59,-4.891384601593018
mpnn_seed20260928,mobley_49274,test,0.6,-0.11862325668334961
mpnn_seed20260928,mobley_4375719,test,3.13,-0.494781494140625
mpnn_seed20260928,mobley_7913234,train,-5.73,-5.305185794830322
mpnn_seed20260928,mobley_5948990,train,-7.37,-7.137096405029297
mpnn_seed20260928,mobley_2607611,validation,-2.26,-4.3920769691467285
mpnn_seed20260928,mobley_2789243,train,-4.01,-5.337743282318115
mpnn_seed20260928,mobley_2681549,train,-0.78,-3.012448787689209
mpnn_seed20260928,mobley_5616693,train,-2.53,-4.204216957092285
mpnn_seed20260928,mobley_8522124,test,0.71,-0.057112693786621094
mpnn_seed20260928,mobley_2517158,validation,0.34,-0.7847781181335449
mpnn_seed20260928,mobley_511661,test,0.56,-0.8204443454742432
mpnn_seed20260928,mobley_6727159,validation,-8.18,-7.641505241394043
mpnn_seed20260928,mobley_3053621,train,-0.9,-3.967482805252075
mpnn_seed20260928,mobley_1803862,validation,2.38,-0.9202585220336914
mpnn_seed20260928,mobley_5371840,train,-3.1,-7.595024108886719
mpnn_seed20260928,mobley_9100956,train,1.7,-1.1563398838043213
mpnn_seed20260928,mobley_7261305,validation,-9.3,-6.883835792541504
mpnn_seed20260928,mobley_3686115,validation,-3.28,-4.979091167449951
mpnn_seed20260928,mobley_1502181,validation,-2.49,-2.365851879119873
mpnn_seed20260928,mobley_3183805,train,-0.86,-3.026546001434326
mpnn_seed20260928,mobley_9624458,train,-1.89,-0.9849247932434082
mpnn_seed20260928,mobley_8207196,validation,-10.22,-7.481130599975586
mpnn_seed20260928,mobley_5449201,train,2.3,-0.955923318862915
mpnn_seed20260928,mobley_5890803,validation,-2.44,-5.0986223220825195
mpnn_seed20260928,mobley_7176248,train,-3.25,-5.671827793121338
mpnn_seed20260928,mobley_2484519,train,-1.93,-3.211122512817383
mpnn_seed20260928,mobley_9979854,train,-4.2,-3.6922943592071533
mpnn_seed20260928,mobley_6911232,test,-2.1,-4.285826683044434
mpnn_seed20260928,mobley_9729792,train,-0.99,-2.617300271987915
mpnn_seed20260928,mobley_7066554,train,-7.03,-5.63058614730835
mpnn_seed20260928,mobley_5852491,test,1.59,-1.1327166557312012
mpnn_seed20260928,mobley_7298388,train,-3.45,-6.042230129241943
mpnn_seed20260928,mobley_8789465,train,-6.2,-6.372559547424316
mpnn_seed20260928,mobley_1036761,train,-4.59,-2.808997392654419
mpnn_seed20260928,mobley_3370989,test,-0.11,-0.8567588329315186
mpnn_seed20260928,mobley_9185328,test,-4.39,-3.1825051307678223
mpnn_seed20260928,mobley_7417968,validation,-5.31,-6.681398391723633
mpnn_seed20260928,mobley_8467917,train,1.68,-0.12899065017700195
mpnn_seed20260928,mobley_5063386,train,-4.58,-8.018285751342773
mpnn_seed20260928,mobley_4792268,train,-6.16,-5.5258917808532715
mpnn_seed20260928,mobley_2457863,train,-7.66,-7.555208683013916
mpnn_seed20260928,mobley_7769613,train,0.84,-1.1678709983825684
mpnn_seed20260928,mobley_7393673,train,-5.33,-8.752582550048828
mpnn_seed20260928,mobley_778352,test,1.31,-0.16793203353881836
mpnn_seed20260928,mobley_8558116,train,-6.32,-5.001983642578125
mpnn_seed20260928,mobley_4883284,train,-5.49,-5.169821739196777
mpnn_seed20260928,mobley_7463799,train,-6.92,-4.782151699066162
mpnn_seed20260928,mobley_9565165,train,-3.35,-4.880587100982666
mpnn_seed20260928,mobley_2577969,test,-4.52,-5.7498908042907715
mpnn_seed20260928,mobley_2929847,test,-6.09,-5.542961120605469
mpnn_seed20260928,mobley_7794077,train,-15.46,-14.193904876708984
mpnn_seed20260928,mobley_3968043,test,-4.7,-4.297227382659912
mpnn_seed20260928,mobley_2099370,validation,-10.78,-10.489367485046387
mpnn_seed20260928,mobley_5286200,train,-2.32,-0.8385415077209473
mpnn_seed20260928,mobley_2183616,train,-0.45,-3.322859287261963
mpnn_seed20260928,mobley_2005792,train,-2.7,-5.371829509735107
mpnn_seed20260928,mobley_4762983,validation,1.66,-0.13908720016479492
mpnn_seed20260928,mobley_7774695,train,-4.69,-4.62578821182251
mpnn_seed20260928,mobley_6334915,validation,-12.74,-8.697443962097168
mpnn_seed20260928,mobley_3589456,train,-4.59,-6.4369025230407715
mpnn_seed20260928,mobley_3682850,train,-4.91,-4.027314186096191
mpnn_seed20260928,mobley_5072416,train,-6.12,-6.58167028427124
mpnn_seed20260928,mobley_6248915,validation,-3.65,-1.9117248058319092
mpnn_seed20260928,mobley_6232400,train,-7.1,-8.86037826538086
mpnn_seed20260928,mobley_8492526,test,-3.03,-3.409651279449463
mpnn_seed20260928,mobley_8809190,train,-0.4,-2.7898917198181152
mpnn_seed20260928,mobley_7983227,test,-4.42,-4.368457317352295
mpnn_seed20260928,mobley_5518547,train,-5.57,-4.733898639678955
mpnn_seed20260928,mobley_3151666,train,-3.64,-2.2945101261138916
mpnn_seed20260928,mobley_8337722,train,-3.2,-5.022997856140137
mpnn_seed20260928,mobley_5627459,test,-2.86,-3.8720760345458984
mpnn_seed20260928,mobley_676247,test,3.12,-0.24694538116455078
mpnn_seed20260928,mobley_2261979,train,-3.15,-4.099864482879639
mpnn_seed20260928,mobley_6081058,test,-3.43,-2.744202136993408
mpnn_seed20260928,mobley_8798016,train,-7.0,-8.861214637756348
mpnn_seed20260928,mobley_1896013,train,-20.52,-21.052255630493164
mpnn_seed20260928,mobley_4039055,train,-18.17,-17.595626831054688
mpnn_seed20260928,mobley_9534740,train,-25.47,-24.406272888183594
mpnn_seed20260928,mobley_252413,test,2.88,-0.5142836570739746
mpnn_seed20260928,mobley_902954,test,-2.09,-5.316477298736572
mpnn_seed20260928,mobley_303222,validation,1.32,-0.5176129341125488
mpnn_seed20260928,mobley_6055410,train,-9.4,-9.303740501403809
mpnn_seed20260928,mobley_3738859,test,-0.1,-1.0447719097137451
mpnn_seed20260928,mobley_6571751,validation,0.67,-0.8949451446533203
mpnn_seed20260928,mobley_349850,train,-4.7,-5.610360622406006
mpnn_seed20260928,mobley_4964807,train,-5.99,-7.2679243087768555
mpnn_seed20260928,mobley_588781,train,-0.04,-2.5374348163604736
mpnn_seed20260928,mobley_9028462,validation,-1.1,-4.941972255706787
mpnn_seed20260928,mobley_3259411,test,-13.43,-8.15156364440918
mpnn_seed20260928,mobley_5747188,train,-3.58,-6.040196895599365
mpnn_seed20260928,mobley_4850657,test,-4.87,-5.725465774536133
mpnn_seed20260928,mobley_337666,train,-16.92,-17.309537887573242
mpnn_seed20260928,mobley_525934,validation,-1.2,-1.4967970848083496
mpnn_seed20260928,mobley_5346580,validation,-3.11,-2.9371376037597656
mpnn_seed20260928,mobley_9414831,train,-2.44,-4.3750529289245605
mpnn_seed20260928,mobley_1827204,test,-2.81,-3.051003932952881
mpnn_seed20260928,mobley_2784376,train,0.75,-1.4755501747131348
mpnn_seed20260928,mobley_6266306,validation,-5.56,-3.5442428588867188
mpnn_seed20260928,mobley_859464,test,-2.36,-5.109523773193359
mpnn_seed20260928,mobley_1857976,train,-1.79,-1.1759593486785889
mpnn_seed20260928,mobley_7708038,validation,-0.56,-1.4963040351867676
mpnn_seed20260928,mobley_5003962,train,-11.53,-12.363344192504883
mpnn_seed20260928,mobley_7860938,train,-3.24,-1.9809825420379639
mpnn_seed20260928,mobley_2402487,test,-6.0,-7.910135746002197
mpnn_seed20260928,mobley_8127829,train,-0.79,-3.219818115234375
mpnn_seed20260928,mobley_4587267,test,-23.62,-18.768402099609375
mpnn_seed20260928,mobley_6733657,validation,-3.44,-1.3628270626068115
mpnn_seed20260928,mobley_5311804,train,-6.62,-5.531120777130127
mpnn_seed20260928,mobley_4613090,train,-7.63,-7.090340614318848
mpnn_seed20260928,mobley_929676,train,0.18,-0.8963065147399902
mpnn_seed20260928,mobley_1571523,train,-6.16,-5.268172264099121
mpnn_seed20260928,mobley_3359593,train,-5.26,-6.147234916687012
mpnn_seed20260928,mobley_430089,test,0.01,-0.3127870559692383
mpnn_seed20260928,mobley_2354112,train,-6.25,-5.240458011627197
mpnn_seed20260928,mobley_3999471,validation,-0.84,-1.1768805980682373
mpnn_seed20260928,mobley_2881590,test,-1.88,-5.323423385620117
mpnn_seed20260928,mobley_2613240,train,-5.33,-6.959081649780273
mpnn_seed20260928,mobley_2023925,validation,0.1,-2.326378107070923
mpnn_seed20260928,mobley_5952846,validation,0.1,-0.18363285064697266
mpnn_seed20260928,mobley_7688753,train,-9.52,-8.859530448913574
mpnn_seed20260928,mobley_8765203,train,0.68,-0.5654425621032715
mpnn_seed20260928,mobley_6201330,train,-9.37,-8.311668395996094
mpnn_seed20260928,mobley_718988,train,-3.79,-2.0476529598236084
mpnn_seed20260928,mobley_5917842,train,-5.8,-6.999600887298584
mpnn_seed20260928,mobley_5220185,train,-5.45,-6.686002731323242
mpnn_seed20260928,mobley_9510785,train,-3.48,-4.628370761871338
mpnn_seed20260928,mobley_5935995,train,2.51,-0.6601085662841797
mpnn_seed20260928,mobley_3663158,train,-8.11,-6.496811866760254
mpnn_seed20260928,mobley_2751110,train,-10.64,-8.022119522094727
mpnn_seed20260928,mobley_313406,train,-4.85,-4.197498321533203
mpnn_seed20260928,mobley_4620651,train,-4.1,-5.664084434509277
mpnn_seed20260928,mobley_4694328,test,-2.29,-2.553738832473755
mpnn_seed20260928,mobley_9571888,train,-4.23,-5.848857879638672
mpnn_seed20260928,mobley_3269565,train,-2.01,-3.80647349357605
mpnn_seed20260928,mobley_1944394,validation,-9.34,-6.073678970336914
mpnn_seed20260928,mobley_1261349,test,2.51,-0.8651638031005859
mpnn_seed20260928,mobley_755351,train,-7.29,-6.585820198059082
mpnn_seed20260928,mobley_1881249,train,-3.52,-3.3608455657958984
mpnn_seed20260928,mobley_7608462,train,-1.12,-3.5210928916931152
mpnn_seed20260928,mobley_4287564,train,-4.63,-5.443042755126953
mpnn_seed20260928,mobley_9114381,train,-6.72,-6.791154861450195
mpnn_seed20260928,mobley_646007,train,-5.48,-3.300593852996826
mpnn_seed20260928,mobley_4845722,train,-2.33,-2.805790901184082
mpnn_seed20260928,mobley_8320545,train,-3.71,-5.427569389343262
mpnn_seed20260928,mobley_2198613,test,-0.63,-1.4439926147460938
mpnn_seed20260928,mobley_8723116,train,-5.9,-4.67575216293335
mpnn_seed20260928,mobley_627267,test,-0.03,-1.2078945636749268
mpnn_seed20260928,mobley_4934872,train,-5.23,-7.142062187194824
mpnn_seed20260928,mobley_9121449,train,-0.16,-0.45137882232666016
mpnn_seed20260928,mobley_4483973,train,-0.8,-3.420226573944092
mpnn_seed20260928,mobley_664966,train,-2.49,-3.4398417472839355
mpnn_seed20260928,mobley_632905,train,-4.4,-7.372250556945801
mpnn_seed20260928,mobley_3715043,train,-2.82,-4.176052093505859
mpnn_seed20260928,mobley_1615431,validation,-0.53,-3.1376914978027344
mpnn_seed20260928,mobley_7754849,validation,-6.1,-5.4756317138671875
mpnn_seed20260928,mobley_7893124,train,-0.44,-2.652678966522217
mpnn_seed20260928,mobley_7814642,train,-1.12,-3.0091347694396973
mpnn_seed20260928,mobley_9434451,test,-0.48,-1.485814094543457
mpnn_seed20260928,mobley_1800170,validation,-1.14,-1.2302939891815186
mpnn_seed20260928,mobley_7977115,test,-4.06,-3.7747299671173096
mpnn_seed20260928,mobley_5690766,train,1.01,0.3667411804199219
mpnn_seed20260928,mobley_2763835,train,-2.22,-5.327430725097656
mpnn_seed20260928,mobley_2850833,train,-4.68,-8.853894233703613
mpnn_seed20260928,mobley_6456034,validation,-1.69,-4.362666606903076
mpnn_seed20260928,mobley_6739648,train,-5.06,-6.500588417053223
mpnn_seed20260928,mobley_590519,train,-1.64,-0.5571517944335938
mpnn_seed20260928,mobley_1967551,train,-3.5,-5.360657215118408
mpnn_seed20260928,mobley_8337977,test,-3.05,-2.9928476810455322
mpnn_seed20260928,mobley_8823527,train,-3.61,-4.593277931213379
mpnn_seed20260928,mobley_8883511,train,-3.93,-6.169985771179199
mpnn_seed20260928,mobley_2316618,train,-14.21,-11.993585586547852
mpnn_seed20260928,mobley_6929123,validation,-4.0,-6.057827472686768
mpnn_seed20260928,mobley_1987439,train,-0.9,-3.0307536125183105
mpnn_seed20260928,mobley_2913224,train,-9.94,-10.982090950012207
mpnn_seed20260928,mobley_1855337,train,-1.62,-2.886491537094116
mpnn_seed20260928,mobley_1019269,test,-4.72,-3.6658382415771484
mpnn_seed20260928,mobley_4371692,train,-9.53,-14.06648063659668
mpnn_seed20260928,mobley_6794076,train,-7.62,-7.93612003326416
mpnn_seed20260928,mobley_1278715,test,-0.64,-0.5668916702270508
mpnn_seed20260928,mobley_9733743,test,-4.24,-2.771472215652466
mpnn_seed20260928,mobley_6854178,validation,-2.02,-6.243685245513916
mpnn_seed20260928,mobley_766666,validation,-0.44,-0.2522773742675781
mpnn_seed20260928,mobley_6843802,train,-1.29,-4.9883809089660645
mpnn_seed20260928,mobley_7758918,test,-6.46,-6.920694828033447
mpnn_seed20260928,mobley_9717937,train,-2.69,-5.068839073181152
mpnn_seed20260928,mobley_3169935,train,-4.91,-4.673834323883057
mpnn_seed20260928,mobley_9407874,test,-2.88,-2.5289244651794434
mpnn_seed20260928,mobley_9653690,validation,-4.44,-3.1466381549835205
mpnn_seed20260928,mobley_2859600,train,-1.24,-3.4657907485961914
mpnn_seed20260928,mobley_5520946,train,-2.55,-3.3580474853515625
mpnn_seed20260928,mobley_7735340,test,-9.63,-8.617042541503906
mpnn_seed20260928,mobley_4983965,validation,-1.46,-0.7751832008361816
mpnn_seed20260928,mobley_1875719,train,-3.41,-3.349562883377075
mpnn_seed20260928,mobley_9029594,test,-0.22,-1.7237961292266846
mpnn_seed20260928,mobley_2636578,validation,-4.8,-7.14963960647583
mpnn_seed20260928,mobley_1873346,train,-0.9,-3.5625128746032715
mpnn_seed20260928,mobley_5494918,train,2.93,1.6466460227966309
mpnn_seed20260928,mobley_4683624,train,-5.21,-4.8878254890441895
mpnn_seed20260928,mobley_2972906,validation,-1.4,-3.4126296043395996
mpnn_seed20260928,mobley_3414356,train,-3.92,-2.975943088531494
mpnn_seed20260928,mobley_5282042,train,-7.43,-5.4506378173828125
mpnn_seed20260928,mobley_4690963,test,-3.54,-4.896618843078613
mpnn_seed20260928,mobley_1363784,train,-4.84,-4.927374839782715
mpnn_seed20260928,mobley_2972345,train,-3.78,-4.49131965637207
mpnn_seed20260928,mobley_7375018,test,-2.15,-2.1473186016082764
mpnn_seed20260928,mobley_468867,validation,-2.55,-0.648198127746582
mpnn_seed20260928,mobley_8789864,test,-6.4,-6.990715980529785
mpnn_seed20260928,mobley_3264884,train,-7.47,-5.639852523803711
mpnn_seed20260928,mobley_1755375,train,-5.26,-5.267750263214111
mpnn_seed20260928,mobley_5759258,test,-4.57,-3.265979528427124
mpnn_seed20260928,mobley_1674094,validation,0.29,-0.20259475708007812
mpnn_seed20260928,mobley_5110043,train,-2.63,-4.180685043334961
mpnn_seed20260928,mobley_4434915,validation,-0.55,-1.7859869003295898
mpnn_seed20260928,mobley_2371092,train,-5.22,-4.923992156982422
mpnn_seed20260928,mobley_5094777,train,-1.46,-3.0747833251953125
mpnn_seed20260928,mobley_7378987,train,-12.64,-17.291271209716797
mpnn_seed20260928,mobley_6497672,train,-4.22,-4.3378095626831055
mpnn_seed20260928,mobley_1723043,test,3.43,2.0786051750183105
mpnn_seed20260929,mobley_8966374,train,-5.51,-7.630491256713867
mpnn_seed20260929,mobley_1858644,train,-6.79,-4.145326137542725
mpnn_seed20260929,mobley_5880265,test,-6.25,-4.560105800628662
mpnn_seed20260929,mobley_5732611,test,-10.27,-8.04405403137207
mpnn_seed20260929,mobley_8436428,validation,2.83,0.8498406410217285
mpnn_seed20260929,mobley_4687447,test,-6.4,-4.863308906555176
mpnn_seed20260929,mobley_9507933,train,-4.72,-4.269097328186035
mpnn_seed20260929,mobley_994483,train,-0.74,-0.3231086730957031
mpnn_seed20260929,mobley_7829570,train,-3.51,-5.313850402832031
mpnn_seed20260929,mobley_5692472,validation,-4.29,-3.194845676422119
mpnn_seed20260929,mobley_4305650,validation,-3.84,-2.995539426803589
mpnn_seed20260929,mobley_7988076,train,-8.83,-7.826009750366211
mpnn_seed20260929,mobley_9838013,train,-4.43,-2.611011028289795
mpnn_seed20260929,mobley_1792062,validation,-2.33,-0.3978877067565918
mpnn_seed20260929,mobley_1899443,train,1.47,0.9675512313842773
mpnn_seed20260929,mobley_8426916,train,-4.07,-2.4260027408599854
mpnn_seed20260929,mobley_6522117,train,-7.07,-5.5407843589782715
mpnn_seed20260929,mobley_1743409,validation,-5.71,-6.3952531814575195
mpnn_seed20260929,mobley_2864987,test,-4.39,-3.1256206035614014
mpnn_seed20260929,mobley_7227357,train,-4.35,-2.679372787475586
mpnn_seed20260929,mobley_1722522,validation,-2.49,-4.859640121459961
mpnn_seed20260929,mobley_9281946,train,-6.74,-5.256515026092529
mpnn_seed20260929,mobley_7150646,train,-2.3,-1.9757611751556396
mpnn_seed20260929,mobley_4149784,train,-3.67,-5.859291076660156
mpnn_seed20260929,mobley_7176290,train,-9.62,-7.181116104125977
mpnn_seed20260929,mobley_9883303,validation,2.71,1.1816487312316895
mpnn_seed20260929,mobley_6935906,validation,-2.49,-3.502018451690674
mpnn_seed20260929,mobley_3269819,train,-3.17,-3.622344970703125
mpnn_seed20260929,mobley_9617923,train,-2.34,-1.902662992477417
mpnn_seed20260929,mobley_7106722,validation,2.51,0.7363724708557129
mpnn_seed20260929,mobley_3060426,train,2.93,1.0143051147460938
mpnn_seed20260929,mobley_1893815,validation,-1.43,-1.212324857711792
mpnn_seed20260929,mobley_3639400,validation,-0.16,0.07626199722290039
mpnn_seed20260929,mobley_3105103,train,-11.14,-8.533445358276367
mpnn_seed20260929,mobley_5076071,train,-5.66,-5.079460620880127
mpnn_seed20260929,mobley_9557440,train,-17.74,-16.187705993652344
mpnn_seed20260929,mobley_4218209,train,-7.48,-5.800103187561035
mpnn_seed20260929,mobley_4884177,train,-4.59,-4.230294704437256
mpnn_seed20260929,mobley_49274,test,0.6,0.7983169555664062
mpnn_seed20260929,mobley_4375719,test,3.13,1.087634563446045
mpnn_seed20260929,mobley_7913234,train,-5.73,-4.572561264038086
mpnn_seed20260929,mobley_5948990,train,-7.37,-6.768594264984131
mpnn_seed20260929,mobley_2607611,validation,-2.26,-4.3487443923950195
mpnn_seed20260929,mobley_2789243,train,-4.01,-4.893329620361328
mpnn_seed20260929,mobley_2681549,train,-0.78,-2.101875066757202
mpnn_seed20260929,mobley_5616693,train,-2.53,-3.0438802242279053
mpnn_seed20260929,mobley_8522124,test,0.71,0.9005203247070312
mpnn_seed20260929,mobley_2517158,validation,0.34,0.737922191619873
mpnn_seed20260929,mobley_511661,test,0.56,0.30483293533325195
mpnn_seed20260929,mobley_6727159,validation,-8.18,-6.842909812927246
mpnn_seed20260929,mobley_3053621,train,-0.9,-2.2213058471679688
mpnn_seed20260929,mobley_1803862,validation,2.38,0.5959587097167969
mpnn_seed20260929,mobley_5371840,train,-3.1,-6.094537734985352
mpnn_seed20260929,mobley_9100956,train,1.7,0.21900701522827148
mpnn_seed20260929,mobley_7261305,validation,-9.3,-6.983861923217773
mpnn_seed20260929,mobley_3686115,validation,-3.28,-4.5336456298828125
mpnn_seed20260929,mobley_1502181,validation,-2.49,-2.0580341815948486
mpnn_seed20260929,mobley_3183805,train,-0.86,-1.0420506000518799
mpnn_seed20260929,mobley_9624458,train,-1.89,-0.4080023765563965
mpnn_seed20260929,mobley_8207196,validation,-10.22,-6.429531097412109
mpnn_seed20260929,mobley_5449201,train,2.3,0.5808267593383789
mpnn_seed20260929,mobley_5890803,validation,-2.44,-4.85908842086792
mpnn_seed20260929,mobley_7176248,train,-3.25,-5.314073085784912
mpnn_seed20260929,mobley_2484519,train,-1.93,-1.6578269004821777
mpnn_seed20260929,mobley_9979854,train,-4.2,-2.383147716522217
mpnn_seed20260929,mobley_6911232,test,-2.1,-3.6402101516723633
mpnn_seed20260929,mobley_9729792,train,-0.99,-0.19035005569458008
mpnn_seed20260929,mobley_7066554,train,-7.03,-4.652934551239014
mpnn_seed20260929,mobley_5852491,test,1.59,0.10212135314941406
mpnn_seed20260929,mobley_7298388,train,-3.45,-6.040584564208984
mpnn_seed20260929,mobley_8789465,train,-6.2,-5.332117080688477
mpnn_seed20260929,mobley_1036761,train,-4.59,-2.492985248565674
mpnn_seed20260929,mobley_3370989,test,-0.11,0.6306238174438477
mpnn_seed20260929,mobley_9185328,test,-4.39,-2.815258026123047
mpnn_seed20260929,mobley_7417968,validation,-5.31,-5.992130756378174
mpnn_seed20260929,mobley_8467917,train,1.68,1.0336098670959473
mpnn_seed20260929,mobley_5063386,train,-4.58,-7.1851396560668945
mpnn_seed20260929,mobley_4792268,train,-6.16,-5.378142833709717
mpnn_seed20260929,mobley_2457863,train,-7.66,-6.340989589691162
mpnn_seed20260929,mobley_7769613,train,0.84,0.3115062713623047
mpnn_seed20260929,mobley_7393673,train,-5.33,-7.121678352355957
mpnn_seed20260929,mobley_778352,test,1.31,0.8893852233886719
mpnn_seed20260929,mobley_8558116,train,-6.32,-4.790822982788086
mpnn_seed20260929,mobley_4883284,train,-5.49,-4.438496112823486
mpnn_seed20260929,mobley_7463799,train,-6.92,-3.7486085891723633
mpnn_seed20260929,mobley_9565165,train,-3.35,-2.6597466468811035
mpnn_seed20260929,mobley_2577969,test,-4.52,-3.584167957305908
mpnn_seed20260929,mobley_2929847,test,-6.09,-5.302455902099609
mpnn_seed20260929,mobley_7794077,train,-15.46,-13.175313949584961
mpnn_seed20260929,mobley_3968043,test,-4.7,-4.3036298751831055
mpnn_seed20260929,mobley_2099370,validation,-10.78,-8.599347114562988
mpnn_seed20260929,mobley_5286200,train,-2.32,-0.2744631767272949
mpnn_seed20260929,mobley_2183616,train,-0.45,-0.8856091499328613
mpnn_seed20260929,mobley_2005792,train,-2.7,-2.6771597862243652
mpnn_seed20260929,mobley_4762983,validation,1.66,1.0583868026733398
mpnn_seed20260929,mobley_7774695,train,-4.69,-3.8009328842163086
mpnn_seed20260929,mobley_6334915,validation,-12.74,-5.714173793792725
mpnn_seed20260929,mobley_3589456,train,-4.59,-5.452912330627441
mpnn_seed20260929,mobley_3682850,train,-4.91,-3.8346517086029053
mpnn_seed20260929,mobley_5072416,train,-6.12,-5.8003435134887695
mpnn_seed20260929,mobley_6248915,validation,-3.65,-1.5618529319763184
mpnn_seed20260929,mobley_6232400,train,-7.1,-8.534568786621094
mpnn_seed20260929,mobley_8492526,test,-3.03,-3.23779034614563
mpnn_seed20260929,mobley_8809190,train,-0.4,-0.7029664516448975
mpnn_seed20260929,mobley_7983227,test,-4.42,-3.0665745735168457
mpnn_seed20260929,mobley_5518547,train,-5.57,-3.914757251739502
mpnn_seed20260929,mobley_3151666,train,-3.64,-1.781954288482666
mpnn_seed20260929,mobley_8337722,train,-3.2,-2.980536937713623
mpnn_seed20260929,mobley_5627459,test,-2.86,-3.694746971130371
mpnn_seed20260929,mobley_676247,test,3.12,1.1865177154541016
mpnn_seed20260929,mobley_2261979,train,-3.15,-2.335427761077881
mpnn_seed20260929,mobley_6081058,test,-3.43,-2.3803701400756836
mpnn_seed20260929,mobley_8798016,train,-7.0,-8.535745620727539
mpnn_seed20260929,mobley_1896013,train,-20.52,-20.891408920288086
mpnn_seed20260929,mobley_4039055,train,-18.17,-17.50113868713379
mpnn_seed20260929,mobley_9534740,train,-25.47,-24.810754776000977
mpnn_seed20260929,mobley_252413,test,2.88,0.8421792984008789
mpnn_seed20260929,mobley_902954,test,-2.09,-5.611943244934082
mpnn_seed20260929,mobley_303222,validation,1.32,0.7118978500366211
mpnn_seed20260929,mobley_6055410,train,-9.4,-7.8659868240356445
mpnn_seed20260929,mobley_3738859,test,-0.1,0.4457216262817383
mpnn_seed20260929,mobley_6571751,validation,0.67,0.37870216369628906
mpnn_seed20260929,mobley_349850,train,-4.7,-4.406229019165039
mpnn_seed20260929,mobley_4964807,train,-5.99,-6.9513936042785645
mpnn_seed20260929,mobley_588781,train,-0.04,-0.3091254234313965
mpnn_seed20260929,mobley_9028462,validation,-1.1,-4.802675724029541
mpnn_seed20260929,mobley_3259411,test,-13.43,-7.506736755371094
mpnn_seed20260929,mobley_5747188,train,-3.58,-6.040674686431885
mpnn_seed20260929,mobley_4850657,test,-4.87,-6.660983085632324
mpnn_seed20260929,mobley_337666,train,-16.92,-17.35130500793457
mpnn_seed20260929,mobley_525934,validation,-1.2,-0.9204070568084717
mpnn_seed20260929,mobley_5346580,validation,-3.11,-2.6604268550872803
mpnn_seed20260929,mobley_9414831,train,-2.44,-2.2747960090637207
mpnn_seed20260929,mobley_1827204,test,-2.81,-2.8198158740997314
mpnn_seed20260929,mobley_2784376,train,0.75,-0.5900692939758301
mpnn_seed20260929,mobley_6266306,validation,-5.56,-3.4722890853881836
mpnn_seed20260929,mobley_859464,test,-2.36,-4.823428153991699
mpnn_seed20260929,mobley_1857976,train,-1.79,-0.5716714859008789
mpnn_seed20260929,mobley_7708038,validation,-0.56,0.004646778106689453
mpnn_seed20260929,mobley_5003962,train,-11.53,-9.471763610839844
mpnn_seed20260929,mobley_7860938,train,-3.24,-1.7883124351501465
mpnn_seed20260929,mobley_2402487,test,-6.0,-6.775720596313477
mpnn_seed20260929,mobley_8127829,train,-0.79,-1.2861137390136719
mpnn_seed20260929,mobley_4587267,test,-23.62,-18.43477439880371
mpnn_seed20260929,mobley_6733657,validation,-3.44,-0.7728826999664307
mpnn_seed20260929,mobley_5311804,train,-6.62,-4.664563179016113
mpnn_seed20260929,mobley_4613090,train,-7.63,-6.538928985595703
mpnn_seed20260929,mobley_929676,train,0.18,0.6035094261169434
mpnn_seed20260929,mobley_1571523,train,-6.16,-4.112290859222412
mpnn_seed20260929,mobley_3359593,train,-5.26,-5.208009719848633
mpnn_seed20260929,mobley_430089,test,0.01,0.5604019165039062
mpnn_seed20260929,mobley_2354112,train,-6.25,-4.089617729187012
mpnn_seed20260929,mobley_3999471,validation,-0.84,-0.54632568359375
mpnn_seed20260929,mobley_2881590,test,-1.88,-5.574254989624023
mpnn_seed20260929,mobley_2613240,train,-5.33,-5.748091220855713
mpnn_seed20260929,mobley_2023925,validation,0.1,-1.645021915435791
mpnn_seed20260929,mobley_5952846,validation,0.1,-1.0251233577728271
mpnn_seed20260929,mobley_7688753,train,-9.52,-7.826343536376953
mpnn_seed20260929,mobley_8765203,train,0.68,0.5013365745544434
mpnn_seed20260929,mobley_6201330,train,-9.37,-6.8817033767700195
mpnn_seed20260929,mobley_718988,train,-3.79,-1.7048780918121338
mpnn_seed20260929,mobley_5917842,train,-5.8,-5.862292289733887
mpnn_seed20260929,mobley_5220185,train,-5.45,-6.734381198883057
mpnn_seed20260929,mobley_9510785,train,-3.48,-3.0036773681640625
mpnn_seed20260929,mobley_5935995,train,2.51,0.7378625869750977
mpnn_seed20260929,mobley_3663158,train,-8.11,-5.308950901031494
mpnn_seed20260929,mobley_2751110,train,-10.64,-7.1803717613220215
mpnn_seed20260929,mobley_313406,train,-4.85,-3.658083438873291
mpnn_seed20260929,mobley_4620651,train,-4.1,-5.6897053718566895
mpnn_seed20260929,mobley_4694328,test,-2.29,-2.2617151737213135
mpnn_seed20260929,mobley_9571888,train,-4.23,-5.879234790802002
mpnn_seed20260929,mobley_3269565,train,-2.01,-3.1237359046936035
mpnn_seed20260929,mobley_1944394,validation,-9.34,-5.078487396240234
mpnn_seed20260929,mobley_1261349,test,2.51,0.6195516586303711
mpnn_seed20260929,mobley_755351,train,-7.29,-5.800636291503906
mpnn_seed20260929,mobley_1881249,train,-3.52,-3.1890368461608887
mpnn_seed20260929,mobley_7608462,train,-1.12,-1.9932575225830078
mpnn_seed20260929,mobley_4287564,train,-4.63,-4.885336875915527
mpnn_seed20260929,mobley_9114381,train,-6.72,-6.852508544921875
mpnn_seed20260929,mobley_646007,train,-5.48,-3.1310834884643555
mpnn_seed20260929,mobley_4845722,train,-2.33,-2.796640396118164
mpnn_seed20260929,mobley_8320545,train,-3.71,-5.899333953857422
mpnn_seed20260929,mobley_2198613,test,-0.63,-0.3107428550720215
mpnn_seed20260929,mobley_8723116,train,-5.9,-4.048316955566406
mpnn_seed20260929,mobley_627267,test,-0.03,0.2729988098144531
mpnn_seed20260929,mobley_4934872,train,-5.23,-5.84022855758667
mpnn_seed20260929,mobley_9121449,train,-0.16,0.41423940658569336
mpnn_seed20260929,mobley_4483973,train,-0.8,-1.6539814472198486
mpnn_seed20260929,mobley_664966,train,-2.49,-2.3368303775787354
mpnn_seed20260929,mobley_632905,train,-4.4,-6.192042350769043
mpnn_seed20260929,mobley_3715043,train,-2.82,-1.9652578830718994
mpnn_seed20260929,mobley_1615431,validation,-0.53,-2.55094051361084
mpnn_seed20260929,mobley_7754849,validation,-6.1,-5.580406665802002
mpnn_seed20260929,mobley_7893124,train,-0.44,-0.6908533573150635
mpnn_seed20260929,mobley_7814642,train,-1.12,-2.102993965148926
mpnn_seed20260929,mobley_9434451,test,-0.48,0.04526710510253906
mpnn_seed20260929,mobley_1800170,validation,-1.14,-0.5838804244995117
mpnn_seed20260929,mobley_7977115,test,-4.06,-2.708679437637329
mpnn_seed20260929,mobley_5690766,train,1.01,1.1895194053649902
mpnn_seed20260929,mobley_2763835,train,-2.22,-4.0942912101745605
mpnn_seed20260929,mobley_2850833,train,-4.68,-7.823154926300049
mpnn_seed20260929,mobley_6456034,validation,-1.69,-4.29785680770874
mpnn_seed20260929,mobley_6739648,train,-5.06,-6.061006546020508
mpnn_seed20260929,mobley_590519,train,-1.64,-0.8457210063934326
mpnn_seed20260929,mobley_1967551,train,-3.5,-5.80075216293335
mpnn_seed20260929,mobley_8337977,test,-3.05,-2.751983880996704
mpnn_seed20260929,mobley_8823527,train,-3.61,-3.202578067779541
mpnn_seed20260929,mobley_8883511,train,-3.93,-5.018664360046387
mpnn_seed20260929,mobley_2316618,train,-14.21,-8.590521812438965
mpnn_seed20260929,mobley_6929123,validation,-4.0,-5.784135341644287
mpnn_seed20260929,mobley_1987439,train,-0.9,-1.0415236949920654
mpnn_seed20260929,mobley_2913224,train,-9.94,-9.067846298217773
mpnn_seed20260929,mobley_1855337,train,-1.62,-2.3017306327819824
mpnn_seed20260929,mobley_1019269,test,-4.72,-3.117264747619629
mpnn_seed20260929,mobley_4371692,train,-9.53,-10.445988655090332
mpnn_seed20260929,mobley_6794076,train,-7.62,-7.472828388214111
mpnn_seed20260929,mobley_1278715,test,-0.64,-1.9342052936553955
mpnn_seed20260929,mobley_9733743,test,-4.24,-2.403271198272705
mpnn_seed20260929,mobley_6854178,validation,-2.02,-5.7927961349487305
mpnn_seed20260929,mobley_766666,validation,-0.44,-0.615227222442627
mpnn_seed20260929,mobley_6843802,train,-1.29,-3.133169651031494
mpnn_seed20260929,mobley_7758918,test,-6.46,-6.831214904785156
mpnn_seed20260929,mobley_9717937,train,-2.69,-2.623248815536499
mpnn_seed20260929,mobley_3169935,train,-4.91,-4.051733493804932
mpnn_seed20260929,mobley_9407874,test,-2.88,-2.245706558227539
mpnn_seed20260929,mobley_9653690,validation,-4.44,-1.8615915775299072
mpnn_seed20260929,mobley_2859600,train,-1.24,-1.4197711944580078
mpnn_seed20260929,mobley_5520946,train,-2.55,-2.1912312507629395
mpnn_seed20260929,mobley_7735340,test,-9.63,-9.307394981384277
mpnn_seed20260929,mobley_4983965,validation,-1.46,-0.2285757064819336
mpnn_seed20260929,mobley_1875719,train,-3.41,-3.1642463207244873
mpnn_seed20260929,mobley_9029594,test,-0.22,-0.1575617790222168
mpnn_seed20260929,mobley_2636578,validation,-4.8,-5.621588230133057
mpnn_seed20260929,mobley_1873346,train,-0.9,-1.706775426864624
mpnn_seed20260929,mobley_5494918,train,2.93,2.437180995941162
mpnn_seed20260929,mobley_4683624,train,-5.21,-3.71116304397583
mpnn_seed20260929,mobley_2972906,validation,-1.4,-2.5197038650512695
mpnn_seed20260929,mobley_3414356,train,-3.92,-2.369497776031494
mpnn_seed20260929,mobley_5282042,train,-7.43,-3.7104365825653076
mpnn_seed20260929,mobley_4690963,test,-3.54,-4.56920051574707
mpnn_seed20260929,mobley_1363784,train,-4.84,-4.255317211151123
mpnn_seed20260929,mobley_2972345,train,-3.78,-2.294382333755493
mpnn_seed20260929,mobley_7375018,test,-2.15,-1.7685801982879639
mpnn_seed20260929,mobley_468867,validation,-2.55,-1.122650146484375
mpnn_seed20260929,mobley_8789864,test,-6.4,-5.855231285095215
mpnn_seed20260929,mobley_3264884,train,-7.47,-4.663443565368652
mpnn_seed20260929,mobley_1755375,train,-5.26,-4.113175392150879
mpnn_seed20260929,mobley_5759258,test,-4.57,-2.7291598320007324
mpnn_seed20260929,mobley_1674094,validation,0.29,0.6867856979370117
mpnn_seed20260929,mobley_5110043,train,-2.63,-1.967012643814087
mpnn_seed20260929,mobley_4434915,validation,-0.55,-0.5871410369873047
mpnn_seed20260929,mobley_2371092,train,-5.22,-4.253343105316162
mpnn_seed20260929,mobley_5094777,train,-1.46,-1.4837408065795898
mpnn_seed20260929,mobley_7378987,train,-12.64,-14.184743881225586
mpnn_seed20260929,mobley_6497672,train,-4.22,-3.9765350818634033
mpnn_seed20260929,mobley_1723043,test,3.43,2.478053092956543
mpnn_seed20260930,mobley_8966374,train,-5.51,-7.4080705642700195
mpnn_seed20260930,mobley_1858644,train,-6.79,-5.9735307693481445
mpnn_seed20260930,mobley_5880265,test,-6.25,-7.188680648803711
mpnn_seed20260930,mobley_5732611,test,-10.27,-7.601141929626465
mpnn_seed20260930,mobley_8436428,validation,2.83,0.8275823593139648
mpnn_seed20260930,mobley_4687447,test,-6.4,-7.393334865570068
mpnn_seed20260930,mobley_9507933,train,-4.72,-4.052202224731445
mpnn_seed20260930,mobley_994483,train,-0.74,-0.8453269004821777
mpnn_seed20260930,mobley_7829570,train,-3.51,-4.334014892578125
mpnn_seed20260930,mobley_5692472,validation,-4.29,-4.019659042358398
mpnn_seed20260930,mobley_4305650,validation,-3.84,-4.409609794616699
mpnn_seed20260930,mobley_7988076,train,-8.83,-8.70579719543457
mpnn_seed20260930,mobley_9838013,train,-4.43,-3.7015349864959717
mpnn_seed20260930,mobley_1792062,validation,-2.33,-1.762242317199707
mpnn_seed20260930,mobley_1899443,train,1.47,1.0182337760925293
mpnn_seed20260930,mobley_8426916,train,-4.07,-4.146490097045898
mpnn_seed20260930,mobley_6522117,train,-7.07,-7.323814868927002
mpnn_seed20260930,mobley_1743409,validation,-5.71,-6.603393077850342
mpnn_seed20260930,mobley_2864987,test,-4.39,-4.887331485748291
mpnn_seed20260930,mobley_7227357,train,-4.35,-4.622435569763184
mpnn_seed20260930,mobley_1722522,validation,-2.49,-4.201540946960449
mpnn_seed20260930,mobley_9281946,train,-6.74,-6.392360687255859
mpnn_seed20260930,mobley_7150646,train,-2.3,-2.769313097000122
mpnn_seed20260930,mobley_4149784,train,-3.67,-4.313880920410156
mpnn_seed20260930,mobley_7176290,train,-9.62,-7.696704864501953
mpnn_seed20260930,mobley_9883303,validation,2.71,0.5948786735534668
mpnn_seed20260930,mobley_6935906,validation,-2.49,-1.0665557384490967
mpnn_seed20260930,mobley_3269819,train,-3.17,-4.235143184661865
mpnn_seed20260930,mobley_9617923,train,-2.34,-3.2715044021606445
mpnn_seed20260930,mobley_7106722,validation,2.51,0.48172903060913086
mpnn_seed20260930,mobley_3060426,train,2.93,1.4114265441894531
mpnn_seed20260930,mobley_1893815,validation,-1.43,-1.602391004562378
mpnn_seed20260930,mobley_3639400,validation,-0.16,-0.48825693130493164
mpnn_seed20260930,mobley_3105103,train,-11.14,-11.538372039794922
mpnn_seed20260930,mobley_5076071,train,-5.66,-5.245503902435303
mpnn_seed20260930,mobley_9557440,train,-17.74,-17.222536087036133
mpnn_seed20260930,mobley_4218209,train,-7.48,-6.92140007019043
mpnn_seed20260930,mobley_4884177,train,-4.59,-4.72847318649292
mpnn_seed20260930,mobley_49274,test,0.6,-0.06553792953491211
mpnn_seed20260930,mobley_4375719,test,3.13,-0.16758155822753906
mpnn_seed20260930,mobley_7913234,train,-5.73,-6.970089912414551
mpnn_seed20260930,mobley_5948990,train,-7.37,-7.5477118492126465
mpnn_seed20260930,mobley_2607611,validation,-2.26,-3.9555509090423584
mpnn_seed20260930,mobley_2789243,train,-4.01,-5.212892055511475
mpnn_seed20260930,mobley_2681549,train,-0.78,-2.365471839904785
mpnn_seed20260930,mobley_5616693,train,-2.53,-2.912899971008301
mpnn_seed20260930,mobley_8522124,test,0.71,-0.13796234130859375
mpnn_seed20260930,mobley_2517158,validation,0.34,-0.8199474811553955
mpnn_seed20260930,mobley_511661,test,0.56,-0.16899919509887695
mpnn_seed20260930,mobley_6727159,validation,-8.18,-7.660525321960449
mpnn_seed20260930,mobley_3053621,train,-0.9,-2.039262294769287
mpnn_seed20260930,mobley_1803862,validation,2.38,0.5471076965332031
mpnn_seed20260930,mobley_5371840,train,-3.1,-4.392901420593262
mpnn_seed20260930,mobley_9100956,train,1.7,-0.16178035736083984
mpnn_seed20260930,mobley_7261305,validation,-9.3,-10.417844772338867
mpnn_seed20260930,mobley_3686115,validation,-3.28,-4.797409534454346
mpnn_seed20260930,mobley_1502181,validation,-2.49,-3.2506914138793945
mpnn_seed20260930,mobley_3183805,train,-0.86,-0.7394368648529053
mpnn_seed20260930,mobley_9624458,train,-1.89,-1.0508193969726562
mpnn_seed20260930,mobley_8207196,validation,-10.22,-10.16268539428711
mpnn_seed20260930,mobley_5449201,train,2.3,0.1011972427368164
mpnn_seed20260930,mobley_5890803,validation,-2.44,-4.171996116638184
mpnn_seed20260930,mobley_7176248,train,-3.25,-4.298400402069092
mpnn_seed20260930,mobley_2484519,train,-1.93,-2.1148645877838135
mpnn_seed20260930,mobley_9979854,train,-4.2,-3.6930458545684814
mpnn_seed20260930,mobley_6911232,test,-2.1,-3.2407662868499756
mpnn_seed20260930,mobley_9729792,train,-0.99,-2.038365602493286
mpnn_seed20260930,mobley_7066554,train,-7.03,-5.752502918243408
mpnn_seed20260930,mobley_5852491,test,1.59,-0.19783449172973633
mpnn_seed20260930,mobley_7298388,train,-3.45,-4.826837539672852
mpnn_seed20260930,mobley_8789465,train,-6.2,-6.389410018920898
mpnn_seed20260930,mobley_1036761,train,-4.59,-5.040642261505127
mpnn_seed20260930,mobley_3370989,test,-0.11,0.29584550857543945
mpnn_seed20260930,mobley_9185328,test,-4.39,-5.103517532348633
mpnn_seed20260930,mobley_7417968,validation,-5.31,-6.107450485229492
mpnn_seed20260930,mobley_8467917,train,1.68,0.8603610992431641
mpnn_seed20260930,mobley_5063386,train,-4.58,-7.6896772384643555
mpnn_seed20260930,mobley_4792268,train,-6.16,-6.496971607208252
mpnn_seed20260930,mobley_2457863,train,-7.66,-6.9587249755859375
mpnn_seed20260930,mobley_7769613,train,0.84,0.46803998947143555
mpnn_seed20260930,mobley_7393673,train,-5.33,-5.761460304260254
mpnn_seed20260930,mobley_778352,test,1.31,0.8982481956481934
mpnn_seed20260930,mobley_8558116,train,-6.32,-4.689685344696045
mpnn_seed20260930,mobley_4883284,train,-5.49,-5.910580158233643
mpnn_seed20260930,mobley_7463799,train,-6.92,-5.963350772857666
mpnn_seed20260930,mobley_9565165,train,-3.35,-4.404892921447754
mpnn_seed20260930,mobley_2577969,test,-4.52,-5.732657432556152
mpnn_seed20260930,mobley_2929847,test,-6.09,-5.902541637420654
mpnn_seed20260930,mobley_7794077,train,-15.46,-14.860179901123047
mpnn_seed20260930,mobley_3968043,test,-4.7,-5.114168643951416
mpnn_seed20260930,mobley_2099370,validation,-10.78,-9.242450714111328
mpnn_seed20260930,mobley_5286200,train,-2.32,-1.0093135833740234
mpnn_seed20260930,mobley_2183616,train,-0.45,-1.6819837093353271
mpnn_seed20260930,mobley_2005792,train,-2.7,-3.744570732116699
mpnn_seed20260930,mobley_4762983,validation,1.66,0.8252377510070801
mpnn_seed20260930,mobley_7774695,train,-4.69,-4.916186809539795
mpnn_seed20260930,mobley_6334915,validation,-12.74,-10.339468002319336
mpnn_seed20260930,mobley_3589456,train,-4.59,-5.7430219650268555
mpnn_seed20260930,mobley_3682850,train,-4.91,-4.788660526275635
mpnn_seed20260930,mobley_5072416,train,-6.12,-6.907423973083496
mpnn_seed20260930,mobley_6248915,validation,-3.65,-4.617136478424072
mpnn_seed20260930,mobley_6232400,train,-7.1,-8.114229202270508
mpnn_seed20260930,mobley_8492526,test,-3.03,-4.238623142242432
mpnn_seed20260930,mobley_8809190,train,-0.4,-1.8948595523834229
mpnn_seed20260930,mobley_7983227,test,-4.42,-4.383575916290283
mpnn_seed20260930,mobley_5518547,train,-5.57,-5.346299648284912
mpnn_seed20260930,mobley_3151666,train,-3.64,-4.6523237228393555
mpnn_seed20260930,mobley_8337722,train,-3.2,-3.0001909732818604
mpnn_seed20260930,mobley_5627459,test,-2.86,-3.8612208366394043
mpnn_seed20260930,mobley_676247,test,3.12,0.6261253356933594
mpnn_seed20260930,mobley_2261979,train,-3.15,-3.9413630962371826
mpnn_seed20260930,mobley_6081058,test,-3.43,-3.8885927200317383
mpnn_seed20260930,mobley_8798016,train,-7.0,-8.136184692382812
mpnn_seed20260930,mobley_1896013,train,-20.52,-20.947982788085938
mpnn_seed20260930,mobley_4039055,train,-18.17,-17.716672897338867
mpnn_seed20260930,mobley_9534740,train,-25.47,-24.542993545532227
mpnn_seed20260930,mobley_252413,test,2.88,1.236551284790039
mpnn_seed20260930,mobley_902954,test,-2.09,-3.8373444080352783
mpnn_seed20260930,mobley_303222,validation,1.32,1.4850363731384277
mpnn_seed20260930,mobley_6055410,train,-9.4,-9.348155975341797
mpnn_seed20260930,mobley_3738859,test,-0.1,-0.7762148380279541
mpnn_seed20260930,mobley_6571751,validation,0.67,-0.13046741485595703
mpnn_seed20260930,mobley_349850,train,-4.7,-3.7677712440490723
mpnn_seed20260930,mobley_4964807,train,-5.99,-5.969667911529541
mpnn_seed20260930,mobley_588781,train,-0.04,-2.13165283203125
mpnn_seed20260930,mobley_9028462,validation,-1.1,-3.2244441509246826
mpnn_seed20260930,mobley_3259411,test,-13.43,-14.488067626953125
mpnn_seed20260930,mobley_5747188,train,-3.58,-4.777354717254639
mpnn_seed20260930,mobley_4850657,test,-4.87,-6.569448471069336
mpnn_seed20260930,mobley_337666,train,-16.92,-17.206775665283203
mpnn_seed20260930,mobley_525934,validation,-1.2,-1.4054944515228271
mpnn_seed20260930,mobley_5346580,validation,-3.11,-2.0644679069519043
mpnn_seed20260930,mobley_9414831,train,-2.44,-2.920942783355713
mpnn_seed20260930,mobley_1827204,test,-2.81,-4.104533672332764
mpnn_seed20260930,mobley_2784376,train,0.75,-0.8719508647918701
mpnn_seed20260930,mobley_6266306,validation,-5.56,-4.979517936706543
mpnn_seed20260930,mobley_859464,test,-2.36,-3.60366153717041
mpnn_seed20260930,mobley_1857976,train,-1.79,-1.1323943138122559
mpnn_seed20260930,mobley_7708038,validation,-0.56,-0.8019058704376221
mpnn_seed20260930,mobley_5003962,train,-11.53,-11.091793060302734
mpnn_seed20260930,mobley_7860938,train,-3.24,-3.945517063140869
mpnn_seed20260930,mobley_2402487,test,-6.0,-6.7287750244140625
mpnn_seed20260930,mobley_8127829,train,-0.79,-1.7139201164245605
mpnn_seed20260930,mobley_4587267,test,-23.62,-26.531448364257812
mpnn_seed20260930,mobley_6733657,validation,-3.44,0.24263381958007812
mpnn_seed20260930,mobley_5311804,train,-6.62,-5.965903282165527
mpnn_seed20260930,mobley_4613090,train,-7.63,-7.252265930175781
mpnn_seed20260930,mobley_929676,train,0.18,-0.7888040542602539
mpnn_seed20260930,mobley_1571523,train,-6.16,-4.657050609588623
mpnn_seed20260930,mobley_3359593,train,-5.26,-6.317112445831299
mpnn_seed20260930,mobley_430089,test,0.01,0.058938026428222656
mpnn_seed20260930,mobley_2354112,train,-6.25,-5.299650192260742
mpnn_seed20260930,mobley_3999471,validation,-0.84,-0.9396629333496094
mpnn_seed20260930,mobley_2881590,test,-1.88,-3.367274761199951
mpnn_seed20260930,mobley_2613240,train,-5.33,-4.862837791442871
mpnn_seed20260930,mobley_2023925,validation,0.1,-1.279355764389038
mpnn_seed20260930,mobley_5952846,validation,0.1,-1.18485426902771
mpnn_seed20260930,mobley_7688753,train,-9.52,-8.70474624633789
mpnn_seed20260930,mobley_8765203,train,0.68,0.15936279296875
mpnn_seed20260930,mobley_6201330,train,-9.37,-7.863814353942871
mpnn_seed20260930,mobley_718988,train,-3.79,-4.628993988037109
mpnn_seed20260930,mobley_5917842,train,-5.8,-6.283188819885254
mpnn_seed20260930,mobley_5220185,train,-5.45,-7.317143440246582
mpnn_seed20260930,mobley_9510785,train,-3.48,-4.110955715179443
mpnn_seed20260930,mobley_5935995,train,2.51,1.3147258758544922
mpnn_seed20260930,mobley_3663158,train,-8.11,-6.4596710205078125
mpnn_seed20260930,mobley_2751110,train,-10.64,-7.694207191467285
mpnn_seed20260930,mobley_313406,train,-4.85,-5.498870849609375
mpnn_seed20260930,mobley_4620651,train,-4.1,-4.832862854003906
mpnn_seed20260930,mobley_4694328,test,-2.29,-3.965930938720703
mpnn_seed20260930,mobley_9571888,train,-4.23,-4.40487003326416
mpnn_seed20260930,mobley_3269565,train,-2.01,-2.7218427658081055
mpnn_seed20260930,mobley_1944394,validation,-9.34,-7.470530986785889
mpnn_seed20260930,mobley_1261349,test,2.51,1.582766056060791
mpnn_seed20260930,mobley_755351,train,-7.29,-6.923214912414551
mpnn_seed20260930,mobley_1881249,train,-3.52,-3.4642205238342285
mpnn_seed20260930,mobley_7608462,train,-1.12,-2.183920383453369
mpnn_seed20260930,mobley_4287564,train,-4.63,-4.658674716949463
mpnn_seed20260930,mobley_9114381,train,-6.72,-7.431765556335449
mpnn_seed20260930,mobley_646007,train,-5.48,-4.612335205078125
mpnn_seed20260930,mobley_4845722,train,-2.33,-2.48453950881958
mpnn_seed20260930,mobley_8320545,train,-3.71,-5.380226135253906
mpnn_seed20260930,mobley_2198613,test,-0.63,-0.5078811645507812
mpnn_seed20260930,mobley_8723116,train,-5.9,-5.79841423034668
mpnn_seed20260930,mobley_627267,test,-0.03,-0.30203866958618164
mpnn_seed20260930,mobley_4934872,train,-5.23,-6.9229912757873535
mpnn_seed20260930,mobley_9121449,train,-0.16,0.1246957778930664
mpnn_seed20260930,mobley_4483973,train,-0.8,-1.7064085006713867
mpnn_seed20260930,mobley_664966,train,-2.49,-2.8244175910949707
mpnn_seed20260930,mobley_632905,train,-4.4,-5.426986217498779
mpnn_seed20260930,mobley_3715043,train,-2.82,-2.6032748222351074
mpnn_seed20260930,mobley_1615431,validation,-0.53,-2.287437915802002
mpnn_seed20260930,mobley_7754849,validation,-6.1,-6.874079704284668
mpnn_seed20260930,mobley_7893124,train,-0.44,-0.9199309349060059
mpnn_seed20260930,mobley_7814642,train,-1.12,-2.3660125732421875
mpnn_seed20260930,mobley_9434451,test,-0.48,-0.38084888458251953
mpnn_seed20260930,mobley_1800170,validation,-1.14,-1.4009466171264648
mpnn_seed20260930,mobley_7977115,test,-4.06,-4.808290004730225
mpnn_seed20260930,mobley_5690766,train,1.01,1.6995635032653809
mpnn_seed20260930,mobley_2763835,train,-2.22,-3.9114198684692383
mpnn_seed20260930,mobley_2850833,train,-4.68,-8.659036636352539
mpnn_seed20260930,mobley_6456034,validation,-1.69,-3.076106309890747
mpnn_seed20260930,mobley_6739648,train,-5.06,-5.363482475280762
mpnn_seed20260930,mobley_590519,train,-1.64,-2.3148510456085205
mpnn_seed20260930,mobley_1967551,train,-3.5,-5.194777965545654
mpnn_seed20260930,mobley_8337977,test,-3.05,-2.846015453338623
mpnn_seed20260930,mobley_8823527,train,-3.61,-4.168408393859863
mpnn_seed20260930,mobley_8883511,train,-3.93,-4.66190242767334
mpnn_seed20260930,mobley_2316618,train,-14.21,-12.832368850708008
mpnn_seed20260930,mobley_6929123,validation,-4.0,-4.830266952514648
mpnn_seed20260930,mobley_1987439,train,-0.9,-0.7042884826660156
mpnn_seed20260930,mobley_2913224,train,-9.94,-8.301433563232422
mpnn_seed20260930,mobley_1855337,train,-1.62,-2.4215970039367676
mpnn_seed20260930,mobley_1019269,test,-4.72,-5.193054676055908
mpnn_seed20260930,mobley_4371692,train,-9.53,-13.337308883666992
mpnn_seed20260930,mobley_6794076,train,-7.62,-6.984828948974609
mpnn_seed20260930,mobley_1278715,test,-0.64,-2.088360548019409
mpnn_seed20260930,mobley_9733743,test,-4.24,-4.896695613861084
mpnn_seed20260930,mobley_6854178,validation,-2.02,-5.253032684326172
mpnn_seed20260930,mobley_766666,validation,-0.44,-0.7056026458740234
mpnn_seed20260930,mobley_6843802,train,-1.29,-2.93729305267334
mpnn_seed20260930,mobley_7758918,test,-6.46,-7.177602767944336
mpnn_seed20260930,mobley_9717937,train,-2.69,-3.8579325675964355
mpnn_seed20260930,mobley_3169935,train,-4.91,-5.781246185302734
mpnn_seed20260930,mobley_9407874,test,-2.88,-3.2549338340759277
mpnn_seed20260930,mobley_9653690,validation,-4.44,-2.918858528137207
mpnn_seed20260930,mobley_2859600,train,-1.24,-1.9812424182891846
mpnn_seed20260930,mobley_5520946,train,-2.55,-2.887726306915283
mpnn_seed20260930,mobley_7735340,test,-9.63,-8.641140937805176
mpnn_seed20260930,mobley_4983965,validation,-1.46,-1.2513370513916016
mpnn_seed20260930,mobley_1875719,train,-3.41,-3.5292367935180664
mpnn_seed20260930,mobley_9029594,test,-0.22,0.21317005157470703
mpnn_seed20260930,mobley_2636578,validation,-4.8,-4.033839225769043
mpnn_seed20260930,mobley_1873346,train,-0.9,-1.563115119934082
mpnn_seed20260930,mobley_5494918,train,2.93,1.435420036315918
mpnn_seed20260930,mobley_4683624,train,-5.21,-5.285529613494873
mpnn_seed20260930,mobley_2972906,validation,-1.4,-2.8141825199127197
mpnn_seed20260930,mobley_3414356,train,-3.92,-3.5849499702453613
mpnn_seed20260930,mobley_5282042,train,-7.43,-7.555084228515625
mpnn_seed20260930,mobley_4690963,test,-3.54,-5.2161664962768555
mpnn_seed20260930,mobley_1363784,train,-4.84,-4.0783305168151855
mpnn_seed20260930,mobley_2972345,train,-3.78,-4.4585676193237305
mpnn_seed20260930,mobley_7375018,test,-2.15,-3.3140294551849365
mpnn_seed20260930,mobley_468867,validation,-2.55,-0.9078571796417236
mpnn_seed20260930,mobley_8789864,test,-6.4,-7.9156389236450195
mpnn_seed20260930,mobley_3264884,train,-7.47,-6.631782531738281
mpnn_seed20260930,mobley_1755375,train,-5.26,-4.593625545501709
mpnn_seed20260930,mobley_5759258,test,-4.57,-4.980596542358398
mpnn_seed20260930,mobley_1674094,validation,0.29,-0.0020303726196289062
mpnn_seed20260930,mobley_5110043,train,-2.63,-2.562135934829712
mpnn_seed20260930,mobley_4434915,validation,-0.55,-0.3766288757324219
mpnn_seed20260930,mobley_2371092,train,-5.22,-4.126608371734619
mpnn_seed20260930,mobley_5094777,train,-1.46,-2.5350852012634277
mpnn_seed20260930,mobley_7378987,train,-12.64,-12.978269577026367
mpnn_seed20260930,mobley_6497672,train,-4.22,-4.258221626281738
mpnn_seed20260930,mobley_1723043,test,3.43,2.132997989654541
shuffled_train_mpnn_seed20261001,mobley_8966374,train,-5.51,-4.670304298400879
shuffled_train_mpnn_seed20261001,mobley_1858644,train,-6.79,-4.658905029296875
shuffled_train_mpnn_seed20261001,mobley_5880265,test,-6.25,-4.877580165863037
shuffled_train_mpnn_seed20261001,mobley_5732611,test,-10.27,-4.702756404876709
shuffled_train_mpnn_seed20261001,mobley_8436428,validation,2.83,-4.825333595275879
shuffled_train_mpnn_seed20261001,mobley_4687447,test,-6.4,-4.879214286804199
shuffled_train_mpnn_seed20261001,mobley_9507933,train,-4.72,-4.652510643005371
shuffled_train_mpnn_seed20261001,mobley_994483,train,-0.74,-4.827025890350342
shuffled_train_mpnn_seed20261001,mobley_7829570,train,-3.51,-4.637903213500977
shuffled_train_mpnn_seed20261001,mobley_5692472,validation,-4.29,-4.828174591064453
shuffled_train_mpnn_seed20261001,mobley_4305650,validation,-3.84,-4.828558921813965
shuffled_train_mpnn_seed20261001,mobley_7988076,train,-8.83,-4.673707008361816
shuffled_train_mpnn_seed20261001,mobley_9838013,train,-4.43,-4.852323532104492
shuffled_train_mpnn_seed20261001,mobley_1792062,validation,-2.33,-4.845053672790527
shuffled_train_mpnn_seed20261001,mobley_1899443,train,1.47,-4.818208694458008
shuffled_train_mpnn_seed20261001,mobley_8426916,train,-4.07,-4.836977958679199
shuffled_train_mpnn_seed20261001,mobley_6522117,train,-7.07,-4.717467308044434
shuffled_train_mpnn_seed20261001,mobley_1743409,validation,-5.71,-4.892365455627441
shuffled_train_mpnn_seed20261001,mobley_2864987,test,-4.39,-4.854171276092529
shuffled_train_mpnn_seed20261001,mobley_7227357,train,-4.35,-4.851197242736816
shuffled_train_mpnn_seed20261001,mobley_1722522,validation,-2.49,-4.868073463439941
shuffled_train_mpnn_seed20261001,mobley_9281946,train,-6.74,-4.723849773406982
shuffled_train_mpnn_seed20261001,mobley_7150646,train,-2.3,-4.662179946899414
shuffled_train_mpnn_seed20261001,mobley_4149784,train,-3.67,-4.473260879516602
shuffled_train_mpnn_seed20261001,mobley_7176290,train,-9.62,-4.713053226470947
shuffled_train_mpnn_seed20261001,mobley_9883303,validation,2.71,-4.827898979187012
shuffled_train_mpnn_seed20261001,mobley_6935906,validation,-2.49,-4.818800449371338
shuffled_train_mpnn_seed20261001,mobley_3269819,train,-3.17,-4.528164386749268
shuffled_train_mpnn_seed20261001,mobley_9617923,train,-2.34,-4.828207015991211
shuffled_train_mpnn_seed20261001,mobley_7106722,validation,2.51,-4.824878692626953
shuffled_train_mpnn_seed20261001,mobley_3060426,train,2.93,-4.821352958679199
shuffled_train_mpnn_seed20261001,mobley_1893815,validation,-1.43,-4.938602447509766
shuffled_train_mpnn_seed20261001,mobley_3639400,validation,-0.16,-4.851084232330322
shuffled_train_mpnn_seed20261001,mobley_3105103,train,-11.14,-4.689331531524658
shuffled_train_mpnn_seed20261001,mobley_5076071,train,-5.66,-4.669960975646973
shuffled_train_mpnn_seed20261001,mobley_9557440,train,-17.74,-4.727473735809326
shuffled_train_mpnn_seed20261001,mobley_4218209,train,-7.48,-4.672242641448975
shuffled_train_mpnn_seed20261001,mobley_4884177,train,-4.59,-4.652159214019775
shuffled_train_mpnn_seed20261001,mobley_49274,test,0.6,-4.819543838500977
shuffled_train_mpnn_seed20261001,mobley_4375719,test,3.13,-4.819190502166748
shuffled_train_mpnn_seed20261001,mobley_7913234,train,-5.73,-4.8761115074157715
shuffled_train_mpnn_seed20261001,mobley_5948990,train,-7.37,-4.701430797576904
shuffled_train_mpnn_seed20261001,mobley_2607611,validation,-2.26,-4.86012077331543
shuffled_train_mpnn_seed20261001,mobley_2789243,train,-4.01,-4.684415817260742
shuffled_train_mpnn_seed20261001,mobley_2681549,train,-0.78,-4.719935894012451
shuffled_train_mpnn_seed20261001,mobley_5616693,train,-2.53,-4.818244457244873
shuffled_train_mpnn_seed20261001,mobley_8522124,test,0.71,-4.817578315734863
shuffled_train_mpnn_seed20261001,mobley_2517158,validation,0.34,-4.835157871246338
shuffled_train_mpnn_seed20261001,mobley_511661,test,0.56,-4.802049160003662
shuffled_train_mpnn_seed20261001,mobley_6727159,validation,-8.18,-4.938432693481445
shuffled_train_mpnn_seed20261001,mobley_3053621,train,-0.9,-4.642299652099609
shuffled_train_mpnn_seed20261001,mobley_1803862,validation,2.38,-4.8233442306518555
shuffled_train_mpnn_seed20261001,mobley_5371840,train,-3.1,-4.457763671875
shuffled_train_mpnn_seed20261001,mobley_9100956,train,1.7,-4.813899517059326
shuffled_train_mpnn_seed20261001,mobley_7261305,validation,-9.3,-4.832061290740967
shuffled_train_mpnn_seed20261001,mobley_3686115,validation,-3.28,-4.880341529846191
shuffled_train_mpnn_seed20261001,mobley_1502181,validation,-2.49,-4.83444881439209
shuffled_train_mpnn_seed20261001,mobley_3183805,train,-0.86,-4.632678508758545
shuffled_train_mpnn_seed20261001,mobley_9624458,train,-1.89,-4.879274845123291
shuffled_train_mpnn_seed20261001,mobley_8207196,validation,-10.22,-4.7066121101379395
shuffled_train_mpnn_seed20261001,mobley_5449201,train,2.3,-4.822697639465332
shuffled_train_mpnn_seed20261001,mobley_5890803,validation,-2.44,-4.868073463439941
shuffled_train_mpnn_seed20261001,mobley_7176248,train,-3.25,-4.637903213500977
shuffled_train_mpnn_seed20261001,mobley_2484519,train,-1.93,-4.666162967681885
shuffled_train_mpnn_seed20261001,mobley_9979854,train,-4.2,-4.897952556610107
shuffled_train_mpnn_seed20261001,mobley_6911232,test,-2.1,-4.848520755767822
shuffled_train_mpnn_seed20261001,mobley_9729792,train,-0.99,-4.778135299682617
shuffled_train_mpnn_seed20261001,mobley_7066554,train,-7.03,-4.691181182861328
shuffled_train_mpnn_seed20261001,mobley_5852491,test,1.59,-4.8168182373046875
shuffled_train_mpnn_seed20261001,mobley_7298388,train,-3.45,-4.688528537750244
shuffled_train_mpnn_seed20261001,mobley_8789465,train,-6.2,-4.687865257263184
shuffled_train_mpnn_seed20261001,mobley_1036761,train,-4.59,-4.827915668487549
shuffled_train_mpnn_seed20261001,mobley_3370989,test,-0.11,-4.8488359451293945
shuffled_train_mpnn_seed20261001,mobley_9185328,test,-4.39,-4.831982612609863
shuffled_train_mpnn_seed20261001,mobley_7417968,validation,-5.31,-4.893454551696777
shuffled_train_mpnn_seed20261001,mobley_8467917,train,1.68,-4.817265510559082
shuffled_train_mpnn_seed20261001,mobley_5063386,train,-4.58,-4.713070869445801
shuffled_train_mpnn_seed20261001,mobley_4792268,train,-6.16,-4.867508888244629
shuffled_train_mpnn_seed20261001,mobley_2457863,train,-7.66,-4.68410587310791
shuffled_train_mpnn_seed20261001,mobley_7769613,train,0.84,-4.837432861328125
shuffled_train_mpnn_seed20261001,mobley_7393673,train,-5.33,-4.6802592277526855
shuffled_train_mpnn_seed20261001,mobley_778352,test,1.31,-4.816730499267578
shuffled_train_mpnn_seed20261001,mobley_8558116,train,-6.32,-4.857729911804199
shuffled_train_mpnn_seed20261001,mobley_4883284,train,-5.49,-4.653238773345947
shuffled_train_mpnn_seed20261001,mobley_7463799,train,-6.92,-4.652397155761719
shuffled_train_mpnn_seed20261001,mobley_9565165,train,-3.35,-4.4054059982299805
shuffled_train_mpnn_seed20261001,mobley_2577969,test,-4.52,-4.203845024108887
shuffled_train_mpnn_seed20261001,mobley_2929847,test,-6.09,-4.868090629577637
shuffled_train_mpnn_seed20261001,mobley_7794077,train,-15.46,-4.717540264129639
shuffled_train_mpnn_seed20261001,mobley_3968043,test,-4.7,-4.836284637451172
shuffled_train_mpnn_seed20261001,mobley_2099370,validation,-10.78,-4.375588417053223
shuffled_train_mpnn_seed20261001,mobley_5286200,train,-2.32,-4.880680561065674
shuffled_train_mpnn_seed20261001,mobley_2183616,train,-0.45,-4.625726699829102
shuffled_train_mpnn_seed20261001,mobley_2005792,train,-2.7,-4.4132843017578125
shuffled_train_mpnn_seed20261001,mobley_4762983,validation,1.66,-4.817473888397217
shuffled_train_mpnn_seed20261001,mobley_7774695,train,-4.69,-4.6513776779174805
shuffled_train_mpnn_seed20261001,mobley_6334915,validation,-12.74,-5.025649547576904
shuffled_train_mpnn_seed20261001,mobley_3589456,train,-4.59,-4.934916973114014
shuffled_train_mpnn_seed20261001,mobley_3682850,train,-4.91,-4.833409309387207
shuffled_train_mpnn_seed20261001,mobley_5072416,train,-6.12,-4.672259330749512
shuffled_train_mpnn_seed20261001,mobley_6248915,validation,-3.65,-4.8329901695251465
shuffled_train_mpnn_seed20261001,mobley_6232400,train,-7.1,-4.668759346008301
shuffled_train_mpnn_seed20261001,mobley_8492526,test,-3.03,-4.844051837921143
shuffled_train_mpnn_seed20261001,mobley_8809190,train,-0.4,-4.6255083084106445
shuffled_train_mpnn_seed20261001,mobley_7983227,test,-4.42,-4.8541107177734375
shuffled_train_mpnn_seed20261001,mobley_5518547,train,-5.57,-4.650181293487549
shuffled_train_mpnn_seed20261001,mobley_3151666,train,-3.64,-4.8347673416137695
shuffled_train_mpnn_seed20261001,mobley_8337722,train,-3.2,-4.831258296966553
shuffled_train_mpnn_seed20261001,mobley_5627459,test,-2.86,-4.843215465545654
shuffled_train_mpnn_seed20261001,mobley_676247,test,3.12,-4.881520748138428
shuffled_train_mpnn_seed20261001,mobley_2261979,train,-3.15,-4.469723224639893
shuffled_train_mpnn_seed20261001,mobley_6081058,test,-3.43,-4.8273701667785645
shuffled_train_mpnn_seed20261001,mobley_8798016,train,-7.0,-4.668760299682617
shuffled_train_mpnn_seed20261001,mobley_1896013,train,-20.52,-4.950486183166504
shuffled_train_mpnn_seed20261001,mobley_4039055,train,-18.17,-4.710834503173828
shuffled_train_mpnn_seed20261001,mobley_9534740,train,-25.47,-4.969482898712158
shuffled_train_mpnn_seed20261001,mobley_252413,test,2.88,-4.825918674468994
shuffled_train_mpnn_seed20261001,mobley_902954,test,-2.09,-4.911322116851807
shuffled_train_mpnn_seed20261001,mobley_303222,validation,1.32,-4.808161735534668
shuffled_train_mpnn_seed20261001,mobley_6055410,train,-9.4,-4.425241947174072
shuffled_train_mpnn_seed20261001,mobley_3738859,test,-0.1,-4.837190628051758
shuffled_train_mpnn_seed20261001,mobley_6571751,validation,0.67,-4.806057453155518
shuffled_train_mpnn_seed20261001,mobley_349850,train,-4.7,-4.642758369445801
shuffled_train_mpnn_seed20261001,mobley_4964807,train,-5.99,-4.9310712814331055
shuffled_train_mpnn_seed20261001,mobley_588781,train,-0.04,-4.6084675788879395
shuffled_train_mpnn_seed20261001,mobley_9028462,validation,-1.1,-4.911054611206055
shuffled_train_mpnn_seed20261001,mobley_3259411,test,-13.43,-4.903648853302002
shuffled_train_mpnn_seed20261001,mobley_5747188,train,-3.58,-4.688539981842041
shuffled_train_mpnn_seed20261001,mobley_4850657,test,-4.87,-4.91715145111084
shuffled_train_mpnn_seed20261001,mobley_337666,train,-16.92,-4.712591648101807
shuffled_train_mpnn_seed20261001,mobley_525934,validation,-1.2,-4.834194660186768
shuffled_train_mpnn_seed20261001,mobley_5346580,validation,-3.11,-4.846128940582275
shuffled_train_mpnn_seed20261001,mobley_9414831,train,-2.44,-4.479785442352295
shuffled_train_mpnn_seed20261001,mobley_1827204,test,-2.81,-4.843908309936523
shuffled_train_mpnn_seed20261001,mobley_2784376,train,0.75,-4.80830717086792
shuffled_train_mpnn_seed20261001,mobley_6266306,validation,-5.56,-4.826136112213135
shuffled_train_mpnn_seed20261001,mobley_859464,test,-2.36,-4.868619918823242
shuffled_train_mpnn_seed20261001,mobley_1857976,train,-1.79,-4.876651763916016
shuffled_train_mpnn_seed20261001,mobley_7708038,validation,-0.56,-4.832286357879639
shuffled_train_mpnn_seed20261001,mobley_5003962,train,-11.53,-4.391922473907471
shuffled_train_mpnn_seed20261001,mobley_7860938,train,-3.24,-4.8347015380859375
shuffled_train_mpnn_seed20261001,mobley_2402487,test,-6.0,-4.89963960647583
shuffled_train_mpnn_seed20261001,mobley_8127829,train,-0.79,-4.637172222137451
shuffled_train_mpnn_seed20261001,mobley_4587267,test,-23.62,-4.98261833190918
shuffled_train_mpnn_seed20261001,mobley_6733657,validation,-3.44,-4.946150779724121
shuffled_train_mpnn_seed20261001,mobley_5311804,train,-6.62,-4.663994312286377
shuffled_train_mpnn_seed20261001,mobley_4613090,train,-7.63,-4.483516216278076
shuffled_train_mpnn_seed20261001,mobley_929676,train,0.18,-4.837006092071533
shuffled_train_mpnn_seed20261001,mobley_1571523,train,-6.16,-4.657426834106445
shuffled_train_mpnn_seed20261001,mobley_3359593,train,-5.26,-4.661077976226807
shuffled_train_mpnn_seed20261001,mobley_430089,test,0.01,-4.818556308746338
shuffled_train_mpnn_seed20261001,mobley_2354112,train,-6.25,-4.657098770141602
shuffled_train_mpnn_seed20261001,mobley_3999471,validation,-0.84,-4.877496242523193
shuffled_train_mpnn_seed20261001,mobley_2881590,test,-1.88,-4.911888122558594
shuffled_train_mpnn_seed20261001,mobley_2613240,train,-5.33,-4.680022239685059
shuffled_train_mpnn_seed20261001,mobley_2023925,validation,0.1,-4.945613861083984
shuffled_train_mpnn_seed20261001,mobley_5952846,validation,0.1,-4.931273460388184
shuffled_train_mpnn_seed20261001,mobley_7688753,train,-9.52,-4.673707962036133
shuffled_train_mpnn_seed20261001,mobley_8765203,train,0.68,-4.805484294891357
shuffled_train_mpnn_seed20261001,mobley_6201330,train,-9.37,-4.667629718780518
shuffled_train_mpnn_seed20261001,mobley_718988,train,-3.79,-4.836050033569336
shuffled_train_mpnn_seed20261001,mobley_5917842,train,-5.8,-4.677949905395508
shuffled_train_mpnn_seed20261001,mobley_5220185,train,-5.45,-4.667201042175293
shuffled_train_mpnn_seed20261001,mobley_9510785,train,-3.48,-4.482966423034668
shuffled_train_mpnn_seed20261001,mobley_5935995,train,2.51,-4.826099872589111
shuffled_train_mpnn_seed20261001,mobley_3663158,train,-8.11,-4.5047221183776855
shuffled_train_mpnn_seed20261001,mobley_2751110,train,-10.64,-4.713052272796631
shuffled_train_mpnn_seed20261001,mobley_313406,train,-4.85,-4.845978260040283
shuffled_train_mpnn_seed20261001,mobley_4620651,train,-4.1,-4.866509437561035
shuffled_train_mpnn_seed20261001,mobley_4694328,test,-2.29,-4.838860511779785
shuffled_train_mpnn_seed20261001,mobley_9571888,train,-4.23,-4.954758644104004
shuffled_train_mpnn_seed20261001,mobley_3269565,train,-2.01,-4.852167129516602
shuffled_train_mpnn_seed20261001,mobley_1944394,validation,-9.34,-4.367929458618164
shuffled_train_mpnn_seed20261001,mobley_1261349,test,2.51,-4.824629306793213
shuffled_train_mpnn_seed20261001,mobley_755351,train,-7.29,-4.672243595123291
shuffled_train_mpnn_seed20261001,mobley_1881249,train,-3.52,-4.844529151916504
shuffled_train_mpnn_seed20261001,mobley_7608462,train,-1.12,-4.6698784828186035
shuffled_train_mpnn_seed20261001,mobley_4287564,train,-4.63,-4.655523777008057
shuffled_train_mpnn_seed20261001,mobley_9114381,train,-6.72,-4.878788948059082
shuffled_train_mpnn_seed20261001,mobley_646007,train,-5.48,-4.828341007232666
shuffled_train_mpnn_seed20261001,mobley_4845722,train,-2.33,-4.78580379486084
shuffled_train_mpnn_seed20261001,mobley_8320545,train,-3.71,-4.8835015296936035
shuffled_train_mpnn_seed20261001,mobley_2198613,test,-0.63,-4.844037055969238
shuffled_train_mpnn_seed20261001,mobley_8723116,train,-5.9,-4.679128170013428
shuffled_train_mpnn_seed20261001,mobley_627267,test,-0.03,-4.836285591125488
shuffled_train_mpnn_seed20261001,mobley_4934872,train,-5.23,-4.673156261444092
shuffled_train_mpnn_seed20261001,mobley_9121449,train,-0.16,-4.815536975860596
shuffled_train_mpnn_seed20261001,mobley_4483973,train,-0.8,-4.655213832855225
shuffled_train_mpnn_seed20261001,mobley_664966,train,-2.49,-4.870657920837402
shuffled_train_mpnn_seed20261001,mobley_632905,train,-4.4,-4.661978721618652
shuffled_train_mpnn_seed20261001,mobley_3715043,train,-2.82,-4.470067977905273
shuffled_train_mpnn_seed20261001,mobley_1615431,validation,-0.53,-4.853925704956055
shuffled_train_mpnn_seed20261001,mobley_7754849,validation,-6.1,-4.955532550811768
shuffled_train_mpnn_seed20261001,mobley_7893124,train,-0.44,-4.627318859100342
shuffled_train_mpnn_seed20261001,mobley_7814642,train,-1.12,-4.719942092895508
shuffled_train_mpnn_seed20261001,mobley_9434451,test,-0.48,-4.832920551300049
shuffled_train_mpnn_seed20261001,mobley_1800170,validation,-1.14,-4.837186813354492
shuffled_train_mpnn_seed20261001,mobley_7977115,test,-4.06,-4.852344036102295
shuffled_train_mpnn_seed20261001,mobley_5690766,train,1.01,-4.811094284057617
shuffled_train_mpnn_seed20261001,mobley_2763835,train,-2.22,-4.659052848815918
shuffled_train_mpnn_seed20261001,mobley_2850833,train,-4.68,-4.673725128173828
shuffled_train_mpnn_seed20261001,mobley_6456034,validation,-1.69,-4.861236572265625
shuffled_train_mpnn_seed20261001,mobley_6739648,train,-5.06,-4.870193004608154
shuffled_train_mpnn_seed20261001,mobley_590519,train,-1.64,-4.866979122161865
shuffled_train_mpnn_seed20261001,mobley_1967551,train,-3.5,-4.834885120391846
shuffled_train_mpnn_seed20261001,mobley_8337977,test,-3.05,-4.844928741455078
shuffled_train_mpnn_seed20261001,mobley_8823527,train,-3.61,-4.498553276062012
shuffled_train_mpnn_seed20261001,mobley_8883511,train,-3.93,-4.64909029006958
shuffled_train_mpnn_seed20261001,mobley_2316618,train,-14.21,-4.371221542358398
shuffled_train_mpnn_seed20261001,mobley_6929123,validation,-4.0,-4.8979411125183105
shuffled_train_mpnn_seed20261001,mobley_1987439,train,-0.9,-4.632674694061279
shuffled_train_mpnn_seed20261001,mobley_2913224,train,-9.94,-4.685194492340088
shuffled_train_mpnn_seed20261001,mobley_1855337,train,-1.62,-4.74296760559082
shuffled_train_mpnn_seed20261001,mobley_1019269,test,-4.72,-4.849117279052734
shuffled_train_mpnn_seed20261001,mobley_4371692,train,-9.53,-4.40169620513916
shuffled_train_mpnn_seed20261001,mobley_6794076,train,-7.62,-4.664127826690674
shuffled_train_mpnn_seed20261001,mobley_1278715,test,-0.64,-4.994906902313232
shuffled_train_mpnn_seed20261001,mobley_9733743,test,-4.24,-4.835520267486572
shuffled_train_mpnn_seed20261001,mobley_6854178,validation,-2.02,-4.870198726654053
shuffled_train_mpnn_seed20261001,mobley_766666,validation,-0.44,-4.901630878448486
shuffled_train_mpnn_seed20261001,mobley_6843802,train,-1.29,-4.681562423706055
shuffled_train_mpnn_seed20261001,mobley_7758918,test,-6.46,-4.866374969482422
shuffled_train_mpnn_seed20261001,mobley_9717937,train,-2.69,-4.431984901428223
shuffled_train_mpnn_seed20261001,mobley_3169935,train,-4.91,-4.679139137268066
shuffled_train_mpnn_seed20261001,mobley_9407874,test,-2.88,-4.839260101318359
shuffled_train_mpnn_seed20261001,mobley_9653690,validation,-4.44,-4.810617446899414
shuffled_train_mpnn_seed20261001,mobley_2859600,train,-1.24,-4.626729965209961
shuffled_train_mpnn_seed20261001,mobley_5520946,train,-2.55,-4.659602642059326
shuffled_train_mpnn_seed20261001,mobley_7735340,test,-9.63,-4.701596736907959
shuffled_train_mpnn_seed20261001,mobley_4983965,validation,-1.46,-4.844730854034424
shuffled_train_mpnn_seed20261001,mobley_1875719,train,-3.41,-4.844537734985352
shuffled_train_mpnn_seed20261001,mobley_9029594,test,-0.22,-4.821737289428711
shuffled_train_mpnn_seed20261001,mobley_2636578,validation,-4.8,-4.988340854644775
shuffled_train_mpnn_seed20261001,mobley_1873346,train,-0.9,-4.640762805938721
shuffled_train_mpnn_seed20261001,mobley_5494918,train,2.93,-4.897319316864014
shuffled_train_mpnn_seed20261001,mobley_4683624,train,-5.21,-4.650554180145264
shuffled_train_mpnn_seed20261001,mobley_2972906,validation,-1.4,-4.692441463470459
shuffled_train_mpnn_seed20261001,mobley_3414356,train,-3.92,-4.852157115936279
shuffled_train_mpnn_seed20261001,mobley_5282042,train,-7.43,-4.281843662261963
shuffled_train_mpnn_seed20261001,mobley_4690963,test,-3.54,-4.879915237426758
shuffled_train_mpnn_seed20261001,mobley_1363784,train,-4.84,-4.652497291564941
shuffled_train_mpnn_seed20261001,mobley_2972345,train,-3.78,-4.39207649230957
shuffled_train_mpnn_seed20261001,mobley_7375018,test,-2.15,-4.820605754852295
shuffled_train_mpnn_seed20261001,mobley_468867,validation,-2.55,-4.9085540771484375
shuffled_train_mpnn_seed20261001,mobley_8789864,test,-6.4,-4.9111328125
shuffled_train_mpnn_seed20261001,mobley_3264884,train,-7.47,-4.493434429168701
shuffled_train_mpnn_seed20261001,mobley_1755375,train,-5.26,-4.6574320793151855
shuffled_train_mpnn_seed20261001,mobley_5759258,test,-4.57,-4.850656986236572
shuffled_train_mpnn_seed20261001,mobley_1674094,validation,0.29,-4.819884300231934
shuffled_train_mpnn_seed20261001,mobley_5110043,train,-2.63,-4.4700493812561035
shuffled_train_mpnn_seed20261001,mobley_4434915,validation,-0.55,-4.839654445648193
shuffled_train_mpnn_seed20261001,mobley_2371092,train,-5.22,-4.65250301361084
shuffled_train_mpnn_seed20261001,mobley_5094777,train,-1.46,-4.629488468170166
shuffled_train_mpnn_seed20261001,mobley_7378987,train,-12.64,-4.588712692260742
shuffled_train_mpnn_seed20261001,mobley_6497672,train,-4.22,-4.831451892852783
shuffled_train_mpnn_seed20261001,mobley_1723043,test,3.43,-4.898717403411865
descriptor_ridge,mobley_8966374,train,-5.51,-4.854787926432979
descriptor_ridge,mobley_1858644,train,-6.79,-7.356965219304204
descriptor_ridge,mobley_5880265,test,-6.25,-6.184079363362677
descriptor_ridge,mobley_5732611,test,-10.27,-6.9709536202004605
descriptor_ridge,mobley_8436428,validation,2.83,1.3143832871385221
descriptor_ridge,mobley_4687447,test,-6.4,-6.37400224607269
descriptor_ridge,mobley_9507933,train,-4.72,-3.0711845199979497
descriptor_ridge,mobley_994483,train,-0.74,-1.205795269455448
descriptor_ridge,mobley_7829570,train,-3.51,-5.753776357171975
descriptor_ridge,mobley_5692472,validation,-4.29,-4.870494785185869
descriptor_ridge,mobley_4305650,validation,-3.84,-1.6299569385145762
descriptor_ridge,mobley_7988076,train,-8.83,-7.801887926685343
descriptor_ridge,mobley_9838013,train,-4.43,-3.633330903547696
descriptor_ridge,mobley_1792062,validation,-2.33,-2.8789552011970976
descriptor_ridge,mobley_1899443,train,1.47,0.3234075933291285
descriptor_ridge,mobley_8426916,train,-4.07,-4.490649019765841
descriptor_ridge,mobley_6522117,train,-7.07,-3.110273015964041
descriptor_ridge,mobley_1743409,validation,-5.71,-5.873110306316167
descriptor_ridge,mobley_2864987,test,-4.39,-3.8829836622301457
descriptor_ridge,mobley_7227357,train,-4.35,-3.8829836622301466
descriptor_ridge,mobley_1722522,validation,-2.49,-2.6058090139359535
descriptor_ridge,mobley_9281946,train,-6.74,-6.2964385537543635
descriptor_ridge,mobley_7150646,train,-2.3,-4.150756717955433
descriptor_ridge,mobley_4149784,train,-3.67,-2.915404416590638
descriptor_ridge,mobley_7176290,train,-9.62,-8.304802201761188
descriptor_ridge,mobley_9883303,validation,2.71,1.3656811814873988
descriptor_ridge,mobley_6935906,validation,-2.49,-1.8490142292015426
descriptor_ridge,mobley_3269819,train,-3.17,0.23215937267057818
descriptor_ridge,mobley_9617923,train,-2.34,-0.428445622044471
descriptor_ridge,mobley_7106722,validation,2.51,1.1757582987773834
descriptor_ridge,mobley_3060426,train,2.93,2.193534569923454
descriptor_ridge,mobley_1893815,validation,-1.43,-0.27003978766419756
descriptor_ridge,mobley_3639400,validation,-0.16,0.11347648988734793
descriptor_ridge,mobley_3105103,train,-11.14,-9.039419543106803
descriptor_ridge,mobley_5076071,train,-5.66,-10.035388680105616
descriptor_ridge,mobley_9557440,train,-17.74,-13.979408192763042
descriptor_ridge,mobley_4218209,train,-7.48,-7.325815500774448
descriptor_ridge,mobley_4884177,train,-4.59,-3.434534388680575
descriptor_ridge,mobley_49274,test,0.6,-0.4776674157408207
descriptor_ridge,mobley_4375719,test,3.13,1.7968248412563073
descriptor_ridge,mobley_7913234,train,-5.73,-5.74784529757639
descriptor_ridge,mobley_5948990,train,-7.37,-8.634053506186754
descriptor_ridge,mobley_2607611,validation,-2.26,-2.1331041738849383
descriptor_ridge,mobley_2789243,train,-4.01,-3.8225434273029144
descriptor_ridge,mobley_2681549,train,-0.78,-1.6522217168309536
descriptor_ridge,mobley_5616693,train,-2.53,-1.3094022044271894
descriptor_ridge,mobley_8522124,test,0.71,-0.2081510404899598
descriptor_ridge,mobley_2517158,validation,0.34,-0.256180855905372
descriptor_ridge,mobley_511661,test,0.56,-2.202264886300817
descriptor_ridge,mobley_6727159,validation,-8.18,-9.098933790838649
descriptor_ridge,mobley_3053621,train,-0.9,-2.9223180560790762
descriptor_ridge,mobley_1803862,validation,2.38,0.9858354160673679
descriptor_ridge,mobley_5371840,train,-3.1,-3.3387698630066796
descriptor_ridge,mobley_9100956,train,1.7,0.6386182821513104
descriptor_ridge,mobley_7261305,validation,-9.3,-11.555104110579059
descriptor_ridge,mobley_3686115,validation,-3.28,-2.2900901248880343
descriptor_ridge,mobley_1502181,validation,-2.49,-0.6431309246560826
descriptor_ridge,mobley_3183805,train,-0.86,-1.3724808389398202
descriptor_ridge,mobley_9624458,train,-1.89,-0.8101803306415496
descriptor_ridge,mobley_8207196,validation,-10.22,-11.095107309265376
descriptor_ridge,mobley_5449201,train,2.3,1.0371333104162446
descriptor_ridge,mobley_5890803,validation,-2.44,-2.6058090139359535
descriptor_ridge,mobley_7176248,train,-3.25,-5.753776357171975
descriptor_ridge,mobley_2484519,train,-1.93,-2.6270170612909927
descriptor_ridge,mobley_9979854,train,-4.2,-4.5484557388071405
descriptor_ridge,mobley_6911232,test,-2.1,-1.5874198557700572
descriptor_ridge,mobley_9729792,train,-0.99,-2.201961170092724
descriptor_ridge,mobley_7066554,train,-7.03,-5.884450985172586
descriptor_ridge,mobley_5852491,test,1.59,0.19904264075884637
descriptor_ridge,mobley_7298388,train,-3.45,-4.331941649391136
descriptor_ridge,mobley_8789465,train,-6.2,-8.589811325278388
descriptor_ridge,mobley_1036761,train,-4.59,-4.561829052385094
descriptor_ridge,mobley_3370989,test,-0.11,-0.21580526251694376
descriptor_ridge,mobley_9185328,test,-4.39,-4.650845984255323
descriptor_ridge,mobley_7417968,validation,-5.31,-4.850516414702226
descriptor_ridge,mobley_8467917,train,1.68,0.6194551327602706
descriptor_ridge,mobley_5063386,train,-4.58,-8.30480220176119
descriptor_ridge,mobley_4792268,train,-6.16,-5.034463246471205
descriptor_ridge,mobley_2457863,train,-7.66,-6.996564196348881
descriptor_ridge,mobley_7769613,train,0.84,-0.32998556227669606
descriptor_ridge,mobley_7393673,train,-5.33,-5.757784588316884
descriptor_ridge,mobley_778352,test,1.31,0.2345629498919859
descriptor_ridge,mobley_8558116,train,-6.32,-4.7905168907812445
descriptor_ridge,mobley_4883284,train,-5.49,-6.637067736014192
descriptor_ridge,mobley_7463799,train,-6.92,-6.98132418733222
descriptor_ridge,mobley_9565165,train,-3.35,-3.8477868822211203
descriptor_ridge,mobley_2577969,test,-4.52,-3.222367601764624
descriptor_ridge,mobley_2929847,test,-6.09,-5.0857611408200825
descriptor_ridge,mobley_7794077,train,-15.46,-13.622864516456673
descriptor_ridge,mobley_3968043,test,-4.7,-2.5776374727274503
descriptor_ridge,mobley_2099370,validation,-10.78,-9.120630252899684
descriptor_ridge,mobley_5286200,train,-2.32,-0.620257447931535
descriptor_ridge,mobley_2183616,train,-0.45,-0.8698238263727176
descriptor_ridge,mobley_2005792,train,-2.7,-2.7313987522416996
descriptor_ridge,mobley_4762983,validation,1.66,0.3698023740778211
descriptor_ridge,mobley_7774695,train,-4.69,-5.743306032293822
descriptor_ridge,mobley_6334915,validation,-12.74,-6.712913357088247
descriptor_ridge,mobley_3589456,train,-4.59,-4.482844287058773
descriptor_ridge,mobley_3682850,train,-4.91,-2.063774571630197
descriptor_ridge,mobley_5072416,train,-6.12,-7.325815500774448
descriptor_ridge,mobley_6248915,validation,-3.65,-3.7012315707052514
descriptor_ridge,mobley_6232400,train,-7.1,-5.739980368815672
descriptor_ridge,mobley_8492526,test,-3.03,-1.8505745733913632
descriptor_ridge,mobley_8809190,train,-0.4,-1.4763986294899611
descriptor_ridge,mobley_7983227,test,-4.42,-4.180592739655296
descriptor_ridge,mobley_5518547,train,-5.57,-6.049705559153691
descriptor_ridge,mobley_3151666,train,-3.64,-3.179680431756344
descriptor_ridge,mobley_8337722,train,-3.2,-3.8143258310627886
descriptor_ridge,mobley_5627459,test,-2.86,-2.203226240007438
descriptor_ridge,mobley_676247,test,3.12,-0.35959919398194806
descriptor_ridge,mobley_2261979,train,-3.15,-3.997094314205074
descriptor_ridge,mobley_6081058,test,-3.43,-1.8315900414607031
descriptor_ridge,mobley_8798016,train,-7.0,-5.739980368815672
descriptor_ridge,mobley_1896013,train,-20.52,-20.8891475798297
descriptor_ridge,mobley_4039055,train,-18.17,-15.016992970117265
descriptor_ridge,mobley_9534740,train,-25.47,-25.619341669766076
descriptor_ridge,mobley_252413,test,2.88,1.8649866988522987
descriptor_ridge,mobley_902954,test,-2.09,-3.552659869695955
descriptor_ridge,mobley_303222,validation,1.32,-1.238886410531252
descriptor_ridge,mobley_6055410,train,-9.4,-11.159454465171102
descriptor_ridge,mobley_3738859,test,-0.1,-0.6360266213254029
descriptor_ridge,mobley_6571751,validation,0.67,-0.10760776657581683
descriptor_ridge,mobley_349850,train,-4.7,-3.2125773050542805
descriptor_ridge,mobley_4964807,train,-5.99,-6.677786916350282
descriptor_ridge,mobley_588781,train,-0.04,-0.8736910849555635
descriptor_ridge,mobley_9028462,validation,-1.1,-3.832640271746906
descriptor_ridge,mobley_3259411,test,-13.43,-14.5956857390955
descriptor_ridge,mobley_5747188,train,-3.58,-4.331941649391135
descriptor_ridge,mobley_4850657,test,-4.87,-4.049355405874274
descriptor_ridge,mobley_337666,train,-16.92,-14.585072223800733
descriptor_ridge,mobley_525934,validation,-1.2,-3.290305550074114
descriptor_ridge,mobley_5346580,validation,-3.11,-0.8887040492780875
descriptor_ridge,mobley_9414831,train,-2.44,-2.3903269372749705
descriptor_ridge,mobley_1827204,test,-2.81,-1.5863644309765599
descriptor_ridge,mobley_2784376,train,0.75,-0.8187336303872206
descriptor_ridge,mobley_6266306,validation,-5.56,-5.906940319176842
descriptor_ridge,mobley_859464,test,-2.36,-2.657106908284831
descriptor_ridge,mobley_1857976,train,-1.79,-1.0001032133515633
descriptor_ridge,mobley_7708038,validation,-0.56,-1.0158723867454338
descriptor_ridge,mobley_5003962,train,-11.53,-10.726498296101045
descriptor_ridge,mobley_7860938,train,-3.24,-3.730957488925783
descriptor_ridge,mobley_2402487,test,-6.0,-6.142626681567027
descriptor_ridge,mobley_8127829,train,-0.79,-2.19053706358154
descriptor_ridge,mobley_4587267,test,-23.62,-28.786268008904635
descriptor_ridge,mobley_6733657,validation,-3.44,-3.8632855269263287
descriptor_ridge,mobley_5311804,train,-6.62,-7.059711279194776
descriptor_ridge,mobley_4613090,train,-7.63,-5.943613225647559
descriptor_ridge,mobley_929676,train,0.18,-0.44610373861538744
descriptor_ridge,mobley_1571523,train,-6.16,-5.212685570408467
descriptor_ridge,mobley_3359593,train,-5.26,-6.058941622633164
descriptor_ridge,mobley_430089,test,0.01,-1.112212357291554
descriptor_ridge,mobley_2354112,train,-6.25,-5.5760354390910924
descriptor_ridge,mobley_3999471,validation,-0.84,-0.027834729833311478
descriptor_ridge,mobley_2881590,test,-1.88,-3.6039577640448317
descriptor_ridge,mobley_2613240,train,-5.33,-4.379407078140431
descriptor_ridge,mobley_2023925,validation,0.1,-1.5917242455888165
descriptor_ridge,mobley_5952846,validation,0.1,-1.4538301637494193
descriptor_ridge,mobley_7688753,train,-9.52,-7.801887926685344
descriptor_ridge,mobley_8765203,train,0.68,-1.3169656866796213
descriptor_ridge,mobley_6201330,train,-9.37,-7.582978524171597
descriptor_ridge,mobley_718988,train,-3.79,-3.891154453415266
descriptor_ridge,mobley_5917842,train,-5.8,-6.488795512029225
descriptor_ridge,mobley_5220185,train,-5.45,-4.652000549599327
descriptor_ridge,mobley_9510785,train,-3.48,-1.0379369665775355
descriptor_ridge,mobley_5935995,train,2.51,1.6750638161422833
descriptor_ridge,mobley_3663158,train,-8.11,-6.247415136858344
descriptor_ridge,mobley_2751110,train,-10.64,-8.30480220176119
descriptor_ridge,mobley_313406,train,-4.85,-4.5091406107264485
descriptor_ridge,mobley_4620651,train,-4.1,-4.39733822608307
descriptor_ridge,mobley_4694328,test,-2.29,-1.1136595909255451
descriptor_ridge,mobley_9571888,train,-4.23,-8.026723204145604
descriptor_ridge,mobley_3269565,train,-2.01,-1.1511857899837699
descriptor_ridge,mobley_1944394,validation,-9.34,-5.868224156794444
descriptor_ridge,mobley_1261349,test,2.51,1.2354881747498174
descriptor_ridge,mobley_755351,train,-7.29,-7.325815500774448
descriptor_ridge,mobley_1881249,train,-3.52,-1.6009218147089133
descriptor_ridge,mobley_7608462,train,-1.12,-2.498952609663035
descriptor_ridge,mobley_4287564,train,-4.63,-3.605484368497889
descriptor_ridge,mobley_9114381,train,-6.72,-5.272899262866776
descriptor_ridge,mobley_646007,train,-5.48,-5.467364677784377
descriptor_ridge,mobley_4845722,train,-2.33,-0.3821253775828337
descriptor_ridge,mobley_8320545,train,-3.71,-3.139712835233669
descriptor_ridge,mobley_2198613,test,-0.63,-0.2663692755326812
descriptor_ridge,mobley_8723116,train,-5.9,-6.213702289598152
descriptor_ridge,mobley_627267,test,-0.03,-0.8772473983842959
descriptor_ridge,mobley_4934872,train,-5.23,-4.947929190851486
descriptor_ridge,mobley_9121449,train,-0.16,-1.524997019115935
descriptor_ridge,mobley_4483973,train,-0.8,-3.104616640700722
descriptor_ridge,mobley_664966,train,-2.49,-4.8514319464394635
descriptor_ridge,mobley_632905,train,-4.4,-4.48868724667504
descriptor_ridge,mobley_3715043,train,-2.82,-1.9525040494306016
descriptor_ridge,mobley_1615431,validation,-0.53,-0.525028841487468
descriptor_ridge,mobley_7754849,validation,-6.1,-3.2333520375653144
descriptor_ridge,mobley_7893124,train,-0.44,-0.8216310158417288
descriptor_ridge,mobley_7814642,train,-1.12,-1.6522217168309536
descriptor_ridge,mobley_9434451,test,-0.48,-0.769561203669161
descriptor_ridge,mobley_1800170,validation,-1.14,-2.8507299086816493
descriptor_ridge,mobley_7977115,test,-4.06,-3.693060779520132
descriptor_ridge,mobley_5690766,train,1.01,-1.0795465238329016
descriptor_ridge,mobley_2763835,train,-2.22,-3.1823624605067806
descriptor_ridge,mobley_2850833,train,-4.68,-7.801887926685343
descriptor_ridge,mobley_6456034,validation,-1.69,-2.235699962582692
descriptor_ridge,mobley_6739648,train,-5.06,-4.3692672731624
descriptor_ridge,mobley_590519,train,-1.64,0.20544836365979524
descriptor_ridge,mobley_1967551,train,-3.5,-3.088928558864505
descriptor_ridge,mobley_8337977,test,-3.05,-1.388009566642987
descriptor_ridge,mobley_8823527,train,-3.61,-0.6145715201614994
descriptor_ridge,mobley_8883511,train,-3.93,-3.8688241205857135
descriptor_ridge,mobley_2316618,train,-14.21,-14.849038611663747
descriptor_ridge,mobley_6929123,validation,-4.0,-4.2807478984088245
descriptor_ridge,mobley_1987439,train,-0.9,-1.3724808389398198
descriptor_ridge,mobley_2913224,train,-9.94,-9.386574385225291
descriptor_ridge,mobley_1855337,train,-1.62,-1.228856270414914
descriptor_ridge,mobley_1019269,test,-4.72,-4.319217728016434
descriptor_ridge,mobley_4371692,train,-9.53,-14.111996671610594
descriptor_ridge,mobley_6794076,train,-7.62,-4.982030757259827
descriptor_ridge,mobley_1278715,test,-0.64,0.21037087934071508
descriptor_ridge,mobley_9733743,test,-4.24,-4.460923101545308
descriptor_ridge,mobley_6854178,validation,-2.02,-3.424367262906582
descriptor_ridge,mobley_766666,validation,-0.44,-1.695706285054965
descriptor_ridge,mobley_6843802,train,-1.29,-3.7209831059523713
descriptor_ridge,mobley_7758918,test,-6.46,-5.71145805071039
descriptor_ridge,mobley_9717937,train,-2.69,-2.308033305825657
descriptor_ridge,mobley_3169935,train,-4.91,-6.213702289598152
descriptor_ridge,mobley_9407874,test,-2.88,-0.8640068322430947
descriptor_ridge,mobley_9653690,validation,-4.44,-4.924729164320988
descriptor_ridge,mobley_2859600,train,-1.24,-2.5219678167731816
descriptor_ridge,mobley_5520946,train,-2.55,-5.199641843602045
descriptor_ridge,mobley_7735340,test,-9.63,-7.797096274683498
descriptor_ridge,mobley_4983965,validation,-1.46,-0.19962790475896686
descriptor_ridge,mobley_1875719,train,-3.41,-1.6009218147089137
descriptor_ridge,mobley_9029594,test,-0.22,-0.7999301832669605
descriptor_ridge,mobley_2636578,validation,-4.8,-8.142453049808156
descriptor_ridge,mobley_1873346,train,-0.9,-2.3349558792185734
descriptor_ridge,mobley_5494918,train,2.93,-1.0808401567970245
descriptor_ridge,mobley_4683624,train,-5.21,-5.200394407119105
descriptor_ridge,mobley_2972906,validation,-1.4,-2.800010335323852
descriptor_ridge,mobley_3414356,train,-3.92,-3.4434080208376816
descriptor_ridge,mobley_5282042,train,-7.43,-5.035295582515038
descriptor_ridge,mobley_4690963,test,-3.54,-3.2623586084062848
descriptor_ridge,mobley_1363784,train,-4.84,-3.071184519997949
descriptor_ridge,mobley_2972345,train,-3.78,-4.2351298491708
descriptor_ridge,mobley_7375018,test,-2.15,-0.2182625775967857
descriptor_ridge,mobley_468867,validation,-2.55,-4.232015091844144
descriptor_ridge,mobley_8789864,test,-6.4,-5.474995651516727
descriptor_ridge,mobley_3264884,train,-7.47,-6.576666441283908
descriptor_ridge,mobley_1755375,train,-5.26,-5.212685570408466
descriptor_ridge,mobley_5759258,test,-4.57,-4.129294845306418
descriptor_ridge,mobley_1674094,validation,0.29,-0.7737149551719629
descriptor_ridge,mobley_5110043,train,-2.63,-1.9525040494306016
descriptor_ridge,mobley_4434915,validation,-0.55,-0.7059449169251457
descriptor_ridge,mobley_2371092,train,-5.22,-3.0711845199979493
descriptor_ridge,mobley_5094777,train,-1.46,-3.246483669018952
descriptor_ridge,mobley_7378987,train,-12.64,-12.337823488546071
descriptor_ridge,mobley_6497672,train,-4.22,-3.4270132439796352
descriptor_ridge,mobley_1723043,test,3.43,-2.1132266534775344
training_mean,mobley_8966374,train,-5.51,-4.690129870129871
training_mean,mobley_1858644,train,-6.79,-4.690129870129871
training_mean,mobley_5880265,test,-6.25,-4.690129870129871
training_mean,mobley_5732611,test,-10.27,-4.690129870129871
training_mean,mobley_8436428,validation,2.83,-4.690129870129871
training_mean,mobley_4687447,test,-6.4,-4.690129870129871
training_mean,mobley_9507933,train,-4.72,-4.690129870129871
training_mean,mobley_994483,train,-0.74,-4.690129870129871
training_mean,mobley_7829570,train,-3.51,-4.690129870129871
training_mean,mobley_5692472,validation,-4.29,-4.690129870129871
training_mean,mobley_4305650,validation,-3.84,-4.690129870129871
training_mean,mobley_7988076,train,-8.83,-4.690129870129871
training_mean,mobley_9838013,train,-4.43,-4.690129870129871
training_mean,mobley_1792062,validation,-2.33,-4.690129870129871
training_mean,mobley_1899443,train,1.47,-4.690129870129871
training_mean,mobley_8426916,train,-4.07,-4.690129870129871
training_mean,mobley_6522117,train,-7.07,-4.690129870129871
training_mean,mobley_1743409,validation,-5.71,-4.690129870129871
training_mean,mobley_2864987,test,-4.39,-4.690129870129871
training_mean,mobley_7227357,train,-4.35,-4.690129870129871
training_mean,mobley_1722522,validation,-2.49,-4.690129870129871
training_mean,mobley_9281946,train,-6.74,-4.690129870129871
training_mean,mobley_7150646,train,-2.3,-4.690129870129871
training_mean,mobley_4149784,train,-3.67,-4.690129870129871
training_mean,mobley_7176290,train,-9.62,-4.690129870129871
training_mean,mobley_9883303,validation,2.71,-4.690129870129871
training_mean,mobley_6935906,validation,-2.49,-4.690129870129871
training_mean,mobley_3269819,train,-3.17,-4.690129870129871
training_mean,mobley_9617923,train,-2.34,-4.690129870129871
training_mean,mobley_7106722,validation,2.51,-4.690129870129871
training_mean,mobley_3060426,train,2.93,-4.690129870129871
training_mean,mobley_1893815,validation,-1.43,-4.690129870129871
training_mean,mobley_3639400,validation,-0.16,-4.690129870129871
training_mean,mobley_3105103,train,-11.14,-4.690129870129871
training_mean,mobley_5076071,train,-5.66,-4.690129870129871
training_mean,mobley_9557440,train,-17.74,-4.690129870129871
training_mean,mobley_4218209,train,-7.48,-4.690129870129871
training_mean,mobley_4884177,train,-4.59,-4.690129870129871
training_mean,mobley_49274,test,0.6,-4.690129870129871
training_mean,mobley_4375719,test,3.13,-4.690129870129871
training_mean,mobley_7913234,train,-5.73,-4.690129870129871
training_mean,mobley_5948990,train,-7.37,-4.690129870129871
training_mean,mobley_2607611,validation,-2.26,-4.690129870129871
training_mean,mobley_2789243,train,-4.01,-4.690129870129871
training_mean,mobley_2681549,train,-0.78,-4.690129870129871
training_mean,mobley_5616693,train,-2.53,-4.690129870129871
training_mean,mobley_8522124,test,0.71,-4.690129870129871
training_mean,mobley_2517158,validation,0.34,-4.690129870129871
training_mean,mobley_511661,test,0.56,-4.690129870129871
training_mean,mobley_6727159,validation,-8.18,-4.690129870129871
training_mean,mobley_3053621,train,-0.9,-4.690129870129871
training_mean,mobley_1803862,validation,2.38,-4.690129870129871
training_mean,mobley_5371840,train,-3.1,-4.690129870129871
training_mean,mobley_9100956,train,1.7,-4.690129870129871
training_mean,mobley_7261305,validation,-9.3,-4.690129870129871
training_mean,mobley_3686115,validation,-3.28,-4.690129870129871
training_mean,mobley_1502181,validation,-2.49,-4.690129870129871
training_mean,mobley_3183805,train,-0.86,-4.690129870129871
training_mean,mobley_9624458,train,-1.89,-4.690129870129871
training_mean,mobley_8207196,validation,-10.22,-4.690129870129871
training_mean,mobley_5449201,train,2.3,-4.690129870129871
training_mean,mobley_5890803,validation,-2.44,-4.690129870129871
training_mean,mobley_7176248,train,-3.25,-4.690129870129871
training_mean,mobley_2484519,train,-1.93,-4.690129870129871
training_mean,mobley_9979854,train,-4.2,-4.690129870129871
training_mean,mobley_6911232,test,-2.1,-4.690129870129871
training_mean,mobley_9729792,train,-0.99,-4.690129870129871
training_mean,mobley_7066554,train,-7.03,-4.690129870129871
training_mean,mobley_5852491,test,1.59,-4.690129870129871
training_mean,mobley_7298388,train,-3.45,-4.690129870129871
training_mean,mobley_8789465,train,-6.2,-4.690129870129871
training_mean,mobley_1036761,train,-4.59,-4.690129870129871
training_mean,mobley_3370989,test,-0.11,-4.690129870129871
training_mean,mobley_9185328,test,-4.39,-4.690129870129871
training_mean,mobley_7417968,validation,-5.31,-4.690129870129871
training_mean,mobley_8467917,train,1.68,-4.690129870129871
training_mean,mobley_5063386,train,-4.58,-4.690129870129871
training_mean,mobley_4792268,train,-6.16,-4.690129870129871
training_mean,mobley_2457863,train,-7.66,-4.690129870129871
training_mean,mobley_7769613,train,0.84,-4.690129870129871
training_mean,mobley_7393673,train,-5.33,-4.690129870129871
training_mean,mobley_778352,test,1.31,-4.690129870129871
training_mean,mobley_8558116,train,-6.32,-4.690129870129871
training_mean,mobley_4883284,train,-5.49,-4.690129870129871
training_mean,mobley_7463799,train,-6.92,-4.690129870129871
training_mean,mobley_9565165,train,-3.35,-4.690129870129871
training_mean,mobley_2577969,test,-4.52,-4.690129870129871
training_mean,mobley_2929847,test,-6.09,-4.690129870129871
training_mean,mobley_7794077,train,-15.46,-4.690129870129871
training_mean,mobley_3968043,test,-4.7,-4.690129870129871
training_mean,mobley_2099370,validation,-10.78,-4.690129870129871
training_mean,mobley_5286200,train,-2.32,-4.690129870129871
training_mean,mobley_2183616,train,-0.45,-4.690129870129871
training_mean,mobley_2005792,train,-2.7,-4.690129870129871
training_mean,mobley_4762983,validation,1.66,-4.690129870129871
training_mean,mobley_7774695,train,-4.69,-4.690129870129871
training_mean,mobley_6334915,validation,-12.74,-4.690129870129871
training_mean,mobley_3589456,train,-4.59,-4.690129870129871
training_mean,mobley_3682850,train,-4.91,-4.690129870129871
training_mean,mobley_5072416,train,-6.12,-4.690129870129871
training_mean,mobley_6248915,validation,-3.65,-4.690129870129871
training_mean,mobley_6232400,train,-7.1,-4.690129870129871
training_mean,mobley_8492526,test,-3.03,-4.690129870129871
training_mean,mobley_8809190,train,-0.4,-4.690129870129871
training_mean,mobley_7983227,test,-4.42,-4.690129870129871
training_mean,mobley_5518547,train,-5.57,-4.690129870129871
training_mean,mobley_3151666,train,-3.64,-4.690129870129871
training_mean,mobley_8337722,train,-3.2,-4.690129870129871
training_mean,mobley_5627459,test,-2.86,-4.690129870129871
training_mean,mobley_676247,test,3.12,-4.690129870129871
training_mean,mobley_2261979,train,-3.15,-4.690129870129871
training_mean,mobley_6081058,test,-3.43,-4.690129870129871
training_mean,mobley_8798016,train,-7.0,-4.690129870129871
training_mean,mobley_1896013,train,-20.52,-4.690129870129871
training_mean,mobley_4039055,train,-18.17,-4.690129870129871
training_mean,mobley_9534740,train,-25.47,-4.690129870129871
training_mean,mobley_252413,test,2.88,-4.690129870129871
training_mean,mobley_902954,test,-2.09,-4.690129870129871
training_mean,mobley_303222,validation,1.32,-4.690129870129871
training_mean,mobley_6055410,train,-9.4,-4.690129870129871
training_mean,mobley_3738859,test,-0.1,-4.690129870129871
training_mean,mobley_6571751,validation,0.67,-4.690129870129871
training_mean,mobley_349850,train,-4.7,-4.690129870129871
training_mean,mobley_4964807,train,-5.99,-4.690129870129871
training_mean,mobley_588781,train,-0.04,-4.690129870129871
training_mean,mobley_9028462,validation,-1.1,-4.690129870129871
training_mean,mobley_3259411,test,-13.43,-4.690129870129871
training_mean,mobley_5747188,train,-3.58,-4.690129870129871
training_mean,mobley_4850657,test,-4.87,-4.690129870129871
training_mean,mobley_337666,train,-16.92,-4.690129870129871
training_mean,mobley_525934,validation,-1.2,-4.690129870129871
training_mean,mobley_5346580,validation,-3.11,-4.690129870129871
training_mean,mobley_9414831,train,-2.44,-4.690129870129871
training_mean,mobley_1827204,test,-2.81,-4.690129870129871
training_mean,mobley_2784376,train,0.75,-4.690129870129871
training_mean,mobley_6266306,validation,-5.56,-4.690129870129871
training_mean,mobley_859464,test,-2.36,-4.690129870129871
training_mean,mobley_1857976,train,-1.79,-4.690129870129871
training_mean,mobley_7708038,validation,-0.56,-4.690129870129871
training_mean,mobley_5003962,train,-11.53,-4.690129870129871
training_mean,mobley_7860938,train,-3.24,-4.690129870129871
training_mean,mobley_2402487,test,-6.0,-4.690129870129871
training_mean,mobley_8127829,train,-0.79,-4.690129870129871
training_mean,mobley_4587267,test,-23.62,-4.690129870129871
training_mean,mobley_6733657,validation,-3.44,-4.690129870129871
training_mean,mobley_5311804,train,-6.62,-4.690129870129871
training_mean,mobley_4613090,train,-7.63,-4.690129870129871
training_mean,mobley_929676,train,0.18,-4.690129870129871
training_mean,mobley_1571523,train,-6.16,-4.690129870129871
training_mean,mobley_3359593,train,-5.26,-4.690129870129871
training_mean,mobley_430089,test,0.01,-4.690129870129871
training_mean,mobley_2354112,train,-6.25,-4.690129870129871
training_mean,mobley_3999471,validation,-0.84,-4.690129870129871
training_mean,mobley_2881590,test,-1.88,-4.690129870129871
training_mean,mobley_2613240,train,-5.33,-4.690129870129871
training_mean,mobley_2023925,validation,0.1,-4.690129870129871
training_mean,mobley_5952846,validation,0.1,-4.690129870129871
training_mean,mobley_7688753,train,-9.52,-4.690129870129871
training_mean,mobley_8765203,train,0.68,-4.690129870129871
training_mean,mobley_6201330,train,-9.37,-4.690129870129871
training_mean,mobley_718988,train,-3.79,-4.690129870129871
training_mean,mobley_5917842,train,-5.8,-4.690129870129871
training_mean,mobley_5220185,train,-5.45,-4.690129870129871
training_mean,mobley_9510785,train,-3.48,-4.690129870129871
training_mean,mobley_5935995,train,2.51,-4.690129870129871
training_mean,mobley_3663158,train,-8.11,-4.690129870129871
training_mean,mobley_2751110,train,-10.64,-4.690129870129871
training_mean,mobley_313406,train,-4.85,-4.690129870129871
training_mean,mobley_4620651,train,-4.1,-4.690129870129871
training_mean,mobley_4694328,test,-2.29,-4.690129870129871
training_mean,mobley_9571888,train,-4.23,-4.690129870129871
training_mean,mobley_3269565,train,-2.01,-4.690129870129871
training_mean,mobley_1944394,validation,-9.34,-4.690129870129871
training_mean,mobley_1261349,test,2.51,-4.690129870129871
training_mean,mobley_755351,train,-7.29,-4.690129870129871
training_mean,mobley_1881249,train,-3.52,-4.690129870129871
training_mean,mobley_7608462,train,-1.12,-4.690129870129871
training_mean,mobley_4287564,train,-4.63,-4.690129870129871
training_mean,mobley_9114381,train,-6.72,-4.690129870129871
training_mean,mobley_646007,train,-5.48,-4.690129870129871
training_mean,mobley_4845722,train,-2.33,-4.690129870129871
training_mean,mobley_8320545,train,-3.71,-4.690129870129871
training_mean,mobley_2198613,test,-0.63,-4.690129870129871
training_mean,mobley_8723116,train,-5.9,-4.690129870129871
training_mean,mobley_627267,test,-0.03,-4.690129870129871
training_mean,mobley_4934872,train,-5.23,-4.690129870129871
training_mean,mobley_9121449,train,-0.16,-4.690129870129871
training_mean,mobley_4483973,train,-0.8,-4.690129870129871
training_mean,mobley_664966,train,-2.49,-4.690129870129871
training_mean,mobley_632905,train,-4.4,-4.690129870129871
training_mean,mobley_3715043,train,-2.82,-4.690129870129871
training_mean,mobley_1615431,validation,-0.53,-4.690129870129871
training_mean,mobley_7754849,validation,-6.1,-4.690129870129871
training_mean,mobley_7893124,train,-0.44,-4.690129870129871
training_mean,mobley_7814642,train,-1.12,-4.690129870129871
training_mean,mobley_9434451,test,-0.48,-4.690129870129871
training_mean,mobley_1800170,validation,-1.14,-4.690129870129871
training_mean,mobley_7977115,test,-4.06,-4.690129870129871
training_mean,mobley_5690766,train,1.01,-4.690129870129871
training_mean,mobley_2763835,train,-2.22,-4.690129870129871
training_mean,mobley_2850833,train,-4.68,-4.690129870129871
training_mean,mobley_6456034,validation,-1.69,-4.690129870129871
training_mean,mobley_6739648,train,-5.06,-4.690129870129871
training_mean,mobley_590519,train,-1.64,-4.690129870129871
training_mean,mobley_1967551,train,-3.5,-4.690129870129871
training_mean,mobley_8337977,test,-3.05,-4.690129870129871
training_mean,mobley_8823527,train,-3.61,-4.690129870129871
training_mean,mobley_8883511,train,-3.93,-4.690129870129871
training_mean,mobley_2316618,train,-14.21,-4.690129870129871
training_mean,mobley_6929123,validation,-4.0,-4.690129870129871
training_mean,mobley_1987439,train,-0.9,-4.690129870129871
training_mean,mobley_2913224,train,-9.94,-4.690129870129871
training_mean,mobley_1855337,train,-1.62,-4.690129870129871
training_mean,mobley_1019269,test,-4.72,-4.690129870129871
training_mean,mobley_4371692,train,-9.53,-4.690129870129871
training_mean,mobley_6794076,train,-7.62,-4.690129870129871
training_mean,mobley_1278715,test,-0.64,-4.690129870129871
training_mean,mobley_9733743,test,-4.24,-4.690129870129871
training_mean,mobley_6854178,validation,-2.02,-4.690129870129871
training_mean,mobley_766666,validation,-0.44,-4.690129870129871
training_mean,mobley_6843802,train,-1.29,-4.690129870129871
training_mean,mobley_7758918,test,-6.46,-4.690129870129871
training_mean,mobley_9717937,train,-2.69,-4.690129870129871
training_mean,mobley_3169935,train,-4.91,-4.690129870129871
training_mean,mobley_9407874,test,-2.88,-4.690129870129871
training_mean,mobley_9653690,validation,-4.44,-4.690129870129871
training_mean,mobley_2859600,train,-1.24,-4.690129870129871
training_mean,mobley_5520946,train,-2.55,-4.690129870129871
training_mean,mobley_7735340,test,-9.63,-4.690129870129871
training_mean,mobley_4983965,validation,-1.46,-4.690129870129871
training_mean,mobley_1875719,train,-3.41,-4.690129870129871
training_mean,mobley_9029594,test,-0.22,-4.690129870129871
training_mean,mobley_2636578,validation,-4.8,-4.690129870129871
training_mean,mobley_1873346,train,-0.9,-4.690129870129871
training_mean,mobley_5494918,train,2.93,-4.690129870129871
training_mean,mobley_4683624,train,-5.21,-4.690129870129871
training_mean,mobley_2972906,validation,-1.4,-4.690129870129871
training_mean,mobley_3414356,train,-3.92,-4.690129870129871
training_mean,mobley_5282042,train,-7.43,-4.690129870129871
training_mean,mobley_4690963,test,-3.54,-4.690129870129871
training_mean,mobley_1363784,train,-4.84,-4.690129870129871
training_mean,mobley_2972345,train,-3.78,-4.690129870129871
training_mean,mobley_7375018,test,-2.15,-4.690129870129871
training_mean,mobley_468867,validation,-2.55,-4.690129870129871
training_mean,mobley_8789864,test,-6.4,-4.690129870129871
training_mean,mobley_3264884,train,-7.47,-4.690129870129871
training_mean,mobley_1755375,train,-5.26,-4.690129870129871
training_mean,mobley_5759258,test,-4.57,-4.690129870129871
training_mean,mobley_1674094,validation,0.29,-4.690129870129871
training_mean,mobley_5110043,train,-2.63,-4.690129870129871
training_mean,mobley_4434915,validation,-0.55,-4.690129870129871
training_mean,mobley_2371092,train,-5.22,-4.690129870129871
training_mean,mobley_5094777,train,-1.46,-4.690129870129871
training_mean,mobley_7378987,train,-12.64,-4.690129870129871
training_mean,mobley_6497672,train,-4.22,-4.690129870129871
training_mean,mobley_1723043,test,3.43,-4.690129870129871
