seed,method,evaluation,candidate_index,flow_rate_uL_min,overpotential_V,objective_STY_div_50000,objective_negative_SEC,acquisition_MC_EHVI,hypervolume,phase,acquisition_input_maximin_distance,full_pool_HV_fraction,evidence_role
0,gp_mc_ehvi,5,65,1325.0,0.3375,0.3620795889444739,-0.4326360448096191,,1.1841850600883972,initial_shared,,0.7782610718956305,cached_deterministic_PDE_pool_evaluation_use
0,gp_mc_ehvi,10,71,1325.0,0.75,0.9544730053206639,-0.6283502659464287,0.015527976403766616,1.4936957120387908,sequential,,0.981675301536433,cached_deterministic_PDE_pool_evaluation_use
0,gp_mc_ehvi,15,36,800.0,0.2,0.037116628257851454,-0.3396338949438938,0.018428773038425654,1.4987988493471118,sequential,,0.9850291465100455,cached_deterministic_PDE_pool_evaluation_use
0,gp_mc_ehvi,20,68,1325.0,0.54375,0.9294273374774483,-0.5895390171617861,0.014781463168171697,1.5025765828774633,sequential,,0.9875119197232526,cached_deterministic_PDE_pool_evaluation_use
0,gp_mc_ehvi,25,42,800.0,0.6125,0.782247362397243,-0.5686082007272493,0.007863125557867215,1.508741592436877,sequential,,0.9915636402774689,cached_deterministic_PDE_pool_evaluation_use
0,random,5,65,1325.0,0.3375,0.3620795889444739,-0.4326360448096191,,1.1841850600883972,initial_shared,,0.7782610718956305,cached_deterministic_PDE_pool_evaluation_use
0,random,10,47,975.0,0.3375,0.3468300456548208,-0.4293153036308264,,1.2902651011102617,sequential,,0.8479781872477241,cached_deterministic_PDE_pool_evaluation_use
0,random,15,42,800.0,0.6125,0.782247362397243,-0.5686082007272493,,1.493563947860238,sequential,,0.9815887044881386,cached_deterministic_PDE_pool_evaluation_use
0,random,20,0,100.0,0.2,0.03427726668192804,-0.3390155954494765,,1.50238346290194,sequential,,0.9873849988861124,cached_deterministic_PDE_pool_evaluation_use
0,random,25,60,1150.0,0.6125,0.8993321278304409,-0.5941045841007433,,1.5055858106944588,sequential,,0.9894896214739048,cached_deterministic_PDE_pool_evaluation_use
0,maximin_spacefill,5,65,1325.0,0.3375,0.3620795889444739,-0.4326360448096191,,1.1841850600883972,initial_shared,,0.7782610718956305,cached_deterministic_PDE_pool_evaluation_use
0,maximin_spacefill,10,77,1500.0,0.54375,0.9720294607946087,-0.5988160573010445,,1.498023672524032,sequential,0.3750000000000001,0.9845196907116471,cached_deterministic_PDE_pool_evaluation_use
0,maximin_spacefill,15,2,100.0,0.3375,0.17511240412786785,-0.39192206289483544,,1.503659631901524,sequential,0.25,0.9882237129410442,cached_deterministic_PDE_pool_evaluation_use
0,maximin_spacefill,20,60,1150.0,0.6125,0.8993321278304409,-0.5941045841007433,,1.5049256443254857,sequential,0.17677669529663695,0.9890557519688224,cached_deterministic_PDE_pool_evaluation_use
0,maximin_spacefill,25,75,1500.0,0.40625,0.6971871951571881,-0.5167281920665586,,1.5119397709207147,sequential,0.17677669529663684,0.9936655227440145,cached_deterministic_PDE_pool_evaluation_use
1,gp_mc_ehvi,5,36,800.0,0.2,0.037116628257851454,-0.3396338949438938,,1.3515299385221196,initial_shared,,0.8882421963461878,cached_deterministic_PDE_pool_evaluation_use
1,gp_mc_ehvi,10,8,100.0,0.75,0.21633317585028777,-0.4676129060876591,0.046298057274223335,1.4881481008094934,sequential,,0.9780293428030481,cached_deterministic_PDE_pool_evaluation_use
1,gp_mc_ehvi,15,42,800.0,0.6125,0.782247362397243,-0.5686082007272493,0.03282251857137626,1.4938592530684103,sequential,,0.9817827827243827,cached_deterministic_PDE_pool_evaluation_use
1,gp_mc_ehvi,20,20,450.0,0.3375,0.30346160029453306,-0.41987138917170524,0.01005507304850688,1.5061970327764407,sequential,,0.9898913241880515,cached_deterministic_PDE_pool_evaluation_use
1,gp_mc_ehvi,25,54,1150.0,0.2,0.037321821815833676,-0.33967857790169975,0.00714108076633398,1.5076553786322455,sequential,,0.9908497671267325,cached_deterministic_PDE_pool_evaluation_use
1,random,5,36,800.0,0.2,0.037116628257851454,-0.3396338949438938,,1.3515299385221196,initial_shared,,0.8882421963461878,cached_deterministic_PDE_pool_evaluation_use
1,random,10,66,1325.0,0.40625,0.6754128141555608,-0.5119866019571674,,1.4400509225419855,sequential,,0.9464192822008382,cached_deterministic_PDE_pool_evaluation_use
1,random,15,6,100.0,0.6125,0.21622448351768453,-0.4453510351627734,,1.4422686730742493,sequential,,0.9478768152880297,cached_deterministic_PDE_pool_evaluation_use
1,random,20,43,800.0,0.6812500000000001,0.7856143021347463,-0.5804604867030518,,1.445682029001942,sequential,,0.9501201150327918,cached_deterministic_PDE_pool_evaluation_use
1,random,25,10,275.0,0.26875000000000004,0.11586826195860243,-0.36790195500159484,,1.4458732915709502,sequential,,0.9502458151593909,cached_deterministic_PDE_pool_evaluation_use
1,maximin_spacefill,5,36,800.0,0.2,0.037116628257851454,-0.3396338949438938,,1.3515299385221196,initial_shared,,0.8882421963461878,cached_deterministic_PDE_pool_evaluation_use
1,maximin_spacefill,10,14,275.0,0.54375,0.466399228529786,-0.48870999696646156,,1.488981330153609,sequential,0.39528470752104733,0.9785769514364807,cached_deterministic_PDE_pool_evaluation_use
1,maximin_spacefill,15,20,450.0,0.3375,0.30346160029453306,-0.41987138917170524,,1.5013520333681372,sequential,0.25,0.9867071306359402,cached_deterministic_PDE_pool_evaluation_use
1,maximin_spacefill,20,6,100.0,0.6125,0.21622448351768453,-0.4453510351627734,,1.5098381933631784,sequential,0.17677669529663695,0.9922843399730733,cached_deterministic_PDE_pool_evaluation_use
1,maximin_spacefill,25,47,975.0,0.3375,0.3468300456548208,-0.4293153036308264,,1.5123614476388945,sequential,0.17677669529663684,0.9939426539000684,cached_deterministic_PDE_pool_evaluation_use
2,gp_mc_ehvi,5,33,625.0,0.6125,0.7074950704903042,-0.552330138543364,,1.080872402711577,initial_shared,,0.7103627153123545,cached_deterministic_PDE_pool_evaluation_use
2,gp_mc_ehvi,10,78,1500.0,0.6125,0.9925501724671817,-0.6144037493643931,0.03611838072510241,1.4897407742717876,sequential,,0.9790760675065774,cached_deterministic_PDE_pool_evaluation_use
2,gp_mc_ehvi,15,49,975.0,0.47500000000000003,0.7774714403381844,-0.5453299936636866,0.02897959969813322,1.4979590292702454,sequential,,0.9844772063655104,cached_deterministic_PDE_pool_evaluation_use
2,gp_mc_ehvi,20,71,1325.0,0.75,0.9544730053206639,-0.6283502659464287,0.015283507910645417,1.4994739165105275,sequential,,0.985472809001584,cached_deterministic_PDE_pool_evaluation_use
2,gp_mc_ehvi,25,18,450.0,0.2,0.03670613135478519,-0.33954450512127,0.006582399775908555,1.5098361648137806,sequential,,0.9922830067853124,cached_deterministic_PDE_pool_evaluation_use
2,random,5,33,625.0,0.6125,0.7074950704903042,-0.552330138543364,,1.080872402711577,initial_shared,,0.7103627153123545,cached_deterministic_PDE_pool_evaluation_use
2,random,10,14,275.0,0.54375,0.466399228529786,-0.48870999696646156,,1.497741623527261,sequential,,0.9843343246215381,cached_deterministic_PDE_pool_evaluation_use
2,random,15,16,275.0,0.6812500000000001,0.47140122151622804,-0.5120374332445352,,1.5009331121802412,sequential,,0.9864318104484795,cached_deterministic_PDE_pool_evaluation_use
2,random,20,11,275.0,0.3375,0.26921972175222453,-0.41241487628113904,,1.5066564269440024,sequential,,0.9901932437184688,cached_deterministic_PDE_pool_evaluation_use
2,random,25,76,1500.0,0.47500000000000003,0.9001672541188478,-0.5720482391578785,,1.5125592585018222,sequential,,0.994072657646445,cached_deterministic_PDE_pool_evaluation_use
2,maximin_spacefill,5,33,625.0,0.6125,0.7074950704903042,-0.552330138543364,,1.080872402711577,initial_shared,,0.7103627153123545,cached_deterministic_PDE_pool_evaluation_use
2,maximin_spacefill,10,53,975.0,0.75,0.8497837286944139,-0.6055531247292946,,1.4905209528678758,sequential,0.3535533905932738,0.9795888105320774,cached_deterministic_PDE_pool_evaluation_use
2,maximin_spacefill,15,18,450.0,0.2,0.03670613135478519,-0.33954450512127,,1.5003810733790313,sequential,0.25,0.986069003718655,cached_deterministic_PDE_pool_evaluation_use
2,maximin_spacefill,20,46,975.0,0.26875000000000004,0.12736179059963174,-0.37040478627479195,,1.5046302145729793,sequential,0.17677669529663692,0.9888615918805012,cached_deterministic_PDE_pool_evaluation_use
2,maximin_spacefill,25,30,625.0,0.40625,0.5465630972507175,-0.4839282822635953,,1.50885556963882,sequential,0.17677669529663684,0.9916385475046798,cached_deterministic_PDE_pool_evaluation_use
3,gp_mc_ehvi,5,80,1500.0,0.75,0.999510934127806,-0.6381577271901411,,1.4531629100265409,initial_shared,,0.9550366425935206,cached_deterministic_PDE_pool_evaluation_use
3,gp_mc_ehvi,10,79,1500.0,0.6812500000000001,0.9980573242795069,-0.6267220880103119,0.04568887606160908,1.485742370718363,sequential,,0.976448267224139,cached_deterministic_PDE_pool_evaluation_use
3,gp_mc_ehvi,15,2,100.0,0.3375,0.17511240412786785,-0.39192206289483544,0.023458248611311825,1.495816237222679,sequential,,0.9830689369218274,cached_deterministic_PDE_pool_evaluation_use
3,gp_mc_ehvi,20,26,450.0,0.75,0.6138683243328004,-0.5541801764976444,0.00944972312177255,1.5042327768015578,sequential,,0.9886003908601343,cached_deterministic_PDE_pool_evaluation_use
3,gp_mc_ehvi,25,65,1325.0,0.3375,0.3620795889444739,-0.4326360448096191,0.008668859482458092,1.5079923038688212,sequential,,0.9910711985605546,cached_deterministic_PDE_pool_evaluation_use
3,random,5,80,1500.0,0.75,0.999510934127806,-0.6381577271901411,,1.4531629100265409,initial_shared,,0.9550366425935206,cached_deterministic_PDE_pool_evaluation_use
3,random,10,40,800.0,0.47500000000000003,0.7245304100402967,-0.5338015527118044,,1.4857968489984459,sequential,,0.9764840710237995,cached_deterministic_PDE_pool_evaluation_use
3,random,15,2,100.0,0.3375,0.17511240412786785,-0.39192206289483544,,1.4986368604120226,sequential,,0.9849226853778232,cached_deterministic_PDE_pool_evaluation_use
3,random,20,45,975.0,0.2,0.03723244160287646,-0.33965911446261005,,1.4999065888728793,sequential,,0.9857571666310228,cached_deterministic_PDE_pool_evaluation_use
3,random,25,15,275.0,0.6125,0.47035838637607136,-0.5006912443821772,,1.5080091938362867,sequential,,0.9910822988561309,cached_deterministic_PDE_pool_evaluation_use
3,maximin_spacefill,5,80,1500.0,0.75,0.999510934127806,-0.6381577271901411,,1.4531629100265409,initial_shared,,0.9550366425935206,cached_deterministic_PDE_pool_evaluation_use
3,maximin_spacefill,10,45,975.0,0.2,0.03723244160287646,-0.33965911446261005,,1.487624123794881,sequential,0.375,0.9776849786265481,cached_deterministic_PDE_pool_evaluation_use
3,maximin_spacefill,15,0,100.0,0.2,0.03427726668192804,-0.3390155954494765,,1.4998149442986835,sequential,0.25,0.9856969366830602,cached_deterministic_PDE_pool_evaluation_use
3,maximin_spacefill,20,24,450.0,0.6125,0.6113868012591124,-0.5314015978522341,,1.506967537665667,sequential,0.17677669529663695,0.9903977095337215,cached_deterministic_PDE_pool_evaluation_use
3,maximin_spacefill,25,39,800.0,0.40625,0.588602391013504,-0.4930827606157744,,1.5117529654381692,sequential,0.17677669529663684,0.9935427518697806,cached_deterministic_PDE_pool_evaluation_use
4,gp_mc_ehvi,5,76,1500.0,0.47500000000000003,0.9001672541188478,-0.5720482391578785,,1.4012486687025223,initial_shared,,0.9209179609269379,cached_deterministic_PDE_pool_evaluation_use
4,gp_mc_ehvi,10,62,1150.0,0.75,0.9050182677726508,-0.6175810002482622,0.061231903501886856,1.480994373547953,sequential,,0.9733278247428558,cached_deterministic_PDE_pool_evaluation_use
4,gp_mc_ehvi,15,58,1150.0,0.47500000000000003,0.8231581215721223,-0.5552787272627541,0.027854399738354033,1.4840593137394529,sequential,,0.9753421413552903,cached_deterministic_PDE_pool_evaluation_use
4,gp_mc_ehvi,20,39,800.0,0.40625,0.588602391013504,-0.4930827606157744,0.009866990161466346,1.507706621838266,sequential,,0.9908834447956957,cached_deterministic_PDE_pool_evaluation_use
4,gp_mc_ehvi,25,22,450.0,0.47500000000000003,0.5769320269200509,-0.5016605226860992,0.006144168005106226,1.5095132491591863,sequential,,0.9920707826220911,cached_deterministic_PDE_pool_evaluation_use
4,random,5,76,1500.0,0.47500000000000003,0.9001672541188478,-0.5720482391578785,,1.4012486687025223,initial_shared,,0.9209179609269379,cached_deterministic_PDE_pool_evaluation_use
4,random,10,63,1325.0,0.2,0.03739386471598825,-0.33969426596645264,,1.4354499590028242,sequential,,0.9433954720410704,cached_deterministic_PDE_pool_evaluation_use
4,random,15,15,275.0,0.6125,0.47035838637607136,-0.5006912443821772,,1.4434228451121753,sequential,,0.9486353514304474,cached_deterministic_PDE_pool_evaluation_use
4,random,20,35,625.0,0.75,0.7109282577543763,-0.5753159516223142,,1.4489953730593157,sequential,,0.9522976857390614,cached_deterministic_PDE_pool_evaluation_use
4,random,25,78,1500.0,0.6125,0.9925501724671817,-0.6144037493643931,,1.5045583613139797,sequential,,0.9888143690297383,cached_deterministic_PDE_pool_evaluation_use
4,maximin_spacefill,5,76,1500.0,0.47500000000000003,0.9001672541188478,-0.5720482391578785,,1.4012486687025223,initial_shared,,0.9209179609269379,cached_deterministic_PDE_pool_evaluation_use
4,maximin_spacefill,10,27,625.0,0.2,0.03695613330980346,-0.3395989455572341,,1.4119192414258055,sequential,0.375,0.9279307933340135,cached_deterministic_PDE_pool_evaluation_use
4,maximin_spacefill,15,22,450.0,0.47500000000000003,0.5769320269200509,-0.5016605226860992,,1.499251246545454,sequential,0.25,0.9853264675457273,cached_deterministic_PDE_pool_evaluation_use
4,maximin_spacefill,20,62,1150.0,0.75,0.9050182677726508,-0.6175810002482622,,1.5050749686223006,sequential,0.25,0.9891538897440876,cached_deterministic_PDE_pool_evaluation_use
4,maximin_spacefill,25,19,450.0,0.26875000000000004,0.12129302053221949,-0.3690832506533998,,1.5081204518924927,sequential,0.17677669529663684,0.9911554190271229,cached_deterministic_PDE_pool_evaluation_use
5,gp_mc_ehvi,5,1,100.0,0.26875000000000004,0.09688695269686752,-0.36376858431004216,,1.309019205471905,initial_shared,,0.8603036166547169,cached_deterministic_PDE_pool_evaluation_use
5,gp_mc_ehvi,10,8,100.0,0.75,0.21633317585028777,-0.4676129060876591,0.0873206514024844,1.4497635617753382,sequential,,0.9528025488670467,cached_deterministic_PDE_pool_evaluation_use
5,gp_mc_ehvi,15,4,100.0,0.47500000000000003,0.21449579213423095,-0.4227363931774314,0.023508222325845096,1.4879054622673753,sequential,,0.9778698777513121,cached_deterministic_PDE_pool_evaluation_use
5,gp_mc_ehvi,20,18,450.0,0.2,0.03670613135478519,-0.33954450512127,0.009859236235851526,1.5050051636274795,sequential,,0.9891080130378833,cached_deterministic_PDE_pool_evaluation_use
5,gp_mc_ehvi,25,72,1500.0,0.2,0.0374537332146995,-0.3397073029332411,0.007418453285405673,1.5106923550724978,sequential,,0.9928457056158873,cached_deterministic_PDE_pool_evaluation_use
5,random,5,1,100.0,0.26875000000000004,0.09688695269686752,-0.36376858431004216,,1.309019205471905,initial_shared,,0.8603036166547169,cached_deterministic_PDE_pool_evaluation_use
5,random,10,33,625.0,0.6125,0.7074950704903042,-0.552330138543364,,1.3575461290159412,sequential,,0.8921961111693494,cached_deterministic_PDE_pool_evaluation_use
5,random,15,15,275.0,0.6125,0.47035838637607136,-0.5006912443821772,,1.3652320009096242,sequential,,0.8972473612653299,cached_deterministic_PDE_pool_evaluation_use
5,random,20,23,450.0,0.54375,0.6039809503557106,-0.518669798413548,,1.494048419811725,sequential,,0.981907105448407,cached_deterministic_PDE_pool_evaluation_use
5,random,25,17,275.0,0.75,0.4716751113926703,-0.5232161765543983,,1.4980151701232944,sequential,,0.9845141028286931,cached_deterministic_PDE_pool_evaluation_use
5,maximin_spacefill,5,1,100.0,0.26875000000000004,0.09688695269686752,-0.36376858431004216,,1.309019205471905,initial_shared,,0.8603036166547169,cached_deterministic_PDE_pool_evaluation_use
5,maximin_spacefill,10,15,275.0,0.6125,0.47035838637607136,-0.5006912443821772,,1.4442444858765031,sequential,0.2795084971874737,0.9491753439058729,cached_deterministic_PDE_pool_evaluation_use
5,maximin_spacefill,15,20,450.0,0.3375,0.30346160029453306,-0.41987138917170524,,1.4977834248945738,sequential,0.25,0.984361796997291,cached_deterministic_PDE_pool_evaluation_use
5,maximin_spacefill,20,45,975.0,0.2,0.03723244160287646,-0.33965911446261005,,1.5030192700501093,sequential,0.17677669529663692,0.9878028592099171,cached_deterministic_PDE_pool_evaluation_use
5,maximin_spacefill,25,56,1150.0,0.3375,0.35513975650712754,-0.43112482661045803,,1.5121064593870441,sequential,0.17677669529663684,0.9937750724663091,cached_deterministic_PDE_pool_evaluation_use
6,gp_mc_ehvi,5,41,800.0,0.54375,0.7696304709799763,-0.5547416448902827,,1.3210638088801256,initial_shared,,0.8682194790270558,cached_deterministic_PDE_pool_evaluation_use
6,gp_mc_ehvi,10,5,100.0,0.54375,0.2158880928317841,-0.434158681674053,0.0672457557679824,1.4758338835350155,sequential,,0.9699362868622179,cached_deterministic_PDE_pool_evaluation_use
6,gp_mc_ehvi,15,8,100.0,0.75,0.21633317585028777,-0.4676129060876591,0.033239834945485214,1.478302437148221,sequential,,0.9715586508370696,cached_deterministic_PDE_pool_evaluation_use
6,gp_mc_ehvi,20,52,975.0,0.6812500000000001,0.8487411923713806,-0.5942070009373647,0.018226152678590072,1.5017430366604136,sequential,,0.9869641028370074,cached_deterministic_PDE_pool_evaluation_use
6,gp_mc_ehvi,25,44,800.0,0.75,0.7865016730640364,-0.5917728216724085,0.008274541002251244,1.507895698027223,sequential,,0.9910077080062758,cached_deterministic_PDE_pool_evaluation_use
6,random,5,41,800.0,0.54375,0.7696304709799763,-0.5547416448902827,,1.3210638088801256,initial_shared,,0.8682194790270558,cached_deterministic_PDE_pool_evaluation_use
6,random,10,55,1150.0,0.26875000000000004,0.12842837865749324,-0.37063704653454466,,1.4904868131849467,sequential,,0.9795663735100898,cached_deterministic_PDE_pool_evaluation_use
6,random,15,35,625.0,0.75,0.7109282577543763,-0.5753159516223142,,1.5008007962064531,sequential,,0.9863448507535298,cached_deterministic_PDE_pool_evaluation_use
6,random,20,68,1325.0,0.54375,0.9294273374774483,-0.5895390171617861,,1.5046500627282486,sequential,,0.9888746363337,cached_deterministic_PDE_pool_evaluation_use
6,random,25,44,800.0,0.75,0.7865016730640364,-0.5917728216724085,,1.5072732646992026,sequential,,0.9905986371225303,cached_deterministic_PDE_pool_evaluation_use
6,maximin_spacefill,5,41,800.0,0.54375,0.7696304709799763,-0.5547416448902827,,1.3210638088801256,initial_shared,,0.8682194790270558,cached_deterministic_PDE_pool_evaluation_use
6,maximin_spacefill,10,0,100.0,0.2,0.03427726668192804,-0.3390155954494765,,1.4172919690785304,sequential,0.37499999999999994,0.9314618164172644,cached_deterministic_PDE_pool_evaluation_use
6,maximin_spacefill,15,57,1150.0,0.40625,0.6507854695443193,-0.5066237503739265,,1.4416314360492168,sequential,0.2795084971874736,0.9474580152314604,cached_deterministic_PDE_pool_evaluation_use
6,maximin_spacefill,20,5,100.0,0.54375,0.2158880928317841,-0.434158681674053,,1.4999874165166405,sequential,0.17677669529663695,0.9858102875584795,cached_deterministic_PDE_pool_evaluation_use
6,maximin_spacefill,25,68,1325.0,0.54375,0.9294273374774483,-0.5895390171617861,,1.5042048961876686,sequential,0.1767766952966368,0.9885820673757552,cached_deterministic_PDE_pool_evaluation_use
7,gp_mc_ehvi,5,71,1325.0,0.75,0.9544730053206639,-0.6283502659464287,,1.4065244179786758,initial_shared,,0.9243852486213168,cached_deterministic_PDE_pool_evaluation_use
7,gp_mc_ehvi,10,15,275.0,0.6125,0.47035838637607136,-0.5006912443821772,0.08726643113580786,1.4771007045682325,sequential,,0.9707688573180027,cached_deterministic_PDE_pool_evaluation_use
7,gp_mc_ehvi,15,70,1325.0,0.6812500000000001,0.953149731711751,-0.61694300879149,0.04665571034939672,1.4869154401796885,sequential,,0.9772192229870086,cached_deterministic_PDE_pool_evaluation_use
7,gp_mc_ehvi,20,3,100.0,0.40625,0.2078253883860697,-0.41016474474175213,0.014951727362099062,1.5046268791917647,sequential,,0.9888593998267026,cached_deterministic_PDE_pool_evaluation_use
7,gp_mc_ehvi,25,58,1150.0,0.47500000000000003,0.8231581215721223,-0.5552787272627541,0.006576217382283273,1.5115180493513125,sequential,,0.9933883621111824,cached_deterministic_PDE_pool_evaluation_use
7,random,5,71,1325.0,0.75,0.9544730053206639,-0.6283502659464287,,1.4065244179786758,initial_shared,,0.9243852486213168,cached_deterministic_PDE_pool_evaluation_use
7,random,10,0,100.0,0.2,0.03427726668192804,-0.3390155954494765,,1.4337617778494263,sequential,,0.9422859785013534,cached_deterministic_PDE_pool_evaluation_use
7,random,15,8,100.0,0.75,0.21633317585028777,-0.4676129060876591,,1.4355015919202185,sequential,,0.9434294058331699,cached_deterministic_PDE_pool_evaluation_use
7,random,20,20,450.0,0.3375,0.30346160029453306,-0.41987138917170524,,1.4393937522868396,sequential,,0.9459873817788301,cached_deterministic_PDE_pool_evaluation_use
7,random,25,39,800.0,0.40625,0.588602391013504,-0.4930827606157744,,1.5024740331160207,sequential,,0.9874445227513156,cached_deterministic_PDE_pool_evaluation_use
7,maximin_spacefill,5,71,1325.0,0.75,0.9544730053206639,-0.6283502659464287,,1.4065244179786758,initial_shared,,0.9243852486213168,cached_deterministic_PDE_pool_evaluation_use
7,maximin_spacefill,10,77,1500.0,0.54375,0.9720294607946087,-0.5988160573010445,,1.4548389906777546,sequential,0.3952847075210475,0.9561381835334981,cached_deterministic_PDE_pool_evaluation_use
7,maximin_spacefill,15,6,100.0,0.6125,0.21622448351768453,-0.4453510351627734,,1.4660870279081457,sequential,0.25,0.963530532758874,cached_deterministic_PDE_pool_evaluation_use
7,maximin_spacefill,20,32,625.0,0.54375,0.6972879769241871,-0.5389883403863409,,1.4718287769528893,sequential,0.17677669529663695,0.9673040812663888,cached_deterministic_PDE_pool_evaluation_use
7,maximin_spacefill,25,16,275.0,0.6812500000000001,0.47140122151622804,-0.5120374332445352,,1.4743928455050967,sequential,0.1767766952966368,0.9689892188408368,cached_deterministic_PDE_pool_evaluation_use
8,gp_mc_ehvi,5,25,450.0,0.6812500000000001,0.61335137416719,-0.5429485043691388,,1.4607029727533078,initial_shared,,0.9599920651010938,cached_deterministic_PDE_pool_evaluation_use
8,gp_mc_ehvi,10,76,1500.0,0.47500000000000003,0.9001672541188478,-0.5720482391578785,0.04774875220659885,1.4823936429654174,sequential,,0.9742474419153824,cached_deterministic_PDE_pool_evaluation_use
8,gp_mc_ehvi,15,72,1500.0,0.2,0.0374537332146995,-0.3397073029332411,0.022261148565560083,1.4859724762332644,sequential,,0.9765994954153332,cached_deterministic_PDE_pool_evaluation_use
8,gp_mc_ehvi,20,74,1500.0,0.3375,0.3680209881431934,-0.4339298441453882,0.015626379528568837,1.5046893335387008,sequential,,0.9889004455961766,cached_deterministic_PDE_pool_evaluation_use
8,gp_mc_ehvi,25,61,1150.0,0.6812500000000001,0.903831434358727,-0.6062034543158391,0.008798851875675548,1.511168576268827,sequential,,0.9931586840777898,cached_deterministic_PDE_pool_evaluation_use
8,random,5,25,450.0,0.6812500000000001,0.61335137416719,-0.5429485043691388,,1.4607029727533078,initial_shared,,0.9599920651010938,cached_deterministic_PDE_pool_evaluation_use
8,random,10,36,800.0,0.2,0.037116628257851454,-0.3396338949438938,,1.4738849857903817,sequential,,0.968655447153228,cached_deterministic_PDE_pool_evaluation_use
8,random,15,47,975.0,0.3375,0.3468300456548208,-0.4293153036308264,,1.490161923874598,sequential,,0.9793528522358892,cached_deterministic_PDE_pool_evaluation_use
8,random,20,21,450.0,0.40625,0.48972658515847345,-0.4715515610347218,,1.5017871752231253,sequential,,0.9869931112464915,cached_deterministic_PDE_pool_evaluation_use
8,random,25,73,1500.0,0.26875000000000004,0.1300236230354098,-0.3709844270163436,,1.5023047922928479,sequential,,0.9873332955885263,cached_deterministic_PDE_pool_evaluation_use
8,maximin_spacefill,5,25,450.0,0.6812500000000001,0.61335137416719,-0.5429485043691388,,1.4607029727533078,initial_shared,,0.9599920651010938,cached_deterministic_PDE_pool_evaluation_use
8,maximin_spacefill,10,75,1500.0,0.40625,0.6971871951571881,-0.5167281920665586,,1.4876384858626255,sequential,0.3535533905932737,0.9776944175551533,cached_deterministic_PDE_pool_evaluation_use
8,maximin_spacefill,15,71,1325.0,0.75,0.9544730053206639,-0.6283502659464287,,1.488352301105005,sequential,0.25,0.9781635457635671,cached_deterministic_PDE_pool_evaluation_use
8,maximin_spacefill,20,60,1150.0,0.6125,0.8993321278304409,-0.5941045841007433,,1.4917378193276545,sequential,0.17677669529663695,0.9803885502241746,cached_deterministic_PDE_pool_evaluation_use
8,maximin_spacefill,25,20,450.0,0.3375,0.30346160029453306,-0.41987138917170524,,1.5027373335565957,sequential,0.17677669529663684,0.9876175670583407,cached_deterministic_PDE_pool_evaluation_use
9,gp_mc_ehvi,5,22,450.0,0.47500000000000003,0.5769320269200509,-0.5016605226860992,,1.2877045340268876,initial_shared,,0.8462953508819127,cached_deterministic_PDE_pool_evaluation_use
9,gp_mc_ehvi,10,79,1500.0,0.6812500000000001,0.9980573242795069,-0.6267220880103119,0.03732606383770153,1.4822612670142556,sequential,,0.9741604428025608,cached_deterministic_PDE_pool_evaluation_use
9,gp_mc_ehvi,15,71,1325.0,0.75,0.9544730053206639,-0.6283502659464287,0.0227197775008768,1.4997986686872404,sequential,,0.9856862401498626,cached_deterministic_PDE_pool_evaluation_use
9,gp_mc_ehvi,20,70,1325.0,0.6812500000000001,0.953149731711751,-0.61694300879149,0.010864927062251232,1.5048920609557657,sequential,,0.9890336805627584,cached_deterministic_PDE_pool_evaluation_use
9,gp_mc_ehvi,25,73,1500.0,0.26875000000000004,0.1300236230354098,-0.3709844270163436,0.007364017760813262,1.510017508797222,sequential,,0.9924021882947671,cached_deterministic_PDE_pool_evaluation_use
9,random,5,22,450.0,0.47500000000000003,0.5769320269200509,-0.5016605226860992,,1.2877045340268876,initial_shared,,0.8462953508819127,cached_deterministic_PDE_pool_evaluation_use
9,random,10,65,1325.0,0.3375,0.3620795889444739,-0.4326360448096191,,1.3171686666991118,sequential,,0.8656595433960865,cached_deterministic_PDE_pool_evaluation_use
9,random,15,60,1150.0,0.6125,0.8993321278304409,-0.5941045841007433,,1.444826213598096,sequential,,0.949557662561476,cached_deterministic_PDE_pool_evaluation_use
9,random,20,6,100.0,0.6125,0.21622448351768453,-0.4453510351627734,,1.44617743725557,sequential,,0.9504457034661281,cached_deterministic_PDE_pool_evaluation_use
9,random,25,23,450.0,0.54375,0.6039809503557106,-0.518669798413548,,1.4502194740581922,sequential,,0.9531021800597573,cached_deterministic_PDE_pool_evaluation_use
9,maximin_spacefill,5,22,450.0,0.47500000000000003,0.5769320269200509,-0.5016605226860992,,1.2877045340268876,initial_shared,,0.8462953508819127,cached_deterministic_PDE_pool_evaluation_use
9,maximin_spacefill,10,72,1500.0,0.2,0.0374537332146995,-0.3397073029332411,,1.3511924305310248,sequential,0.37499999999999994,0.8880203819188861,cached_deterministic_PDE_pool_evaluation_use
9,maximin_spacefill,15,51,975.0,0.6125,0.8447873817300153,-0.5822269179292137,,1.3647199861372619,sequential,0.2795084971874737,0.8969108588224302,cached_deterministic_PDE_pool_evaluation_use
9,maximin_spacefill,20,55,1150.0,0.26875000000000004,0.12842837865749324,-0.37063704653454466,,1.5029247744529712,sequential,0.17677669529663692,0.9877407555344049,cached_deterministic_PDE_pool_evaluation_use
9,maximin_spacefill,25,25,450.0,0.6812500000000001,0.61335137416719,-0.5429485043691388,,1.513101955832096,sequential,0.1767766952966368,0.9944293250460001,cached_deterministic_PDE_pool_evaluation_use
10,gp_mc_ehvi,5,64,1325.0,0.26875000000000004,0.1292964397711762,-0.3708260755585726,,1.3248553054864483,initial_shared,,0.870711297504064,cached_deterministic_PDE_pool_evaluation_use
10,gp_mc_ehvi,10,71,1325.0,0.75,0.9544730053206639,-0.6283502659464287,0.03232388941307574,1.4869334839562092,sequential,,0.9772310815801706,cached_deterministic_PDE_pool_evaluation_use
10,gp_mc_ehvi,15,41,800.0,0.54375,0.7696304709799763,-0.5547416448902827,0.024415751601227866,1.4966633154901459,sequential,,0.9836256472390214,cached_deterministic_PDE_pool_evaluation_use
10,gp_mc_ehvi,20,72,1500.0,0.2,0.0374537332146995,-0.3397073029332411,0.008875654834685394,1.5075921061929498,sequential,,0.9908081836968384,cached_deterministic_PDE_pool_evaluation_use
10,gp_mc_ehvi,25,51,975.0,0.6125,0.8447873817300153,-0.5822269179292137,0.00592526815061302,1.5080241604045368,sequential,,0.991092135069947,cached_deterministic_PDE_pool_evaluation_use
10,random,5,64,1325.0,0.26875000000000004,0.1292964397711762,-0.3708260755585726,,1.3248553054864483,initial_shared,,0.870711297504064,cached_deterministic_PDE_pool_evaluation_use
10,random,10,55,1150.0,0.26875000000000004,0.12842837865749324,-0.37063704653454466,,1.3377633736703596,sequential,,0.8791946396095308,cached_deterministic_PDE_pool_evaluation_use
10,random,15,44,800.0,0.75,0.7865016730640364,-0.5917728216724085,,1.4049052393203474,sequential,,0.923321104375039,cached_deterministic_PDE_pool_evaluation_use
10,random,20,27,625.0,0.2,0.03695613330980346,-0.3395989455572341,,1.496908009563762,sequential,,0.9837864632114883,cached_deterministic_PDE_pool_evaluation_use
10,random,25,73,1500.0,0.26875000000000004,0.1300236230354098,-0.3709844270163436,,1.500250593223806,sequential,,0.985983250546377,cached_deterministic_PDE_pool_evaluation_use
10,maximin_spacefill,5,64,1325.0,0.26875000000000004,0.1292964397711762,-0.3708260755585726,,1.3248553054864483,initial_shared,,0.870711297504064,cached_deterministic_PDE_pool_evaluation_use
10,maximin_spacefill,10,4,100.0,0.47500000000000003,0.21449579213423095,-0.4227363931774314,,1.4943716718970166,sequential,0.3535533905932738,0.9821195507180448,cached_deterministic_PDE_pool_evaluation_use
10,maximin_spacefill,15,18,450.0,0.2,0.03670613135478519,-0.33954450512127,,1.5037614881920143,sequential,0.25,0.9882906541552917,cached_deterministic_PDE_pool_evaluation_use
10,maximin_spacefill,20,24,450.0,0.6125,0.6113868012591124,-0.5314015978522341,,1.5098320665789913,sequential,0.17677669529663695,0.9922803133747068,cached_deterministic_PDE_pool_evaluation_use
10,maximin_spacefill,25,10,275.0,0.26875000000000004,0.11586826195860243,-0.36790195500159484,,1.5103689619526708,sequential,0.17677669529663684,0.9926331676566079,cached_deterministic_PDE_pool_evaluation_use
11,gp_mc_ehvi,5,39,800.0,0.40625,0.588602391013504,-0.4930827606157744,,1.4534592715185277,initial_shared,,0.9552314150325557,cached_deterministic_PDE_pool_evaluation_use
11,gp_mc_ehvi,10,80,1500.0,0.75,0.999510934127806,-0.6381577271901411,0.03513903370832806,1.4956641301388454,sequential,,0.9829689702645057,cached_deterministic_PDE_pool_evaluation_use
11,gp_mc_ehvi,15,4,100.0,0.47500000000000003,0.21449579213423095,-0.4227363931774314,0.023197729283741673,1.4996014680470615,sequential,,0.985556637449426,cached_deterministic_PDE_pool_evaluation_use
11,gp_mc_ehvi,20,44,800.0,0.75,0.7865016730640364,-0.5917728216724085,0.014564405826052798,1.5086846629225508,sequential,,0.9915262254963377,cached_deterministic_PDE_pool_evaluation_use
11,gp_mc_ehvi,25,29,625.0,0.3375,0.3229993795234898,-0.424125936786358,0.005843646594409112,1.5101923480414916,sequential,,0.9925170948091632,cached_deterministic_PDE_pool_evaluation_use
11,random,5,39,800.0,0.40625,0.588602391013504,-0.4930827606157744,,1.4534592715185277,initial_shared,,0.9552314150325557,cached_deterministic_PDE_pool_evaluation_use
11,random,10,5,100.0,0.54375,0.2158880928317841,-0.434158681674053,,1.4641420026085206,sequential,,0.9622522380686528,cached_deterministic_PDE_pool_evaluation_use
11,random,15,79,1500.0,0.6812500000000001,0.9980573242795069,-0.6267220880103119,,1.5062865533327252,sequential,,0.9899501582051649,cached_deterministic_PDE_pool_evaluation_use
11,random,20,38,800.0,0.3375,0.3365202706394469,-0.42707024659618237,,1.5092769768474323,sequential,,0.9919155015357117,cached_deterministic_PDE_pool_evaluation_use
11,random,25,66,1325.0,0.40625,0.6754128141555608,-0.5119866019571674,,1.5138968095352907,sequential,,0.9949517127334468,cached_deterministic_PDE_pool_evaluation_use
11,maximin_spacefill,5,39,800.0,0.40625,0.588602391013504,-0.4930827606157744,,1.4534592715185277,initial_shared,,0.9552314150325557,cached_deterministic_PDE_pool_evaluation_use
11,maximin_spacefill,10,27,625.0,0.2,0.03695613330980346,-0.3395989455572341,,1.4579167895369163,sequential,0.2795084971874737,0.9581609510214038,cached_deterministic_PDE_pool_evaluation_use
11,maximin_spacefill,15,21,450.0,0.40625,0.48972658515847345,-0.4715515610347218,,1.5053124555150208,sequential,0.25,0.9893099690681045,cached_deterministic_PDE_pool_evaluation_use
11,maximin_spacefill,20,24,450.0,0.6125,0.6113868012591124,-0.5314015978522341,,1.5068088307802316,sequential,0.17677669529663695,0.9902934054051363,cached_deterministic_PDE_pool_evaluation_use
11,maximin_spacefill,25,55,1150.0,0.26875000000000004,0.12842837865749324,-0.37063704653454466,,1.5093277063531738,sequential,0.17677669529663684,0.9919488415944963,cached_deterministic_PDE_pool_evaluation_use
12,gp_mc_ehvi,5,47,975.0,0.3375,0.3468300456548208,-0.4293153036308264,,1.3615869877644606,initial_shared,,0.8948518135312478,cached_deterministic_PDE_pool_evaluation_use
12,gp_mc_ehvi,10,44,800.0,0.75,0.7865016730640364,-0.5917728216724085,0.05189075315064724,1.5000022352051308,sequential,,0.985820026583888,cached_deterministic_PDE_pool_evaluation_use
12,gp_mc_ehvi,15,51,975.0,0.6125,0.8447873817300153,-0.5822269179292137,0.02662498148525994,1.5011024741139705,sequential,,0.9865431172066247,cached_deterministic_PDE_pool_evaluation_use
12,gp_mc_ehvi,20,71,1325.0,0.75,0.9544730053206639,-0.6283502659464287,0.01658952012298928,1.5013789650314953,sequential,,0.9867248304582902,cached_deterministic_PDE_pool_evaluation_use
12,gp_mc_ehvi,25,65,1325.0,0.3375,0.3620795889444739,-0.4326360448096191,0.008972379690029276,1.5061190997150764,sequential,,0.9898401056159569,cached_deterministic_PDE_pool_evaluation_use
12,random,5,47,975.0,0.3375,0.3468300456548208,-0.4293153036308264,,1.3615869877644606,initial_shared,,0.8948518135312478,cached_deterministic_PDE_pool_evaluation_use
12,random,10,54,1150.0,0.2,0.037321821815833676,-0.33967857790169975,,1.469267634678614,sequential,,0.965620866878001,cached_deterministic_PDE_pool_evaluation_use
12,random,15,26,450.0,0.75,0.6138683243328004,-0.5541801764976444,,1.4712324064240023,sequential,,0.9669121391766753,cached_deterministic_PDE_pool_evaluation_use
12,random,20,43,800.0,0.6812500000000001,0.7856143021347463,-0.5804604867030518,,1.4726810280054323,sequential,,0.9678641912019311,cached_deterministic_PDE_pool_evaluation_use
12,random,25,30,625.0,0.40625,0.5465630972507175,-0.4839282822635953,,1.4754278146664135,sequential,,0.9696694133780024,cached_deterministic_PDE_pool_evaluation_use
12,maximin_spacefill,5,47,975.0,0.3375,0.3468300456548208,-0.4293153036308264,,1.3615869877644606,initial_shared,,0.8948518135312478,cached_deterministic_PDE_pool_evaluation_use
12,maximin_spacefill,10,72,1500.0,0.2,0.0374537332146995,-0.3397073029332411,,1.4992313960280759,sequential,0.37499999999999994,0.9853134215401214,cached_deterministic_PDE_pool_evaluation_use
12,maximin_spacefill,15,12,275.0,0.40625,0.3997703030699901,-0.45196267731876927,,1.502684017324161,sequential,0.2795084971874736,0.9875825269707711,cached_deterministic_PDE_pool_evaluation_use
12,maximin_spacefill,20,62,1150.0,0.75,0.9050182677726508,-0.6175810002482622,,1.508496264183874,sequential,0.25,0.991402407514463,cached_deterministic_PDE_pool_evaluation_use
12,maximin_spacefill,25,16,275.0,0.6812500000000001,0.47140122151622804,-0.5120374332445352,,1.5132298181841148,sequential,0.1767766952966368,0.9945133577656241,cached_deterministic_PDE_pool_evaluation_use
13,gp_mc_ehvi,5,5,100.0,0.54375,0.2158880928317841,-0.434158681674053,,1.4633840073623747,initial_shared,,0.961754074215181,cached_deterministic_PDE_pool_evaluation_use
13,gp_mc_ehvi,10,35,625.0,0.75,0.7109282577543763,-0.5753159516223142,0.056349337675105936,1.4664539710119409,sequential,,0.9637716923064054,cached_deterministic_PDE_pool_evaluation_use
13,gp_mc_ehvi,15,8,100.0,0.75,0.21633317585028777,-0.4676129060876591,0.025919930638048302,1.4943742203201633,sequential,,0.9821212255732652,cached_deterministic_PDE_pool_evaluation_use
13,gp_mc_ehvi,20,32,625.0,0.54375,0.6972879769241871,-0.5389883403863409,0.018825112914405324,1.5048287185501996,sequential,,0.9889920511501659,cached_deterministic_PDE_pool_evaluation_use
13,gp_mc_ehvi,25,18,450.0,0.2,0.03670613135478519,-0.33954450512127,0.0052947933241057725,1.5113025606145085,sequential,,0.9932467402473886,cached_deterministic_PDE_pool_evaluation_use
13,random,5,5,100.0,0.54375,0.2158880928317841,-0.434158681674053,,1.4633840073623747,initial_shared,,0.961754074215181,cached_deterministic_PDE_pool_evaluation_use
13,random,10,47,975.0,0.3375,0.3468300456548208,-0.4293153036308264,,1.4821441909407747,sequential,,0.9740834989586367,cached_deterministic_PDE_pool_evaluation_use
13,random,15,11,275.0,0.3375,0.26921972175222453,-0.41241487628113904,,1.4876870883790125,sequential,,0.9777263597302195,cached_deterministic_PDE_pool_evaluation_use
13,random,20,58,1150.0,0.47500000000000003,0.8231581215721223,-0.5552787272627541,,1.5040496921855104,sequential,,0.9884800653853965,cached_deterministic_PDE_pool_evaluation_use
13,random,25,25,450.0,0.6812500000000001,0.61335137416719,-0.5429485043691388,,1.5070096238341035,sequential,,0.9904253690842962,cached_deterministic_PDE_pool_evaluation_use
13,maximin_spacefill,5,5,100.0,0.54375,0.2158880928317841,-0.434158681674053,,1.4633840073623747,initial_shared,,0.961754074215181,cached_deterministic_PDE_pool_evaluation_use
13,maximin_spacefill,10,36,800.0,0.2,0.037116628257851454,-0.3396338949438938,,1.4910652871614298,sequential,0.375,0.9799465537641523,cached_deterministic_PDE_pool_evaluation_use
13,maximin_spacefill,15,62,1150.0,0.75,0.9050182677726508,-0.6175810002482622,,1.5024610662658473,sequential,0.27950849718747367,0.9874360007769594,cached_deterministic_PDE_pool_evaluation_use
13,maximin_spacefill,20,72,1500.0,0.2,0.0374537332146995,-0.3397073029332411,,1.506279013940273,sequential,0.17677669529663692,0.9899452032231701,cached_deterministic_PDE_pool_evaluation_use
13,maximin_spacefill,25,22,450.0,0.47500000000000003,0.5769320269200509,-0.5016605226860992,,1.5120362320984897,sequential,0.1767766952966368,0.9937289182234389,cached_deterministic_PDE_pool_evaluation_use
14,gp_mc_ehvi,5,28,625.0,0.26875000000000004,0.12413311374568228,-0.3697017094692423,,1.2489504154239852,initial_shared,,0.8208256646809959,cached_deterministic_PDE_pool_evaluation_use
14,gp_mc_ehvi,10,79,1500.0,0.6812500000000001,0.9980573242795069,-0.6267220880103119,0.06680088568613053,1.4637198494589567,sequential,,0.961974793795999,cached_deterministic_PDE_pool_evaluation_use
14,gp_mc_ehvi,15,0,100.0,0.2,0.03427726668192804,-0.3390155954494765,0.033874371824395184,1.4867955570472164,sequential,,0.9771404343091875,cached_deterministic_PDE_pool_evaluation_use
14,gp_mc_ehvi,20,69,1325.0,0.6125,0.9481348656526941,-0.6047318703116061,0.01201191284496084,1.5005541987538051,sequential,,0.986182783856815,cached_deterministic_PDE_pool_evaluation_use
14,gp_mc_ehvi,25,70,1325.0,0.6812500000000001,0.953149731711751,-0.61694300879149,0.008552617714662907,1.5138466331313505,sequential,,0.9949187361800089,cached_deterministic_PDE_pool_evaluation_use
14,random,5,28,625.0,0.26875000000000004,0.12413311374568228,-0.3697017094692423,,1.2489504154239852,initial_shared,,0.8208256646809959,cached_deterministic_PDE_pool_evaluation_use
14,random,10,62,1150.0,0.75,0.9050182677726508,-0.6175810002482622,,1.3487071295248694,sequential,,0.8863870113501936,cached_deterministic_PDE_pool_evaluation_use
14,random,15,67,1325.0,0.47500000000000003,0.8636442904111267,-0.5640949970671306,,1.3582581869751464,sequential,,0.8926640844695205,cached_deterministic_PDE_pool_evaluation_use
14,random,20,3,100.0,0.40625,0.2078253883860697,-0.41016474474175213,,1.370292741564411,sequential,,0.9005733426337202,cached_deterministic_PDE_pool_evaluation_use
14,random,25,68,1325.0,0.54375,0.9294273374774483,-0.5895390171617861,,1.4139725427837078,sequential,,0.9292802483892956,cached_deterministic_PDE_pool_evaluation_use
14,maximin_spacefill,5,28,625.0,0.26875000000000004,0.12413311374568228,-0.3697017094692423,,1.2489504154239852,initial_shared,,0.8208256646809959,cached_deterministic_PDE_pool_evaluation_use
14,maximin_spacefill,10,48,975.0,0.40625,0.6223677649904613,-0.5004355098524456,,1.4944690382367716,sequential,0.3535533905932737,0.9821835410811208,cached_deterministic_PDE_pool_evaluation_use
14,maximin_spacefill,15,69,1325.0,0.6125,0.9481348656526941,-0.6047318703116061,,1.4972130139917186,sequential,0.25,0.9839869158949707,cached_deterministic_PDE_pool_evaluation_use
14,maximin_spacefill,20,59,1150.0,0.54375,0.8825265575161088,-0.5793259013735464,,1.5045450851521498,sequential,0.17677669529663695,0.9888056437719347,cached_deterministic_PDE_pool_evaluation_use
14,maximin_spacefill,25,56,1150.0,0.3375,0.35513975650712754,-0.43112482661045803,,1.5115017761203715,sequential,0.17677669529663684,0.9933776671424801,cached_deterministic_PDE_pool_evaluation_use
15,gp_mc_ehvi,5,54,1150.0,0.2,0.037321821815833676,-0.33967857790169975,,1.3893151000287685,initial_shared,,0.9130750719557813,cached_deterministic_PDE_pool_evaluation_use
15,gp_mc_ehvi,10,61,1150.0,0.6812500000000001,0.903831434358727,-0.6062034543158391,0.05416336094889571,1.4685205940040496,sequential,,0.9651299025044995,cached_deterministic_PDE_pool_evaluation_use
15,gp_mc_ehvi,15,4,100.0,0.47500000000000003,0.21449579213423095,-0.4227363931774314,0.03603618726667393,1.4883200836394153,sequential,,0.978142372046596,cached_deterministic_PDE_pool_evaluation_use
15,gp_mc_ehvi,20,67,1325.0,0.47500000000000003,0.8636442904111267,-0.5640949970671306,0.014287809155203855,1.505827277092218,sequential,,0.9896483161778667,cached_deterministic_PDE_pool_evaluation_use
15,gp_mc_ehvi,25,75,1500.0,0.40625,0.6971871951571881,-0.5167281920665586,0.009002766358942791,1.512703480244386,sequential,,0.9941674419599289,cached_deterministic_PDE_pool_evaluation_use
15,random,5,54,1150.0,0.2,0.037321821815833676,-0.33967857790169975,,1.3893151000287685,initial_shared,,0.9130750719557813,cached_deterministic_PDE_pool_evaluation_use
15,random,10,56,1150.0,0.3375,0.35513975650712754,-0.43112482661045803,,1.4679398170331885,sequential,,0.9647482086940398,cached_deterministic_PDE_pool_evaluation_use
15,random,15,18,450.0,0.2,0.03670613135478519,-0.33954450512127,,1.4806538083722824,sequential,,0.9731040010960283,cached_deterministic_PDE_pool_evaluation_use
15,random,20,67,1325.0,0.47500000000000003,0.8636442904111267,-0.5640949970671306,,1.493555602450652,sequential,,0.9815832197817116,cached_deterministic_PDE_pool_evaluation_use
15,random,25,69,1325.0,0.6125,0.9481348656526941,-0.6047318703116061,,1.5019591979988614,sequential,,0.9871061667429227,cached_deterministic_PDE_pool_evaluation_use
15,maximin_spacefill,5,54,1150.0,0.2,0.037321821815833676,-0.33967857790169975,,1.3893151000287685,initial_shared,,0.9130750719557813,cached_deterministic_PDE_pool_evaluation_use
15,maximin_spacefill,10,35,625.0,0.75,0.7109282577543763,-0.5753159516223142,,1.4502253973524808,sequential,0.375,0.9531060729220452,cached_deterministic_PDE_pool_evaluation_use
15,maximin_spacefill,15,2,100.0,0.3375,0.17511240412786785,-0.39192206289483544,,1.458829421431026,sequential,0.25,0.9587607439930386,cached_deterministic_PDE_pool_evaluation_use
15,maximin_spacefill,20,72,1500.0,0.2,0.0374537332146995,-0.3397073029332411,,1.4665687286606803,sequential,0.25,0.9638471124529064,cached_deterministic_PDE_pool_evaluation_use
15,maximin_spacefill,25,75,1500.0,0.40625,0.6971871951571881,-0.5167281920665586,,1.4763135328141679,sequential,0.17677669529663684,0.9702515183025632,cached_deterministic_PDE_pool_evaluation_use
16,gp_mc_ehvi,5,41,800.0,0.54375,0.7696304709799763,-0.5547416448902827,,1.344124891632758,initial_shared,,0.8833755079173355,cached_deterministic_PDE_pool_evaluation_use
16,gp_mc_ehvi,10,69,1325.0,0.6125,0.9481348656526941,-0.6047318703116061,0.05037756234206084,1.4801001146244437,sequential,,0.9727401067148048,cached_deterministic_PDE_pool_evaluation_use
16,gp_mc_ehvi,15,4,100.0,0.47500000000000003,0.21449579213423095,-0.4227363931774314,0.021882304114153785,1.48682418363958,sequential,,0.9771592480598489,cached_deterministic_PDE_pool_evaluation_use
16,gp_mc_ehvi,20,30,625.0,0.40625,0.5465630972507175,-0.4839282822635953,0.02001172649754679,1.5008137033031204,sequential,,0.9863533334571425,cached_deterministic_PDE_pool_evaluation_use
16,gp_mc_ehvi,25,2,100.0,0.3375,0.17511240412786785,-0.39192206289483544,0.006095960143214824,1.5076812475692287,sequential,,0.990866768512161,cached_deterministic_PDE_pool_evaluation_use
16,random,5,41,800.0,0.54375,0.7696304709799763,-0.5547416448902827,,1.344124891632758,initial_shared,,0.8833755079173355,cached_deterministic_PDE_pool_evaluation_use
16,random,10,71,1325.0,0.75,0.9544730053206639,-0.6283502659464287,,1.4326008963530648,sequential,,0.9415230328198443,cached_deterministic_PDE_pool_evaluation_use
16,random,15,11,275.0,0.3375,0.26921972175222453,-0.41241487628113904,,1.4394408276639936,sequential,,0.946018320299099,cached_deterministic_PDE_pool_evaluation_use
16,random,20,55,1150.0,0.26875000000000004,0.12842837865749324,-0.37063704653454466,,1.4405272180077884,sequential,,0.9467323094735577,cached_deterministic_PDE_pool_evaluation_use
16,random,25,23,450.0,0.54375,0.6039809503557106,-0.518669798413548,,1.445545999562566,sequential,,0.9500307148023157,cached_deterministic_PDE_pool_evaluation_use
16,maximin_spacefill,5,41,800.0,0.54375,0.7696304709799763,-0.5547416448902827,,1.344124891632758,initial_shared,,0.8833755079173355,cached_deterministic_PDE_pool_evaluation_use
16,maximin_spacefill,10,77,1500.0,0.54375,0.9720294607946087,-0.5988160573010445,,1.4454729681838225,sequential,0.39528470752104733,0.9499827176766819,cached_deterministic_PDE_pool_evaluation_use
16,maximin_spacefill,15,79,1500.0,0.6812500000000001,0.9980573242795069,-0.6267220880103119,,1.4970225366716075,sequential,0.2500000000000002,0.9838617318436617,cached_deterministic_PDE_pool_evaluation_use
16,maximin_spacefill,20,59,1150.0,0.54375,0.8825265575161088,-0.5793259013735464,,1.5029517612683505,sequential,0.25,0.9877584916033455,cached_deterministic_PDE_pool_evaluation_use
16,maximin_spacefill,25,12,275.0,0.40625,0.3997703030699901,-0.45196267731876927,,1.5069095718181669,sequential,0.17677669529663684,0.9903596136616072,cached_deterministic_PDE_pool_evaluation_use
17,gp_mc_ehvi,5,8,100.0,0.75,0.21633317585028777,-0.4676129060876591,,1.0085955890643208,initial_shared,,0.6628614991949046,cached_deterministic_PDE_pool_evaluation_use
17,gp_mc_ehvi,10,70,1325.0,0.6812500000000001,0.953149731711751,-0.61694300879149,0.07732500080790611,1.5038969933465829,sequential,,0.988379709819306,cached_deterministic_PDE_pool_evaluation_use
17,gp_mc_ehvi,15,71,1325.0,0.75,0.9544730053206639,-0.6283502659464287,0.028228405104100032,1.50508954385952,sequential,,0.9891634687703088,cached_deterministic_PDE_pool_evaluation_use
17,gp_mc_ehvi,20,5,100.0,0.54375,0.2158880928317841,-0.434158681674053,0.012621673813349738,1.5070163529639082,sequential,,0.9904297915516548,cached_deterministic_PDE_pool_evaluation_use
17,gp_mc_ehvi,25,54,1150.0,0.2,0.037321821815833676,-0.33967857790169975,0.007093473294475359,1.5111744511230218,sequential,,0.9931625451046489,cached_deterministic_PDE_pool_evaluation_use
17,random,5,8,100.0,0.75,0.21633317585028777,-0.4676129060876591,,1.0085955890643208,initial_shared,,0.6628614991949046,cached_deterministic_PDE_pool_evaluation_use
17,random,10,34,625.0,0.6812500000000001,0.7102125136634564,-0.5640409901203933,,1.0967598682186666,sequential,,0.7208041541988824,cached_deterministic_PDE_pool_evaluation_use
17,random,15,3,100.0,0.40625,0.2078253883860697,-0.41016474474175213,,1.3738882544844837,sequential,,0.9029363582074698,cached_deterministic_PDE_pool_evaluation_use
17,random,20,51,975.0,0.6125,0.8447873817300153,-0.5822269179292137,,1.3788768107772877,sequential,,0.9062148991201203,cached_deterministic_PDE_pool_evaluation_use
17,random,25,56,1150.0,0.3375,0.35513975650712754,-0.43112482661045803,,1.5098217382672963,sequential,,0.9922735254804818,cached_deterministic_PDE_pool_evaluation_use
17,maximin_spacefill,5,8,100.0,0.75,0.21633317585028777,-0.4676129060876591,,1.0085955890643208,initial_shared,,0.6628614991949046,cached_deterministic_PDE_pool_evaluation_use
17,maximin_spacefill,10,32,625.0,0.54375,0.6972879769241871,-0.5389883403863409,,1.5016121054989808,sequential,0.2795084971874739,0.9868780532578701,cached_deterministic_PDE_pool_evaluation_use
17,maximin_spacefill,15,26,450.0,0.75,0.6138683243328004,-0.5541801764976444,,1.5026596161814405,sequential,0.25,0.9875664902378911,cached_deterministic_PDE_pool_evaluation_use
17,maximin_spacefill,20,50,975.0,0.54375,0.8299976754672296,-0.567887209841431,,1.5078505601075136,sequential,0.17677669529663695,0.9909780428070092,cached_deterministic_PDE_pool_evaluation_use
17,maximin_spacefill,25,75,1500.0,0.40625,0.6971871951571881,-0.5167281920665586,,1.512838472673785,sequential,0.17677669529663684,0.9942561606546184,cached_deterministic_PDE_pool_evaluation_use
18,gp_mc_ehvi,5,31,625.0,0.47500000000000003,0.6604891699623985,-0.5198559296181455,,1.398366653723763,initial_shared,,0.9190238650274161,cached_deterministic_PDE_pool_evaluation_use
18,gp_mc_ehvi,10,53,975.0,0.75,0.8497837286944139,-0.6055531247292946,0.061981088346289646,1.4687748074349387,sequential,,0.9652969747163371,cached_deterministic_PDE_pool_evaluation_use
18,gp_mc_ehvi,15,76,1500.0,0.47500000000000003,0.9001672541188478,-0.5720482391578785,0.02987950990627321,1.4878817402655655,sequential,,0.9778542873582408,cached_deterministic_PDE_pool_evaluation_use
18,gp_mc_ehvi,20,35,625.0,0.75,0.7109282577543763,-0.5753159516223142,0.015259090695655262,1.501464103263677,sequential,,0.9867807843577864,cached_deterministic_PDE_pool_evaluation_use
18,gp_mc_ehvi,25,18,450.0,0.2,0.03670613135478519,-0.33954450512127,0.00692077680809394,1.50929572743693,sequential,,0.9919278246551066,cached_deterministic_PDE_pool_evaluation_use
18,random,5,31,625.0,0.47500000000000003,0.6604891699623985,-0.5198559296181455,,1.398366653723763,initial_shared,,0.9190238650274161,cached_deterministic_PDE_pool_evaluation_use
18,random,10,50,975.0,0.54375,0.8299976754672296,-0.567887209841431,,1.462920857501445,sequential,,0.9614496863966178,cached_deterministic_PDE_pool_evaluation_use
18,random,15,25,450.0,0.6812500000000001,0.61335137416719,-0.5429485043691388,,1.4636606140453539,sequential,,0.9619358635493352,cached_deterministic_PDE_pool_evaluation_use
18,random,20,58,1150.0,0.47500000000000003,0.8231581215721223,-0.5552787272627541,,1.4906094891167865,sequential,,0.9796469976502071,cached_deterministic_PDE_pool_evaluation_use
18,random,25,56,1150.0,0.3375,0.35513975650712754,-0.43112482661045803,,1.4926613859640616,sequential,,0.9809955296437288,cached_deterministic_PDE_pool_evaluation_use
18,maximin_spacefill,5,31,625.0,0.47500000000000003,0.6604891699623985,-0.5198559296181455,,1.398366653723763,initial_shared,,0.9190238650274161,cached_deterministic_PDE_pool_evaluation_use
18,maximin_spacefill,10,4,100.0,0.47500000000000003,0.21449579213423095,-0.4227363931774314,,1.4194938065244487,sequential,0.375,0.9329088912272374,cached_deterministic_PDE_pool_evaluation_use
18,maximin_spacefill,15,33,625.0,0.6125,0.7074950704903042,-0.552330138543364,,1.4336664820703309,sequential,0.25,0.9422233489363593,cached_deterministic_PDE_pool_evaluation_use
18,maximin_spacefill,20,46,975.0,0.26875000000000004,0.12736179059963174,-0.37040478627479195,,1.4953696704401256,sequential,0.17677669529663692,0.9827754477075342,cached_deterministic_PDE_pool_evaluation_use
18,maximin_spacefill,25,8,100.0,0.75,0.21633317585028777,-0.4676129060876591,,1.503968449128111,sequential,0.1767766952966368,0.9884266714429571,cached_deterministic_PDE_pool_evaluation_use
19,gp_mc_ehvi,5,32,625.0,0.54375,0.6972879769241871,-0.5389883403863409,,1.0763315324105192,initial_shared,,0.7073783991721251,cached_deterministic_PDE_pool_evaluation_use
19,gp_mc_ehvi,10,70,1325.0,0.6812500000000001,0.953149731711751,-0.61694300879149,0.04104111469905208,1.4376649044728664,sequential,,0.9448511616066665,cached_deterministic_PDE_pool_evaluation_use
19,gp_mc_ehvi,15,8,100.0,0.75,0.21633317585028777,-0.4676129060876591,0.03183212328824493,1.5019371015964076,sequential,,0.9870916447138596,cached_deterministic_PDE_pool_evaluation_use
19,gp_mc_ehvi,20,35,625.0,0.75,0.7109282577543763,-0.5753159516223142,0.016631341893732794,1.5073368137230503,sequential,,0.9906404023272136,cached_deterministic_PDE_pool_evaluation_use
19,gp_mc_ehvi,25,47,975.0,0.3375,0.3468300456548208,-0.4293153036308264,0.006325380363971325,1.5122570389776695,sequential,,0.9938740352361967,cached_deterministic_PDE_pool_evaluation_use
19,random,5,32,625.0,0.54375,0.6972879769241871,-0.5389883403863409,,1.0763315324105192,initial_shared,,0.7073783991721251,cached_deterministic_PDE_pool_evaluation_use
19,random,10,63,1325.0,0.2,0.03739386471598825,-0.33969426596645264,,1.5021224730838407,sequential,,0.9872134731487647,cached_deterministic_PDE_pool_evaluation_use
19,random,15,35,625.0,0.75,0.7109282577543763,-0.5753159516223142,,1.5050301651279498,sequential,,0.9891244443333039,cached_deterministic_PDE_pool_evaluation_use
19,random,20,36,800.0,0.2,0.037116628257851454,-0.3396338949438938,,1.508024879997375,sequential,,0.9910926079952629,cached_deterministic_PDE_pool_evaluation_use
19,random,25,72,1500.0,0.2,0.0374537332146995,-0.3397073029332411,,1.5106978884988211,sequential,,0.992849342252125,cached_deterministic_PDE_pool_evaluation_use
19,maximin_spacefill,5,32,625.0,0.54375,0.6972879769241871,-0.5389883403863409,,1.0763315324105192,initial_shared,,0.7073783991721251,cached_deterministic_PDE_pool_evaluation_use
19,maximin_spacefill,10,4,100.0,0.47500000000000003,0.21449579213423095,-0.4227363931774314,,1.4930832284930504,sequential,0.3952847075210474,0.9812727697726977,cached_deterministic_PDE_pool_evaluation_use
19,maximin_spacefill,15,57,1150.0,0.40625,0.6507854695443193,-0.5066237503739265,,1.5067930840166297,sequential,0.27950849718747367,0.9902830564372825,cached_deterministic_PDE_pool_evaluation_use
19,maximin_spacefill,20,18,450.0,0.2,0.03670613135478519,-0.33954450512127,,1.5082976247048012,sequential,0.17677669529663692,0.9912718591913044,cached_deterministic_PDE_pool_evaluation_use
19,maximin_spacefill,25,34,625.0,0.6812500000000001,0.7102125136634564,-0.5640409901203933,,1.512047977320729,sequential,0.1767766952966368,0.9937366373288031,cached_deterministic_PDE_pool_evaluation_use
20,gp_mc_ehvi,5,68,1325.0,0.54375,0.9294273374774483,-0.5895390171617861,,1.3873907064892637,initial_shared,,0.9118103367135614,cached_deterministic_PDE_pool_evaluation_use
20,gp_mc_ehvi,10,71,1325.0,0.75,0.9544730053206639,-0.6283502659464287,0.05371313618604226,1.4868058278976026,sequential,,0.9771471844391294,cached_deterministic_PDE_pool_evaluation_use
20,gp_mc_ehvi,15,80,1500.0,0.75,0.999510934127806,-0.6381577271901411,0.03290633170373522,1.4942055286398794,sequential,,0.9820103593139765,cached_deterministic_PDE_pool_evaluation_use
20,gp_mc_ehvi,20,8,100.0,0.75,0.21633317585028777,-0.4676129060876591,0.01473478522550563,1.5048540936783246,sequential,,0.9890087279983036,cached_deterministic_PDE_pool_evaluation_use
20,gp_mc_ehvi,25,39,800.0,0.40625,0.588602391013504,-0.4930827606157744,0.009072186444767276,1.5144056688897414,sequential,,0.9952861413966572,cached_deterministic_PDE_pool_evaluation_use
20,random,5,68,1325.0,0.54375,0.9294273374774483,-0.5895390171617861,,1.3873907064892637,initial_shared,,0.9118103367135614,cached_deterministic_PDE_pool_evaluation_use
20,random,10,9,275.0,0.2,0.03621105211716663,-0.33943669664603066,,1.3993482615330575,sequential,,0.919668989823861,cached_deterministic_PDE_pool_evaluation_use
20,random,15,73,1500.0,0.26875000000000004,0.1300236230354098,-0.3709844270163436,,1.506236044174575,sequential,,0.9899169629615434,cached_deterministic_PDE_pool_evaluation_use
20,random,20,19,450.0,0.26875000000000004,0.12129302053221949,-0.3690832506533998,,1.5090212070272238,sequential,,0.9917474064455581,cached_deterministic_PDE_pool_evaluation_use
20,random,25,16,275.0,0.6812500000000001,0.47140122151622804,-0.5120374332445352,,1.510648622714449,sequential,,0.9928169641691332,cached_deterministic_PDE_pool_evaluation_use
20,maximin_spacefill,5,68,1325.0,0.54375,0.9294273374774483,-0.5895390171617861,,1.3873907064892637,initial_shared,,0.9118103367135614,cached_deterministic_PDE_pool_evaluation_use
20,maximin_spacefill,10,24,450.0,0.6125,0.6113868012591124,-0.5314015978522341,,1.4899277156516688,sequential,0.3535533905932738,0.9791989276942217,cached_deterministic_PDE_pool_evaluation_use
20,maximin_spacefill,15,75,1500.0,0.40625,0.6971871951571881,-0.5167281920665586,,1.5025700975778156,sequential,0.27950849718747367,0.9875076575040898,cached_deterministic_PDE_pool_evaluation_use
20,maximin_spacefill,20,54,1150.0,0.2,0.037321821815833676,-0.33967857790169975,,1.5065518267200606,sequential,0.25,0.9901244991572097,cached_deterministic_PDE_pool_evaluation_use
20,maximin_spacefill,25,46,975.0,0.26875000000000004,0.12736179059963174,-0.37040478627479195,,1.510737445633651,sequential,0.17677669529663684,0.992875339690525,cached_deterministic_PDE_pool_evaluation_use
21,gp_mc_ehvi,5,48,975.0,0.40625,0.6223677649904613,-0.5004355098524456,,1.346026772913766,initial_shared,,0.884625447824756,cached_deterministic_PDE_pool_evaluation_use
21,gp_mc_ehvi,10,78,1500.0,0.6125,0.9925501724671817,-0.6144037493643931,0.03774217107101679,1.486238885184193,sequential,,0.9767745826738202,cached_deterministic_PDE_pool_evaluation_use
21,gp_mc_ehvi,15,72,1500.0,0.2,0.0374537332146995,-0.3397073029332411,0.04086974897783138,1.4948284451149925,sequential,,0.9824197477279688,cached_deterministic_PDE_pool_evaluation_use
21,gp_mc_ehvi,20,65,1325.0,0.3375,0.3620795889444739,-0.4326360448096191,0.011940229116005976,1.5104875169768337,sequential,,0.9927110834852173,cached_deterministic_PDE_pool_evaluation_use
21,gp_mc_ehvi,25,54,1150.0,0.2,0.037321821815833676,-0.33967857790169975,0.005231426918626935,1.5104879300764158,sequential,,0.9927113549793735,cached_deterministic_PDE_pool_evaluation_use
21,random,5,48,975.0,0.40625,0.6223677649904613,-0.5004355098524456,,1.346026772913766,initial_shared,,0.884625447824756,cached_deterministic_PDE_pool_evaluation_use
21,random,10,33,625.0,0.6125,0.7074950704903042,-0.552330138543364,,1.488547414379346,sequential,,0.9782917766213508,cached_deterministic_PDE_pool_evaluation_use
21,random,15,72,1500.0,0.2,0.0374537332146995,-0.3397073029332411,,1.4968677002814166,sequential,,0.9837599714524359,cached_deterministic_PDE_pool_evaluation_use
21,random,20,49,975.0,0.47500000000000003,0.7774714403381844,-0.5453299936636866,,1.5010940141339564,sequential,,0.986537557203095,cached_deterministic_PDE_pool_evaluation_use
21,random,25,75,1500.0,0.40625,0.6971871951571881,-0.5167281920665586,,1.5126398779472117,sequential,,0.9941256417433562,cached_deterministic_PDE_pool_evaluation_use
21,maximin_spacefill,5,48,975.0,0.40625,0.6223677649904613,-0.5004355098524456,,1.346026772913766,initial_shared,,0.884625447824756,cached_deterministic_PDE_pool_evaluation_use
21,maximin_spacefill,10,75,1500.0,0.40625,0.6971871951571881,-0.5167281920665586,,1.354710394918372,sequential,0.37499999999999994,0.8903324316375197,cached_deterministic_PDE_pool_evaluation_use
21,maximin_spacefill,15,41,800.0,0.54375,0.7696304709799763,-0.5547416448902827,,1.4986198397612764,sequential,0.25,0.9849114991955781,cached_deterministic_PDE_pool_evaluation_use
21,maximin_spacefill,20,68,1325.0,0.54375,0.9294273374774483,-0.5895390171617861,,1.5021994852439524,sequential,0.17677669529663695,0.987264086493163,cached_deterministic_PDE_pool_evaluation_use
21,maximin_spacefill,25,13,275.0,0.47500000000000003,0.4515643657578829,-0.47436045559538237,,1.5119539811949467,sequential,0.1767766952966368,0.9936748619120453,cached_deterministic_PDE_pool_evaluation_use
22,gp_mc_ehvi,5,59,1150.0,0.54375,0.8825265575161088,-0.5793259013735464,,1.3352189153276122,initial_shared,,0.877522390107352,cached_deterministic_PDE_pool_evaluation_use
22,gp_mc_ehvi,10,79,1500.0,0.6812500000000001,0.9980573242795069,-0.6267220880103119,0.03702403452944461,1.4738901803955984,sequential,,0.9686588611120426,cached_deterministic_PDE_pool_evaluation_use
22,gp_mc_ehvi,15,77,1500.0,0.54375,0.9720294607946087,-0.5988160573010445,0.031093476177780764,1.4780838810312116,sequential,,0.971415013053056,cached_deterministic_PDE_pool_evaluation_use
22,gp_mc_ehvi,20,71,1325.0,0.75,0.9544730053206639,-0.6283502659464287,0.0184687846965692,1.4975168400287147,sequential,,0.984186594125335,cached_deterministic_PDE_pool_evaluation_use
22,gp_mc_ehvi,25,47,975.0,0.3375,0.3468300456548208,-0.4293153036308264,0.006231493273612384,1.5127031017470396,sequential,,0.9941671932067901,cached_deterministic_PDE_pool_evaluation_use
22,random,5,59,1150.0,0.54375,0.8825265575161088,-0.5793259013735464,,1.3352189153276122,initial_shared,,0.877522390107352,cached_deterministic_PDE_pool_evaluation_use
22,random,10,68,1325.0,0.54375,0.9294273374774483,-0.5895390171617861,,1.4900167185390754,sequential,,0.9792574214929439,cached_deterministic_PDE_pool_evaluation_use
22,random,15,22,450.0,0.47500000000000003,0.5769320269200509,-0.5016605226860992,,1.4994603716526305,sequential,,0.9854639071534008,cached_deterministic_PDE_pool_evaluation_use
22,random,20,5,100.0,0.54375,0.2158880928317841,-0.434158681674053,,1.5070083860783399,sequential,,0.9904245556158952,cached_deterministic_PDE_pool_evaluation_use
22,random,25,27,625.0,0.2,0.03695613330980346,-0.3395989455572341,,1.5121746379420125,sequential,,0.9938198802561203,cached_deterministic_PDE_pool_evaluation_use
22,maximin_spacefill,5,59,1150.0,0.54375,0.8825265575161088,-0.5793259013735464,,1.3352189153276122,initial_shared,,0.877522390107352,cached_deterministic_PDE_pool_evaluation_use
22,maximin_spacefill,10,31,625.0,0.47500000000000003,0.6604891699623985,-0.5198559296181455,,1.489154428933532,sequential,0.3535533905932738,0.9786907140961756,cached_deterministic_PDE_pool_evaluation_use
22,maximin_spacefill,15,45,975.0,0.2,0.03723244160287646,-0.33965911446261005,,1.5003295327649457,sequential,0.25,0.986035130589432,cached_deterministic_PDE_pool_evaluation_use
22,maximin_spacefill,20,18,450.0,0.2,0.03670613135478519,-0.33954450512127,,1.5035254766372819,sequential,0.17677669529663692,0.9881355444416529,cached_deterministic_PDE_pool_evaluation_use
22,maximin_spacefill,25,23,450.0,0.54375,0.6039809503557106,-0.518669798413548,,1.5112581164931225,sequential,0.1767766952966368,0.9932175310209634,cached_deterministic_PDE_pool_evaluation_use
23,gp_mc_ehvi,5,2,100.0,0.3375,0.17511240412786785,-0.39192206289483544,,1.274321985742888,initial_shared,,0.8375001745845331,cached_deterministic_PDE_pool_evaluation_use
23,gp_mc_ehvi,10,78,1500.0,0.6125,0.9925501724671817,-0.6144037493643931,0.06639973941156188,1.4905244243981108,sequential,,0.9795910920646966,cached_deterministic_PDE_pool_evaluation_use
23,gp_mc_ehvi,15,68,1325.0,0.54375,0.9294273374774483,-0.5895390171617861,0.021846504441146886,1.5020378763493023,sequential,,0.987157875128219,cached_deterministic_PDE_pool_evaluation_use
23,gp_mc_ehvi,20,38,800.0,0.3375,0.3365202706394469,-0.42707024659618237,0.015156351719760663,1.5096238263450095,sequential,,0.9921434553166442,cached_deterministic_PDE_pool_evaluation_use
23,gp_mc_ehvi,25,69,1325.0,0.6125,0.9481348656526941,-0.6047318703116061,0.008583159778799972,1.5103946809331692,sequential,,0.9926500704887795,cached_deterministic_PDE_pool_evaluation_use
23,random,5,2,100.0,0.3375,0.17511240412786785,-0.39192206289483544,,1.274321985742888,initial_shared,,0.8375001745845331,cached_deterministic_PDE_pool_evaluation_use
23,random,10,15,275.0,0.6125,0.47035838637607136,-0.5006912443821772,,1.4262388230598462,sequential,,0.937341799541754,cached_deterministic_PDE_pool_evaluation_use
23,random,15,64,1325.0,0.26875000000000004,0.1292964397711762,-0.3708260755585726,,1.4276132196190947,sequential,,0.938245069964141,cached_deterministic_PDE_pool_evaluation_use
23,random,20,27,625.0,0.2,0.03695613330980346,-0.3395989455572341,,1.4369339627568822,sequential,,0.9443707776679157,cached_deterministic_PDE_pool_evaluation_use
23,random,25,11,275.0,0.3375,0.26921972175222453,-0.41241487628113904,,1.4465362649679947,sequential,,0.9506815294780494,cached_deterministic_PDE_pool_evaluation_use
23,maximin_spacefill,5,2,100.0,0.3375,0.17511240412786785,-0.39192206289483544,,1.274321985742888,initial_shared,,0.8375001745845331,cached_deterministic_PDE_pool_evaluation_use
23,maximin_spacefill,10,48,975.0,0.40625,0.6223677649904613,-0.5004355098524456,,1.4947434394222416,sequential,0.375,0.9823638809350264,cached_deterministic_PDE_pool_evaluation_use
23,maximin_spacefill,15,26,450.0,0.75,0.6138683243328004,-0.5541801764976444,,1.5002426395752715,sequential,0.25,0.9859780233101599,cached_deterministic_PDE_pool_evaluation_use
23,maximin_spacefill,20,41,800.0,0.54375,0.7696304709799763,-0.5547416448902827,,1.5019573357451415,sequential,0.17677669529663695,0.9871049428467387,cached_deterministic_PDE_pool_evaluation_use
23,maximin_spacefill,25,29,625.0,0.3375,0.3229993795234898,-0.424125936786358,,1.5110309225952685,sequential,0.17677669529663684,0.9930682163805147,cached_deterministic_PDE_pool_evaluation_use
24,gp_mc_ehvi,5,59,1150.0,0.54375,0.8825265575161088,-0.5793259013735464,,1.322167229477685,initial_shared,,0.868944660694982,cached_deterministic_PDE_pool_evaluation_use
24,gp_mc_ehvi,10,0,100.0,0.2,0.03427726668192804,-0.3390155954494765,0.060328242093591465,1.484355944363076,sequential,,0.9755370906709663,cached_deterministic_PDE_pool_evaluation_use
24,gp_mc_ehvi,15,69,1325.0,0.6125,0.9481348656526941,-0.6047318703116061,0.028635466821246833,1.486740459548065,sequential,,0.9771042235510944,cached_deterministic_PDE_pool_evaluation_use
24,gp_mc_ehvi,20,36,800.0,0.2,0.037116628257851454,-0.3396338949438938,0.014071504709050133,1.492216916795628,sequential,,0.9807034190073863,cached_deterministic_PDE_pool_evaluation_use
24,gp_mc_ehvi,25,67,1325.0,0.47500000000000003,0.8636442904111267,-0.5640949970671306,0.007238517937716944,1.5096056194550886,sequential,,0.9921314895233376,cached_deterministic_PDE_pool_evaluation_use
24,random,5,59,1150.0,0.54375,0.8825265575161088,-0.5793259013735464,,1.322167229477685,initial_shared,,0.868944660694982,cached_deterministic_PDE_pool_evaluation_use
24,random,10,71,1325.0,0.75,0.9544730053206639,-0.6283502659464287,,1.4283006262613547,sequential,,0.9386968421138365,cached_deterministic_PDE_pool_evaluation_use
24,random,15,35,625.0,0.75,0.7109282577543763,-0.5753159516223142,,1.434779563049087,sequential,,0.9429548795263235,cached_deterministic_PDE_pool_evaluation_use
24,random,20,30,625.0,0.40625,0.5465630972507175,-0.4839282822635953,,1.4450956858921529,sequential,,0.9497347630869658,cached_deterministic_PDE_pool_evaluation_use
24,random,25,49,975.0,0.47500000000000003,0.7774714403381844,-0.5453299936636866,,1.4737785715996765,sequential,,0.9685855104305701,cached_deterministic_PDE_pool_evaluation_use
24,maximin_spacefill,5,59,1150.0,0.54375,0.8825265575161088,-0.5793259013735464,,1.322167229477685,initial_shared,,0.868944660694982,cached_deterministic_PDE_pool_evaluation_use
24,maximin_spacefill,10,75,1500.0,0.40625,0.6971871951571881,-0.5167281920665586,,1.4900803289029367,sequential,0.35355339059327373,0.9792992270110432,cached_deterministic_PDE_pool_evaluation_use
24,maximin_spacefill,15,6,100.0,0.6125,0.21622448351768453,-0.4453510351627734,,1.4992017188469382,sequential,0.25,0.9852939173295199,cached_deterministic_PDE_pool_evaluation_use
24,maximin_spacefill,20,73,1500.0,0.26875000000000004,0.1300236230354098,-0.3709844270163436,,1.5047176009596506,sequential,0.17677669529663692,0.9889190232949414,cached_deterministic_PDE_pool_evaluation_use
24,maximin_spacefill,25,22,450.0,0.47500000000000003,0.5769320269200509,-0.5016605226860992,,1.5100863079570916,sequential,0.1767766952966368,0.9924474039537974,cached_deterministic_PDE_pool_evaluation_use
25,gp_mc_ehvi,5,12,275.0,0.40625,0.3997703030699901,-0.45196267731876927,,1.2965459972705007,initial_shared,,0.8521060699097194,cached_deterministic_PDE_pool_evaluation_use
25,gp_mc_ehvi,10,79,1500.0,0.6812500000000001,0.9980573242795069,-0.6267220880103119,0.06305927863228292,1.4861366349982061,sequential,,0.9767073825865791,cached_deterministic_PDE_pool_evaluation_use
25,gp_mc_ehvi,15,33,625.0,0.6125,0.7074950704903042,-0.552330138543364,0.03573498598221947,1.4949907613532076,sequential,,0.9825264239678547,cached_deterministic_PDE_pool_evaluation_use
25,gp_mc_ehvi,20,31,625.0,0.47500000000000003,0.6604891699623985,-0.5198559296181455,0.01649695146509982,1.5037266682160775,sequential,,0.9882677700363232,cached_deterministic_PDE_pool_evaluation_use
25,gp_mc_ehvi,25,2,100.0,0.3375,0.17511240412786785,-0.39192206289483544,0.006516995903125863,1.5084317003308545,sequential,,0.9913599753514927,cached_deterministic_PDE_pool_evaluation_use
25,random,5,12,275.0,0.40625,0.3997703030699901,-0.45196267731876927,,1.2965459972705007,initial_shared,,0.8521060699097194,cached_deterministic_PDE_pool_evaluation_use
25,random,10,80,1500.0,0.75,0.999510934127806,-0.6381577271901411,,1.4979163410324863,sequential,,0.9844491511275282,cached_deterministic_PDE_pool_evaluation_use
25,random,15,19,450.0,0.26875000000000004,0.12129302053221949,-0.3690832506533998,,1.4998181816585316,sequential,,0.9856990643160042,cached_deterministic_PDE_pool_evaluation_use
25,random,20,74,1500.0,0.3375,0.3680209881431934,-0.4339298441453882,,1.5059562677331289,sequential,,0.9897330904229094,cached_deterministic_PDE_pool_evaluation_use
25,random,25,39,800.0,0.40625,0.588602391013504,-0.4930827606157744,,1.508858383255815,sequential,,0.9916403966485782,cached_deterministic_PDE_pool_evaluation_use
25,maximin_spacefill,5,12,275.0,0.40625,0.3997703030699901,-0.45196267731876927,,1.2965459972705007,initial_shared,,0.8521060699097194,cached_deterministic_PDE_pool_evaluation_use
25,maximin_spacefill,10,41,800.0,0.54375,0.7696304709799763,-0.5547416448902827,,1.4850996812544908,sequential,0.3749999999999999,0.9760258837573084,cached_deterministic_PDE_pool_evaluation_use
25,maximin_spacefill,15,53,975.0,0.75,0.8497837286944139,-0.6055531247292946,,1.4940381231427662,sequential,0.25,0.9819003383501798,cached_deterministic_PDE_pool_evaluation_use
25,maximin_spacefill,20,4,100.0,0.47500000000000003,0.21449579213423095,-0.4227363931774314,,1.4978895969659756,sequential,0.17677669529663692,0.9844315745961473,cached_deterministic_PDE_pool_evaluation_use
25,maximin_spacefill,25,30,625.0,0.40625,0.5465630972507175,-0.4839282822635953,,1.5100517200490255,sequential,0.17677669529663684,0.9924246723527044,cached_deterministic_PDE_pool_evaluation_use
26,gp_mc_ehvi,5,66,1325.0,0.40625,0.6754128141555608,-0.5119866019571674,,1.1932474895351577,initial_shared,,0.7842170126458776,cached_deterministic_PDE_pool_evaluation_use
26,gp_mc_ehvi,10,77,1500.0,0.54375,0.9720294607946087,-0.5988160573010445,0.050303196928237946,1.4907286850332908,sequential,,0.9797253346811922,cached_deterministic_PDE_pool_evaluation_use
26,gp_mc_ehvi,15,68,1325.0,0.54375,0.9294273374774483,-0.5895390171617861,0.02530060290419704,1.4945920212932573,sequential,,0.9822643670673552,cached_deterministic_PDE_pool_evaluation_use
26,gp_mc_ehvi,20,45,975.0,0.2,0.03723244160287646,-0.33965911446261005,0.012985261136618655,1.4969567502997614,sequential,,0.9838184962261939,cached_deterministic_PDE_pool_evaluation_use
26,gp_mc_ehvi,25,2,100.0,0.3375,0.17511240412786785,-0.39192206289483544,0.006820004223191498,1.504462967645977,sequential,,0.9887516751309432,cached_deterministic_PDE_pool_evaluation_use
26,random,5,66,1325.0,0.40625,0.6754128141555608,-0.5119866019571674,,1.1932474895351577,initial_shared,,0.7842170126458776,cached_deterministic_PDE_pool_evaluation_use
26,random,10,51,975.0,0.6125,0.8447873817300153,-0.5822269179292137,,1.3641069238602213,sequential,,0.8965079467093245,cached_deterministic_PDE_pool_evaluation_use
26,random,15,4,100.0,0.47500000000000003,0.21449579213423095,-0.4227363931774314,,1.3720357177332283,sequential,,0.9017188481354794,cached_deterministic_PDE_pool_evaluation_use
26,random,20,25,450.0,0.6812500000000001,0.61335137416719,-0.5429485043691388,,1.3803597137268675,sequential,,0.9071894812846436,cached_deterministic_PDE_pool_evaluation_use
26,random,25,21,450.0,0.40625,0.48972658515847345,-0.4715515610347218,,1.5047967292023459,sequential,,0.9889710273549932,cached_deterministic_PDE_pool_evaluation_use
26,maximin_spacefill,5,66,1325.0,0.40625,0.6754128141555608,-0.5119866019571674,,1.1932474895351577,initial_shared,,0.7842170126458776,cached_deterministic_PDE_pool_evaluation_use
26,maximin_spacefill,10,60,1150.0,0.6125,0.8993321278304409,-0.5941045841007433,,1.4924961236737602,sequential,0.2795084971874738,0.980886917221964,cached_deterministic_PDE_pool_evaluation_use
26,maximin_spacefill,15,20,450.0,0.3375,0.30346160029453306,-0.41987138917170524,,1.4975745339175648,sequential,0.25,0.98422451126286,cached_deterministic_PDE_pool_evaluation_use
26,maximin_spacefill,20,33,625.0,0.6125,0.7074950704903042,-0.552330138543364,,1.5011599037742809,sequential,0.17677669529663695,0.9865808606898844,cached_deterministic_PDE_pool_evaluation_use
26,maximin_spacefill,25,13,275.0,0.47500000000000003,0.4515643657578829,-0.47436045559538237,,1.509280918479216,sequential,0.1767766952966368,0.9919180920248847,cached_deterministic_PDE_pool_evaluation_use
27,gp_mc_ehvi,5,0,100.0,0.2,0.03427726668192804,-0.3390155954494765,,1.4430197093781194,initial_shared,,0.9483704056385436,cached_deterministic_PDE_pool_evaluation_use
27,gp_mc_ehvi,10,80,1500.0,0.75,0.999510934127806,-0.6381577271901411,0.054664377853920226,1.4661204432252564,sequential,,0.9635524937186841,cached_deterministic_PDE_pool_evaluation_use
27,gp_mc_ehvi,15,77,1500.0,0.54375,0.9720294607946087,-0.5988160573010445,0.023730187783130813,1.4882992615384958,sequential,,0.9781286875042666,cached_deterministic_PDE_pool_evaluation_use
27,gp_mc_ehvi,20,68,1325.0,0.54375,0.9294273374774483,-0.5895390171617861,0.017179604989199106,1.4958005959199387,sequential,,0.9830586572641566,cached_deterministic_PDE_pool_evaluation_use
27,gp_mc_ehvi,25,5,100.0,0.54375,0.2158880928317841,-0.434158681674053,0.0055598366008932365,1.5086759501273324,sequential,,0.9915204993395279,cached_deterministic_PDE_pool_evaluation_use
27,random,5,0,100.0,0.2,0.03427726668192804,-0.3390155954494765,,1.4430197093781194,initial_shared,,0.9483704056385436,cached_deterministic_PDE_pool_evaluation_use
27,random,10,1,100.0,0.26875000000000004,0.09688695269686752,-0.36376858431004216,,1.4869497396616544,sequential,,0.9772417650309002,cached_deterministic_PDE_pool_evaluation_use
27,random,15,78,1500.0,0.6125,0.9925501724671817,-0.6144037493643931,,1.4899253439539266,sequential,,0.9791973689851234,cached_deterministic_PDE_pool_evaluation_use
27,random,20,13,275.0,0.47500000000000003,0.4515643657578829,-0.47436045559538237,,1.5010456487165627,sequential,,0.9865057708524204,cached_deterministic_PDE_pool_evaluation_use
27,random,25,10,275.0,0.26875000000000004,0.11586826195860243,-0.36790195500159484,,1.5058750926562334,sequential,,0.9896797411580984,cached_deterministic_PDE_pool_evaluation_use
27,maximin_spacefill,5,0,100.0,0.2,0.03427726668192804,-0.3390155954494765,,1.4430197093781194,initial_shared,,0.9483704056385436,cached_deterministic_PDE_pool_evaluation_use
27,maximin_spacefill,10,27,625.0,0.2,0.03695613330980346,-0.3395989455572341,,1.488039340081635,sequential,0.37499999999999994,0.9779578639071423,cached_deterministic_PDE_pool_evaluation_use
27,maximin_spacefill,15,23,450.0,0.54375,0.6039809503557106,-0.518669798413548,,1.5014147583100215,sequential,0.2500000000000002,0.986748354243762,cached_deterministic_PDE_pool_evaluation_use
27,maximin_spacefill,20,33,625.0,0.6125,0.7074950704903042,-0.552330138543364,,1.5050055643185458,sequential,0.17677669529663695,0.9891082763770093,cached_deterministic_PDE_pool_evaluation_use
27,maximin_spacefill,25,37,800.0,0.26875000000000004,0.1259962748964441,-0.37010743151869546,,1.5090080613313395,sequential,0.17677669529663684,0.9917387669315881,cached_deterministic_PDE_pool_evaluation_use
28,gp_mc_ehvi,5,70,1325.0,0.6812500000000001,0.953149731711751,-0.61694300879149,,1.3990969614801263,initial_shared,,0.9195038323200608,cached_deterministic_PDE_pool_evaluation_use
28,gp_mc_ehvi,10,72,1500.0,0.2,0.0374537332146995,-0.3397073029332411,0.03992436814242481,1.4706901968510142,sequential,,0.9665557923372428,cached_deterministic_PDE_pool_evaluation_use
28,gp_mc_ehvi,15,77,1500.0,0.54375,0.9720294607946087,-0.5988160573010445,0.02920170281408,1.4944985591987272,sequential,,0.9822029426225432,cached_deterministic_PDE_pool_evaluation_use
28,gp_mc_ehvi,20,59,1150.0,0.54375,0.8825265575161088,-0.5793259013735464,0.011998198626917478,1.5022647642026263,sequential,,0.9873069886324165,cached_deterministic_PDE_pool_evaluation_use
28,gp_mc_ehvi,25,22,450.0,0.47500000000000003,0.5769320269200509,-0.5016605226860992,0.005599074850433367,1.510562934260224,sequential,,0.9927606486569029,cached_deterministic_PDE_pool_evaluation_use
28,random,5,70,1325.0,0.6812500000000001,0.953149731711751,-0.61694300879149,,1.3990969614801263,initial_shared,,0.9195038323200608,cached_deterministic_PDE_pool_evaluation_use
28,random,10,72,1500.0,0.2,0.0374537332146995,-0.3397073029332411,,1.4386444903190807,sequential,,0.94549495754396,cached_deterministic_PDE_pool_evaluation_use
28,random,15,63,1325.0,0.2,0.03739386471598825,-0.33969426596645264,,1.471882823363187,sequential,,0.9673396012358836,cached_deterministic_PDE_pool_evaluation_use
28,random,20,61,1150.0,0.6812500000000001,0.903831434358727,-0.6062034543158391,,1.4724766081007106,sequential,,0.9677298439115223,cached_deterministic_PDE_pool_evaluation_use
28,random,25,15,275.0,0.6125,0.47035838637607136,-0.5006912443821772,,1.4726177349991458,sequential,,0.9678225942551564,cached_deterministic_PDE_pool_evaluation_use
28,maximin_spacefill,5,70,1325.0,0.6812500000000001,0.953149731711751,-0.61694300879149,,1.3990969614801263,initial_shared,,0.9195038323200608,cached_deterministic_PDE_pool_evaluation_use
28,maximin_spacefill,10,72,1500.0,0.2,0.0374537332146995,-0.3397073029332411,,1.430691673985999,sequential,0.3952847075210474,0.9402682682598448,cached_deterministic_PDE_pool_evaluation_use
28,maximin_spacefill,15,6,100.0,0.6125,0.21622448351768453,-0.4453510351627734,,1.4406710421451931,sequential,0.25,0.9468268324760121,cached_deterministic_PDE_pool_evaluation_use
28,maximin_spacefill,20,78,1500.0,0.6125,0.9925501724671817,-0.6144037493643931,,1.4975455008402128,sequential,0.17677669529663695,0.9842054303652351,cached_deterministic_PDE_pool_evaluation_use
28,maximin_spacefill,25,22,450.0,0.47500000000000003,0.5769320269200509,-0.5016605226860992,,1.502835694218939,sequential,0.1767766952966368,0.9876822109025232,cached_deterministic_PDE_pool_evaluation_use
29,gp_mc_ehvi,5,47,975.0,0.3375,0.3468300456548208,-0.4293153036308264,,1.4205172005478712,initial_shared,,0.9335814784405746,cached_deterministic_PDE_pool_evaluation_use
29,gp_mc_ehvi,10,76,1500.0,0.47500000000000003,0.9001672541188478,-0.5720482391578785,0.05817874683063544,1.4915157642418326,sequential,,0.9802426128745692,cached_deterministic_PDE_pool_evaluation_use
29,gp_mc_ehvi,15,42,800.0,0.6125,0.782247362397243,-0.5686082007272493,0.031292218841842794,1.493746574230167,sequential,,0.9817087287978582,cached_deterministic_PDE_pool_evaluation_use
29,gp_mc_ehvi,20,0,100.0,0.2,0.03427726668192804,-0.3390155954494765,0.014803767718043674,1.4969711980300604,sequential,,0.9838279914532897,cached_deterministic_PDE_pool_evaluation_use
29,gp_mc_ehvi,25,5,100.0,0.54375,0.2158880928317841,-0.434158681674053,0.007277386372434286,1.5020472494900914,sequential,,0.9871640352723074,cached_deterministic_PDE_pool_evaluation_use
29,random,5,47,975.0,0.3375,0.3468300456548208,-0.4293153036308264,,1.4205172005478712,initial_shared,,0.9335814784405746,cached_deterministic_PDE_pool_evaluation_use
29,random,10,32,625.0,0.54375,0.6972879769241871,-0.5389883403863409,,1.4300933366401862,sequential,,0.9398750335537148,cached_deterministic_PDE_pool_evaluation_use
29,random,15,0,100.0,0.2,0.03427726668192804,-0.3390155954494765,,1.4354331999130578,sequential,,0.9433844577599372,cached_deterministic_PDE_pool_evaluation_use
29,random,20,54,1150.0,0.2,0.037321821815833676,-0.33967857790169975,,1.4426027839236046,sequential,,0.9480963970717518,cached_deterministic_PDE_pool_evaluation_use
29,random,25,80,1500.0,0.75,0.999510934127806,-0.6381577271901411,,1.511143280906875,sequential,,0.993142059652968,cached_deterministic_PDE_pool_evaluation_use
29,maximin_spacefill,5,47,975.0,0.3375,0.3468300456548208,-0.4293153036308264,,1.4205172005478712,initial_shared,,0.9335814784405746,cached_deterministic_PDE_pool_evaluation_use
29,maximin_spacefill,10,15,275.0,0.6125,0.47035838637607136,-0.5006912443821772,,1.434548646411507,sequential,0.2795084971874737,0.9428031182552701,cached_deterministic_PDE_pool_evaluation_use
29,maximin_spacefill,15,36,800.0,0.2,0.037116628257851454,-0.3396338949438938,,1.4388953729082603,sequential,0.25,0.9456598406854179,cached_deterministic_PDE_pool_evaluation_use
29,maximin_spacefill,20,69,1325.0,0.6125,0.9481348656526941,-0.6047318703116061,,1.442720046123005,sequential,0.25,0.9481734632399327,cached_deterministic_PDE_pool_evaluation_use
29,maximin_spacefill,25,26,450.0,0.75,0.6138683243328004,-0.5541801764976444,,1.4495348374874129,sequential,0.1767766952966368,0.9526522284353095,cached_deterministic_PDE_pool_evaluation_use
30,gp_mc_ehvi,5,8,100.0,0.75,0.21633317585028777,-0.4676129060876591,,1.3022488382327742,initial_shared,,0.8558540475440749,cached_deterministic_PDE_pool_evaluation_use
30,gp_mc_ehvi,10,79,1500.0,0.6812500000000001,0.9980573242795069,-0.6267220880103119,0.055710820141148254,1.4751181719378006,sequential,,0.9694659123459449,cached_deterministic_PDE_pool_evaluation_use
30,gp_mc_ehvi,15,47,975.0,0.3375,0.3468300456548208,-0.4293153036308264,0.025108304861399984,1.497194118268267,sequential,,0.9839744973917458,cached_deterministic_PDE_pool_evaluation_use
30,gp_mc_ehvi,20,45,975.0,0.2,0.03723244160287646,-0.33965911446261005,0.013054961966625266,1.4979728612821497,sequential,,0.9844862969348597,cached_deterministic_PDE_pool_evaluation_use
30,gp_mc_ehvi,25,70,1325.0,0.6812500000000001,0.953149731711751,-0.61694300879149,0.0068917962269814306,1.5104739619184857,sequential,,0.9927021749331717,cached_deterministic_PDE_pool_evaluation_use
30,random,5,8,100.0,0.75,0.21633317585028777,-0.4676129060876591,,1.3022488382327742,initial_shared,,0.8558540475440749,cached_deterministic_PDE_pool_evaluation_use
30,random,10,27,625.0,0.2,0.03695613330980346,-0.3395989455572341,,1.419650051015729,sequential,,0.9330115770399199,cached_deterministic_PDE_pool_evaluation_use
30,random,15,57,1150.0,0.40625,0.6507854695443193,-0.5066237503739265,,1.4316971679056216,sequential,,0.9409290913035097,cached_deterministic_PDE_pool_evaluation_use
30,random,20,53,975.0,0.75,0.8497837286944139,-0.6055531247292946,,1.434225527130653,sequential,,0.9425907602663517,cached_deterministic_PDE_pool_evaluation_use
30,random,25,22,450.0,0.47500000000000003,0.5769320269200509,-0.5016605226860992,,1.4362592207628762,sequential,,0.9439273288817361,cached_deterministic_PDE_pool_evaluation_use
30,maximin_spacefill,5,8,100.0,0.75,0.21633317585028777,-0.4676129060876591,,1.3022488382327742,initial_shared,,0.8558540475440749,cached_deterministic_PDE_pool_evaluation_use
30,maximin_spacefill,10,75,1500.0,0.40625,0.6971871951571881,-0.5167281920665586,,1.4857248907801635,sequential,0.35355339059327373,0.9764367791924974,cached_deterministic_PDE_pool_evaluation_use
30,maximin_spacefill,15,78,1500.0,0.6125,0.9925501724671817,-0.6144037493643931,,1.5009672164662022,sequential,0.25,0.9864542242071418,cached_deterministic_PDE_pool_evaluation_use
30,maximin_spacefill,20,36,800.0,0.2,0.037116628257851454,-0.3396338949438938,,1.5037586678212427,sequential,0.17677669529663692,0.9882888005727278,cached_deterministic_PDE_pool_evaluation_use
30,maximin_spacefill,25,13,275.0,0.47500000000000003,0.4515643657578829,-0.47436045559538237,,1.5101469364465265,sequential,0.1767766952966368,0.9924872497471326,cached_deterministic_PDE_pool_evaluation_use
31,gp_mc_ehvi,5,5,100.0,0.54375,0.2158880928317841,-0.434158681674053,,1.4109175813543073,initial_shared,,0.9272724899427673,cached_deterministic_PDE_pool_evaluation_use
31,gp_mc_ehvi,10,80,1500.0,0.75,0.999510934127806,-0.6381577271901411,0.060445376940290146,1.478934015914666,sequential,,0.9719737322160927,cached_deterministic_PDE_pool_evaluation_use
31,gp_mc_ehvi,15,72,1500.0,0.2,0.0374537332146995,-0.3397073029332411,0.023246144437963932,1.4988818420766294,sequential,,0.9850836903586473,cached_deterministic_PDE_pool_evaluation_use
31,gp_mc_ehvi,20,21,450.0,0.40625,0.48972658515847345,-0.4715515610347218,0.01096543769876113,1.5084858133046801,sequential,,0.9913955390673614,cached_deterministic_PDE_pool_evaluation_use
31,gp_mc_ehvi,25,69,1325.0,0.6125,0.9481348656526941,-0.6047318703116061,0.00575978155034257,1.5111591049819826,sequential,,0.9931524594308997,cached_deterministic_PDE_pool_evaluation_use
31,random,5,5,100.0,0.54375,0.2158880928317841,-0.434158681674053,,1.4109175813543073,initial_shared,,0.9272724899427673,cached_deterministic_PDE_pool_evaluation_use
31,random,10,4,100.0,0.47500000000000003,0.21449579213423095,-0.4227363931774314,,1.4330628639082923,sequential,,0.9418266436124728,cached_deterministic_PDE_pool_evaluation_use
31,random,15,48,975.0,0.40625,0.6223677649904613,-0.5004355098524456,,1.4968901521738882,sequential,,0.9837747271139367,cached_deterministic_PDE_pool_evaluation_use
31,random,20,78,1500.0,0.6125,0.9925501724671817,-0.6144037493643931,,1.4999371385488494,sequential,,0.9857772442560223,cached_deterministic_PDE_pool_evaluation_use
31,random,25,23,450.0,0.54375,0.6039809503557106,-0.518669798413548,,1.5007166674728227,sequential,,0.9862895603089709,cached_deterministic_PDE_pool_evaluation_use
31,maximin_spacefill,5,5,100.0,0.54375,0.2158880928317841,-0.434158681674053,,1.4109175813543073,initial_shared,,0.9272724899427673,cached_deterministic_PDE_pool_evaluation_use
31,maximin_spacefill,10,59,1150.0,0.54375,0.8825265575161088,-0.5793259013735464,,1.4345746429698076,sequential,0.2795084971874738,0.9428202035150074,cached_deterministic_PDE_pool_evaluation_use
31,maximin_spacefill,15,24,450.0,0.6125,0.6113868012591124,-0.5314015978522341,,1.436653913757933,sequential,0.25,0.9441867260011186,cached_deterministic_PDE_pool_evaluation_use
31,maximin_spacefill,20,64,1325.0,0.26875000000000004,0.1292964397711762,-0.3708260755585726,,1.4676440144657203,sequential,0.17677669529663692,0.9645538035871132,cached_deterministic_PDE_pool_evaluation_use
31,maximin_spacefill,25,13,275.0,0.47500000000000003,0.4515643657578829,-0.47436045559538237,,1.4733047924051887,sequential,0.1767766952966368,0.9682741368824893,cached_deterministic_PDE_pool_evaluation_use
32,gp_mc_ehvi,5,12,275.0,0.40625,0.3997703030699901,-0.45196267731876927,,1.4677479375490032,initial_shared,,0.964622103123154,cached_deterministic_PDE_pool_evaluation_use
32,gp_mc_ehvi,10,53,975.0,0.75,0.8497837286944139,-0.6055531247292946,0.04055352194846523,1.4760352208005205,sequential,,0.9700686082039959,cached_deterministic_PDE_pool_evaluation_use
32,gp_mc_ehvi,15,40,800.0,0.47500000000000003,0.7245304100402967,-0.5338015527118044,0.04193978833555165,1.493823257081764,sequential,,0.9817591257166265,cached_deterministic_PDE_pool_evaluation_use
32,gp_mc_ehvi,20,28,625.0,0.26875000000000004,0.12413311374568228,-0.3697017094692423,0.01257911675810127,1.5009866759847792,sequential,,0.9864670132434983,cached_deterministic_PDE_pool_evaluation_use
32,gp_mc_ehvi,25,2,100.0,0.3375,0.17511240412786785,-0.39192206289483544,0.0064723831887124,1.511823052313195,sequential,,0.9935888138311427,cached_deterministic_PDE_pool_evaluation_use
32,random,5,12,275.0,0.40625,0.3997703030699901,-0.45196267731876927,,1.4677479375490032,initial_shared,,0.964622103123154,cached_deterministic_PDE_pool_evaluation_use
32,random,10,76,1500.0,0.47500000000000003,0.9001672541188478,-0.5720482391578785,,1.4778338429757658,sequential,,0.9712506849496164,cached_deterministic_PDE_pool_evaluation_use
32,random,15,73,1500.0,0.26875000000000004,0.1300236230354098,-0.3709844270163436,,1.4858905498196924,sequential,,0.976545652362763,cached_deterministic_PDE_pool_evaluation_use
32,random,20,38,800.0,0.3375,0.3365202706394469,-0.42707024659618237,,1.498064563917826,sequential,,0.9845465650415455,cached_deterministic_PDE_pool_evaluation_use
32,random,25,25,450.0,0.6812500000000001,0.61335137416719,-0.5429485043691388,,1.498113890029628,sequential,,0.9845789827724706,cached_deterministic_PDE_pool_evaluation_use
32,maximin_spacefill,5,12,275.0,0.40625,0.3997703030699901,-0.45196267731876927,,1.4677479375490032,initial_shared,,0.964622103123154,cached_deterministic_PDE_pool_evaluation_use
32,maximin_spacefill,10,62,1150.0,0.75,0.9050182677726508,-0.6175810002482622,,1.4892531830149125,sequential,0.3535533905932738,0.9787556165002167,cached_deterministic_PDE_pool_evaluation_use
32,maximin_spacefill,15,19,450.0,0.26875000000000004,0.12129302053221949,-0.3690832506533998,,1.494231747702987,sequential,0.2795084971874736,0.9820275908066256,cached_deterministic_PDE_pool_evaluation_use
32,maximin_spacefill,20,37,800.0,0.26875000000000004,0.1259962748964441,-0.37010743151869546,,1.5059677233301259,sequential,0.17677669529663692,0.9897406191829812,cached_deterministic_PDE_pool_evaluation_use
32,maximin_spacefill,25,31,625.0,0.47500000000000003,0.6604891699623985,-0.5198559296181455,,1.5116942029358686,sequential,0.1767766952966368,0.9935041324262754,cached_deterministic_PDE_pool_evaluation_use
33,gp_mc_ehvi,5,80,1500.0,0.75,0.999510934127806,-0.6381577271901411,,1.4743365957439114,initial_shared,,0.9689522508018795,cached_deterministic_PDE_pool_evaluation_use
33,gp_mc_ehvi,10,0,100.0,0.2,0.03427726668192804,-0.3390155954494765,0.058711080816443516,1.4804057549343748,sequential,,0.9729409773077878,cached_deterministic_PDE_pool_evaluation_use
33,gp_mc_ehvi,15,71,1325.0,0.75,0.9544730053206639,-0.6283502659464287,0.025209970530698362,1.495658247604925,sequential,,0.9829651041904361,cached_deterministic_PDE_pool_evaluation_use
33,gp_mc_ehvi,20,28,625.0,0.26875000000000004,0.12413311374568228,-0.3697017094692423,0.011505725440497803,1.5077434844768558,sequential,,0.9909076713778312,cached_deterministic_PDE_pool_evaluation_use
33,gp_mc_ehvi,25,69,1325.0,0.6125,0.9481348656526941,-0.6047318703116061,0.005045019297881092,1.5119715050074398,sequential,,0.9936863787784155,cached_deterministic_PDE_pool_evaluation_use
33,random,5,80,1500.0,0.75,0.999510934127806,-0.6381577271901411,,1.4743365957439114,initial_shared,,0.9689522508018795,cached_deterministic_PDE_pool_evaluation_use
33,random,10,60,1150.0,0.6125,0.8993321278304409,-0.5941045841007433,,1.4938805404216942,sequential,,0.9817967730363221,cached_deterministic_PDE_pool_evaluation_use
33,random,15,54,1150.0,0.2,0.037321821815833676,-0.33967857790169975,,1.5014891393350864,sequential,,0.9867972383736558,cached_deterministic_PDE_pool_evaluation_use
33,random,20,3,100.0,0.40625,0.2078253883860697,-0.41016474474175213,,1.5101860871134811,sequential,,0.9925129800498163,cached_deterministic_PDE_pool_evaluation_use
33,random,25,9,275.0,0.2,0.03621105211716663,-0.33943669664603066,,1.5107371388741662,sequential,,0.9928751380843963,cached_deterministic_PDE_pool_evaluation_use
33,maximin_spacefill,5,80,1500.0,0.75,0.999510934127806,-0.6381577271901411,,1.4743365957439114,initial_shared,,0.9689522508018795,cached_deterministic_PDE_pool_evaluation_use
33,maximin_spacefill,10,51,975.0,0.6125,0.8447873817300153,-0.5822269179292137,,1.4891195496441518,sequential,0.2795084971874738,0.9786677909956782,cached_deterministic_PDE_pool_evaluation_use
33,maximin_spacefill,15,49,975.0,0.47500000000000003,0.7774714403381844,-0.5453299936636866,,1.5051853166280904,sequential,0.25,0.9892264118186872,cached_deterministic_PDE_pool_evaluation_use
33,maximin_spacefill,20,63,1325.0,0.2,0.03739386471598825,-0.33969426596645264,,1.5081257994156594,sequential,0.17677669529663692,0.9911589334855061,cached_deterministic_PDE_pool_evaluation_use
33,maximin_spacefill,25,26,450.0,0.75,0.6138683243328004,-0.5541801764976444,,1.5122736624194684,sequential,0.1767766952966368,0.9938849603678075,cached_deterministic_PDE_pool_evaluation_use
34,gp_mc_ehvi,5,0,100.0,0.2,0.03427726668192804,-0.3390155954494765,,1.4349365304349717,initial_shared,,0.9430580404342835,cached_deterministic_PDE_pool_evaluation_use
34,gp_mc_ehvi,10,35,625.0,0.75,0.7109282577543763,-0.5753159516223142,0.06795220017806647,1.4784934292431362,sequential,,0.9716841732047485,cached_deterministic_PDE_pool_evaluation_use
34,gp_mc_ehvi,15,46,975.0,0.26875000000000004,0.12736179059963174,-0.37040478627479195,0.03932575640921572,1.4904466645866141,sequential,,0.9795399873545584,cached_deterministic_PDE_pool_evaluation_use
34,gp_mc_ehvi,20,68,1325.0,0.54375,0.9294273374774483,-0.5895390171617861,0.01710678120605547,1.5023168046883029,sequential,,0.9873411902834334,cached_deterministic_PDE_pool_evaluation_use
34,gp_mc_ehvi,25,38,800.0,0.3375,0.3365202706394469,-0.42707024659618237,0.0047322605519537625,1.512237329114376,sequential,,0.9938610816701953,cached_deterministic_PDE_pool_evaluation_use
34,random,5,0,100.0,0.2,0.03427726668192804,-0.3390155954494765,,1.4349365304349717,initial_shared,,0.9430580404342835,cached_deterministic_PDE_pool_evaluation_use
34,random,10,71,1325.0,0.75,0.9544730053206639,-0.6283502659464287,,1.48709473208407,sequential,,0.9773370558447173,cached_deterministic_PDE_pool_evaluation_use
34,random,15,51,975.0,0.6125,0.8447873817300153,-0.5822269179292137,,1.4983860002363385,sequential,,0.9847578169667919,cached_deterministic_PDE_pool_evaluation_use
34,random,20,53,975.0,0.75,0.8497837286944139,-0.6055531247292946,,1.5035999634222859,sequential,,0.9881844980782871,cached_deterministic_PDE_pool_evaluation_use
34,random,25,74,1500.0,0.3375,0.3680209881431934,-0.4339298441453882,,1.5103117858768653,sequential,,0.9925955908322223,cached_deterministic_PDE_pool_evaluation_use
34,maximin_spacefill,5,0,100.0,0.2,0.03427726668192804,-0.3390155954494765,,1.4349365304349717,initial_shared,,0.9430580404342835,cached_deterministic_PDE_pool_evaluation_use
34,maximin_spacefill,10,66,1325.0,0.40625,0.6754128141555608,-0.5119866019571674,,1.4848596830216396,sequential,0.375,0.9758681539494878,cached_deterministic_PDE_pool_evaluation_use
34,maximin_spacefill,15,2,100.0,0.3375,0.17511240412786785,-0.39192206289483544,,1.499586941085741,sequential,0.25,0.9855470901507226,cached_deterministic_PDE_pool_evaluation_use
34,maximin_spacefill,20,77,1500.0,0.54375,0.9720294607946087,-0.5988160573010445,,1.503062287525379,sequential,0.17677669529663695,0.9878311308268645,cached_deterministic_PDE_pool_evaluation_use
34,maximin_spacefill,25,74,1500.0,0.3375,0.3680209881431934,-0.4339298441453882,,1.5103701138009886,sequential,0.17677669529663684,0.9926339246655728,cached_deterministic_PDE_pool_evaluation_use
35,gp_mc_ehvi,5,75,1500.0,0.40625,0.6971871951571881,-0.5167281920665586,,1.0680180877648453,initial_shared,,0.7019147004993821,cached_deterministic_PDE_pool_evaluation_use
35,gp_mc_ehvi,10,62,1150.0,0.75,0.9050182677726508,-0.6175810002482622,0.06493550074314572,1.49598142256022,sequential,,0.983177498769286,cached_deterministic_PDE_pool_evaluation_use
35,gp_mc_ehvi,15,43,800.0,0.6812500000000001,0.7856143021347463,-0.5804604867030518,0.037440183790096955,1.4963002614323146,sequential,,0.9833870436206117,cached_deterministic_PDE_pool_evaluation_use
35,gp_mc_ehvi,20,49,975.0,0.47500000000000003,0.7774714403381844,-0.5453299936636866,0.015052217587270527,1.5028293429737452,sequential,,0.987678036785606,cached_deterministic_PDE_pool_evaluation_use
35,gp_mc_ehvi,25,39,800.0,0.40625,0.588602391013504,-0.4930827606157744,0.006008521279558265,1.5092448509424976,sequential,,0.9918943879935359,cached_deterministic_PDE_pool_evaluation_use
35,random,5,75,1500.0,0.40625,0.6971871951571881,-0.5167281920665586,,1.0680180877648453,initial_shared,,0.7019147004993821,cached_deterministic_PDE_pool_evaluation_use
35,random,10,38,800.0,0.3375,0.3365202706394469,-0.42707024659618237,,1.1964521359499165,sequential,,0.7863231459166441,cached_deterministic_PDE_pool_evaluation_use
35,random,15,48,975.0,0.40625,0.6223677649904613,-0.5004355098524456,,1.204961863338182,sequential,,0.7919158440361734,cached_deterministic_PDE_pool_evaluation_use
35,random,20,13,275.0,0.47500000000000003,0.4515643657578829,-0.47436045559538237,,1.3733567151378754,sequential,,0.902587023972823,cached_deterministic_PDE_pool_evaluation_use
35,random,25,51,975.0,0.6125,0.8447873817300153,-0.5822269179292137,,1.5101941019961915,sequential,,0.9925182475298914,cached_deterministic_PDE_pool_evaluation_use
35,maximin_spacefill,5,75,1500.0,0.40625,0.6971871951571881,-0.5167281920665586,,1.0680180877648453,initial_shared,,0.7019147004993821,cached_deterministic_PDE_pool_evaluation_use
35,maximin_spacefill,10,9,275.0,0.2,0.03621105211716663,-0.33943669664603066,,1.4348048967850429,sequential,0.2795084971874737,0.9429715291710157,cached_deterministic_PDE_pool_evaluation_use
35,maximin_spacefill,15,43,800.0,0.6812500000000001,0.7856143021347463,-0.5804604867030518,,1.4432819851996739,sequential,0.2500000000000002,0.9485427765532721,cached_deterministic_PDE_pool_evaluation_use
35,maximin_spacefill,20,46,975.0,0.26875000000000004,0.12736179059963174,-0.37040478627479195,,1.5000126665041136,sequential,0.17677669529663692,0.9858268821626326,cached_deterministic_PDE_pool_evaluation_use
35,maximin_spacefill,25,53,975.0,0.75,0.8497837286944139,-0.6055531247292946,,1.501563220763598,sequential,0.1767766952966368,0.9868459256049883,cached_deterministic_PDE_pool_evaluation_use
36,gp_mc_ehvi,5,35,625.0,0.75,0.7109282577543763,-0.5753159516223142,,1.085946411432239,initial_shared,,0.7136974166177869,cached_deterministic_PDE_pool_evaluation_use
36,gp_mc_ehvi,10,77,1500.0,0.54375,0.9720294607946087,-0.5988160573010445,0.028267669437094488,1.4901986155746552,sequential,,0.9793769664751062,cached_deterministic_PDE_pool_evaluation_use
36,gp_mc_ehvi,15,0,100.0,0.2,0.03427726668192804,-0.3390155954494765,0.01695089155013064,1.4978146244577117,sequential,,0.9843823017361775,cached_deterministic_PDE_pool_evaluation_use
36,gp_mc_ehvi,20,68,1325.0,0.54375,0.9294273374774483,-0.5895390171617861,0.01655399059680612,1.5013880438692746,sequential,,0.9867307971827995,cached_deterministic_PDE_pool_evaluation_use
36,gp_mc_ehvi,25,70,1325.0,0.6812500000000001,0.953149731711751,-0.61694300879149,0.007895486243993811,1.5038879519449433,sequential,,0.9883737676982908,cached_deterministic_PDE_pool_evaluation_use
36,random,5,35,625.0,0.75,0.7109282577543763,-0.5753159516223142,,1.085946411432239,initial_shared,,0.7136974166177869,cached_deterministic_PDE_pool_evaluation_use
36,random,10,45,975.0,0.2,0.03723244160287646,-0.33965911446261005,,1.2019478026450439,sequential,,0.7899349660595292,cached_deterministic_PDE_pool_evaluation_use
36,random,15,4,100.0,0.47500000000000003,0.21449579213423095,-0.4227363931774314,,1.433801336137058,sequential,,0.9423119766973891,cached_deterministic_PDE_pool_evaluation_use
36,random,20,36,800.0,0.2,0.037116628257851454,-0.3396338949438938,,1.4367734251476183,sequential,,0.9442652703649812,cached_deterministic_PDE_pool_evaluation_use
36,random,25,44,800.0,0.75,0.7865016730640364,-0.5917728216724085,,1.467505806296195,sequential,,0.9644629714682285,cached_deterministic_PDE_pool_evaluation_use
36,maximin_spacefill,5,35,625.0,0.75,0.7109282577543763,-0.5753159516223142,,1.085946411432239,initial_shared,,0.7136974166177869,cached_deterministic_PDE_pool_evaluation_use
36,maximin_spacefill,10,8,100.0,0.75,0.21633317585028777,-0.4676129060876591,,1.4930426037179352,sequential,0.375,0.9812460706678937,cached_deterministic_PDE_pool_evaluation_use
36,maximin_spacefill,15,18,450.0,0.2,0.03670613135478519,-0.33954450512127,,1.4984364731511381,sequential,0.25,0.9847909883908349,cached_deterministic_PDE_pool_evaluation_use
36,maximin_spacefill,20,10,275.0,0.26875000000000004,0.11586826195860243,-0.36790195500159484,,1.5040982806618137,sequential,0.17677669529663692,0.988511998333146,cached_deterministic_PDE_pool_evaluation_use
36,maximin_spacefill,25,16,275.0,0.6812500000000001,0.47140122151622804,-0.5120374332445352,,1.5100958543704712,sequential,0.1767766952966368,0.9924536779747759,cached_deterministic_PDE_pool_evaluation_use
37,gp_mc_ehvi,5,12,275.0,0.40625,0.3997703030699901,-0.45196267731876927,,1.2793078644970983,initial_shared,,0.840776955785694,cached_deterministic_PDE_pool_evaluation_use
37,gp_mc_ehvi,10,79,1500.0,0.6812500000000001,0.9980573242795069,-0.6267220880103119,0.06999605565555891,1.4891457383892739,sequential,,0.9786850025629722,cached_deterministic_PDE_pool_evaluation_use
37,gp_mc_ehvi,15,33,625.0,0.6125,0.7074950704903042,-0.552330138543364,0.02782055005742675,1.4926191813108678,sequential,,0.9809677922235057,cached_deterministic_PDE_pool_evaluation_use
37,gp_mc_ehvi,20,44,800.0,0.75,0.7865016730640364,-0.5917728216724085,0.013776044424234225,1.500790293077455,sequential,,0.9863379479672105,cached_deterministic_PDE_pool_evaluation_use
37,gp_mc_ehvi,25,2,100.0,0.3375,0.17511240412786785,-0.39192206289483544,0.005784383498426457,1.513577813462302,sequential,,0.9947420645677487,cached_deterministic_PDE_pool_evaluation_use
37,random,5,12,275.0,0.40625,0.3997703030699901,-0.45196267731876927,,1.2793078644970983,initial_shared,,0.840776955785694,cached_deterministic_PDE_pool_evaluation_use
37,random,10,79,1500.0,0.6812500000000001,0.9980573242795069,-0.6267220880103119,,1.4939939637036688,sequential,,0.9818713162204767,cached_deterministic_PDE_pool_evaluation_use
37,random,15,45,975.0,0.2,0.03723244160287646,-0.33965911446261005,,1.502684528009723,sequential,,0.9875828625996405,cached_deterministic_PDE_pool_evaluation_use
37,random,20,56,1150.0,0.3375,0.35513975650712754,-0.43112482661045803,,1.5075673362463269,sequential,,0.990791904581471,cached_deterministic_PDE_pool_evaluation_use
37,random,25,55,1150.0,0.26875000000000004,0.12842837865749324,-0.37063704653454466,,1.5105156581377321,sequential,,0.9927295782043143,cached_deterministic_PDE_pool_evaluation_use
37,maximin_spacefill,5,12,275.0,0.40625,0.3997703030699901,-0.45196267731876927,,1.2793078644970983,initial_shared,,0.840776955785694,cached_deterministic_PDE_pool_evaluation_use
37,maximin_spacefill,10,27,625.0,0.2,0.03695613330980346,-0.3395989455572341,,1.490589158038777,sequential,0.375,0.9796336358142088,cached_deterministic_PDE_pool_evaluation_use
37,maximin_spacefill,15,38,800.0,0.3375,0.3365202706394469,-0.42707024659618237,,1.501359253396157,sequential,0.27950849718747367,0.986711875727679,cached_deterministic_PDE_pool_evaluation_use
37,maximin_spacefill,20,77,1500.0,0.54375,0.9720294607946087,-0.5988160573010445,,1.5034097122884447,sequential,0.17677669529663695,0.9880594626793929,cached_deterministic_PDE_pool_evaluation_use
37,maximin_spacefill,25,16,275.0,0.6812500000000001,0.47140122151622804,-0.5120374332445352,,1.5104198127521427,sequential,0.1767766952966368,0.9926665874311327,cached_deterministic_PDE_pool_evaluation_use
38,gp_mc_ehvi,5,79,1500.0,0.6812500000000001,0.9980573242795069,-0.6267220880103119,,1.4601859975086795,initial_shared,,0.9596523025744513,cached_deterministic_PDE_pool_evaluation_use
38,gp_mc_ehvi,10,78,1500.0,0.6125,0.9925501724671817,-0.6144037493643931,0.050065405277073094,1.489928867704415,sequential,,0.9791996848375393,cached_deterministic_PDE_pool_evaluation_use
38,gp_mc_ehvi,15,44,800.0,0.75,0.7865016730640364,-0.5917728216724085,0.030677421218431436,1.4971511577538674,sequential,,0.9839462632101869,cached_deterministic_PDE_pool_evaluation_use
38,gp_mc_ehvi,20,67,1325.0,0.47500000000000003,0.8636442904111267,-0.5640949970671306,0.01646584947097863,1.5000861649686563,sequential,,0.9858751862628324,cached_deterministic_PDE_pool_evaluation_use
38,gp_mc_ehvi,25,70,1325.0,0.6812500000000001,0.953149731711751,-0.61694300879149,0.009640223043528613,1.50769930517677,sequential,,0.9908786361952409,cached_deterministic_PDE_pool_evaluation_use
38,random,5,79,1500.0,0.6812500000000001,0.9980573242795069,-0.6267220880103119,,1.4601859975086795,initial_shared,,0.9596523025744513,cached_deterministic_PDE_pool_evaluation_use
38,random,10,67,1325.0,0.47500000000000003,0.8636442904111267,-0.5640949970671306,,1.497953453949954,sequential,,0.9844735421960386,cached_deterministic_PDE_pool_evaluation_use
38,random,15,57,1150.0,0.40625,0.6507854695443193,-0.5066237503739265,,1.5055779073917477,sequential,,0.9894844273255856,cached_deterministic_PDE_pool_evaluation_use
38,random,20,5,100.0,0.54375,0.2158880928317841,-0.434158681674053,,1.50742268247359,sequential,,0.9906968363324123,cached_deterministic_PDE_pool_evaluation_use
38,random,25,26,450.0,0.75,0.6138683243328004,-0.5541801764976444,,1.5084221146474162,sequential,,0.9913536755217456,cached_deterministic_PDE_pool_evaluation_use
38,maximin_spacefill,5,79,1500.0,0.6812500000000001,0.9980573242795069,-0.6267220880103119,,1.4601859975086795,initial_shared,,0.9596523025744513,cached_deterministic_PDE_pool_evaluation_use
38,maximin_spacefill,10,0,100.0,0.2,0.03427726668192804,-0.3390155954494765,,1.4826279925526824,sequential,0.2795084971874737,0.9744014593634404,cached_deterministic_PDE_pool_evaluation_use
38,maximin_spacefill,15,6,100.0,0.6125,0.21622448351768453,-0.4453510351627734,,1.4966209672712032,sequential,0.25,0.983597815465612,cached_deterministic_PDE_pool_evaluation_use
38,maximin_spacefill,20,21,450.0,0.40625,0.48972658515847345,-0.4715515610347218,,1.506966021431885,sequential,0.17677669529663692,0.9903967130461215,cached_deterministic_PDE_pool_evaluation_use
38,maximin_spacefill,25,14,275.0,0.54375,0.466399228529786,-0.48870999696646156,,1.5104424783067794,sequential,0.1767766952966368,0.9926814835140518,cached_deterministic_PDE_pool_evaluation_use
39,gp_mc_ehvi,5,75,1500.0,0.40625,0.6971871951571881,-0.5167281920665586,,1.3442637474362138,initial_shared,,0.8834667656692518,cached_deterministic_PDE_pool_evaluation_use
39,gp_mc_ehvi,10,72,1500.0,0.2,0.0374537332146995,-0.3397073029332411,0.03973738354276455,1.4811648936316968,sequential,,0.973439892651519,cached_deterministic_PDE_pool_evaluation_use
39,gp_mc_ehvi,15,71,1325.0,0.75,0.9544730053206639,-0.6283502659464287,0.02850139025703679,1.4953180026939925,sequential,,0.9827414910255566,cached_deterministic_PDE_pool_evaluation_use
39,gp_mc_ehvi,20,68,1325.0,0.54375,0.9294273374774483,-0.5895390171617861,0.013129883016746599,1.5067393450417124,sequential,,0.9902477385181233,cached_deterministic_PDE_pool_evaluation_use
39,gp_mc_ehvi,25,70,1325.0,0.6812500000000001,0.953149731711751,-0.61694300879149,0.005599003052945731,1.5113804870728853,sequential,,0.9932979544799181,cached_deterministic_PDE_pool_evaluation_use
39,random,5,75,1500.0,0.40625,0.6971871951571881,-0.5167281920665586,,1.3442637474362138,initial_shared,,0.8834667656692518,cached_deterministic_PDE_pool_evaluation_use
39,random,10,10,275.0,0.26875000000000004,0.11586826195860243,-0.36790195500159484,,1.4931782832891694,sequential,,0.9813352409606984,cached_deterministic_PDE_pool_evaluation_use
39,random,15,29,625.0,0.3375,0.3229993795234898,-0.424125936786358,,1.4971469951367047,sequential,,0.9839435274866888,cached_deterministic_PDE_pool_evaluation_use
39,random,20,50,975.0,0.54375,0.8299976754672296,-0.567887209841431,,1.5002735764577002,sequential,,0.9859983554120345,cached_deterministic_PDE_pool_evaluation_use
39,random,25,20,450.0,0.3375,0.30346160029453306,-0.41987138917170524,,1.5036341807755524,sequential,,0.9882069861461814,cached_deterministic_PDE_pool_evaluation_use
39,maximin_spacefill,5,75,1500.0,0.40625,0.6971871951571881,-0.5167281920665586,,1.3442637474362138,initial_shared,,0.8834667656692518,cached_deterministic_PDE_pool_evaluation_use
39,maximin_spacefill,10,78,1500.0,0.6125,0.9925501724671817,-0.6144037493643931,,1.482363113585444,sequential,0.3535533905932738,0.9742273776291629,cached_deterministic_PDE_pool_evaluation_use
39,maximin_spacefill,15,22,450.0,0.47500000000000003,0.5769320269200509,-0.5016605226860992,,1.4928749953993525,sequential,0.25,0.981135916407318,cached_deterministic_PDE_pool_evaluation_use
39,maximin_spacefill,20,41,800.0,0.54375,0.7696304709799763,-0.5547416448902827,,1.5073441968094399,sequential,0.24999999999999994,0.9906452545829303,cached_deterministic_PDE_pool_evaluation_use
39,maximin_spacefill,25,46,975.0,0.26875000000000004,0.12736179059963174,-0.37040478627479195,,1.5113160543032236,sequential,0.17677669529663684,0.9932556084665523,cached_deterministic_PDE_pool_evaluation_use
40,gp_mc_ehvi,5,35,625.0,0.75,0.7109282577543763,-0.5753159516223142,,1.1785097523789698,initial_shared,,0.7745311894556791,cached_deterministic_PDE_pool_evaluation_use
40,gp_mc_ehvi,10,7,100.0,0.6812500000000001,0.21631069677838805,-0.4564889100050136,0.057059718695756295,1.4751105453126687,sequential,,0.9694609000335538,cached_deterministic_PDE_pool_evaluation_use
40,gp_mc_ehvi,15,40,800.0,0.47500000000000003,0.7245304100402967,-0.5338015527118044,0.022039222874785803,1.4962801090944413,sequential,,0.9833737992548423,cached_deterministic_PDE_pool_evaluation_use
40,gp_mc_ehvi,20,22,450.0,0.47500000000000003,0.5769320269200509,-0.5016605226860992,0.02116510830134693,1.5049779991798884,sequential,,0.9890901602268555,cached_deterministic_PDE_pool_evaluation_use
40,gp_mc_ehvi,25,48,975.0,0.40625,0.6223677649904613,-0.5004355098524456,0.004092570919761983,1.5117465797067728,sequential,,0.9935385550881044,cached_deterministic_PDE_pool_evaluation_use
40,random,5,35,625.0,0.75,0.7109282577543763,-0.5753159516223142,,1.1785097523789698,initial_shared,,0.7745311894556791,cached_deterministic_PDE_pool_evaluation_use
40,random,10,37,800.0,0.26875000000000004,0.1259962748964441,-0.37010743151869546,,1.2579487104327767,sequential,,0.8267394554851566,cached_deterministic_PDE_pool_evaluation_use
40,random,15,64,1325.0,0.26875000000000004,0.1292964397711762,-0.3708260755585726,,1.2949197062264615,sequential,,0.8510372513155601,cached_deterministic_PDE_pool_evaluation_use
40,random,20,9,275.0,0.2,0.03621105211716663,-0.33943669664603066,,1.5021423474328888,sequential,,0.987226534816839,cached_deterministic_PDE_pool_evaluation_use
40,random,25,41,800.0,0.54375,0.7696304709799763,-0.5547416448902827,,1.503931665567012,sequential,,0.988402496831527,cached_deterministic_PDE_pool_evaluation_use
40,maximin_spacefill,5,35,625.0,0.75,0.7109282577543763,-0.5753159516223142,,1.1785097523789698,initial_shared,,0.7745311894556791,cached_deterministic_PDE_pool_evaluation_use
40,maximin_spacefill,10,8,100.0,0.75,0.21633317585028777,-0.4676129060876591,,1.4830672200145965,sequential,0.375,0.9746901250854092,cached_deterministic_PDE_pool_evaluation_use
40,maximin_spacefill,15,20,450.0,0.3375,0.30346160029453306,-0.41987138917170524,,1.4885331293683073,sequential,0.27950849718747367,0.978282388335366,cached_deterministic_PDE_pool_evaluation_use
40,maximin_spacefill,20,9,275.0,0.2,0.03621105211716663,-0.33943669664603066,,1.4925488300415055,sequential,0.17677669529663692,0.9809215564989147,cached_deterministic_PDE_pool_evaluation_use
40,maximin_spacefill,25,41,800.0,0.54375,0.7696304709799763,-0.5547416448902827,,1.5011428443980102,sequential,0.1767766952966368,0.9865696490567455,cached_deterministic_PDE_pool_evaluation_use
41,gp_mc_ehvi,5,51,975.0,0.6125,0.8447873817300153,-0.5822269179292137,,1.3564349909173583,initial_shared,,0.8914658574642716,cached_deterministic_PDE_pool_evaluation_use
41,gp_mc_ehvi,10,26,450.0,0.75,0.6138683243328004,-0.5541801764976444,0.02982442791170225,1.4935441486692156,sequential,,0.9815756922148486,cached_deterministic_PDE_pool_evaluation_use
41,gp_mc_ehvi,15,53,975.0,0.75,0.8497837286944139,-0.6055531247292946,0.019781057187720462,1.4976829565224437,sequential,,0.9842957679401605,cached_deterministic_PDE_pool_evaluation_use
41,gp_mc_ehvi,20,72,1500.0,0.2,0.0374537332146995,-0.3397073029332411,0.01724038782427187,1.5023935473489056,sequential,,0.9873916265094201,cached_deterministic_PDE_pool_evaluation_use
41,gp_mc_ehvi,25,68,1325.0,0.54375,0.9294273374774483,-0.5895390171617861,0.007071771786257237,1.5078134325699293,sequential,,0.9909536421299773,cached_deterministic_PDE_pool_evaluation_use
41,random,5,51,975.0,0.6125,0.8447873817300153,-0.5822269179292137,,1.3564349909173583,initial_shared,,0.8914658574642716,cached_deterministic_PDE_pool_evaluation_use
41,random,10,38,800.0,0.3375,0.3365202706394469,-0.42707024659618237,,1.4923373830064728,sequential,,0.9807825908915276,cached_deterministic_PDE_pool_evaluation_use
41,random,15,37,800.0,0.26875000000000004,0.1259962748964441,-0.37010743151869546,,1.5027615271029329,sequential,,0.9876334673563092,cached_deterministic_PDE_pool_evaluation_use
41,random,20,69,1325.0,0.6125,0.9481348656526941,-0.6047318703116061,,1.5063361805929534,sequential,,0.9899827738545615,cached_deterministic_PDE_pool_evaluation_use
41,random,25,15,275.0,0.6125,0.47035838637607136,-0.5006912443821772,,1.5102887341757574,sequential,,0.9925804409690648,cached_deterministic_PDE_pool_evaluation_use
41,maximin_spacefill,5,51,975.0,0.6125,0.8447873817300153,-0.5822269179292137,,1.3564349909173583,initial_shared,,0.8914658574642716,cached_deterministic_PDE_pool_evaluation_use
41,maximin_spacefill,10,35,625.0,0.75,0.7109282577543763,-0.5753159516223142,,1.3630191401594656,sequential,0.3535533905932738,0.8957930418034329,cached_deterministic_PDE_pool_evaluation_use
41,maximin_spacefill,15,80,1500.0,0.75,0.999510934127806,-0.6381577271901411,,1.504943859512115,sequential,0.27950849718747367,0.9890677232148284,cached_deterministic_PDE_pool_evaluation_use
41,maximin_spacefill,20,72,1500.0,0.2,0.0374537332146995,-0.3397073029332411,,1.5080433332093377,sequential,0.25,0.9911047356744627,cached_deterministic_PDE_pool_evaluation_use
41,maximin_spacefill,25,16,275.0,0.6812500000000001,0.47140122151622804,-0.5120374332445352,,1.5108314236234568,sequential,0.1767766952966368,0.9929371031880946,cached_deterministic_PDE_pool_evaluation_use
42,gp_mc_ehvi,5,80,1500.0,0.75,0.999510934127806,-0.6381577271901411,,1.4438435498220796,initial_shared,,0.9489118437706373,cached_deterministic_PDE_pool_evaluation_use
42,gp_mc_ehvi,10,72,1500.0,0.2,0.0374537332146995,-0.3397073029332411,0.03898324034999046,1.4771625175754695,sequential,,0.9708094815910919,cached_deterministic_PDE_pool_evaluation_use
42,gp_mc_ehvi,15,31,625.0,0.47500000000000003,0.6604891699623985,-0.5198559296181455,0.03732859134923447,1.4827129332925375,sequential,,0.9744572834685361,cached_deterministic_PDE_pool_evaluation_use
42,gp_mc_ehvi,20,3,100.0,0.40625,0.2078253883860697,-0.41016474474175213,0.015444836332104013,1.5007871970551137,sequential,,0.9863359132230246,cached_deterministic_PDE_pool_evaluation_use
42,gp_mc_ehvi,25,18,450.0,0.2,0.03670613135478519,-0.33954450512127,0.006220661569779726,1.5080236904901265,sequential,,0.9910918262363829,cached_deterministic_PDE_pool_evaluation_use
42,random,5,80,1500.0,0.75,0.999510934127806,-0.6381577271901411,,1.4438435498220796,initial_shared,,0.9489118437706373,cached_deterministic_PDE_pool_evaluation_use
42,random,10,61,1150.0,0.6812500000000001,0.903831434358727,-0.6062034543158391,,1.4590411557155125,sequential,,0.9588998983843203,cached_deterministic_PDE_pool_evaluation_use
42,random,15,68,1325.0,0.54375,0.9294273374774483,-0.5895390171617861,,1.486981120719735,sequential,,0.9772623890505084,cached_deterministic_PDE_pool_evaluation_use
42,random,20,74,1500.0,0.3375,0.3680209881431934,-0.4339298441453882,,1.5011192431420175,sequential,,0.9865541380193189,cached_deterministic_PDE_pool_evaluation_use
42,random,25,41,800.0,0.54375,0.7696304709799763,-0.5547416448902827,,1.5086067873502673,sequential,,0.9914750447067783,cached_deterministic_PDE_pool_evaluation_use
42,maximin_spacefill,5,80,1500.0,0.75,0.999510934127806,-0.6381577271901411,,1.4438435498220796,initial_shared,,0.9489118437706373,cached_deterministic_PDE_pool_evaluation_use
42,maximin_spacefill,10,75,1500.0,0.40625,0.6971871951571881,-0.5167281920665586,,1.4936968375796766,sequential,0.37499999999999994,0.9816760412558281,cached_deterministic_PDE_pool_evaluation_use
42,maximin_spacefill,15,36,800.0,0.2,0.037116628257851454,-0.3396338949438938,,1.4987695617609045,sequential,0.25,0.9850098983460522,cached_deterministic_PDE_pool_evaluation_use
42,maximin_spacefill,20,14,275.0,0.54375,0.466399228529786,-0.48870999696646156,,1.5057149449088987,sequential,0.17677669529663695,0.989574490077247,cached_deterministic_PDE_pool_evaluation_use
42,maximin_spacefill,25,57,1150.0,0.40625,0.6507854695443193,-0.5066237503739265,,1.511957574883228,sequential,0.17677669529663684,0.9936772237284438,cached_deterministic_PDE_pool_evaluation_use
43,gp_mc_ehvi,5,38,800.0,0.3375,0.3365202706394469,-0.42707024659618237,,1.2601759824007044,initial_shared,,0.8282032461776629,cached_deterministic_PDE_pool_evaluation_use
43,gp_mc_ehvi,10,76,1500.0,0.47500000000000003,0.9001672541188478,-0.5720482391578785,0.040493992669515325,1.4958598451687029,sequential,,0.9830975966034595,cached_deterministic_PDE_pool_evaluation_use
43,gp_mc_ehvi,15,53,975.0,0.75,0.8497837286944139,-0.6055531247292946,0.027799756012852176,1.4995362906501295,sequential,,0.9855138020578058,cached_deterministic_PDE_pool_evaluation_use
43,gp_mc_ehvi,20,74,1500.0,0.3375,0.3680209881431934,-0.4339298441453882,0.013243742044083948,1.5038333748422557,sequential,,0.9883378989511918,cached_deterministic_PDE_pool_evaluation_use
43,gp_mc_ehvi,25,24,450.0,0.6125,0.6113868012591124,-0.5314015978522341,0.012499295834230591,1.5075752554190123,sequential,,0.9907971091597336,cached_deterministic_PDE_pool_evaluation_use
43,random,5,38,800.0,0.3375,0.3365202706394469,-0.42707024659618237,,1.2601759824007044,initial_shared,,0.8282032461776629,cached_deterministic_PDE_pool_evaluation_use
43,random,10,61,1150.0,0.6812500000000001,0.903831434358727,-0.6062034543158391,,1.493431683023444,sequential,,0.9815017784010541,cached_deterministic_PDE_pool_evaluation_use
43,random,15,53,975.0,0.75,0.8497837286944139,-0.6055531247292946,,1.4988238798429236,sequential,,0.9850455968615633,cached_deterministic_PDE_pool_evaluation_use
43,random,20,72,1500.0,0.2,0.0374537332146995,-0.3397073029332411,,1.5016934159187194,sequential,,0.986931491471672,cached_deterministic_PDE_pool_evaluation_use
43,random,25,73,1500.0,0.26875000000000004,0.1300236230354098,-0.3709844270163436,,1.5017977109736071,sequential,,0.9870000354720535,cached_deterministic_PDE_pool_evaluation_use
43,maximin_spacefill,5,38,800.0,0.3375,0.3365202706394469,-0.42707024659618237,,1.2601759824007044,initial_shared,,0.8282032461776629,cached_deterministic_PDE_pool_evaluation_use
43,maximin_spacefill,10,9,275.0,0.2,0.03621105211716663,-0.33943669664603066,,1.4950384155691472,sequential,0.3952847075210474,0.9825577429081348,cached_deterministic_PDE_pool_evaluation_use
43,maximin_spacefill,15,26,450.0,0.75,0.6138683243328004,-0.5541801764976444,,1.5018602258769995,sequential,0.25,0.9870411210399798,cached_deterministic_PDE_pool_evaluation_use
43,maximin_spacefill,20,5,100.0,0.54375,0.2158880928317841,-0.434158681674053,,1.5038437819051766,sequential,0.17677669529663695,0.9883447386016968,cached_deterministic_PDE_pool_evaluation_use
43,maximin_spacefill,25,13,275.0,0.47500000000000003,0.4515643657578829,-0.47436045559538237,,1.508982442351903,sequential,0.1767766952966368,0.9917219298213515,cached_deterministic_PDE_pool_evaluation_use
44,gp_mc_ehvi,5,64,1325.0,0.26875000000000004,0.1292964397711762,-0.3708260755585726,,1.2614306457489324,initial_shared,,0.8290278264524615,cached_deterministic_PDE_pool_evaluation_use
44,gp_mc_ehvi,10,78,1500.0,0.6125,0.9925501724671817,-0.6144037493643931,0.058674104953992015,1.4780630867385804,sequential,,0.9714013467866777,cached_deterministic_PDE_pool_evaluation_use
44,gp_mc_ehvi,15,4,100.0,0.47500000000000003,0.21449579213423095,-0.4227363931774314,0.020398202401787822,1.4919045409533684,sequential,,0.980498121739227,cached_deterministic_PDE_pool_evaluation_use
44,gp_mc_ehvi,20,38,800.0,0.3375,0.3365202706394469,-0.42707024659618237,0.011406879656051926,1.504794453765728,sequential,,0.9889695319098969,cached_deterministic_PDE_pool_evaluation_use
44,gp_mc_ehvi,25,74,1500.0,0.3375,0.3680209881431934,-0.4339298441453882,0.0072112023622153045,1.5083753795990749,sequential,,0.9913229606697828,cached_deterministic_PDE_pool_evaluation_use
44,random,5,64,1325.0,0.26875000000000004,0.1292964397711762,-0.3708260755585726,,1.2614306457489324,initial_shared,,0.8290278264524615,cached_deterministic_PDE_pool_evaluation_use
44,random,10,14,275.0,0.54375,0.466399228529786,-0.48870999696646156,,1.4864179094966974,sequential,,0.9768922396668368,cached_deterministic_PDE_pool_evaluation_use
44,random,15,60,1150.0,0.6125,0.8993321278304409,-0.5941045841007433,,1.4938026232799413,sequential,,0.981745564926793,cached_deterministic_PDE_pool_evaluation_use
44,random,20,33,625.0,0.6125,0.7074950704903042,-0.552330138543364,,1.5073648264393027,sequential,,0.9906588126309002,cached_deterministic_PDE_pool_evaluation_use
44,random,25,45,975.0,0.2,0.03723244160287646,-0.33965911446261005,,1.5103356504110403,sequential,,0.9926112748993273,cached_deterministic_PDE_pool_evaluation_use
44,maximin_spacefill,5,64,1325.0,0.26875000000000004,0.1292964397711762,-0.3708260755585726,,1.2614306457489324,initial_shared,,0.8290278264524615,cached_deterministic_PDE_pool_evaluation_use
44,maximin_spacefill,10,36,800.0,0.2,0.037116628257851454,-0.3396338949438938,,1.4893068866049917,sequential,0.3535533905932738,0.9787909111640225,cached_deterministic_PDE_pool_evaluation_use
44,maximin_spacefill,15,75,1500.0,0.40625,0.6971871951571881,-0.5167281920665586,,1.501953356538578,sequential,0.24999999999999994,0.9871023276629557,cached_deterministic_PDE_pool_evaluation_use
44,maximin_spacefill,20,69,1325.0,0.6125,0.9481348656526941,-0.6047318703116061,,1.504922911124196,sequential,0.17677669529663695,0.9890539556751204,cached_deterministic_PDE_pool_evaluation_use
44,maximin_spacefill,25,28,625.0,0.26875000000000004,0.12413311374568228,-0.3697017094692423,,1.505384851603765,sequential,0.17677669529663684,0.9893575486732912,cached_deterministic_PDE_pool_evaluation_use
45,gp_mc_ehvi,5,42,800.0,0.6125,0.782247362397243,-0.5686082007272493,,1.3964679962403739,initial_shared,,0.9177760438396747,cached_deterministic_PDE_pool_evaluation_use
45,gp_mc_ehvi,10,72,1500.0,0.2,0.0374537332146995,-0.3397073029332411,0.05772196981873912,1.47182804534848,sequential,,0.9673036004469198,cached_deterministic_PDE_pool_evaluation_use
45,gp_mc_ehvi,15,68,1325.0,0.54375,0.9294273374774483,-0.5895390171617861,0.030601274966056514,1.4785862883366518,sequential,,0.9717452013498337,cached_deterministic_PDE_pool_evaluation_use
45,gp_mc_ehvi,20,55,1150.0,0.26875000000000004,0.12842837865749324,-0.37063704653454466,0.013441028927249543,1.5011730827449326,sequential,,0.9865895220724432,cached_deterministic_PDE_pool_evaluation_use
45,gp_mc_ehvi,25,69,1325.0,0.6125,0.9481348656526941,-0.6047318703116061,0.005714193336436749,1.5100803197121497,sequential,,0.9924434684051366,cached_deterministic_PDE_pool_evaluation_use
45,random,5,42,800.0,0.6125,0.782247362397243,-0.5686082007272493,,1.3964679962403739,initial_shared,,0.9177760438396747,cached_deterministic_PDE_pool_evaluation_use
45,random,10,65,1325.0,0.3375,0.3620795889444739,-0.4326360448096191,,1.4339689151461499,sequential,,0.9424221116954047,cached_deterministic_PDE_pool_evaluation_use
45,random,15,39,800.0,0.40625,0.588602391013504,-0.4930827606157744,,1.4384597034081306,sequential,,0.9453735132999517,cached_deterministic_PDE_pool_evaluation_use
45,random,20,70,1325.0,0.6812500000000001,0.953149731711751,-0.61694300879149,,1.4434380033116658,sequential,,0.9486453135866856,cached_deterministic_PDE_pool_evaluation_use
45,random,25,40,800.0,0.47500000000000003,0.7245304100402967,-0.5338015527118044,,1.472601844298672,sequential,,0.9678121506902096,cached_deterministic_PDE_pool_evaluation_use
45,maximin_spacefill,5,42,800.0,0.6125,0.782247362397243,-0.5686082007272493,,1.3964679962403739,initial_shared,,0.9177760438396747,cached_deterministic_PDE_pool_evaluation_use
45,maximin_spacefill,10,8,100.0,0.75,0.21633317585028777,-0.4676129060876591,,1.4156911797980731,sequential,0.3750000000000001,0.9304097578976318,cached_deterministic_PDE_pool_evaluation_use
45,maximin_spacefill,15,23,450.0,0.54375,0.6039809503557106,-0.518669798413548,,1.4604333501629265,sequential,0.25,0.9598148657990001,cached_deterministic_PDE_pool_evaluation_use
45,maximin_spacefill,20,15,275.0,0.6125,0.47035838637607136,-0.5006912443821772,,1.4659048627245772,sequential,0.17677669529663695,0.9634108115465363,cached_deterministic_PDE_pool_evaluation_use
45,maximin_spacefill,25,38,800.0,0.3375,0.3365202706394469,-0.42707024659618237,,1.4716842215923742,sequential,0.17677669529663684,0.9672090776950599,cached_deterministic_PDE_pool_evaluation_use
46,gp_mc_ehvi,5,70,1325.0,0.6812500000000001,0.953149731711751,-0.61694300879149,,1.4027483119861106,initial_shared,,0.9219035450460784,cached_deterministic_PDE_pool_evaluation_use
46,gp_mc_ehvi,10,78,1500.0,0.6125,0.9925501724671817,-0.6144037493643931,0.06241384977589223,1.4710319611244949,sequential,,0.966780404045986,cached_deterministic_PDE_pool_evaluation_use
46,gp_mc_ehvi,15,54,1150.0,0.2,0.037321821815833676,-0.33967857790169975,0.018987652334078654,1.4854146714848984,sequential,,0.976232899233703,cached_deterministic_PDE_pool_evaluation_use
46,gp_mc_ehvi,20,61,1150.0,0.6812500000000001,0.903831434358727,-0.6062034543158391,0.01599351105987478,1.4978507507928491,sequential,,0.9844060444105746,cached_deterministic_PDE_pool_evaluation_use
46,gp_mc_ehvi,25,68,1325.0,0.54375,0.9294273374774483,-0.5895390171617861,0.007220254658179834,1.504514475447929,sequential,,0.988785526695626,cached_deterministic_PDE_pool_evaluation_use
46,random,5,70,1325.0,0.6812500000000001,0.953149731711751,-0.61694300879149,,1.4027483119861106,initial_shared,,0.9219035450460784,cached_deterministic_PDE_pool_evaluation_use
46,random,10,50,975.0,0.54375,0.8299976754672296,-0.567887209841431,,1.4336713881351328,sequential,,0.9422265732628435,cached_deterministic_PDE_pool_evaluation_use
46,random,15,34,625.0,0.6812500000000001,0.7102125136634564,-0.5640409901203933,,1.4414867667636706,sequential,,0.9473629367871916,cached_deterministic_PDE_pool_evaluation_use
46,random,20,35,625.0,0.75,0.7109282577543763,-0.5753159516223142,,1.4441533477726234,sequential,,0.949115446816468,cached_deterministic_PDE_pool_evaluation_use
46,random,25,47,975.0,0.3375,0.3468300456548208,-0.4293153036308264,,1.4462797499839681,sequential,,0.9505129446570157,cached_deterministic_PDE_pool_evaluation_use
46,maximin_spacefill,5,70,1325.0,0.6812500000000001,0.953149731711751,-0.61694300879149,,1.4027483119861106,initial_shared,,0.9219035450460784,cached_deterministic_PDE_pool_evaluation_use
46,maximin_spacefill,10,41,800.0,0.54375,0.7696304709799763,-0.5547416448902827,,1.427020281438656,sequential,0.3749999999999999,0.9378553836562917,cached_deterministic_PDE_pool_evaluation_use
46,maximin_spacefill,15,58,1150.0,0.47500000000000003,0.8231581215721223,-0.5552787272627541,,1.4335116155137078,sequential,0.25,0.9421215687193809,cached_deterministic_PDE_pool_evaluation_use
46,maximin_spacefill,20,10,275.0,0.26875000000000004,0.11586826195860243,-0.36790195500159484,,1.493555970672028,sequential,0.17677669529663692,0.9815834617813555,cached_deterministic_PDE_pool_evaluation_use
46,maximin_spacefill,25,55,1150.0,0.26875000000000004,0.12842837865749324,-0.37063704653454466,,1.5035031221086417,sequential,0.17677669529663684,0.9881208527688665,cached_deterministic_PDE_pool_evaluation_use
47,gp_mc_ehvi,5,42,800.0,0.6125,0.782247362397243,-0.5686082007272493,,1.3357660922392676,initial_shared,,0.8778820015432113,cached_deterministic_PDE_pool_evaluation_use
47,gp_mc_ehvi,10,72,1500.0,0.2,0.0374537332146995,-0.3397073029332411,0.04535259616226818,1.4777724057209751,sequential,,0.9712103076256834,cached_deterministic_PDE_pool_evaluation_use
47,gp_mc_ehvi,15,68,1325.0,0.54375,0.9294273374774483,-0.5895390171617861,0.02985269259212232,1.4808158645323901,sequential,,0.9732105064093645,cached_deterministic_PDE_pool_evaluation_use
47,gp_mc_ehvi,20,71,1325.0,0.75,0.9544730053206639,-0.6283502659464287,0.016685726272749755,1.5032602949804414,sequential,,0.9879612637760242,cached_deterministic_PDE_pool_evaluation_use
47,gp_mc_ehvi,25,18,450.0,0.2,0.03670613135478519,-0.33954450512127,0.005512846102253252,1.5100481962134227,sequential,,0.9924223564443503,cached_deterministic_PDE_pool_evaluation_use
47,random,5,42,800.0,0.6125,0.782247362397243,-0.5686082007272493,,1.3357660922392676,initial_shared,,0.8778820015432113,cached_deterministic_PDE_pool_evaluation_use
47,random,10,15,275.0,0.6125,0.47035838637607136,-0.5006912443821772,,1.4720384735915282,sequential,,0.9674418964916103,cached_deterministic_PDE_pool_evaluation_use
47,random,15,37,800.0,0.26875000000000004,0.1259962748964441,-0.37010743151869546,,1.4812804865351796,sequential,,0.9735158617377708,cached_deterministic_PDE_pool_evaluation_use
47,random,20,64,1325.0,0.26875000000000004,0.1292964397711762,-0.3708260755585726,,1.487938539631595,sequential,,0.9778916166043011,cached_deterministic_PDE_pool_evaluation_use
47,random,25,8,100.0,0.75,0.21633317585028777,-0.4676129060876591,,1.4981710678629752,sequential,,0.9846165607519344,cached_deterministic_PDE_pool_evaluation_use
47,maximin_spacefill,5,42,800.0,0.6125,0.782247362397243,-0.5686082007272493,,1.3357660922392676,initial_shared,,0.8778820015432113,cached_deterministic_PDE_pool_evaluation_use
47,maximin_spacefill,10,80,1500.0,0.75,0.999510934127806,-0.6381577271901411,,1.4861809447296241,sequential,0.3535533905932738,0.9767365034902545,cached_deterministic_PDE_pool_evaluation_use
47,maximin_spacefill,15,18,450.0,0.2,0.03670613135478519,-0.33954450512127,,1.4992586711453533,sequential,0.25,0.9853313470846362,cached_deterministic_PDE_pool_evaluation_use
47,maximin_spacefill,20,23,450.0,0.54375,0.6039809503557106,-0.518669798413548,,1.508139658398092,sequential,0.24999999999999994,0.9911680417802202,cached_deterministic_PDE_pool_evaluation_use
47,maximin_spacefill,25,64,1325.0,0.26875000000000004,0.1292964397711762,-0.3708260755585726,,1.5103171174340433,sequential,0.17677669529663684,0.9925990947975601,cached_deterministic_PDE_pool_evaluation_use
48,gp_mc_ehvi,5,39,800.0,0.40625,0.588602391013504,-0.4930827606157744,,0.9190892178933447,initial_shared,,0.6040368047136112,cached_deterministic_PDE_pool_evaluation_use
48,gp_mc_ehvi,10,79,1500.0,0.6812500000000001,0.9980573242795069,-0.6267220880103119,0.05935534062821388,1.5011883072506553,sequential,,0.9865995278059575,cached_deterministic_PDE_pool_evaluation_use
48,gp_mc_ehvi,15,53,975.0,0.75,0.8497837286944139,-0.6055531247292946,0.03043665356423045,1.5054493696720597,sequential,,0.989399950745974,cached_deterministic_PDE_pool_evaluation_use
48,gp_mc_ehvi,20,72,1500.0,0.2,0.0374537332146995,-0.3397073029332411,0.010278768631210477,1.5087696108810698,sequential,,0.9915820543456287,cached_deterministic_PDE_pool_evaluation_use
48,gp_mc_ehvi,25,65,1325.0,0.3375,0.3620795889444739,-0.4326360448096191,0.007223074124640072,1.511745683681512,sequential,,0.9935379662092175,cached_deterministic_PDE_pool_evaluation_use
48,random,5,39,800.0,0.40625,0.588602391013504,-0.4930827606157744,,0.9190892178933447,initial_shared,,0.6040368047136112,cached_deterministic_PDE_pool_evaluation_use
48,random,10,45,975.0,0.2,0.03723244160287646,-0.33965911446261005,,1.4311915971950588,sequential,,0.9405968239777487,cached_deterministic_PDE_pool_evaluation_use
48,random,15,66,1325.0,0.40625,0.6754128141555608,-0.5119866019571674,,1.439605287337466,sequential,,0.9461264052311541,cached_deterministic_PDE_pool_evaluation_use
48,random,20,5,100.0,0.54375,0.2158880928317841,-0.434158681674053,,1.4403875153636634,sequential,,0.9466404951674768,cached_deterministic_PDE_pool_evaluation_use
48,random,25,78,1500.0,0.6125,0.9925501724671817,-0.6144037493643931,,1.498159774606198,sequential,,0.9846091386838635,cached_deterministic_PDE_pool_evaluation_use
48,maximin_spacefill,5,39,800.0,0.40625,0.588602391013504,-0.4930827606157744,,0.9190892178933447,initial_shared,,0.6040368047136112,cached_deterministic_PDE_pool_evaluation_use
48,maximin_spacefill,10,4,100.0,0.47500000000000003,0.21449579213423095,-0.4227363931774314,,1.499928097443115,sequential,0.3952847075210474,0.9857713023294796,cached_deterministic_PDE_pool_evaluation_use
48,maximin_spacefill,15,6,100.0,0.6125,0.21622448351768453,-0.4453510351627734,,1.5015897178647115,sequential,0.25,0.9868633398276548,cached_deterministic_PDE_pool_evaluation_use
48,maximin_spacefill,20,41,800.0,0.54375,0.7696304709799763,-0.5547416448902827,,1.5074218645160047,sequential,0.24999999999999994,0.9906962987605679,cached_deterministic_PDE_pool_evaluation_use
48,maximin_spacefill,25,2,100.0,0.3375,0.17511240412786785,-0.39192206289483544,,1.5137019089748929,sequential,0.17677669529663684,0.9948236216738984,cached_deterministic_PDE_pool_evaluation_use
49,gp_mc_ehvi,5,28,625.0,0.26875000000000004,0.12413311374568228,-0.3697017094692423,,1.4808885183606812,initial_shared,,0.9732582554041702,cached_deterministic_PDE_pool_evaluation_use
49,gp_mc_ehvi,10,72,1500.0,0.2,0.0374537332146995,-0.3397073029332411,0.042909214953740185,1.488114109181822,sequential,,0.9780070030848076,cached_deterministic_PDE_pool_evaluation_use
49,gp_mc_ehvi,15,0,100.0,0.2,0.03427726668192804,-0.3390155954494765,0.024270361159932256,1.4894977472463509,sequential,,0.9789163471387982,cached_deterministic_PDE_pool_evaluation_use
49,gp_mc_ehvi,20,45,975.0,0.2,0.03723244160287646,-0.33965911446261005,0.011072109698503634,1.5034480821076928,sequential,,0.9880846797993035,cached_deterministic_PDE_pool_evaluation_use
49,gp_mc_ehvi,25,42,800.0,0.6125,0.782247362397243,-0.5686082007272493,0.007356455487001706,1.5113917633483034,sequential,,0.9933053653876298,cached_deterministic_PDE_pool_evaluation_use
49,random,5,28,625.0,0.26875000000000004,0.12413311374568228,-0.3697017094692423,,1.4808885183606812,initial_shared,,0.9732582554041702,cached_deterministic_PDE_pool_evaluation_use
49,random,10,62,1150.0,0.75,0.9050182677726508,-0.6175810002482622,,1.4824436278894388,sequential,,0.9742802926258487,cached_deterministic_PDE_pool_evaluation_use
49,random,15,13,275.0,0.47500000000000003,0.4515643657578829,-0.47436045559538237,,1.5043297519429115,sequential,,0.9886641241227813,cached_deterministic_PDE_pool_evaluation_use
49,random,20,51,975.0,0.6125,0.8447873817300153,-0.5822269179292137,,1.5065326676687578,sequential,,0.9901119075916631,cached_deterministic_PDE_pool_evaluation_use
49,random,25,20,450.0,0.3375,0.30346160029453306,-0.41987138917170524,,1.5087626074644251,sequential,,0.9915774516135656,cached_deterministic_PDE_pool_evaluation_use
49,maximin_spacefill,5,28,625.0,0.26875000000000004,0.12413311374568228,-0.3697017094692423,,1.4808885183606812,initial_shared,,0.9732582554041702,cached_deterministic_PDE_pool_evaluation_use
49,maximin_spacefill,10,0,100.0,0.2,0.03427726668192804,-0.3390155954494765,,1.4908344576643404,sequential,0.37499999999999994,0.9797948497629073,cached_deterministic_PDE_pool_evaluation_use
49,maximin_spacefill,15,45,975.0,0.2,0.03723244160287646,-0.33965911446261005,,1.5020432438827025,sequential,0.25,0.9871614027375752,cached_deterministic_PDE_pool_evaluation_use
49,maximin_spacefill,20,24,450.0,0.6125,0.6113868012591124,-0.5314015978522341,,1.5072786347973397,sequential,0.17677669529663695,0.9906021664174632,cached_deterministic_PDE_pool_evaluation_use
49,maximin_spacefill,25,55,1150.0,0.26875000000000004,0.12842837865749324,-0.37063704653454466,,1.511378627912692,sequential,0.17677669529663684,0.993296732616838,cached_deterministic_PDE_pool_evaluation_use
50,gp_mc_ehvi,5,56,1150.0,0.3375,0.35513975650712754,-0.43112482661045803,,1.4851191898314067,initial_shared,,0.9760387050354121,cached_deterministic_PDE_pool_evaluation_use
50,gp_mc_ehvi,10,71,1325.0,0.75,0.9544730053206639,-0.6283502659464287,0.0327817550866377,1.4904468432505698,sequential,,0.9795401047747204,cached_deterministic_PDE_pool_evaluation_use
50,gp_mc_ehvi,15,68,1325.0,0.54375,0.9294273374774483,-0.5895390171617861,0.031035946351191068,1.4942408333199957,sequential,,0.9820335619865285,cached_deterministic_PDE_pool_evaluation_use
50,gp_mc_ehvi,20,70,1325.0,0.6812500000000001,0.953149731711751,-0.61694300879149,0.0159847387853762,1.50464207903067,sequential,,0.9888693893488792,cached_deterministic_PDE_pool_evaluation_use
50,gp_mc_ehvi,25,76,1500.0,0.47500000000000003,0.9001672541188478,-0.5720482391578785,0.00710192204920659,1.510299833012128,sequential,,0.9925877352616393,cached_deterministic_PDE_pool_evaluation_use
50,random,5,56,1150.0,0.3375,0.35513975650712754,-0.43112482661045803,,1.4851191898314067,initial_shared,,0.9760387050354121,cached_deterministic_PDE_pool_evaluation_use
50,random,10,4,100.0,0.47500000000000003,0.21449579213423095,-0.4227363931774314,,1.498137921402029,sequential,,0.9845947764877219,cached_deterministic_PDE_pool_evaluation_use
50,random,15,50,975.0,0.54375,0.8299976754672296,-0.567887209841431,,1.5044771147980187,sequential,,0.9887609728142895,cached_deterministic_PDE_pool_evaluation_use
50,random,20,29,625.0,0.3375,0.3229993795234898,-0.424125936786358,,1.5111271235872652,sequential,,0.9931314408626265,cached_deterministic_PDE_pool_evaluation_use
50,random,25,78,1500.0,0.6125,0.9925501724671817,-0.6144037493643931,,1.5113803724093524,sequential,,0.9932978791216257,cached_deterministic_PDE_pool_evaluation_use
50,maximin_spacefill,5,56,1150.0,0.3375,0.35513975650712754,-0.43112482661045803,,1.4851191898314067,initial_shared,,0.9760387050354121,cached_deterministic_PDE_pool_evaluation_use
50,maximin_spacefill,10,34,625.0,0.6812500000000001,0.7102125136634564,-0.5640409901203933,,1.4971321173344367,sequential,0.375,0.9839337496109744,cached_deterministic_PDE_pool_evaluation_use
50,maximin_spacefill,15,49,975.0,0.47500000000000003,0.7774714403381844,-0.5453299936636866,,1.5030250754706918,sequential,0.2795084971874737,0.9878066746041468,cached_deterministic_PDE_pool_evaluation_use
50,maximin_spacefill,20,18,450.0,0.2,0.03670613135478519,-0.33954450512127,,1.506004511886231,sequential,0.17677669529663692,0.9897647970771912,cached_deterministic_PDE_pool_evaluation_use
50,maximin_spacefill,25,74,1500.0,0.3375,0.3680209881431934,-0.4339298441453882,,1.51134463265755,sequential,0.17677669529663684,0.9932743905145789,cached_deterministic_PDE_pool_evaluation_use
51,gp_mc_ehvi,5,73,1500.0,0.26875000000000004,0.1300236230354098,-0.3709844270163436,,1.4687397270818094,initial_shared,,0.9652739194742562,cached_deterministic_PDE_pool_evaluation_use
51,gp_mc_ehvi,10,8,100.0,0.75,0.21633317585028777,-0.4676129060876591,0.07366673687445899,1.4803921260821267,sequential,,0.972932020257478,cached_deterministic_PDE_pool_evaluation_use
51,gp_mc_ehvi,15,71,1325.0,0.75,0.9544730053206639,-0.6283502659464287,0.02644127480165792,1.49323700356266,sequential,,0.9813738326509073,cached_deterministic_PDE_pool_evaluation_use
51,gp_mc_ehvi,20,42,800.0,0.6125,0.782247362397243,-0.5686082007272493,0.013307340113585978,1.5034803862573773,sequential,,0.988105910486134,cached_deterministic_PDE_pool_evaluation_use
51,gp_mc_ehvi,25,65,1325.0,0.3375,0.3620795889444739,-0.4326360448096191,0.005744733327791287,1.5069285061029252,sequential,,0.9903720575078,cached_deterministic_PDE_pool_evaluation_use
51,random,5,73,1500.0,0.26875000000000004,0.1300236230354098,-0.3709844270163436,,1.4687397270818094,initial_shared,,0.9652739194742562,cached_deterministic_PDE_pool_evaluation_use
51,random,10,64,1325.0,0.26875000000000004,0.1292964397711762,-0.3708260755585726,,1.4781062992948586,sequential,,0.9714297466132773,cached_deterministic_PDE_pool_evaluation_use
51,random,15,13,275.0,0.47500000000000003,0.4515643657578829,-0.47436045559538237,,1.4899721500848486,sequential,,0.9792281305534377,cached_deterministic_PDE_pool_evaluation_use
51,random,20,63,1325.0,0.2,0.03739386471598825,-0.33969426596645264,,1.4975094653657692,sequential,,0.98418174740561,cached_deterministic_PDE_pool_evaluation_use
51,random,25,53,975.0,0.75,0.8497837286944139,-0.6055531247292946,,1.5028751177160002,sequential,,0.9877081205125283,cached_deterministic_PDE_pool_evaluation_use
51,maximin_spacefill,5,73,1500.0,0.26875000000000004,0.1300236230354098,-0.3709844270163436,,1.4687397270818094,initial_shared,,0.9652739194742562,cached_deterministic_PDE_pool_evaluation_use
51,maximin_spacefill,10,8,100.0,0.75,0.21633317585028777,-0.4676129060876591,,1.4796336965108448,sequential,0.3535533905932738,0.9724335709601535,cached_deterministic_PDE_pool_evaluation_use
51,maximin_spacefill,15,26,450.0,0.75,0.6138683243328004,-0.5541801764976444,,1.4904621497636923,sequential,0.25,0.9795501644045125,cached_deterministic_PDE_pool_evaluation_use
51,maximin_spacefill,20,9,275.0,0.2,0.03621105211716663,-0.33943669664603066,,1.4932649743421136,sequential,0.17677669529663692,0.9813922153932108,cached_deterministic_PDE_pool_evaluation_use
51,maximin_spacefill,25,65,1325.0,0.3375,0.3620795889444739,-0.4326360448096191,,1.4995632100165754,sequential,0.17677669529663684,0.9855314937984729,cached_deterministic_PDE_pool_evaluation_use
52,gp_mc_ehvi,5,20,450.0,0.3375,0.30346160029453306,-0.41987138917170524,,0.9694260207218888,initial_shared,,0.6371187742853412,cached_deterministic_PDE_pool_evaluation_use
52,gp_mc_ehvi,10,78,1500.0,0.6125,0.9925501724671817,-0.6144037493643931,0.050601279424721646,1.4967480773831736,sequential,,0.9836813538037696,cached_deterministic_PDE_pool_evaluation_use
52,gp_mc_ehvi,15,0,100.0,0.2,0.03427726668192804,-0.3390155954494765,0.02269264021087769,1.5063125727374282,sequential,,0.9899672584798406,cached_deterministic_PDE_pool_evaluation_use
52,gp_mc_ehvi,20,69,1325.0,0.6125,0.9481348656526941,-0.6047318703116061,0.014609390963239944,1.507707716432509,sequential,,0.9908841641765742,cached_deterministic_PDE_pool_evaluation_use
52,gp_mc_ehvi,25,56,1150.0,0.3375,0.35513975650712754,-0.43112482661045803,0.0072547729693010765,1.5091721706641648,sequential,,0.9918466216154356,cached_deterministic_PDE_pool_evaluation_use
52,random,5,20,450.0,0.3375,0.30346160029453306,-0.41987138917170524,,0.9694260207218888,initial_shared,,0.6371187742853412,cached_deterministic_PDE_pool_evaluation_use
52,random,10,30,625.0,0.40625,0.5465630972507175,-0.4839282822635953,,1.4908419387565073,sequential,,0.9797997664292334,cached_deterministic_PDE_pool_evaluation_use
52,random,15,73,1500.0,0.26875000000000004,0.1300236230354098,-0.3709844270163436,,1.4914419606313691,sequential,,0.980194108228695,cached_deterministic_PDE_pool_evaluation_use
52,random,20,38,800.0,0.3375,0.3365202706394469,-0.42707024659618237,,1.4983578857509525,sequential,,0.9847393397791716,cached_deterministic_PDE_pool_evaluation_use
52,random,25,58,1150.0,0.47500000000000003,0.8231581215721223,-0.5552787272627541,,1.5017474645621713,sequential,,0.9869670129088234,cached_deterministic_PDE_pool_evaluation_use
52,maximin_spacefill,5,20,450.0,0.3375,0.30346160029453306,-0.41987138917170524,,0.9694260207218888,initial_shared,,0.6371187742853412,cached_deterministic_PDE_pool_evaluation_use
52,maximin_spacefill,10,77,1500.0,0.54375,0.9720294607946087,-0.5988160573010445,,1.5009418250265751,sequential,0.3749999999999999,0.986437536638883,cached_deterministic_PDE_pool_evaluation_use
52,maximin_spacefill,15,18,450.0,0.2,0.03670613135478519,-0.33954450512127,,1.5046045569305861,sequential,0.25,0.9888447293604913,cached_deterministic_PDE_pool_evaluation_use
52,maximin_spacefill,20,33,625.0,0.6125,0.7074950704903042,-0.552330138543364,,1.5059317586658587,sequential,0.17677669529663695,0.9897169827606801,cached_deterministic_PDE_pool_evaluation_use
52,maximin_spacefill,25,35,625.0,0.75,0.7109282577543763,-0.5753159516223142,,1.5092488602190044,sequential,0.1767766952966368,0.9918970229396578,cached_deterministic_PDE_pool_evaluation_use
53,gp_mc_ehvi,5,0,100.0,0.2,0.03427726668192804,-0.3390155954494765,,1.2880244868230746,initial_shared,,0.846505627817933,cached_deterministic_PDE_pool_evaluation_use
53,gp_mc_ehvi,10,71,1325.0,0.75,0.9544730053206639,-0.6283502659464287,0.041762242984611196,1.494639711767971,sequential,,0.9822957098373503,cached_deterministic_PDE_pool_evaluation_use
53,gp_mc_ehvi,15,36,800.0,0.2,0.037116628257851454,-0.3396338949438938,0.02005755327534286,1.4984350904095542,sequential,,0.9847900796359591,cached_deterministic_PDE_pool_evaluation_use
53,gp_mc_ehvi,20,34,625.0,0.6812500000000001,0.7102125136634564,-0.5640409901203933,0.015379744916607738,1.5026471242361785,sequential,,0.9875582803769181,cached_deterministic_PDE_pool_evaluation_use
53,gp_mc_ehvi,25,41,800.0,0.54375,0.7696304709799763,-0.5547416448902827,0.007204714964015974,1.5079262185624294,sequential,,0.991027766479605,cached_deterministic_PDE_pool_evaluation_use
53,random,5,0,100.0,0.2,0.03427726668192804,-0.3390155954494765,,1.2880244868230746,initial_shared,,0.846505627817933,cached_deterministic_PDE_pool_evaluation_use
53,random,10,67,1325.0,0.47500000000000003,0.8636442904111267,-0.5640949970671306,,1.3697942979482698,sequential,,0.9002457593225875,cached_deterministic_PDE_pool_evaluation_use
53,random,15,64,1325.0,0.26875000000000004,0.1292964397711762,-0.3708260755585726,,1.5045730316166277,sequential,,0.9888240105341354,cached_deterministic_PDE_pool_evaluation_use
53,random,20,23,450.0,0.54375,0.6039809503557106,-0.518669798413548,,1.5080638040320173,sequential,,0.991118189352387,cached_deterministic_PDE_pool_evaluation_use
53,random,25,30,625.0,0.40625,0.5465630972507175,-0.4839282822635953,,1.5121913423071522,sequential,,0.993830858571552,cached_deterministic_PDE_pool_evaluation_use
53,maximin_spacefill,5,0,100.0,0.2,0.03427726668192804,-0.3390155954494765,,1.2880244868230746,initial_shared,,0.846505627817933,cached_deterministic_PDE_pool_evaluation_use
53,maximin_spacefill,10,26,450.0,0.75,0.6138683243328004,-0.5541801764976444,,1.4963862669219796,sequential,0.3535533905932738,0.9834435674924553,cached_deterministic_PDE_pool_evaluation_use
53,maximin_spacefill,15,4,100.0,0.47500000000000003,0.21449579213423095,-0.4227363931774314,,1.5061700930750264,sequential,0.25,0.9898736190829915,cached_deterministic_PDE_pool_evaluation_use
53,maximin_spacefill,20,51,975.0,0.6125,0.8447873817300153,-0.5822269179292137,,1.5086249042961883,sequential,0.25,0.9914869513877753,cached_deterministic_PDE_pool_evaluation_use
53,maximin_spacefill,25,28,625.0,0.26875000000000004,0.12413311374568228,-0.3697017094692423,,1.5106920835589248,sequential,0.17677669529663684,0.992845527173808,cached_deterministic_PDE_pool_evaluation_use
54,gp_mc_ehvi,5,23,450.0,0.54375,0.6039809503557106,-0.518669798413548,,1.452457738700814,initial_shared,,0.954573195274071,cached_deterministic_PDE_pool_evaluation_use
54,gp_mc_ehvi,10,54,1150.0,0.2,0.037321821815833676,-0.33967857790169975,0.0501981569814285,1.4638670403169003,sequential,,0.9620715294488436,cached_deterministic_PDE_pool_evaluation_use
54,gp_mc_ehvi,15,71,1325.0,0.75,0.9544730053206639,-0.6283502659464287,0.02529540182474414,1.4956767219009255,sequential,,0.9829772457263265,cached_deterministic_PDE_pool_evaluation_use
54,gp_mc_ehvi,20,57,1150.0,0.40625,0.6507854695443193,-0.5066237503739265,0.013678529235747274,1.501378544512084,sequential,,0.9867245540877305,cached_deterministic_PDE_pool_evaluation_use
54,gp_mc_ehvi,25,47,975.0,0.3375,0.3468300456548208,-0.4293153036308264,0.00729646418462861,1.5043493483388852,sequential,,0.9886770031166563,cached_deterministic_PDE_pool_evaluation_use
54,random,5,23,450.0,0.54375,0.6039809503557106,-0.518669798413548,,1.452457738700814,initial_shared,,0.954573195274071,cached_deterministic_PDE_pool_evaluation_use
54,random,10,55,1150.0,0.26875000000000004,0.12842837865749324,-0.37063704653454466,,1.4819757594700116,sequential,,0.9739728037122642,cached_deterministic_PDE_pool_evaluation_use
54,random,15,71,1325.0,0.75,0.9544730053206639,-0.6283502659464287,,1.4841706082450852,sequential,,0.9754152854812962,cached_deterministic_PDE_pool_evaluation_use
54,random,20,57,1150.0,0.40625,0.6507854695443193,-0.5066237503739265,,1.5031520301987435,sequential,,0.9878901108220708,cached_deterministic_PDE_pool_evaluation_use
54,random,25,0,100.0,0.2,0.03427726668192804,-0.3390155954494765,,1.5070085863564988,sequential,,0.990424687241179,cached_deterministic_PDE_pool_evaluation_use
54,maximin_spacefill,5,23,450.0,0.54375,0.6039809503557106,-0.518669798413548,,1.452457738700814,initial_shared,,0.954573195274071,cached_deterministic_PDE_pool_evaluation_use
54,maximin_spacefill,10,44,800.0,0.75,0.7865016730640364,-0.5917728216724085,,1.4664065665837176,sequential,0.375,0.9637405375297028,cached_deterministic_PDE_pool_evaluation_use
54,maximin_spacefill,15,61,1150.0,0.6812500000000001,0.903831434358727,-0.6062034543158391,,1.497111139284997,sequential,0.27950849718747367,0.9839199625773479,cached_deterministic_PDE_pool_evaluation_use
54,maximin_spacefill,20,51,975.0,0.6125,0.8447873817300153,-0.5822269179292137,,1.4999796372830698,sequential,0.17677669529663695,0.9858051749499344,cached_deterministic_PDE_pool_evaluation_use
54,maximin_spacefill,25,30,625.0,0.40625,0.5465630972507175,-0.4839282822635953,,1.5108595085740657,sequential,0.17677669529663684,0.992955560965094,cached_deterministic_PDE_pool_evaluation_use
55,gp_mc_ehvi,5,64,1325.0,0.26875000000000004,0.1292964397711762,-0.3708260755585726,,1.4216616754079792,initial_shared,,0.9343336414777597,cached_deterministic_PDE_pool_evaluation_use
55,gp_mc_ehvi,10,0,100.0,0.2,0.03427726668192804,-0.3390155954494765,0.04847491962498072,1.4971970683450635,sequential,,0.9839764362187139,cached_deterministic_PDE_pool_evaluation_use
55,gp_mc_ehvi,15,44,800.0,0.75,0.7865016730640364,-0.5917728216724085,0.032149657493071665,1.501061445338765,sequential,,0.9865161525879632,cached_deterministic_PDE_pool_evaluation_use
55,gp_mc_ehvi,20,67,1325.0,0.47500000000000003,0.8636442904111267,-0.5640949970671306,0.0087836327802929,1.5060300484409976,sequential,,0.989781580016915,cached_deterministic_PDE_pool_evaluation_use
55,gp_mc_ehvi,25,24,450.0,0.6125,0.6113868012591124,-0.5314015978522341,0.0078005023035421645,1.5069300951085758,sequential,,0.9903731018219724,cached_deterministic_PDE_pool_evaluation_use
55,random,5,64,1325.0,0.26875000000000004,0.1292964397711762,-0.3708260755585726,,1.4216616754079792,initial_shared,,0.9343336414777597,cached_deterministic_PDE_pool_evaluation_use
55,random,10,54,1150.0,0.2,0.037321821815833676,-0.33967857790169975,,1.4334904261137609,sequential,,0.9421076427835865,cached_deterministic_PDE_pool_evaluation_use
55,random,15,52,975.0,0.6812500000000001,0.8487411923713806,-0.5942070009373647,,1.4677285171312928,sequential,,0.9646093397843708,cached_deterministic_PDE_pool_evaluation_use
55,random,20,47,975.0,0.3375,0.3468300456548208,-0.4293153036308264,,1.4679143662293683,sequential,,0.9647314821108989,cached_deterministic_PDE_pool_evaluation_use
55,random,25,56,1150.0,0.3375,0.35513975650712754,-0.43112482661045803,,1.4689449090952416,sequential,,0.9654087676319382,cached_deterministic_PDE_pool_evaluation_use
55,maximin_spacefill,5,64,1325.0,0.26875000000000004,0.1292964397711762,-0.3708260755585726,,1.4216616754079792,initial_shared,,0.9343336414777597,cached_deterministic_PDE_pool_evaluation_use
55,maximin_spacefill,10,3,100.0,0.40625,0.2078253883860697,-0.41016474474175213,,1.4290162212362072,sequential,0.2795084971874737,0.93916713998445,cached_deterministic_PDE_pool_evaluation_use
55,maximin_spacefill,15,24,450.0,0.6125,0.6113868012591124,-0.5314015978522341,,1.5024595583713167,sequential,0.25,0.9874350097700186,cached_deterministic_PDE_pool_evaluation_use
55,maximin_spacefill,20,72,1500.0,0.2,0.0374537332146995,-0.3397073029332411,,1.5056456587688591,sequential,0.17677669529663692,0.9895289543688243,cached_deterministic_PDE_pool_evaluation_use
55,maximin_spacefill,25,32,625.0,0.54375,0.6972879769241871,-0.5389883403863409,,1.5110577936617213,sequential,0.1767766952966368,0.9930858763778287,cached_deterministic_PDE_pool_evaluation_use
56,gp_mc_ehvi,5,77,1500.0,0.54375,0.9720294607946087,-0.5988160573010445,,1.4538558090092402,initial_shared,,0.9554920243773025,cached_deterministic_PDE_pool_evaluation_use
56,gp_mc_ehvi,10,8,100.0,0.75,0.21633317585028777,-0.4676129060876591,0.07633309044259443,1.490739615856471,sequential,,0.9797325185534193,cached_deterministic_PDE_pool_evaluation_use
56,gp_mc_ehvi,15,4,100.0,0.47500000000000003,0.21449579213423095,-0.4227363931774314,0.020986715448685554,1.4965482022915337,sequential,,0.9835499934207452,cached_deterministic_PDE_pool_evaluation_use
56,gp_mc_ehvi,20,62,1150.0,0.75,0.9050182677726508,-0.6175810002482622,0.0105154991028679,1.5041172195055297,sequential,,0.9885244451755422,cached_deterministic_PDE_pool_evaluation_use
56,gp_mc_ehvi,25,21,450.0,0.40625,0.48972658515847345,-0.4715515610347218,0.005575999694669043,1.5125452082523094,sequential,,0.9940634236486395,cached_deterministic_PDE_pool_evaluation_use
56,random,5,77,1500.0,0.54375,0.9720294607946087,-0.5988160573010445,,1.4538558090092402,initial_shared,,0.9554920243773025,cached_deterministic_PDE_pool_evaluation_use
56,random,10,50,975.0,0.54375,0.8299976754672296,-0.567887209841431,,1.4601013691918137,sequential,,0.9595966837976093,cached_deterministic_PDE_pool_evaluation_use
56,random,15,63,1325.0,0.2,0.03739386471598825,-0.33969426596645264,,1.5084861850713276,sequential,,0.9913957833970015,cached_deterministic_PDE_pool_evaluation_use
56,random,20,51,975.0,0.6125,0.8447873817300153,-0.5822269179292137,,1.5121014150583394,sequential,,0.9937717572710775,cached_deterministic_PDE_pool_evaluation_use
56,random,25,33,625.0,0.6125,0.7074950704903042,-0.552330138543364,,1.5121014261731942,sequential,,0.9937717645758976,cached_deterministic_PDE_pool_evaluation_use
56,maximin_spacefill,5,77,1500.0,0.54375,0.9720294607946087,-0.5988160573010445,,1.4538558090092402,initial_shared,,0.9554920243773025,cached_deterministic_PDE_pool_evaluation_use
56,maximin_spacefill,10,72,1500.0,0.2,0.0374537332146995,-0.3397073029332411,,1.4921824259269758,sequential,0.3535533905932738,0.9806807511817968,cached_deterministic_PDE_pool_evaluation_use
56,maximin_spacefill,15,26,450.0,0.75,0.6138683243328004,-0.5541801764976444,,1.4963396352545222,sequential,0.25,0.9834129205836883,cached_deterministic_PDE_pool_evaluation_use
56,maximin_spacefill,20,39,800.0,0.40625,0.588602391013504,-0.4930827606157744,,1.507463138808169,sequential,0.17677669529663692,0.9907234247360122,cached_deterministic_PDE_pool_evaluation_use
56,maximin_spacefill,25,34,625.0,0.6812500000000001,0.7102125136634564,-0.5640409901203933,,1.5107977431888022,sequential,0.1767766952966368,0.9929149679897548,cached_deterministic_PDE_pool_evaluation_use
57,gp_mc_ehvi,5,71,1325.0,0.75,0.9544730053206639,-0.6283502659464287,,1.3738565299737961,initial_shared,,0.9029155084665591,cached_deterministic_PDE_pool_evaluation_use
57,gp_mc_ehvi,10,26,450.0,0.75,0.6138683243328004,-0.5541801764976444,0.06790931961909161,1.4603922974067487,sequential,,0.9597878854197469,cached_deterministic_PDE_pool_evaluation_use
57,gp_mc_ehvi,15,57,1150.0,0.40625,0.6507854695443193,-0.5066237503739265,0.017807813479379722,1.4928713537675686,sequential,,0.9811335230818564,cached_deterministic_PDE_pool_evaluation_use
57,gp_mc_ehvi,20,42,800.0,0.6125,0.782247362397243,-0.5686082007272493,0.0079831629148349,1.5069953492342376,sequential,,0.990415987640663,cached_deterministic_PDE_pool_evaluation_use
57,gp_mc_ehvi,25,18,450.0,0.2,0.03670613135478519,-0.33954450512127,0.0064994005707522985,1.512032218642785,sequential,,0.9937262805306964,cached_deterministic_PDE_pool_evaluation_use
57,random,5,71,1325.0,0.75,0.9544730053206639,-0.6283502659464287,,1.3738565299737961,initial_shared,,0.9029155084665591,cached_deterministic_PDE_pool_evaluation_use
57,random,10,33,625.0,0.6125,0.7074950704903042,-0.552330138543364,,1.4360551915707418,sequential,,0.9437932383724735,cached_deterministic_PDE_pool_evaluation_use
57,random,15,9,275.0,0.2,0.03621105211716663,-0.33943669664603066,,1.4446754758343037,sequential,,0.9494585958382262,cached_deterministic_PDE_pool_evaluation_use
57,random,20,42,800.0,0.6125,0.782247362397243,-0.5686082007272493,,1.4447493940363483,sequential,,0.9495071757951052,cached_deterministic_PDE_pool_evaluation_use
57,random,25,80,1500.0,0.75,0.999510934127806,-0.6381577271901411,,1.513394653545668,sequential,,0.9946216896045337,cached_deterministic_PDE_pool_evaluation_use
57,maximin_spacefill,5,71,1325.0,0.75,0.9544730053206639,-0.6283502659464287,,1.3738565299737961,initial_shared,,0.9029155084665591,cached_deterministic_PDE_pool_evaluation_use
57,maximin_spacefill,10,21,450.0,0.40625,0.48972658515847345,-0.4715515610347218,,1.454071126294623,sequential,0.3535533905932737,0.9556335335611013,cached_deterministic_PDE_pool_evaluation_use
57,maximin_spacefill,15,18,450.0,0.2,0.03670613135478519,-0.33954450512127,,1.4638947866312044,sequential,0.25,0.9620897646698738,cached_deterministic_PDE_pool_evaluation_use
57,maximin_spacefill,20,72,1500.0,0.2,0.0374537332146995,-0.3397073029332411,,1.4688399409636677,sequential,0.17677669529663692,0.9653397812772315,cached_deterministic_PDE_pool_evaluation_use
57,maximin_spacefill,25,13,275.0,0.47500000000000003,0.4515643657578829,-0.47436045559538237,,1.4758011245678109,sequential,0.1767766952966368,0.9699147572636861,cached_deterministic_PDE_pool_evaluation_use
58,gp_mc_ehvi,5,24,450.0,0.6125,0.6113868012591124,-0.5314015978522341,,1.4269963175391878,initial_shared,,0.9378396342850867,cached_deterministic_PDE_pool_evaluation_use
58,gp_mc_ehvi,10,59,1150.0,0.54375,0.8825265575161088,-0.5793259013735464,0.04034824939425108,1.474728572312475,sequential,,0.9692098626521637,cached_deterministic_PDE_pool_evaluation_use
58,gp_mc_ehvi,15,36,800.0,0.2,0.037116628257851454,-0.3396338949438938,0.0235935941915818,1.4793477919273323,sequential,,0.9722456709307379,cached_deterministic_PDE_pool_evaluation_use
58,gp_mc_ehvi,20,69,1325.0,0.6125,0.9481348656526941,-0.6047318703116061,0.016533646310590316,1.5016652667497676,sequential,,0.9869129914895833,cached_deterministic_PDE_pool_evaluation_use
58,gp_mc_ehvi,25,2,100.0,0.3375,0.17511240412786785,-0.39192206289483544,0.00825046386012781,1.5102342278986003,sequential,,0.9925446187693808,cached_deterministic_PDE_pool_evaluation_use
58,random,5,24,450.0,0.6125,0.6113868012591124,-0.5314015978522341,,1.4269963175391878,initial_shared,,0.9378396342850867,cached_deterministic_PDE_pool_evaluation_use
58,random,10,23,450.0,0.54375,0.6039809503557106,-0.518669798413548,,1.4930149770125316,sequential,,0.9812279140553126,cached_deterministic_PDE_pool_evaluation_use
58,random,15,78,1500.0,0.6125,0.9925501724671817,-0.6144037493643931,,1.4948188236615731,sequential,,0.9824134243897477,cached_deterministic_PDE_pool_evaluation_use
58,random,20,18,450.0,0.2,0.03670613135478519,-0.33954450512127,,1.5068936275859577,sequential,,0.9903491349149417,cached_deterministic_PDE_pool_evaluation_use
58,random,25,63,1325.0,0.2,0.03739386471598825,-0.33969426596645264,,1.5109414496356544,sequential,,0.9930094136445219,cached_deterministic_PDE_pool_evaluation_use
58,maximin_spacefill,5,24,450.0,0.6125,0.6113868012591124,-0.5314015978522341,,1.4269963175391878,initial_shared,,0.9378396342850867,cached_deterministic_PDE_pool_evaluation_use
58,maximin_spacefill,10,8,100.0,0.75,0.21633317585028777,-0.4676129060876591,,1.4476632886620917,sequential,0.3535533905932738,0.9514222233930312,cached_deterministic_PDE_pool_evaluation_use
58,maximin_spacefill,15,26,450.0,0.75,0.6138683243328004,-0.5541801764976444,,1.4649671109095967,sequential,0.25,0.9627945094521285,cached_deterministic_PDE_pool_evaluation_use
58,maximin_spacefill,20,45,975.0,0.2,0.03723244160287646,-0.33965911446261005,,1.4693469975776663,sequential,0.17677669529663692,0.9656730251571137,cached_deterministic_PDE_pool_evaluation_use
58,maximin_spacefill,25,16,275.0,0.6812500000000001,0.47140122151622804,-0.5120374332445352,,1.4754837796351898,sequential,0.1767766952966368,0.9697061942478651,cached_deterministic_PDE_pool_evaluation_use
59,gp_mc_ehvi,5,60,1150.0,0.6125,0.8993321278304409,-0.5941045841007433,,1.332239869700754,initial_shared,,0.8755645244654636,cached_deterministic_PDE_pool_evaluation_use
59,gp_mc_ehvi,10,0,100.0,0.2,0.03427726668192804,-0.3390155954494765,0.04725309078484191,1.47891429970676,sequential,,0.9719607744803335,cached_deterministic_PDE_pool_evaluation_use
59,gp_mc_ehvi,15,72,1500.0,0.2,0.0374537332146995,-0.3397073029332411,0.02626265577150096,1.4837993601051178,sequential,,0.9751712966107318,cached_deterministic_PDE_pool_evaluation_use
59,gp_mc_ehvi,20,71,1325.0,0.75,0.9544730053206639,-0.6283502659464287,0.012975758792672425,1.5027554184211342,sequential,,0.9876294526550563,cached_deterministic_PDE_pool_evaluation_use
59,gp_mc_ehvi,25,74,1500.0,0.3375,0.3680209881431934,-0.4339298441453882,0.008171292191277928,1.506969915647213,sequential,,0.9903992723726132,cached_deterministic_PDE_pool_evaluation_use
59,random,5,60,1150.0,0.6125,0.8993321278304409,-0.5941045841007433,,1.332239869700754,initial_shared,,0.8755645244654636,cached_deterministic_PDE_pool_evaluation_use
59,random,10,0,100.0,0.2,0.03427726668192804,-0.3390155954494765,,1.365556643359752,sequential,,0.8974607202999392,cached_deterministic_PDE_pool_evaluation_use
59,random,15,64,1325.0,0.26875000000000004,0.1292964397711762,-0.3708260755585726,,1.5044435644360121,sequential,,0.9887389231013032,cached_deterministic_PDE_pool_evaluation_use
59,random,20,53,975.0,0.75,0.8497837286944139,-0.6055531247292946,,1.5058952820255005,sequential,,0.9896930098613579,cached_deterministic_PDE_pool_evaluation_use
59,random,25,1,100.0,0.26875000000000004,0.09688695269686752,-0.36376858431004216,,1.5092987407279679,sequential,,0.9919298050272563,cached_deterministic_PDE_pool_evaluation_use
59,maximin_spacefill,5,60,1150.0,0.6125,0.8993321278304409,-0.5941045841007433,,1.332239869700754,initial_shared,,0.8755645244654636,cached_deterministic_PDE_pool_evaluation_use
59,maximin_spacefill,10,72,1500.0,0.2,0.0374537332146995,-0.3397073029332411,,1.3592768246745766,sequential,0.375,0.8933335457678859,cached_deterministic_PDE_pool_evaluation_use
59,maximin_spacefill,15,6,100.0,0.6125,0.21622448351768453,-0.4453510351627734,,1.4987515719769586,sequential,0.25,0.9849980752374785,cached_deterministic_PDE_pool_evaluation_use
59,maximin_spacefill,20,32,625.0,0.54375,0.6972879769241871,-0.5389883403863409,,1.5063736427248282,sequential,0.17677669529663695,0.9900073944311005,cached_deterministic_PDE_pool_evaluation_use
59,maximin_spacefill,25,37,800.0,0.26875000000000004,0.1259962748964441,-0.37010743151869546,,1.5114895679406235,sequential,0.17677669529663684,0.9933696437757136,cached_deterministic_PDE_pool_evaluation_use
60,gp_mc_ehvi,5,13,275.0,0.47500000000000003,0.4515643657578829,-0.47436045559538237,,1.472701728534379,initial_shared,,0.9678777958456561,cached_deterministic_PDE_pool_evaluation_use
60,gp_mc_ehvi,10,79,1500.0,0.6812500000000001,0.9980573242795069,-0.6267220880103119,0.05836531590649412,1.4947510659962326,sequential,,0.982368893213807,cached_deterministic_PDE_pool_evaluation_use
60,gp_mc_ehvi,15,8,100.0,0.75,0.21633317585028777,-0.4676129060876591,0.023389937344138315,1.4986714138279382,sequential,,0.9849453943102481,cached_deterministic_PDE_pool_evaluation_use
60,gp_mc_ehvi,20,9,275.0,0.2,0.03621105211716663,-0.33943669664603066,0.010992506821310494,1.504628738702557,sequential,,0.9888606219202005,cached_deterministic_PDE_pool_evaluation_use
60,gp_mc_ehvi,25,76,1500.0,0.47500000000000003,0.9001672541188478,-0.5720482391578785,0.008046045536851985,1.510395915805744,sequential,,0.9926508820623132,cached_deterministic_PDE_pool_evaluation_use
60,random,5,13,275.0,0.47500000000000003,0.4515643657578829,-0.47436045559538237,,1.472701728534379,initial_shared,,0.9678777958456561,cached_deterministic_PDE_pool_evaluation_use
60,random,10,76,1500.0,0.47500000000000003,0.9001672541188478,-0.5720482391578785,,1.485896159538479,sequential,,0.9765493391393514,cached_deterministic_PDE_pool_evaluation_use
60,random,15,41,800.0,0.54375,0.7696304709799763,-0.5547416448902827,,1.4998773165255415,sequential,,0.985737928482203,cached_deterministic_PDE_pool_evaluation_use
60,random,20,1,100.0,0.26875000000000004,0.09688695269686752,-0.36376858431004216,,1.5022830839858259,sequential,,0.9873190286205824,cached_deterministic_PDE_pool_evaluation_use
60,random,25,28,625.0,0.26875000000000004,0.12413311374568228,-0.3697017094692423,,1.5082731639048916,sequential,,0.9912557832509816,cached_deterministic_PDE_pool_evaluation_use
60,maximin_spacefill,5,13,275.0,0.47500000000000003,0.4515643657578829,-0.47436045559538237,,1.472701728534379,initial_shared,,0.9678777958456561,cached_deterministic_PDE_pool_evaluation_use
60,maximin_spacefill,10,6,100.0,0.6125,0.21622448351768453,-0.4453510351627734,,1.4801642329161169,sequential,0.2795084971874737,0.972782246049346,cached_deterministic_PDE_pool_evaluation_use
60,maximin_spacefill,15,38,800.0,0.3375,0.3365202706394469,-0.42707024659618237,,1.4920340625494095,sequential,0.25,0.9805832449345501,cached_deterministic_PDE_pool_evaluation_use
60,maximin_spacefill,20,76,1500.0,0.47500000000000003,0.9001672541188478,-0.5720482391578785,,1.497704479863442,sequential,0.25,0.9843099133461453,cached_deterministic_PDE_pool_evaluation_use
60,maximin_spacefill,25,23,450.0,0.54375,0.6039809503557106,-0.518669798413548,,1.500027289000531,sequential,0.1767766952966368,0.9858364922481836,cached_deterministic_PDE_pool_evaluation_use
61,gp_mc_ehvi,5,61,1150.0,0.6812500000000001,0.903831434358727,-0.6062034543158391,,1.3502178991108102,initial_shared,,0.8873799078128917,cached_deterministic_PDE_pool_evaluation_use
61,gp_mc_ehvi,10,75,1500.0,0.40625,0.6971871951571881,-0.5167281920665586,0.05095522966712796,1.4907171865102387,sequential,,0.9797177777095858,cached_deterministic_PDE_pool_evaluation_use
61,gp_mc_ehvi,15,77,1500.0,0.54375,0.9720294607946087,-0.5988160573010445,0.035804294658872776,1.495123126761808,sequential,,0.9826134161519746,cached_deterministic_PDE_pool_evaluation_use
61,gp_mc_ehvi,20,56,1150.0,0.3375,0.35513975650712754,-0.43112482661045803,0.0137528874556711,1.496963233508451,sequential,,0.9838227570711532,cached_deterministic_PDE_pool_evaluation_use
61,gp_mc_ehvi,25,62,1150.0,0.75,0.9050182677726508,-0.6175810002482622,0.007885591477982479,1.5052434933155838,sequential,,0.9892646462574535,cached_deterministic_PDE_pool_evaluation_use
61,random,5,61,1150.0,0.6812500000000001,0.903831434358727,-0.6062034543158391,,1.3502178991108102,initial_shared,,0.8873799078128917,cached_deterministic_PDE_pool_evaluation_use
61,random,10,79,1500.0,0.6812500000000001,0.9980573242795069,-0.6267220880103119,,1.4909997663736594,sequential,,0.9799034926918248,cached_deterministic_PDE_pool_evaluation_use
61,random,15,11,275.0,0.3375,0.26921972175222453,-0.41241487628113904,,1.5067583207411988,sequential,,0.9902602095825879,cached_deterministic_PDE_pool_evaluation_use
61,random,20,45,975.0,0.2,0.03723244160287646,-0.33965911446261005,,1.5098184358453666,sequential,,0.992271355087933,cached_deterministic_PDE_pool_evaluation_use
61,random,25,78,1500.0,0.6125,0.9925501724671817,-0.6144037493643931,,1.5109402907547824,sequential,,0.9930086520136755,cached_deterministic_PDE_pool_evaluation_use
61,maximin_spacefill,5,61,1150.0,0.6812500000000001,0.903831434358727,-0.6062034543158391,,1.3502178991108102,initial_shared,,0.8873799078128917,cached_deterministic_PDE_pool_evaluation_use
61,maximin_spacefill,10,35,625.0,0.75,0.7109282577543763,-0.5753159516223142,,1.3537041064455861,sequential,0.375,0.8896710864036861,cached_deterministic_PDE_pool_evaluation_use
61,maximin_spacefill,15,2,100.0,0.3375,0.17511240412786785,-0.39192206289483544,,1.491049313580974,sequential,0.25,0.9799360557294561,cached_deterministic_PDE_pool_evaluation_use
61,maximin_spacefill,20,10,275.0,0.26875000000000004,0.11586826195860243,-0.36790195500159484,,1.5045637402252101,sequential,0.17677669529663684,0.9888179041167453,cached_deterministic_PDE_pool_evaluation_use
61,maximin_spacefill,25,25,450.0,0.6812500000000001,0.61335137416719,-0.5429485043691388,,1.5095164957851759,sequential,0.1767766952966368,0.9920729163448578,cached_deterministic_PDE_pool_evaluation_use
62,gp_mc_ehvi,5,59,1150.0,0.54375,0.8825265575161088,-0.5793259013735464,,1.3133689382533744,initial_shared,,0.8631623148523729,cached_deterministic_PDE_pool_evaluation_use
62,gp_mc_ehvi,10,0,100.0,0.2,0.03427726668192804,-0.3390155954494765,0.030118956785610183,1.4787960501201765,sequential,,0.97188305938908,cached_deterministic_PDE_pool_evaluation_use
62,gp_mc_ehvi,15,69,1325.0,0.6125,0.9481348656526941,-0.6047318703116061,0.014917467358888919,1.4933318292705626,sequential,,0.9814361532792979,cached_deterministic_PDE_pool_evaluation_use
62,gp_mc_ehvi,20,20,450.0,0.3375,0.30346160029453306,-0.41987138917170524,0.011830623460101362,1.4988290794640056,sequential,,0.9850490141168666,cached_deterministic_PDE_pool_evaluation_use
62,gp_mc_ehvi,25,67,1325.0,0.47500000000000003,0.8636442904111267,-0.5640949970671306,0.00852832221043616,1.5048323224307079,sequential,,0.9889944196650221,cached_deterministic_PDE_pool_evaluation_use
62,random,5,59,1150.0,0.54375,0.8825265575161088,-0.5793259013735464,,1.3133689382533744,initial_shared,,0.8631623148523729,cached_deterministic_PDE_pool_evaluation_use
62,random,10,38,800.0,0.3375,0.3365202706394469,-0.42707024659618237,,1.3397354576942582,sequential,,0.8804907176281075,cached_deterministic_PDE_pool_evaluation_use
62,random,15,35,625.0,0.75,0.7109282577543763,-0.5753159516223142,,1.4387802726833958,sequential,,0.9455841953936491,cached_deterministic_PDE_pool_evaluation_use
62,random,20,1,100.0,0.26875000000000004,0.09688695269686752,-0.36376858431004216,,1.44339763100483,sequential,,0.9486187804071582,cached_deterministic_PDE_pool_evaluation_use
62,random,25,37,800.0,0.26875000000000004,0.1259962748964441,-0.37010743151869546,,1.4460335152384352,sequential,,0.9503511161359042,cached_deterministic_PDE_pool_evaluation_use
62,maximin_spacefill,5,59,1150.0,0.54375,0.8825265575161088,-0.5793259013735464,,1.3133689382533744,initial_shared,,0.8631623148523729,cached_deterministic_PDE_pool_evaluation_use
62,maximin_spacefill,10,20,450.0,0.3375,0.30346160029453306,-0.41987138917170524,,1.478320588580498,sequential,0.3535533905932738,0.9715705801829265,cached_deterministic_PDE_pool_evaluation_use
62,maximin_spacefill,15,76,1500.0,0.47500000000000003,0.9001672541188478,-0.5720482391578785,,1.4962455886295303,sequential,0.27950849718747367,0.9833511119782252,cached_deterministic_PDE_pool_evaluation_use
62,maximin_spacefill,20,42,800.0,0.6125,0.782247362397243,-0.5686082007272493,,1.502575942095468,sequential,0.17677669529663695,0.9875114985933977,cached_deterministic_PDE_pool_evaluation_use
62,maximin_spacefill,25,57,1150.0,0.40625,0.6507854695443193,-0.5066237503739265,,1.5110426735427271,sequential,0.17677669529663684,0.9930759392485639,cached_deterministic_PDE_pool_evaluation_use
63,gp_mc_ehvi,5,35,625.0,0.75,0.7109282577543763,-0.5753159516223142,,1.4580879782313696,initial_shared,,0.958273458349297,cached_deterministic_PDE_pool_evaluation_use
63,gp_mc_ehvi,10,8,100.0,0.75,0.21633317585028777,-0.4676129060876591,0.05042598387245166,1.4836167903965836,sequential,,0.9750513095395819,cached_deterministic_PDE_pool_evaluation_use
63,gp_mc_ehvi,15,53,975.0,0.75,0.8497837286944139,-0.6055531247292946,0.01995266302458679,1.4874801280388188,sequential,,0.9775903428341889,cached_deterministic_PDE_pool_evaluation_use
63,gp_mc_ehvi,20,30,625.0,0.40625,0.5465630972507175,-0.4839282822635953,0.011678487087458979,1.509064440952651,sequential,,0.9917758203162269,cached_deterministic_PDE_pool_evaluation_use
63,gp_mc_ehvi,25,41,800.0,0.54375,0.7696304709799763,-0.5547416448902827,0.008174783330471275,1.5122917211274236,sequential,,0.9938968287740929,cached_deterministic_PDE_pool_evaluation_use
63,random,5,35,625.0,0.75,0.7109282577543763,-0.5753159516223142,,1.4580879782313696,initial_shared,,0.958273458349297,cached_deterministic_PDE_pool_evaluation_use
63,random,10,29,625.0,0.3375,0.3229993795234898,-0.424125936786358,,1.4926868511779672,sequential,,0.981012265697356,cached_deterministic_PDE_pool_evaluation_use
63,random,15,11,275.0,0.3375,0.26921972175222453,-0.41241487628113904,,1.4954109421076751,sequential,,0.9828025719580492,cached_deterministic_PDE_pool_evaluation_use
63,random,20,42,800.0,0.6125,0.782247362397243,-0.5686082007272493,,1.5002017604673608,sequential,,0.9859511570546962,cached_deterministic_PDE_pool_evaluation_use
63,random,25,76,1500.0,0.47500000000000003,0.9001672541188478,-0.5720482391578785,,1.5065546900846372,sequential,,0.9901263809958342,cached_deterministic_PDE_pool_evaluation_use
63,maximin_spacefill,5,35,625.0,0.75,0.7109282577543763,-0.5753159516223142,,1.4580879782313696,initial_shared,,0.958273458349297,cached_deterministic_PDE_pool_evaluation_use
63,maximin_spacefill,10,8,100.0,0.75,0.21633317585028777,-0.4676129060876591,,1.478538046650426,sequential,0.375,0.9717134963168135,cached_deterministic_PDE_pool_evaluation_use
63,maximin_spacefill,15,62,1150.0,0.75,0.9050182677726508,-0.6175810002482622,,1.4982726273814344,sequential,0.27950849718747367,0.9846833069239317,cached_deterministic_PDE_pool_evaluation_use
63,maximin_spacefill,20,69,1325.0,0.6125,0.9481348656526941,-0.6047318703116061,,1.5005651125511013,sequential,0.17677669529663695,0.9861899565394205,cached_deterministic_PDE_pool_evaluation_use
63,maximin_spacefill,25,64,1325.0,0.26875000000000004,0.1292964397711762,-0.3708260755585726,,1.5096736014031933,sequential,0.17677669529663684,0.9921761681006855,cached_deterministic_PDE_pool_evaluation_use
