seed,method,evaluation,j,concentration,epsilon,observed,latent
0,random,1,17.91726005826156,0.1559247881291077,42.97102708925587,88.56246339044742,89.08923124315447
0,random,2,10.398033784750142,0.09247682625662594,51.452778846018006,65.37443332544359,65.79353286791216
0,random,3,15.17251895431296,0.15788129147416502,50.40215320450112,78.85893716746133,78.21735803122164
0,random,4,10.524604064529582,0.12595740498114272,55.14155255410034,59.12647871151969,57.94449218196783
0,random,5,12.311901811673918,0.09840355844252043,31.631660266247316,85.0490188546046,83.79508838021795
0,random,6,20.92963720865554,0.13440477261027228,28.360258945900245,80.04377226156065,80.31450478010896
0,random,7,20.8514820230405,0.07823034675622055,23.6620104592553,69.45067205449973,69.88660143771511
0,random,8,29.494775679247514,0.12250705466708427,21.974483816441683,29.811728104925624,30.198274223003356
0,random,9,14.347038139338636,0.21630695550503432,34.59999473189787,87.75035721561363,88.40974142289414
0,random,10,23.652240312959165,0.15235549297645173,35.33517336185621,80.95477136102099,78.83422733769824
0,random,11,18.317085976370635,0.2149100531433208,49.063770713479556,79.77476584156511,78.7915601898776
0,random,12,22.560647783750863,0.2735650511751978,57.0852895259072,46.597877960888475,46.02312309646841
0,random,13,26.84003206407911,0.19100368331866863,23.114945549252447,48.50463333143667,48.04403008609714
0,random,14,11.024742673507212,0.12062265791525913,29.17214104065939,80.59947361472832,78.61191922325264
0,random,15,9.041962612447744,0.10853151854512942,30.34660656047692,71.95066348624795,73.31288258375005
0,random,16,26.28615896867514,0.09604362435760515,35.17516231192066,66.24377746896788,66.46086734889637
0,random,17,10.864148900376073,0.1875889003225319,25.191886049628135,70.69946757826031,71.37495190350697
0,random,18,16.859227857485124,0.2089344957531744,59.56933173071348,52.31719467124892,51.613996677507146
0,random,19,21.464122373659382,0.10862034146092116,50.71416603419716,69.92068858791933,71.18532709016289
0,random,20,24.46589632497673,0.2937450914926616,42.55021719922132,65.7610899316514,65.83068790289224
0,original_gp,1,17.91726005826156,0.1559247881291077,42.97102708925587,88.56246339044742,89.08923124315447
0,original_gp,2,10.398033784750142,0.09247682625662594,51.452778846018006,65.37443332544359,65.79353286791216
0,original_gp,3,15.17251895431296,0.15788129147416502,50.40215320450112,78.85893716746133,78.21735803122164
0,original_gp,4,10.524604064529582,0.12595740498114272,55.14155255410034,59.12647871151969,57.94449218196783
0,original_gp,5,12.311901811673918,0.09840355844252043,31.631660266247316,85.0490188546046,83.79508838021795
0,original_gp,6,20.92963720865554,0.13440477261027228,28.360258945900245,80.04377226156065,80.31450478010896
0,original_gp,7,20.8514820230405,0.07823034675622055,23.6620104592553,69.45067205449973,69.88660143771511
0,original_gp,8,29.494775679247514,0.12250705466708427,21.974483816441683,29.811728104925624,30.198274223003356
0,original_gp,9,16.46440778315155,0.062087634414139156,35.3271910311348,87.87117757686914,88.53056178414965
0,original_gp,10,17.58301756414845,0.059865167996147814,41.229688112296046,89.46475121291398,87.34420718959123
0,original_gp,11,16.844480903056102,0.13361932085643946,39.757999550542316,92.43832326124328,91.45511760955577
0,original_gp,12,16.49427498981382,0.1119847230263341,38.95721945600769,91.82680307369345,91.25204820927338
0,original_gp,13,16.242156939332688,0.1638403160228995,38.79914112106452,92.23233933311522,91.77173608777568
0,original_gp,14,15.823274942289801,0.2415611466851701,40.48036360358326,89.80908238085607,87.82152798938039
0,original_gp,15,17.498943004268234,0.24945170183620258,40.05260506635003,85.91078931182653,87.27300840932864
0,original_gp,16,15.220022807719767,0.1386964013971944,39.937955721635106,90.8467259322805,91.063815812209
0,original_gp,17,15.653783016084214,0.20547539613654875,38.5761831152204,89.82183344038482,90.49731776563148
0,original_gp,18,15.615292183471322,0.1545296463772196,37.948919960373,92.48319160459828,91.7799936108565
0,original_gp,19,15.575095404678187,0.1403004152444976,38.26852607249914,90.43661600644404,91.7012545086876
0,original_gp,20,14.915349678184556,0.1245705140185333,38.9689340594049,90.8713379835687,90.94093595480953
0,scaled_gp,1,17.91726005826156,0.1559247881291077,42.97102708925587,88.56246339044742,89.08923124315447
0,scaled_gp,2,10.398033784750142,0.09247682625662594,51.452778846018006,65.37443332544359,65.79353286791216
0,scaled_gp,3,15.17251895431296,0.15788129147416502,50.40215320450112,78.85893716746133,78.21735803122164
0,scaled_gp,4,10.524604064529582,0.12595740498114272,55.14155255410034,59.12647871151969,57.94449218196783
0,scaled_gp,5,12.311901811673918,0.09840355844252043,31.631660266247316,85.0490188546046,83.79508838021795
0,scaled_gp,6,20.92963720865554,0.13440477261027228,28.360258945900245,80.04377226156065,80.31450478010896
0,scaled_gp,7,20.8514820230405,0.07823034675622055,23.6620104592553,69.45067205449973,69.88660143771511
0,scaled_gp,8,29.494775679247514,0.12250705466708427,21.974483816441683,29.811728104925624,30.198274223003356
0,scaled_gp,9,17.74313670646488,0.28849022659844775,20.841638806539642,61.08237161752078,61.74175582480128
0,scaled_gp,10,29.822450990256748,0.17729900955653155,58.860062138490086,12.950344192454851,10.829800169132099
0,scaled_gp,11,6.992089861616117,0.05426614187148755,20.011967377776646,42.25062541524784,41.26741976356032
0,scaled_gp,12,15.490913453185538,0.05507728941802588,53.86783581430731,67.2835786164582,66.70882375203813
0,scaled_gp,13,16.870113558743583,0.12620519242238032,20.538505453510897,69.18449630663933,68.72389306129979
0,scaled_gp,14,16.29543230280148,0.2651616962245065,36.43146882155688,88.58086518452481,86.59331079304913
0,scaled_gp,15,15.229904165298246,0.09999151834247598,37.47644773883745,89.23411137336937,90.59633047087148
0,scaled_gp,16,17.61731881526066,0.05518288228219935,35.61604476241101,87.59075247443403,87.80784235436252
0,scaled_gp,17,15.060997743972097,0.16251335355813556,35.707109141798206,90.48704358427774,91.1625279095244
0,scaled_gp,18,15.615292183471322,0.1545296463772196,37.948919960373,92.48319160459828,91.7799936108565
0,scaled_gp,19,17.245376097484794,0.1945034972904045,37.38824683985712,89.80324150614607,91.06788000838962
0,scaled_gp,20,15.433931021515006,0.16377043003244057,37.48438905760602,91.57040686860401,91.64000483984485
1,random,1,22.87016057903662,0.20736755828039938,33.5393940564173,77.71777749814625,79.28393689687255
1,random,2,14.090887057585395,0.125795492578263,31.004287057474187,87.93306060154791,86.93915750532526
1,random,3,5.7111438655825255,0.2979459821432408,46.16037372089342,47.03830235580214,48.14477453593605
1,random,4,24.632291841446943,0.28140628661616496,39.575673516645786,69.86219477971214,68.21473884266761
1,random,5,26.62254059654381,0.2316470810179302,41.234643578388656,64.78744429492833,62.601239619723266
1,random,6,9.987585878177583,0.05171333188180936,36.02928513885631,77.96668161131808,77.35996774833873
1,random,7,14.642993623118427,0.12421741427234535,58.40046405725748,56.87731308260272,55.925633313636794
1,random,8,21.270725567473278,0.15165232974709653,29.295710282274527,82.70914795530477,80.92412273073687
1,random,9,8.290176769538864,0.27096377448124637,36.34009810004173,67.10586576749766,69.1891769430431
1,random,10,8.401887443956085,0.18911097417214395,36.96048573794584,74.90424364325091,74.96998988601655
1,random,11,28.527129792536158,0.20130054121746205,39.636441446880966,55.21174788783724,54.419188462214414
1,random,12,17.761536642681172,0.1313397507584197,59.991327606089506,50.87034829938255,50.994063965334504
1,random,13,25.678725173535124,0.20596516695882927,51.548733015682586,53.99177686235501,53.895559134411904
1,random,14,9.761876365988954,0.18105424444429602,43.15632847479317,75.83477702283895,77.70415188881252
1,random,15,21.295772256233022,0.25054476018121274,55.38050120726723,57.4921570557204,56.62945672278058
1,random,16,17.0778128153487,0.2136575897520479,28.422414932748097,82.43116950344819,83.7034135421331
1,random,17,5.261701636953241,0.09753146244994772,38.5096237990355,58.72704009738797,59.24243628548232
1,random,18,15.972870938344734,0.1413686210266598,31.01423987417742,89.47951244469535,88.53552670412023
1,random,19,15.756698647954382,0.22034572103335165,21.31910472763025,68.68806416092683,68.93675784269911
1,random,20,26.51017078570585,0.18420127232964023,54.092710438401184,45.820535510259646,44.45578622325359
1,original_gp,1,22.87016057903662,0.20736755828039938,33.5393940564173,77.71777749814625,79.28393689687255
1,original_gp,2,14.090887057585395,0.125795492578263,31.004287057474187,87.93306060154791,86.93915750532526
1,original_gp,3,5.7111438655825255,0.2979459821432408,46.16037372089342,47.03830235580214,48.14477453593605
1,original_gp,4,24.632291841446943,0.28140628661616496,39.575673516645786,69.86219477971214,68.21473884266761
1,original_gp,5,26.62254059654381,0.2316470810179302,41.234643578388656,64.78744429492833,62.601239619723266
1,original_gp,6,9.987585878177583,0.05171333188180936,36.02928513885631,77.96668161131808,77.35996774833873
1,original_gp,7,14.642993623118427,0.12421741427234535,58.40046405725748,56.87731308260272,55.925633313636794
1,original_gp,8,21.270725567473278,0.15165232974709653,29.295710282274527,82.70914795530477,80.92412273073687
1,original_gp,9,15.07322318105791,0.0584516687841866,30.588660341378176,82.23399775217972,84.31730892772515
1,original_gp,10,16.242725110277323,0.17578707629268292,33.32335145286652,90.25616539662228,90.32191163938792
1,original_gp,11,16.465002562021553,0.20069603902655836,33.14176834540215,90.24468321885253,89.4521237932297
1,original_gp,12,16.131370459036773,0.26315944575496186,33.77661650080701,85.61120155943726,85.73491722538922
1,original_gp,13,16.556534522279282,0.28828416438857557,33.75504961344187,83.32444236980959,83.22822464186648
1,original_gp,14,15.980449576630058,0.17200740995817781,32.350635728393115,87.74813534405742,89.61751021003099
1,original_gp,15,17.026008104742246,0.14500806834813873,32.53104852653219,90.80832314907519,89.94562281613538
1,original_gp,16,17.032420752366807,0.1291996459893705,33.239251257174644,89.03150771818133,90.30375175686625
1,original_gp,17,16.20468866441743,0.0805939801890296,31.702990758474204,86.84749808956761,87.36289427766195
1,original_gp,18,16.79474262643778,0.2532998304089828,33.240152374962626,87.2022213085225,86.25823556794738
1,original_gp,19,16.57686442770217,0.10867811483073371,32.74274420296794,89.2563113881178,89.50500506989007
1,original_gp,20,16.113595634922348,0.23702906722785716,32.94207026257544,88.63582090734401,87.27107162033795
1,scaled_gp,1,22.87016057903662,0.20736755828039938,33.5393940564173,77.71777749814625,79.28393689687255
1,scaled_gp,2,14.090887057585395,0.125795492578263,31.004287057474187,87.93306060154791,86.93915750532526
1,scaled_gp,3,5.7111438655825255,0.2979459821432408,46.16037372089342,47.03830235580214,48.14477453593605
1,scaled_gp,4,24.632291841446943,0.28140628661616496,39.575673516645786,69.86219477971214,68.21473884266761
1,scaled_gp,5,26.62254059654381,0.2316470810179302,41.234643578388656,64.78744429492833,62.601239619723266
1,scaled_gp,6,9.987585878177583,0.05171333188180936,36.02928513885631,77.96668161131808,77.35996774833873
1,scaled_gp,7,14.642993623118427,0.12421741427234535,58.40046405725748,56.87731308260272,55.925633313636794
1,scaled_gp,8,21.270725567473278,0.15165232974709653,29.295710282274527,82.70914795530477,80.92412273073687
1,scaled_gp,9,6.433176745047357,0.138045369942768,20.428675610705376,41.20988162855657,43.29319280410201
1,scaled_gp,10,6.396233600182875,0.25358358157501504,30.633361136866434,58.34884820081717,58.41459444358281
1,scaled_gp,11,28.341467643475095,0.06540601451864901,20.108194237329897,30.67702087099271,29.884461445369883
1,scaled_gp,12,28.613119433893733,0.05255332617244597,29.710029446858357,46.541335735577945,46.6650514015299
1,scaled_gp,13,16.527141786686673,0.07800443331719299,37.598388283005924,90.02191448966694,89.92569676172383
1,scaled_gp,14,17.417190558563526,0.2830191547784849,32.394997372998525,80.75779314291854,82.62716800889211
1,scaled_gp,15,25.887357004350406,0.06115666424389417,59.9054934668966,27.514336128237584,26.65163579529777
1,scaled_gp,16,19.368654087387064,0.059286201009783504,31.0266331441509,82.02650628611705,83.29875032480197
1,scaled_gp,17,13.700146046706056,0.14194564013023853,38.79804354271511,89.36406582369433,89.87946201178868
1,scaled_gp,18,18.46547821717811,0.16462912541173713,37.293440794418025,91.88919172446691,90.9452059838918
1,scaled_gp,19,16.52311341002566,0.18056031251270682,38.54216127811055,91.29071167007979,91.53940535185207
1,scaled_gp,20,17.554786870011117,0.11311221730939676,35.042438557056364,92.05915338731997,90.6944041003139
2,random,1,20.87964748573373,0.11250374211396989,41.97680966397133,84.92162430528172,85.03893825160011
2,random,2,5.202978117363603,0.21159329202599192,55.481671436195924,32.30618446973057,32.7095900856246
2,random,3,13.422086488106048,0.143924803490396,51.41022320973386,74.93884902442343,74.13730411870355
2,random,4,22.22563807076677,0.2779471429047818,45.38626445705387,73.56392634753611,72.28062525272058
2,random,5,29.083547892949138,0.26851439903434154,40.77496175952071,49.16470052670988,45.93728553296953
2,random,6,11.677125429115128,0.12123251446491788,29.881660922232033,83.13671969776804,81.21081570446583
2,random,7,20.798161495640905,0.14352997263556866,32.883517022717136,86.82780773655462,85.65975423134549
2,random,8,29.71203937440834,0.13383051383680594,40.056802830800635,47.698529559468184,47.73294372191101
2,random,9,17.16787554884552,0.2547658217469826,55.05940966509506,63.41956612049882,62.83150517735465
2,random,10,7.950439049700149,0.1854424615132073,49.58270281202946,61.285295465158725,61.54444807852494
2,random,11,13.422294218447918,0.06855053587735706,28.435844559405965,80.75336825390517,80.4056125901039
2,random,12,21.016042541872466,0.1428932450590359,37.26816799387915,86.22403843942149,86.87683786735819
2,random,13,22.986515549569067,0.2550857748829781,28.709389037196896,69.09968162786348,70.88208368524896
2,random,14,12.093818421194179,0.18978605749612937,56.67496838689195,58.3953316707002,57.09886581414949
2,random,15,14.571627455553672,0.28412734675760193,48.968379792182546,73.55849431812719,73.35238796854352
2,random,16,17.06672604079096,0.15834356614900857,53.86425837613454,71.06445567027527,70.46874318416803
2,random,17,15.626509472122017,0.2298468396248564,34.43638822461703,89.06180842077515,88.50818908637463
2,random,18,11.615122285460226,0.11986506005385571,40.2611025281718,87.11353723970096,85.06135161258894
2,random,19,27.624971838498055,0.07517970446085935,46.963688416806086,49.81039473290482,51.65460787229938
2,random,20,13.727817566169044,0.16091636952202049,30.268834295391972,86.87854667807933,85.84790369317332
2,original_gp,1,20.87964748573373,0.11250374211396989,41.97680966397133,84.92162430528172,85.03893825160011
2,original_gp,2,5.202978117363603,0.21159329202599192,55.481671436195924,32.30618446973057,32.7095900856246
2,original_gp,3,13.422086488106048,0.143924803490396,51.41022320973386,74.93884902442343,74.13730411870355
2,original_gp,4,22.22563807076677,0.2779471429047818,45.38626445705387,73.56392634753611,72.28062525272058
2,original_gp,5,29.083547892949138,0.26851439903434154,40.77496175952071,49.16470052670988,45.93728553296953
2,original_gp,6,11.677125429115128,0.12123251446491788,29.881660922232033,83.13671969776804,81.21081570446583
2,original_gp,7,20.798161495640905,0.14352997263556866,32.883517022717136,86.82780773655462,85.65975423134549
2,original_gp,8,29.71203937440834,0.13383051383680594,40.056802830800635,47.698529559468184,47.73294372191101
2,original_gp,9,14.600865277958246,0.1281863796811843,37.1368172974214,91.48549702342645,90.89743608028228
2,original_gp,10,16.63748514389008,0.2294607188409133,37.115858031088926,89.198714305768,89.4578669191342
2,original_gp,11,16.527491309947827,0.1453764846142867,35.447364590835406,92.00195099312532,91.65419532932405
2,original_gp,12,16.093726468391605,0.11524626623915328,35.89016068230779,90.61548061201097,91.26828003994767
2,original_gp,13,16.498831908671537,0.2693013466253112,34.903790514651135,83.98524878351488,85.76765084090036
2,original_gp,14,15.879521172518295,0.1744888484294138,40.33230432486884,92.31858006065926,91.02211420410855
2,original_gp,15,16.182613343591132,0.17964794247046917,41.237974891102596,90.71152607715308,90.50541972756942
2,original_gp,16,16.018283988262723,0.0817156033959738,41.086308305599815,89.6436677982607,89.04795531215346
2,original_gp,17,15.640150138020518,0.06753728256900889,39.59938052495039,89.29615209458932,88.7425327601888
2,original_gp,18,16.705704432877905,0.10677615119973517,38.401431079875906,93.22928036730106,91.17709474018903
2,original_gp,19,17.37646529835318,0.09360183735915363,38.324457828974545,88.63705944915516,90.48127258854973
2,original_gp,20,16.594702937421605,0.27240995920273453,39.17202400623315,86.81106843631729,85.78042545141128
2,scaled_gp,1,20.87964748573373,0.11250374211396989,41.97680966397133,84.92162430528172,85.03893825160011
2,scaled_gp,2,5.202978117363603,0.21159329202599192,55.481671436195924,32.30618446973057,32.7095900856246
2,scaled_gp,3,13.422086488106048,0.143924803490396,51.41022320973386,74.93884902442343,74.13730411870355
2,scaled_gp,4,22.22563807076677,0.2779471429047818,45.38626445705387,73.56392634753611,72.28062525272058
2,scaled_gp,5,29.083547892949138,0.26851439903434154,40.77496175952071,49.16470052670988,45.93728553296953
2,scaled_gp,6,11.677125429115128,0.12123251446491788,29.881660922232033,83.13671969776804,81.21081570446583
2,scaled_gp,7,20.798161495640905,0.14352997263556866,32.883517022717136,86.82780773655462,85.65975423134549
2,scaled_gp,8,29.71203937440834,0.13383051383680594,40.056802830800635,47.698529559468184,47.73294372191101
2,scaled_gp,9,18.196109885041416,0.16165548621957443,23.990974288585456,77.21502156027177,76.6269606171276
2,scaled_gp,10,9.84825490217276,0.07647160463192028,56.196138923215855,50.553200353959795,50.81235296732601
2,scaled_gp,11,16.055907622884796,0.2836374466950369,39.25083653243789,84.90963000521523,84.56187434141397
2,scaled_gp,12,5.924715014786173,0.25068785277018946,20.866059708161945,37.197782393657825,37.85058182159453
2,scaled_gp,13,19.809263056618924,0.2700784658544717,56.802746338939876,51.90457596531685,53.686978022702334
2,scaled_gp,14,24.99287734290691,0.15321638174791796,20.334480459122496,51.68768153285619,50.39121567630548
2,scaled_gp,15,14.269277973028531,0.22686461359518395,27.90184463718274,81.22884172042275,81.02273537083909
2,scaled_gp,16,12.796575236865117,0.057942095746391184,40.29143851014993,85.15364033135458,84.55792784524735
2,scaled_gp,17,18.670664921993456,0.0718697750681377,34.81645280104597,88.35782591882483,87.8042065844243
2,scaled_gp,18,19.85732066630606,0.2571414652028373,36.01081447280828,86.46515380393448,84.41296817682246
2,scaled_gp,19,17.90967605750022,0.0774886247053158,38.82444737219042,87.41549752764631,89.25971066704088
2,scaled_gp,20,14.165098203934734,0.09722020641480657,36.14910688279568,90.40742576410176,89.37678277919575
3,random,1,22.204046641231624,0.2345310686284196,59.92250448462967,38.35902604589207,40.78626576421951
3,random,2,11.149817732178224,0.19088146761900254,32.47419527497509,82.86615271640275,82.15467261667132
3,random,3,13.8486629975463,0.1045383327433317,36.53722944089019,86.43673335868463,89.34174357699345
3,random,4,10.818607967181418,0.13868649516938164,27.12096839813636,77.18641059626427,75.26130422633669
3,random,5,20.628933449963306,0.12238702492215815,46.83870113271048,80.02258656709216,80.45607947669667
3,random,6,24.586582338261895,0.06672155838909995,38.23429683747948,72.65735330825845,72.83454163912906
3,random,7,27.42882557102261,0.09544004373822866,28.533043753611945,52.64231128266991,54.516973032655
3,random,8,24.598606599851813,0.28163020337030037,34.74627533741659,67.47645641836581,68.06589864810091
3,random,9,16.78181449555251,0.20617146678477904,33.54836206308338,89.08050528233777,89.46881628446442
3,random,10,12.194943630443106,0.2309273188919273,45.21736315100533,81.58804381879767,79.98231451616053
3,random,11,21.839376282819387,0.08584928102130628,48.4002730697105,73.52156756226933,73.72136308988264
3,random,12,17.83308979272074,0.2602431915291343,26.091917426180103,75.39738353184231,76.28274554883674
3,random,13,5.7003313565214775,0.17487074101890882,21.618509314946813,40.11085739785207,42.41662808388035
3,random,14,17.764957327718257,0.25721893101452015,29.6650385447146,80.92344407683518,82.09068139213976
3,random,15,18.106518896172503,0.07929008354357132,52.42284773553144,70.24262171313262,71.53950658192164
3,random,16,24.927996564569316,0.2687200882314882,28.45201759032328,58.08253758142716,62.05515588215947
3,random,17,6.192931182528986,0.19506728495754178,41.51802239092822,64.5166074911452,63.33709871388142
3,random,18,21.63638416290314,0.06669352282946282,43.63993702494281,80.02334006777191,79.61249564372227
3,random,19,19.027460405130146,0.16461671405724027,44.51741358098907,86.31846700354089,86.37799917386039
3,random,20,21.599215301730194,0.08971228656813056,35.95197157109759,84.15665332946497,83.85394610897767
3,original_gp,1,22.204046641231624,0.2345310686284196,59.92250448462967,38.35902604589207,40.78626576421951
3,original_gp,2,11.149817732178224,0.19088146761900254,32.47419527497509,82.86615271640275,82.15467261667132
3,original_gp,3,13.8486629975463,0.1045383327433317,36.53722944089019,86.43673335868463,89.34174357699345
3,original_gp,4,10.818607967181418,0.13868649516938164,27.12096839813636,77.18641059626427,75.26130422633669
3,original_gp,5,20.628933449963306,0.12238702492215815,46.83870113271048,80.02258656709216,80.45607947669667
3,original_gp,6,24.586582338261895,0.06672155838909995,38.23429683747948,72.65735330825845,72.83454163912906
3,original_gp,7,27.42882557102261,0.09544004373822866,28.533043753611945,52.64231128266991,54.516973032655
3,original_gp,8,24.598606599851813,0.28163020337030037,34.74627533741659,67.47645641836581,68.06589864810091
3,original_gp,9,16.09685603209615,0.09246851657838905,40.40082726962265,89.57392519142766,89.96223619355432
3,original_gp,10,14.769730377804663,0.16749835014941933,39.99020696339935,92.23870370043846,90.63297439780132
3,original_gp,11,14.557674827255394,0.29806436555179455,41.795654781078085,80.61161316485925,80.81140869247257
3,original_gp,12,17.064304768915513,0.25739676527627586,39.1470902049053,86.20436944677978,87.08973146377421
3,original_gp,13,16.546298746482186,0.13952610087673523,39.552510500276625,89.31278844705287,91.61855913308115
3,original_gp,14,15.84401677527217,0.24351367123088286,39.29284843819069,86.97011706229746,88.13735437760204
3,original_gp,15,15.490624016953825,0.10007724063903072,39.06280544399927,89.25610353307458,90.5529884018636
3,original_gp,16,17.29327849391949,0.21070537148118795,38.496279223868534,86.31659637301833,90.28921467375064
3,original_gp,17,16.467855360386032,0.1877173101096326,38.736045606232224,92.48798756578245,91.30847878851867
3,original_gp,18,15.54339171464822,0.23726787467461946,37.47747694094841,89.13575620800357,88.72491178395393
3,original_gp,19,15.80190874948592,0.2477955122649197,38.112431532049634,87.96304430299031,88.02257647330981
3,original_gp,20,16.14404908347324,0.06216396172083112,37.51872111645614,89.18493607009529,88.88222884960798
3,scaled_gp,1,22.204046641231624,0.2345310686284196,59.92250448462967,38.35902604589207,40.78626576421951
3,scaled_gp,2,11.149817732178224,0.19088146761900254,32.47419527497509,82.86615271640275,82.15467261667132
3,scaled_gp,3,13.8486629975463,0.1045383327433317,36.53722944089019,86.43673335868463,89.34174357699345
3,scaled_gp,4,10.818607967181418,0.13868649516938164,27.12096839813636,77.18641059626427,75.26130422633669
3,scaled_gp,5,20.628933449963306,0.12238702492215815,46.83870113271048,80.02258656709216,80.45607947669667
3,scaled_gp,6,24.586582338261895,0.06672155838909995,38.23429683747948,72.65735330825845,72.83454163912906
3,scaled_gp,7,27.42882557102261,0.09544004373822866,28.533043753611945,52.64231128266991,54.516973032655
3,scaled_gp,8,24.598606599851813,0.28163020337030037,34.74627533741659,67.47645641836581,68.06589864810091
3,scaled_gp,9,5.052942110084247,0.0873233290262866,42.85927828055133,54.98381028529273,55.37212128741939
3,scaled_gp,10,16.67600546410373,0.2101741686512053,41.99681158874342,90.53190743547052,88.92617813283337
3,scaled_gp,11,17.664011266357175,0.22953823446110377,35.19350896742709,88.50534954819213,88.70514507580545
3,scaled_gp,12,17.99313840960733,0.1120761742979589,39.408224222770876,89.69068020834332,90.57604222533776
3,scaled_gp,13,17.574214142432627,0.28413580962079144,41.010117273994595,81.22310527679545,83.52887596282373
3,scaled_gp,14,16.241195070778684,0.28643210442820494,20.032435571112593,58.96126547317806,60.128502788482635
3,scaled_gp,15,15.950423598486447,0.1599426085458383,37.11846292826557,90.57641874708891,91.87330361587793
3,scaled_gp,16,18.200694038015385,0.1662342674951388,37.984304979848964,87.18010696501041,91.15272526574272
3,scaled_gp,17,14.281360838316417,0.09133219551965528,47.9224558147224,81.88194751501995,80.70243873775617
3,scaled_gp,18,12.921454246003858,0.20248001505027147,39.85035588194307,87.66575238207525,87.25490795802561
3,scaled_gp,19,15.4413910035517,0.1549015136696279,42.064989704199974,89.98356416338261,90.04309633370211
3,scaled_gp,20,15.78163804766062,0.13819905158177764,41.007279047702895,91.13391078794082,90.83120356745351
4,random,1,25.98506621784543,0.12550413837925156,38.382989132162464,68.34689326513396,69.20598723155337
4,random,2,14.079683306920439,0.12581758877396387,29.55449391555181,85.58640927020996,85.2511158161778
4,random,3,14.083598852818895,0.18754493310853554,39.199414562827926,89.94070788527307,89.74536178461757
4,random,4,24.836192912520932,0.11980769568965326,46.30585748395213,70.46160766564651,68.05889175326745
4,random,5,21.671072222660168,0.25657002455464595,24.186961383743643,65.94638239614572,66.59317518774233
4,random,6,15.224408791106057,0.28735264161787555,55.237438494716756,59.42825316831741,58.8775795548759
4,random,7,23.953360117214984,0.05006437020221073,39.78599084496201,73.60363538023702,73.69894336808493
4,random,8,15.766774782100336,0.1091402945364708,57.36529250511077,57.276014274401604,59.62740127764364
4,random,9,23.42033564560014,0.1666012824023948,39.73400423615835,78.23680277924426,79.51773561292352
4,random,10,13.94401048369319,0.26867626077803897,59.43980077352282,44.982465617787355,46.224718810679775
4,random,11,20.219632704304004,0.2683686898763775,46.283004173198016,76.44594462577527,76.7653314545349
4,random,12,24.719695935786696,0.19883573373754115,22.85317374065963,58.23374507522686,56.992816567225105
4,random,13,13.205280925068765,0.17000833820128164,31.32022821732307,86.91186118792194,86.07090677241273
4,random,14,29.160397783437244,0.1242688243937264,59.10750286873656,16.057242003813997,14.313010214255286
4,random,15,10.162720431680015,0.21400002163966558,47.021541332349855,75.13011696692706,73.06854086279571
4,random,16,26.943441170357726,0.08793964281591495,30.712661161027054,56.9281278022579,59.507601475590384
4,random,17,28.173970256801535,0.17973304318656225,28.583757213211378,49.21519024652323,51.21603223333787
4,random,18,21.729946618592052,0.10458741523077843,54.36435955964739,63.02324703896988,61.584463580935065
4,random,19,5.460783892153752,0.1480627153735839,23.9521237267174,46.78829422676107,46.84882958108359
4,random,20,10.314341387640914,0.25592617341375046,30.197629679588584,72.87787262755373,73.68029621349095
4,original_gp,1,25.98506621784543,0.12550413837925156,38.382989132162464,68.34689326513396,69.20598723155337
4,original_gp,2,14.079683306920439,0.12581758877396387,29.55449391555181,85.58640927020996,85.2511158161778
4,original_gp,3,14.083598852818895,0.18754493310853554,39.199414562827926,89.94070788527307,89.74536178461757
4,original_gp,4,24.836192912520932,0.11980769568965326,46.30585748395213,70.46160766564651,68.05889175326745
4,original_gp,5,21.671072222660168,0.25657002455464595,24.186961383743643,65.94638239614572,66.59317518774233
4,original_gp,6,15.224408791106057,0.28735264161787555,55.237438494716756,59.42825316831741,58.8775795548759
4,original_gp,7,23.953360117214984,0.05006437020221073,39.78599084496201,73.60363538023702,73.69894336808493
4,original_gp,8,15.766774782100336,0.1091402945364708,57.36529250511077,57.276014274401604,59.62740127764364
4,original_gp,9,13.539571887326696,0.2834363879617586,36.930240688400936,81.37995560697945,82.66088844065871
4,original_gp,10,15.425021581256502,0.2025752237717186,38.553724547970255,89.27436366121839,90.51661685411081
4,original_gp,11,16.127442774464694,0.2963038363445392,40.23229941561406,82.48675163028865,82.80613845904828
4,original_gp,12,14.059818653495464,0.12751360182996918,34.452120633851095,90.80688652553243,89.56595801753068
4,original_gp,13,13.741718003557395,0.14897475128205506,34.73547242213603,90.32709505025927,89.48614063475006
4,original_gp,14,14.667370344165318,0.08524048266099361,33.2328311051235,89.77038246111299,88.02615067155428
4,original_gp,15,14.080351272930667,0.12804981172863011,34.565606153442374,91.71632342773263,89.65474732360128
4,original_gp,16,14.426293380642859,0.17815424327403023,35.256695583205456,87.62580379863,90.20527747196249
4,original_gp,17,14.515561272536644,0.11616597199797539,34.14508543066615,87.65632602568226,89.65716801249691
4,original_gp,18,15.216368122737576,0.10243274784961472,35.03566982864198,91.63596451262119,90.19718105458637
4,original_gp,19,15.365257756530344,0.15145627008795431,34.06986535213977,90.67544047067511,90.73597582499764
4,original_gp,20,16.365470903396563,0.08944412780551618,33.972512044498295,88.73079272961392,89.53321631555114
4,scaled_gp,1,25.98506621784543,0.12550413837925156,38.382989132162464,68.34689326513396,69.20598723155337
4,scaled_gp,2,14.079683306920439,0.12581758877396387,29.55449391555181,85.58640927020996,85.2511158161778
4,scaled_gp,3,14.083598852818895,0.18754493310853554,39.199414562827926,89.94070788527307,89.74536178461757
4,scaled_gp,4,24.836192912520932,0.11980769568965326,46.30585748395213,70.46160766564651,68.05889175326745
4,scaled_gp,5,21.671072222660168,0.25657002455464595,24.186961383743643,65.94638239614572,66.59317518774233
4,scaled_gp,6,15.224408791106057,0.28735264161787555,55.237438494716756,59.42825316831741,58.8775795548759
4,scaled_gp,7,23.953360117214984,0.05006437020221073,39.78599084496201,73.60363538023702,73.69894336808493
4,scaled_gp,8,15.766774782100336,0.1091402945364708,57.36529250511077,57.276014274401604,59.62740127764364
4,scaled_gp,9,13.556412538823377,0.082356871868538,46.676129721074574,79.98654473491888,81.26747756859814
4,scaled_gp,10,5.377358877948894,0.08822032594905789,33.00908412184019,56.68930314030911,57.93155633320153
4,scaled_gp,11,12.450865476913183,0.2511711167507655,37.1959604361668,83.4801074243781,83.79949425313774
4,scaled_gp,12,16.44886872634268,0.09377710978545796,35.956513371860524,91.7852814748851,90.54435296688334
4,scaled_gp,13,16.765709279741067,0.2369960570297741,40.23498654405061,89.19756637299196,88.35661195748274
4,scaled_gp,14,15.75433277654165,0.06680376969828274,37.1608252926201,90.82737863438703,89.08314684482832
4,scaled_gp,15,15.497341250112102,0.26457755317084947,33.371275741234136,87.1953295653084,85.13375346117705
4,scaled_gp,16,16.07512602307485,0.07161712420985704,35.93281810534434,86.72136203847235,89.30083571180484
4,scaled_gp,17,13.275444481263444,0.19067590650123006,20.446193410519484,63.47132115664031,65.47216314345495
4,scaled_gp,18,15.20734437078932,0.07782383484046039,40.84312102924514,90.04316762995295,88.60438417191813
4,scaled_gp,19,29.378288476980874,0.2923215726437652,59.23179612428075,4.593037082690772,4.653572437013295
4,scaled_gp,20,17.245454501050652,0.23291715453117778,41.17401096870743,87.22868047670512,88.03110406264234
5,random,1,10.281968003460891,0.1320845664964972,59.0366902604206,45.20677745091759,45.09931222959295
5,random,2,23.36732830868716,0.17945922802611108,35.49740542268247,78.62922696107053,79.5419812255301
5,random,3,20.86465719200254,0.2644526101666558,41.847218779659244,79.17842166372222,80.48581702003318
5,random,4,5.361829234645453,0.14937322341040526,28.00621939496558,52.58510308304548,53.7745812467708
5,random,5,21.70300134361514,0.20880141635913763,32.443235738796176,79.53108978566897,81.80348244477744
5,random,6,8.402680079992741,0.05003788397928942,39.73548178034108,70.2942709393639,71.21159236930926
5,random,7,9.097634987030041,0.07338760387688585,52.045910006811305,58.976601737950126,59.02678452369932
5,random,8,15.95223095699801,0.24393750049270185,21.246164463219497,64.63311259220275,67.26031209681892
5,random,9,17.536707183418322,0.05816520263769186,32.059895383651835,84.10858739428653,85.99027849238672
5,random,10,5.952231823530736,0.25679544195002346,59.8869742507463,18.056763543912677,19.529910767059008
5,random,11,22.38171521040034,0.08277881056426663,55.403358618176235,55.16529166900624,55.90146123739238
5,random,12,20.36506991473932,0.22359815872038696,27.662879188649367,75.59228384154412,78.35711738316313
5,random,13,19.0425984787638,0.23942725567305967,43.566096729067446,83.88634806566432,84.24110225894886
5,random,14,17.378008501382237,0.07551685434221454,58.54904511689395,55.28240084705256,54.143195646400606
5,random,15,27.496503225559668,0.15363519367853773,20.055990085010688,38.75984424097513,37.42046479619212
5,random,16,21.88022930253445,0.22775446701149837,46.842584942956584,78.48951549511852,75.36226883363182
5,random,17,17.3127603971692,0.07890288404732111,21.39207511503649,68.51612819834129,69.05571564751273
5,random,18,24.107165192491934,0.17942197782694452,23.911236035029937,62.91445958790881,62.41413783418159
5,random,19,25.62510323916891,0.22746506096828523,26.74394935594745,61.44192913621084,59.527378413705335
5,random,20,25.261609489979886,0.18616925607899587,43.837027940157924,70.42143944087307,69.07262990300303
5,original_gp,1,10.281968003460891,0.1320845664964972,59.0366902604206,45.20677745091759,45.09931222959295
5,original_gp,2,23.36732830868716,0.17945922802611108,35.49740542268247,78.62922696107053,79.5419812255301
5,original_gp,3,20.86465719200254,0.2644526101666558,41.847218779659244,79.17842166372222,80.48581702003318
5,original_gp,4,5.361829234645453,0.14937322341040526,28.00621939496558,52.58510308304548,53.7745812467708
5,original_gp,5,21.70300134361514,0.20880141635913763,32.443235738796176,79.53108978566897,81.80348244477744
5,original_gp,6,8.402680079992741,0.05003788397928942,39.73548178034108,70.2942709393639,71.21159236930926
5,original_gp,7,9.097634987030041,0.07338760387688585,52.045910006811305,58.976601737950126,59.02678452369932
5,original_gp,8,15.95223095699801,0.24393750049270185,21.246164463219497,64.63311259220275,67.26031209681892
5,original_gp,9,19.50271694208073,0.1607546022810179,37.01449325437021,87.79910971124184,89.68080080934203
5,original_gp,10,18.935588760754595,0.22858775551330962,36.397813892647164,86.47623036010792,87.94937758325425
5,original_gp,11,16.570563057303925,0.12220077449835233,36.49845651066475,90.87321972107085,91.609389289457
5,original_gp,12,17.13714014713634,0.1349977756965885,35.581947859887435,88.74933895201258,91.51417249363159
5,original_gp,13,17.14379253801815,0.05684198527173247,36.612987685883546,88.00731904783711,88.36207324112165
5,original_gp,14,16.68953925555213,0.10177400606718669,37.09008835283457,92.18648311730148,91.04727791664953
5,original_gp,15,16.586759604922946,0.061090460190048226,36.956210943938366,90.15187860683506,88.81249916205205
5,original_gp,16,16.273123047456878,0.22732091755539208,35.23713254003165,92.31332312563411,89.1860764641474
5,original_gp,17,15.69635028850925,0.2957459571441771,36.32457650551768,82.69166609527436,83.23125354444579
5,original_gp,18,16.589960400879285,0.108403297429976,36.85365033467974,91.77276283822725,91.27244108450003
5,original_gp,19,16.630360290760528,0.08879448742419623,35.84993664662715,92.19403963767543,90.27948891516992
5,original_gp,20,16.368962416012742,0.2700482716720698,35.59476203967616,87.28948727834859,85.94067774047855
5,scaled_gp,1,10.281968003460891,0.1320845664964972,59.0366902604206,45.20677745091759,45.09931222959295
5,scaled_gp,2,23.36732830868716,0.17945922802611108,35.49740542268247,78.62922696107053,79.5419812255301
5,scaled_gp,3,20.86465719200254,0.2644526101666558,41.847218779659244,79.17842166372222,80.48581702003318
5,scaled_gp,4,5.361829234645453,0.14937322341040526,28.00621939496558,52.58510308304548,53.7745812467708
5,scaled_gp,5,21.70300134361514,0.20880141635913763,32.443235738796176,79.53108978566897,81.80348244477744
5,scaled_gp,6,8.402680079992741,0.05003788397928942,39.73548178034108,70.2942709393639,71.21159236930926
5,scaled_gp,7,9.097634987030041,0.07338760387688585,52.045910006811305,58.976601737950126,59.02678452369932
5,scaled_gp,8,15.95223095699801,0.24393750049270185,21.246164463219497,64.63311259220275,67.26031209681892
5,scaled_gp,9,28.486611442776073,0.2942416884462384,28.395889898897654,39.245543898909055,41.12723499700924
5,scaled_gp,10,21.318725224862003,0.07793578502170674,55.28807493424718,57.33127535718685,58.80442258033318
5,scaled_gp,11,18.173324039092236,0.2924386502588576,59.2077133952882,44.75033379347881,45.486503361864955
5,scaled_gp,12,7.21310695851053,0.1386144757963899,33.728822185017194,66.48397623383073,69.24880977544974
5,scaled_gp,13,17.14379253801815,0.05684198527173247,36.612987685883546,88.00731904783711,88.36207324112165
5,scaled_gp,14,16.230512685915535,0.2983288604142772,34.70233148640614,83.69431308586321,82.55510788521127
5,scaled_gp,15,18.808505920595103,0.053875606864634926,38.72287473697561,88.1914861563838,86.8521067116008
5,scaled_gp,16,18.579482191461572,0.09484888504176696,37.07633309281781,92.81516743102145,89.68792076953474
5,scaled_gp,17,29.78613338508472,0.1852071698095898,58.13998412965697,12.753543957063012,13.293131406234444
5,scaled_gp,18,16.88172075444507,0.15994252184884356,39.38980293662455,92.13864416270582,91.6383224089786
5,scaled_gp,19,17.473967883824862,0.1373602574597682,37.69881314897076,93.61032999277529,91.69577927026978
5,scaled_gp,20,16.197398502636474,0.14452084863290482,37.45761559545674,93.3137654664171,91.96495592854706
6,random,1,8.489508219997303,0.22907303978055948,36.512434085493034,73.78621503003826,73.37896419773246
6,random,2,23.49762333291639,0.16333429351047324,28.875029543203674,72.8377412265856,73.73598633883789
6,random,3,17.381937376856627,0.1601194616682604,58.36369718502357,57.15650816448998,56.941076395774836
6,random,4,24.08821185279428,0.13679672058370101,21.72259513993442,57.38261451819279,57.620909254866476
6,random,5,8.978899312904758,0.23097979239072347,52.163867674684575,57.9946695544212,58.032849188933255
6,random,6,10.623817455596022,0.24768482689731353,41.27785816263662,77.3736028350627,78.40891253006724
6,random,7,6.211103268626432,0.15993521643968767,38.078165953129115,65.40329841194755,65.46842553295258
6,random,8,16.72515715855453,0.05318946501172918,37.838966064230156,86.44422316189961,88.22922235018585
6,random,9,25.73265590508865,0.23301535096633913,47.01809038188084,60.58149758758981,60.68537327471994
6,random,10,28.715138837360062,0.24858803621278142,38.41487432568089,52.17994821045072,50.74279583974418
6,random,11,13.521167532647675,0.07414704473386265,51.38051996856778,71.71635912433115,72.06666418599455
6,random,12,13.407650339868688,0.13976998195589935,42.74933438141048,86.15403802857628,87.36304117136974
6,random,13,29.56088143157374,0.16052226788205026,41.69244133386781,48.570026292507876,47.90293166200655
6,random,14,7.914588210619806,0.08420886741308874,49.548502191459875,60.382121449418925,60.2279744462564
6,random,15,21.340089811883157,0.20628457100743725,59.32621711218435,48.69729933686954,46.765501205572996
6,random,16,7.806614391463116,0.1761413972799719,28.652591029897977,66.10382299872771,66.57078096588188
6,random,17,24.960559471605432,0.23920483157428774,32.47019945858494,69.4191515573864,68.89782108746456
6,random,18,10.449812827306559,0.27008247561858006,42.4674596504842,76.50973976901777,75.1068359832341
6,random,19,25.92935476716758,0.17982099407949154,55.672408238248565,44.12248938609609,42.99718679936272
6,random,20,26.851284627196044,0.06224772165105803,35.2611626412554,62.10608183326668,61.73155028200879
6,original_gp,1,8.489508219997303,0.22907303978055948,36.512434085493034,73.78621503003826,73.37896419773246
6,original_gp,2,23.49762333291639,0.16333429351047324,28.875029543203674,72.8377412265856,73.73598633883789
6,original_gp,3,17.381937376856627,0.1601194616682604,58.36369718502357,57.15650816448998,56.941076395774836
6,original_gp,4,24.08821185279428,0.13679672058370101,21.72259513993442,57.38261451819279,57.620909254866476
6,original_gp,5,8.978899312904758,0.23097979239072347,52.163867674684575,57.9946695544212,58.032849188933255
6,original_gp,6,10.623817455596022,0.24768482689731353,41.27785816263662,77.3736028350627,78.40891253006724
6,original_gp,7,6.211103268626432,0.15993521643968767,38.078165953129115,65.40329841194755,65.46842553295258
6,original_gp,8,16.72515715855453,0.05318946501172918,37.838966064230156,86.44422316189961,88.22922235018585
6,original_gp,9,17.864989652243935,0.18332986076472357,38.56135224231883,90.89585579116626,90.99973147829638
6,original_gp,10,19.032541255515525,0.1661843265820307,39.03308200208002,91.54091086321085,90.10375849250431
6,original_gp,11,20.84441557143235,0.291694885521803,39.94523386312309,78.42189854916677,78.77220361083018
6,original_gp,12,16.40210841306673,0.16550659605479295,36.82331934317024,90.65578762111964,91.8647907639131
6,original_gp,13,16.501733991001448,0.16910372674420315,36.092456841212666,92.36261870910533,91.69552407860401
6,original_gp,14,16.627146222860087,0.07002038435662906,36.497648325331944,89.51103318490432,89.35688618174179
6,original_gp,15,16.732204233472768,0.20067109018972706,36.08377098957996,92.73083830858326,90.79904017728671
6,original_gp,16,17.691787591892762,0.1870511766192935,34.918038515026694,90.09551473245796,90.56247269961213
6,original_gp,17,16.092398308113566,0.23911989037617903,36.95127445029645,89.278765762538,88.75743529261617
6,original_gp,18,16.496792991512706,0.2320451363939125,34.712457577475774,90.08870803160974,88.68580424582608
6,original_gp,19,17.404815314483233,0.18060388987354742,34.979640644383636,92.0378137657302,90.91251117899684
6,original_gp,20,17.615273063212992,0.12868710292904278,36.071480582223586,91.71862379909574,91.34409224783785
6,scaled_gp,1,8.489508219997303,0.22907303978055948,36.512434085493034,73.78621503003826,73.37896419773246
6,scaled_gp,2,23.49762333291639,0.16333429351047324,28.875029543203674,72.8377412265856,73.73598633883789
6,scaled_gp,3,17.381937376856627,0.1601194616682604,58.36369718502357,57.15650816448998,56.941076395774836
6,scaled_gp,4,24.08821185279428,0.13679672058370101,21.72259513993442,57.38261451819279,57.620909254866476
6,scaled_gp,5,8.978899312904758,0.23097979239072347,52.163867674684575,57.9946695544212,58.032849188933255
6,scaled_gp,6,10.623817455596022,0.24768482689731353,41.27785816263662,77.3736028350627,78.40891253006724
6,scaled_gp,7,6.211103268626432,0.15993521643968767,38.078165953129115,65.40329841194755,65.46842553295258
6,scaled_gp,8,16.72515715855453,0.05318946501172918,37.838966064230156,86.44422316189961,88.22922235018585
6,scaled_gp,9,23.356905794281015,0.2946831353680318,40.20135653027821,71.18476501269491,71.28864069982504
6,scaled_gp,10,16.07726176821155,0.26383663266059454,32.37987488596939,86.1117093986852,84.67455702797866
6,scaled_gp,11,8.32050922421126,0.25787376497343495,21.03090503102523,48.57049080494697,48.920795866610376
6,scaled_gp,12,16.17583932479701,0.0634866479779188,34.88374488795787,87.22331952522798,88.43232266802144
6,scaled_gp,13,14.64825822849383,0.10554511581226549,36.4081042589994,90.92398413742094,90.25688950691962
6,scaled_gp,14,15.178455912873899,0.2598508485095034,37.51242529047788,86.89063139127742,86.73648438811489
6,scaled_gp,15,29.918766441437988,0.24409652476162613,58.712191724008264,9.377746321058057,7.445948189761509
6,scaled_gp,16,14.546533094581338,0.06742090567974098,33.731292931163864,86.715058830047,87.18201679720117
6,scaled_gp,17,15.547742259526933,0.29134592722524444,35.28865515833253,83.91195963088192,83.39062916096009
6,scaled_gp,18,16.898326662457563,0.15326471709613476,38.18265142080007,93.32169336520477,91.9187895794211
6,scaled_gp,19,16.81218313205214,0.14048122716146172,37.305943821371905,93.06168257117113,91.93637998443776
6,scaled_gp,20,17.090399849079752,0.19698368786262882,37.36998792931433,91.40304953465845,91.02851798340056
7,random,1,25.58256901887941,0.06299939436255698,35.45341914098512,66.48492872023844,68.01401339481133
7,random,2,24.872214885541815,0.1573206537582308,50.25537169495348,62.63253520714591,61.439107122885204
7,random,3,10.561105264193792,0.05563541135876891,45.61452635409409,71.62408782729155,74.35286905737883
7,random,4,28.737053103402747,0.14435353056777722,22.32630529323536,35.22742991212821,36.13159890497791
7,random,5,25.33815514462418,0.2538693616441474,20.001593637536892,44.42418933029879,43.66067767647206
7,random,6,17.78634700576358,0.11660226685492812,39.68393815350851,89.10649896640219,90.75859754483098
7,random,7,16.4723228098069,0.13748680970218996,27.521281131687655,82.96747195425236,83.97119010048905
7,random,8,29.751100249773753,0.05537181866683204,47.23844896939525,35.047122221813,36.9332973952811
7,random,9,20.31243831171617,0.1496923698233643,29.763197360318866,85.24552015227796,83.5776414684793
7,random,10,22.94643024086634,0.24633222199170174,43.97057687146533,73.5423318076578,74.54945628590421
7,random,11,20.978167207578096,0.27305925214830973,50.8976570390129,65.51742192205053,66.5692956687216
7,random,12,26.131615727989082,0.2754697581320462,25.266822794433637,51.94661670778383,50.53888057137958
7,random,13,21.356769319200403,0.14278275632784676,59.94796553854342,43.90162826419834,45.769219956958466
7,random,14,6.975118843182075,0.2193035629546839,36.93042764058973,63.84546775338106,67.37201318802984
7,random,15,15.91487773258233,0.22896373285609822,26.346095321053603,77.62567979165469,79.46753237345351
7,random,16,9.801354968514087,0.1797025397164141,32.76170069701974,79.38464726649318,78.63302391652536
7,random,17,7.395947919798752,0.16283759899097855,20.87986656724035,49.23101617037287,49.114830525285754
7,random,18,29.673116396865925,0.10339760759879056,57.43185034296228,15.037937025367128,15.966245260109364
7,random,19,18.37816085153765,0.24457895786898398,35.24460829705981,82.56403021248845,87.13311290660931
7,random,20,12.487770247517897,0.2338707273982747,46.50687346407792,76.36476368404277,78.6718819697652
7,original_gp,1,25.58256901887941,0.06299939436255698,35.45341914098512,66.48492872023844,68.01401339481133
7,original_gp,2,24.872214885541815,0.1573206537582308,50.25537169495348,62.63253520714591,61.439107122885204
7,original_gp,3,10.561105264193792,0.05563541135876891,45.61452635409409,71.62408782729155,74.35286905737883
7,original_gp,4,28.737053103402747,0.14435353056777722,22.32630529323536,35.22742991212821,36.13159890497791
7,original_gp,5,25.33815514462418,0.2538693616441474,20.001593637536892,44.42418933029879,43.66067767647206
7,original_gp,6,17.78634700576358,0.11660226685492812,39.68393815350851,89.10649896640219,90.75859754483098
7,original_gp,7,16.4723228098069,0.13748680970218996,27.521281131687655,82.96747195425236,83.97119010048905
7,original_gp,8,29.751100249773753,0.05537181866683204,47.23844896939525,35.047122221813,36.9332973952811
7,original_gp,9,15.819284533545584,0.262665626791203,36.5858873436987,88.40776975725643,86.73989107345777
7,original_gp,10,17.450679639322935,0.09662145648345845,36.59546561374158,89.56176541794495,90.56888989619137
7,original_gp,11,17.149236721461627,0.14160842156039682,35.50289807340941,90.49550844930681,91.54738219597787
7,original_gp,12,16.707060129580448,0.06680126461005566,34.89930507829665,90.08711670783251,88.67938057142825
7,original_gp,13,17.700461215451362,0.13289302267564568,35.62870966594027,89.37493385437111,91.24252554713124
7,original_gp,14,16.35562225178682,0.19780863832318257,35.86503663105148,87.34012855505543,90.86667398970421
7,original_gp,15,17.548203872411584,0.232871890562583,36.1470533276996,86.98992730465272,88.83177988645154
7,original_gp,16,17.07120985830941,0.21295170657472307,34.50015211970159,90.36495924574787,89.61333589578005
7,original_gp,17,17.091821073287978,0.2674119825466894,33.99413429950798,85.53110559638162,85.41491995129451
7,original_gp,18,17.588086973354443,0.08529801462113028,38.065384171285444,89.07559694418367,90.0039051789259
7,original_gp,19,16.74775127839592,0.20652258295004822,37.88996498500938,86.12548536339172,90.69456805751258
7,original_gp,20,18.07978235379825,0.1844652387164437,34.70616188360381,87.96937005737166,90.27648834309409
7,scaled_gp,1,25.58256901887941,0.06299939436255698,35.45341914098512,66.48492872023844,68.01401339481133
7,scaled_gp,2,24.872214885541815,0.1573206537582308,50.25537169495348,62.63253520714591,61.439107122885204
7,scaled_gp,3,10.561105264193792,0.05563541135876891,45.61452635409409,71.62408782729155,74.35286905737883
7,scaled_gp,4,28.737053103402747,0.14435353056777722,22.32630529323536,35.22742991212821,36.13159890497791
7,scaled_gp,5,25.33815514462418,0.2538693616441474,20.001593637536892,44.42418933029879,43.66067767647206
7,scaled_gp,6,17.78634700576358,0.11660226685492812,39.68393815350851,89.10649896640219,90.75859754483098
7,scaled_gp,7,16.4723228098069,0.13748680970218996,27.521281131687655,82.96747195425236,83.97119010048905
7,scaled_gp,8,29.751100249773753,0.05537181866683204,47.23844896939525,35.047122221813,36.9332973952811
7,scaled_gp,9,19.477602247331532,0.05059574697213516,42.541826254287834,85.46526673168502,83.79738804788636
7,scaled_gp,10,5.332914611527063,0.2844880817473173,25.86112239949567,41.74503110660119,42.7521555848476
7,scaled_gp,11,18.220416540257826,0.29656971906947643,52.18394089089149,64.36564535911305,65.41751910578411
7,scaled_gp,12,16.97052986331419,0.06057842166534029,52.57104703549778,71.98298237989705,70.5752462434928
7,scaled_gp,13,20.153429500179435,0.1431058600628503,56.22049783234057,58.73994673560189,60.60753842836202
7,scaled_gp,14,18.752986095572865,0.08081756317808562,33.80709623091643,84.19898109297586,87.72552652762464
7,scaled_gp,15,14.882570078984795,0.05650460209285489,33.64343562917581,84.81772465922137,86.65957724102019
7,scaled_gp,16,16.222816466989784,0.27884394363627735,37.43581037861979,86.09178132292608,85.34015797295827
7,scaled_gp,17,5.1687639056853705,0.1713134178542957,59.42705913392932,21.371579295533063,21.255393650445953
7,scaled_gp,18,15.792432801218224,0.09192583343357015,37.60309930952148,89.59663504369573,90.52494327843796
7,scaled_gp,19,16.8381413061807,0.11052858173718892,39.39437206530419,86.49204363452725,91.06112632864811
7,scaled_gp,20,16.2365496367882,0.13780438289403263,37.98053652914071,89.59756373170325,91.90468201742567
8,random,1,19.40982696050206,0.16296186323451223,45.42430663284432,86.13491739031248,84.79245195667251
8,random,2,26.50157684273841,0.282950565104221,41.2997624296963,59.30293152431189,58.766718498316486
8,random,3,11.377161534523719,0.1641430447475744,28.091070021442086,79.47245720760519,78.27688416095394
8,random,4,19.95172229474388,0.055468278860777195,23.073678463328807,68.14762383228035,68.79740453302065
8,random,5,21.12459860537853,0.2160078853204379,51.526655285603965,70.40725021375422,69.17069088489937
8,random,6,15.510460103848482,0.25341094414229365,41.63944596160232,86.93153635001305,86.10687232159883
8,random,7,20.898054406059558,0.16308028007745928,42.67687916740972,82.4119993286284,84.95183563645625
8,random,8,25.100546876633196,0.26848718445719466,53.54663676594833,48.66884028079167,47.29239908360866
8,random,9,21.04375605761879,0.138351537636285,37.21068859542946,83.0673780574702,86.77759946493241
8,random,10,11.623565656059053,0.1428097916271242,35.617930906030196,85.2770950618654,85.75104265777205
8,random,11,18.340524198289344,0.08684759033895502,35.596326452497,93.6081375452692,89.26790909244225
8,random,12,7.042170275629432,0.18212024089766787,35.83538161004083,69.03207919846552,69.00300392533822
8,random,13,21.726165324782986,0.28446833326970405,22.277022147165326,58.98070122721715,59.39998156194451
8,random,14,10.289661917620652,0.13636622086448086,58.594186933040035,47.979854984043236,46.68639546294779
8,random,15,27.674002622652353,0.29088623989208395,44.774083919358,47.84209828363496,48.61285956159865
8,random,16,22.551634392941303,0.24316376002002232,23.469094441986364,61.90090519681598,63.62333095888333
8,random,17,7.485579495063231,0.09937266886580164,35.338950541760354,68.94850102793728,70.28619429605854
8,random,18,23.095565120272624,0.22132388914307166,41.080903399573835,75.06986311036552,78.06396178849715
8,random,19,28.60291561445098,0.226922663993477,50.666828242944106,40.771462926466576,39.14379063469308
8,random,20,8.1538901531137,0.19192027453457483,28.007845009687486,66.99781885698123,66.67460833029605
8,original_gp,1,19.40982696050206,0.16296186323451223,45.42430663284432,86.13491739031248,84.79245195667251
8,original_gp,2,26.50157684273841,0.282950565104221,41.2997624296963,59.30293152431189,58.766718498316486
8,original_gp,3,11.377161534523719,0.1641430447475744,28.091070021442086,79.47245720760519,78.27688416095394
8,original_gp,4,19.95172229474388,0.055468278860777195,23.073678463328807,68.14762383228035,68.79740453302065
8,original_gp,5,21.12459860537853,0.2160078853204379,51.526655285603965,70.40725021375422,69.17069088489937
8,original_gp,6,15.510460103848482,0.25341094414229365,41.63944596160232,86.93153635001305,86.10687232159883
8,original_gp,7,20.898054406059558,0.16308028007745928,42.67687916740972,82.4119993286284,84.95183563645625
8,original_gp,8,25.100546876633196,0.26848718445719466,53.54663676594833,48.66884028079167,47.29239908360866
8,original_gp,9,16.47489994528697,0.13283256157821016,43.16648800397935,85.60300580862541,89.31322721608763
8,original_gp,10,18.015141284906456,0.07393600266862203,43.70409589761619,85.55858197722975,86.0325295731364
8,original_gp,11,16.560162573415745,0.29805668178942124,40.72551157914304,86.73869716424451,82.39846871141756
8,original_gp,12,16.72717794481037,0.18794701887139198,43.34383802728241,88.70814689085597,88.67907161772867
8,original_gp,13,16.398729784184823,0.2372129657362655,44.23622678791453,84.90557508705645,85.3248554217838
8,original_gp,14,16.928033898288845,0.1273843325200355,42.632284821775876,90.93584110100214,89.6423815799067
8,original_gp,15,17.008532096400323,0.25471738711171465,41.593927946511016,85.43747535086919,86.20823662883288
8,original_gp,16,17.481307985134677,0.06266888750438378,43.50933511773284,84.09717492904421,85.81960069111156
8,original_gp,17,17.16331570065921,0.20658316834388407,40.5657874601828,88.51972360617944,89.8574168743007
8,original_gp,18,16.42454114053151,0.17129109508339707,38.151222155513764,88.78922629639362,91.78332497452526
8,original_gp,19,15.8587731291198,0.1703470259509029,36.39448747401339,93.26150609516104,91.63383380338755
8,original_gp,20,15.67918120852699,0.11159313626728658,34.1930294853678,90.68985546309135,90.36664493640617
8,scaled_gp,1,19.40982696050206,0.16296186323451223,45.42430663284432,86.13491739031248,84.79245195667251
8,scaled_gp,2,26.50157684273841,0.282950565104221,41.2997624296963,59.30293152431189,58.766718498316486
8,scaled_gp,3,11.377161534523719,0.1641430447475744,28.091070021442086,79.47245720760519,78.27688416095394
8,scaled_gp,4,19.95172229474388,0.055468278860777195,23.073678463328807,68.14762383228035,68.79740453302065
8,scaled_gp,5,21.12459860537853,0.2160078853204379,51.526655285603965,70.40725021375422,69.17069088489937
8,scaled_gp,6,15.510460103848482,0.25341094414229365,41.63944596160232,86.93153635001305,86.10687232159883
8,scaled_gp,7,20.898054406059558,0.16308028007745928,42.67687916740972,82.4119993286284,84.95183563645625
8,scaled_gp,8,25.100546876633196,0.26848718445719466,53.54663676594833,48.66884028079167,47.29239908360866
8,scaled_gp,9,12.963327155786848,0.10037236994534197,49.70805689076344,72.25467198100297,75.96489338846519
8,scaled_gp,10,17.453381283849993,0.19888394084463323,30.80851550491619,86.76088538715808,87.23483298306473
8,scaled_gp,11,11.419490077139695,0.2657721211280692,24.677342596349536,71.37241614024815,67.0321876874212
8,scaled_gp,12,14.71831275569843,0.1928168873978286,58.281158152419906,55.953635842954164,55.92456056982686
8,scaled_gp,13,5.237823895893485,0.21617775716011572,39.43256349218146,57.82098466609338,58.240265000820735
8,scaled_gp,14,14.194741069449048,0.06304270374119551,34.61480988379669,88.27433052728662,86.98087100619118
8,scaled_gp,15,17.006339312021474,0.13102024164466186,37.55518377110718,91.02080773653343,91.79156901449711
8,scaled_gp,16,17.437812991665538,0.067222163417565,36.8963019640557,87.28767673890292,89.01010250097026
8,scaled_gp,17,16.857960802811363,0.21041144403928913,38.082465161358385,89.14331446629085,90.4810077344121
8,scaled_gp,18,18.51175266524267,0.27116315643241373,39.908724133962274,81.65775377839181,84.65185245652344
8,scaled_gp,19,14.543893289200483,0.11807864727646648,38.5172548189638,92.18071023254825,90.55303794077476
8,scaled_gp,20,15.610568365375405,0.16767355532220513,38.528795105509026,91.91582299589706,91.59261246921189
9,random,1,18.05849319787327,0.19029609315020946,44.14943376628323,89.9573951095725,87.20606713580254
9,random,2,15.934084097793143,0.24015924669456873,37.74613110603796,88.95658545837723,88.66361245038574
9,random,3,22.318256517165302,0.05474836470021667,28.7300649721558,71.95814179737934,73.75488233279401
9,random,4,15.201531165025902,0.11062364322107525,51.761016588606395,73.0566864129823,74.68816815063724
9,random,5,7.054143837486472,0.21369062985426396,25.617463372819177,56.17620775630171,56.77577767107965
9,random,6,26.4485623080346,0.2786549205404479,57.04353135791693,26.193966494316108,30.079722134050144
9,random,7,5.743617324642548,0.2283956964860585,36.820228371333855,61.54896594795553,60.579736686932684
9,random,8,12.775360948502769,0.20619648003228397,48.846492980973764,77.38827463017317,76.96911599942494
9,random,9,12.056464049107896,0.08607184646209583,57.162502602997876,55.6845662891884,54.49990284834415
9,random,10,7.352608978173231,0.1454449675814498,53.39025635740447,48.706276764094774,50.872990276994486
9,random,11,24.839553306622996,0.284608462108091,46.592872656265754,60.645120376469215,60.75076078161097
9,random,12,14.398909637614835,0.07686637204674164,29.959386889554604,83.56239184623647,84.20807612071712
9,random,13,20.743074334616008,0.12915412708377855,43.68001381818593,82.31060040139563,84.2698542172375
9,random,14,7.2634747407690785,0.24227038378571047,41.17690836262864,65.23133330844698,66.18454838573889
9,random,15,6.728795517861337,0.12144702223473648,37.7068566642116,67.15675266946067,67.80135855199056
9,random,16,8.43382322393616,0.2935212244660993,24.598630581456003,55.93439472259328,54.17923467552333
9,random,17,22.39135982324871,0.14063256128695645,24.41028282047305,69.99177787077423,69.58061462783544
9,random,18,29.417907691449916,0.06588796059894501,48.963793965420464,38.08828267158507,36.93849538338408
9,random,19,23.66570257369334,0.09174979633057019,50.8661746530164,63.911304144897635,63.513572176934076
9,random,20,13.838013454171698,0.294485225081513,32.723677543557216,80.91449353130389,80.05300430408151
9,original_gp,1,18.05849319787327,0.19029609315020946,44.14943376628323,89.9573951095725,87.20606713580254
9,original_gp,2,15.934084097793143,0.24015924669456873,37.74613110603796,88.95658545837723,88.66361245038574
9,original_gp,3,22.318256517165302,0.05474836470021667,28.7300649721558,71.95814179737934,73.75488233279401
9,original_gp,4,15.201531165025902,0.11062364322107525,51.761016588606395,73.0566864129823,74.68816815063724
9,original_gp,5,7.054143837486472,0.21369062985426396,25.617463372819177,56.17620775630171,56.77577767107965
9,original_gp,6,26.4485623080346,0.2786549205404479,57.04353135791693,26.193966494316108,30.079722134050144
9,original_gp,7,5.743617324642548,0.2283956964860585,36.820228371333855,61.54896594795553,60.579736686932684
9,original_gp,8,12.775360948502769,0.20619648003228397,48.846492980973764,77.38827463017317,76.96911599942494
9,original_gp,9,17.874078522377495,0.05702934679876305,41.36664475120959,88.05914822119907,86.8744847803548
9,original_gp,10,15.823752670441047,0.11517889129829413,41.408146253413065,88.01206645888465,90.17877997178437
9,original_gp,11,17.774488967423032,0.27225017895045767,40.63709750287124,84.72292610206824,84.82856650721
9,original_gp,12,16.543285375567415,0.18405218449773164,43.31397569275633,88.1858417434809,88.83152601796156
9,original_gp,13,16.24333278585123,0.17233917896262774,43.90581417690492,86.5419046812408,88.50115849708266
9,original_gp,14,16.864259953125334,0.06070703910567911,43.521208562868864,84.92392424363025,85.87713932092217
9,original_gp,15,16.396300291743444,0.08636218673801065,39.11678444708765,89.5236778435223,90.16828372605218
9,original_gp,16,15.872323438203068,0.05059218175344023,37.7373400852551,89.69939342381072,87.94423337674077
9,original_gp,17,16.004729159589054,0.1431235164739761,38.3704912347371,92.27030513214464,91.85914188920586
9,original_gp,18,15.233900790985476,0.2889745304272212,37.43855568686988,85.02316541115826,83.87337812295726
9,original_gp,19,17.827631677388922,0.07687423299277736,38.54015642038962,89.73157534979387,89.3338433818303
9,original_gp,20,17.479747098751712,0.1173324238958924,38.51041404971079,92.11296999728899,91.2514807700666
9,scaled_gp,1,18.05849319787327,0.19029609315020946,44.14943376628323,89.9573951095725,87.20606713580254
9,scaled_gp,2,15.934084097793143,0.24015924669456873,37.74613110603796,88.95658545837723,88.66361245038574
9,scaled_gp,3,22.318256517165302,0.05474836470021667,28.7300649721558,71.95814179737934,73.75488233279401
9,scaled_gp,4,15.201531165025902,0.11062364322107525,51.761016588606395,73.0566864129823,74.68816815063724
9,scaled_gp,5,7.054143837486472,0.21369062985426396,25.617463372819177,56.17620775630171,56.77577767107965
9,scaled_gp,6,26.4485623080346,0.2786549205404479,57.04353135791693,26.193966494316108,30.079722134050144
9,scaled_gp,7,5.743617324642548,0.2283956964860585,36.820228371333855,61.54896594795553,60.579736686932684
9,scaled_gp,8,12.775360948502769,0.20619648003228397,48.846492980973764,77.38827463017317,76.96911599942494
9,scaled_gp,9,18.27838964693278,0.2934969296791203,57.88121307522548,50.92594076241171,49.74127732156746
9,scaled_gp,10,19.411482808709486,0.08709043891501077,38.972719898136624,85.95754598851576,88.12425950141548
9,scaled_gp,11,29.87730446760232,0.27409425563397916,21.379316711100106,20.20642280150315,20.312063206644908
9,scaled_gp,12,25.564061104035122,0.13277146558875996,39.74995634123401,70.29130155891829,70.93698583339895
9,scaled_gp,13,15.872116889549757,0.051551528978808006,41.0176901622893,85.07541477926743,87.0346685951093
9,scaled_gp,14,19.687822309903382,0.26344824460893024,41.04254304281903,82.35406157407154,83.30727665136345
9,scaled_gp,15,16.850207798443297,0.17529066369946383,39.04978581074361,90.87673878906915,91.52134467159904
9,scaled_gp,16,16.303264768154833,0.16259977582822355,40.723554727544595,92.85067771232104,91.0955176652511
9,scaled_gp,17,14.776173844255617,0.18691131491188478,41.19075991750587,90.0335543202285,89.62239107728972
9,scaled_gp,18,16.424619790989503,0.15144431521719448,41.17563016209479,92.06671175856465,90.91692447036365
9,scaled_gp,19,16.90862658198833,0.19735140600992546,42.66742716056133,89.32294150986341,88.92520954189985
9,scaled_gp,20,16.19498795411743,0.17652509712531872,37.44337667168375,92.55654233308121,91.69505310585883
10,random,1,8.146698812727756,0.060357657224392944,49.042581157883525,61.906942598345694,60.68279558845304
10,random,2,29.86887649945995,0.2881494347501152,34.48970553333033,37.47682872079252,38.959228934751366
10,random,3,20.53292681517732,0.05209737454663001,33.88073106560367,83.79113155594517,83.05197708803189
10,random,4,17.41826089401147,0.1690277873858772,39.39408036364256,91.50684789444868,91.35737332159655
10,random,5,6.631877016663704,0.0654963059235626,26.70613360494879,55.68327501422141,55.47808333107457
10,random,6,11.87771849194323,0.07777157854916637,35.131033207296696,84.94425487364005,84.12289017576293
10,random,7,17.159499996124886,0.23020083543186826,28.226208564912334,81.43035315381812,82.43813873066955
10,random,8,18.143767233109642,0.275057641999947,49.306549992025005,73.65959681901903,73.91717197466915
10,random,9,24.615692135160895,0.16909286923698974,39.191494032136475,75.30095389376504,75.15917806468131
10,random,10,24.11188498458318,0.23307367313998256,52.00126084701478,54.317829806709945,57.93138238552872
10,random,11,10.760668068166712,0.06347014265691266,54.17392691976867,57.677099055679015,58.528463645270776
10,random,12,24.463556268346313,0.25905762457771625,38.81297354734738,68.63758802004794,71.25010473592418
10,random,13,22.355439395756118,0.1300070819914198,41.903785428161996,82.782240076534,81.71710457467432
10,random,14,27.905765526242906,0.24360156048040527,31.82509942942903,54.04237869594295,53.396267621476106
10,random,15,28.065221121403056,0.06730005318440065,58.861682807413985,17.860440212169497,19.31998323277667
10,random,16,17.26861365704301,0.06487716963222305,44.81122154198529,86.9369621124855,84.67763292674402
10,random,17,6.835600506680896,0.13827379214204216,56.26485628142744,41.68805733855068,40.42525752708198
10,random,18,23.847731297868865,0.05275910823803624,46.168726864738105,68.76825426362824,68.70864874488024
10,random,19,19.063679120600483,0.07269992484890357,56.48989929011978,58.06149019981182,59.11746469039188
10,random,20,19.9042237399309,0.20050167635485022,33.68401791046602,87.8789153686695,86.91770991165117
10,original_gp,1,8.146698812727756,0.060357657224392944,49.042581157883525,61.906942598345694,60.68279558845304
10,original_gp,2,29.86887649945995,0.2881494347501152,34.48970553333033,37.47682872079252,38.959228934751366
10,original_gp,3,20.53292681517732,0.05209737454663001,33.88073106560367,83.79113155594517,83.05197708803189
10,original_gp,4,17.41826089401147,0.1690277873858772,39.39408036364256,91.50684789444868,91.35737332159655
10,original_gp,5,6.631877016663704,0.0654963059235626,26.70613360494879,55.68327501422141,55.47808333107457
10,original_gp,6,11.87771849194323,0.07777157854916637,35.131033207296696,84.94425487364005,84.12289017576293
10,original_gp,7,17.159499996124886,0.23020083543186826,28.226208564912334,81.43035315381812,82.43813873066955
10,original_gp,8,18.143767233109642,0.275057641999947,49.306549992025005,73.65959681901903,73.91717197466915
10,original_gp,9,16.173259709136868,0.05077256625943925,38.04010776191063,88.15331527041236,88.01153944132864
10,original_gp,10,16.822849608388154,0.24889638140751175,38.70357166913422,84.3323049705527,87.94585754937148
10,original_gp,11,16.27996621088226,0.1000349433587943,34.66625877825426,89.49552179431063,90.34688638390239
10,original_gp,12,16.60568246097553,0.2148940587875311,35.03252021845972,87.21311902433169,89.82563574020793
10,original_gp,13,16.71582792427062,0.07275049449446057,34.1235778476452,89.75447751422281,88.68934201236314
10,original_gp,14,16.726727053277692,0.10158330938009703,33.87298022763105,90.64316761872907,89.99705654426222
10,original_gp,15,16.6309657286197,0.2642971380881361,34.34276509589456,84.5131840846431,85.97272710525027
10,original_gp,16,17.024160521315807,0.08254437958577902,35.354216709590006,92.00218795817575,89.74285877243427
10,original_gp,17,17.263564028037333,0.06724744051181665,36.55310966925583,90.30611976062588,89.04331994915718
10,original_gp,18,16.31364420046062,0.16113246874859022,34.55683232000216,91.30837177416046,91.24876625541246
10,original_gp,19,16.68625745112312,0.17214202426223402,34.76602402809776,90.14127488532837,91.19724937590843
10,original_gp,20,16.371595991038525,0.10763991101398777,36.13768144234499,92.09085975587533,91.129654298857
10,scaled_gp,1,8.146698812727756,0.060357657224392944,49.042581157883525,61.906942598345694,60.68279558845304
10,scaled_gp,2,29.86887649945995,0.2881494347501152,34.48970553333033,37.47682872079252,38.959228934751366
10,scaled_gp,3,20.53292681517732,0.05209737454663001,33.88073106560367,83.79113155594517,83.05197708803189
10,scaled_gp,4,17.41826089401147,0.1690277873858772,39.39408036364256,91.50684789444868,91.35737332159655
10,scaled_gp,5,6.631877016663704,0.0654963059235626,26.70613360494879,55.68327501422141,55.47808333107457
10,scaled_gp,6,11.87771849194323,0.07777157854916637,35.131033207296696,84.94425487364005,84.12289017576293
10,scaled_gp,7,17.159499996124886,0.23020083543186826,28.226208564912334,81.43035315381812,82.43813873066955
10,scaled_gp,8,18.143767233109642,0.275057641999947,49.306549992025005,73.65959681901903,73.91717197466915
10,scaled_gp,9,16.173259709136868,0.05077256625943925,38.04010776191063,88.15331527041236,88.01153944132864
10,scaled_gp,10,7.0868883337196635,0.297710008381432,23.133483517635206,40.99573731325365,44.609289892072425
10,scaled_gp,11,27.55177981310525,0.20138785196299852,59.2321221273223,21.774081046771528,22.62544563636329
10,scaled_gp,12,13.94328987922329,0.13706244863990408,59.00502146191989,50.689063683414396,53.301580399290636
10,scaled_gp,13,13.499274104245846,0.28157372119442453,39.021344241702245,83.70422981877716,82.6390943169175
10,scaled_gp,14,18.10600369889808,0.29158913649843704,35.47201710175766,83.65328850365397,83.00717742918712
10,scaled_gp,15,15.801157121603447,0.09099935549829989,33.40840958798722,87.68664224860106,89.14618526920823
10,scaled_gp,16,17.376957430849387,0.1495231544657527,37.43681575253433,94.06665526926535,91.80732608352388
10,scaled_gp,17,15.748510426122525,0.1551030478129563,37.54405501640583,93.11104396020689,91.84824414873819
10,scaled_gp,18,15.632417237838803,0.151677908396671,39.195801875413764,91.6402448857606,91.5806393670126
10,scaled_gp,19,16.68625745112312,0.17214202426223402,34.76602402809776,90.14127488532837,91.19724937590843
10,scaled_gp,20,17.307466919293805,0.11591829632463306,39.252330888297145,92.08792665704725,91.12672120002892
11,random,1,17.47972974514138,0.2666658343980545,32.14651652754235,82.31322539249102,84.02288281711341
11,random,2,10.421174489260562,0.18632850929214873,48.11715039757734,72.86046000265026,73.21615526235782
11,random,3,28.552012950839256,0.080424726237548,27.723804831579763,46.260161211909164,46.1050391128692
11,random,4,24.08849232087283,0.21062996780331367,46.7139714958912,68.96279064484985,69.34151721751354
11,random,5,7.708458423571184,0.10793865492488901,23.613982310527042,55.98694710421773,56.54381749588138
11,random,6,15.76091301990293,0.10312960418314694,41.103180846029616,90.02455575327123,89.9460710306158
11,random,7,28.748667140485335,0.15342259981949452,51.19131751619929,40.269641335318624,39.4916786182381
11,random,8,26.454447765673592,0.08507354568024052,48.024321841382516,58.04328358397915,56.6801566142246
11,random,9,29.219500873368638,0.11378671807706435,48.45765218514369,39.10074391167512,41.42340235519487
11,random,10,11.67951516393505,0.06529447322040084,50.00233494699978,72.15134764388428,70.81605064935545
11,random,11,19.967624145693648,0.1657758461619661,57.98861165353522,54.417061032201296,55.31168816804985
11,random,12,9.354325744444342,0.0835029708882117,22.417330458709067,60.007765859186065,59.26713926675184
11,random,13,21.96734609498762,0.07161392092813156,41.78579319689109,79.63412538532548,80.59983884637998
11,random,14,5.624423271943292,0.07312938641869283,52.942725270382766,39.80286552921254,40.988600112969706
11,random,15,12.218932480715434,0.09290260568479093,29.16896141840533,84.09828981014371,80.56157394095558
11,random,16,12.717037850971906,0.07625905323863448,39.47814823096937,86.00170191846307,85.9341628191552
11,random,17,23.597858738071125,0.28036187098050913,42.91288243166137,69.48684344009573,70.26346967386222
11,random,18,5.49570634872432,0.2840909301612854,23.718288528971666,38.68196339097419,39.33938360286203
11,random,19,19.11442532807736,0.2523268524680318,48.034403322394866,77.5959723525128,77.22498888786043
11,random,20,7.696765996473971,0.12782987775648097,30.40358149621023,68.14781421548233,68.40042959519934
11,original_gp,1,17.47972974514138,0.2666658343980545,32.14651652754235,82.31322539249102,84.02288281711341
11,original_gp,2,10.421174489260562,0.18632850929214873,48.11715039757734,72.86046000265026,73.21615526235782
11,original_gp,3,28.552012950839256,0.080424726237548,27.723804831579763,46.260161211909164,46.1050391128692
11,original_gp,4,24.08849232087283,0.21062996780331367,46.7139714958912,68.96279064484985,69.34151721751354
11,original_gp,5,7.708458423571184,0.10793865492488901,23.613982310527042,55.98694710421773,56.54381749588138
11,original_gp,6,15.76091301990293,0.10312960418314694,41.103180846029616,90.02455575327123,89.9460710306158
11,original_gp,7,28.748667140485335,0.15342259981949452,51.19131751619929,40.269641335318624,39.4916786182381
11,original_gp,8,26.454447765673592,0.08507354568024052,48.024321841382516,58.04328358397915,56.6801566142246
11,original_gp,9,16.388357751246303,0.11121731384138585,39.083023280820164,88.87210984367304,91.19476828719279
11,original_gp,10,16.971842129644124,0.060232776696174786,39.313052078907006,89.7934038665642,88.45810687203537
11,original_gp,11,16.6359735302898,0.07330988743481308,40.13578238152459,88.19241341679174,89.08704055264029
11,original_gp,12,15.16616142471847,0.2395542999464798,38.979190706372634,88.9128157889798,88.17218919654557
11,original_gp,13,16.25030366624554,0.06977459409124116,39.997277982921716,87.94534138696399,88.9110548480185
11,original_gp,14,16.71936647964928,0.2784557597843857,38.198714440149175,84.16282596492105,85.34856054867822
11,original_gp,15,15.061297673969879,0.1784813849348258,40.72940039231164,93.86045190682572,90.32373603763759
11,original_gp,16,14.070899505050503,0.08095232352375013,41.59220646780606,87.34568184294704,87.27814274363918
11,original_gp,17,14.581639865518648,0.08470473608225491,41.23489864837492,87.48200133571586,88.25862756948236
11,original_gp,18,15.82017725069237,0.18959873394523158,41.986625633814384,88.98943138722699,89.64685159911483
11,original_gp,19,15.38349180386256,0.09812806147352608,40.02939953951281,90.47122766160511,90.10024419695274
11,original_gp,20,15.716827339204327,0.16466759901248834,40.390755894367345,90.83947181054651,91.09208719026353
11,scaled_gp,1,17.47972974514138,0.2666658343980545,32.14651652754235,82.31322539249102,84.02288281711341
11,scaled_gp,2,10.421174489260562,0.18632850929214873,48.11715039757734,72.86046000265026,73.21615526235782
11,scaled_gp,3,28.552012950839256,0.080424726237548,27.723804831579763,46.260161211909164,46.1050391128692
11,scaled_gp,4,24.08849232087283,0.21062996780331367,46.7139714958912,68.96279064484985,69.34151721751354
11,scaled_gp,5,7.708458423571184,0.10793865492488901,23.613982310527042,55.98694710421773,56.54381749588138
11,scaled_gp,6,15.76091301990293,0.10312960418314694,41.103180846029616,90.02455575327123,89.9460710306158
11,scaled_gp,7,28.748667140485335,0.15342259981949452,51.19131751619929,40.269641335318624,39.4916786182381
11,scaled_gp,8,26.454447765673592,0.08507354568024052,48.024321841382516,58.04328358397915,56.6801566142246
11,scaled_gp,9,18.248190309805217,0.05512311227338641,58.02994074528338,51.59437232639292,53.91703076991267
11,scaled_gp,10,7.125714513082344,0.2048710096214788,37.30501202093656,70.15861719325957,68.82332019873074
11,scaled_gp,11,19.250699665385987,0.2997935959044548,38.59149406457076,80.1432284088285,81.03785554467706
11,scaled_gp,12,13.48391916834594,0.2788089117656663,37.55489466730853,83.82950532260448,83.08887873017025
11,scaled_gp,13,17.500627514507386,0.09186945461820943,45.7610566842393,83.97270395747722,84.93841741853173
11,scaled_gp,14,18.35672811691088,0.05668661274599372,36.19647583504561,86.33351627499492,87.51925085875209
11,scaled_gp,15,14.924546138628013,0.06178183950594872,36.667098934038094,91.74772668062403,88.2110108114359
11,scaled_gp,16,14.03077806448816,0.07497865520799286,40.69235451765901,87.47670379853074,87.40916469922287
11,scaled_gp,17,14.031580735919507,0.05423665005787749,33.130437477559205,84.50440654255608,85.28103277632258
11,scaled_gp,18,15.038663113179261,0.05143421690923482,39.22533194479375,86.68447634982006,87.3418965617079
11,scaled_gp,19,15.38349180386256,0.09812806147352608,40.02939953951281,90.47122766160511,90.10024419695274
11,scaled_gp,20,15.716827339204327,0.16466759901248834,40.390755894367345,90.83947181054651,91.09208719026353
12,random,1,7.290792137669739,0.09989411538122518,54.05727399779842,46.816034978770205,47.86191698867292
12,random,2,7.580903698094161,0.10793271992661828,44.51147615482765,64.75774778379576,67.47170403864612
12,random,3,12.80128111431388,0.24708668893166486,50.06499131462784,74.09361601739167,72.17921904514782
12,random,4,5.74976540165097,0.14015678010228322,47.13533733618457,57.47150466974353,55.64218038236716
12,random,5,7.35415993604722,0.18347564821298185,44.77813243978354,64.66412806262137,66.40245782695497
12,random,6,12.844943592125661,0.29369077540483984,30.37435128609146,76.85793994219294,76.33933552171442
12,random,7,5.146525282406768,0.1781518863456688,53.07832999855103,37.78721965185068,40.04289223381465
12,random,8,26.886193786649464,0.2995226751036549,50.93460167172389,42.43134087287031,41.649850742248844
12,random,9,14.500444467279904,0.2013833121705581,50.87493057717646,74.48021817074704,75.63324507450213
12,random,10,18.663854178549485,0.26791363444447247,45.02410868484653,81.82080888286642,80.73900677822097
12,random,11,10.779152374986262,0.13498860318335903,35.05964215422774,86.88437472534439,83.25141108585522
12,random,12,20.715935189486643,0.17246238824359933,36.983601645107896,90.26866533902216,87.33331568439475
12,random,13,6.1916222257741635,0.08892611120160342,43.80760586809606,58.64533289817532,60.75945761579894
12,random,14,5.305221355608124,0.05191137262633007,32.37590926055316,54.59426759233849,54.720176775259844
12,random,15,9.71153942952941,0.11720452285633028,43.66673980263086,78.83530418061461,77.006689058891
12,random,16,12.439358907550222,0.25435219708830453,54.92658625577454,60.959880054824694,59.227173382318526
12,random,17,24.852919228748934,0.10443382404468969,48.449953760530846,64.3233845056435,64.13455554440186
12,random,18,23.81805451439105,0.11655458339407636,29.54974304026031,73.33808825929316,73.10755431625152
12,random,19,21.70346369661999,0.055688064085466324,43.64481864701717,78.88503287508345,78.65239119073223
12,random,20,14.380627984187079,0.2417994526488666,25.578578097733875,75.0314124954921,76.13658574824822
12,original_gp,1,7.290792137669739,0.09989411538122518,54.05727399779842,46.816034978770205,47.86191698867292
12,original_gp,2,7.580903698094161,0.10793271992661828,44.51147615482765,64.75774778379576,67.47170403864612
12,original_gp,3,12.80128111431388,0.24708668893166486,50.06499131462784,74.09361601739167,72.17921904514782
12,original_gp,4,5.74976540165097,0.14015678010228322,47.13533733618457,57.47150466974353,55.64218038236716
12,original_gp,5,7.35415993604722,0.18347564821298185,44.77813243978354,64.66412806262137,66.40245782695497
12,original_gp,6,12.844943592125661,0.29369077540483984,30.37435128609146,76.85793994219294,76.33933552171442
12,original_gp,7,5.146525282406768,0.1781518863456688,53.07832999855103,37.78721965185068,40.04289223381465
12,original_gp,8,26.886193786649464,0.2995226751036549,50.93460167172389,42.43134087287031,41.649850742248844
12,original_gp,9,13.676112936683248,0.24120954854595683,34.99871035457151,85.02519987004386,86.17822677379895
12,original_gp,10,14.87905586155104,0.12491618250895849,37.33308052822048,92.17102900087815,91.0892268962327
12,original_gp,11,16.221129576715207,0.2639089775014742,38.92825643221002,90.26022608417892,86.62726244468976
12,original_gp,12,15.93558229900839,0.19790942422613889,38.28620755386178,93.88813286203724,90.95278320740982
12,original_gp,13,15.71926504530419,0.07325395496880656,39.64358401442937,87.00991014968004,89.12403486730366
12,original_gp,14,15.677313537097863,0.15645522483347363,37.60063377264483,91.68740941946203,91.81331860238339
12,original_gp,15,17.51418060076866,0.0868633873716363,37.95850254581734,91.96016384054445,90.13154871882084
12,original_gp,16,16.593947204276844,0.09620068611337045,37.096537914812494,92.55973115100477,90.8270244784986
12,original_gp,17,17.01690061177692,0.2363677675403481,37.953323001514086,89.12183575317022,88.93300679192858
12,original_gp,18,17.293364215860457,0.11698011961185091,35.38402014621005,91.27886258861899,91.04832864557736
12,original_gp,19,17.534578660777633,0.23863778944263714,36.15542997096364,88.67776086106758,88.44511917671636
12,original_gp,20,15.863908357276275,0.1534368001574864,36.42714673203377,90.69686783386227,91.80204108661839
12,scaled_gp,1,7.290792137669739,0.09989411538122518,54.05727399779842,46.816034978770205,47.86191698867292
12,scaled_gp,2,7.580903698094161,0.10793271992661828,44.51147615482765,64.75774778379576,67.47170403864612
12,scaled_gp,3,12.80128111431388,0.24708668893166486,50.06499131462784,74.09361601739167,72.17921904514782
12,scaled_gp,4,5.74976540165097,0.14015678010228322,47.13533733618457,57.47150466974353,55.64218038236716
12,scaled_gp,5,7.35415993604722,0.18347564821298185,44.77813243978354,64.66412806262137,66.40245782695497
12,scaled_gp,6,12.844943592125661,0.29369077540483984,30.37435128609146,76.85793994219294,76.33933552171442
12,scaled_gp,7,5.146525282406768,0.1781518863456688,53.07832999855103,37.78721965185068,40.04289223381465
12,scaled_gp,8,26.886193786649464,0.2995226751036549,50.93460167172389,42.43134087287031,41.649850742248844
12,scaled_gp,9,15.20033370892684,0.2216877625792924,39.721120093687254,87.97436590011044,89.12739280386553
12,scaled_gp,10,19.29358887462399,0.2110125445793538,33.18441056191783,88.15181019027375,87.0700080856283
12,scaled_gp,11,22.864851992948914,0.2773170616294038,21.70752572043163,59.06909523400827,55.43613159451911
12,scaled_gp,12,19.1170601776782,0.252025051140343,39.28396555123363,88.80485159011525,85.86950193548783
12,scaled_gp,13,5.509023245832019,0.19546697107544947,21.09283988158912,37.32299234410704,39.43711706173066
12,scaled_gp,14,17.399028349035973,0.07246788201643155,36.08402449361839,89.10713716560505,89.23304634852641
12,scaled_gp,15,29.17604251274554,0.20534736255428743,31.99097289183495,50.00481908452448,48.176203962800855
12,scaled_gp,16,17.746657791122132,0.26400296296615605,36.64887088251667,88.08754387246945,86.35483719996328
12,scaled_gp,17,17.643719261727192,0.07038349257792752,42.70813834956009,87.15631381674194,86.9674848555003
12,scaled_gp,18,19.947094826715155,0.07135262452519624,35.9706916854094,86.59865167563406,86.36811773259242
12,scaled_gp,19,16.320241337970845,0.27999121237880004,39.48987783615413,85.14870816769808,84.91606648334685
12,scaled_gp,20,18.42254653378368,0.09938304565047561,37.52125509306657,88.94591388423572,90.05108713699184
13,random,1,16.093517465455868,0.19198691808695428,46.592667117461474,83.1324913686676,84.63940484638418
13,random,2,17.29017432404113,0.1419329699991514,43.16738196695975,88.13110013769159,89.24833787643905
13,random,3,8.272258095641808,0.09307021529704053,50.79753619588118,60.44438048483271,59.63370812382532
13,random,4,7.424246134899843,0.060499617820747684,41.461069135895514,65.79041031033988,66.94834008498948
13,random,5,29.963756731074163,0.18034462677028218,38.377164488276605,46.152082293351924,46.25194171892321
13,random,6,26.471215598607564,0.20608841226624203,54.35374976439314,43.19318184558706,43.161440385639565
13,random,7,22.582160119624636,0.2752173253924823,45.87769738912386,72.26205667269424,70.86521555493458
13,random,8,25.570154079570692,0.2996251715884523,36.53758932157483,66.71299072660622,62.40390070894653
13,random,9,17.15917748673715,0.13063216129592403,49.380614853032625,82.91841212111788,80.44940524692993
13,random,10,19.38988357910864,0.1195641146947199,34.720432813060974,87.8509887363388,88.92352647933645
13,random,11,8.165271092619554,0.12371553202692946,41.366397127809016,74.29076165292675,73.16080206747387
13,random,12,22.89540436727673,0.2650835379857191,55.280482464009985,52.3398456064429,51.18536792639293
13,random,13,21.179108567504354,0.15630207840436589,40.42321957588406,84.7149154816237,85.82698226138437
13,random,14,12.966925271355974,0.24029662029931165,46.390361642848355,79.53755937483626,79.29487147421267
13,random,15,25.177180485559614,0.15895923066716083,28.989760501336505,68.71708013312177,67.35059347362791
13,random,16,7.995166084277221,0.1850443206407335,44.069520285249766,69.26943733121688,69.97302051056002
13,random,17,28.47780271793091,0.12516566278227303,59.92980281886987,14.638978112330186,15.63867843109361
13,random,18,23.90981605937312,0.09059311286465747,41.66411079446787,73.95868238587826,75.47479969923123
13,random,19,21.106717558413063,0.25898150989165136,48.18864234667064,74.88737548617617,72.80398451774329
13,random,20,6.320206839263491,0.17105958739232813,52.41509648443754,47.32106819151103,48.11874206149501
13,original_gp,1,16.093517465455868,0.19198691808695428,46.592667117461474,83.1324913686676,84.63940484638418
13,original_gp,2,17.29017432404113,0.1419329699991514,43.16738196695975,88.13110013769159,89.24833787643905
13,original_gp,3,8.272258095641808,0.09307021529704053,50.79753619588118,60.44438048483271,59.63370812382532
13,original_gp,4,7.424246134899843,0.060499617820747684,41.461069135895514,65.79041031033988,66.94834008498948
13,original_gp,5,29.963756731074163,0.18034462677028218,38.377164488276605,46.152082293351924,46.25194171892321
13,original_gp,6,26.471215598607564,0.20608841226624203,54.35374976439314,43.19318184558706,43.161440385639565
13,original_gp,7,22.582160119624636,0.2752173253924823,45.87769738912386,72.26205667269424,70.86521555493458
13,original_gp,8,25.570154079570692,0.2996251715884523,36.53758932157483,66.71299072660622,62.40390070894653
13,original_gp,9,16.863513218927636,0.15979362604602615,42.06966203331931,92.7270604767516,90.25805360256365
13,original_gp,10,16.874743294148885,0.1695793789639573,41.43319751812197,89.50140987330441,90.57394761630205
13,original_gp,11,17.90328060133755,0.18312548695388486,41.35082481888206,91.01243317670007,89.88247359124719
13,original_gp,12,16.149563631268983,0.12836947934241005,41.75634960841674,91.48730353922473,90.33282585917475
13,original_gp,13,16.793282756340567,0.08164113419520318,41.62004454010523,87.63927435180427,88.75134113156494
13,original_gp,14,17.89566233968589,0.26411893888719146,41.02134648449794,85.55447618881293,85.31178828818933
13,original_gp,15,15.59207303184273,0.07375519882717445,42.57837939134902,88.77190095286528,87.40541429337142
13,original_gp,16,17.042730001729097,0.12370424678181287,42.814245048212605,88.68689516744175,89.39047834678489
13,original_gp,17,16.545467764054855,0.2861313341719601,41.17253472430086,82.50808589037372,83.50778620913715
13,original_gp,18,16.950352927339644,0.18419760756848347,42.11674624205333,88.2602400324119,89.77635734576486
13,original_gp,19,16.36460746270013,0.14963303451421794,43.1750445596372,91.50226385786722,89.41887288943434
13,original_gp,20,16.046218496998407,0.18146089741212323,43.04266909239841,88.29723703708268,89.09491090706666
13,scaled_gp,1,16.093517465455868,0.19198691808695428,46.592667117461474,83.1324913686676,84.63940484638418
13,scaled_gp,2,17.29017432404113,0.1419329699991514,43.16738196695975,88.13110013769159,89.24833787643905
13,scaled_gp,3,8.272258095641808,0.09307021529704053,50.79753619588118,60.44438048483271,59.63370812382532
13,scaled_gp,4,7.424246134899843,0.060499617820747684,41.461069135895514,65.79041031033988,66.94834008498948
13,scaled_gp,5,29.963756731074163,0.18034462677028218,38.377164488276605,46.152082293351924,46.25194171892321
13,scaled_gp,6,26.471215598607564,0.20608841226624203,54.35374976439314,43.19318184558706,43.161440385639565
13,scaled_gp,7,22.582160119624636,0.2752173253924823,45.87769738912386,72.26205667269424,70.86521555493458
13,scaled_gp,8,25.570154079570692,0.2996251715884523,36.53758932157483,66.71299072660622,62.40390070894653
13,scaled_gp,9,17.31094889895159,0.18568495572295646,20.177607384458188,69.79000804487231,67.32100117068435
13,scaled_gp,10,19.38988357910864,0.1195641146947199,34.720432813060974,87.8509887363388,88.92352647933645
13,scaled_gp,11,15.39716977968681,0.2672676655384501,36.14955996490629,87.17932374633804,86.04936416088516
13,scaled_gp,12,17.502593719223526,0.06593047315783389,37.311377980187864,90.07325873989844,88.91878105984846
13,scaled_gp,13,17.801680160521663,0.2916891212355365,37.98242089299627,82.41539918612604,83.5274659658867
13,scaled_gp,14,6.4188836335176624,0.18529065389271293,20.246076401087578,42.52145863654541,42.27877073592182
13,scaled_gp,15,16.476828309159487,0.05440027717308739,35.42776038280353,89.36709546336046,88.0006088038666
13,scaled_gp,16,15.904707893271365,0.05431919324947472,40.32524945136339,86.90733417840663,87.61091735774977
13,scaled_gp,17,19.041610502048584,0.07490069147309776,34.96062442914682,86.61351697553044,87.61321729429388
13,scaled_gp,18,18.04206671970121,0.053923659549950195,40.59593040090165,85.43034216315678,86.94645947650976
13,scaled_gp,19,15.321095466556967,0.07095187410256422,33.25940110133434,89.79788018898185,87.71448922054897
13,scaled_gp,20,16.056494334013784,0.16628435826701288,36.37340602388726,90.9455425624471,91.74321643243108
14,random,1,8.134800262107918,0.2672908082492112,34.220457522433236,67.0372099107266,68.14257294741809
14,random,2,28.261997277176423,0.11939279908420695,59.68347296580066,17.97417198454898,17.670616887811015
14,random,3,18.98571327964332,0.24268126195929723,33.74140480502656,82.6269861704759,85.88921781832987
14,random,4,13.646212280625695,0.14157351454515693,43.172999200803076,87.06218435829706,87.36093805575385
14,random,5,11.953363695081482,0.11447396841208678,46.597800932503645,78.05771349102316,79.70558646494791
14,random,6,18.956168865826243,0.15229251604292632,37.84317130566005,91.7421590705831,90.48028505011135
14,random,7,7.609480125250932,0.1996994206280847,43.946900463578274,65.66221117471441,67.92664907788318
14,random,8,14.42688521186437,0.28298863396221574,44.06322913809256,80.05958306324234,80.40507992602028
14,random,9,28.913979556215374,0.14748362230553191,48.08019960318061,43.842015101934976,44.51549514033475
14,random,10,19.694014234908927,0.13527765396900981,32.47498297498219,86.79775743475186,87.34280558959979
14,random,11,29.56098090630218,0.11566546890172454,44.253919612869694,44.00764804610496,45.23191602003862
14,random,12,11.80774844558223,0.21945455277896964,32.164613641771844,81.92553413272377,82.28881206949995
14,random,13,29.208376551097242,0.0973423011251507,46.60684164665649,45.13319889876891,43.88039287638055
14,random,14,19.441898996601722,0.2841348214369966,26.036680029093013,72.05926202132352,72.12683106424288
14,random,15,22.784864786306507,0.15621540929756655,36.49317350385863,82.83993137077032,82.02857016190002
14,random,16,8.355955697482615,0.2447630916671012,40.884955874336896,72.39452748830027,70.90998408103893
14,random,17,20.080562436030817,0.2711100950004453,57.16476479431067,52.67957742298081,51.99159316276969
14,random,18,6.527322410709725,0.20747363050211737,39.79508945423682,64.70753746070328,65.39374329554339
14,random,19,21.07452824099309,0.1648846889768774,32.824703300357335,86.28375202330928,84.93112931833865
14,random,20,13.348445775928262,0.06110659783939547,53.97073133363715,65.17918666986749,64.6533124609206
14,original_gp,1,8.134800262107918,0.2672908082492112,34.220457522433236,67.0372099107266,68.14257294741809
14,original_gp,2,28.261997277176423,0.11939279908420695,59.68347296580066,17.97417198454898,17.670616887811015
14,original_gp,3,18.98571327964332,0.24268126195929723,33.74140480502656,82.6269861704759,85.88921781832987
14,original_gp,4,13.646212280625695,0.14157351454515693,43.172999200803076,87.06218435829706,87.36093805575385
14,original_gp,5,11.953363695081482,0.11447396841208678,46.597800932503645,78.05771349102316,79.70558646494791
14,original_gp,6,18.956168865826243,0.15229251604292632,37.84317130566005,91.7421590705831,90.48028505011135
14,original_gp,7,7.609480125250932,0.1996994206280847,43.946900463578274,65.66221117471441,67.92664907788318
14,original_gp,8,14.42688521186437,0.28298863396221574,44.06322913809256,80.05958306324234,80.40507992602028
14,original_gp,9,16.50040819496187,0.05866512685529328,38.91490726811382,87.82953929281167,88.50301933121145
14,original_gp,10,19.062158197430197,0.12162845474897228,38.84537233460371,89.34700821851757,89.8920563733655
14,original_gp,11,17.71918595109633,0.12253687006072518,38.60732805197004,90.0043449946297,91.22861296856335
14,original_gp,12,19.20530814283334,0.28162150519709,37.413295441940306,82.87675935973363,83.24003729650981
14,original_gp,13,17.561050755136815,0.21946022837598173,39.898503316139326,90.58123406312436,89.32842804073599
14,original_gp,14,17.786254363546668,0.08565432200236982,37.61441749654975,89.8616245652737,89.92919360819306
14,original_gp,15,17.66209109327108,0.07981388467169899,38.154202224156656,90.46907252364696,89.65771131477666
14,original_gp,16,17.843096188656208,0.05421707327132312,39.47144074556131,89.05289265412044,87.5683492468591
14,original_gp,17,17.433253164533184,0.11440154256619996,38.928682860240826,91.80005304705523,91.1120687868441
14,original_gp,18,15.31887945461673,0.10741109238736345,39.92380210419951,89.76952137759743,90.45572721243754
14,original_gp,19,16.343205306927324,0.0861042211131544,39.66897832839221,91.33705097808122,89.9844282731106
14,original_gp,20,16.510327791107557,0.2389926695759909,38.6801235373753,89.24655412274763,88.72067991380074
14,scaled_gp,1,8.134800262107918,0.2672908082492112,34.220457522433236,67.0372099107266,68.14257294741809
14,scaled_gp,2,28.261997277176423,0.11939279908420695,59.68347296580066,17.97417198454898,17.670616887811015
14,scaled_gp,3,18.98571327964332,0.24268126195929723,33.74140480502656,82.6269861704759,85.88921781832987
14,scaled_gp,4,13.646212280625695,0.14157351454515693,43.172999200803076,87.06218435829706,87.36093805575385
14,scaled_gp,5,11.953363695081482,0.11447396841208678,46.597800932503645,78.05771349102316,79.70558646494791
14,scaled_gp,6,18.956168865826243,0.15229251604292632,37.84317130566005,91.7421590705831,90.48028505011135
14,scaled_gp,7,7.609480125250932,0.1996994206280847,43.946900463578274,65.66221117471441,67.92664907788318
14,scaled_gp,8,14.42688521186437,0.28298863396221574,44.06322913809256,80.05958306324234,80.40507992602028
14,scaled_gp,9,29.972964566300064,0.1591543076331885,22.09282363995832,26.92231919995456,27.59579923835433
14,scaled_gp,10,16.75325824913648,0.07164722130954936,25.235480454915624,76.94977856481674,77.49482671966467
14,scaled_gp,11,21.044235309456226,0.07466215506939049,20.780940741907603,60.98074163957533,62.205009613508985
14,scaled_gp,12,15.079791290777932,0.07654146031177565,36.96897189580981,88.95145177974051,89.3147297165167
14,scaled_gp,13,18.64608710342589,0.05544654107797105,58.3369539939078,53.790948781329284,52.53814275894092
14,scaled_gp,14,19.646789274545533,0.05044232634833899,40.7904319512686,84.62601272523536,84.69358176815471
14,scaled_gp,15,17.272135889938124,0.15401355551152546,41.18526164074207,91.56937703074202,90.75801582187172
14,scaled_gp,16,15.45767737256382,0.16103056916564368,37.842535901180234,93.15487844240998,91.67033503514864
14,scaled_gp,17,16.656987320506346,0.15800980155375666,35.97956010985026,92.47122124037426,91.78323698016314
14,scaled_gp,18,15.739120903728658,0.18407502289225985,36.69954587221554,90.65335889647604,91.33956473131614
14,scaled_gp,19,16.343205306927324,0.0861042211131544,39.66897832839221,91.33705097808122,89.9844282731106
14,scaled_gp,20,16.820217855471768,0.14637040889994485,36.2556089590465,92.37108904256029,91.8452148336134
15,random,1,17.080241692424494,0.12714409765049084,28.701325656873912,83.0954932945719,85.51353936999814
15,random,2,13.352632229450943,0.06300179731520054,31.527199237760332,85.6516824713174,83.64209620544023
15,random,3,15.703771086075381,0.260006200213623,40.86586423035112,85.82176961919022,86.09463588360916
15,random,4,10.32779742378614,0.062173737296774986,44.0525721745598,75.2028846697358,75.95570170315317
15,random,5,19.197562819393763,0.2520959234480742,45.85336449118566,80.5524180315509,80.42906180916196
15,random,6,29.261633312075638,0.1806224339636549,52.38126097911283,32.404574485476154,33.19393115100968
15,random,7,6.9369428693861135,0.2610525828770154,33.242310682717,60.79996421406062,62.75368064789072
15,random,8,26.92292091855083,0.2516496299575358,45.769325641137094,54.36450067223757,55.2370812484739
15,random,9,11.577544412787775,0.28807799321642297,37.24516430759397,76.59676219417217,78.31094956530104
15,random,10,8.413151581288048,0.285956991111013,32.91374028851175,66.84064261806438,66.57429703911234
15,random,11,19.485695398584824,0.2350430878079407,37.01476805127113,88.98278390875161,86.85963902962833
15,random,12,17.57472695171403,0.05075748864006992,35.52827301478226,86.00436081981687,87.46059348606566
15,random,13,7.150260141194391,0.11028112563505542,21.157547719021558,45.043180192308505,48.148495826353525
15,random,14,28.046751117419497,0.08934937659091617,57.565337124442244,27.720808621995353,24.987315096727094
15,random,15,29.41004369775561,0.16296863789359622,54.550561330023754,26.96070767598008,27.00768736947195
15,random,16,28.268010315830505,0.16787202844995652,27.1863215801476,45.044474399210976,48.74096253740995
15,random,17,8.87474432966544,0.21611789985475455,27.73391229086203,68.7607602573871,68.08512078662027
15,random,18,26.702650345766532,0.27315926518976824,52.72953164109918,43.281685006695916,41.35410891909477
15,random,19,10.878390594306438,0.18561567906244664,24.916773401879805,70.89932553759677,70.92497895485158
15,random,20,5.581617647189983,0.28375411094023734,53.85020186633329,32.09158677437816,33.654838736508474
15,original_gp,1,17.080241692424494,0.12714409765049084,28.701325656873912,83.0954932945719,85.51353936999814
15,original_gp,2,13.352632229450943,0.06300179731520054,31.527199237760332,85.6516824713174,83.64209620544023
15,original_gp,3,15.703771086075381,0.260006200213623,40.86586423035112,85.82176961919022,86.09463588360916
15,original_gp,4,10.32779742378614,0.062173737296774986,44.0525721745598,75.2028846697358,75.95570170315317
15,original_gp,5,19.197562819393763,0.2520959234480742,45.85336449118566,80.5524180315509,80.42906180916196
15,original_gp,6,29.261633312075638,0.1806224339636549,52.38126097911283,32.404574485476154,33.19393115100968
15,original_gp,7,6.9369428693861135,0.2610525828770154,33.242310682717,60.79996421406062,62.75368064789072
15,original_gp,8,26.92292091855083,0.2516496299575358,45.769325641137094,54.36450067223757,55.2370812484739
15,original_gp,9,16.57262988302699,0.21858589861718852,35.82919395849053,88.17955623197554,89.89374360310441
15,original_gp,10,15.808117252079736,0.061651379110206725,34.588849221357876,88.34649471100415,88.08014913205211
15,original_gp,11,15.886136789044883,0.21311214738670758,33.55519585424087,91.19076222970578,89.0676173505825
15,original_gp,12,16.99568663648872,0.22232130667631578,32.13177542137202,86.0847656534781,87.5409983197269
15,original_gp,13,15.44467597589647,0.050339222589780394,36.88721181430181,84.61330819654623,87.71862383059124
15,original_gp,14,15.30359079012536,0.1258853063741966,32.46363939978978,92.11384314880551,89.38034962353726
15,original_gp,15,15.880303232873667,0.21828404432892784,31.60890125576369,87.21552644859801,87.26250614208989
15,original_gp,16,15.878084952748868,0.10061126774681735,33.49217143850412,85.94610334860369,89.64259148680266
15,original_gp,17,16.222236769062725,0.1224387142656327,32.71376885719399,90.5198608949298,89.84422142416297
15,original_gp,18,16.080077571981157,0.2104295848522852,32.90682700046445,90.73501942975201,88.80744334215088
15,original_gp,19,15.700823913226554,0.12034190042577604,33.351317465902554,90.0859094886877,90.11156290594252
15,original_gp,20,16.369011586232496,0.12274524932188112,32.94939390382868,88.47868870552286,90.04194066765317
15,scaled_gp,1,17.080241692424494,0.12714409765049084,28.701325656873912,83.0954932945719,85.51353936999814
15,scaled_gp,2,13.352632229450943,0.06300179731520054,31.527199237760332,85.6516824713174,83.64209620544023
15,scaled_gp,3,15.703771086075381,0.260006200213623,40.86586423035112,85.82176961919022,86.09463588360916
15,scaled_gp,4,10.32779742378614,0.062173737296774986,44.0525721745598,75.2028846697358,75.95570170315317
15,scaled_gp,5,19.197562819393763,0.2520959234480742,45.85336449118566,80.5524180315509,80.42906180916196
15,scaled_gp,6,29.261633312075638,0.1806224339636549,52.38126097911283,32.404574485476154,33.19393115100968
15,scaled_gp,7,6.9369428693861135,0.2610525828770154,33.242310682717,60.79996421406062,62.75368064789072
15,scaled_gp,8,26.92292091855083,0.2516496299575358,45.769325641137094,54.36450067223757,55.2370812484739
15,scaled_gp,9,13.85353748175002,0.28635924227051457,59.28837760497131,43.118662590164845,44.83284996129372
15,scaled_gp,10,29.980105539336993,0.17434946747161473,21.24334195788297,25.458561158709315,25.19221557975727
15,scaled_gp,11,18.11883819466693,0.059011890267505654,35.93479841001476,89.9604626775348,87.83731779841152
15,scaled_gp,12,17.14917163818887,0.06421791588174751,40.8897107619205,86.57577387356724,88.03200653981604
15,scaled_gp,13,17.86413563119934,0.2360278024015881,36.314080225043014,85.35664228944867,88.46195792349369
15,scaled_gp,14,17.734485817199847,0.10332267073480585,35.99691293866641,93.30025383300294,90.56676030773468
15,scaled_gp,15,14.6332476928812,0.13284636628072766,39.31507103708578,90.7005717729914,90.74755146648327
15,scaled_gp,16,16.206197471974786,0.09268420276223772,35.48657280143816,86.64358050851973,90.3400686467187
15,scaled_gp,17,22.218958920289,0.05642409253052692,37.55070067150667,80.9962308596371,80.32059138887026
15,scaled_gp,18,16.019016543839903,0.12834493091058752,36.88017850730336,93.65142871479463,91.7238526271935
15,scaled_gp,19,18.14796174021579,0.16329764756065512,39.68579704528008,90.84245443833005,90.86810785558487
15,scaled_gp,20,16.381525752077476,0.12505514248476685,37.6903718629715,90.18144131873548,91.74469328086579
16,random,1,7.793177943098247,0.1486088968363316,29.58347688896016,66.31097614994903,68.03333129674726
16,random,2,13.568325196535485,0.11874272840817783,55.630183931282524,62.6654884092778,63.16422835016604
16,random,3,10.3580478411291,0.17847750513689875,30.4580387860629,79.004542090198,78.27758118091887
16,random,4,11.555918805185184,0.1535955926538462,28.612762752046862,78.88710745200996,79.56520509804422
16,random,5,16.291715478139295,0.13020826387121504,51.60579997309402,77.98870411613652,75.9145818314166
16,random,6,8.10514173144993,0.1888895655552864,53.296866259600854,54.23664568588644,53.81335064921031
16,random,7,14.644518861997964,0.11681093597626267,26.87832982885559,79.45341781194239,81.67310167035465
16,random,8,5.307684947328498,0.17798337356502397,31.3887182322109,58.24273744369787,57.38197207437894
16,random,9,24.051992392229604,0.07460174838492649,31.181233177272333,73.50843113329465,72.27374905548227
16,random,10,28.721644417380443,0.2355462352761214,20.42841575553475,27.168917075839836,28.415469496541427
16,random,11,17.236805897720572,0.10354358113110095,45.44235991185349,87.4132173681623,85.95451324806862
16,random,12,25.530996020143125,0.10058037019715547,30.887723609435383,66.8113418654309,67.13558187188224
16,random,13,21.39416890218398,0.21320852343996688,50.85759492344569,70.59315129826935,70.13962334393051
16,random,14,18.64777841742623,0.16125708574822,20.91575953250385,68.8458831230894,68.79311062489346
16,random,15,21.04777339626545,0.11034304828820164,43.269393025917594,83.98454742233034,83.53749808542577
16,random,16,25.886308245507912,0.17549746177004338,22.186952205629304,50.059278431860236,50.955101537177114
16,random,17,7.653910651512706,0.2276660501446336,48.71178996453027,62.21166796526072,59.96753093491809
16,random,18,17.7577143449729,0.25550911688008476,46.592833310099664,81.47426865172368,80.53729975026555
16,random,19,18.491336337912024,0.22316857962211034,46.58846576999056,81.62701547927001,82.25917167557773
16,random,20,9.834149306377924,0.20062985060786287,37.8597428985582,78.9212598067493,79.85590272730967
16,original_gp,1,7.793177943098247,0.1486088968363316,29.58347688896016,66.31097614994903,68.03333129674726
16,original_gp,2,13.568325196535485,0.11874272840817783,55.630183931282524,62.6654884092778,63.16422835016604
16,original_gp,3,10.3580478411291,0.17847750513689875,30.4580387860629,79.004542090198,78.27758118091887
16,original_gp,4,11.555918805185184,0.1535955926538462,28.612762752046862,78.88710745200996,79.56520509804422
16,original_gp,5,16.291715478139295,0.13020826387121504,51.60579997309402,77.98870411613652,75.9145818314166
16,original_gp,6,8.10514173144993,0.1888895655552864,53.296866259600854,54.23664568588644,53.81335064921031
16,original_gp,7,14.644518861997964,0.11681093597626267,26.87832982885559,79.45341781194239,81.67310167035465
16,original_gp,8,5.307684947328498,0.17798337356502397,31.3887182322109,58.24273744369787,57.38197207437894
16,original_gp,9,16.296449617643237,0.1504234306660705,36.048949992079926,93.0558084808226,91.82112640301023
16,original_gp,10,17.23127746130303,0.21092083744594514,37.357346395042015,89.13358851981926,90.38014094052085
16,original_gp,11,15.35237573183379,0.2016289655142509,35.18731104573434,91.6353413069094,90.17663718681573
16,original_gp,12,15.741567376507863,0.2615153913666006,35.193948970849355,86.1322522698722,86.45649227632353
16,original_gp,13,16.209020402269534,0.09491056417303799,37.069255488076585,91.20357903010762,90.75005107576878
16,original_gp,14,16.576197063384125,0.08092547413532795,37.6247289750812,90.14156036532916,90.08878786713322
16,original_gp,15,16.78933096668204,0.22392015157122314,37.883447291664496,90.22868316547046,89.78163382856589
16,original_gp,16,15.443884222736783,0.17108515722479933,37.55320062834161,90.64727179431077,91.54309489962765
16,original_gp,17,16.545469707172447,0.11133943263469244,37.60451148326009,93.64489055716139,91.40075352681876
16,original_gp,18,16.422644690038823,0.2597809606262918,39.2594115985247,87.8670868802089,86.93011797875077
16,original_gp,19,16.781758413689253,0.14368485389168273,36.342134858930564,91.22479228983104,91.85694848613876
16,original_gp,20,16.65425544953756,0.16654471358004908,36.67867464074548,90.89595134687292,91.83059426743328
16,scaled_gp,1,7.793177943098247,0.1486088968363316,29.58347688896016,66.31097614994903,68.03333129674726
16,scaled_gp,2,13.568325196535485,0.11874272840817783,55.630183931282524,62.6654884092778,63.16422835016604
16,scaled_gp,3,10.3580478411291,0.17847750513689875,30.4580387860629,79.004542090198,78.27758118091887
16,scaled_gp,4,11.555918805185184,0.1535955926538462,28.612762752046862,78.88710745200996,79.56520509804422
16,scaled_gp,5,16.291715478139295,0.13020826387121504,51.60579997309402,77.98870411613652,75.9145818314166
16,scaled_gp,6,8.10514173144993,0.1888895655552864,53.296866259600854,54.23664568588644,53.81335064921031
16,scaled_gp,7,14.644518861997964,0.11681093597626267,26.87832982885559,79.45341781194239,81.67310167035465
16,scaled_gp,8,5.307684947328498,0.17798337356502397,31.3887182322109,58.24273744369787,57.38197207437894
16,scaled_gp,9,20.856704455159825,0.2875900524045588,41.57437723603971,79.58901065320963,78.35432857539725
16,scaled_gp,10,22.728097099567982,0.19596414078164637,58.74868043288816,44.09055470264831,45.3371071233499
16,scaled_gp,11,14.850571876339787,0.16168830910911886,40.43776093406171,92.0334690639253,90.57476494383162
16,scaled_gp,12,29.65319660393443,0.25326026135731394,21.71091243903689,24.215419257257498,24.53965926370883
16,scaled_gp,13,14.918438719231842,0.28746370666871585,38.72580471354174,84.14947789703218,83.69594994269335
16,scaled_gp,14,20.903851500485757,0.057606997706334775,43.94302743013578,80.46870054223982,80.41592804404388
16,scaled_gp,15,11.97318653241241,0.06445500967377983,38.447356900686096,84.32506233857403,83.87801300166946
16,scaled_gp,16,16.648633717186115,0.11957357675951728,39.090811410020585,90.52589253134825,91.42171563666513
16,scaled_gp,17,16.411912137132617,0.0768663994443695,41.55252717268878,90.7889496315238,88.54481260118118
16,scaled_gp,18,15.675987927828572,0.1745964900556678,38.421505051087244,92.4572912737293,91.52032237227117
16,scaled_gp,19,15.96500651262601,0.126071574710231,37.54648721228767,91.06708859619741,91.69924479250513
16,scaled_gp,20,16.65425544953756,0.16654471358004908,36.67867464074548,90.89595134687292,91.83059426743328
17,random,1,20.006975573150793,0.11931352382044731,44.84167924146073,85.93566574207964,84.23659632744398
17,random,2,13.132893069793068,0.1296688265543488,35.43083335809282,90.0894250386148,88.65778903730875
17,random,3,12.39268934455841,0.15906916402090393,57.45658374469156,54.78836525927496,55.888381119797785
17,random,4,11.086460542741806,0.1524840717538815,36.52234273849333,84.18712227799256,84.59446429350766
17,random,5,25.22026971883717,0.08625863007371602,23.692549330391337,57.13070382056018,56.11238359215699
17,random,6,11.374449042128418,0.13467047827127238,22.293013214261034,66.82294049589837,66.83798838186166
17,random,7,27.111607944243197,0.1260453212202453,51.58084613904069,44.89158715104244,47.75729531593522
17,random,8,11.566999841272928,0.2117780470040478,21.91818856216286,66.53708254633479,64.96633870710096
17,random,9,24.93478632117589,0.20896159309841428,53.86657806049655,52.46837575556985,51.39381695191867
17,random,10,5.663953629988026,0.07745237109747903,57.294447120773654,27.31353919770626,29.194150437618067
17,random,11,10.846874058700887,0.10477396398629825,56.75246001508939,54.96295736647121,53.53980670893844
17,random,12,17.696275524500273,0.23830730882986867,38.95723523434562,86.01361048597161,88.3530761380034
17,random,13,17.684124779563632,0.078687389823924,35.59192395912494,89.16695834539087,89.32400644433494
17,random,14,16.422108880211454,0.15458881272681607,45.05055618418896,87.59904111010236,87.42918846722027
17,random,15,7.163801424727998,0.21634316537014353,42.73808764849592,65.61333360311914,66.25327782717413
17,random,16,7.799625841183806,0.171911369289438,53.96850132843913,49.074631627556485,51.18690625211147
17,random,17,27.10090206397383,0.14205876077419238,39.354383192164384,62.0263621353961,63.6048945834617
17,random,18,24.17610680276973,0.09903007915141603,56.532847901448136,48.55926536853172,47.250229016421
17,random,19,18.72045020039839,0.12638186054040057,36.688037363049666,91.19156051559503,90.49153095637018
17,random,20,8.336962983373038,0.12282298655291098,33.742759565680544,74.16630131410065,73.91642218783039
17,original_gp,1,20.006975573150793,0.11931352382044731,44.84167924146073,85.93566574207964,84.23659632744398
17,original_gp,2,13.132893069793068,0.1296688265543488,35.43083335809282,90.0894250386148,88.65778903730875
17,original_gp,3,12.39268934455841,0.15906916402090393,57.45658374469156,54.78836525927496,55.888381119797785
17,original_gp,4,11.086460542741806,0.1524840717538815,36.52234273849333,84.18712227799256,84.59446429350766
17,original_gp,5,25.22026971883717,0.08625863007371602,23.692549330391337,57.13070382056018,56.11238359215699
17,original_gp,6,11.374449042128418,0.13467047827127238,22.293013214261034,66.82294049589837,66.83798838186166
17,original_gp,7,27.111607944243197,0.1260453212202453,51.58084613904069,44.89158715104244,47.75729531593522
17,original_gp,8,11.566999841272928,0.2117780470040478,21.91818856216286,66.53708254633479,64.96633870710096
17,original_gp,9,17.46846384498417,0.1825525074515542,38.28720530657908,92.36663657676091,91.29207777310972
17,original_gp,10,17.262484094889018,0.20748801276855217,38.63068189904615,88.54981929197118,90.43043053188298
17,original_gp,11,16.908564940286887,0.18233291858079703,38.301690951305616,92.91183560983144,91.48868495229868
17,original_gp,12,16.684855850116683,0.24571037551033453,38.99020018313572,85.8101453076405,88.14961095967229
17,original_gp,13,16.133017452816024,0.1652355143548025,34.91516556689024,91.18192497078216,91.33897306972624
17,original_gp,14,16.690139041499712,0.19832408366953846,35.98160627157057,91.04228604294356,90.87243340006147
17,original_gp,15,16.273321181012793,0.147384527049304,35.47546098393218,91.01657301649185,91.65651724054683
17,original_gp,16,16.74310027286529,0.12681321978702714,35.50288229647351,89.33882189938123,91.45109652393622
17,original_gp,17,16.108383095432494,0.19578641452546602,36.49926565298726,89.46445076124624,91.04298320931184
17,original_gp,18,16.776703523269763,0.08168671261825948,36.32189133227366,91.31217784636537,90.00314149425466
17,original_gp,19,17.225356161178293,0.16353368380715988,35.5810531768148,92.20064137731114,91.5006118180863
17,original_gp,20,16.555897684820543,0.22127676140214952,36.20313692398711,90.08239899505254,89.83251986878228
17,scaled_gp,1,20.006975573150793,0.11931352382044731,44.84167924146073,85.93566574207964,84.23659632744398
17,scaled_gp,2,13.132893069793068,0.1296688265543488,35.43083335809282,90.0894250386148,88.65778903730875
17,scaled_gp,3,12.39268934455841,0.15906916402090393,57.45658374469156,54.78836525927496,55.888381119797785
17,scaled_gp,4,11.086460542741806,0.1524840717538815,36.52234273849333,84.18712227799256,84.59446429350766
17,scaled_gp,5,25.22026971883717,0.08625863007371602,23.692549330391337,57.13070382056018,56.11238359215699
17,scaled_gp,6,11.374449042128418,0.13467047827127238,22.293013214261034,66.82294049589837,66.83798838186166
17,scaled_gp,7,27.111607944243197,0.1260453212202453,51.58084613904069,44.89158715104244,47.75729531593522
17,scaled_gp,8,11.566999841272928,0.2117780470040478,21.91818856216286,66.53708254633479,64.96633870710096
17,scaled_gp,9,5.811152873259685,0.09419290099389936,32.16317219395715,60.987384176646145,59.912825372994966
17,scaled_gp,10,15.90911558083285,0.1408136609171654,40.86013162315429,89.09510836859293,90.97571960850473
17,scaled_gp,11,18.91101264167103,0.06542735444776547,36.35679938716882,89.00433960638262,87.58118894884986
17,scaled_gp,12,24.472216879862476,0.21142837338406995,39.172863896405744,72.03821794116027,74.37768359319206
17,scaled_gp,13,16.084532833610112,0.2656419139845171,31.946233394899046,83.98303187115317,84.14007997009725
17,scaled_gp,14,18.590112412999716,0.2538310004462636,39.04229747987912,86.5750649853541,86.40521234247201
17,scaled_gp,15,15.719272086053747,0.06071442406989193,37.8200644896059,88.01071082717233,88.65065505122732
17,scaled_gp,16,13.176107868916075,0.251042171961482,39.61797266782284,82.68298778706556,84.79526241162054
17,scaled_gp,17,16.655947231222314,0.0630648050269043,39.59003579142624,87.04283644844344,88.62136889650904
17,scaled_gp,18,13.40924816534541,0.07938731031179903,34.576009135026325,88.2424110419787,86.93337468986799
17,scaled_gp,19,5.118662384572396,0.14533496272803564,47.76195656718824,51.88299284408987,51.18296328486502
17,scaled_gp,20,18.945092439865945,0.05741160847315811,38.4405637940349,87.25544294813481,87.00556382186456
18,random,1,16.030194953082926,0.12856777438283884,35.20435585386759,90.9031924857888,91.3394861228571
18,random,2,20.672499199314757,0.2993874444708459,58.85184495986419,42.94419003744373,42.248816526511185
18,random,3,6.587733596012258,0.21258366215440044,56.310542572759296,38.961158006835916,37.56313682610433
18,random,4,8.619684229988707,0.06567796686402315,48.18635412691351,65.34219929716939,64.49522057028982
18,random,5,14.339326542107647,0.07479583270787944,42.94747244704033,86.50877339125616,86.1966093559483
18,random,6,17.635870599467154,0.2442799068979305,48.600768835055405,76.91709390655431,78.26380365909657
18,random,7,7.0593408602098435,0.1297693818984515,51.91296299455844,55.44311939529066,52.93609740546498
18,random,8,10.386325792620422,0.10087510943782031,24.876616622461686,72.52206202010865,68.94246034070213
18,random,9,8.454592913175475,0.07789954786897606,34.99696678876778,73.32047436486612,73.23725210229668
18,random,10,20.951104766669815,0.20761031375348266,34.01448500405236,84.93705437983601,84.74743210576437
18,random,11,22.921724344546465,0.2052128731596461,33.736691989115016,80.39768323627325,79.33798059086426
18,random,12,19.54267826000821,0.27688039505488177,55.18465932732843,60.26357913560769,58.22629934991204
18,random,13,18.29182693098758,0.20137905952646679,59.93566710436819,47.87210288223535,49.872683285774905
18,random,14,22.251167239496194,0.2584594360571527,27.44090093136636,72.53483413499254,70.9308012120953
18,random,15,12.268150654796768,0.26707991296584627,20.52500248948133,57.542902584693316,58.987737133270485
18,random,16,25.013636575489077,0.14400121157228707,39.49651262571785,75.0315273409406,73.5462188669114
18,random,17,9.456451943945474,0.24761911182237983,38.33906497749371,76.58423824648028,75.7289888954
18,random,18,16.967269920915392,0.23334150822702532,39.43372859211884,90.48564502338513,88.86794740639156
18,random,19,15.442684994323317,0.2849011365871202,35.56218679772941,86.89164978508212,84.14078498314245
18,random,20,6.803178500652026,0.0791920332331257,51.313933658771305,51.0329621303222,51.221424889067436
18,original_gp,1,16.030194953082926,0.12856777438283884,35.20435585386759,90.9031924857888,91.3394861228571
18,original_gp,2,20.672499199314757,0.2993874444708459,58.85184495986419,42.94419003744373,42.248816526511185
18,original_gp,3,6.587733596012258,0.21258366215440044,56.310542572759296,38.961158006835916,37.56313682610433
18,original_gp,4,8.619684229988707,0.06567796686402315,48.18635412691351,65.34219929716939,64.49522057028982
18,original_gp,5,14.339326542107647,0.07479583270787944,42.94747244704033,86.50877339125616,86.1966093559483
18,original_gp,6,17.635870599467154,0.2442799068979305,48.600768835055405,76.91709390655431,78.26380365909657
18,original_gp,7,7.0593408602098435,0.1297693818984515,51.91296299455844,55.44311939529066,52.93609740546498
18,original_gp,8,10.386325792620422,0.10087510943782031,24.876616622461686,72.52206202010865,68.94246034070213
18,original_gp,9,16.56959637354894,0.09438296979201703,37.84260482932058,90.83531948357846,90.75209722100902
18,original_gp,10,16.89012711818183,0.2809486650659424,37.314186403904294,85.28978919356595,85.10016691949431
18,original_gp,11,14.757464497010321,0.29672970859665976,36.1531777368687,83.54363777999255,82.48393513458356
18,original_gp,12,18.085717556722532,0.2919150025305355,39.370540447771575,85.07279384063443,83.03551405493877
18,original_gp,13,15.992799047644649,0.16591859263827546,37.87367458855756,89.82257514245886,91.82315554599842
18,original_gp,14,16.055757336381994,0.09064153422503367,36.63142421713392,92.08497014194297,90.48093721904574
18,original_gp,15,16.343302705973727,0.26454273624092667,37.73864302682426,85.29645553117048,86.74129007974766
18,original_gp,16,16.04001990152064,0.07162794362933443,34.92426361731901,90.44478793032789,88.9594794562987
18,original_gp,17,16.765497309086896,0.07560586740663507,32.83910237549978,88.88591502678378,88.03066567570349
18,original_gp,18,17.093567284852497,0.1981587978646741,33.800169118884774,91.50680927796526,89.8891116609717
18,original_gp,19,17.987203585249006,0.0757814997854143,32.85496037139781,90.26845541420153,87.51759061226186
18,original_gp,20,16.93047042635264,0.1445487338890713,33.54520939570149,90.50209502547102,90.69055778421627
18,scaled_gp,1,16.030194953082926,0.12856777438283884,35.20435585386759,90.9031924857888,91.3394861228571
18,scaled_gp,2,20.672499199314757,0.2993874444708459,58.85184495986419,42.94419003744373,42.248816526511185
18,scaled_gp,3,6.587733596012258,0.21258366215440044,56.310542572759296,38.961158006835916,37.56313682610433
18,scaled_gp,4,8.619684229988707,0.06567796686402315,48.18635412691351,65.34219929716939,64.49522057028982
18,scaled_gp,5,14.339326542107647,0.07479583270787944,42.94747244704033,86.50877339125616,86.1966093559483
18,scaled_gp,6,17.635870599467154,0.2442799068979305,48.600768835055405,76.91709390655431,78.26380365909657
18,scaled_gp,7,7.0593408602098435,0.1297693818984515,51.91296299455844,55.44311939529066,52.93609740546498
18,scaled_gp,8,10.386325792620422,0.10087510943782031,24.876616622461686,72.52206202010865,68.94246034070213
18,scaled_gp,9,29.82269777931563,0.06087971812124034,38.95992024108668,44.36217400713745,44.27895174456801
18,scaled_gp,10,20.693738567885934,0.1556557665073287,21.033254319418475,66.08766933749796,65.89804706342632
18,scaled_gp,11,11.652596127367332,0.27934815661584095,36.27238343659512,80.37242992719932,79.31272728179033
18,scaled_gp,12,18.085717556722532,0.2919150025305355,39.370540447771575,85.07279384063443,83.03551405493877
18,scaled_gp,13,17.168467240209967,0.06027399419705086,41.04304996830738,85.66314879047778,87.66372919401734
18,scaled_gp,14,16.00747991543744,0.06339607064290721,29.798233419513327,85.79791600561342,84.19388308271618
18,scaled_gp,15,15.346140826261827,0.2407748417684218,35.61433007984956,86.64182886016425,88.08666340874143
18,scaled_gp,16,14.544218535342688,0.0692534323623454,35.45769077184279,89.58735275687671,88.10204428284752
18,scaled_gp,17,16.740561908494957,0.08499569775978598,36.57602166646923,91.08225924236403,90.22700989128374
18,scaled_gp,18,17.905674937121187,0.0577434399407966,33.16298889553968,88.21443473458096,86.5967371175874
18,scaled_gp,19,14.02887627824219,0.08131179816395893,36.35231750361524,91.231650052293,88.48078525035334
18,scaled_gp,20,14.968293164962033,0.060461655571873954,34.875743458610096,87.46722194335514,87.65568470210039
19,random,1,21.76697761077143,0.18157047310004354,29.83221218392165,81.20628458001768,79.96246120381193
19,random,2,8.167594112404473,0.2422684270464504,32.188012298633716,68.91467849305529,68.97999091208305
19,random,3,27.560265993448677,0.27088927639338517,33.48464097917148,52.77161977902389,54.28209353448225
19,random,4,10.812666747972308,0.07008067902385483,56.295138918932935,51.15942560624021,53.09814121542079
19,random,5,13.30285343306831,0.17292728446504707,50.387733946138766,79.04701175029575,75.94680440689613
19,random,6,7.838066166455874,0.2173870382551174,33.897065144081594,70.89178253922155,70.38782922982789
19,random,7,20.456053904221925,0.26702798063308775,26.451283955830036,72.13358114493411,72.84325997832337
19,random,8,6.266465518982726,0.19406029145869136,46.90064430301592,60.81986163811616,57.97240022814165
19,random,9,25.814572498209177,0.06398766600791485,55.45101434129891,43.58884646673974,41.57132288387339
19,random,10,14.106490457885904,0.1416234894398139,34.01486812531029,88.03119274131946,89.56802011156798
19,random,11,13.527863634848265,0.22528082995546866,49.2484195311082,75.68193468871598,76.48269109490802
19,random,12,27.091982402845698,0.1742959558403936,42.71188212288338,62.70973333747979,61.54326258534592
19,random,13,8.093210613205535,0.09494481696152397,28.097214729601735,67.2497762633683,66.04605411246246
19,random,14,15.022270674244977,0.26204662759070596,36.773067314545926,83.69237039931659,86.39002581783625
19,random,15,16.57228750851796,0.0902418565133375,29.377380104053906,86.07643120880277,85.2921230259175
19,random,16,9.511651471426251,0.09923786537969344,32.63036603804899,78.4070619653275,76.8629616924403
19,random,17,7.797725628052783,0.2971102953328755,51.90505173320227,47.47545994752052,47.81058835676863
19,random,18,8.057420305450275,0.061357877110705936,55.60424674938332,47.02994562025104,44.816641616161355
19,random,19,29.535416484721775,0.19988869583158303,52.22896605184444,33.54227277092183,31.168531202239596
19,random,20,27.368944416621968,0.17635091415711274,34.836433388508574,63.281734358264615,61.62119657882117
19,original_gp,1,21.76697761077143,0.18157047310004354,29.83221218392165,81.20628458001768,79.96246120381193
19,original_gp,2,8.167594112404473,0.2422684270464504,32.188012298633716,68.91467849305529,68.97999091208305
19,original_gp,3,27.560265993448677,0.27088927639338517,33.48464097917148,52.77161977902389,54.28209353448225
19,original_gp,4,10.812666747972308,0.07008067902385483,56.295138918932935,51.15942560624021,53.09814121542079
19,original_gp,5,13.30285343306831,0.17292728446504707,50.387733946138766,79.04701175029575,75.94680440689613
19,original_gp,6,7.838066166455874,0.2173870382551174,33.897065144081594,70.89178253922155,70.38782922982789
19,original_gp,7,20.456053904221925,0.26702798063308775,26.451283955830036,72.13358114493411,72.84325997832337
19,original_gp,8,6.266465518982726,0.19406029145869136,46.90064430301592,60.81986163811616,57.97240022814165
19,original_gp,9,16.213116988732644,0.1531133016976377,35.140764749020434,93.54779178078653,91.53026819792018
19,original_gp,10,17.13896546819244,0.0955005218038336,36.356569419458246,89.06843148350268,90.6052588537512
19,original_gp,11,15.637266271707906,0.14262760301037447,34.04578599140147,90.03689777399984,90.83765418019188
19,original_gp,12,15.987645217876993,0.14884017353094559,34.99635903548259,92.59884837113069,91.43237761899682
19,original_gp,13,16.147905300225872,0.298351429291755,34.84889797146245,83.80720349508368,82.60348134417784
19,original_gp,14,15.528374333638238,0.0761954012358889,35.666847493859976,86.61864710424312,89.31630252276278
19,original_gp,15,17.510967324170764,0.15524711535973323,35.02958974230734,92.02954741510563,91.24523923222036
19,original_gp,16,18.00325508551747,0.15385118951043952,33.66723919766666,91.79801921616333,90.25391894327612
19,original_gp,17,17.762255666035173,0.17226932230501457,33.35901110002183,89.69635703719317,90.03148544644128
19,original_gp,18,17.105195651749373,0.1712866427436031,34.2251856630818,93.08253738084528,90.86923337675559
19,original_gp,19,17.33354423563783,0.06406411848339642,34.05573781519364,90.2970169178617,87.92327534917946
19,original_gp,20,17.750707648875924,0.1132786339453019,33.83949331663217,91.65814214941656,89.99760436997312
19,scaled_gp,1,21.76697761077143,0.18157047310004354,29.83221218392165,81.20628458001768,79.96246120381193
19,scaled_gp,2,8.167594112404473,0.2422684270464504,32.188012298633716,68.91467849305529,68.97999091208305
19,scaled_gp,3,27.560265993448677,0.27088927639338517,33.48464097917148,52.77161977902389,54.28209353448225
19,scaled_gp,4,10.812666747972308,0.07008067902385483,56.295138918932935,51.15942560624021,53.09814121542079
19,scaled_gp,5,13.30285343306831,0.17292728446504707,50.387733946138766,79.04701175029575,75.94680440689613
19,scaled_gp,6,7.838066166455874,0.2173870382551174,33.897065144081594,70.89178253922155,70.38782922982789
19,scaled_gp,7,20.456053904221925,0.26702798063308775,26.451283955830036,72.13358114493411,72.84325997832337
19,scaled_gp,8,6.266465518982726,0.19406029145869136,46.90064430301592,60.81986163811616,57.97240022814165
19,scaled_gp,9,22.864930691277657,0.16059944677276056,32.801527404213985,82.07844701925067,80.06092343638433
19,scaled_gp,10,14.921235722744367,0.20229631449723678,29.587232588718734,83.73713561656652,85.27396298681504
19,scaled_gp,11,29.976597964178477,0.052749128992239006,30.297873646856214,37.861827736543965,38.662584142736
19,scaled_gp,12,16.91546645248391,0.2843902731424965,55.55027533747245,59.834024272037766,58.667553519903905
19,scaled_gp,13,11.916233075514807,0.15555747841241618,20.100609105844352,63.71953384087282,62.515811689966974
19,scaled_gp,14,24.588935724532668,0.2765795693600699,58.52965325412871,31.155964061711938,33.85361948023159
19,scaled_gp,15,20.455158431252165,0.15157888611272213,55.47528653145015,63.023617405247556,62.239309222362294
19,scaled_gp,16,18.00325508551747,0.15385118951043952,33.66723919766666,91.79801921616333,90.25391894327612
19,scaled_gp,17,18.060807202786442,0.06092106376479696,38.42228956017378,87.81376961474179,88.1488980239899
19,scaled_gp,18,16.428922624696675,0.16809881114397107,38.13571119344492,94.04868392212195,91.83537991803226
19,scaled_gp,19,18.804317664990315,0.17381720632306413,38.045405127796684,92.79557052629731,90.42182895761508
19,scaled_gp,20,16.904493598244063,0.19975963458254586,39.83363165704693,92.19355858131121,90.53302080186776
20,random,1,7.62857000421379,0.2939073393131691,35.45196793777901,62.32347076791464,63.70514870795713
20,random,2,8.112699096017781,0.0705699289003212,46.36746063838885,66.1704957887648,65.5990927546847
20,random,3,18.143561838037865,0.1532887913723704,38.81635576926938,92.03623903573805,91.1817262607569
20,random,4,12.440351939123213,0.09687887023945678,31.6390428458827,85.08246601273295,84.00300713364835
20,random,5,28.02654344860423,0.189024898133204,32.4342918474007,58.32499352275867,56.122610035152064
20,random,6,20.89891874803586,0.22446995352579635,59.555354537518156,45.54159836542012,46.02897576874113
20,random,7,11.6384975087132,0.2282920797168826,49.50131458383903,73.88406267826159,72.11706434402377
20,random,8,17.99312801540436,0.1376378135942699,36.85312276778847,94.9268710711097,91.34803670902735
20,random,9,9.888018434710345,0.05627793110457109,54.984350934800624,53.92749057713884,53.100692256950566
20,random,10,21.662057958546864,0.17850893530419903,37.753605312177484,84.13846131513648,85.00804039892998
20,random,11,26.51749423862546,0.097136957351882,36.32290241867849,64.15676314147899,65.6838070862935
20,random,12,13.762954362096387,0.2717229541883416,48.18139513165927,74.41680123926201,75.0731781067826
20,random,13,18.571099369021955,0.17329330985196112,48.85788364286447,83.21512927880237,80.39048386977755
20,random,14,29.097491634192263,0.27742807328455993,59.24170693546549,8.80960903194805,8.014489949794466
20,random,15,22.447980162175014,0.23929723529345392,59.69240156772821,40.12086069507076,40.565569517706884
20,random,16,13.793098006869545,0.25281315366616436,54.84254052016655,61.11277263893656,61.878855637694166
20,random,17,16.764659732104505,0.23717381477216543,27.506348185776584,79.65800117291448,80.95293308706339
20,random,18,7.199722906381349,0.0994851768459435,36.099765675644804,69.0013833302284,69.19866005911562
20,random,19,11.699824431588286,0.2226261535622287,42.765256887310876,80.07347639501415,81.91192094845809
20,random,20,23.924715524229445,0.2664352230488583,44.99990699671743,68.42391068866029,68.29564698273875
20,original_gp,1,7.62857000421379,0.2939073393131691,35.45196793777901,62.32347076791464,63.70514870795713
20,original_gp,2,8.112699096017781,0.0705699289003212,46.36746063838885,66.1704957887648,65.5990927546847
20,original_gp,3,18.143561838037865,0.1532887913723704,38.81635576926938,92.03623903573805,91.1817262607569
20,original_gp,4,12.440351939123213,0.09687887023945678,31.6390428458827,85.08246601273295,84.00300713364835
20,original_gp,5,28.02654344860423,0.189024898133204,32.4342918474007,58.32499352275867,56.122610035152064
20,original_gp,6,20.89891874803586,0.22446995352579635,59.555354537518156,45.54159836542012,46.02897576874113
20,original_gp,7,11.6384975087132,0.2282920797168826,49.50131458383903,73.88406267826159,72.11706434402377
20,original_gp,8,17.99312801540436,0.1376378135942699,36.85312276778847,94.9268710711097,91.34803670902735
20,original_gp,9,17.678202472382395,0.06992653504435552,35.472526937699,89.58620237623664,88.75940405604837
20,original_gp,10,16.842996339387515,0.2341050243153201,38.03666293391302,88.24850667959507,89.11808576338856
20,original_gp,11,18.401649731663795,0.14738654296514375,37.8440762063854,89.55668499176798,91.08372893658249
20,original_gp,12,16.91408420790996,0.11518720280094923,36.04009238218169,90.6454779399353,91.3018548074559
20,original_gp,13,17.90721502175215,0.17034636098142203,35.212573592998496,93.74540655219322,90.9207611431684
20,original_gp,14,17.251361900656565,0.1210384782089483,33.7018787748585,91.16441702066298,90.36929793850939
20,original_gp,15,18.023890684706792,0.23679366954403902,35.63575544001829,87.68344142110818,88.12815024374432
20,original_gp,16,17.615161907754654,0.11625291951319343,34.03547633619123,89.50724036719518,90.27332336595278
20,original_gp,17,17.446710660460003,0.06190829469443131,35.63016786090617,87.09724162146561,88.39217353561452
20,original_gp,18,17.5772396390585,0.21034956156796347,36.28362626286905,89.93741892307433,90.13469565196155
20,original_gp,19,18.736496383432694,0.12295369801227533,37.99136465617376,88.59916030976777,90.4376048632117
20,original_gp,20,17.40478371781653,0.08609164724462194,36.13790925186703,90.14147099466078,90.01320728873924
20,scaled_gp,1,7.62857000421379,0.2939073393131691,35.45196793777901,62.32347076791464,63.70514870795713
20,scaled_gp,2,8.112699096017781,0.0705699289003212,46.36746063838885,66.1704957887648,65.5990927546847
20,scaled_gp,3,18.143561838037865,0.1532887913723704,38.81635576926938,92.03623903573805,91.1817262607569
20,scaled_gp,4,12.440351939123213,0.09687887023945678,31.6390428458827,85.08246601273295,84.00300713364835
20,scaled_gp,5,28.02654344860423,0.189024898133204,32.4342918474007,58.32499352275867,56.122610035152064
20,scaled_gp,6,20.89891874803586,0.22446995352579635,59.555354537518156,45.54159836542012,46.02897576874113
20,scaled_gp,7,11.6384975087132,0.2282920797168826,49.50131458383903,73.88406267826159,72.11706434402377
20,scaled_gp,8,17.99312801540436,0.1376378135942699,36.85312276778847,94.9268710711097,91.34803670902735
20,scaled_gp,9,17.502532489169376,0.10652062354257698,20.29519785471606,68.13893065270837,67.3121323325201
20,scaled_gp,10,15.109315177212212,0.1364652435886205,36.653354698146785,90.51629933330527,91.38587841709877
20,scaled_gp,11,16.774792651622974,0.13461959304815097,31.917164883911568,87.8660117029628,89.3930556477773
20,scaled_gp,12,20.941741474188053,0.10010443313933191,36.37940821613698,85.31507118897498,85.97144805649557
20,scaled_gp,13,5.511310865121745,0.10311011842795238,20.48029703899395,40.58373567527045,37.759090266245636
20,scaled_gp,14,17.15945663483462,0.07575925755563247,42.494205385334,88.48635618889845,87.69123710674486
20,scaled_gp,15,16.097466701978725,0.2740444542151203,36.452225997196486,85.27214583587299,85.71685465850912
20,scaled_gp,16,16.246925568706242,0.054814788491228575,38.057428575014356,87.56895740901152,88.33504040776911
20,scaled_gp,17,18.066988159043845,0.1753062912304123,39.18703903295231,89.60735370697344,90.90228562112235
20,scaled_gp,18,18.576916396003472,0.15599228689745415,36.509156861201305,90.63142323115484,90.82869996004206
20,scaled_gp,19,15.909664669848883,0.17034720896851263,37.34042849078998,89.90679088560245,91.74523543904638
20,scaled_gp,20,17.344588324484146,0.14814540408704274,37.90830497829022,91.93521849963393,91.80695479371239
21,random,1,9.117493646624693,0.12002245138080735,53.41752864633231,58.80896776160026,57.745771160562114
21,random,2,16.86822552985971,0.21487926957735048,52.860781550094266,70.11666369070402,71.40608585505636
21,random,3,17.863263561923844,0.13252507522291668,47.974402039446154,80.2707333203584,82.6361810700805
21,random,4,6.339158335207339,0.2781194151701131,34.34930852989001,58.67435679825381,58.82934180915475
21,random,5,5.781796109415167,0.12657356241099815,20.401197892972945,40.51798020124079,39.67098446909665
21,random,6,25.296714903740963,0.13242372630772287,38.72320166962187,71.72869258364115,72.41118378084781
21,random,7,10.329367909283567,0.19559491443231836,52.78073421958031,64.43454303800912,62.969199348262734
21,random,8,7.408534426462028,0.2602415269791018,39.710348785873116,65.98977032655216,66.08418438260298
21,random,9,17.74417389164467,0.17581791231875332,51.1027452747191,75.64168058872335,76.54360767252648
21,random,10,12.011911965996587,0.21427456900223674,24.07080187043775,68.9326476675218,70.88430936934647
21,random,11,9.212413356454958,0.21539079070149791,23.700447937071615,62.60311165101497,61.77817705378145
21,random,12,8.17784993827581,0.17578054999750814,39.270270230909915,73.16361305222719,74.16889134903073
21,random,13,11.370227448193138,0.21612354006546342,47.47954991928992,74.19943719684619,75.7051160440387
21,random,14,7.181313481440123,0.09333043217926919,56.51893396481981,39.07016887083211,40.06835649275311
21,random,15,19.44677514503551,0.06393187831865711,48.80640943865383,77.17695254963778,76.63924888169002
21,random,16,12.694931592940055,0.20849943186305026,46.152984997607575,84.6335002024676,81.02155824357295
21,random,17,17.220320902864387,0.2765709713060053,43.43388779049613,82.40065381120644,82.64531819346999
21,random,18,17.08105873652946,0.08184396347623814,35.706024920881994,92.11732497952995,89.80002683356464
21,random,19,12.02622763719867,0.18781030895166845,54.13469294280513,62.471244440493145,64.28745168213763
21,random,20,7.151522609734041,0.17214876126681017,46.30222581403996,62.15752712660842,63.75693122815178
21,original_gp,1,9.117493646624693,0.12002245138080735,53.41752864633231,58.80896776160026,57.745771160562114
21,original_gp,2,16.86822552985971,0.21487926957735048,52.860781550094266,70.11666369070402,71.40608585505636
21,original_gp,3,17.863263561923844,0.13252507522291668,47.974402039446154,80.2707333203584,82.6361810700805
21,original_gp,4,6.339158335207339,0.2781194151701131,34.34930852989001,58.67435679825381,58.82934180915475
21,original_gp,5,5.781796109415167,0.12657356241099815,20.401197892972945,40.51798020124079,39.67098446909665
21,original_gp,6,25.296714903740963,0.13242372630772287,38.72320166962187,71.72869258364115,72.41118378084781
21,original_gp,7,10.329367909283567,0.19559491443231836,52.78073421958031,64.43454303800912,62.969199348262734
21,original_gp,8,7.408534426462028,0.2602415269791018,39.710348785873116,65.98977032655216,66.08418438260298
21,original_gp,9,16.37164263616541,0.27319516019285217,42.97871041739951,82.62183358798947,83.5237606717926
21,original_gp,10,17.75738271678053,0.26181943309722944,43.83931525030694,81.43669779936451,83.38835950118917
21,original_gp,11,18.68207823313314,0.20087761985061814,43.80701320456598,87.41688211768398,86.59194752045046
21,original_gp,12,19.519474783274674,0.2981794876191222,43.38057988950357,77.1660529041156,78.17133120091914
21,original_gp,13,16.602952691335673,0.16051252116507092,43.743565801284575,87.32889698494812,88.83457583214063
21,original_gp,14,16.10385632597376,0.05823550357542916,43.52274577022216,84.69241347482091,85.6906010967419
21,original_gp,15,15.60553949799463,0.11069583920958444,44.53267181603701,87.7630841185938,87.22538045064604
21,original_gp,16,14.882730624288428,0.24131632047087537,44.08598156378243,88.15257149407661,84.54062953518196
21,original_gp,17,14.29890176170931,0.17089158137541782,44.91790398982174,85.96752001696152,86.21218439922507
21,original_gp,18,15.31771534396545,0.15585622979504327,44.38101136304773,90.16626533275533,87.84896718679002
21,original_gp,19,14.596245203652845,0.09407611364962144,45.62021995417243,82.75169198305859,84.56789922470307
21,original_gp,20,14.650928317395039,0.15455098815148116,44.922090442952836,85.13055065587206,86.72995475741541
21,scaled_gp,1,9.117493646624693,0.12002245138080735,53.41752864633231,58.80896776160026,57.745771160562114
21,scaled_gp,2,16.86822552985971,0.21487926957735048,52.860781550094266,70.11666369070402,71.40608585505636
21,scaled_gp,3,17.863263561923844,0.13252507522291668,47.974402039446154,80.2707333203584,82.6361810700805
21,scaled_gp,4,6.339158335207339,0.2781194151701131,34.34930852989001,58.67435679825381,58.82934180915475
21,scaled_gp,5,5.781796109415167,0.12657356241099815,20.401197892972945,40.51798020124079,39.67098446909665
21,scaled_gp,6,25.296714903740963,0.13242372630772287,38.72320166962187,71.72869258364115,72.41118378084781
21,scaled_gp,7,10.329367909283567,0.19559491443231836,52.78073421958031,64.43454303800912,62.969199348262734
21,scaled_gp,8,7.408534426462028,0.2602415269791018,39.710348785873116,65.98977032655216,66.08418438260298
21,scaled_gp,9,28.03816854286231,0.162492190588911,47.58264825481811,49.62053398860773,50.52246107241086
21,scaled_gp,10,17.464773134322733,0.21807517818720618,38.187729865663165,87.92411175445964,89.8757734562843
21,scaled_gp,11,23.046145898787252,0.13142251447299258,20.435744767618264,58.678774346909364,57.85383974967584
21,scaled_gp,12,15.07218486587571,0.21621487268116862,41.70690373102886,87.31545082304297,88.3207291198465
21,scaled_gp,13,18.626279695519877,0.051265427869650146,38.596298257948554,85.36849893377666,86.87417778096918
21,scaled_gp,14,17.35951576483479,0.29305764356955466,41.212444959582385,81.52834498087535,82.52653260279634
21,scaled_gp,15,15.145851294425837,0.12661588256123585,38.67061938122518,91.75091923053375,91.213215562586
21,scaled_gp,16,15.124528369734417,0.07878366793744605,40.32679871859678,92.47099174686386,88.85904978796921
21,scaled_gp,17,14.09727229106381,0.06592183746429107,39.198226087995046,87.25368779308582,87.49835217534937
21,scaled_gp,18,16.551435444430314,0.14548789165140974,37.19895458302858,94.30124282858324,91.98394468261793
21,scaled_gp,19,15.810112938872173,0.09195942039180961,21.513882817067778,68.27284775966048,70.08905500130496
21,scaled_gp,20,15.634809849843412,0.06797228120559727,35.298370951229934,87.13426510175815,88.7336692033015
22,random,1,22.93090100819392,0.23451566303747917,50.242438279083785,67.55955857727011,65.81414047253593
22,random,2,10.049478895560586,0.05708956777348091,54.626018117290165,54.32512731066949,54.68071527938791
22,random,3,28.134789964183117,0.09434385777408137,21.754020858684008,35.95349129352196,37.084004425846615
22,random,4,20.6656770466505,0.13725741018129706,58.67831169143494,54.83809052149104,51.71516335967161
22,random,5,16.906648556342354,0.2658517982349763,47.05211953485443,79.68856949275161,79.29056456754331
22,random,6,14.227379106875727,0.2573724042885635,44.60414335555574,81.73320561657154,82.05975706264813
22,random,7,29.21810229072183,0.2224672461656183,32.69561591630812,48.02981968527878,47.615299310062156
22,random,8,24.417637124791135,0.1969208052149382,56.345710437287025,48.49024571080095,47.034266654339504
22,random,9,19.831418419956325,0.28001334762725333,51.79709294654698,66.2046300033689,66.11147526551964
22,random,10,23.502752636849355,0.2706189125351011,45.80531062296327,69.21810168171929,68.40254028880219
22,random,11,24.554261982544915,0.2804989953257902,52.94066442641656,48.81459843950228,49.89709143238021
22,random,12,17.23072684613186,0.25095472151588216,23.2956359126924,68.41544219536752,71.64865052056231
22,random,13,10.574167380555071,0.27887345799121527,21.464590119838615,53.334031704908476,56.007030069753014
22,random,14,21.656635619612018,0.13091131662318423,46.330428313173755,78.77425932594647,78.96840900288497
22,random,15,9.14582204464296,0.24330349713908506,40.7514059543237,74.14541797203483,74.15106836449691
22,random,16,11.098011338033174,0.21083734407542104,42.02512750311389,80.37467398001138,81.58601433677998
22,random,17,23.98914594506888,0.14110323747136067,40.52622660582511,76.84096367425974,77.21386850238389
22,random,18,9.3795136518271,0.26606908337078833,49.94138386778393,62.17580659948254,61.55281309191251
22,random,19,22.708411798435495,0.20114086739060627,33.81606642523785,82.11807500332613,80.23204108161552
22,random,20,20.039561997256023,0.21233983991731126,23.744175035922076,71.7658746926528,72.17555532514089
22,original_gp,1,22.93090100819392,0.23451566303747917,50.242438279083785,67.55955857727011,65.81414047253593
22,original_gp,2,10.049478895560586,0.05708956777348091,54.626018117290165,54.32512731066949,54.68071527938791
22,original_gp,3,28.134789964183117,0.09434385777408137,21.754020858684008,35.95349129352196,37.084004425846615
22,original_gp,4,20.6656770466505,0.13725741018129706,58.67831169143494,54.83809052149104,51.71516335967161
22,original_gp,5,16.906648556342354,0.2658517982349763,47.05211953485443,79.68856949275161,79.29056456754331
22,original_gp,6,14.227379106875727,0.2573724042885635,44.60414335555574,81.73320561657154,82.05975706264813
22,original_gp,7,29.21810229072183,0.2224672461656183,32.69561591630812,48.02981968527878,47.615299310062156
22,original_gp,8,24.417637124791135,0.1969208052149382,56.345710437287025,48.49024571080095,47.034266654339504
22,original_gp,9,16.764270918496994,0.10445404049428055,43.688598432053524,88.18202114308258,88.08886640523332
22,original_gp,10,17.85356423829601,0.27878943457795946,41.91361987474998,84.1644367406514,83.34887534773429
22,original_gp,11,18.163407058024404,0.1080625929336874,43.6223498197947,86.52362441709725,87.60611740997518
22,original_gp,12,17.403332730230456,0.08092727247639363,42.939490059383445,84.28732832591814,87.52053665111293
22,original_gp,13,16.847061094087987,0.16335744016788212,43.130153851202124,86.68962971020618,89.36262807505071
22,original_gp,14,17.438686543081758,0.2841558856482028,44.00265234062381,81.00368755785773,81.19783723479622
22,original_gp,15,17.886343288967172,0.17804431661316544,42.30721354268225,89.35052503750626,89.35617542996833
22,original_gp,16,17.173535303019435,0.09426959144652332,40.59168001760677,88.66821699061153,89.87955734738013
22,original_gp,17,17.22941446263718,0.11733615389579462,40.502406828068786,90.34615732947337,90.71906215759752
22,original_gp,18,15.843899904328683,0.08467712143848528,40.881097653953674,89.8939995806144,89.27100607304438
22,original_gp,19,16.76740812743939,0.28639096447545287,39.68864716394393,86.04394495617856,84.15791103446796
22,original_gp,20,16.70726640451778,0.09979091248288786,40.98373610975911,89.60028515658591,90.009965789074
22,scaled_gp,1,22.93090100819392,0.23451566303747917,50.242438279083785,67.55955857727011,65.81414047253593
22,scaled_gp,2,10.049478895560586,0.05708956777348091,54.626018117290165,54.32512731066949,54.68071527938791
22,scaled_gp,3,28.134789964183117,0.09434385777408137,21.754020858684008,35.95349129352196,37.084004425846615
22,scaled_gp,4,20.6656770466505,0.13725741018129706,58.67831169143494,54.83809052149104,51.71516335967161
22,scaled_gp,5,16.906648556342354,0.2658517982349763,47.05211953485443,79.68856949275161,79.29056456754331
22,scaled_gp,6,14.227379106875727,0.2573724042885635,44.60414335555574,81.73320561657154,82.05975706264813
22,scaled_gp,7,29.21810229072183,0.2224672461656183,32.69561591630812,48.02981968527878,47.615299310062156
22,scaled_gp,8,24.417637124791135,0.1969208052149382,56.345710437287025,48.49024571080095,47.034266654339504
22,scaled_gp,9,28.885419256061972,0.12086193659217172,44.40784902647158,49.58642125127619,49.49326651342693
22,scaled_gp,10,10.991002124606018,0.2994705787421456,42.838131547072045,74.0120635582308,73.1965021653137
22,scaled_gp,11,5.528897035466777,0.23701946031868076,49.021991702405735,47.17677392963833,48.25926692251626
22,scaled_gp,12,10.140275769865845,0.23096284495229558,20.880203318940985,53.935864361279336,57.169072686474124
22,scaled_gp,13,16.531418576705647,0.14041087745912445,37.02334446620269,89.27179830514137,91.9447966699859
22,scaled_gp,14,17.40801516294867,0.2948307104682751,39.41448568595866,82.91613312578795,83.11028280272645
22,scaled_gp,15,14.49746048345321,0.06898407085466239,40.88653922177447,87.44888433654278,87.45453472900485
22,scaled_gp,16,17.173535303019435,0.09426959144652332,40.59168001760677,88.66821699061153,89.87955734738013
22,scaled_gp,17,17.089800634581295,0.06535169139330131,37.26213285405824,88.66946805241828,89.04237288054243
22,scaled_gp,18,15.924436053449515,0.05562777350043831,35.29763607773684,88.5896956419471,87.96670213437707
22,scaled_gp,19,18.372356074990535,0.057331803665334094,38.74005164798838,89.45162851187973,87.56559459016913
22,scaled_gp,20,17.267256143708387,0.05410711473882655,42.586750096751615,85.69496856876812,86.10464920125621
23,random,1,21.486629856050552,0.23376979160273054,50.11604507365106,71.08746539769815,70.24326201158874
23,random,2,25.109391812513415,0.2210365416459391,57.137715202093446,41.64652679799826,40.59992838636808
23,random,3,28.80510909146152,0.29420451858883195,30.31971852522205,40.64560450047544,41.703579924669896
23,random,4,10.79997436070557,0.10890319028631053,46.42890316345361,75.26400349425597,76.8238228842027
23,random,5,18.55335730041363,0.2263692676604651,26.026199316156596,79.34090479653176,78.08117676140597
23,random,6,23.011744435037457,0.26345217607811744,46.12699135309013,68.13540311891592,70.29673921594225
23,random,7,11.036554344467701,0.12711054328906213,29.011971216090284,79.69740080285443,78.56438888993416
23,random,8,9.25502781120722,0.08127468233200118,27.712855447518663,70.64154971899318,69.32527090118464
23,random,9,8.552557924429966,0.17954669075698876,45.489567327727876,71.51032384530022,70.75368345324537
23,random,10,15.608662845411823,0.2155950497590005,34.30416100261215,90.28712007768314,89.26322434628037
23,random,11,5.614072097959747,0.2295851100924306,33.744560111119114,60.404578297707666,58.71236122780584
23,random,12,16.266434985178094,0.0845787788847966,26.11545710578485,79.5648059174993,79.9057620242631
23,random,13,29.381074139049268,0.1761216005222268,46.29331877897501,45.538654055724045,44.06075063864796
23,random,14,16.086753288127497,0.05886298506819017,48.88304368462426,76.89795248968937,78.26902991042412
23,random,15,27.54886282796904,0.1801457776089656,48.93614195996189,51.227569787789065,50.65432295484924
23,random,16,5.981834403076013,0.2716933261096401,33.01156305909366,54.47875230309162,56.80665657727087
23,random,17,27.00293674940567,0.1527497637302629,54.99430528317296,40.41382205630505,39.93499804199878
23,random,18,10.277780520940675,0.15520546183271156,54.47246481360943,61.12953742997915,59.26499250751013
23,random,19,7.578350896099174,0.15920638410678833,35.852237274802874,74.89760661001225,71.84993155350378
23,random,20,14.208243685090098,0.0854259766520785,55.140693372346846,63.42661691187877,64.12351643915952
23,original_gp,1,21.486629856050552,0.23376979160273054,50.11604507365106,71.08746539769815,70.24326201158874
23,original_gp,2,25.109391812513415,0.2210365416459391,57.137715202093446,41.64652679799826,40.59992838636808
23,original_gp,3,28.80510909146152,0.29420451858883195,30.31971852522205,40.64560450047544,41.703579924669896
23,original_gp,4,10.79997436070557,0.10890319028631053,46.42890316345361,75.26400349425597,76.8238228842027
23,original_gp,5,18.55335730041363,0.2263692676604651,26.026199316156596,79.34090479653176,78.08117676140597
23,original_gp,6,23.011744435037457,0.26345217607811744,46.12699135309013,68.13540311891592,70.29673921594225
23,original_gp,7,11.036554344467701,0.12711054328906213,29.011971216090284,79.69740080285443,78.56438888993416
23,original_gp,8,9.25502781120722,0.08127468233200118,27.712855447518663,70.64154971899318,69.32527090118464
23,original_gp,9,15.285769665055277,0.24628081502337967,32.40604240947903,86.60418111413125,85.8475407220764
23,original_gp,10,14.909825844587633,0.29186512014150745,32.29686508038928,82.17563830582787,81.1517425744251
23,original_gp,11,14.888803148000216,0.10901391147036373,31.15744913002907,89.15304834169113,87.46083127178932
23,original_gp,12,15.451451285703683,0.28329620151333895,30.24216710195205,80.06293828644026,80.40389439320406
23,original_gp,13,13.955739581179104,0.09473854215821705,35.5203721017491,90.32454252901908,88.846639111943
23,original_gp,14,14.023493230818291,0.14856839809425404,37.36347209164691,89.09334015162719,90.46441757236194
23,original_gp,15,12.92237937959402,0.28537852348555326,35.93224297300123,81.8458376909436,81.27259085800377
23,original_gp,16,15.434158988039155,0.13680657600791835,38.374737594411314,89.25725161674625,91.5851558909255
23,original_gp,17,15.14086543990074,0.06979271581158773,39.09838641739407,89.23934182029514,88.76051780598887
23,original_gp,18,15.297185090172038,0.21866511041691905,38.68665786362251,91.50424248939207,89.63969756692305
23,original_gp,19,15.391289845748597,0.12008649154916846,38.69436923173754,94.26831688090053,91.22064182439206
23,original_gp,20,15.877011459134971,0.20232917084464686,40.151294766180875,89.54838582871741,90.24528535599816
23,scaled_gp,1,21.486629856050552,0.23376979160273054,50.11604507365106,71.08746539769815,70.24326201158874
23,scaled_gp,2,25.109391812513415,0.2210365416459391,57.137715202093446,41.64652679799826,40.59992838636808
23,scaled_gp,3,28.80510909146152,0.29420451858883195,30.31971852522205,40.64560450047544,41.703579924669896
23,scaled_gp,4,10.79997436070557,0.10890319028631053,46.42890316345361,75.26400349425597,76.8238228842027
23,scaled_gp,5,18.55335730041363,0.2263692676604651,26.026199316156596,79.34090479653176,78.08117676140597
23,scaled_gp,6,23.011744435037457,0.26345217607811744,46.12699135309013,68.13540311891592,70.29673921594225
23,scaled_gp,7,11.036554344467701,0.12711054328906213,29.011971216090284,79.69740080285443,78.56438888993416
23,scaled_gp,8,9.25502781120722,0.08127468233200118,27.712855447518663,70.64154971899318,69.32527090118464
23,scaled_gp,9,11.897550337410408,0.2981122456792305,59.97351590167433,38.28139638120446,37.52475598914962
23,scaled_gp,10,16.57523742942564,0.13930333628703062,47.170989519971016,85.49447005423966,84.47057432283688
23,scaled_gp,11,25.697870449008114,0.06730905536218336,45.61360366599232,64.54044978477553,62.84823271487372
23,scaled_gp,12,17.468389743485044,0.06493824201470817,52.49637665577914,70.53909312663531,70.8800492333991
23,scaled_gp,13,15.270763899682631,0.17931801264474895,36.65129890100127,92.69870623888481,91.22080282180873
23,scaled_gp,14,16.08713253831938,0.06585239728712562,35.57245452435843,87.4567455522538,88.82782297298856
23,scaled_gp,15,14.906226686853243,0.29222637589704126,36.744507768398144,83.80122020823168,83.22797337529185
23,scaled_gp,16,18.38944819063689,0.14684873691824663,37.4098882322252,88.774970315486,91.10287458966526
23,scaled_gp,17,16.023046060121715,0.16926739244684014,36.27505414502746,92.15342039662553,91.67459638231927
23,scaled_gp,18,15.745508629143197,0.16115138191042194,41.85059133157155,92.15827769314221,90.29373277067319
23,scaled_gp,19,15.251282760002251,0.17511665134851273,39.60225874655172,94.0519535531602,91.00427849665174
23,scaled_gp,20,14.774036213721013,0.1636895736607482,38.23288700805624,90.4404310847012,91.13733061198195
24,random,1,5.611932496856979,0.19349547283298557,46.019958392523975,55.485263013601816,55.79857876813706
24,random,2,6.104989762405856,0.26312759272452796,59.2063845116988,21.571636161493075,22.173429360242153
24,random,3,10.519621897099702,0.26356468548839895,39.379047172475026,77.56018490637925,77.61752885844516
24,random,4,13.405527514048252,0.09010975899476252,34.21779981693581,88.11801829770165,87.3094965780192
24,random,5,29.09265100750755,0.1326961778262961,22.788741545506372,33.58394038115869,34.9228262208593
24,random,6,24.208251017115856,0.12825968884527472,34.28418941794867,75.20464963458394,76.12934509667072
24,random,7,11.867927977256619,0.16072580116894708,53.61922131100457,63.437129482121236,65.80361641589168
24,random,8,13.149572676884482,0.25617560070284306,20.81380063862423,59.84474876801096,62.41001598408024
24,random,9,12.970016086541376,0.27890817726015565,28.85454422463841,77.2691967435674,76.2583636817679
24,random,10,23.946892740812366,0.2772053995568816,28.755161302432484,65.28570003613935,65.54568534842072
24,random,11,22.8885245489402,0.18728464042422338,43.01838345163205,77.27281005142746,78.80442628373193
24,random,12,19.396385313043996,0.05311393199441104,48.29972124728974,78.5672155481119,76.81725563862939
24,random,13,11.741291911475951,0.11119146671950904,35.55920088272135,80.67146632772676,85.4348973328104
24,random,14,17.713278927319365,0.11673114401918018,21.9308036614059,72.23560749634815,71.79727187944633
24,random,15,23.851990053136756,0.23962244774897395,39.67641816538196,75.42781738659096,74.89524362598915
24,random,16,22.334779203654055,0.18099506051484981,42.61085205804615,82.04981667197536,81.01489569988509
24,random,17,28.721684599525698,0.2653860959225033,30.660318171245837,45.33795805933221,45.589526133047045
24,random,18,6.709251019248761,0.12719574196926448,55.28792872469789,43.10005636179493,42.5144622600521
24,random,19,21.788604326564823,0.2679049670920054,27.96325966827036,70.70716484459363,72.17108027088611
24,random,20,27.72253070575121,0.22880678198654003,42.99638636554447,56.909433476810506,55.61267653844074
24,original_gp,1,5.611932496856979,0.19349547283298557,46.019958392523975,55.485263013601816,55.79857876813706
24,original_gp,2,6.104989762405856,0.26312759272452796,59.2063845116988,21.571636161493075,22.173429360242153
24,original_gp,3,10.519621897099702,0.26356468548839895,39.379047172475026,77.56018490637925,77.61752885844516
24,original_gp,4,13.405527514048252,0.09010975899476252,34.21779981693581,88.11801829770165,87.3094965780192
24,original_gp,5,29.09265100750755,0.1326961778262961,22.788741545506372,33.58394038115869,34.9228262208593
24,original_gp,6,24.208251017115856,0.12825968884527472,34.28418941794867,75.20464963458394,76.12934509667072
24,original_gp,7,11.867927977256619,0.16072580116894708,53.61922131100457,63.437129482121236,65.80361641589168
24,original_gp,8,13.149572676884482,0.25617560070284306,20.81380063862423,59.84474876801096,62.41001598408024
24,original_gp,9,16.111484739355603,0.14783526123443302,34.20049524653489,92.10028406784075,91.08945100604124
24,original_gp,10,16.578748001806908,0.22985017174937644,36.01764071871449,89.01225328130447,89.27223859358584
24,original_gp,11,16.576151381074048,0.14406961204988866,34.086685629756374,89.5208090097812,91.05242524208568
24,original_gp,12,15.724055279571775,0.11582505739034489,34.030001441478746,92.16899547655194,90.41903556706943
24,original_gp,13,16.023576288394757,0.2620087386785352,32.486237862888316,80.15041622912611,84.91384723420974
24,original_gp,14,15.511767006923112,0.2322776666778832,37.22477096400328,89.48027864938719,89.04194303248536
24,original_gp,15,15.39233336895274,0.2553789218023413,36.63972710267423,87.72474999849847,87.19217623789666
24,original_gp,16,15.45639217861283,0.2877300560073033,35.104018783602086,84.71555624061865,83.68063526852838
24,original_gp,17,17.174924260147208,0.29179530844865814,35.66195049784531,83.32191336004162,83.57348143375646
24,original_gp,18,14.825410854791,0.1277542385524001,35.14452103466546,91.24271984698579,90.65712574524296
24,original_gp,19,13.711616641775366,0.22113252010203754,34.894553840830596,86.02531199410835,87.48922742040082
24,original_gp,20,15.65277576472152,0.17164536881162185,35.10983685718138,92.47287052781942,91.17611358944966
24,scaled_gp,1,5.611932496856979,0.19349547283298557,46.019958392523975,55.485263013601816,55.79857876813706
24,scaled_gp,2,6.104989762405856,0.26312759272452796,59.2063845116988,21.571636161493075,22.173429360242153
24,scaled_gp,3,10.519621897099702,0.26356468548839895,39.379047172475026,77.56018490637925,77.61752885844516
24,scaled_gp,4,13.405527514048252,0.09010975899476252,34.21779981693581,88.11801829770165,87.3094965780192
24,scaled_gp,5,29.09265100750755,0.1326961778262961,22.788741545506372,33.58394038115869,34.9228262208593
24,scaled_gp,6,24.208251017115856,0.12825968884527472,34.28418941794867,75.20464963458394,76.12934509667072
24,scaled_gp,7,11.867927977256619,0.16072580116894708,53.61922131100457,63.437129482121236,65.80361641589168
24,scaled_gp,8,13.149572676884482,0.25617560070284306,20.81380063862423,59.84474876801096,62.41001598408024
24,scaled_gp,9,5.781947822138459,0.05561491251261251,35.218723448746076,60.31191672769408,59.30108366589457
24,scaled_gp,10,25.993851321246588,0.2596781325537433,55.886290522321545,37.35054002234725,37.61052533462862
24,scaled_gp,11,20.12995634780664,0.06686949147742634,33.2147940154246,82.94092619064214,84.47254242294662
24,scaled_gp,12,15.66366177052619,0.11375183098351231,36.46408694319797,92.96367332924329,91.21371341976078
24,scaled_gp,13,17.89825985420599,0.07796939670251356,44.40196414075949,80.861454495359,85.62488550044263
24,scaled_gp,14,17.045943911197753,0.2877028778396797,36.673998749804014,84.72440665700042,84.28607104009859
24,scaled_gp,15,13.273642273636368,0.08140251492999738,38.5695820264437,87.95646127591023,87.42388751530842
24,scaled_gp,16,17.507917273949534,0.12445337883918257,37.604102744575485,92.51902773270083,91.48410676061056
24,scaled_gp,17,16.620057765122247,0.15928212751811388,34.801863662724614,91.12797012747654,91.37953820119138
24,scaled_gp,18,16.156384913054694,0.16424947594868738,40.81519789331145,91.59561427807849,91.01002017633566
24,scaled_gp,19,16.466298480398528,0.18173221492485375,38.98869144967064,89.95573106140102,91.4196464876935
24,scaled_gp,20,15.65277576472152,0.17164536881162185,35.10983685718138,92.47287052781942,91.17611358944966
25,random,1,20.509529339088402,0.29649874809872234,51.835414641973315,65.05040976290712,62.955836305365935
25,random,2,20.157655640209818,0.1153569546437807,44.6289973012701,81.70642952535329,84.10952436606779
25,random,3,6.057728718175937,0.10086706184572823,27.0309792167187,53.26650155457567,55.00609268166745
25,random,4,13.68812288302828,0.16799456017010905,27.314739000880035,81.08636861943155,81.5946517618609
25,random,5,23.937597675529215,0.13122133591290186,41.55469700347876,76.24731451108336,76.7142344910806
25,random,6,11.816666483431769,0.20953919755104872,21.314052838189426,61.922344929272576,64.13983953314413
25,random,7,7.623609022327486,0.1207729651130157,58.20830910772781,40.898732206621474,37.6540076874633
25,random,8,5.861064950528334,0.27484491007823103,31.012472702503892,53.62227697685523,54.10172378944362
25,random,9,12.806380099607757,0.08102094331413152,39.86794577876034,86.34846517174043,86.23747552645578
25,random,10,27.254175798839672,0.15779000634959567,33.35317005298992,61.59332857407532,61.68695615358851
25,random,11,9.545771444245025,0.192824413683036,27.0920439450032,71.15466370762654,70.51006019624263
25,random,12,15.906591996514614,0.17447149197807077,45.97764066669105,86.99475550374834,85.92279386561405
25,random,13,20.357886081900585,0.22859663376193345,24.580323724830635,72.45074708358314,72.45476360487251
25,random,14,26.361299904378726,0.20203677106678225,30.48570290955395,61.431117768720085,62.669531737909146
25,random,15,5.5094931118987205,0.13791056977513932,41.00562934142038,61.902668016163915,60.76057289003068
25,random,16,13.856297126518472,0.1921160462561491,43.49582139040447,86.19370320657096,86.66721430663578
25,random,17,26.818769791634537,0.14804315353614494,44.3106224143088,63.78692837143183,61.66844958395655
25,random,18,7.66855179804425,0.2720119133149572,41.44947075910352,64.60046488432066,65.29875232557139
25,random,19,21.52815903326407,0.29511979056403376,27.187228495301767,68.01941267806636,68.74724225006236
25,random,20,22.064448834795847,0.19996045966238174,23.226114760526954,69.16061358404944,66.96130429299247
25,original_gp,1,20.509529339088402,0.29649874809872234,51.835414641973315,65.05040976290712,62.955836305365935
25,original_gp,2,20.157655640209818,0.1153569546437807,44.6289973012701,81.70642952535329,84.10952436606779
25,original_gp,3,6.057728718175937,0.10086706184572823,27.0309792167187,53.26650155457567,55.00609268166745
25,original_gp,4,13.68812288302828,0.16799456017010905,27.314739000880035,81.08636861943155,81.5946517618609
25,original_gp,5,23.937597675529215,0.13122133591290186,41.55469700347876,76.24731451108336,76.7142344910806
25,original_gp,6,11.816666483431769,0.20953919755104872,21.314052838189426,61.922344929272576,64.13983953314413
25,original_gp,7,7.623609022327486,0.1207729651130157,58.20830910772781,40.898732206621474,37.6540076874633
25,original_gp,8,5.861064950528334,0.27484491007823103,31.012472702503892,53.62227697685523,54.10172378944362
25,original_gp,9,18.01154540475053,0.17734555265654522,33.39639953252178,89.89352262385728,89.78253297857263
25,original_gp,10,18.433369524677627,0.17894993127518444,35.354860772848184,90.26852379810438,90.36215137761756
25,original_gp,11,17.643843153018988,0.12409765410413696,34.86463407487672,91.49352432779915,90.84892081641524
25,original_gp,12,17.101187322329388,0.2915874548238169,35.688325129555615,84.70022887671136,83.62826723857708
25,original_gp,13,18.8248326786265,0.25127206737945873,32.600813253904924,84.62219661843527,84.62621313972464
25,original_gp,14,17.619498022517284,0.057783633114813285,35.61184724781528,86.76151408135794,87.999928050547
25,original_gp,15,17.731188701895384,0.10793429474014866,35.30015813097578,91.66818495771409,90.52608983158085
25,original_gp,16,18.437274920709278,0.12494786253061942,34.45447705959131,89.59516973517455,90.06868083523938
25,original_gp,17,18.09817924643128,0.22309420723032813,35.468185963142275,91.01256784686254,88.89408905938727
25,original_gp,18,18.328801580737466,0.0711014819660352,35.909810933808046,87.77329719284104,88.47158463409177
25,original_gp,19,17.656475410662708,0.2718197871936187,34.730485575746926,84.38817055168604,85.11600012368204
25,original_gp,20,17.93669260308431,0.12781171279916154,34.844072133723245,92.92204362008569,90.72273432902871
25,scaled_gp,1,20.509529339088402,0.29649874809872234,51.835414641973315,65.05040976290712,62.955836305365935
25,scaled_gp,2,20.157655640209818,0.1153569546437807,44.6289973012701,81.70642952535329,84.10952436606779
25,scaled_gp,3,6.057728718175937,0.10086706184572823,27.0309792167187,53.26650155457567,55.00609268166745
25,scaled_gp,4,13.68812288302828,0.16799456017010905,27.314739000880035,81.08636861943155,81.5946517618609
25,scaled_gp,5,23.937597675529215,0.13122133591290186,41.55469700347876,76.24731451108336,76.7142344910806
25,scaled_gp,6,11.816666483431769,0.20953919755104872,21.314052838189426,61.922344929272576,64.13983953314413
25,scaled_gp,7,7.623609022327486,0.1207729651130157,58.20830910772781,40.898732206621474,37.6540076874633
25,scaled_gp,8,5.861064950528334,0.27484491007823103,31.012472702503892,53.62227697685523,54.10172378944362
25,scaled_gp,9,16.715080997781143,0.06447862051964413,46.66270488461772,82.457449282886,82.34645963760136
25,scaled_gp,10,20.852604630487377,0.11932797114682771,26.25214642145427,76.67263450161153,76.76626208112471
25,scaled_gp,11,15.582434658276021,0.28397631851753635,49.584308135730545,73.57182015335302,72.92721664196911
25,scaled_gp,12,28.87514251198766,0.05362009830632823,53.65351946403465,30.19539412394476,29.12343248581048
25,scaled_gp,13,15.810134473329718,0.299065263732265,36.809614916132944,82.95069320173863,82.954709723028
25,scaled_gp,14,16.519358646427452,0.06517251087319954,20.12043593744631,63.719271416537474,64.95768538572653
25,scaled_gp,15,29.992847048873855,0.28108317478309475,20.971743188529643,18.900083412497818,17.75798828636458
25,scaled_gp,16,17.238457355219555,0.06376069083114051,32.03737857926844,86.02805308229803,86.50156418236286
25,scaled_gp,17,20.261480303634944,0.07012420590736494,35.93708817600952,87.8338228064797,85.71534401900443
25,scaled_gp,18,17.648032070810316,0.060540148004483915,36.67844007893405,87.71699524591101,88.41528268716173
25,scaled_gp,19,20.05548980047186,0.2727869785922246,34.37971058122589,81.30224016841309,82.03006974040909
25,scaled_gp,20,14.271277870309785,0.0635213648696026,34.7273532966431,89.35108139527682,87.15177210421984
26,random,1,28.021345769449297,0.06538581456391775,54.33607987607333,32.06790772139208,33.2745369169118
26,random,2,18.522264825476643,0.2265217348889798,20.401532206258423,62.09236250895155,65.24677280825281
26,random,3,17.88228990559829,0.28876768985737067,33.148392078588756,81.02032149996757,82.30481063474458
26,random,4,10.414363653258786,0.14428584092948515,25.288485367346986,67.7147574799811,70.79850974837241
26,random,5,19.302662571628574,0.17754330090291193,56.91354812200434,59.469817648680795,59.58194920271647
26,random,6,9.049358602581515,0.2545695678143818,22.6849066987814,54.913536251885205,56.18910872470887
26,random,7,13.039941864301525,0.17113486227315478,28.868673043118335,82.55506182722128,82.86834206014723
26,random,8,17.393623060136072,0.05450221362030043,55.81731279046312,61.311786010320695,61.31051274613606
26,random,9,29.025742520870743,0.19045155377194728,56.94665399438065,24.11265064923965,21.8681241680139
26,random,10,11.711249160392807,0.11679913850568231,39.596895662246816,85.53604467160068,85.47428975398644
26,random,11,28.16007267699153,0.05166047492601132,58.08836148810005,19.0042497140124,20.231961113933338
26,random,12,26.823496262758226,0.06089818244586946,24.30182198690737,49.4847421217377,48.24535044240187
26,random,13,9.273087446848951,0.21782120529554072,28.832322210219523,71.07416744517701,71.09275632078469
26,random,14,26.741354265002794,0.23077810415939498,58.68174732434313,30.01568602811108,27.275311283057462
26,random,15,13.424603859263424,0.05808759753342842,34.60883325783131,85.2260931795371,85.58762114303303
26,random,16,5.664216734138464,0.153092188035432,38.27518616640878,62.35233495537335,62.59455251567286
26,random,17,7.8128038636752315,0.21970528861987387,56.624015334243744,41.593795990862944,41.93138791727284
26,random,18,22.12410760658054,0.16826733254145054,42.70181616499163,83.80425785354663,81.7941639189793
26,random,19,10.23460456452549,0.06594413449266105,48.97822790377192,69.17228337134783,68.82007233393439
26,random,20,15.130503451462342,0.2232068530505662,20.965642850261478,65.87273992762418,67.51662515905024
26,original_gp,1,28.021345769449297,0.06538581456391775,54.33607987607333,32.06790772139208,33.2745369169118
26,original_gp,2,18.522264825476643,0.2265217348889798,20.401532206258423,62.09236250895155,65.24677280825281
26,original_gp,3,17.88228990559829,0.28876768985737067,33.148392078588756,81.02032149996757,82.30481063474458
26,original_gp,4,10.414363653258786,0.14428584092948515,25.288485367346986,67.7147574799811,70.79850974837241
26,original_gp,5,19.302662571628574,0.17754330090291193,56.91354812200434,59.469817648680795,59.58194920271647
26,original_gp,6,9.049358602581515,0.2545695678143818,22.6849066987814,54.913536251885205,56.18910872470887
26,original_gp,7,13.039941864301525,0.17113486227315478,28.868673043118335,82.55506182722128,82.86834206014723
26,original_gp,8,17.393623060136072,0.05450221362030043,55.81731279046312,61.311786010320695,61.31051274613606
26,original_gp,9,15.305016620278614,0.22544804620723785,31.141831094327706,88.37646214453272,86.13193566330698
26,original_gp,10,14.543789124505128,0.16522754497726844,31.60135647964963,88.22879378943553,88.16703887182129
26,original_gp,11,14.718708558999948,0.2712158186644973,30.964203276928707,80.68439781840758,81.91210921832851
26,original_gp,12,13.644689537918781,0.17714428778003005,32.38220616731025,88.81112217987081,87.57173050053497
26,original_gp,13,14.182050833918073,0.1675877516565385,33.24928872300326,89.06897372809354,89.08756260370122
26,original_gp,14,13.395145539019868,0.21356731155870118,33.55623765390753,89.46976228416963,86.72938753911602
26,original_gp,15,13.424603859263424,0.05808759753342842,34.60883325783131,85.2260931795371,85.58762114303303
26,original_gp,16,13.4483763046549,0.20040284706320516,32.65323273889044,86.53420961770274,86.77642717800225
26,original_gp,17,14.757207853804713,0.27013812901869444,33.12740214910967,83.60023998248626,83.93783190889616
26,original_gp,18,13.938211954502096,0.07308578002793421,33.74242608842262,88.87353660741147,86.86344267284413
26,original_gp,19,13.464803916734379,0.14826351513997832,32.79399878494071,88.2761852746869,87.92397423727346
26,original_gp,20,12.597693213095521,0.25779771234074983,33.62649699987344,80.70065445007498,82.34453968150103
26,scaled_gp,1,28.021345769449297,0.06538581456391775,54.33607987607333,32.06790772139208,33.2745369169118
26,scaled_gp,2,18.522264825476643,0.2265217348889798,20.401532206258423,62.09236250895155,65.24677280825281
26,scaled_gp,3,17.88228990559829,0.28876768985737067,33.148392078588756,81.02032149996757,82.30481063474458
26,scaled_gp,4,10.414363653258786,0.14428584092948515,25.288485367346986,67.7147574799811,70.79850974837241
26,scaled_gp,5,19.302662571628574,0.17754330090291193,56.91354812200434,59.469817648680795,59.58194920271647
26,scaled_gp,6,9.049358602581515,0.2545695678143818,22.6849066987814,54.913536251885205,56.18910872470887
26,scaled_gp,7,13.039941864301525,0.17113486227315478,28.868673043118335,82.55506182722128,82.86834206014723
26,scaled_gp,8,17.393623060136072,0.05450221362030043,55.81731279046312,61.311786010320695,61.31051274613606
26,scaled_gp,9,6.46754701990427,0.12180864431370382,37.03782700595759,68.74700895748155,66.5024824762558
26,scaled_gp,10,27.90132898108668,0.06530089075570862,28.294915378957,49.91591701071692,49.85416209310268
26,scaled_gp,11,13.198674393907504,0.14049959933085676,37.62872931955543,88.01017216655181,89.23788356647275
26,scaled_gp,12,5.164026548682447,0.17084636180137908,58.81659221059654,24.587721559120933,23.348329879785098
26,scaled_gp,13,14.024180746391163,0.08414427126484632,35.6500557264858,88.44041657215337,88.45900544776104
26,scaled_gp,14,12.346229267751458,0.27921002764582664,35.97480539040307,83.56273193556689,80.82235719051327
26,scaled_gp,15,15.717869099987842,0.10950626848717677,40.5124434814698,90.10365767525859,90.46518563875452
26,scaled_gp,16,15.910519986503486,0.07842077202574259,39.030061246189376,89.43418942379898,89.67640698409849
26,scaled_gp,17,15.725857007075016,0.23664586089651163,41.821211021578094,87.0157524705767,87.3533443969866
26,scaled_gp,18,15.349480422514393,0.06384643848259457,34.372159975965516,89.92752498789342,87.91743105332608
26,scaled_gp,19,17.37577666252526,0.053373004581459035,38.937230451401234,88.26050383967677,87.90829280226333
26,scaled_gp,20,15.738790975558251,0.06164276800039055,35.05759977840427,86.61122928780186,88.25511451922792
27,random,1,11.748399499836117,0.06071156934969453,54.36062616525757,62.33530715702031,60.42414645774737
27,random,2,17.35107140170571,0.214692719998285,41.67846281407925,89.00305052978658,88.74809603989763
27,random,3,9.346789530391565,0.2397565463197165,26.810600981182198,64.28645196446328,66.84433984079345
27,random,4,5.983470375505119,0.24255970860881487,29.29163872697949,57.199085780180404,55.533555718107074
27,random,5,15.861827462783138,0.051165308030206566,58.46196150867002,52.60089903335028,52.83855899520288
27,random,6,25.888848606481627,0.06873219446151972,56.70462925986581,41.902301027346866,37.81517517361438
27,random,7,22.285269986903103,0.058058795091596685,24.86445383589977,65.01490346702967,67.4788265814473
27,random,8,14.952465114575778,0.20438743853640573,33.0382799736439,90.80997927097117,88.62553090889128
27,random,9,12.365724587908357,0.05274708341758817,39.37060209503359,84.29410475683008,83.66375761489387
27,random,10,21.526006981795067,0.18293839156781205,30.217291720039626,80.17594946450988,81.00781120782673
27,random,11,29.81354776008072,0.10840815119002505,52.87704922067907,28.440454309821728,28.07911733622474
27,random,12,16.48134661569941,0.2165953977974968,40.307205866556735,88.34406387253351,89.59550182751235
27,random,13,20.064417425830968,0.11014764594460798,57.04468810015741,56.09473146049651,57.628861419510834
27,random,14,12.902150428590474,0.22810191424051773,46.01532377609704,82.30475946524984,80.52304689122272
27,random,15,23.26357874182431,0.12957066584502636,49.22244791744646,67.95686927665074,69.40329475899975
27,random,16,7.734981528595515,0.11226059740236645,55.03680155533001,46.24078207153392,47.620755092332054
27,random,17,8.149924090854864,0.18133703432998532,53.749348414498705,53.64108153099495,53.05294827797731
27,random,18,29.940257442908802,0.24391671297805861,48.83030108297943,31.061549652717968,33.04167256596523
27,random,19,25.737052110373533,0.16755720725762024,30.328405810934544,67.3054286423139,66.43137380987517
27,random,20,19.229930655072963,0.2624372197090129,23.006852021044125,69.28534688242934,68.27591123707307
27,original_gp,1,11.748399499836117,0.06071156934969453,54.36062616525757,62.33530715702031,60.42414645774737
27,original_gp,2,17.35107140170571,0.214692719998285,41.67846281407925,89.00305052978658,88.74809603989763
27,original_gp,3,9.346789530391565,0.2397565463197165,26.810600981182198,64.28645196446328,66.84433984079345
27,original_gp,4,5.983470375505119,0.24255970860881487,29.29163872697949,57.199085780180404,55.533555718107074
27,original_gp,5,15.861827462783138,0.051165308030206566,58.46196150867002,52.60089903335028,52.83855899520288
27,original_gp,6,25.888848606481627,0.06873219446151972,56.70462925986581,41.902301027346866,37.81517517361438
27,original_gp,7,22.285269986903103,0.058058795091596685,24.86445383589977,65.01490346702967,67.4788265814473
27,original_gp,8,14.952465114575778,0.20438743853640573,33.0382799736439,90.80997927097117,88.62553090889128
27,original_gp,9,16.449460119680566,0.20575132359284515,36.378779314909806,91.28585367314494,90.65550653120873
27,original_gp,10,16.069972381580257,0.27056041396218267,35.97222332306269,85.12125382667158,85.95311556998843
27,original_gp,11,16.88253058461582,0.11417736638822636,37.853960755845186,91.80142707266774,91.44009009907074
27,original_gp,12,17.194816256317445,0.0869312002699437,35.64911318393882,88.7627376772849,90.01417563226374
27,original_gp,13,16.623236355166853,0.2810797094547066,37.487547483771124,83.58930474367203,85.12343470268635
27,original_gp,14,16.680498824494293,0.12985439259176174,35.578255048150176,93.3157811256806,91.53406855165348
27,original_gp,15,16.771082131510248,0.0985450460225155,33.99802974103039,88.4950545660383,89.94148004838732
27,original_gp,16,17.340918465549766,0.16582994128866096,35.353306472794955,89.97434274831572,91.35431576911385
27,original_gp,17,16.448723863927228,0.16154233205802754,35.34718131638232,92.16341550798721,91.57528225496957
27,original_gp,18,15.672061524080728,0.05767914746599066,33.96811766289655,85.44131520428188,87.42143811752914
27,original_gp,19,17.424442814907998,0.14244312853962404,35.717647514360785,92.38342124977737,91.50936641733864
27,original_gp,20,18.65084845583354,0.2709227766028889,36.26363318935331,85.88168298358752,84.87224733823126
27,scaled_gp,1,11.748399499836117,0.06071156934969453,54.36062616525757,62.33530715702031,60.42414645774737
27,scaled_gp,2,17.35107140170571,0.214692719998285,41.67846281407925,89.00305052978658,88.74809603989763
27,scaled_gp,3,9.346789530391565,0.2397565463197165,26.810600981182198,64.28645196446328,66.84433984079345
27,scaled_gp,4,5.983470375505119,0.24255970860881487,29.29163872697949,57.199085780180404,55.533555718107074
27,scaled_gp,5,15.861827462783138,0.051165308030206566,58.46196150867002,52.60089903335028,52.83855899520288
27,scaled_gp,6,25.888848606481627,0.06873219446151972,56.70462925986581,41.902301027346866,37.81517517361438
27,scaled_gp,7,22.285269986903103,0.058058795091596685,24.86445383589977,65.01490346702967,67.4788265814473
27,scaled_gp,8,14.952465114575778,0.20438743853640573,33.0382799736439,90.80997927097117,88.62553090889128
27,scaled_gp,9,23.633177330362148,0.19311965610215454,21.761228320437084,59.34935581987793,58.719008677941716
27,scaled_gp,10,15.18225931295514,0.18237629675255346,47.62827148975748,82.10818762092728,82.94004936424413
27,scaled_gp,11,14.929044105639157,0.24982424171236006,49.06301177202387,77.06215037551414,76.70081340191715
27,scaled_gp,12,14.340815107675715,0.10570730305244182,39.52319220427589,88.47084045842008,89.72227841339893
27,scaled_gp,13,16.87457245153847,0.2519129002635621,34.268449645871044,85.44086479926881,86.97499475828313
27,scaled_gp,14,15.576583377574512,0.23349731177302646,22.594314695508444,73.00546122833256,71.22374865430544
27,scaled_gp,15,13.967936349792657,0.08740713328493709,30.23814495159276,83.16482805050559,84.6112535328546
27,scaled_gp,16,14.641981829337823,0.27780748433466207,36.57085989661781,83.15400377125516,84.5339767920533
27,scaled_gp,17,16.448723863927228,0.16154233205802754,35.34718131638232,92.16341550798721,91.57528225496957
27,scaled_gp,18,14.215213880739585,0.18271277648958278,39.49257314656913,87.96913706624424,89.9492599794915
27,scaled_gp,19,17.424442814907998,0.14244312853962404,35.717647514360785,92.38342124977737,91.50936641733864
27,scaled_gp,20,17.508082574105494,0.15080639445877642,39.12249489198133,92.54451874353276,91.5350830981765
28,random,1,11.22778311526535,0.2528080819358317,27.137401028802728,70.76072376739971,72.23245500052116
28,random,2,13.692926485189801,0.05185634706477195,48.262253743971755,76.18522109790726,76.91112547405386
28,random,3,15.708570173639274,0.10977510316334609,23.8856549036487,78.52403213156363,76.3681613850753
28,random,4,6.738455129567501,0.16605193267388746,57.48804737986732,36.34294130180311,36.11323157382078
28,random,5,19.402776132723837,0.10013609184438856,45.26245107653551,83.65661333992576,84.07845720895313
28,random,6,13.70121425059528,0.27011144866428644,42.799925839549175,80.05831685436733,82.02385842976118
28,random,7,6.013373171036882,0.09323462919010132,39.531943271627114,61.055530259369306,62.88843803151475
28,random,8,17.184629310553014,0.2757107717477783,24.09487304152846,73.66634753953464,71.18574712159489
28,random,9,10.010625119695636,0.2867863897676866,56.314071176800496,45.37199740284872,45.67025490579046
28,random,10,10.0546802935855,0.23505670103265663,32.10095014578183,76.03125948123994,76.38862736803608
28,random,11,28.952111815160738,0.09547832349062298,48.0217479838254,40.716385808629425,43.19060810111563
28,random,12,20.512921402937035,0.2579336662737969,31.84666874251588,81.93994364627981,80.75743258279337
28,random,13,8.804594249859619,0.2675984712597331,45.079810039248954,68.39050595548973,67.06714078963816
28,random,14,26.407747418433626,0.2870797317829006,43.450640128567485,55.190639978836096,57.10998469168426
28,random,15,23.39226670682452,0.22241831568823345,22.816090712634765,61.63052200588746,60.77702457488563
28,random,16,23.744502075658485,0.07252423083053806,32.66034973906774,75.40330008543444,74.60452232373375
28,random,17,26.6007672353129,0.1545497516593844,45.43529665985869,60.595821018882845,61.447830572045355
28,random,18,20.255218038327726,0.234285305461793,40.39219233019497,84.90111452849247,84.96379716645232
28,random,19,7.440325111431885,0.22396989427985925,24.03462266979531,55.514884733487314,54.78664369286943
28,random,20,6.463191699054955,0.20246649199540923,24.888172302874636,53.18130860890342,52.989870840640165
28,original_gp,1,11.22778311526535,0.2528080819358317,27.137401028802728,70.76072376739971,72.23245500052116
28,original_gp,2,13.692926485189801,0.05185634706477195,48.262253743971755,76.18522109790726,76.91112547405386
28,original_gp,3,15.708570173639274,0.10977510316334609,23.8856549036487,78.52403213156363,76.3681613850753
28,original_gp,4,6.738455129567501,0.16605193267388746,57.48804737986732,36.34294130180311,36.11323157382078
28,original_gp,5,19.402776132723837,0.10013609184438856,45.26245107653551,83.65661333992576,84.07845720895313
28,original_gp,6,13.70121425059528,0.27011144866428644,42.799925839549175,80.05831685436733,82.02385842976118
28,original_gp,7,6.013373171036882,0.09323462919010132,39.531943271627114,61.055530259369306,62.88843803151475
28,original_gp,8,17.184629310553014,0.2757107717477783,24.09487304152846,73.66634753953464,71.18574712159489
28,original_gp,9,18.466071401595773,0.0736766383152793,42.16556994961097,86.66387765609537,86.9621351590371
28,original_gp,10,18.938246686028684,0.16016892700346486,40.59424287142701,89.34906044137054,89.70642832816668
28,original_gp,11,19.714133437078956,0.20830088262397944,38.781574041709675,85.45212254183181,87.92634483431802
28,original_gp,12,18.434055592052427,0.14855133038257096,40.15629667117378,91.68205588731183,90.49954482382539
28,original_gp,13,17.750567916075806,0.06786099220832552,39.89688833013718,89.77405260389989,88.45068743804832
28,original_gp,14,17.581753767066473,0.20104296051011827,40.49962685404069,88.02613305587765,89.94547776872582
28,original_gp,15,18.639032954490823,0.07636410245707441,39.85057698494637,89.09871680014874,88.24521936914691
28,original_gp,16,18.783192954076533,0.1800555466748806,39.345363022531814,90.86177171614992,90.06299395444923
28,original_gp,17,18.20064989918521,0.0834451701891213,38.48933993922326,88.57481629724842,89.42682585041094
28,original_gp,18,17.25695961523285,0.1621120065655196,38.40396311801107,91.67001817055156,91.73270080851141
28,original_gp,19,17.13090693068622,0.2564286196392657,38.30258311159332,88.04637854841192,87.31813750779405
28,original_gp,20,18.429332952891272,0.18335460338453974,39.17628353717725,90.59105041094833,90.39961264268507
28,scaled_gp,1,11.22778311526535,0.2528080819358317,27.137401028802728,70.76072376739971,72.23245500052116
28,scaled_gp,2,13.692926485189801,0.05185634706477195,48.262253743971755,76.18522109790726,76.91112547405386
28,scaled_gp,3,15.708570173639274,0.10977510316334609,23.8856549036487,78.52403213156363,76.3681613850753
28,scaled_gp,4,6.738455129567501,0.16605193267388746,57.48804737986732,36.34294130180311,36.11323157382078
28,scaled_gp,5,19.402776132723837,0.10013609184438856,45.26245107653551,83.65661333992576,84.07845720895313
28,scaled_gp,6,13.70121425059528,0.27011144866428644,42.799925839549175,80.05831685436733,82.02385842976118
28,scaled_gp,7,6.013373171036882,0.09323462919010132,39.531943271627114,61.055530259369306,62.88843803151475
28,scaled_gp,8,17.184629310553014,0.2757107717477783,24.09487304152846,73.66634753953464,71.18574712159489
28,scaled_gp,9,7.160466023019014,0.07261737970423655,20.37607282788938,44.04148025706749,44.33973776000923
28,scaled_gp,10,28.049097716355625,0.10622985989106849,54.168328512196695,35.30423350041824,35.66160138721438
28,scaled_gp,11,23.76405058973206,0.06871079221266897,32.37460908753496,71.58942528344403,74.06364757593023
28,scaled_gp,12,18.62869561898082,0.20039379541428187,51.75989562982142,74.76629108754481,73.58378002405837
28,scaled_gp,13,16.888972552154062,0.056042773181421854,34.47691551683785,89.02323288230731,87.69986771645574
28,scaled_gp,14,16.26516062343009,0.08751072663643776,39.6237758478149,88.14407028161153,90.0634149944597
28,scaled_gp,15,16.508084533740814,0.0693112807914791,39.95533398883401,89.76692012833787,88.91342269733605
28,scaled_gp,16,17.885364782111928,0.05748877905496948,35.606272792216785,88.60874224752571,87.80996448582502
28,scaled_gp,17,16.140148774326562,0.07407641573211281,35.07635568782192,88.33993682129336,89.19194637445588
28,scaled_gp,18,17.25695961523285,0.1621120065655196,38.40396311801107,91.67001817055156,91.73270080851141
28,scaled_gp,19,17.13090693068622,0.2564286196392657,38.30258311159332,88.04637854841192,87.31813750779405
28,scaled_gp,20,18.73957608979164,0.0535210564136175,39.45053468469256,86.90987103605882,86.71843326779556
29,random,1,6.291678794154863,0.29472866810162673,29.289653724672142,52.31507696972049,52.176206714521584
29,random,2,20.243028770087797,0.2737365256547253,32.93193758490285,79.58954526743833,80.70376725587491
29,random,3,12.653708282808843,0.25851364555573647,24.951223850436406,70.7560122489539,70.99368286969977
29,random,4,8.306202823970795,0.17588371197037578,39.67382255055,76.04565436425862,74.56939498287542
29,random,5,12.252381361533105,0.24972262790327848,37.062276005351656,84.00274569801554,83.4962647855236
29,random,6,11.500610584429005,0.056102389548923645,24.97864871323253,69.17826600414169,69.68208282476968
29,random,7,12.26641726273504,0.13520316080043515,45.8919693613109,81.28502313833364,81.79760374066944
29,random,8,12.12700439977781,0.13062699143576811,56.79927696039006,59.46615037420219,57.272134690270015
29,random,9,14.375423404453779,0.183876808212399,43.70110982529087,90.14297886843941,87.33618727332492
29,random,10,28.834517539774417,0.21519899668129222,35.25270649061929,50.23119712212016,51.86052934856608
29,random,11,15.962918203399468,0.1265257719205941,48.32645500282149,79.639506189317,82.33049979812102
29,random,12,12.291863578934832,0.28822321486252933,27.19124763222684,73.46089247478322,71.42900408424754
29,random,13,9.23240388425922,0.2341615436819411,57.78212946890075,44.55766326269763,43.053063437186296
29,random,14,12.590791560235083,0.2815387104729791,37.669830647308196,82.68015743669457,81.2562420065588
29,random,15,11.77211180498447,0.24468577761509425,47.65311065885548,75.38685097809861,74.57875722675098
29,random,16,22.98184644995234,0.1607581175694378,43.65455840945959,76.96140524549345,78.41983467511895
29,random,17,21.461635011063123,0.24827758922341153,30.27349927449318,79.75650081311115,77.80436566796187
29,random,18,16.12289293759155,0.12377038879086806,40.41229602674395,92.61722169695342,91.01073311240643
29,random,19,15.497353673836548,0.06017116081902717,27.968899624506413,81.74521063224626,81.25363699729859
29,random,20,14.676867504138873,0.0757646185731375,22.99339200065937,71.46486787822293,72.12935618167441
29,original_gp,1,6.291678794154863,0.29472866810162673,29.289653724672142,52.31507696972049,52.176206714521584
29,original_gp,2,20.243028770087797,0.2737365256547253,32.93193758490285,79.58954526743833,80.70376725587491
29,original_gp,3,12.653708282808843,0.25851364555573647,24.951223850436406,70.7560122489539,70.99368286969977
29,original_gp,4,8.306202823970795,0.17588371197037578,39.67382255055,76.04565436425862,74.56939498287542
29,original_gp,5,12.252381361533105,0.24972262790327848,37.062276005351656,84.00274569801554,83.4962647855236
29,original_gp,6,11.500610584429005,0.056102389548923645,24.97864871323253,69.17826600414169,69.68208282476968
29,original_gp,7,12.26641726273504,0.13520316080043515,45.8919693613109,81.28502313833364,81.79760374066944
29,original_gp,8,12.12700439977781,0.13062699143576811,56.79927696039006,59.46615037420219,57.272134690270015
29,original_gp,9,15.210647396036219,0.2007262831612805,37.87397922117289,93.35073290280455,90.54394130769006
29,original_gp,10,16.03936079179161,0.1576040501519571,39.8094732285049,89.86779869457949,91.49713092102542
29,original_gp,11,15.307120005232676,0.12057756502098861,38.74614304310656,88.48276404996867,91.17375765877269
29,original_gp,12,16.03884385413572,0.2483745809482506,37.03829484599067,90.09064514018192,88.05875674964624
29,original_gp,13,16.10625177072827,0.13302110922853694,38.25704574793555,93.30467785460858,91.80007802909725
29,original_gp,14,15.711701251137013,0.28107825962990624,38.711731464940875,86.27849419027878,84.854578760143
29,original_gp,15,15.247985666536104,0.26521169659147187,37.91566091046539,87.0928928465546,86.28479909520698
29,original_gp,16,15.953002368544926,0.1356736647886585,39.15690559456306,90.16504452399151,91.62347395361701
29,original_gp,17,15.692731418913828,0.06002163437030024,38.061464408658615,90.52555260951505,88.57341746436578
29,original_gp,18,16.09616488376838,0.17579128955440154,38.350478139386894,93.24177659227395,91.63528800772696
29,original_gp,19,17.27026847413938,0.06750951754403782,38.526426887706926,89.53708920359283,89.04551556864516
29,original_gp,20,16.39575372147302,0.20596779814965044,38.32832587682189,90.02494720235681,90.68943550580829
29,scaled_gp,1,6.291678794154863,0.29472866810162673,29.289653724672142,52.31507696972049,52.176206714521584
29,scaled_gp,2,20.243028770087797,0.2737365256547253,32.93193758490285,79.58954526743833,80.70376725587491
29,scaled_gp,3,12.653708282808843,0.25851364555573647,24.951223850436406,70.7560122489539,70.99368286969977
29,scaled_gp,4,8.306202823970795,0.17588371197037578,39.67382255055,76.04565436425862,74.56939498287542
29,scaled_gp,5,12.252381361533105,0.24972262790327848,37.062276005351656,84.00274569801554,83.4962647855236
29,scaled_gp,6,11.500610584429005,0.056102389548923645,24.97864871323253,69.17826600414169,69.68208282476968
29,scaled_gp,7,12.26641726273504,0.13520316080043515,45.8919693613109,81.28502313833364,81.79760374066944
29,scaled_gp,8,12.12700439977781,0.13062699143576811,56.79927696039006,59.46615037420219,57.272134690270015
29,scaled_gp,9,20.8672879009012,0.25436617917855986,37.02837807004371,85.66377677065722,82.85698517554273
29,scaled_gp,10,27.064376940249783,0.09553691644087518,35.16441643941124,60.846265705847046,62.47559793229297
29,scaled_gp,11,12.377005635483766,0.27822960090490007,36.002445539288786,78.30268999042217,80.99368359922619
29,scaled_gp,12,25.054600956696568,0.0797067344419397,44.283289291300235,70.07909064657335,68.04720225603766
29,scaled_gp,13,16.205588731666246,0.22763472651544958,40.77773848200031,90.21258445781854,88.7079846323072
29,scaled_gp,14,17.58507570181032,0.29147277416908374,43.728524065015804,82.02018881575388,80.5962733856181
29,scaled_gp,15,17.7273249732306,0.14363687035297285,40.02016478912705,91.90721789115834,91.09912413981071
29,scaled_gp,16,29.260666400131946,0.18283237766836558,59.28717262121769,11.4272615510281,12.8856909806536
29,scaled_gp,17,25.443650063904844,0.08010130337809958,20.018058501099404,47.55112262729818,45.59898748214891
29,scaled_gp,18,15.694825497311754,0.059550131294984,38.99972814986807,89.9920058282198,88.38551724367281
29,scaled_gp,19,5.317617407129492,0.19558385318935217,49.17602871478569,49.49262672909899,49.00105309415131
29,scaled_gp,20,17.12168861385064,0.1599425466896881,38.56303173968871,91.10894290116315,91.77343120461462
