seed,molecule,random_yield
0,melatonin,93.3
0,caffeine,89.2
0,phenylquinoline,75.9
0,tryptophol,94.7
0,thiophene_ethanol,93.6
0,ethyl_benzofuran_carboxylate,85.1
0,indoline,90.9
0,carbazole,71.4
1,melatonin,92.9
1,caffeine,86.2
1,phenylquinoline,69.9
1,tryptophol,84.8
1,thiophene_ethanol,90.6
1,ethyl_benzofuran_carboxylate,81.1
1,indoline,93.2
1,carbazole,69.0
2,melatonin,86.7
2,caffeine,87.8
2,phenylquinoline,63.5
2,tryptophol,92.9
2,thiophene_ethanol,82.6
2,ethyl_benzofuran_carboxylate,85.5
2,indoline,89.5
2,carbazole,67.0
3,melatonin,93.4
3,caffeine,89.3
3,phenylquinoline,72.4
3,tryptophol,82.4
3,thiophene_ethanol,87.2
3,ethyl_benzofuran_carboxylate,86.9
3,indoline,87.8
3,carbazole,69.5
4,melatonin,88.2
4,caffeine,89.5
4,phenylquinoline,68.0
4,tryptophol,90.1
4,thiophene_ethanol,86.7
4,ethyl_benzofuran_carboxylate,83.2
4,indoline,86.1
4,carbazole,74.4
5,melatonin,89.3
5,caffeine,87.0
5,phenylquinoline,81.7
5,tryptophol,87.2
5,thiophene_ethanol,88.3
5,ethyl_benzofuran_carboxylate,92.7
5,indoline,85.3
5,carbazole,69.6
6,melatonin,87.1
6,caffeine,90.2
6,phenylquinoline,72.9
6,tryptophol,85.3
6,thiophene_ethanol,80.5
6,ethyl_benzofuran_carboxylate,90.7
6,indoline,91.4
6,carbazole,65.9
7,melatonin,93.1
7,caffeine,86.6
7,phenylquinoline,72.1
7,tryptophol,89.2
7,thiophene_ethanol,85.6
7,ethyl_benzofuran_carboxylate,88.0
7,indoline,88.0
7,carbazole,65.0
8,melatonin,88.3
8,caffeine,91.3
8,phenylquinoline,64.2
8,tryptophol,83.8
8,thiophene_ethanol,81.1
8,ethyl_benzofuran_carboxylate,95.2
8,indoline,93.2
8,carbazole,80.8
9,melatonin,88.0
9,caffeine,87.1
9,phenylquinoline,67.5
9,tryptophol,88.0
9,thiophene_ethanol,86.9
9,ethyl_benzofuran_carboxylate,86.6
9,indoline,83.4
9,carbazole,70.0
10,melatonin,92.0
10,caffeine,90.1
10,phenylquinoline,65.8
10,tryptophol,88.0
10,thiophene_ethanol,89.9
10,ethyl_benzofuran_carboxylate,85.8
10,indoline,88.8
10,carbazole,72.4
11,melatonin,93.2
11,caffeine,87.1
11,phenylquinoline,70.1
11,tryptophol,80.0
11,thiophene_ethanol,88.0
11,ethyl_benzofuran_carboxylate,87.0
11,indoline,86.4
11,carbazole,73.3
12,melatonin,89.4
12,caffeine,86.0
12,phenylquinoline,73.0
12,tryptophol,82.9
12,thiophene_ethanol,90.3
12,ethyl_benzofuran_carboxylate,83.4
12,indoline,88.0
12,carbazole,71.5
13,melatonin,85.9
13,caffeine,90.3
13,phenylquinoline,71.8
13,tryptophol,89.4
13,thiophene_ethanol,92.0
13,ethyl_benzofuran_carboxylate,89.6
13,indoline,92.1
13,carbazole,75.4
14,melatonin,92.7
14,caffeine,88.2
14,phenylquinoline,72.7
14,tryptophol,87.8
14,thiophene_ethanol,82.0
14,ethyl_benzofuran_carboxylate,88.4
14,indoline,83.5
14,carbazole,72.8
15,melatonin,87.1
15,caffeine,89.0
15,phenylquinoline,71.4
15,tryptophol,86.5
15,thiophene_ethanol,88.7
15,ethyl_benzofuran_carboxylate,82.7
15,indoline,84.7
15,carbazole,67.6
16,melatonin,88.4
16,caffeine,83.4
16,phenylquinoline,69.6
16,tryptophol,88.2
16,thiophene_ethanol,84.3
16,ethyl_benzofuran_carboxylate,86.1
16,indoline,85.3
16,carbazole,74.0
17,melatonin,88.8
17,caffeine,82.4
17,phenylquinoline,74.5
17,tryptophol,91.4
17,thiophene_ethanol,91.1
17,ethyl_benzofuran_carboxylate,93.7
17,indoline,87.7
17,carbazole,70.6
18,melatonin,88.2
18,caffeine,94.6
18,phenylquinoline,71.5
18,tryptophol,88.5
18,thiophene_ethanol,89.3
18,ethyl_benzofuran_carboxylate,89.9
18,indoline,91.0
18,carbazole,73.6
19,melatonin,88.7
19,caffeine,87.0
19,phenylquinoline,69.7
19,tryptophol,86.8
19,thiophene_ethanol,86.2
19,ethyl_benzofuran_carboxylate,87.3
19,indoline,91.1
19,carbazole,74.3
20,melatonin,90.7
20,caffeine,88.6
20,phenylquinoline,73.4
20,tryptophol,81.0
20,thiophene_ethanol,84.7
20,ethyl_benzofuran_carboxylate,89.7
20,indoline,90.8
20,carbazole,68.1
21,melatonin,87.8
21,caffeine,87.7
21,phenylquinoline,76.2
21,tryptophol,84.2
21,thiophene_ethanol,90.2
21,ethyl_benzofuran_carboxylate,82.9
21,indoline,87.4
21,carbazole,71.1
22,melatonin,87.7
22,caffeine,83.6
22,phenylquinoline,76.3
22,tryptophol,87.3
22,thiophene_ethanol,86.5
22,ethyl_benzofuran_carboxylate,85.0
22,indoline,90.8
22,carbazole,67.6
23,melatonin,90.0
23,caffeine,88.1
23,phenylquinoline,68.9
23,tryptophol,90.8
23,thiophene_ethanol,90.1
23,ethyl_benzofuran_carboxylate,84.8
23,indoline,86.9
23,carbazole,67.5
24,melatonin,92.0
24,caffeine,85.7
24,phenylquinoline,70.7
24,tryptophol,85.0
24,thiophene_ethanol,84.8
24,ethyl_benzofuran_carboxylate,83.7
24,indoline,89.7
24,carbazole,73.2
25,melatonin,88.7
25,caffeine,91.1
25,phenylquinoline,68.6
25,tryptophol,86.2
25,thiophene_ethanol,85.1
25,ethyl_benzofuran_carboxylate,87.3
25,indoline,86.1
25,carbazole,79.4
26,melatonin,88.6
26,caffeine,82.2
26,phenylquinoline,74.9
26,tryptophol,90.0
26,thiophene_ethanol,87.3
26,ethyl_benzofuran_carboxylate,88.8
26,indoline,87.9
26,carbazole,65.0
27,melatonin,91.9
27,caffeine,87.1
27,phenylquinoline,74.5
27,tryptophol,89.2
27,thiophene_ethanol,88.7
27,ethyl_benzofuran_carboxylate,87.8
27,indoline,87.5
27,carbazole,73.0
28,melatonin,89.3
28,caffeine,93.0
28,phenylquinoline,70.9
28,tryptophol,85.1
28,thiophene_ethanol,88.2
28,ethyl_benzofuran_carboxylate,92.5
28,indoline,89.0
28,carbazole,70.8
29,melatonin,86.7
29,caffeine,90.1
29,phenylquinoline,79.7
29,tryptophol,81.6
29,thiophene_ethanol,90.2
29,ethyl_benzofuran_carboxylate,89.4
29,indoline,90.3
29,carbazole,75.5
30,melatonin,84.2
30,caffeine,92.6
30,phenylquinoline,68.1
30,tryptophol,89.4
30,thiophene_ethanol,87.7
30,ethyl_benzofuran_carboxylate,88.9
30,indoline,82.8
30,carbazole,78.3
31,melatonin,86.8
31,caffeine,87.0
31,phenylquinoline,72.3
31,tryptophol,85.6
31,thiophene_ethanol,87.3
31,ethyl_benzofuran_carboxylate,85.7
31,indoline,85.7
31,carbazole,79.4
32,melatonin,87.0
32,caffeine,91.0
32,phenylquinoline,74.3
32,tryptophol,88.2
32,thiophene_ethanol,90.3
32,ethyl_benzofuran_carboxylate,89.7
32,indoline,92.4
32,carbazole,78.7
33,melatonin,87.0
33,caffeine,83.2
33,phenylquinoline,65.9
33,tryptophol,86.3
33,thiophene_ethanol,87.3
33,ethyl_benzofuran_carboxylate,88.8
33,indoline,87.6
33,carbazole,80.0
34,melatonin,88.7
34,caffeine,85.8
34,phenylquinoline,65.8
34,tryptophol,86.6
34,thiophene_ethanol,86.9
34,ethyl_benzofuran_carboxylate,84.2
34,indoline,88.9
34,carbazole,75.9
35,melatonin,82.3
35,caffeine,86.8
35,phenylquinoline,68.9
35,tryptophol,85.2
35,thiophene_ethanol,83.7
35,ethyl_benzofuran_carboxylate,90.4
35,indoline,91.4
35,carbazole,76.7
36,melatonin,90.0
36,caffeine,92.6
36,phenylquinoline,70.0
36,tryptophol,91.5
36,thiophene_ethanol,86.2
36,ethyl_benzofuran_carboxylate,85.7
36,indoline,87.0
36,carbazole,72.4
37,melatonin,87.8
37,caffeine,90.0
37,phenylquinoline,73.4
37,tryptophol,84.1
37,thiophene_ethanol,92.6
37,ethyl_benzofuran_carboxylate,91.0
37,indoline,88.8
37,carbazole,70.2
38,melatonin,91.0
38,caffeine,87.0
38,phenylquinoline,72.5
38,tryptophol,88.8
38,thiophene_ethanol,91.9
38,ethyl_benzofuran_carboxylate,92.9
38,indoline,86.6
38,carbazole,67.0
39,melatonin,92.2
39,caffeine,88.7
39,phenylquinoline,71.4
39,tryptophol,88.4
39,thiophene_ethanol,89.8
39,ethyl_benzofuran_carboxylate,95.3
39,indoline,82.3
39,carbazole,62.3
40,melatonin,86.2
40,caffeine,87.6
40,phenylquinoline,69.3
40,tryptophol,90.8
40,thiophene_ethanol,82.5
40,ethyl_benzofuran_carboxylate,86.6
40,indoline,94.9
40,carbazole,74.0
41,melatonin,87.2
41,caffeine,88.3
41,phenylquinoline,73.0
41,tryptophol,85.2
41,thiophene_ethanol,89.7
41,ethyl_benzofuran_carboxylate,84.9
41,indoline,87.5
41,carbazole,75.2
42,melatonin,89.5
42,caffeine,87.6
42,phenylquinoline,74.6
42,tryptophol,92.6
42,thiophene_ethanol,87.3
42,ethyl_benzofuran_carboxylate,87.3
42,indoline,92.7
42,carbazole,75.1
43,melatonin,88.8
43,caffeine,85.3
43,phenylquinoline,70.5
43,tryptophol,86.4
43,thiophene_ethanol,90.6
43,ethyl_benzofuran_carboxylate,86.8
43,indoline,89.5
43,carbazole,80.0
44,melatonin,85.7
44,caffeine,91.9
44,phenylquinoline,77.0
44,tryptophol,83.2
44,thiophene_ethanol,83.6
44,ethyl_benzofuran_carboxylate,82.9
44,indoline,93.6
44,carbazole,72.4
45,melatonin,88.1
45,caffeine,88.8
45,phenylquinoline,70.4
45,tryptophol,87.4
45,thiophene_ethanol,84.2
45,ethyl_benzofuran_carboxylate,80.2
45,indoline,88.9
45,carbazole,68.5
46,melatonin,89.8
46,caffeine,91.7
46,phenylquinoline,75.3
46,tryptophol,85.6
46,thiophene_ethanol,89.2
46,ethyl_benzofuran_carboxylate,87.5
46,indoline,87.8
46,carbazole,69.7
47,melatonin,85.5
47,caffeine,91.9
47,phenylquinoline,75.7
47,tryptophol,89.9
47,thiophene_ethanol,84.8
47,ethyl_benzofuran_carboxylate,93.4
47,indoline,85.0
47,carbazole,75.3
48,melatonin,85.0
48,caffeine,84.8
48,phenylquinoline,69.4
48,tryptophol,91.2
48,thiophene_ethanol,87.5
48,ethyl_benzofuran_carboxylate,91.3
48,indoline,81.8
48,carbazole,74.8
49,melatonin,84.9
49,caffeine,85.5
49,phenylquinoline,74.7
49,tryptophol,93.5
49,thiophene_ethanol,83.7
49,ethyl_benzofuran_carboxylate,88.7
49,indoline,89.0
49,carbazole,72.9
50,melatonin,83.3
50,caffeine,87.9
50,phenylquinoline,69.5
50,tryptophol,83.6
50,thiophene_ethanol,92.2
50,ethyl_benzofuran_carboxylate,86.6
50,indoline,85.7
50,carbazole,76.3
51,melatonin,87.1
51,caffeine,88.3
51,phenylquinoline,77.0
51,tryptophol,83.9
51,thiophene_ethanol,88.3
51,ethyl_benzofuran_carboxylate,87.9
51,indoline,86.9
51,carbazole,67.6
52,melatonin,89.6
52,caffeine,84.2
52,phenylquinoline,73.0
52,tryptophol,85.6
52,thiophene_ethanol,88.1
52,ethyl_benzofuran_carboxylate,89.2
52,indoline,91.8
52,carbazole,74.6
53,melatonin,88.6
53,caffeine,91.5
53,phenylquinoline,63.7
53,tryptophol,86.1
53,thiophene_ethanol,91.0
53,ethyl_benzofuran_carboxylate,95.2
53,indoline,86.4
53,carbazole,75.0
54,melatonin,82.4
54,caffeine,84.8
54,phenylquinoline,72.3
54,tryptophol,83.9
54,thiophene_ethanol,89.9
54,ethyl_benzofuran_carboxylate,90.2
54,indoline,83.6
54,carbazole,65.3
55,melatonin,83.1
55,caffeine,87.7
55,phenylquinoline,64.8
55,tryptophol,88.8
55,thiophene_ethanol,88.8
55,ethyl_benzofuran_carboxylate,86.9
55,indoline,88.0
55,carbazole,73.4
56,melatonin,84.9
56,caffeine,89.8
56,phenylquinoline,76.4
56,tryptophol,86.5
56,thiophene_ethanol,87.2
56,ethyl_benzofuran_carboxylate,83.1
56,indoline,87.2
56,carbazole,75.8
57,melatonin,87.6
57,caffeine,87.4
57,phenylquinoline,65.2
57,tryptophol,85.6
57,thiophene_ethanol,92.6
57,ethyl_benzofuran_carboxylate,94.7
57,indoline,80.2
57,carbazole,75.1
58,melatonin,85.7
58,caffeine,81.7
58,phenylquinoline,68.8
58,tryptophol,88.0
58,thiophene_ethanol,82.9
58,ethyl_benzofuran_carboxylate,89.7
58,indoline,85.1
58,carbazole,66.1
59,melatonin,83.0
59,caffeine,89.7
59,phenylquinoline,73.7
59,tryptophol,83.2
59,thiophene_ethanol,89.9
59,ethyl_benzofuran_carboxylate,84.4
59,indoline,84.3
59,carbazole,79.1
60,melatonin,85.2
60,caffeine,86.2
60,phenylquinoline,76.7
60,tryptophol,84.3
60,thiophene_ethanol,82.0
60,ethyl_benzofuran_carboxylate,91.9
60,indoline,90.2
60,carbazole,73.5
61,melatonin,86.7
61,caffeine,89.3
61,phenylquinoline,72.0
61,tryptophol,91.2
61,thiophene_ethanol,88.6
61,ethyl_benzofuran_carboxylate,90.0
61,indoline,84.9
61,carbazole,66.9
62,melatonin,88.0
62,caffeine,86.4
62,phenylquinoline,70.8
62,tryptophol,91.4
62,thiophene_ethanol,83.7
62,ethyl_benzofuran_carboxylate,90.7
62,indoline,83.4
62,carbazole,73.0
63,melatonin,81.6
63,caffeine,91.3
63,phenylquinoline,72.1
63,tryptophol,86.1
63,thiophene_ethanol,88.0
63,ethyl_benzofuran_carboxylate,84.4
63,indoline,88.9
63,carbazole,65.4
64,melatonin,91.3
64,caffeine,82.1
64,phenylquinoline,67.4
64,tryptophol,94.6
64,thiophene_ethanol,82.3
64,ethyl_benzofuran_carboxylate,86.7
64,indoline,84.6
64,carbazole,67.9
65,melatonin,85.5
65,caffeine,86.4
65,phenylquinoline,68.6
65,tryptophol,86.5
65,thiophene_ethanol,91.0
65,ethyl_benzofuran_carboxylate,90.2
65,indoline,83.2
65,carbazole,72.4
66,melatonin,92.2
66,caffeine,84.7
66,phenylquinoline,69.5
66,tryptophol,85.7
66,thiophene_ethanol,89.0
66,ethyl_benzofuran_carboxylate,92.7
66,indoline,79.1
66,carbazole,77.4
67,melatonin,91.4
67,caffeine,88.4
67,phenylquinoline,67.5
67,tryptophol,91.7
67,thiophene_ethanol,87.5
67,ethyl_benzofuran_carboxylate,86.2
67,indoline,89.0
67,carbazole,76.9
68,melatonin,85.2
68,caffeine,88.6
68,phenylquinoline,65.8
68,tryptophol,90.5
68,thiophene_ethanol,89.2
68,ethyl_benzofuran_carboxylate,88.5
68,indoline,89.2
68,carbazole,73.8
69,melatonin,90.7
69,caffeine,86.2
69,phenylquinoline,76.6
69,tryptophol,86.2
69,thiophene_ethanol,83.2
69,ethyl_benzofuran_carboxylate,89.2
69,indoline,91.6
69,carbazole,76.2
70,melatonin,90.6
70,caffeine,88.5
70,phenylquinoline,68.6
70,tryptophol,86.7
70,thiophene_ethanol,87.4
70,ethyl_benzofuran_carboxylate,91.3
70,indoline,78.9
70,carbazole,70.3
71,melatonin,86.7
71,caffeine,84.4
71,phenylquinoline,70.2
71,tryptophol,89.5
71,thiophene_ethanol,86.6
71,ethyl_benzofuran_carboxylate,89.8
71,indoline,91.5
71,carbazole,68.1
72,melatonin,89.0
72,caffeine,86.0
72,phenylquinoline,63.2
72,tryptophol,89.8
72,thiophene_ethanol,93.0
72,ethyl_benzofuran_carboxylate,83.0
72,indoline,85.5
72,carbazole,74.2
73,melatonin,89.7
73,caffeine,94.4
73,phenylquinoline,81.8
73,tryptophol,88.8
73,thiophene_ethanol,83.5
73,ethyl_benzofuran_carboxylate,87.9
73,indoline,89.3
73,carbazole,65.9
74,melatonin,89.8
74,caffeine,86.1
74,phenylquinoline,70.4
74,tryptophol,90.6
74,thiophene_ethanol,90.2
74,ethyl_benzofuran_carboxylate,86.2
74,indoline,90.9
74,carbazole,77.0
75,melatonin,85.9
75,caffeine,88.3
75,phenylquinoline,73.9
75,tryptophol,93.8
75,thiophene_ethanol,89.4
75,ethyl_benzofuran_carboxylate,84.4
75,indoline,89.8
75,carbazole,71.3
76,melatonin,90.8
76,caffeine,86.3
76,phenylquinoline,67.8
76,tryptophol,86.3
76,thiophene_ethanol,88.3
76,ethyl_benzofuran_carboxylate,87.5
76,indoline,87.5
76,carbazole,72.8
77,melatonin,88.7
77,caffeine,90.0
77,phenylquinoline,69.7
77,tryptophol,89.2
77,thiophene_ethanol,89.4
77,ethyl_benzofuran_carboxylate,82.1
77,indoline,88.8
77,carbazole,65.7
78,melatonin,88.4
78,caffeine,87.1
78,phenylquinoline,74.3
78,tryptophol,89.7
78,thiophene_ethanol,87.8
78,ethyl_benzofuran_carboxylate,89.5
78,indoline,86.4
78,carbazole,74.7
79,melatonin,78.1
79,caffeine,88.2
79,phenylquinoline,67.2
79,tryptophol,88.0
79,thiophene_ethanol,86.4
79,ethyl_benzofuran_carboxylate,90.9
79,indoline,89.9
79,carbazole,74.2
80,melatonin,93.7
80,caffeine,88.6
80,phenylquinoline,75.6
80,tryptophol,84.5
80,thiophene_ethanol,88.8
80,ethyl_benzofuran_carboxylate,89.8
80,indoline,86.0
80,carbazole,67.8
81,melatonin,83.9
81,caffeine,84.3
81,phenylquinoline,72.2
81,tryptophol,83.0
81,thiophene_ethanol,88.1
81,ethyl_benzofuran_carboxylate,87.9
81,indoline,84.4
81,carbazole,63.6
82,melatonin,90.5
82,caffeine,83.9
82,phenylquinoline,77.1
82,tryptophol,89.7
82,thiophene_ethanol,89.7
82,ethyl_benzofuran_carboxylate,87.9
82,indoline,86.9
82,carbazole,70.8
83,melatonin,90.5
83,caffeine,84.6
83,phenylquinoline,76.6
83,tryptophol,90.0
83,thiophene_ethanol,86.6
83,ethyl_benzofuran_carboxylate,91.2
83,indoline,92.3
83,carbazole,69.3
84,melatonin,87.6
84,caffeine,86.6
84,phenylquinoline,74.7
84,tryptophol,84.0
84,thiophene_ethanol,86.4
84,ethyl_benzofuran_carboxylate,85.8
84,indoline,84.9
84,carbazole,71.1
85,melatonin,88.5
85,caffeine,95.1
85,phenylquinoline,76.0
85,tryptophol,84.1
85,thiophene_ethanol,88.5
85,ethyl_benzofuran_carboxylate,82.7
85,indoline,83.7
85,carbazole,66.4
86,melatonin,86.2
86,caffeine,86.2
86,phenylquinoline,73.8
86,tryptophol,86.1
86,thiophene_ethanol,90.1
86,ethyl_benzofuran_carboxylate,84.5
86,indoline,83.3
86,carbazole,79.2
87,melatonin,89.1
87,caffeine,88.4
87,phenylquinoline,74.1
87,tryptophol,86.9
87,thiophene_ethanol,93.3
87,ethyl_benzofuran_carboxylate,89.1
87,indoline,88.6
87,carbazole,74.7
88,melatonin,88.3
88,caffeine,94.6
88,phenylquinoline,75.8
88,tryptophol,88.2
88,thiophene_ethanol,91.2
88,ethyl_benzofuran_carboxylate,91.0
88,indoline,85.2
88,carbazole,74.9
89,melatonin,82.9
89,caffeine,88.0
89,phenylquinoline,70.3
89,tryptophol,87.2
89,thiophene_ethanol,87.1
89,ethyl_benzofuran_carboxylate,88.1
89,indoline,87.8
89,carbazole,67.2
90,melatonin,87.3
90,caffeine,87.3
90,phenylquinoline,69.6
90,tryptophol,85.6
90,thiophene_ethanol,91.6
90,ethyl_benzofuran_carboxylate,83.9
90,indoline,90.2
90,carbazole,66.7
91,melatonin,86.2
91,caffeine,84.8
91,phenylquinoline,69.8
91,tryptophol,87.2
91,thiophene_ethanol,91.7
91,ethyl_benzofuran_carboxylate,85.3
91,indoline,88.2
91,carbazole,80.7
92,melatonin,88.7
92,caffeine,88.9
92,phenylquinoline,69.1
92,tryptophol,80.1
92,thiophene_ethanol,87.4
92,ethyl_benzofuran_carboxylate,81.4
92,indoline,90.1
92,carbazole,71.6
93,melatonin,92.9
93,caffeine,91.3
93,phenylquinoline,80.2
93,tryptophol,89.4
93,thiophene_ethanol,93.0
93,ethyl_benzofuran_carboxylate,88.8
93,indoline,86.6
93,carbazole,66.1
94,melatonin,90.2
94,caffeine,92.6
94,phenylquinoline,69.2
94,tryptophol,93.3
94,thiophene_ethanol,81.4
94,ethyl_benzofuran_carboxylate,85.0
94,indoline,85.0
94,carbazole,72.1
95,melatonin,86.0
95,caffeine,86.3
95,phenylquinoline,73.4
95,tryptophol,89.8
95,thiophene_ethanol,91.3
95,ethyl_benzofuran_carboxylate,88.3
95,indoline,87.6
95,carbazole,79.1
96,melatonin,88.2
96,caffeine,87.9
96,phenylquinoline,69.4
96,tryptophol,89.1
96,thiophene_ethanol,88.4
96,ethyl_benzofuran_carboxylate,85.4
96,indoline,86.4
96,carbazole,72.3
97,melatonin,82.7
97,caffeine,86.7
97,phenylquinoline,69.0
97,tryptophol,91.0
97,thiophene_ethanol,86.2
97,ethyl_benzofuran_carboxylate,84.6
97,indoline,86.0
97,carbazole,68.1
98,melatonin,89.4
98,caffeine,92.9
98,phenylquinoline,76.0
98,tryptophol,85.9
98,thiophene_ethanol,84.9
98,ethyl_benzofuran_carboxylate,88.0
98,indoline,83.5
98,carbazole,65.7
99,melatonin,87.6
99,caffeine,94.2
99,phenylquinoline,73.1
99,tryptophol,92.0
99,thiophene_ethanol,87.5
99,ethyl_benzofuran_carboxylate,87.8
99,indoline,90.3
99,carbazole,75.3
100,melatonin,82.8
100,caffeine,89.0
100,phenylquinoline,76.6
100,tryptophol,87.2
100,thiophene_ethanol,90.9
100,ethyl_benzofuran_carboxylate,89.5
100,indoline,88.7
100,carbazole,67.7
101,melatonin,96.1
101,caffeine,89.9
101,phenylquinoline,75.6
101,tryptophol,89.5
101,thiophene_ethanol,90.0
101,ethyl_benzofuran_carboxylate,87.0
101,indoline,85.5
101,carbazole,74.4
102,melatonin,93.0
102,caffeine,90.8
102,phenylquinoline,76.2
102,tryptophol,85.2
102,thiophene_ethanol,91.9
102,ethyl_benzofuran_carboxylate,89.0
102,indoline,86.5
102,carbazole,68.4
103,melatonin,84.3
103,caffeine,87.2
103,phenylquinoline,73.5
103,tryptophol,86.8
103,thiophene_ethanol,84.7
103,ethyl_benzofuran_carboxylate,95.0
103,indoline,89.3
103,carbazole,73.7
104,melatonin,86.7
104,caffeine,86.4
104,phenylquinoline,69.6
104,tryptophol,90.8
104,thiophene_ethanol,89.7
104,ethyl_benzofuran_carboxylate,86.1
104,indoline,94.5
104,carbazole,71.2
105,melatonin,87.3
105,caffeine,86.2
105,phenylquinoline,69.1
105,tryptophol,88.2
105,thiophene_ethanol,91.0
105,ethyl_benzofuran_carboxylate,87.6
105,indoline,83.4
105,carbazole,73.9
106,melatonin,94.5
106,caffeine,85.0
106,phenylquinoline,73.8
106,tryptophol,90.0
106,thiophene_ethanol,84.5
106,ethyl_benzofuran_carboxylate,86.2
106,indoline,88.8
106,carbazole,72.7
107,melatonin,89.5
107,caffeine,86.0
107,phenylquinoline,66.1
107,tryptophol,89.0
107,thiophene_ethanol,85.2
107,ethyl_benzofuran_carboxylate,86.7
107,indoline,87.0
107,carbazole,71.5
108,melatonin,84.9
108,caffeine,88.7
108,phenylquinoline,76.5
108,tryptophol,91.4
108,thiophene_ethanol,86.2
108,ethyl_benzofuran_carboxylate,88.4
108,indoline,86.5
108,carbazole,64.2
109,melatonin,87.4
109,caffeine,95.3
109,phenylquinoline,68.2
109,tryptophol,89.8
109,thiophene_ethanol,90.2
109,ethyl_benzofuran_carboxylate,90.9
109,indoline,88.8
109,carbazole,71.7
110,melatonin,89.0
110,caffeine,85.6
110,phenylquinoline,77.6
110,tryptophol,83.4
110,thiophene_ethanol,91.5
110,ethyl_benzofuran_carboxylate,91.4
110,indoline,88.4
110,carbazole,73.7
111,melatonin,84.6
111,caffeine,89.2
111,phenylquinoline,78.0
111,tryptophol,86.9
111,thiophene_ethanol,85.6
111,ethyl_benzofuran_carboxylate,86.6
111,indoline,87.8
111,carbazole,70.6
112,melatonin,92.4
112,caffeine,84.1
112,phenylquinoline,74.3
112,tryptophol,89.5
112,thiophene_ethanol,89.0
112,ethyl_benzofuran_carboxylate,89.8
112,indoline,85.9
112,carbazole,70.9
113,melatonin,87.6
113,caffeine,90.8
113,phenylquinoline,72.8
113,tryptophol,84.9
113,thiophene_ethanol,87.3
113,ethyl_benzofuran_carboxylate,91.6
113,indoline,91.2
113,carbazole,76.6
114,melatonin,87.9
114,caffeine,90.4
114,phenylquinoline,69.4
114,tryptophol,91.8
114,thiophene_ethanol,88.2
114,ethyl_benzofuran_carboxylate,84.7
114,indoline,85.3
114,carbazole,74.7
115,melatonin,89.9
115,caffeine,85.2
115,phenylquinoline,78.4
115,tryptophol,82.6
115,thiophene_ethanol,85.5
115,ethyl_benzofuran_carboxylate,89.8
115,indoline,93.8
115,carbazole,76.9
116,melatonin,83.5
116,caffeine,84.3
116,phenylquinoline,71.9
116,tryptophol,86.2
116,thiophene_ethanol,88.2
116,ethyl_benzofuran_carboxylate,87.8
116,indoline,92.5
116,carbazole,71.1
117,melatonin,82.5
117,caffeine,86.7
117,phenylquinoline,73.6
117,tryptophol,87.1
117,thiophene_ethanol,88.3
117,ethyl_benzofuran_carboxylate,88.1
117,indoline,90.6
117,carbazole,75.7
118,melatonin,88.3
118,caffeine,89.9
118,phenylquinoline,74.2
118,tryptophol,88.5
118,thiophene_ethanol,88.6
118,ethyl_benzofuran_carboxylate,84.9
118,indoline,94.5
118,carbazole,73.4
119,melatonin,88.0
119,caffeine,91.6
119,phenylquinoline,74.6
119,tryptophol,85.7
119,thiophene_ethanol,86.4
119,ethyl_benzofuran_carboxylate,88.5
119,indoline,87.7
119,carbazole,69.9
120,melatonin,88.4
120,caffeine,94.1
120,phenylquinoline,70.3
120,tryptophol,94.9
120,thiophene_ethanol,89.9
120,ethyl_benzofuran_carboxylate,87.8
120,indoline,84.0
120,carbazole,73.6
121,melatonin,87.4
121,caffeine,87.1
121,phenylquinoline,69.7
121,tryptophol,86.7
121,thiophene_ethanol,87.0
121,ethyl_benzofuran_carboxylate,91.6
121,indoline,92.8
121,carbazole,73.5
122,melatonin,89.5
122,caffeine,85.5
122,phenylquinoline,70.7
122,tryptophol,83.0
122,thiophene_ethanol,93.2
122,ethyl_benzofuran_carboxylate,83.7
122,indoline,83.8
122,carbazole,73.6
123,melatonin,84.7
123,caffeine,91.0
123,phenylquinoline,73.1
123,tryptophol,83.5
123,thiophene_ethanol,86.3
123,ethyl_benzofuran_carboxylate,93.0
123,indoline,80.7
123,carbazole,70.3
124,melatonin,88.9
124,caffeine,86.6
124,phenylquinoline,66.6
124,tryptophol,95.0
124,thiophene_ethanol,83.6
124,ethyl_benzofuran_carboxylate,85.8
124,indoline,84.9
124,carbazole,78.5
125,melatonin,85.9
125,caffeine,88.0
125,phenylquinoline,68.2
125,tryptophol,89.0
125,thiophene_ethanol,88.9
125,ethyl_benzofuran_carboxylate,86.8
125,indoline,80.1
125,carbazole,72.8
126,melatonin,86.0
126,caffeine,92.2
126,phenylquinoline,69.6
126,tryptophol,88.3
126,thiophene_ethanol,88.2
126,ethyl_benzofuran_carboxylate,79.5
126,indoline,89.6
126,carbazole,74.0
127,melatonin,86.3
127,caffeine,88.1
127,phenylquinoline,74.3
127,tryptophol,86.1
127,thiophene_ethanol,85.5
127,ethyl_benzofuran_carboxylate,88.3
127,indoline,93.2
127,carbazole,70.1
128,melatonin,86.8
128,caffeine,89.9
128,phenylquinoline,74.8
128,tryptophol,84.2
128,thiophene_ethanol,89.4
128,ethyl_benzofuran_carboxylate,91.9
128,indoline,85.6
128,carbazole,70.6
129,melatonin,83.1
129,caffeine,89.5
129,phenylquinoline,68.9
129,tryptophol,88.6
129,thiophene_ethanol,88.0
129,ethyl_benzofuran_carboxylate,89.4
129,indoline,87.2
129,carbazole,67.3
130,melatonin,86.7
130,caffeine,85.6
130,phenylquinoline,67.8
130,tryptophol,88.5
130,thiophene_ethanol,90.5
130,ethyl_benzofuran_carboxylate,88.0
130,indoline,85.2
130,carbazole,70.8
131,melatonin,89.4
131,caffeine,88.5
131,phenylquinoline,78.3
131,tryptophol,84.2
131,thiophene_ethanol,85.8
131,ethyl_benzofuran_carboxylate,89.1
131,indoline,85.6
131,carbazole,68.6
132,melatonin,86.4
132,caffeine,91.9
132,phenylquinoline,74.0
132,tryptophol,89.7
132,thiophene_ethanol,86.4
132,ethyl_benzofuran_carboxylate,91.4
132,indoline,87.7
132,carbazole,73.4
133,melatonin,84.9
133,caffeine,87.3
133,phenylquinoline,78.5
133,tryptophol,86.7
133,thiophene_ethanol,86.1
133,ethyl_benzofuran_carboxylate,85.0
133,indoline,90.8
133,carbazole,72.5
134,melatonin,87.3
134,caffeine,92.0
134,phenylquinoline,75.5
134,tryptophol,88.9
134,thiophene_ethanol,90.3
134,ethyl_benzofuran_carboxylate,89.0
134,indoline,90.9
134,carbazole,77.0
135,melatonin,84.2
135,caffeine,91.6
135,phenylquinoline,73.4
135,tryptophol,87.1
135,thiophene_ethanol,86.4
135,ethyl_benzofuran_carboxylate,89.3
135,indoline,89.6
135,carbazole,72.1
136,melatonin,87.5
136,caffeine,87.5
136,phenylquinoline,70.0
136,tryptophol,86.8
136,thiophene_ethanol,85.9
136,ethyl_benzofuran_carboxylate,84.2
136,indoline,86.9
136,carbazole,62.9
137,melatonin,91.3
137,caffeine,91.2
137,phenylquinoline,90.1
137,tryptophol,86.0
137,thiophene_ethanol,86.8
137,ethyl_benzofuran_carboxylate,91.0
137,indoline,90.4
137,carbazole,76.1
138,melatonin,90.5
138,caffeine,91.1
138,phenylquinoline,73.3
138,tryptophol,87.6
138,thiophene_ethanol,84.3
138,ethyl_benzofuran_carboxylate,86.6
138,indoline,88.2
138,carbazole,75.2
139,melatonin,92.9
139,caffeine,87.8
139,phenylquinoline,70.8
139,tryptophol,87.1
139,thiophene_ethanol,85.0
139,ethyl_benzofuran_carboxylate,85.5
139,indoline,87.2
139,carbazole,71.2
140,melatonin,86.6
140,caffeine,88.9
140,phenylquinoline,72.7
140,tryptophol,85.5
140,thiophene_ethanol,87.9
140,ethyl_benzofuran_carboxylate,91.0
140,indoline,86.4
140,carbazole,70.8
141,melatonin,88.1
141,caffeine,90.5
141,phenylquinoline,71.6
141,tryptophol,86.4
141,thiophene_ethanol,85.7
141,ethyl_benzofuran_carboxylate,89.4
141,indoline,88.3
141,carbazole,71.0
142,melatonin,88.4
142,caffeine,90.7
142,phenylquinoline,76.0
142,tryptophol,89.4
142,thiophene_ethanol,87.0
142,ethyl_benzofuran_carboxylate,87.2
142,indoline,86.9
142,carbazole,77.9
143,melatonin,85.5
143,caffeine,91.7
143,phenylquinoline,62.1
143,tryptophol,84.9
143,thiophene_ethanol,91.0
143,ethyl_benzofuran_carboxylate,88.5
143,indoline,86.5
143,carbazole,70.2
144,melatonin,84.1
144,caffeine,87.7
144,phenylquinoline,72.3
144,tryptophol,93.6
144,thiophene_ethanol,92.1
144,ethyl_benzofuran_carboxylate,87.5
144,indoline,84.5
144,carbazole,76.1
145,melatonin,85.5
145,caffeine,88.2
145,phenylquinoline,76.8
145,tryptophol,90.0
145,thiophene_ethanol,83.0
145,ethyl_benzofuran_carboxylate,90.8
145,indoline,87.9
145,carbazole,79.7
146,melatonin,95.2
146,caffeine,87.9
146,phenylquinoline,67.8
146,tryptophol,85.4
146,thiophene_ethanol,90.1
146,ethyl_benzofuran_carboxylate,87.1
146,indoline,83.4
146,carbazole,74.8
147,melatonin,92.2
147,caffeine,83.8
147,phenylquinoline,69.3
147,tryptophol,87.4
147,thiophene_ethanol,96.2
147,ethyl_benzofuran_carboxylate,86.3
147,indoline,92.7
147,carbazole,75.5
148,melatonin,84.7
148,caffeine,88.7
148,phenylquinoline,79.6
148,tryptophol,92.0
148,thiophene_ethanol,88.4
148,ethyl_benzofuran_carboxylate,87.7
148,indoline,89.6
148,carbazole,78.8
149,melatonin,88.3
149,caffeine,88.3
149,phenylquinoline,61.8
149,tryptophol,84.2
149,thiophene_ethanol,85.9
149,ethyl_benzofuran_carboxylate,88.5
149,indoline,90.6
149,carbazole,71.3
150,melatonin,87.3
150,caffeine,89.2
150,phenylquinoline,73.4
150,tryptophol,89.7
150,thiophene_ethanol,88.5
150,ethyl_benzofuran_carboxylate,93.7
150,indoline,88.9
150,carbazole,68.7
151,melatonin,86.1
151,caffeine,89.6
151,phenylquinoline,76.0
151,tryptophol,86.1
151,thiophene_ethanol,92.4
151,ethyl_benzofuran_carboxylate,89.2
151,indoline,91.9
151,carbazole,61.5
152,melatonin,87.8
152,caffeine,87.4
152,phenylquinoline,68.5
152,tryptophol,83.0
152,thiophene_ethanol,87.4
152,ethyl_benzofuran_carboxylate,86.4
152,indoline,86.2
152,carbazole,74.0
153,melatonin,88.3
153,caffeine,84.5
153,phenylquinoline,69.3
153,tryptophol,88.0
153,thiophene_ethanol,92.2
153,ethyl_benzofuran_carboxylate,87.9
153,indoline,87.9
153,carbazole,65.9
154,melatonin,94.9
154,caffeine,88.4
154,phenylquinoline,72.7
154,tryptophol,88.6
154,thiophene_ethanol,90.1
154,ethyl_benzofuran_carboxylate,92.7
154,indoline,88.9
154,carbazole,76.3
155,melatonin,89.9
155,caffeine,88.7
155,phenylquinoline,73.7
155,tryptophol,84.6
155,thiophene_ethanol,87.6
155,ethyl_benzofuran_carboxylate,83.2
155,indoline,90.3
155,carbazole,62.1
156,melatonin,89.8
156,caffeine,82.5
156,phenylquinoline,68.9
156,tryptophol,86.2
156,thiophene_ethanol,92.0
156,ethyl_benzofuran_carboxylate,87.8
156,indoline,89.5
156,carbazole,74.3
157,melatonin,89.1
157,caffeine,92.0
157,phenylquinoline,68.5
157,tryptophol,85.4
157,thiophene_ethanol,90.7
157,ethyl_benzofuran_carboxylate,92.1
157,indoline,87.1
157,carbazole,65.5
158,melatonin,92.2
158,caffeine,94.5
158,phenylquinoline,75.0
158,tryptophol,89.7
158,thiophene_ethanol,91.7
158,ethyl_benzofuran_carboxylate,90.9
158,indoline,86.4
158,carbazole,74.6
159,melatonin,86.2
159,caffeine,89.7
159,phenylquinoline,71.6
159,tryptophol,84.4
159,thiophene_ethanol,90.8
159,ethyl_benzofuran_carboxylate,84.3
159,indoline,89.5
159,carbazole,73.5
160,melatonin,86.5
160,caffeine,90.8
160,phenylquinoline,66.0
160,tryptophol,85.2
160,thiophene_ethanol,93.3
160,ethyl_benzofuran_carboxylate,89.8
160,indoline,86.8
160,carbazole,67.3
161,melatonin,87.5
161,caffeine,89.5
161,phenylquinoline,68.8
161,tryptophol,87.3
161,thiophene_ethanol,89.7
161,ethyl_benzofuran_carboxylate,84.0
161,indoline,85.3
161,carbazole,74.7
162,melatonin,91.4
162,caffeine,85.6
162,phenylquinoline,73.5
162,tryptophol,90.2
162,thiophene_ethanol,88.3
162,ethyl_benzofuran_carboxylate,88.2
162,indoline,85.2
162,carbazole,76.2
163,melatonin,87.2
163,caffeine,93.8
163,phenylquinoline,64.8
163,tryptophol,86.7
163,thiophene_ethanol,89.1
163,ethyl_benzofuran_carboxylate,92.3
163,indoline,87.4
163,carbazole,67.1
164,melatonin,83.9
164,caffeine,84.9
164,phenylquinoline,75.2
164,tryptophol,86.3
164,thiophene_ethanol,93.5
164,ethyl_benzofuran_carboxylate,87.6
164,indoline,84.4
164,carbazole,72.7
165,melatonin,89.2
165,caffeine,91.4
165,phenylquinoline,70.9
165,tryptophol,89.5
165,thiophene_ethanol,86.1
165,ethyl_benzofuran_carboxylate,90.1
165,indoline,89.0
165,carbazole,75.3
166,melatonin,90.6
166,caffeine,86.4
166,phenylquinoline,73.8
166,tryptophol,92.1
166,thiophene_ethanol,92.8
166,ethyl_benzofuran_carboxylate,90.4
166,indoline,82.9
166,carbazole,71.6
167,melatonin,84.1
167,caffeine,85.4
167,phenylquinoline,77.3
167,tryptophol,88.0
167,thiophene_ethanol,89.5
167,ethyl_benzofuran_carboxylate,90.8
167,indoline,90.1
167,carbazole,74.0
168,melatonin,89.6
168,caffeine,95.4
168,phenylquinoline,68.9
168,tryptophol,84.4
168,thiophene_ethanol,89.3
168,ethyl_benzofuran_carboxylate,90.9
168,indoline,88.3
168,carbazole,79.0
169,melatonin,90.0
169,caffeine,88.8
169,phenylquinoline,69.7
169,tryptophol,88.7
169,thiophene_ethanol,90.2
169,ethyl_benzofuran_carboxylate,87.9
169,indoline,92.6
169,carbazole,69.0
170,melatonin,88.1
170,caffeine,82.7
170,phenylquinoline,74.6
170,tryptophol,95.4
170,thiophene_ethanol,87.9
170,ethyl_benzofuran_carboxylate,90.0
170,indoline,84.4
170,carbazole,77.2
171,melatonin,90.4
171,caffeine,89.0
171,phenylquinoline,76.9
171,tryptophol,89.0
171,thiophene_ethanol,86.3
171,ethyl_benzofuran_carboxylate,86.6
171,indoline,92.8
171,carbazole,76.7
172,melatonin,91.5
172,caffeine,84.4
172,phenylquinoline,75.7
172,tryptophol,88.8
172,thiophene_ethanol,84.7
172,ethyl_benzofuran_carboxylate,84.5
172,indoline,87.1
172,carbazole,65.4
173,melatonin,88.8
173,caffeine,86.4
173,phenylquinoline,82.3
173,tryptophol,90.1
173,thiophene_ethanol,92.2
173,ethyl_benzofuran_carboxylate,89.7
173,indoline,93.3
173,carbazole,68.6
174,melatonin,90.8
174,caffeine,87.7
174,phenylquinoline,69.8
174,tryptophol,86.3
174,thiophene_ethanol,85.7
174,ethyl_benzofuran_carboxylate,88.1
174,indoline,90.2
174,carbazole,74.5
175,melatonin,86.1
175,caffeine,90.5
175,phenylquinoline,80.3
175,tryptophol,90.6
175,thiophene_ethanol,82.3
175,ethyl_benzofuran_carboxylate,87.6
175,indoline,84.2
175,carbazole,71.2
176,melatonin,84.4
176,caffeine,86.2
176,phenylquinoline,76.5
176,tryptophol,86.1
176,thiophene_ethanol,93.1
176,ethyl_benzofuran_carboxylate,83.8
176,indoline,84.5
176,carbazole,69.9
177,melatonin,92.5
177,caffeine,88.0
177,phenylquinoline,66.7
177,tryptophol,87.3
177,thiophene_ethanol,90.5
177,ethyl_benzofuran_carboxylate,83.7
177,indoline,82.9
177,carbazole,73.5
178,melatonin,86.3
178,caffeine,88.1
178,phenylquinoline,75.4
178,tryptophol,90.7
178,thiophene_ethanol,91.1
178,ethyl_benzofuran_carboxylate,88.5
178,indoline,84.0
178,carbazole,67.4
179,melatonin,87.8
179,caffeine,88.4
179,phenylquinoline,73.3
179,tryptophol,89.3
179,thiophene_ethanol,83.9
179,ethyl_benzofuran_carboxylate,83.2
179,indoline,89.6
179,carbazole,76.1
180,melatonin,85.4
180,caffeine,88.4
180,phenylquinoline,67.8
180,tryptophol,90.4
180,thiophene_ethanol,88.0
180,ethyl_benzofuran_carboxylate,90.3
180,indoline,86.3
180,carbazole,71.4
181,melatonin,85.0
181,caffeine,88.2
181,phenylquinoline,64.3
181,tryptophol,92.3
181,thiophene_ethanol,86.9
181,ethyl_benzofuran_carboxylate,86.9
181,indoline,84.6
181,carbazole,67.1
182,melatonin,88.8
182,caffeine,87.0
182,phenylquinoline,71.5
182,tryptophol,91.2
182,thiophene_ethanol,91.7
182,ethyl_benzofuran_carboxylate,89.8
182,indoline,85.3
182,carbazole,73.3
183,melatonin,87.7
183,caffeine,91.0
183,phenylquinoline,73.2
183,tryptophol,84.7
183,thiophene_ethanol,90.1
183,ethyl_benzofuran_carboxylate,84.7
183,indoline,90.3
183,carbazole,68.9
184,melatonin,88.0
184,caffeine,85.7
184,phenylquinoline,69.7
184,tryptophol,87.5
184,thiophene_ethanol,93.7
184,ethyl_benzofuran_carboxylate,93.3
184,indoline,86.4
184,carbazole,76.4
185,melatonin,88.1
185,caffeine,84.7
185,phenylquinoline,78.5
185,tryptophol,84.6
185,thiophene_ethanol,85.2
185,ethyl_benzofuran_carboxylate,85.8
185,indoline,90.3
185,carbazole,73.2
186,melatonin,93.9
186,caffeine,89.4
186,phenylquinoline,76.6
186,tryptophol,88.2
186,thiophene_ethanol,91.4
186,ethyl_benzofuran_carboxylate,92.2
186,indoline,86.2
186,carbazole,68.7
187,melatonin,92.1
187,caffeine,81.4
187,phenylquinoline,72.8
187,tryptophol,86.8
187,thiophene_ethanol,90.8
187,ethyl_benzofuran_carboxylate,89.8
187,indoline,85.8
187,carbazole,71.5
188,melatonin,92.4
188,caffeine,88.2
188,phenylquinoline,64.9
188,tryptophol,89.6
188,thiophene_ethanol,86.3
188,ethyl_benzofuran_carboxylate,91.0
188,indoline,85.5
188,carbazole,66.7
189,melatonin,82.4
189,caffeine,84.4
189,phenylquinoline,72.0
189,tryptophol,91.6
189,thiophene_ethanol,93.5
189,ethyl_benzofuran_carboxylate,89.3
189,indoline,90.6
189,carbazole,70.7
190,melatonin,90.1
190,caffeine,92.1
190,phenylquinoline,77.2
190,tryptophol,90.9
190,thiophene_ethanol,89.0
190,ethyl_benzofuran_carboxylate,89.0
190,indoline,90.4
190,carbazole,72.0
191,melatonin,83.0
191,caffeine,88.8
191,phenylquinoline,70.5
191,tryptophol,86.6
191,thiophene_ethanol,90.9
191,ethyl_benzofuran_carboxylate,86.3
191,indoline,89.8
191,carbazole,68.1
192,melatonin,86.0
192,caffeine,91.9
192,phenylquinoline,74.8
192,tryptophol,87.6
192,thiophene_ethanol,87.8
192,ethyl_benzofuran_carboxylate,86.0
192,indoline,85.3
192,carbazole,69.9
193,melatonin,93.1
193,caffeine,85.0
193,phenylquinoline,68.8
193,tryptophol,87.4
193,thiophene_ethanol,88.2
193,ethyl_benzofuran_carboxylate,91.5
193,indoline,83.6
193,carbazole,74.5
194,melatonin,92.4
194,caffeine,94.6
194,phenylquinoline,76.7
194,tryptophol,90.6
194,thiophene_ethanol,88.7
194,ethyl_benzofuran_carboxylate,84.4
194,indoline,91.1
194,carbazole,77.0
195,melatonin,90.9
195,caffeine,82.4
195,phenylquinoline,66.5
195,tryptophol,89.8
195,thiophene_ethanol,89.0
195,ethyl_benzofuran_carboxylate,87.8
195,indoline,90.6
195,carbazole,67.0
196,melatonin,90.2
196,caffeine,93.2
196,phenylquinoline,61.6
196,tryptophol,88.6
196,thiophene_ethanol,88.4
196,ethyl_benzofuran_carboxylate,93.0
196,indoline,85.8
196,carbazole,70.9
197,melatonin,89.0
197,caffeine,89.3
197,phenylquinoline,68.4
197,tryptophol,90.9
197,thiophene_ethanol,90.7
197,ethyl_benzofuran_carboxylate,91.1
197,indoline,89.8
197,carbazole,65.4
198,melatonin,89.4
198,caffeine,88.3
198,phenylquinoline,70.5
198,tryptophol,87.5
198,thiophene_ethanol,87.6
198,ethyl_benzofuran_carboxylate,79.5
198,indoline,92.9
198,carbazole,65.7
199,melatonin,91.3
199,caffeine,87.0
199,phenylquinoline,81.2
199,tryptophol,82.5
199,thiophene_ethanol,83.4
199,ethyl_benzofuran_carboxylate,91.3
199,indoline,91.6
199,carbazole,70.8
200,melatonin,83.6
200,caffeine,93.7
200,phenylquinoline,74.8
200,tryptophol,87.3
200,thiophene_ethanol,89.1
200,ethyl_benzofuran_carboxylate,87.9
200,indoline,87.3
200,carbazole,73.9
201,melatonin,89.0
201,caffeine,86.5
201,phenylquinoline,76.9
201,tryptophol,89.3
201,thiophene_ethanol,85.8
201,ethyl_benzofuran_carboxylate,89.3
201,indoline,85.9
201,carbazole,70.2
202,melatonin,85.8
202,caffeine,85.4
202,phenylquinoline,68.3
202,tryptophol,88.7
202,thiophene_ethanol,86.3
202,ethyl_benzofuran_carboxylate,90.0
202,indoline,88.1
202,carbazole,72.9
203,melatonin,86.9
203,caffeine,89.2
203,phenylquinoline,80.5
203,tryptophol,85.5
203,thiophene_ethanol,90.4
203,ethyl_benzofuran_carboxylate,88.6
203,indoline,90.4
203,carbazole,69.1
204,melatonin,87.5
204,caffeine,89.9
204,phenylquinoline,73.0
204,tryptophol,89.1
204,thiophene_ethanol,92.4
204,ethyl_benzofuran_carboxylate,83.3
204,indoline,87.8
204,carbazole,65.1
205,melatonin,88.2
205,caffeine,89.6
205,phenylquinoline,71.5
205,tryptophol,90.1
205,thiophene_ethanol,90.4
205,ethyl_benzofuran_carboxylate,83.9
205,indoline,86.9
205,carbazole,75.0
206,melatonin,86.3
206,caffeine,79.9
206,phenylquinoline,72.4
206,tryptophol,86.3
206,thiophene_ethanol,88.8
206,ethyl_benzofuran_carboxylate,90.6
206,indoline,89.5
206,carbazole,68.1
207,melatonin,81.1
207,caffeine,88.2
207,phenylquinoline,63.7
207,tryptophol,85.6
207,thiophene_ethanol,89.9
207,ethyl_benzofuran_carboxylate,94.5
207,indoline,86.7
207,carbazole,72.2
208,melatonin,88.3
208,caffeine,87.6
208,phenylquinoline,71.9
208,tryptophol,88.2
208,thiophene_ethanol,86.9
208,ethyl_benzofuran_carboxylate,87.0
208,indoline,89.4
208,carbazole,66.4
209,melatonin,86.7
209,caffeine,90.8
209,phenylquinoline,73.8
209,tryptophol,91.4
209,thiophene_ethanol,92.0
209,ethyl_benzofuran_carboxylate,85.1
209,indoline,86.4
209,carbazole,70.9
210,melatonin,87.1
210,caffeine,86.2
210,phenylquinoline,72.1
210,tryptophol,92.5
210,thiophene_ethanol,92.4
210,ethyl_benzofuran_carboxylate,86.2
210,indoline,91.1
210,carbazole,72.7
211,melatonin,90.1
211,caffeine,91.1
211,phenylquinoline,71.6
211,tryptophol,93.4
211,thiophene_ethanol,86.5
211,ethyl_benzofuran_carboxylate,90.8
211,indoline,90.2
211,carbazole,69.3
212,melatonin,88.7
212,caffeine,87.6
212,phenylquinoline,67.5
212,tryptophol,84.8
212,thiophene_ethanol,86.9
212,ethyl_benzofuran_carboxylate,85.1
212,indoline,85.4
212,carbazole,69.3
213,melatonin,88.4
213,caffeine,89.8
213,phenylquinoline,75.2
213,tryptophol,90.8
213,thiophene_ethanol,85.1
213,ethyl_benzofuran_carboxylate,87.0
213,indoline,86.2
213,carbazole,70.9
214,melatonin,87.6
214,caffeine,86.7
214,phenylquinoline,71.2
214,tryptophol,90.4
214,thiophene_ethanol,86.6
214,ethyl_benzofuran_carboxylate,87.1
214,indoline,87.2
214,carbazole,71.8
215,melatonin,87.9
215,caffeine,84.4
215,phenylquinoline,69.9
215,tryptophol,86.3
215,thiophene_ethanol,87.8
215,ethyl_benzofuran_carboxylate,87.9
215,indoline,88.6
215,carbazole,75.0
216,melatonin,84.9
216,caffeine,90.0
216,phenylquinoline,78.1
216,tryptophol,86.4
216,thiophene_ethanol,87.3
216,ethyl_benzofuran_carboxylate,84.8
216,indoline,91.2
216,carbazole,71.4
217,melatonin,88.4
217,caffeine,87.4
217,phenylquinoline,74.8
217,tryptophol,83.5
217,thiophene_ethanol,94.5
217,ethyl_benzofuran_carboxylate,89.5
217,indoline,95.3
217,carbazole,69.7
218,melatonin,85.3
218,caffeine,86.7
218,phenylquinoline,76.5
218,tryptophol,89.7
218,thiophene_ethanol,87.0
218,ethyl_benzofuran_carboxylate,89.9
218,indoline,82.8
218,carbazole,77.9
219,melatonin,86.3
219,caffeine,85.6
219,phenylquinoline,73.0
219,tryptophol,89.6
219,thiophene_ethanol,91.2
219,ethyl_benzofuran_carboxylate,87.3
219,indoline,92.5
219,carbazole,73.0
220,melatonin,84.0
220,caffeine,83.6
220,phenylquinoline,67.0
220,tryptophol,90.0
220,thiophene_ethanol,91.7
220,ethyl_benzofuran_carboxylate,84.6
220,indoline,89.2
220,carbazole,71.2
221,melatonin,89.6
221,caffeine,88.2
221,phenylquinoline,71.3
221,tryptophol,86.1
221,thiophene_ethanol,91.8
221,ethyl_benzofuran_carboxylate,90.5
221,indoline,85.7
221,carbazole,72.8
222,melatonin,93.9
222,caffeine,88.8
222,phenylquinoline,73.8
222,tryptophol,91.0
222,thiophene_ethanol,85.7
222,ethyl_benzofuran_carboxylate,90.2
222,indoline,85.3
222,carbazole,76.0
223,melatonin,89.6
223,caffeine,89.8
223,phenylquinoline,73.4
223,tryptophol,89.9
223,thiophene_ethanol,89.1
223,ethyl_benzofuran_carboxylate,88.6
223,indoline,84.2
223,carbazole,70.0
224,melatonin,79.8
224,caffeine,85.6
224,phenylquinoline,71.8
224,tryptophol,87.6
224,thiophene_ethanol,84.7
224,ethyl_benzofuran_carboxylate,91.0
224,indoline,85.0
224,carbazole,76.3
225,melatonin,88.9
225,caffeine,82.5
225,phenylquinoline,69.6
225,tryptophol,84.1
225,thiophene_ethanol,90.7
225,ethyl_benzofuran_carboxylate,88.6
225,indoline,83.8
225,carbazole,79.5
226,melatonin,87.1
226,caffeine,90.3
226,phenylquinoline,76.6
226,tryptophol,91.0
226,thiophene_ethanol,89.3
226,ethyl_benzofuran_carboxylate,87.5
226,indoline,80.8
226,carbazole,69.5
227,melatonin,88.7
227,caffeine,84.9
227,phenylquinoline,69.2
227,tryptophol,94.2
227,thiophene_ethanol,92.2
227,ethyl_benzofuran_carboxylate,90.6
227,indoline,89.7
227,carbazole,70.3
228,melatonin,91.8
228,caffeine,81.0
228,phenylquinoline,67.7
228,tryptophol,91.9
228,thiophene_ethanol,94.1
228,ethyl_benzofuran_carboxylate,83.8
228,indoline,85.7
228,carbazole,73.2
229,melatonin,88.8
229,caffeine,86.7
229,phenylquinoline,67.5
229,tryptophol,90.4
229,thiophene_ethanol,87.5
229,ethyl_benzofuran_carboxylate,92.5
229,indoline,92.4
229,carbazole,67.5
230,melatonin,90.6
230,caffeine,88.9
230,phenylquinoline,68.6
230,tryptophol,84.7
230,thiophene_ethanol,88.7
230,ethyl_benzofuran_carboxylate,88.3
230,indoline,94.9
230,carbazole,72.1
231,melatonin,89.3
231,caffeine,92.2
231,phenylquinoline,64.9
231,tryptophol,85.9
231,thiophene_ethanol,87.8
231,ethyl_benzofuran_carboxylate,85.7
231,indoline,87.6
231,carbazole,79.4
232,melatonin,84.5
232,caffeine,84.1
232,phenylquinoline,73.6
232,tryptophol,85.2
232,thiophene_ethanol,84.6
232,ethyl_benzofuran_carboxylate,85.1
232,indoline,88.6
232,carbazole,76.6
233,melatonin,90.6
233,caffeine,88.6
233,phenylquinoline,68.2
233,tryptophol,86.8
233,thiophene_ethanol,87.4
233,ethyl_benzofuran_carboxylate,85.0
233,indoline,84.4
233,carbazole,65.8
234,melatonin,90.5
234,caffeine,84.9
234,phenylquinoline,73.4
234,tryptophol,90.8
234,thiophene_ethanol,87.7
234,ethyl_benzofuran_carboxylate,78.6
234,indoline,85.1
234,carbazole,75.7
235,melatonin,88.1
235,caffeine,90.3
235,phenylquinoline,77.7
235,tryptophol,83.7
235,thiophene_ethanol,87.5
235,ethyl_benzofuran_carboxylate,86.8
235,indoline,82.2
235,carbazole,71.9
236,melatonin,90.9
236,caffeine,86.8
236,phenylquinoline,75.9
236,tryptophol,90.4
236,thiophene_ethanol,90.0
236,ethyl_benzofuran_carboxylate,88.7
236,indoline,90.8
236,carbazole,69.8
237,melatonin,90.5
237,caffeine,95.5
237,phenylquinoline,79.6
237,tryptophol,84.4
237,thiophene_ethanol,86.2
237,ethyl_benzofuran_carboxylate,85.5
237,indoline,89.2
237,carbazole,77.5
238,melatonin,87.7
238,caffeine,87.4
238,phenylquinoline,72.9
238,tryptophol,88.3
238,thiophene_ethanol,90.4
238,ethyl_benzofuran_carboxylate,89.7
238,indoline,88.7
238,carbazole,70.8
239,melatonin,85.7
239,caffeine,86.8
239,phenylquinoline,76.8
239,tryptophol,86.0
239,thiophene_ethanol,90.1
239,ethyl_benzofuran_carboxylate,95.5
239,indoline,85.4
239,carbazole,84.7
240,melatonin,86.3
240,caffeine,82.8
240,phenylquinoline,69.2
240,tryptophol,90.3
240,thiophene_ethanol,91.3
240,ethyl_benzofuran_carboxylate,86.1
240,indoline,87.4
240,carbazole,76.5
241,melatonin,91.8
241,caffeine,93.6
241,phenylquinoline,74.9
241,tryptophol,89.5
241,thiophene_ethanol,85.4
241,ethyl_benzofuran_carboxylate,85.5
241,indoline,91.4
241,carbazole,75.1
242,melatonin,86.9
242,caffeine,88.4
242,phenylquinoline,76.0
242,tryptophol,93.5
242,thiophene_ethanol,85.8
242,ethyl_benzofuran_carboxylate,87.1
242,indoline,91.2
242,carbazole,73.6
243,melatonin,89.9
243,caffeine,86.0
243,phenylquinoline,65.5
243,tryptophol,91.4
243,thiophene_ethanol,84.4
243,ethyl_benzofuran_carboxylate,81.6
243,indoline,85.3
243,carbazole,76.6
244,melatonin,86.3
244,caffeine,87.1
244,phenylquinoline,69.6
244,tryptophol,83.7
244,thiophene_ethanol,88.5
244,ethyl_benzofuran_carboxylate,94.6
244,indoline,87.3
244,carbazole,72.5
245,melatonin,87.3
245,caffeine,90.5
245,phenylquinoline,68.1
245,tryptophol,87.7
245,thiophene_ethanol,91.7
245,ethyl_benzofuran_carboxylate,85.5
245,indoline,90.1
245,carbazole,72.6
246,melatonin,90.6
246,caffeine,87.9
246,phenylquinoline,75.2
246,tryptophol,93.1
246,thiophene_ethanol,84.5
246,ethyl_benzofuran_carboxylate,95.2
246,indoline,87.5
246,carbazole,70.3
247,melatonin,90.2
247,caffeine,87.3
247,phenylquinoline,66.4
247,tryptophol,92.5
247,thiophene_ethanol,88.5
247,ethyl_benzofuran_carboxylate,91.4
247,indoline,86.1
247,carbazole,76.9
248,melatonin,87.5
248,caffeine,93.8
248,phenylquinoline,72.3
248,tryptophol,86.7
248,thiophene_ethanol,88.1
248,ethyl_benzofuran_carboxylate,83.8
248,indoline,94.2
248,carbazole,66.8
249,melatonin,92.3
249,caffeine,88.2
249,phenylquinoline,72.8
249,tryptophol,89.8
249,thiophene_ethanol,86.3
249,ethyl_benzofuran_carboxylate,93.3
249,indoline,87.4
249,carbazole,74.9
250,melatonin,85.9
250,caffeine,85.4
250,phenylquinoline,77.1
250,tryptophol,83.4
250,thiophene_ethanol,92.1
250,ethyl_benzofuran_carboxylate,90.7
250,indoline,82.6
250,carbazole,75.5
251,melatonin,85.6
251,caffeine,88.8
251,phenylquinoline,70.6
251,tryptophol,87.4
251,thiophene_ethanol,90.4
251,ethyl_benzofuran_carboxylate,87.1
251,indoline,81.4
251,carbazole,74.3
252,melatonin,88.0
252,caffeine,87.7
252,phenylquinoline,72.3
252,tryptophol,83.1
252,thiophene_ethanol,85.7
252,ethyl_benzofuran_carboxylate,91.7
252,indoline,89.7
252,carbazole,70.8
253,melatonin,90.6
253,caffeine,84.6
253,phenylquinoline,77.1
253,tryptophol,97.9
253,thiophene_ethanol,88.4
253,ethyl_benzofuran_carboxylate,86.5
253,indoline,87.0
253,carbazole,69.6
254,melatonin,94.7
254,caffeine,88.6
254,phenylquinoline,71.7
254,tryptophol,84.3
254,thiophene_ethanol,93.3
254,ethyl_benzofuran_carboxylate,85.6
254,indoline,85.7
254,carbazole,74.6
255,melatonin,83.5
255,caffeine,87.4
255,phenylquinoline,69.1
255,tryptophol,90.5
255,thiophene_ethanol,84.5
255,ethyl_benzofuran_carboxylate,86.8
255,indoline,84.0
255,carbazole,72.2
256,melatonin,88.3
256,caffeine,86.3
256,phenylquinoline,71.7
256,tryptophol,86.9
256,thiophene_ethanol,86.4
256,ethyl_benzofuran_carboxylate,87.6
256,indoline,86.6
256,carbazole,76.8
257,melatonin,92.1
257,caffeine,90.2
257,phenylquinoline,69.7
257,tryptophol,89.2
257,thiophene_ethanol,84.6
257,ethyl_benzofuran_carboxylate,85.6
257,indoline,78.6
257,carbazole,80.0
258,melatonin,88.7
258,caffeine,86.1
258,phenylquinoline,78.6
258,tryptophol,85.9
258,thiophene_ethanol,87.5
258,ethyl_benzofuran_carboxylate,90.7
258,indoline,95.1
258,carbazole,70.3
259,melatonin,86.1
259,caffeine,88.9
259,phenylquinoline,74.4
259,tryptophol,86.9
259,thiophene_ethanol,90.2
259,ethyl_benzofuran_carboxylate,89.3
259,indoline,89.2
259,carbazole,76.9
260,melatonin,87.6
260,caffeine,87.4
260,phenylquinoline,75.3
260,tryptophol,85.8
260,thiophene_ethanol,84.8
260,ethyl_benzofuran_carboxylate,89.3
260,indoline,91.4
260,carbazole,70.8
261,melatonin,87.8
261,caffeine,92.3
261,phenylquinoline,73.5
261,tryptophol,91.5
261,thiophene_ethanol,88.5
261,ethyl_benzofuran_carboxylate,86.9
261,indoline,93.2
261,carbazole,66.4
262,melatonin,92.5
262,caffeine,85.8
262,phenylquinoline,78.1
262,tryptophol,89.0
262,thiophene_ethanol,86.5
262,ethyl_benzofuran_carboxylate,89.3
262,indoline,82.6
262,carbazole,64.6
263,melatonin,92.6
263,caffeine,89.3
263,phenylquinoline,75.4
263,tryptophol,96.0
263,thiophene_ethanol,91.3
263,ethyl_benzofuran_carboxylate,88.4
263,indoline,88.9
263,carbazole,73.4
264,melatonin,85.8
264,caffeine,91.1
264,phenylquinoline,69.8
264,tryptophol,88.3
264,thiophene_ethanol,85.5
264,ethyl_benzofuran_carboxylate,88.7
264,indoline,86.8
264,carbazole,83.7
265,melatonin,93.8
265,caffeine,88.7
265,phenylquinoline,73.3
265,tryptophol,92.3
265,thiophene_ethanol,89.2
265,ethyl_benzofuran_carboxylate,85.3
265,indoline,85.8
265,carbazole,71.8
266,melatonin,86.7
266,caffeine,83.4
266,phenylquinoline,74.0
266,tryptophol,88.9
266,thiophene_ethanol,91.1
266,ethyl_benzofuran_carboxylate,88.0
266,indoline,86.4
266,carbazole,71.7
267,melatonin,89.2
267,caffeine,84.5
267,phenylquinoline,74.3
267,tryptophol,88.6
267,thiophene_ethanol,90.2
267,ethyl_benzofuran_carboxylate,87.2
267,indoline,91.1
267,carbazole,72.6
268,melatonin,89.4
268,caffeine,85.5
268,phenylquinoline,77.7
268,tryptophol,91.7
268,thiophene_ethanol,85.3
268,ethyl_benzofuran_carboxylate,90.9
268,indoline,91.1
268,carbazole,63.9
269,melatonin,86.2
269,caffeine,86.8
269,phenylquinoline,77.4
269,tryptophol,87.8
269,thiophene_ethanol,87.4
269,ethyl_benzofuran_carboxylate,86.4
269,indoline,88.7
269,carbazole,72.9
270,melatonin,90.9
270,caffeine,89.8
270,phenylquinoline,71.5
270,tryptophol,87.6
270,thiophene_ethanol,86.0
270,ethyl_benzofuran_carboxylate,85.0
270,indoline,84.0
270,carbazole,69.3
271,melatonin,83.8
271,caffeine,91.6
271,phenylquinoline,72.9
271,tryptophol,85.9
271,thiophene_ethanol,93.8
271,ethyl_benzofuran_carboxylate,86.3
271,indoline,89.1
271,carbazole,64.8
272,melatonin,89.5
272,caffeine,87.0
272,phenylquinoline,71.3
272,tryptophol,89.1
272,thiophene_ethanol,84.1
272,ethyl_benzofuran_carboxylate,87.6
272,indoline,85.8
272,carbazole,68.3
273,melatonin,90.5
273,caffeine,88.1
273,phenylquinoline,75.0
273,tryptophol,91.1
273,thiophene_ethanol,87.8
273,ethyl_benzofuran_carboxylate,89.8
273,indoline,88.0
273,carbazole,70.0
274,melatonin,90.2
274,caffeine,83.3
274,phenylquinoline,70.2
274,tryptophol,88.1
274,thiophene_ethanol,87.8
274,ethyl_benzofuran_carboxylate,85.7
274,indoline,83.0
274,carbazole,69.3
275,melatonin,92.7
275,caffeine,86.9
275,phenylquinoline,71.1
275,tryptophol,87.0
275,thiophene_ethanol,92.9
275,ethyl_benzofuran_carboxylate,85.2
275,indoline,86.4
275,carbazole,75.8
276,melatonin,88.0
276,caffeine,89.9
276,phenylquinoline,72.4
276,tryptophol,85.0
276,thiophene_ethanol,91.4
276,ethyl_benzofuran_carboxylate,90.2
276,indoline,87.3
276,carbazole,75.1
277,melatonin,81.9
277,caffeine,87.4
277,phenylquinoline,72.6
277,tryptophol,86.6
277,thiophene_ethanol,89.9
277,ethyl_benzofuran_carboxylate,85.2
277,indoline,89.8
277,carbazole,76.2
278,melatonin,93.1
278,caffeine,88.4
278,phenylquinoline,66.2
278,tryptophol,90.0
278,thiophene_ethanol,88.7
278,ethyl_benzofuran_carboxylate,91.9
278,indoline,85.5
278,carbazole,67.1
279,melatonin,87.4
279,caffeine,95.9
279,phenylquinoline,74.1
279,tryptophol,90.2
279,thiophene_ethanol,88.5
279,ethyl_benzofuran_carboxylate,89.2
279,indoline,89.1
279,carbazole,66.9
280,melatonin,86.9
280,caffeine,86.4
280,phenylquinoline,64.3
280,tryptophol,87.8
280,thiophene_ethanol,86.9
280,ethyl_benzofuran_carboxylate,83.3
280,indoline,84.8
280,carbazole,72.0
281,melatonin,85.4
281,caffeine,87.7
281,phenylquinoline,70.5
281,tryptophol,85.9
281,thiophene_ethanol,90.9
281,ethyl_benzofuran_carboxylate,93.5
281,indoline,84.1
281,carbazole,68.1
282,melatonin,84.0
282,caffeine,83.2
282,phenylquinoline,70.5
282,tryptophol,85.9
282,thiophene_ethanol,84.3
282,ethyl_benzofuran_carboxylate,88.6
282,indoline,89.8
282,carbazole,67.3
283,melatonin,83.0
283,caffeine,90.8
283,phenylquinoline,67.7
283,tryptophol,89.4
283,thiophene_ethanol,89.5
283,ethyl_benzofuran_carboxylate,85.1
283,indoline,89.5
283,carbazole,77.7
284,melatonin,88.7
284,caffeine,84.9
284,phenylquinoline,72.4
284,tryptophol,87.6
284,thiophene_ethanol,88.2
284,ethyl_benzofuran_carboxylate,85.9
284,indoline,86.1
284,carbazole,69.2
285,melatonin,91.5
285,caffeine,94.1
285,phenylquinoline,67.0
285,tryptophol,89.0
285,thiophene_ethanol,85.2
285,ethyl_benzofuran_carboxylate,91.4
285,indoline,82.9
285,carbazole,72.0
286,melatonin,86.8
286,caffeine,86.3
286,phenylquinoline,65.2
286,tryptophol,85.8
286,thiophene_ethanol,87.2
286,ethyl_benzofuran_carboxylate,91.1
286,indoline,91.9
286,carbazole,65.3
287,melatonin,89.3
287,caffeine,85.7
287,phenylquinoline,73.3
287,tryptophol,89.3
287,thiophene_ethanol,89.3
287,ethyl_benzofuran_carboxylate,89.5
287,indoline,87.6
287,carbazole,68.2
288,melatonin,93.3
288,caffeine,89.3
288,phenylquinoline,73.9
288,tryptophol,90.8
288,thiophene_ethanol,89.3
288,ethyl_benzofuran_carboxylate,84.0
288,indoline,86.9
288,carbazole,78.0
289,melatonin,88.5
289,caffeine,93.3
289,phenylquinoline,74.2
289,tryptophol,85.5
289,thiophene_ethanol,87.7
289,ethyl_benzofuran_carboxylate,91.0
289,indoline,83.0
289,carbazole,64.8
290,melatonin,85.2
290,caffeine,85.3
290,phenylquinoline,69.7
290,tryptophol,87.3
290,thiophene_ethanol,88.2
290,ethyl_benzofuran_carboxylate,89.4
290,indoline,87.6
290,carbazole,68.2
291,melatonin,88.9
291,caffeine,86.0
291,phenylquinoline,68.0
291,tryptophol,93.4
291,thiophene_ethanol,86.0
291,ethyl_benzofuran_carboxylate,92.0
291,indoline,87.9
291,carbazole,72.4
292,melatonin,85.9
292,caffeine,83.9
292,phenylquinoline,69.8
292,tryptophol,95.4
292,thiophene_ethanol,91.4
292,ethyl_benzofuran_carboxylate,86.0
292,indoline,83.9
292,carbazole,79.2
293,melatonin,89.7
293,caffeine,90.8
293,phenylquinoline,67.4
293,tryptophol,92.3
293,thiophene_ethanol,90.7
293,ethyl_benzofuran_carboxylate,89.2
293,indoline,85.5
293,carbazole,69.1
294,melatonin,85.4
294,caffeine,89.2
294,phenylquinoline,69.5
294,tryptophol,88.5
294,thiophene_ethanol,85.7
294,ethyl_benzofuran_carboxylate,93.3
294,indoline,91.0
294,carbazole,70.3
295,melatonin,83.5
295,caffeine,91.3
295,phenylquinoline,71.1
295,tryptophol,93.2
295,thiophene_ethanol,90.5
295,ethyl_benzofuran_carboxylate,92.2
295,indoline,88.8
295,carbazole,73.1
296,melatonin,91.3
296,caffeine,85.1
296,phenylquinoline,71.6
296,tryptophol,88.0
296,thiophene_ethanol,94.5
296,ethyl_benzofuran_carboxylate,92.1
296,indoline,87.7
296,carbazole,79.7
297,melatonin,88.8
297,caffeine,87.9
297,phenylquinoline,70.2
297,tryptophol,88.7
297,thiophene_ethanol,87.0
297,ethyl_benzofuran_carboxylate,89.0
297,indoline,86.1
297,carbazole,67.8
298,melatonin,90.0
298,caffeine,93.4
298,phenylquinoline,68.1
298,tryptophol,90.2
298,thiophene_ethanol,87.1
298,ethyl_benzofuran_carboxylate,86.6
298,indoline,89.9
298,carbazole,70.5
299,melatonin,86.0
299,caffeine,82.9
299,phenylquinoline,74.2
299,tryptophol,88.1
299,thiophene_ethanol,84.1
299,ethyl_benzofuran_carboxylate,94.3
299,indoline,86.7
299,carbazole,73.6
300,melatonin,83.5
300,caffeine,87.2
300,phenylquinoline,66.3
300,tryptophol,85.3
300,thiophene_ethanol,90.3
300,ethyl_benzofuran_carboxylate,85.9
300,indoline,86.8
300,carbazole,77.0
301,melatonin,91.0
301,caffeine,82.9
301,phenylquinoline,73.4
301,tryptophol,94.0
301,thiophene_ethanol,86.8
301,ethyl_benzofuran_carboxylate,93.3
301,indoline,90.5
301,carbazole,75.9
302,melatonin,91.3
302,caffeine,89.4
302,phenylquinoline,77.0
302,tryptophol,85.5
302,thiophene_ethanol,95.3
302,ethyl_benzofuran_carboxylate,82.7
302,indoline,84.8
302,carbazole,72.5
303,melatonin,85.5
303,caffeine,90.9
303,phenylquinoline,77.4
303,tryptophol,88.7
303,thiophene_ethanol,84.8
303,ethyl_benzofuran_carboxylate,94.0
303,indoline,86.5
303,carbazole,67.5
304,melatonin,91.6
304,caffeine,87.1
304,phenylquinoline,71.5
304,tryptophol,89.9
304,thiophene_ethanol,84.9
304,ethyl_benzofuran_carboxylate,82.8
304,indoline,90.7
304,carbazole,72.9
305,melatonin,88.6
305,caffeine,87.4
305,phenylquinoline,61.5
305,tryptophol,89.9
305,thiophene_ethanol,95.3
305,ethyl_benzofuran_carboxylate,86.7
305,indoline,87.9
305,carbazole,73.4
306,melatonin,87.6
306,caffeine,81.9
306,phenylquinoline,72.9
306,tryptophol,88.9
306,thiophene_ethanol,88.1
306,ethyl_benzofuran_carboxylate,88.1
306,indoline,87.5
306,carbazole,73.4
307,melatonin,85.6
307,caffeine,82.7
307,phenylquinoline,75.8
307,tryptophol,87.3
307,thiophene_ethanol,79.8
307,ethyl_benzofuran_carboxylate,86.7
307,indoline,88.8
307,carbazole,74.8
308,melatonin,90.0
308,caffeine,91.1
308,phenylquinoline,72.2
308,tryptophol,87.0
308,thiophene_ethanol,83.4
308,ethyl_benzofuran_carboxylate,88.9
308,indoline,88.2
308,carbazole,80.8
309,melatonin,89.8
309,caffeine,89.7
309,phenylquinoline,71.8
309,tryptophol,92.2
309,thiophene_ethanol,91.1
309,ethyl_benzofuran_carboxylate,84.2
309,indoline,85.6
309,carbazole,69.7
310,melatonin,89.6
310,caffeine,91.0
310,phenylquinoline,72.3
310,tryptophol,88.9
310,thiophene_ethanol,85.9
310,ethyl_benzofuran_carboxylate,91.1
310,indoline,88.5
310,carbazole,70.1
311,melatonin,81.4
311,caffeine,83.0
311,phenylquinoline,71.0
311,tryptophol,93.1
311,thiophene_ethanol,89.3
311,ethyl_benzofuran_carboxylate,84.4
311,indoline,86.2
311,carbazole,65.1
312,melatonin,86.8
312,caffeine,83.8
312,phenylquinoline,67.2
312,tryptophol,87.1
312,thiophene_ethanol,89.0
312,ethyl_benzofuran_carboxylate,90.9
312,indoline,93.5
312,carbazole,69.5
313,melatonin,88.6
313,caffeine,84.3
313,phenylquinoline,73.3
313,tryptophol,91.0
313,thiophene_ethanol,88.3
313,ethyl_benzofuran_carboxylate,89.9
313,indoline,87.6
313,carbazole,72.7
314,melatonin,88.5
314,caffeine,90.3
314,phenylquinoline,75.4
314,tryptophol,85.9
314,thiophene_ethanol,85.2
314,ethyl_benzofuran_carboxylate,90.7
314,indoline,87.3
314,carbazole,73.5
315,melatonin,83.6
315,caffeine,90.3
315,phenylquinoline,70.5
315,tryptophol,85.7
315,thiophene_ethanol,93.1
315,ethyl_benzofuran_carboxylate,83.3
315,indoline,88.7
315,carbazole,69.3
316,melatonin,89.6
316,caffeine,90.1
316,phenylquinoline,70.0
316,tryptophol,88.7
316,thiophene_ethanol,89.8
316,ethyl_benzofuran_carboxylate,85.4
316,indoline,84.0
316,carbazole,71.4
317,melatonin,91.3
317,caffeine,85.2
317,phenylquinoline,72.3
317,tryptophol,89.5
317,thiophene_ethanol,89.8
317,ethyl_benzofuran_carboxylate,85.3
317,indoline,93.6
317,carbazole,74.5
318,melatonin,82.7
318,caffeine,90.9
318,phenylquinoline,69.1
318,tryptophol,86.7
318,thiophene_ethanol,83.9
318,ethyl_benzofuran_carboxylate,86.6
318,indoline,79.7
318,carbazole,67.1
319,melatonin,88.5
319,caffeine,88.0
319,phenylquinoline,80.2
319,tryptophol,86.4
319,thiophene_ethanol,87.8
319,ethyl_benzofuran_carboxylate,91.9
319,indoline,89.2
319,carbazole,68.6
320,melatonin,85.0
320,caffeine,90.6
320,phenylquinoline,75.5
320,tryptophol,92.4
320,thiophene_ethanol,86.3
320,ethyl_benzofuran_carboxylate,88.4
320,indoline,80.2
320,carbazole,72.7
321,melatonin,88.5
321,caffeine,92.9
321,phenylquinoline,72.1
321,tryptophol,85.3
321,thiophene_ethanol,84.6
321,ethyl_benzofuran_carboxylate,86.1
321,indoline,84.0
321,carbazole,68.7
322,melatonin,84.8
322,caffeine,87.2
322,phenylquinoline,68.9
322,tryptophol,86.4
322,thiophene_ethanol,88.1
322,ethyl_benzofuran_carboxylate,87.1
322,indoline,87.5
322,carbazole,71.5
323,melatonin,88.2
323,caffeine,89.1
323,phenylquinoline,71.4
323,tryptophol,88.6
323,thiophene_ethanol,87.3
323,ethyl_benzofuran_carboxylate,85.8
323,indoline,90.0
323,carbazole,69.7
324,melatonin,88.1
324,caffeine,85.9
324,phenylquinoline,71.3
324,tryptophol,86.6
324,thiophene_ethanol,90.1
324,ethyl_benzofuran_carboxylate,88.1
324,indoline,89.7
324,carbazole,66.2
325,melatonin,93.5
325,caffeine,86.0
325,phenylquinoline,76.3
325,tryptophol,90.3
325,thiophene_ethanol,89.8
325,ethyl_benzofuran_carboxylate,89.8
325,indoline,87.8
325,carbazole,78.2
326,melatonin,91.5
326,caffeine,88.2
326,phenylquinoline,69.8
326,tryptophol,88.0
326,thiophene_ethanol,88.6
326,ethyl_benzofuran_carboxylate,90.1
326,indoline,86.8
326,carbazole,65.8
327,melatonin,93.1
327,caffeine,86.8
327,phenylquinoline,70.8
327,tryptophol,82.6
327,thiophene_ethanol,90.9
327,ethyl_benzofuran_carboxylate,91.5
327,indoline,87.8
327,carbazole,70.8
328,melatonin,85.6
328,caffeine,85.5
328,phenylquinoline,74.8
328,tryptophol,89.6
328,thiophene_ethanol,85.8
328,ethyl_benzofuran_carboxylate,88.3
328,indoline,87.6
328,carbazole,77.0
329,melatonin,82.3
329,caffeine,91.9
329,phenylquinoline,71.1
329,tryptophol,92.9
329,thiophene_ethanol,82.1
329,ethyl_benzofuran_carboxylate,87.6
329,indoline,84.8
329,carbazole,68.8
330,melatonin,83.9
330,caffeine,87.9
330,phenylquinoline,77.8
330,tryptophol,91.6
330,thiophene_ethanol,86.4
330,ethyl_benzofuran_carboxylate,87.1
330,indoline,91.8
330,carbazole,73.7
331,melatonin,85.2
331,caffeine,89.8
331,phenylquinoline,73.0
331,tryptophol,90.7
331,thiophene_ethanol,93.2
331,ethyl_benzofuran_carboxylate,89.4
331,indoline,86.0
331,carbazole,70.6
332,melatonin,88.3
332,caffeine,88.5
332,phenylquinoline,73.4
332,tryptophol,87.5
332,thiophene_ethanol,89.8
332,ethyl_benzofuran_carboxylate,86.2
332,indoline,87.4
332,carbazole,72.7
333,melatonin,93.2
333,caffeine,89.0
333,phenylquinoline,70.1
333,tryptophol,87.6
333,thiophene_ethanol,89.6
333,ethyl_benzofuran_carboxylate,86.9
333,indoline,85.8
333,carbazole,69.4
334,melatonin,87.9
334,caffeine,87.9
334,phenylquinoline,75.4
334,tryptophol,86.3
334,thiophene_ethanol,87.5
334,ethyl_benzofuran_carboxylate,88.4
334,indoline,89.0
334,carbazole,76.5
335,melatonin,89.4
335,caffeine,91.1
335,phenylquinoline,78.9
335,tryptophol,87.0
335,thiophene_ethanol,87.2
335,ethyl_benzofuran_carboxylate,92.3
335,indoline,90.4
335,carbazole,75.3
336,melatonin,90.8
336,caffeine,87.6
336,phenylquinoline,65.7
336,tryptophol,87.7
336,thiophene_ethanol,87.6
336,ethyl_benzofuran_carboxylate,89.1
336,indoline,91.0
336,carbazole,73.8
337,melatonin,86.7
337,caffeine,89.2
337,phenylquinoline,69.6
337,tryptophol,88.3
337,thiophene_ethanol,83.4
337,ethyl_benzofuran_carboxylate,88.8
337,indoline,84.7
337,carbazole,65.6
338,melatonin,88.5
338,caffeine,85.0
338,phenylquinoline,60.5
338,tryptophol,91.1
338,thiophene_ethanol,85.5
338,ethyl_benzofuran_carboxylate,89.2
338,indoline,87.9
338,carbazole,68.3
339,melatonin,84.8
339,caffeine,89.4
339,phenylquinoline,72.7
339,tryptophol,82.7
339,thiophene_ethanol,89.0
339,ethyl_benzofuran_carboxylate,86.6
339,indoline,85.9
339,carbazole,73.6
340,melatonin,81.9
340,caffeine,89.7
340,phenylquinoline,65.1
340,tryptophol,87.9
340,thiophene_ethanol,85.6
340,ethyl_benzofuran_carboxylate,87.0
340,indoline,82.9
340,carbazole,59.0
341,melatonin,88.9
341,caffeine,87.5
341,phenylquinoline,72.6
341,tryptophol,88.3
341,thiophene_ethanol,89.5
341,ethyl_benzofuran_carboxylate,89.5
341,indoline,88.6
341,carbazole,71.2
342,melatonin,88.3
342,caffeine,86.4
342,phenylquinoline,71.2
342,tryptophol,89.4
342,thiophene_ethanol,82.1
342,ethyl_benzofuran_carboxylate,84.8
342,indoline,83.3
342,carbazole,77.4
343,melatonin,88.6
343,caffeine,86.1
343,phenylquinoline,68.3
343,tryptophol,93.5
343,thiophene_ethanol,88.5
343,ethyl_benzofuran_carboxylate,87.7
343,indoline,87.4
343,carbazole,71.1
344,melatonin,91.2
344,caffeine,85.8
344,phenylquinoline,69.3
344,tryptophol,84.6
344,thiophene_ethanol,87.2
344,ethyl_benzofuran_carboxylate,96.2
344,indoline,87.1
344,carbazole,70.3
345,melatonin,92.4
345,caffeine,84.5
345,phenylquinoline,82.1
345,tryptophol,87.8
345,thiophene_ethanol,87.9
345,ethyl_benzofuran_carboxylate,83.1
345,indoline,86.8
345,carbazole,79.1
346,melatonin,87.9
346,caffeine,88.0
346,phenylquinoline,71.1
346,tryptophol,84.0
346,thiophene_ethanol,88.4
346,ethyl_benzofuran_carboxylate,89.1
346,indoline,88.0
346,carbazole,71.8
347,melatonin,85.3
347,caffeine,85.0
347,phenylquinoline,73.3
347,tryptophol,89.5
347,thiophene_ethanol,91.4
347,ethyl_benzofuran_carboxylate,90.1
347,indoline,85.8
347,carbazole,72.4
348,melatonin,85.8
348,caffeine,83.6
348,phenylquinoline,78.2
348,tryptophol,87.1
348,thiophene_ethanol,92.1
348,ethyl_benzofuran_carboxylate,89.0
348,indoline,91.9
348,carbazole,72.1
349,melatonin,83.2
349,caffeine,87.6
349,phenylquinoline,71.0
349,tryptophol,89.6
349,thiophene_ethanol,84.1
349,ethyl_benzofuran_carboxylate,90.7
349,indoline,84.7
349,carbazole,73.6
350,melatonin,93.1
350,caffeine,86.4
350,phenylquinoline,70.8
350,tryptophol,89.7
350,thiophene_ethanol,86.9
350,ethyl_benzofuran_carboxylate,88.3
350,indoline,94.2
350,carbazole,70.4
351,melatonin,84.8
351,caffeine,86.8
351,phenylquinoline,81.6
351,tryptophol,85.8
351,thiophene_ethanol,86.7
351,ethyl_benzofuran_carboxylate,89.2
351,indoline,88.7
351,carbazole,64.4
352,melatonin,88.5
352,caffeine,91.1
352,phenylquinoline,70.7
352,tryptophol,87.3
352,thiophene_ethanol,87.3
352,ethyl_benzofuran_carboxylate,88.9
352,indoline,89.0
352,carbazole,68.6
353,melatonin,83.1
353,caffeine,86.7
353,phenylquinoline,74.2
353,tryptophol,90.9
353,thiophene_ethanol,85.4
353,ethyl_benzofuran_carboxylate,91.2
353,indoline,88.6
353,carbazole,70.7
354,melatonin,88.7
354,caffeine,93.2
354,phenylquinoline,75.6
354,tryptophol,89.9
354,thiophene_ethanol,89.1
354,ethyl_benzofuran_carboxylate,92.0
354,indoline,88.0
354,carbazole,74.5
355,melatonin,87.2
355,caffeine,83.4
355,phenylquinoline,74.7
355,tryptophol,89.2
355,thiophene_ethanol,84.4
355,ethyl_benzofuran_carboxylate,89.5
355,indoline,86.8
355,carbazole,66.9
356,melatonin,83.3
356,caffeine,87.8
356,phenylquinoline,72.2
356,tryptophol,93.3
356,thiophene_ethanol,81.5
356,ethyl_benzofuran_carboxylate,87.8
356,indoline,86.9
356,carbazole,71.0
357,melatonin,85.1
357,caffeine,90.8
357,phenylquinoline,74.2
357,tryptophol,90.8
357,thiophene_ethanol,85.9
357,ethyl_benzofuran_carboxylate,94.4
357,indoline,92.7
357,carbazole,76.8
358,melatonin,85.4
358,caffeine,89.8
358,phenylquinoline,79.4
358,tryptophol,87.0
358,thiophene_ethanol,88.8
358,ethyl_benzofuran_carboxylate,91.3
358,indoline,90.5
358,carbazole,65.0
359,melatonin,89.1
359,caffeine,90.1
359,phenylquinoline,69.4
359,tryptophol,82.7
359,thiophene_ethanol,92.3
359,ethyl_benzofuran_carboxylate,87.0
359,indoline,83.3
359,carbazole,75.6
360,melatonin,90.1
360,caffeine,88.0
360,phenylquinoline,67.7
360,tryptophol,82.3
360,thiophene_ethanol,84.5
360,ethyl_benzofuran_carboxylate,89.8
360,indoline,86.3
360,carbazole,72.7
361,melatonin,89.0
361,caffeine,86.0
361,phenylquinoline,71.1
361,tryptophol,91.0
361,thiophene_ethanol,92.2
361,ethyl_benzofuran_carboxylate,93.1
361,indoline,88.5
361,carbazole,61.5
362,melatonin,88.0
362,caffeine,86.9
362,phenylquinoline,71.0
362,tryptophol,88.5
362,thiophene_ethanol,88.8
362,ethyl_benzofuran_carboxylate,86.8
362,indoline,91.7
362,carbazole,72.9
363,melatonin,88.9
363,caffeine,86.2
363,phenylquinoline,78.2
363,tryptophol,89.1
363,thiophene_ethanol,92.5
363,ethyl_benzofuran_carboxylate,87.1
363,indoline,96.4
363,carbazole,68.3
364,melatonin,85.3
364,caffeine,87.5
364,phenylquinoline,73.7
364,tryptophol,86.9
364,thiophene_ethanol,92.7
364,ethyl_benzofuran_carboxylate,84.6
364,indoline,85.9
364,carbazole,72.8
365,melatonin,88.5
365,caffeine,89.6
365,phenylquinoline,75.3
365,tryptophol,93.1
365,thiophene_ethanol,81.6
365,ethyl_benzofuran_carboxylate,90.1
365,indoline,85.7
365,carbazole,76.2
366,melatonin,87.5
366,caffeine,85.2
366,phenylquinoline,75.4
366,tryptophol,89.0
366,thiophene_ethanol,84.5
366,ethyl_benzofuran_carboxylate,88.7
366,indoline,89.4
366,carbazole,66.6
367,melatonin,87.4
367,caffeine,84.1
367,phenylquinoline,65.7
367,tryptophol,85.4
367,thiophene_ethanol,84.0
367,ethyl_benzofuran_carboxylate,89.3
367,indoline,87.1
367,carbazole,70.2
368,melatonin,88.6
368,caffeine,88.4
368,phenylquinoline,74.3
368,tryptophol,85.2
368,thiophene_ethanol,87.3
368,ethyl_benzofuran_carboxylate,86.0
368,indoline,89.2
368,carbazole,73.7
369,melatonin,84.0
369,caffeine,91.8
369,phenylquinoline,66.1
369,tryptophol,81.7
369,thiophene_ethanol,87.2
369,ethyl_benzofuran_carboxylate,88.6
369,indoline,89.1
369,carbazole,63.2
370,melatonin,83.7
370,caffeine,85.1
370,phenylquinoline,70.5
370,tryptophol,90.5
370,thiophene_ethanol,86.2
370,ethyl_benzofuran_carboxylate,86.2
370,indoline,91.6
370,carbazole,71.0
371,melatonin,90.3
371,caffeine,93.5
371,phenylquinoline,75.6
371,tryptophol,86.2
371,thiophene_ethanol,87.7
371,ethyl_benzofuran_carboxylate,91.0
371,indoline,86.6
371,carbazole,79.4
372,melatonin,86.4
372,caffeine,86.7
372,phenylquinoline,68.1
372,tryptophol,89.1
372,thiophene_ethanol,88.2
372,ethyl_benzofuran_carboxylate,87.1
372,indoline,87.8
372,carbazole,66.2
373,melatonin,90.2
373,caffeine,93.1
373,phenylquinoline,69.7
373,tryptophol,89.3
373,thiophene_ethanol,90.8
373,ethyl_benzofuran_carboxylate,91.9
373,indoline,86.6
373,carbazole,77.9
374,melatonin,87.6
374,caffeine,84.7
374,phenylquinoline,74.0
374,tryptophol,85.9
374,thiophene_ethanol,90.5
374,ethyl_benzofuran_carboxylate,92.8
374,indoline,87.3
374,carbazole,74.7
375,melatonin,87.8
375,caffeine,86.0
375,phenylquinoline,72.6
375,tryptophol,83.6
375,thiophene_ethanol,87.6
375,ethyl_benzofuran_carboxylate,88.9
375,indoline,88.0
375,carbazole,70.7
376,melatonin,91.9
376,caffeine,86.7
376,phenylquinoline,68.0
376,tryptophol,91.6
376,thiophene_ethanol,89.2
376,ethyl_benzofuran_carboxylate,92.6
376,indoline,85.0
376,carbazole,77.2
377,melatonin,88.2
377,caffeine,84.9
377,phenylquinoline,77.3
377,tryptophol,88.3
377,thiophene_ethanol,88.7
377,ethyl_benzofuran_carboxylate,86.7
377,indoline,84.1
377,carbazole,71.9
378,melatonin,86.3
378,caffeine,88.4
378,phenylquinoline,70.1
378,tryptophol,87.7
378,thiophene_ethanol,90.3
378,ethyl_benzofuran_carboxylate,90.3
378,indoline,89.6
378,carbazole,71.1
379,melatonin,86.6
379,caffeine,89.2
379,phenylquinoline,77.6
379,tryptophol,93.5
379,thiophene_ethanol,93.8
379,ethyl_benzofuran_carboxylate,88.1
379,indoline,92.0
379,carbazole,71.7
380,melatonin,89.8
380,caffeine,86.2
380,phenylquinoline,73.7
380,tryptophol,90.3
380,thiophene_ethanol,92.0
380,ethyl_benzofuran_carboxylate,82.8
380,indoline,90.2
380,carbazole,69.6
381,melatonin,83.7
381,caffeine,94.2
381,phenylquinoline,73.0
381,tryptophol,82.9
381,thiophene_ethanol,84.8
381,ethyl_benzofuran_carboxylate,83.3
381,indoline,84.6
381,carbazole,75.5
382,melatonin,85.7
382,caffeine,91.5
382,phenylquinoline,70.8
382,tryptophol,92.4
382,thiophene_ethanol,91.5
382,ethyl_benzofuran_carboxylate,85.5
382,indoline,92.8
382,carbazole,73.6
383,melatonin,83.8
383,caffeine,87.1
383,phenylquinoline,76.8
383,tryptophol,84.4
383,thiophene_ethanol,83.3
383,ethyl_benzofuran_carboxylate,92.5
383,indoline,88.4
383,carbazole,69.7
384,melatonin,85.9
384,caffeine,90.8
384,phenylquinoline,75.7
384,tryptophol,90.3
384,thiophene_ethanol,82.6
384,ethyl_benzofuran_carboxylate,86.7
384,indoline,91.0
384,carbazole,71.4
385,melatonin,87.4
385,caffeine,88.0
385,phenylquinoline,72.6
385,tryptophol,90.6
385,thiophene_ethanol,89.8
385,ethyl_benzofuran_carboxylate,85.4
385,indoline,88.4
385,carbazole,70.9
386,melatonin,86.8
386,caffeine,92.9
386,phenylquinoline,73.3
386,tryptophol,88.3
386,thiophene_ethanol,85.2
386,ethyl_benzofuran_carboxylate,87.3
386,indoline,87.6
386,carbazole,70.3
387,melatonin,84.0
387,caffeine,89.3
387,phenylquinoline,72.2
387,tryptophol,85.9
387,thiophene_ethanol,91.0
387,ethyl_benzofuran_carboxylate,87.5
387,indoline,90.5
387,carbazole,64.1
388,melatonin,88.2
388,caffeine,81.7
388,phenylquinoline,66.7
388,tryptophol,90.0
388,thiophene_ethanol,86.1
388,ethyl_benzofuran_carboxylate,93.2
388,indoline,85.2
388,carbazole,71.8
389,melatonin,89.0
389,caffeine,87.5
389,phenylquinoline,74.8
389,tryptophol,83.4
389,thiophene_ethanol,92.3
389,ethyl_benzofuran_carboxylate,88.6
389,indoline,86.6
389,carbazole,69.1
390,melatonin,88.4
390,caffeine,90.8
390,phenylquinoline,71.8
390,tryptophol,89.3
390,thiophene_ethanol,91.0
390,ethyl_benzofuran_carboxylate,88.5
390,indoline,88.6
390,carbazole,71.7
391,melatonin,92.1
391,caffeine,84.7
391,phenylquinoline,66.4
391,tryptophol,87.7
391,thiophene_ethanol,94.8
391,ethyl_benzofuran_carboxylate,91.0
391,indoline,88.0
391,carbazole,75.9
392,melatonin,89.9
392,caffeine,87.4
392,phenylquinoline,77.4
392,tryptophol,92.0
392,thiophene_ethanol,86.1
392,ethyl_benzofuran_carboxylate,89.3
392,indoline,83.7
392,carbazole,73.9
393,melatonin,86.9
393,caffeine,87.1
393,phenylquinoline,74.5
393,tryptophol,91.1
393,thiophene_ethanol,88.3
393,ethyl_benzofuran_carboxylate,88.7
393,indoline,89.4
393,carbazole,68.5
394,melatonin,97.5
394,caffeine,90.9
394,phenylquinoline,72.9
394,tryptophol,86.2
394,thiophene_ethanol,88.9
394,ethyl_benzofuran_carboxylate,90.7
394,indoline,87.6
394,carbazole,72.9
395,melatonin,83.9
395,caffeine,87.8
395,phenylquinoline,64.3
395,tryptophol,91.6
395,thiophene_ethanol,86.2
395,ethyl_benzofuran_carboxylate,83.3
395,indoline,93.7
395,carbazole,75.1
396,melatonin,85.2
396,caffeine,83.4
396,phenylquinoline,69.8
396,tryptophol,90.6
396,thiophene_ethanol,88.1
396,ethyl_benzofuran_carboxylate,87.1
396,indoline,90.7
396,carbazole,76.3
397,melatonin,86.9
397,caffeine,87.1
397,phenylquinoline,75.8
397,tryptophol,84.4
397,thiophene_ethanol,90.1
397,ethyl_benzofuran_carboxylate,88.2
397,indoline,92.1
397,carbazole,71.7
398,melatonin,82.6
398,caffeine,85.7
398,phenylquinoline,70.0
398,tryptophol,92.1
398,thiophene_ethanol,88.7
398,ethyl_benzofuran_carboxylate,95.0
398,indoline,89.2
398,carbazole,65.7
399,melatonin,92.5
399,caffeine,84.8
399,phenylquinoline,70.9
399,tryptophol,90.9
399,thiophene_ethanol,89.2
399,ethyl_benzofuran_carboxylate,89.0
399,indoline,90.9
399,carbazole,68.0
400,melatonin,84.6
400,caffeine,90.1
400,phenylquinoline,70.3
400,tryptophol,90.2
400,thiophene_ethanol,86.6
400,ethyl_benzofuran_carboxylate,92.2
400,indoline,88.4
400,carbazole,76.6
401,melatonin,85.4
401,caffeine,91.7
401,phenylquinoline,68.4
401,tryptophol,88.2
401,thiophene_ethanol,85.3
401,ethyl_benzofuran_carboxylate,90.3
401,indoline,93.0
401,carbazole,70.5
402,melatonin,87.9
402,caffeine,86.0
402,phenylquinoline,74.5
402,tryptophol,87.1
402,thiophene_ethanol,83.7
402,ethyl_benzofuran_carboxylate,75.9
402,indoline,89.5
402,carbazole,71.3
403,melatonin,89.0
403,caffeine,84.2
403,phenylquinoline,65.1
403,tryptophol,91.7
403,thiophene_ethanol,89.5
403,ethyl_benzofuran_carboxylate,82.5
403,indoline,86.4
403,carbazole,78.8
404,melatonin,84.5
404,caffeine,92.0
404,phenylquinoline,70.7
404,tryptophol,89.7
404,thiophene_ethanol,87.4
404,ethyl_benzofuran_carboxylate,88.0
404,indoline,91.7
404,carbazole,71.8
405,melatonin,84.8
405,caffeine,90.9
405,phenylquinoline,69.6
405,tryptophol,85.5
405,thiophene_ethanol,85.6
405,ethyl_benzofuran_carboxylate,90.0
405,indoline,91.3
405,carbazole,77.8
406,melatonin,88.3
406,caffeine,90.5
406,phenylquinoline,76.9
406,tryptophol,86.7
406,thiophene_ethanol,89.2
406,ethyl_benzofuran_carboxylate,86.8
406,indoline,90.1
406,carbazole,80.1
407,melatonin,88.0
407,caffeine,91.5
407,phenylquinoline,73.2
407,tryptophol,83.6
407,thiophene_ethanol,87.2
407,ethyl_benzofuran_carboxylate,88.8
407,indoline,87.2
407,carbazole,64.7
408,melatonin,91.8
408,caffeine,87.9
408,phenylquinoline,72.0
408,tryptophol,89.0
408,thiophene_ethanol,83.4
408,ethyl_benzofuran_carboxylate,86.1
408,indoline,87.9
408,carbazole,71.1
409,melatonin,88.8
409,caffeine,87.4
409,phenylquinoline,69.6
409,tryptophol,85.7
409,thiophene_ethanol,87.7
409,ethyl_benzofuran_carboxylate,84.2
409,indoline,84.8
409,carbazole,76.6
410,melatonin,88.9
410,caffeine,90.5
410,phenylquinoline,75.8
410,tryptophol,87.9
410,thiophene_ethanol,88.0
410,ethyl_benzofuran_carboxylate,91.7
410,indoline,88.9
410,carbazole,68.6
411,melatonin,89.1
411,caffeine,91.2
411,phenylquinoline,68.4
411,tryptophol,85.4
411,thiophene_ethanol,88.5
411,ethyl_benzofuran_carboxylate,91.0
411,indoline,85.9
411,carbazole,78.3
412,melatonin,88.2
412,caffeine,86.7
412,phenylquinoline,71.8
412,tryptophol,84.1
412,thiophene_ethanol,84.9
412,ethyl_benzofuran_carboxylate,90.1
412,indoline,87.4
412,carbazole,82.2
413,melatonin,84.6
413,caffeine,92.7
413,phenylquinoline,72.6
413,tryptophol,85.7
413,thiophene_ethanol,92.9
413,ethyl_benzofuran_carboxylate,87.7
413,indoline,89.3
413,carbazole,72.6
414,melatonin,88.2
414,caffeine,86.8
414,phenylquinoline,73.0
414,tryptophol,89.3
414,thiophene_ethanol,88.3
414,ethyl_benzofuran_carboxylate,90.3
414,indoline,85.9
414,carbazole,69.6
415,melatonin,86.8
415,caffeine,85.9
415,phenylquinoline,73.8
415,tryptophol,90.6
415,thiophene_ethanol,83.7
415,ethyl_benzofuran_carboxylate,89.1
415,indoline,87.9
415,carbazole,72.4
416,melatonin,83.9
416,caffeine,86.0
416,phenylquinoline,68.4
416,tryptophol,86.3
416,thiophene_ethanol,90.2
416,ethyl_benzofuran_carboxylate,86.9
416,indoline,90.0
416,carbazole,69.8
417,melatonin,88.2
417,caffeine,85.2
417,phenylquinoline,70.7
417,tryptophol,84.0
417,thiophene_ethanol,84.7
417,ethyl_benzofuran_carboxylate,86.2
417,indoline,89.5
417,carbazole,62.0
418,melatonin,84.8
418,caffeine,86.0
418,phenylquinoline,71.9
418,tryptophol,88.5
418,thiophene_ethanol,86.4
418,ethyl_benzofuran_carboxylate,88.0
418,indoline,83.1
418,carbazole,79.1
419,melatonin,90.6
419,caffeine,86.3
419,phenylquinoline,75.6
419,tryptophol,87.1
419,thiophene_ethanol,83.9
419,ethyl_benzofuran_carboxylate,85.4
419,indoline,87.7
419,carbazole,71.3
420,melatonin,86.5
420,caffeine,82.3
420,phenylquinoline,69.9
420,tryptophol,87.1
420,thiophene_ethanol,89.0
420,ethyl_benzofuran_carboxylate,90.8
420,indoline,86.3
420,carbazole,71.2
421,melatonin,91.0
421,caffeine,89.8
421,phenylquinoline,71.1
421,tryptophol,87.5
421,thiophene_ethanol,91.6
421,ethyl_benzofuran_carboxylate,85.5
421,indoline,85.0
421,carbazole,71.0
422,melatonin,85.9
422,caffeine,84.0
422,phenylquinoline,74.2
422,tryptophol,85.7
422,thiophene_ethanol,88.2
422,ethyl_benzofuran_carboxylate,89.5
422,indoline,89.1
422,carbazole,74.4
423,melatonin,88.8
423,caffeine,81.7
423,phenylquinoline,72.2
423,tryptophol,90.3
423,thiophene_ethanol,84.5
423,ethyl_benzofuran_carboxylate,93.5
423,indoline,89.5
423,carbazole,66.2
424,melatonin,87.6
424,caffeine,92.0
424,phenylquinoline,72.5
424,tryptophol,82.9
424,thiophene_ethanol,86.5
424,ethyl_benzofuran_carboxylate,92.7
424,indoline,88.4
424,carbazole,67.7
425,melatonin,85.6
425,caffeine,90.7
425,phenylquinoline,70.2
425,tryptophol,91.5
425,thiophene_ethanol,92.4
425,ethyl_benzofuran_carboxylate,89.6
425,indoline,96.3
425,carbazole,69.0
426,melatonin,87.3
426,caffeine,91.0
426,phenylquinoline,64.0
426,tryptophol,93.1
426,thiophene_ethanol,91.6
426,ethyl_benzofuran_carboxylate,91.3
426,indoline,85.1
426,carbazole,69.0
427,melatonin,88.1
427,caffeine,89.9
427,phenylquinoline,71.7
427,tryptophol,87.8
427,thiophene_ethanol,88.8
427,ethyl_benzofuran_carboxylate,91.7
427,indoline,87.2
427,carbazole,70.2
428,melatonin,88.6
428,caffeine,88.5
428,phenylquinoline,66.3
428,tryptophol,81.6
428,thiophene_ethanol,89.0
428,ethyl_benzofuran_carboxylate,88.3
428,indoline,86.9
428,carbazole,71.3
429,melatonin,83.7
429,caffeine,84.5
429,phenylquinoline,74.3
429,tryptophol,90.3
429,thiophene_ethanol,86.9
429,ethyl_benzofuran_carboxylate,85.6
429,indoline,88.4
429,carbazole,78.3
430,melatonin,89.4
430,caffeine,85.4
430,phenylquinoline,69.0
430,tryptophol,86.4
430,thiophene_ethanol,91.0
430,ethyl_benzofuran_carboxylate,83.6
430,indoline,94.4
430,carbazole,71.2
431,melatonin,87.9
431,caffeine,90.4
431,phenylquinoline,73.6
431,tryptophol,86.3
431,thiophene_ethanol,88.3
431,ethyl_benzofuran_carboxylate,86.8
431,indoline,87.2
431,carbazole,64.4
432,melatonin,88.6
432,caffeine,88.1
432,phenylquinoline,70.5
432,tryptophol,89.4
432,thiophene_ethanol,89.8
432,ethyl_benzofuran_carboxylate,82.8
432,indoline,87.1
432,carbazole,73.2
433,melatonin,85.5
433,caffeine,87.9
433,phenylquinoline,67.5
433,tryptophol,87.9
433,thiophene_ethanol,85.1
433,ethyl_benzofuran_carboxylate,88.6
433,indoline,84.3
433,carbazole,74.8
434,melatonin,83.9
434,caffeine,84.8
434,phenylquinoline,77.2
434,tryptophol,86.8
434,thiophene_ethanol,85.0
434,ethyl_benzofuran_carboxylate,92.6
434,indoline,88.9
434,carbazole,74.5
435,melatonin,85.3
435,caffeine,86.4
435,phenylquinoline,71.7
435,tryptophol,92.0
435,thiophene_ethanol,88.1
435,ethyl_benzofuran_carboxylate,88.2
435,indoline,88.6
435,carbazole,75.5
436,melatonin,90.3
436,caffeine,85.5
436,phenylquinoline,69.1
436,tryptophol,87.0
436,thiophene_ethanol,90.4
436,ethyl_benzofuran_carboxylate,81.1
436,indoline,84.2
436,carbazole,74.9
437,melatonin,81.0
437,caffeine,90.7
437,phenylquinoline,74.1
437,tryptophol,90.8
437,thiophene_ethanol,91.1
437,ethyl_benzofuran_carboxylate,85.1
437,indoline,83.4
437,carbazole,77.2
438,melatonin,86.8
438,caffeine,89.3
438,phenylquinoline,79.1
438,tryptophol,82.9
438,thiophene_ethanol,94.6
438,ethyl_benzofuran_carboxylate,85.3
438,indoline,82.8
438,carbazole,71.5
439,melatonin,91.4
439,caffeine,88.9
439,phenylquinoline,68.3
439,tryptophol,90.6
439,thiophene_ethanol,90.3
439,ethyl_benzofuran_carboxylate,82.1
439,indoline,94.3
439,carbazole,72.9
440,melatonin,87.0
440,caffeine,91.3
440,phenylquinoline,78.1
440,tryptophol,92.1
440,thiophene_ethanol,87.1
440,ethyl_benzofuran_carboxylate,87.0
440,indoline,83.7
440,carbazole,69.1
441,melatonin,87.8
441,caffeine,89.1
441,phenylquinoline,73.6
441,tryptophol,89.1
441,thiophene_ethanol,84.7
441,ethyl_benzofuran_carboxylate,85.8
441,indoline,87.4
441,carbazole,68.6
442,melatonin,84.2
442,caffeine,86.7
442,phenylquinoline,75.1
442,tryptophol,86.2
442,thiophene_ethanol,87.1
442,ethyl_benzofuran_carboxylate,92.2
442,indoline,87.1
442,carbazole,74.1
443,melatonin,89.3
443,caffeine,88.6
443,phenylquinoline,72.4
443,tryptophol,85.9
443,thiophene_ethanol,83.5
443,ethyl_benzofuran_carboxylate,89.8
443,indoline,85.2
443,carbazole,74.2
444,melatonin,89.1
444,caffeine,89.1
444,phenylquinoline,77.5
444,tryptophol,91.5
444,thiophene_ethanol,85.2
444,ethyl_benzofuran_carboxylate,84.6
444,indoline,86.4
444,carbazole,69.8
445,melatonin,86.3
445,caffeine,88.6
445,phenylquinoline,75.1
445,tryptophol,93.7
445,thiophene_ethanol,87.4
445,ethyl_benzofuran_carboxylate,95.1
445,indoline,89.8
445,carbazole,75.5
446,melatonin,86.6
446,caffeine,92.3
446,phenylquinoline,75.1
446,tryptophol,86.4
446,thiophene_ethanol,91.3
446,ethyl_benzofuran_carboxylate,97.7
446,indoline,88.7
446,carbazole,67.2
447,melatonin,85.7
447,caffeine,82.8
447,phenylquinoline,65.1
447,tryptophol,88.7
447,thiophene_ethanol,84.7
447,ethyl_benzofuran_carboxylate,89.5
447,indoline,82.3
447,carbazole,72.7
448,melatonin,91.9
448,caffeine,88.9
448,phenylquinoline,74.5
448,tryptophol,91.5
448,thiophene_ethanol,93.3
448,ethyl_benzofuran_carboxylate,84.8
448,indoline,87.2
448,carbazole,70.4
449,melatonin,92.5
449,caffeine,95.2
449,phenylquinoline,71.3
449,tryptophol,92.1
449,thiophene_ethanol,89.7
449,ethyl_benzofuran_carboxylate,90.9
449,indoline,92.0
449,carbazole,65.0
450,melatonin,89.8
450,caffeine,91.8
450,phenylquinoline,74.4
450,tryptophol,90.1
450,thiophene_ethanol,91.7
450,ethyl_benzofuran_carboxylate,85.6
450,indoline,89.3
450,carbazole,67.5
451,melatonin,90.1
451,caffeine,91.5
451,phenylquinoline,65.4
451,tryptophol,88.8
451,thiophene_ethanol,82.7
451,ethyl_benzofuran_carboxylate,86.2
451,indoline,88.7
451,carbazole,75.7
452,melatonin,87.5
452,caffeine,90.9
452,phenylquinoline,71.5
452,tryptophol,85.6
452,thiophene_ethanol,87.9
452,ethyl_benzofuran_carboxylate,86.5
452,indoline,89.5
452,carbazole,66.5
453,melatonin,88.2
453,caffeine,90.8
453,phenylquinoline,66.7
453,tryptophol,88.2
453,thiophene_ethanol,88.1
453,ethyl_benzofuran_carboxylate,91.0
453,indoline,87.5
453,carbazole,71.3
454,melatonin,91.6
454,caffeine,90.6
454,phenylquinoline,69.1
454,tryptophol,91.3
454,thiophene_ethanol,90.6
454,ethyl_benzofuran_carboxylate,89.7
454,indoline,89.8
454,carbazole,76.0
455,melatonin,82.7
455,caffeine,84.7
455,phenylquinoline,75.1
455,tryptophol,82.7
455,thiophene_ethanol,87.6
455,ethyl_benzofuran_carboxylate,85.9
455,indoline,94.5
455,carbazole,74.4
456,melatonin,86.0
456,caffeine,86.5
456,phenylquinoline,74.5
456,tryptophol,89.7
456,thiophene_ethanol,92.1
456,ethyl_benzofuran_carboxylate,92.9
456,indoline,88.9
456,carbazole,73.8
457,melatonin,86.4
457,caffeine,85.0
457,phenylquinoline,72.6
457,tryptophol,84.7
457,thiophene_ethanol,86.6
457,ethyl_benzofuran_carboxylate,88.8
457,indoline,86.7
457,carbazole,73.0
458,melatonin,86.8
458,caffeine,86.3
458,phenylquinoline,69.7
458,tryptophol,92.8
458,thiophene_ethanol,92.9
458,ethyl_benzofuran_carboxylate,86.4
458,indoline,88.6
458,carbazole,77.3
459,melatonin,90.3
459,caffeine,81.4
459,phenylquinoline,73.7
459,tryptophol,90.2
459,thiophene_ethanol,86.9
459,ethyl_benzofuran_carboxylate,88.8
459,indoline,90.6
459,carbazole,78.8
460,melatonin,89.1
460,caffeine,89.6
460,phenylquinoline,70.4
460,tryptophol,85.0
460,thiophene_ethanol,88.0
460,ethyl_benzofuran_carboxylate,84.7
460,indoline,88.8
460,carbazole,72.3
461,melatonin,89.2
461,caffeine,87.6
461,phenylquinoline,72.1
461,tryptophol,82.5
461,thiophene_ethanol,86.1
461,ethyl_benzofuran_carboxylate,86.3
461,indoline,87.3
461,carbazole,70.2
462,melatonin,90.0
462,caffeine,87.8
462,phenylquinoline,78.2
462,tryptophol,91.5
462,thiophene_ethanol,86.1
462,ethyl_benzofuran_carboxylate,86.4
462,indoline,87.1
462,carbazole,67.5
463,melatonin,89.3
463,caffeine,89.2
463,phenylquinoline,77.5
463,tryptophol,87.2
463,thiophene_ethanol,88.2
463,ethyl_benzofuran_carboxylate,86.4
463,indoline,86.8
463,carbazole,75.5
464,melatonin,85.1
464,caffeine,91.9
464,phenylquinoline,69.1
464,tryptophol,88.6
464,thiophene_ethanol,88.8
464,ethyl_benzofuran_carboxylate,84.0
464,indoline,89.5
464,carbazole,69.0
465,melatonin,89.2
465,caffeine,89.9
465,phenylquinoline,71.3
465,tryptophol,85.6
465,thiophene_ethanol,85.5
465,ethyl_benzofuran_carboxylate,85.9
465,indoline,85.5
465,carbazole,73.5
466,melatonin,83.2
466,caffeine,82.2
466,phenylquinoline,72.9
466,tryptophol,88.2
466,thiophene_ethanol,90.9
466,ethyl_benzofuran_carboxylate,90.4
466,indoline,86.4
466,carbazole,71.1
467,melatonin,88.8
467,caffeine,88.5
467,phenylquinoline,76.1
467,tryptophol,83.1
467,thiophene_ethanol,84.8
467,ethyl_benzofuran_carboxylate,91.7
467,indoline,86.7
467,carbazole,68.9
468,melatonin,88.3
468,caffeine,85.2
468,phenylquinoline,71.0
468,tryptophol,88.8
468,thiophene_ethanol,90.4
468,ethyl_benzofuran_carboxylate,85.5
468,indoline,84.3
468,carbazole,70.1
469,melatonin,86.4
469,caffeine,88.8
469,phenylquinoline,62.7
469,tryptophol,90.6
469,thiophene_ethanol,87.3
469,ethyl_benzofuran_carboxylate,87.0
469,indoline,84.5
469,carbazole,75.4
470,melatonin,88.2
470,caffeine,87.4
470,phenylquinoline,80.0
470,tryptophol,87.2
470,thiophene_ethanol,86.9
470,ethyl_benzofuran_carboxylate,97.6
470,indoline,84.8
470,carbazole,75.5
471,melatonin,82.8
471,caffeine,90.6
471,phenylquinoline,70.8
471,tryptophol,88.2
471,thiophene_ethanol,89.5
471,ethyl_benzofuran_carboxylate,90.3
471,indoline,88.1
471,carbazole,75.4
472,melatonin,91.3
472,caffeine,89.5
472,phenylquinoline,80.9
472,tryptophol,85.8
472,thiophene_ethanol,87.2
472,ethyl_benzofuran_carboxylate,86.5
472,indoline,85.7
472,carbazole,69.2
473,melatonin,88.2
473,caffeine,86.2
473,phenylquinoline,63.9
473,tryptophol,90.9
473,thiophene_ethanol,89.2
473,ethyl_benzofuran_carboxylate,86.8
473,indoline,87.3
473,carbazole,72.0
474,melatonin,91.1
474,caffeine,86.0
474,phenylquinoline,76.5
474,tryptophol,85.9
474,thiophene_ethanol,87.5
474,ethyl_benzofuran_carboxylate,89.7
474,indoline,86.5
474,carbazole,76.9
475,melatonin,81.5
475,caffeine,88.1
475,phenylquinoline,73.5
475,tryptophol,87.8
475,thiophene_ethanol,90.0
475,ethyl_benzofuran_carboxylate,85.2
475,indoline,84.8
475,carbazole,69.5
476,melatonin,84.7
476,caffeine,91.9
476,phenylquinoline,69.4
476,tryptophol,82.4
476,thiophene_ethanol,88.2
476,ethyl_benzofuran_carboxylate,85.3
476,indoline,88.3
476,carbazole,79.4
477,melatonin,88.5
477,caffeine,83.6
477,phenylquinoline,67.4
477,tryptophol,80.9
477,thiophene_ethanol,85.1
477,ethyl_benzofuran_carboxylate,89.4
477,indoline,88.6
477,carbazole,77.9
478,melatonin,88.2
478,caffeine,78.7
478,phenylquinoline,74.8
478,tryptophol,84.4
478,thiophene_ethanol,86.2
478,ethyl_benzofuran_carboxylate,86.5
478,indoline,86.7
478,carbazole,71.6
479,melatonin,82.0
479,caffeine,93.1
479,phenylquinoline,67.5
479,tryptophol,86.6
479,thiophene_ethanol,81.4
479,ethyl_benzofuran_carboxylate,89.0
479,indoline,89.2
479,carbazole,67.8
480,melatonin,86.9
480,caffeine,89.0
480,phenylquinoline,69.1
480,tryptophol,92.7
480,thiophene_ethanol,93.1
480,ethyl_benzofuran_carboxylate,87.7
480,indoline,88.1
480,carbazole,72.3
481,melatonin,85.5
481,caffeine,88.2
481,phenylquinoline,70.5
481,tryptophol,81.4
481,thiophene_ethanol,91.3
481,ethyl_benzofuran_carboxylate,91.1
481,indoline,87.6
481,carbazole,80.4
482,melatonin,90.6
482,caffeine,90.6
482,phenylquinoline,72.2
482,tryptophol,84.9
482,thiophene_ethanol,92.3
482,ethyl_benzofuran_carboxylate,88.0
482,indoline,90.0
482,carbazole,79.0
483,melatonin,91.5
483,caffeine,89.9
483,phenylquinoline,72.3
483,tryptophol,88.7
483,thiophene_ethanol,85.9
483,ethyl_benzofuran_carboxylate,85.8
483,indoline,87.0
483,carbazole,71.9
484,melatonin,93.1
484,caffeine,88.5
484,phenylquinoline,75.7
484,tryptophol,87.4
484,thiophene_ethanol,87.5
484,ethyl_benzofuran_carboxylate,91.1
484,indoline,87.5
484,carbazole,80.6
485,melatonin,87.2
485,caffeine,88.9
485,phenylquinoline,67.1
485,tryptophol,88.7
485,thiophene_ethanol,92.3
485,ethyl_benzofuran_carboxylate,89.8
485,indoline,88.1
485,carbazole,70.5
486,melatonin,87.5
486,caffeine,88.1
486,phenylquinoline,81.2
486,tryptophol,87.6
486,thiophene_ethanol,92.7
486,ethyl_benzofuran_carboxylate,86.3
486,indoline,88.6
486,carbazole,66.0
487,melatonin,84.2
487,caffeine,85.8
487,phenylquinoline,74.9
487,tryptophol,91.1
487,thiophene_ethanol,94.6
487,ethyl_benzofuran_carboxylate,88.7
487,indoline,88.7
487,carbazole,73.2
488,melatonin,94.5
488,caffeine,81.7
488,phenylquinoline,67.4
488,tryptophol,89.6
488,thiophene_ethanol,89.1
488,ethyl_benzofuran_carboxylate,87.1
488,indoline,90.9
488,carbazole,66.0
489,melatonin,92.4
489,caffeine,87.7
489,phenylquinoline,73.1
489,tryptophol,93.5
489,thiophene_ethanol,84.1
489,ethyl_benzofuran_carboxylate,76.8
489,indoline,91.2
489,carbazole,71.1
490,melatonin,84.8
490,caffeine,89.0
490,phenylquinoline,72.1
490,tryptophol,85.3
490,thiophene_ethanol,88.6
490,ethyl_benzofuran_carboxylate,88.3
490,indoline,87.0
490,carbazole,74.8
491,melatonin,90.2
491,caffeine,87.2
491,phenylquinoline,68.8
491,tryptophol,87.8
491,thiophene_ethanol,80.5
491,ethyl_benzofuran_carboxylate,89.1
491,indoline,88.2
491,carbazole,68.9
492,melatonin,94.2
492,caffeine,86.0
492,phenylquinoline,79.5
492,tryptophol,89.8
492,thiophene_ethanol,92.2
492,ethyl_benzofuran_carboxylate,90.8
492,indoline,84.6
492,carbazole,68.0
493,melatonin,84.5
493,caffeine,92.3
493,phenylquinoline,72.6
493,tryptophol,88.9
493,thiophene_ethanol,88.3
493,ethyl_benzofuran_carboxylate,93.2
493,indoline,88.1
493,carbazole,73.8
494,melatonin,84.8
494,caffeine,90.9
494,phenylquinoline,72.3
494,tryptophol,92.5
494,thiophene_ethanol,89.8
494,ethyl_benzofuran_carboxylate,88.5
494,indoline,88.0
494,carbazole,74.0
495,melatonin,88.4
495,caffeine,93.0
495,phenylquinoline,80.0
495,tryptophol,90.0
495,thiophene_ethanol,88.0
495,ethyl_benzofuran_carboxylate,89.7
495,indoline,89.2
495,carbazole,74.3
496,melatonin,87.7
496,caffeine,85.3
496,phenylquinoline,74.5
496,tryptophol,91.9
496,thiophene_ethanol,88.4
496,ethyl_benzofuran_carboxylate,92.1
496,indoline,90.2
496,carbazole,82.1
497,melatonin,88.6
497,caffeine,89.0
497,phenylquinoline,72.1
497,tryptophol,83.2
497,thiophene_ethanol,87.7
497,ethyl_benzofuran_carboxylate,90.2
497,indoline,86.2
497,carbazole,74.0
498,melatonin,93.2
498,caffeine,90.7
498,phenylquinoline,74.7
498,tryptophol,88.2
498,thiophene_ethanol,85.1
498,ethyl_benzofuran_carboxylate,84.1
498,indoline,92.1
498,carbazole,62.5
499,melatonin,88.4
499,caffeine,89.3
499,phenylquinoline,77.2
499,tryptophol,86.4
499,thiophene_ethanol,84.9
499,ethyl_benzofuran_carboxylate,89.0
499,indoline,91.8
499,carbazole,75.3
500,melatonin,86.9
500,caffeine,88.5
500,phenylquinoline,74.7
500,tryptophol,93.8
500,thiophene_ethanol,87.4
500,ethyl_benzofuran_carboxylate,85.7
500,indoline,81.7
500,carbazole,71.9
501,melatonin,88.2
501,caffeine,83.6
501,phenylquinoline,74.9
501,tryptophol,91.6
501,thiophene_ethanol,82.2
501,ethyl_benzofuran_carboxylate,86.6
501,indoline,90.0
501,carbazole,69.9
502,melatonin,88.0
502,caffeine,85.3
502,phenylquinoline,78.8
502,tryptophol,89.9
502,thiophene_ethanol,87.1
502,ethyl_benzofuran_carboxylate,88.2
502,indoline,85.6
502,carbazole,70.9
503,melatonin,87.9
503,caffeine,86.8
503,phenylquinoline,77.3
503,tryptophol,89.4
503,thiophene_ethanol,91.8
503,ethyl_benzofuran_carboxylate,90.7
503,indoline,93.1
503,carbazole,73.5
504,melatonin,86.3
504,caffeine,91.2
504,phenylquinoline,69.9
504,tryptophol,86.6
504,thiophene_ethanol,96.4
504,ethyl_benzofuran_carboxylate,91.9
504,indoline,89.1
504,carbazole,77.4
505,melatonin,86.6
505,caffeine,90.3
505,phenylquinoline,69.4
505,tryptophol,86.2
505,thiophene_ethanol,85.0
505,ethyl_benzofuran_carboxylate,87.0
505,indoline,89.2
505,carbazole,77.8
506,melatonin,86.7
506,caffeine,93.4
506,phenylquinoline,69.3
506,tryptophol,88.1
506,thiophene_ethanol,93.9
506,ethyl_benzofuran_carboxylate,93.3
506,indoline,86.5
506,carbazole,69.4
507,melatonin,86.6
507,caffeine,93.9
507,phenylquinoline,66.3
507,tryptophol,85.7
507,thiophene_ethanol,88.5
507,ethyl_benzofuran_carboxylate,84.5
507,indoline,85.8
507,carbazole,67.4
508,melatonin,90.2
508,caffeine,87.0
508,phenylquinoline,67.1
508,tryptophol,87.0
508,thiophene_ethanol,89.1
508,ethyl_benzofuran_carboxylate,87.3
508,indoline,81.7
508,carbazole,78.1
509,melatonin,85.6
509,caffeine,90.5
509,phenylquinoline,68.5
509,tryptophol,92.4
509,thiophene_ethanol,90.2
509,ethyl_benzofuran_carboxylate,92.5
509,indoline,85.6
509,carbazole,73.6
510,melatonin,85.9
510,caffeine,88.3
510,phenylquinoline,72.3
510,tryptophol,86.8
510,thiophene_ethanol,89.8
510,ethyl_benzofuran_carboxylate,88.2
510,indoline,82.4
510,carbazole,71.0
511,melatonin,90.4
511,caffeine,86.2
511,phenylquinoline,75.1
511,tryptophol,84.8
511,thiophene_ethanol,93.2
511,ethyl_benzofuran_carboxylate,89.5
511,indoline,87.2
511,carbazole,69.5
512,melatonin,87.4
512,caffeine,87.2
512,phenylquinoline,65.7
512,tryptophol,84.1
512,thiophene_ethanol,87.2
512,ethyl_benzofuran_carboxylate,86.2
512,indoline,95.6
512,carbazole,66.9
513,melatonin,85.8
513,caffeine,88.9
513,phenylquinoline,68.2
513,tryptophol,89.2
513,thiophene_ethanol,81.2
513,ethyl_benzofuran_carboxylate,89.9
513,indoline,88.7
513,carbazole,76.7
514,melatonin,89.7
514,caffeine,87.9
514,phenylquinoline,71.8
514,tryptophol,92.0
514,thiophene_ethanol,87.9
514,ethyl_benzofuran_carboxylate,84.2
514,indoline,87.2
514,carbazole,70.1
515,melatonin,97.5
515,caffeine,86.7
515,phenylquinoline,76.0
515,tryptophol,90.0
515,thiophene_ethanol,87.4
515,ethyl_benzofuran_carboxylate,92.3
515,indoline,93.0
515,carbazole,68.9
516,melatonin,89.8
516,caffeine,90.7
516,phenylquinoline,72.7
516,tryptophol,85.1
516,thiophene_ethanol,89.5
516,ethyl_benzofuran_carboxylate,89.3
516,indoline,83.9
516,carbazole,72.8
517,melatonin,87.2
517,caffeine,87.8
517,phenylquinoline,65.5
517,tryptophol,88.0
517,thiophene_ethanol,83.5
517,ethyl_benzofuran_carboxylate,85.5
517,indoline,85.4
517,carbazole,65.2
518,melatonin,90.5
518,caffeine,88.3
518,phenylquinoline,74.4
518,tryptophol,87.5
518,thiophene_ethanol,85.0
518,ethyl_benzofuran_carboxylate,86.8
518,indoline,85.7
518,carbazole,72.5
519,melatonin,92.6
519,caffeine,91.3
519,phenylquinoline,72.9
519,tryptophol,84.7
519,thiophene_ethanol,88.2
519,ethyl_benzofuran_carboxylate,89.3
519,indoline,86.2
519,carbazole,68.9
520,melatonin,83.8
520,caffeine,87.2
520,phenylquinoline,71.9
520,tryptophol,87.1
520,thiophene_ethanol,84.1
520,ethyl_benzofuran_carboxylate,91.2
520,indoline,87.5
520,carbazole,69.7
521,melatonin,89.8
521,caffeine,93.2
521,phenylquinoline,63.6
521,tryptophol,84.4
521,thiophene_ethanol,86.4
521,ethyl_benzofuran_carboxylate,89.0
521,indoline,93.1
521,carbazole,69.3
522,melatonin,89.2
522,caffeine,87.3
522,phenylquinoline,73.5
522,tryptophol,81.0
522,thiophene_ethanol,89.4
522,ethyl_benzofuran_carboxylate,81.0
522,indoline,91.1
522,carbazole,75.7
523,melatonin,90.7
523,caffeine,87.3
523,phenylquinoline,74.4
523,tryptophol,88.0
523,thiophene_ethanol,86.3
523,ethyl_benzofuran_carboxylate,86.3
523,indoline,88.6
523,carbazole,64.0
524,melatonin,83.7
524,caffeine,92.7
524,phenylquinoline,79.5
524,tryptophol,93.7
524,thiophene_ethanol,93.4
524,ethyl_benzofuran_carboxylate,86.4
524,indoline,85.8
524,carbazole,73.6
525,melatonin,86.0
525,caffeine,92.1
525,phenylquinoline,69.3
525,tryptophol,91.7
525,thiophene_ethanol,86.6
525,ethyl_benzofuran_carboxylate,89.6
525,indoline,92.8
525,carbazole,74.0
526,melatonin,87.9
526,caffeine,85.6
526,phenylquinoline,72.2
526,tryptophol,86.3
526,thiophene_ethanol,87.4
526,ethyl_benzofuran_carboxylate,86.3
526,indoline,83.9
526,carbazole,72.1
527,melatonin,89.6
527,caffeine,90.7
527,phenylquinoline,72.0
527,tryptophol,87.7
527,thiophene_ethanol,87.4
527,ethyl_benzofuran_carboxylate,88.7
527,indoline,86.7
527,carbazole,69.7
528,melatonin,85.2
528,caffeine,85.7
528,phenylquinoline,65.5
528,tryptophol,89.5
528,thiophene_ethanol,89.1
528,ethyl_benzofuran_carboxylate,86.2
528,indoline,83.7
528,carbazole,70.0
529,melatonin,89.9
529,caffeine,86.4
529,phenylquinoline,72.6
529,tryptophol,89.6
529,thiophene_ethanol,85.2
529,ethyl_benzofuran_carboxylate,87.4
529,indoline,85.2
529,carbazole,71.7
530,melatonin,87.2
530,caffeine,92.0
530,phenylquinoline,77.3
530,tryptophol,85.8
530,thiophene_ethanol,93.0
530,ethyl_benzofuran_carboxylate,96.2
530,indoline,88.8
530,carbazole,73.7
531,melatonin,84.9
531,caffeine,92.1
531,phenylquinoline,72.6
531,tryptophol,89.4
531,thiophene_ethanol,82.0
531,ethyl_benzofuran_carboxylate,93.1
531,indoline,96.1
531,carbazole,74.6
532,melatonin,92.7
532,caffeine,86.1
532,phenylquinoline,68.0
532,tryptophol,89.6
532,thiophene_ethanol,83.6
532,ethyl_benzofuran_carboxylate,84.6
532,indoline,90.9
532,carbazole,69.0
533,melatonin,88.8
533,caffeine,90.7
533,phenylquinoline,76.9
533,tryptophol,87.3
533,thiophene_ethanol,86.0
533,ethyl_benzofuran_carboxylate,82.1
533,indoline,86.8
533,carbazole,70.2
534,melatonin,89.7
534,caffeine,88.9
534,phenylquinoline,74.6
534,tryptophol,87.5
534,thiophene_ethanol,92.0
534,ethyl_benzofuran_carboxylate,82.3
534,indoline,82.9
534,carbazole,72.4
535,melatonin,92.0
535,caffeine,85.8
535,phenylquinoline,73.9
535,tryptophol,85.1
535,thiophene_ethanol,85.9
535,ethyl_benzofuran_carboxylate,93.7
535,indoline,87.2
535,carbazole,63.5
536,melatonin,88.0
536,caffeine,87.7
536,phenylquinoline,66.7
536,tryptophol,86.3
536,thiophene_ethanol,82.2
536,ethyl_benzofuran_carboxylate,86.2
536,indoline,84.0
536,carbazole,70.5
537,melatonin,87.8
537,caffeine,80.4
537,phenylquinoline,68.0
537,tryptophol,89.9
537,thiophene_ethanol,86.5
537,ethyl_benzofuran_carboxylate,86.5
537,indoline,85.0
537,carbazole,72.2
538,melatonin,89.7
538,caffeine,89.5
538,phenylquinoline,74.8
538,tryptophol,88.6
538,thiophene_ethanol,86.5
538,ethyl_benzofuran_carboxylate,92.8
538,indoline,89.0
538,carbazole,71.5
539,melatonin,87.9
539,caffeine,84.9
539,phenylquinoline,75.9
539,tryptophol,85.8
539,thiophene_ethanol,90.4
539,ethyl_benzofuran_carboxylate,84.6
539,indoline,84.1
539,carbazole,74.4
540,melatonin,88.1
540,caffeine,93.5
540,phenylquinoline,74.3
540,tryptophol,85.3
540,thiophene_ethanol,86.3
540,ethyl_benzofuran_carboxylate,90.6
540,indoline,85.8
540,carbazole,83.6
541,melatonin,90.4
541,caffeine,88.1
541,phenylquinoline,72.4
541,tryptophol,89.2
541,thiophene_ethanol,84.4
541,ethyl_benzofuran_carboxylate,91.9
541,indoline,81.6
541,carbazole,74.6
542,melatonin,88.6
542,caffeine,86.8
542,phenylquinoline,77.5
542,tryptophol,88.1
542,thiophene_ethanol,83.4
542,ethyl_benzofuran_carboxylate,89.9
542,indoline,89.0
542,carbazole,72.6
543,melatonin,86.5
543,caffeine,86.6
543,phenylquinoline,72.6
543,tryptophol,87.2
543,thiophene_ethanol,85.5
543,ethyl_benzofuran_carboxylate,90.6
543,indoline,90.4
543,carbazole,72.0
544,melatonin,84.6
544,caffeine,87.1
544,phenylquinoline,67.2
544,tryptophol,87.1
544,thiophene_ethanol,83.6
544,ethyl_benzofuran_carboxylate,86.2
544,indoline,90.4
544,carbazole,66.7
545,melatonin,84.1
545,caffeine,86.9
545,phenylquinoline,69.0
545,tryptophol,91.9
545,thiophene_ethanol,88.9
545,ethyl_benzofuran_carboxylate,90.0
545,indoline,90.7
545,carbazole,74.0
546,melatonin,87.8
546,caffeine,89.2
546,phenylquinoline,76.2
546,tryptophol,88.0
546,thiophene_ethanol,96.1
546,ethyl_benzofuran_carboxylate,88.0
546,indoline,87.9
546,carbazole,75.9
547,melatonin,86.8
547,caffeine,89.8
547,phenylquinoline,73.2
547,tryptophol,82.2
547,thiophene_ethanol,91.3
547,ethyl_benzofuran_carboxylate,86.7
547,indoline,85.4
547,carbazole,70.0
548,melatonin,82.7
548,caffeine,86.8
548,phenylquinoline,71.7
548,tryptophol,95.0
548,thiophene_ethanol,90.5
548,ethyl_benzofuran_carboxylate,82.4
548,indoline,85.4
548,carbazole,72.6
549,melatonin,87.6
549,caffeine,86.9
549,phenylquinoline,71.9
549,tryptophol,90.5
549,thiophene_ethanol,89.4
549,ethyl_benzofuran_carboxylate,89.3
549,indoline,86.2
549,carbazole,70.4
550,melatonin,91.9
550,caffeine,86.0
550,phenylquinoline,70.6
550,tryptophol,87.1
550,thiophene_ethanol,86.7
550,ethyl_benzofuran_carboxylate,88.3
550,indoline,87.3
550,carbazole,68.9
551,melatonin,86.8
551,caffeine,88.4
551,phenylquinoline,78.0
551,tryptophol,88.8
551,thiophene_ethanol,89.5
551,ethyl_benzofuran_carboxylate,91.6
551,indoline,90.2
551,carbazole,68.9
552,melatonin,87.5
552,caffeine,86.2
552,phenylquinoline,77.4
552,tryptophol,87.1
552,thiophene_ethanol,86.9
552,ethyl_benzofuran_carboxylate,84.0
552,indoline,86.7
552,carbazole,81.6
553,melatonin,87.1
553,caffeine,89.4
553,phenylquinoline,76.3
553,tryptophol,91.0
553,thiophene_ethanol,86.0
553,ethyl_benzofuran_carboxylate,93.3
553,indoline,91.4
553,carbazole,69.0
554,melatonin,93.5
554,caffeine,86.2
554,phenylquinoline,71.8
554,tryptophol,86.1
554,thiophene_ethanol,83.9
554,ethyl_benzofuran_carboxylate,90.2
554,indoline,87.5
554,carbazole,71.5
555,melatonin,88.4
555,caffeine,89.1
555,phenylquinoline,67.7
555,tryptophol,88.7
555,thiophene_ethanol,87.5
555,ethyl_benzofuran_carboxylate,89.3
555,indoline,85.5
555,carbazole,80.7
556,melatonin,86.4
556,caffeine,90.3
556,phenylquinoline,72.8
556,tryptophol,92.5
556,thiophene_ethanol,86.9
556,ethyl_benzofuran_carboxylate,84.1
556,indoline,86.9
556,carbazole,70.5
557,melatonin,88.8
557,caffeine,89.7
557,phenylquinoline,79.0
557,tryptophol,85.8
557,thiophene_ethanol,89.0
557,ethyl_benzofuran_carboxylate,91.5
557,indoline,90.2
557,carbazole,71.5
558,melatonin,87.2
558,caffeine,85.1
558,phenylquinoline,69.6
558,tryptophol,90.2
558,thiophene_ethanol,92.1
558,ethyl_benzofuran_carboxylate,85.8
558,indoline,88.3
558,carbazole,71.3
559,melatonin,81.7
559,caffeine,91.8
559,phenylquinoline,67.9
559,tryptophol,85.5
559,thiophene_ethanol,89.3
559,ethyl_benzofuran_carboxylate,85.6
559,indoline,85.9
559,carbazole,72.6
560,melatonin,86.6
560,caffeine,89.6
560,phenylquinoline,70.5
560,tryptophol,83.9
560,thiophene_ethanol,87.0
560,ethyl_benzofuran_carboxylate,87.5
560,indoline,89.7
560,carbazole,71.8
561,melatonin,87.2
561,caffeine,86.0
561,phenylquinoline,69.3
561,tryptophol,87.8
561,thiophene_ethanol,89.2
561,ethyl_benzofuran_carboxylate,90.3
561,indoline,78.6
561,carbazole,72.1
562,melatonin,84.3
562,caffeine,87.5
562,phenylquinoline,70.9
562,tryptophol,87.0
562,thiophene_ethanol,93.4
562,ethyl_benzofuran_carboxylate,86.9
562,indoline,91.9
562,carbazole,65.2
563,melatonin,87.0
563,caffeine,88.9
563,phenylquinoline,67.6
563,tryptophol,86.2
563,thiophene_ethanol,92.3
563,ethyl_benzofuran_carboxylate,94.7
563,indoline,83.1
563,carbazole,80.6
564,melatonin,85.7
564,caffeine,83.1
564,phenylquinoline,73.2
564,tryptophol,85.7
564,thiophene_ethanol,86.2
564,ethyl_benzofuran_carboxylate,85.9
564,indoline,90.0
564,carbazole,66.6
565,melatonin,84.9
565,caffeine,91.3
565,phenylquinoline,70.2
565,tryptophol,89.2
565,thiophene_ethanol,87.6
565,ethyl_benzofuran_carboxylate,83.9
565,indoline,87.0
565,carbazole,69.5
566,melatonin,87.3
566,caffeine,88.2
566,phenylquinoline,74.2
566,tryptophol,88.3
566,thiophene_ethanol,82.5
566,ethyl_benzofuran_carboxylate,88.4
566,indoline,93.9
566,carbazole,64.1
567,melatonin,88.6
567,caffeine,87.7
567,phenylquinoline,71.6
567,tryptophol,88.8
567,thiophene_ethanol,89.1
567,ethyl_benzofuran_carboxylate,90.1
567,indoline,89.5
567,carbazole,79.7
568,melatonin,90.9
568,caffeine,86.2
568,phenylquinoline,79.8
568,tryptophol,86.3
568,thiophene_ethanol,86.0
568,ethyl_benzofuran_carboxylate,90.5
568,indoline,92.2
568,carbazole,69.5
569,melatonin,86.9
569,caffeine,89.9
569,phenylquinoline,64.5
569,tryptophol,88.2
569,thiophene_ethanol,88.1
569,ethyl_benzofuran_carboxylate,89.8
569,indoline,84.9
569,carbazole,76.7
570,melatonin,91.0
570,caffeine,87.6
570,phenylquinoline,74.3
570,tryptophol,93.2
570,thiophene_ethanol,87.1
570,ethyl_benzofuran_carboxylate,89.9
570,indoline,93.1
570,carbazole,71.0
571,melatonin,86.4
571,caffeine,85.6
571,phenylquinoline,73.2
571,tryptophol,89.7
571,thiophene_ethanol,88.2
571,ethyl_benzofuran_carboxylate,86.0
571,indoline,87.4
571,carbazole,72.6
572,melatonin,79.0
572,caffeine,90.4
572,phenylquinoline,72.9
572,tryptophol,89.9
572,thiophene_ethanol,84.8
572,ethyl_benzofuran_carboxylate,81.8
572,indoline,89.9
572,carbazole,70.1
573,melatonin,91.9
573,caffeine,87.6
573,phenylquinoline,70.5
573,tryptophol,87.7
573,thiophene_ethanol,84.9
573,ethyl_benzofuran_carboxylate,88.6
573,indoline,91.5
573,carbazole,71.3
574,melatonin,91.4
574,caffeine,88.6
574,phenylquinoline,71.5
574,tryptophol,88.0
574,thiophene_ethanol,82.8
574,ethyl_benzofuran_carboxylate,86.2
574,indoline,90.8
574,carbazole,77.5
575,melatonin,84.0
575,caffeine,90.7
575,phenylquinoline,78.5
575,tryptophol,87.6
575,thiophene_ethanol,81.3
575,ethyl_benzofuran_carboxylate,86.2
575,indoline,85.7
575,carbazole,78.2
576,melatonin,90.1
576,caffeine,88.7
576,phenylquinoline,72.6
576,tryptophol,88.7
576,thiophene_ethanol,86.7
576,ethyl_benzofuran_carboxylate,86.7
576,indoline,89.1
576,carbazole,67.6
577,melatonin,89.3
577,caffeine,88.6
577,phenylquinoline,80.3
577,tryptophol,83.6
577,thiophene_ethanol,85.8
577,ethyl_benzofuran_carboxylate,84.8
577,indoline,88.2
577,carbazole,75.8
578,melatonin,86.9
578,caffeine,89.8
578,phenylquinoline,69.1
578,tryptophol,91.5
578,thiophene_ethanol,86.9
578,ethyl_benzofuran_carboxylate,92.1
578,indoline,90.2
578,carbazole,80.0
579,melatonin,90.4
579,caffeine,87.5
579,phenylquinoline,68.5
579,tryptophol,86.8
579,thiophene_ethanol,91.7
579,ethyl_benzofuran_carboxylate,82.9
579,indoline,86.9
579,carbazole,70.2
580,melatonin,87.1
580,caffeine,92.6
580,phenylquinoline,73.0
580,tryptophol,86.6
580,thiophene_ethanol,93.4
580,ethyl_benzofuran_carboxylate,88.7
580,indoline,93.7
580,carbazole,73.7
581,melatonin,89.4
581,caffeine,92.6
581,phenylquinoline,75.6
581,tryptophol,83.8
581,thiophene_ethanol,87.5
581,ethyl_benzofuran_carboxylate,85.4
581,indoline,85.2
581,carbazole,70.6
582,melatonin,88.2
582,caffeine,94.0
582,phenylquinoline,79.1
582,tryptophol,89.4
582,thiophene_ethanol,85.4
582,ethyl_benzofuran_carboxylate,84.2
582,indoline,86.2
582,carbazole,76.3
583,melatonin,90.0
583,caffeine,84.7
583,phenylquinoline,73.8
583,tryptophol,93.4
583,thiophene_ethanol,91.1
583,ethyl_benzofuran_carboxylate,86.0
583,indoline,88.7
583,carbazole,70.2
584,melatonin,85.5
584,caffeine,87.0
584,phenylquinoline,69.8
584,tryptophol,85.0
584,thiophene_ethanol,90.1
584,ethyl_benzofuran_carboxylate,85.4
584,indoline,93.6
584,carbazole,67.4
585,melatonin,90.8
585,caffeine,84.1
585,phenylquinoline,72.6
585,tryptophol,90.4
585,thiophene_ethanol,89.0
585,ethyl_benzofuran_carboxylate,84.4
585,indoline,86.5
585,carbazole,73.7
586,melatonin,89.7
586,caffeine,85.2
586,phenylquinoline,72.0
586,tryptophol,83.7
586,thiophene_ethanol,87.0
586,ethyl_benzofuran_carboxylate,84.5
586,indoline,85.7
586,carbazole,70.6
587,melatonin,91.5
587,caffeine,87.5
587,phenylquinoline,80.4
587,tryptophol,89.2
587,thiophene_ethanol,83.2
587,ethyl_benzofuran_carboxylate,87.2
587,indoline,88.0
587,carbazole,68.3
588,melatonin,87.3
588,caffeine,83.5
588,phenylquinoline,83.3
588,tryptophol,85.4
588,thiophene_ethanol,93.2
588,ethyl_benzofuran_carboxylate,85.6
588,indoline,83.9
588,carbazole,64.7
589,melatonin,91.3
589,caffeine,89.8
589,phenylquinoline,75.3
589,tryptophol,90.2
589,thiophene_ethanol,90.9
589,ethyl_benzofuran_carboxylate,84.7
589,indoline,86.1
589,carbazole,73.3
590,melatonin,87.2
590,caffeine,88.7
590,phenylquinoline,74.0
590,tryptophol,81.5
590,thiophene_ethanol,84.9
590,ethyl_benzofuran_carboxylate,80.7
590,indoline,88.6
590,carbazole,77.4
591,melatonin,86.2
591,caffeine,88.2
591,phenylquinoline,77.8
591,tryptophol,83.6
591,thiophene_ethanol,84.8
591,ethyl_benzofuran_carboxylate,87.2
591,indoline,86.7
591,carbazole,68.7
592,melatonin,85.2
592,caffeine,86.3
592,phenylquinoline,78.8
592,tryptophol,86.4
592,thiophene_ethanol,89.4
592,ethyl_benzofuran_carboxylate,87.5
592,indoline,84.0
592,carbazole,69.9
593,melatonin,88.9
593,caffeine,86.6
593,phenylquinoline,71.5
593,tryptophol,83.6
593,thiophene_ethanol,91.9
593,ethyl_benzofuran_carboxylate,91.0
593,indoline,90.8
593,carbazole,70.8
594,melatonin,89.7
594,caffeine,84.1
594,phenylquinoline,66.3
594,tryptophol,90.4
594,thiophene_ethanol,84.5
594,ethyl_benzofuran_carboxylate,87.5
594,indoline,84.0
594,carbazole,70.7
595,melatonin,79.7
595,caffeine,92.1
595,phenylquinoline,76.1
595,tryptophol,90.2
595,thiophene_ethanol,81.9
595,ethyl_benzofuran_carboxylate,89.9
595,indoline,90.9
595,carbazole,67.7
596,melatonin,92.9
596,caffeine,88.9
596,phenylquinoline,72.8
596,tryptophol,87.4
596,thiophene_ethanol,91.6
596,ethyl_benzofuran_carboxylate,91.5
596,indoline,89.3
596,carbazole,79.4
597,melatonin,88.8
597,caffeine,93.5
597,phenylquinoline,73.8
597,tryptophol,90.8
597,thiophene_ethanol,91.3
597,ethyl_benzofuran_carboxylate,84.2
597,indoline,85.4
597,carbazole,73.8
598,melatonin,89.9
598,caffeine,91.0
598,phenylquinoline,75.3
598,tryptophol,89.5
598,thiophene_ethanol,78.9
598,ethyl_benzofuran_carboxylate,89.7
598,indoline,85.0
598,carbazole,75.8
599,melatonin,85.1
599,caffeine,92.1
599,phenylquinoline,84.2
599,tryptophol,83.7
599,thiophene_ethanol,97.5
599,ethyl_benzofuran_carboxylate,82.2
599,indoline,80.4
599,carbazole,71.8
600,melatonin,88.1
600,caffeine,86.5
600,phenylquinoline,66.9
600,tryptophol,86.4
600,thiophene_ethanol,89.5
600,ethyl_benzofuran_carboxylate,87.1
600,indoline,87.3
600,carbazole,70.0
601,melatonin,89.0
601,caffeine,87.9
601,phenylquinoline,67.2
601,tryptophol,93.2
601,thiophene_ethanol,84.8
601,ethyl_benzofuran_carboxylate,90.4
601,indoline,86.1
601,carbazole,71.9
602,melatonin,85.0
602,caffeine,87.8
602,phenylquinoline,73.4
602,tryptophol,83.6
602,thiophene_ethanol,92.4
602,ethyl_benzofuran_carboxylate,91.1
602,indoline,86.5
602,carbazole,72.6
603,melatonin,94.8
603,caffeine,87.3
603,phenylquinoline,70.9
603,tryptophol,84.1
603,thiophene_ethanol,94.4
603,ethyl_benzofuran_carboxylate,87.0
603,indoline,88.2
603,carbazole,70.5
604,melatonin,85.6
604,caffeine,86.5
604,phenylquinoline,67.6
604,tryptophol,89.4
604,thiophene_ethanol,88.6
604,ethyl_benzofuran_carboxylate,85.4
604,indoline,90.2
604,carbazole,70.6
605,melatonin,88.0
605,caffeine,81.1
605,phenylquinoline,78.5
605,tryptophol,87.2
605,thiophene_ethanol,94.8
605,ethyl_benzofuran_carboxylate,94.8
605,indoline,89.6
605,carbazole,76.1
606,melatonin,90.3
606,caffeine,85.8
606,phenylquinoline,77.4
606,tryptophol,95.4
606,thiophene_ethanol,89.4
606,ethyl_benzofuran_carboxylate,90.8
606,indoline,86.9
606,carbazole,78.7
607,melatonin,87.2
607,caffeine,86.7
607,phenylquinoline,71.1
607,tryptophol,87.5
607,thiophene_ethanol,87.4
607,ethyl_benzofuran_carboxylate,88.4
607,indoline,89.6
607,carbazole,78.5
608,melatonin,84.9
608,caffeine,91.0
608,phenylquinoline,75.2
608,tryptophol,83.9
608,thiophene_ethanol,84.6
608,ethyl_benzofuran_carboxylate,92.2
608,indoline,90.8
608,carbazole,83.5
609,melatonin,86.6
609,caffeine,88.8
609,phenylquinoline,74.6
609,tryptophol,87.5
609,thiophene_ethanol,87.6
609,ethyl_benzofuran_carboxylate,91.7
609,indoline,86.2
609,carbazole,73.4
610,melatonin,86.2
610,caffeine,87.3
610,phenylquinoline,76.4
610,tryptophol,84.8
610,thiophene_ethanol,86.4
610,ethyl_benzofuran_carboxylate,84.3
610,indoline,89.0
610,carbazole,64.0
611,melatonin,86.2
611,caffeine,87.1
611,phenylquinoline,75.2
611,tryptophol,94.5
611,thiophene_ethanol,86.9
611,ethyl_benzofuran_carboxylate,88.3
611,indoline,87.1
611,carbazole,69.6
612,melatonin,88.0
612,caffeine,84.5
612,phenylquinoline,71.1
612,tryptophol,91.3
612,thiophene_ethanol,89.5
612,ethyl_benzofuran_carboxylate,87.6
612,indoline,88.8
612,carbazole,69.3
613,melatonin,89.6
613,caffeine,89.3
613,phenylquinoline,85.9
613,tryptophol,85.7
613,thiophene_ethanol,89.8
613,ethyl_benzofuran_carboxylate,88.2
613,indoline,84.6
613,carbazole,66.1
614,melatonin,89.1
614,caffeine,91.3
614,phenylquinoline,69.1
614,tryptophol,92.7
614,thiophene_ethanol,84.4
614,ethyl_benzofuran_carboxylate,90.3
614,indoline,92.9
614,carbazole,73.2
615,melatonin,85.5
615,caffeine,88.9
615,phenylquinoline,75.8
615,tryptophol,90.0
615,thiophene_ethanol,91.3
615,ethyl_benzofuran_carboxylate,88.8
615,indoline,88.0
615,carbazole,69.0
616,melatonin,88.7
616,caffeine,88.5
616,phenylquinoline,71.3
616,tryptophol,87.8
616,thiophene_ethanol,89.4
616,ethyl_benzofuran_carboxylate,85.2
616,indoline,88.9
616,carbazole,65.9
617,melatonin,85.5
617,caffeine,90.8
617,phenylquinoline,74.4
617,tryptophol,89.4
617,thiophene_ethanol,89.1
617,ethyl_benzofuran_carboxylate,84.8
617,indoline,89.0
617,carbazole,77.5
618,melatonin,91.3
618,caffeine,89.5
618,phenylquinoline,69.2
618,tryptophol,89.3
618,thiophene_ethanol,88.5
618,ethyl_benzofuran_carboxylate,89.7
618,indoline,81.3
618,carbazole,72.6
619,melatonin,89.7
619,caffeine,84.4
619,phenylquinoline,69.1
619,tryptophol,85.5
619,thiophene_ethanol,91.3
619,ethyl_benzofuran_carboxylate,91.3
619,indoline,89.5
619,carbazole,72.3
620,melatonin,89.4
620,caffeine,89.3
620,phenylquinoline,70.1
620,tryptophol,82.9
620,thiophene_ethanol,90.2
620,ethyl_benzofuran_carboxylate,90.1
620,indoline,88.6
620,carbazole,71.6
621,melatonin,85.0
621,caffeine,84.4
621,phenylquinoline,77.5
621,tryptophol,87.8
621,thiophene_ethanol,86.6
621,ethyl_benzofuran_carboxylate,87.6
621,indoline,92.8
621,carbazole,71.1
622,melatonin,90.5
622,caffeine,89.1
622,phenylquinoline,69.5
622,tryptophol,85.4
622,thiophene_ethanol,83.1
622,ethyl_benzofuran_carboxylate,98.3
622,indoline,86.5
622,carbazole,70.4
623,melatonin,90.8
623,caffeine,89.9
623,phenylquinoline,76.5
623,tryptophol,90.3
623,thiophene_ethanol,83.6
623,ethyl_benzofuran_carboxylate,90.6
623,indoline,88.7
623,carbazole,77.2
624,melatonin,86.3
624,caffeine,85.1
624,phenylquinoline,71.5
624,tryptophol,85.1
624,thiophene_ethanol,87.9
624,ethyl_benzofuran_carboxylate,86.8
624,indoline,87.8
624,carbazole,68.0
625,melatonin,85.8
625,caffeine,83.8
625,phenylquinoline,71.4
625,tryptophol,86.9
625,thiophene_ethanol,87.0
625,ethyl_benzofuran_carboxylate,87.6
625,indoline,90.7
625,carbazole,65.7
626,melatonin,88.1
626,caffeine,87.6
626,phenylquinoline,76.4
626,tryptophol,86.5
626,thiophene_ethanol,93.6
626,ethyl_benzofuran_carboxylate,91.4
626,indoline,90.6
626,carbazole,58.9
627,melatonin,86.6
627,caffeine,84.1
627,phenylquinoline,69.5
627,tryptophol,88.6
627,thiophene_ethanol,84.8
627,ethyl_benzofuran_carboxylate,90.2
627,indoline,86.4
627,carbazole,72.0
628,melatonin,88.4
628,caffeine,87.5
628,phenylquinoline,70.8
628,tryptophol,92.4
628,thiophene_ethanol,87.8
628,ethyl_benzofuran_carboxylate,88.3
628,indoline,89.1
628,carbazole,68.7
629,melatonin,86.6
629,caffeine,87.3
629,phenylquinoline,77.9
629,tryptophol,88.6
629,thiophene_ethanol,88.9
629,ethyl_benzofuran_carboxylate,86.9
629,indoline,84.8
629,carbazole,71.6
630,melatonin,88.0
630,caffeine,86.0
630,phenylquinoline,67.1
630,tryptophol,89.6
630,thiophene_ethanol,87.2
630,ethyl_benzofuran_carboxylate,88.7
630,indoline,84.8
630,carbazole,70.6
631,melatonin,83.8
631,caffeine,90.2
631,phenylquinoline,81.6
631,tryptophol,92.0
631,thiophene_ethanol,87.9
631,ethyl_benzofuran_carboxylate,85.6
631,indoline,85.7
631,carbazole,68.9
632,melatonin,87.4
632,caffeine,91.7
632,phenylquinoline,74.5
632,tryptophol,82.6
632,thiophene_ethanol,84.8
632,ethyl_benzofuran_carboxylate,89.8
632,indoline,84.3
632,carbazole,73.7
633,melatonin,86.3
633,caffeine,86.3
633,phenylquinoline,72.5
633,tryptophol,84.5
633,thiophene_ethanol,82.8
633,ethyl_benzofuran_carboxylate,87.1
633,indoline,88.3
633,carbazole,77.3
634,melatonin,87.0
634,caffeine,90.2
634,phenylquinoline,67.7
634,tryptophol,85.3
634,thiophene_ethanol,88.8
634,ethyl_benzofuran_carboxylate,91.2
634,indoline,95.5
634,carbazole,74.0
635,melatonin,89.2
635,caffeine,89.6
635,phenylquinoline,73.7
635,tryptophol,87.1
635,thiophene_ethanol,80.4
635,ethyl_benzofuran_carboxylate,87.9
635,indoline,88.4
635,carbazole,74.9
636,melatonin,85.8
636,caffeine,87.7
636,phenylquinoline,73.3
636,tryptophol,89.3
636,thiophene_ethanol,84.4
636,ethyl_benzofuran_carboxylate,86.7
636,indoline,94.7
636,carbazole,74.1
637,melatonin,94.6
637,caffeine,84.6
637,phenylquinoline,66.1
637,tryptophol,89.0
637,thiophene_ethanol,87.1
637,ethyl_benzofuran_carboxylate,85.0
637,indoline,88.7
637,carbazole,74.2
638,melatonin,93.0
638,caffeine,86.7
638,phenylquinoline,79.2
638,tryptophol,84.4
638,thiophene_ethanol,84.6
638,ethyl_benzofuran_carboxylate,92.2
638,indoline,89.4
638,carbazole,71.3
639,melatonin,92.6
639,caffeine,82.2
639,phenylquinoline,73.9
639,tryptophol,97.2
639,thiophene_ethanol,86.1
639,ethyl_benzofuran_carboxylate,88.1
639,indoline,89.9
639,carbazole,74.1
640,melatonin,83.5
640,caffeine,87.9
640,phenylquinoline,67.6
640,tryptophol,93.4
640,thiophene_ethanol,86.0
640,ethyl_benzofuran_carboxylate,86.2
640,indoline,83.4
640,carbazole,71.2
641,melatonin,88.6
641,caffeine,84.2
641,phenylquinoline,72.8
641,tryptophol,88.9
641,thiophene_ethanol,84.7
641,ethyl_benzofuran_carboxylate,90.0
641,indoline,89.5
641,carbazole,69.2
642,melatonin,82.8
642,caffeine,88.8
642,phenylquinoline,76.0
642,tryptophol,90.0
642,thiophene_ethanol,91.6
642,ethyl_benzofuran_carboxylate,84.7
642,indoline,86.0
642,carbazole,71.4
643,melatonin,83.7
643,caffeine,88.8
643,phenylquinoline,69.8
643,tryptophol,89.9
643,thiophene_ethanol,89.9
643,ethyl_benzofuran_carboxylate,85.3
643,indoline,85.0
643,carbazole,69.4
644,melatonin,83.4
644,caffeine,89.0
644,phenylquinoline,72.8
644,tryptophol,83.7
644,thiophene_ethanol,92.7
644,ethyl_benzofuran_carboxylate,91.7
644,indoline,85.0
644,carbazole,66.8
645,melatonin,89.7
645,caffeine,89.9
645,phenylquinoline,69.8
645,tryptophol,87.9
645,thiophene_ethanol,80.5
645,ethyl_benzofuran_carboxylate,93.9
645,indoline,87.1
645,carbazole,74.3
646,melatonin,85.2
646,caffeine,89.0
646,phenylquinoline,75.0
646,tryptophol,91.4
646,thiophene_ethanol,82.5
646,ethyl_benzofuran_carboxylate,85.9
646,indoline,88.5
646,carbazole,71.6
647,melatonin,84.3
647,caffeine,87.2
647,phenylquinoline,71.8
647,tryptophol,77.9
647,thiophene_ethanol,87.4
647,ethyl_benzofuran_carboxylate,84.3
647,indoline,88.0
647,carbazole,75.2
648,melatonin,85.9
648,caffeine,87.5
648,phenylquinoline,71.6
648,tryptophol,88.2
648,thiophene_ethanol,87.6
648,ethyl_benzofuran_carboxylate,91.0
648,indoline,85.5
648,carbazole,74.1
649,melatonin,89.3
649,caffeine,87.4
649,phenylquinoline,75.2
649,tryptophol,85.3
649,thiophene_ethanol,90.8
649,ethyl_benzofuran_carboxylate,85.5
649,indoline,89.1
649,carbazole,66.6
650,melatonin,86.9
650,caffeine,89.9
650,phenylquinoline,79.0
650,tryptophol,91.3
650,thiophene_ethanol,92.7
650,ethyl_benzofuran_carboxylate,92.5
650,indoline,84.2
650,carbazole,72.1
651,melatonin,91.4
651,caffeine,85.6
651,phenylquinoline,71.3
651,tryptophol,89.2
651,thiophene_ethanol,85.6
651,ethyl_benzofuran_carboxylate,91.6
651,indoline,86.3
651,carbazole,74.5
652,melatonin,89.9
652,caffeine,80.1
652,phenylquinoline,75.4
652,tryptophol,86.3
652,thiophene_ethanol,85.0
652,ethyl_benzofuran_carboxylate,86.2
652,indoline,86.5
652,carbazole,71.5
653,melatonin,89.2
653,caffeine,88.0
653,phenylquinoline,72.1
653,tryptophol,92.1
653,thiophene_ethanol,94.2
653,ethyl_benzofuran_carboxylate,82.3
653,indoline,85.4
653,carbazole,78.8
654,melatonin,93.0
654,caffeine,84.8
654,phenylquinoline,76.9
654,tryptophol,87.3
654,thiophene_ethanol,90.5
654,ethyl_benzofuran_carboxylate,91.6
654,indoline,91.7
654,carbazole,77.1
655,melatonin,89.9
655,caffeine,85.0
655,phenylquinoline,72.4
655,tryptophol,88.5
655,thiophene_ethanol,82.2
655,ethyl_benzofuran_carboxylate,87.8
655,indoline,85.1
655,carbazole,68.1
656,melatonin,84.4
656,caffeine,86.0
656,phenylquinoline,73.5
656,tryptophol,88.0
656,thiophene_ethanol,94.2
656,ethyl_benzofuran_carboxylate,91.1
656,indoline,87.2
656,carbazole,72.6
657,melatonin,87.3
657,caffeine,80.9
657,phenylquinoline,70.0
657,tryptophol,84.9
657,thiophene_ethanol,87.8
657,ethyl_benzofuran_carboxylate,86.3
657,indoline,88.3
657,carbazole,70.6
658,melatonin,91.5
658,caffeine,89.9
658,phenylquinoline,74.8
658,tryptophol,89.2
658,thiophene_ethanol,87.5
658,ethyl_benzofuran_carboxylate,86.8
658,indoline,86.7
658,carbazole,76.6
659,melatonin,92.9
659,caffeine,89.3
659,phenylquinoline,68.5
659,tryptophol,89.1
659,thiophene_ethanol,86.8
659,ethyl_benzofuran_carboxylate,88.0
659,indoline,89.7
659,carbazole,66.0
660,melatonin,84.9
660,caffeine,92.0
660,phenylquinoline,73.0
660,tryptophol,88.7
660,thiophene_ethanol,84.2
660,ethyl_benzofuran_carboxylate,91.2
660,indoline,88.2
660,carbazole,74.8
661,melatonin,88.1
661,caffeine,90.8
661,phenylquinoline,74.6
661,tryptophol,92.9
661,thiophene_ethanol,91.7
661,ethyl_benzofuran_carboxylate,82.0
661,indoline,91.0
661,carbazole,71.7
662,melatonin,95.1
662,caffeine,89.8
662,phenylquinoline,76.4
662,tryptophol,89.5
662,thiophene_ethanol,84.8
662,ethyl_benzofuran_carboxylate,92.1
662,indoline,91.1
662,carbazole,74.2
663,melatonin,81.4
663,caffeine,88.3
663,phenylquinoline,60.9
663,tryptophol,87.5
663,thiophene_ethanol,90.7
663,ethyl_benzofuran_carboxylate,82.3
663,indoline,90.4
663,carbazole,67.3
664,melatonin,84.5
664,caffeine,84.6
664,phenylquinoline,69.6
664,tryptophol,84.6
664,thiophene_ethanol,94.4
664,ethyl_benzofuran_carboxylate,85.3
664,indoline,86.4
664,carbazole,67.9
665,melatonin,82.0
665,caffeine,90.6
665,phenylquinoline,69.3
665,tryptophol,84.9
665,thiophene_ethanol,80.7
665,ethyl_benzofuran_carboxylate,89.8
665,indoline,90.4
665,carbazole,61.7
666,melatonin,90.5
666,caffeine,89.4
666,phenylquinoline,76.7
666,tryptophol,90.7
666,thiophene_ethanol,86.3
666,ethyl_benzofuran_carboxylate,87.7
666,indoline,88.1
666,carbazole,68.2
667,melatonin,83.7
667,caffeine,87.8
667,phenylquinoline,63.0
667,tryptophol,89.5
667,thiophene_ethanol,85.9
667,ethyl_benzofuran_carboxylate,90.8
667,indoline,88.8
667,carbazole,63.5
668,melatonin,87.4
668,caffeine,93.2
668,phenylquinoline,70.5
668,tryptophol,83.8
668,thiophene_ethanol,91.8
668,ethyl_benzofuran_carboxylate,85.5
668,indoline,86.4
668,carbazole,73.2
669,melatonin,93.1
669,caffeine,90.6
669,phenylquinoline,69.0
669,tryptophol,87.3
669,thiophene_ethanol,85.3
669,ethyl_benzofuran_carboxylate,84.5
669,indoline,95.2
669,carbazole,71.0
670,melatonin,86.8
670,caffeine,86.6
670,phenylquinoline,75.4
670,tryptophol,93.3
670,thiophene_ethanol,84.6
670,ethyl_benzofuran_carboxylate,87.8
670,indoline,87.2
670,carbazole,65.9
671,melatonin,86.0
671,caffeine,92.3
671,phenylquinoline,71.6
671,tryptophol,90.4
671,thiophene_ethanol,83.5
671,ethyl_benzofuran_carboxylate,82.9
671,indoline,90.4
671,carbazole,71.0
672,melatonin,89.6
672,caffeine,90.3
672,phenylquinoline,71.0
672,tryptophol,92.7
672,thiophene_ethanol,86.3
672,ethyl_benzofuran_carboxylate,89.7
672,indoline,86.3
672,carbazole,69.6
673,melatonin,88.1
673,caffeine,92.4
673,phenylquinoline,74.0
673,tryptophol,84.0
673,thiophene_ethanol,86.3
673,ethyl_benzofuran_carboxylate,85.8
673,indoline,83.2
673,carbazole,70.6
674,melatonin,91.0
674,caffeine,85.0
674,phenylquinoline,65.6
674,tryptophol,87.5
674,thiophene_ethanol,90.5
674,ethyl_benzofuran_carboxylate,94.3
674,indoline,87.4
674,carbazole,71.9
675,melatonin,95.4
675,caffeine,89.0
675,phenylquinoline,68.0
675,tryptophol,90.4
675,thiophene_ethanol,81.0
675,ethyl_benzofuran_carboxylate,87.2
675,indoline,93.3
675,carbazole,76.0
676,melatonin,87.5
676,caffeine,89.1
676,phenylquinoline,73.8
676,tryptophol,85.9
676,thiophene_ethanol,84.6
676,ethyl_benzofuran_carboxylate,86.1
676,indoline,89.4
676,carbazole,74.8
677,melatonin,85.7
677,caffeine,86.2
677,phenylquinoline,69.6
677,tryptophol,85.4
677,thiophene_ethanol,88.8
677,ethyl_benzofuran_carboxylate,91.4
677,indoline,90.1
677,carbazole,73.1
678,melatonin,96.2
678,caffeine,91.6
678,phenylquinoline,73.2
678,tryptophol,93.6
678,thiophene_ethanol,86.7
678,ethyl_benzofuran_carboxylate,87.4
678,indoline,86.3
678,carbazole,63.6
679,melatonin,91.4
679,caffeine,90.5
679,phenylquinoline,70.5
679,tryptophol,85.3
679,thiophene_ethanol,84.0
679,ethyl_benzofuran_carboxylate,92.9
679,indoline,85.4
679,carbazole,69.4
680,melatonin,92.9
680,caffeine,87.4
680,phenylquinoline,66.0
680,tryptophol,85.0
680,thiophene_ethanol,86.1
680,ethyl_benzofuran_carboxylate,84.9
680,indoline,84.7
680,carbazole,74.3
681,melatonin,89.1
681,caffeine,86.3
681,phenylquinoline,72.8
681,tryptophol,90.7
681,thiophene_ethanol,86.4
681,ethyl_benzofuran_carboxylate,87.9
681,indoline,87.2
681,carbazole,80.0
682,melatonin,82.6
682,caffeine,84.2
682,phenylquinoline,68.6
682,tryptophol,86.7
682,thiophene_ethanol,83.3
682,ethyl_benzofuran_carboxylate,91.1
682,indoline,87.7
682,carbazole,70.7
683,melatonin,86.0
683,caffeine,84.2
683,phenylquinoline,72.3
683,tryptophol,87.2
683,thiophene_ethanol,89.0
683,ethyl_benzofuran_carboxylate,86.5
683,indoline,84.2
683,carbazole,70.0
684,melatonin,86.4
684,caffeine,92.7
684,phenylquinoline,75.5
684,tryptophol,86.7
684,thiophene_ethanol,83.3
684,ethyl_benzofuran_carboxylate,88.4
684,indoline,87.7
684,carbazole,69.9
685,melatonin,92.6
685,caffeine,89.5
685,phenylquinoline,73.8
685,tryptophol,85.3
685,thiophene_ethanol,85.9
685,ethyl_benzofuran_carboxylate,89.7
685,indoline,88.7
685,carbazole,70.3
686,melatonin,87.4
686,caffeine,87.8
686,phenylquinoline,72.8
686,tryptophol,85.3
686,thiophene_ethanol,87.0
686,ethyl_benzofuran_carboxylate,91.8
686,indoline,90.1
686,carbazole,67.0
687,melatonin,88.6
687,caffeine,92.1
687,phenylquinoline,69.7
687,tryptophol,86.6
687,thiophene_ethanol,83.4
687,ethyl_benzofuran_carboxylate,89.5
687,indoline,91.6
687,carbazole,68.3
688,melatonin,84.6
688,caffeine,90.6
688,phenylquinoline,70.5
688,tryptophol,87.1
688,thiophene_ethanol,86.1
688,ethyl_benzofuran_carboxylate,83.5
688,indoline,88.8
688,carbazole,73.1
689,melatonin,90.9
689,caffeine,85.1
689,phenylquinoline,74.0
689,tryptophol,84.6
689,thiophene_ethanol,92.5
689,ethyl_benzofuran_carboxylate,87.1
689,indoline,93.0
689,carbazole,72.8
690,melatonin,91.9
690,caffeine,89.5
690,phenylquinoline,76.4
690,tryptophol,92.4
690,thiophene_ethanol,84.4
690,ethyl_benzofuran_carboxylate,85.4
690,indoline,89.7
690,carbazole,74.3
691,melatonin,88.2
691,caffeine,86.2
691,phenylquinoline,66.5
691,tryptophol,87.8
691,thiophene_ethanol,86.8
691,ethyl_benzofuran_carboxylate,88.0
691,indoline,82.9
691,carbazole,69.8
692,melatonin,88.1
692,caffeine,86.3
692,phenylquinoline,72.1
692,tryptophol,92.0
692,thiophene_ethanol,96.8
692,ethyl_benzofuran_carboxylate,88.6
692,indoline,90.3
692,carbazole,67.9
693,melatonin,89.2
693,caffeine,90.0
693,phenylquinoline,68.0
693,tryptophol,91.3
693,thiophene_ethanol,88.7
693,ethyl_benzofuran_carboxylate,87.7
693,indoline,89.2
693,carbazole,69.8
694,melatonin,88.2
694,caffeine,90.6
694,phenylquinoline,70.0
694,tryptophol,91.2
694,thiophene_ethanol,88.2
694,ethyl_benzofuran_carboxylate,86.5
694,indoline,84.5
694,carbazole,77.9
695,melatonin,90.6
695,caffeine,90.2
695,phenylquinoline,76.3
695,tryptophol,90.6
695,thiophene_ethanol,89.0
695,ethyl_benzofuran_carboxylate,91.1
695,indoline,85.0
695,carbazole,71.5
696,melatonin,89.1
696,caffeine,92.1
696,phenylquinoline,73.3
696,tryptophol,92.3
696,thiophene_ethanol,87.1
696,ethyl_benzofuran_carboxylate,90.0
696,indoline,83.3
696,carbazole,78.1
697,melatonin,88.7
697,caffeine,83.9
697,phenylquinoline,64.5
697,tryptophol,89.4
697,thiophene_ethanol,93.8
697,ethyl_benzofuran_carboxylate,86.0
697,indoline,87.8
697,carbazole,76.0
698,melatonin,87.4
698,caffeine,85.7
698,phenylquinoline,68.2
698,tryptophol,89.2
698,thiophene_ethanol,90.6
698,ethyl_benzofuran_carboxylate,89.8
698,indoline,92.7
698,carbazole,76.7
699,melatonin,88.6
699,caffeine,87.0
699,phenylquinoline,74.8
699,tryptophol,92.8
699,thiophene_ethanol,87.7
699,ethyl_benzofuran_carboxylate,90.0
699,indoline,86.0
699,carbazole,70.7
700,melatonin,87.2
700,caffeine,84.6
700,phenylquinoline,76.3
700,tryptophol,85.4
700,thiophene_ethanol,82.7
700,ethyl_benzofuran_carboxylate,85.0
700,indoline,92.7
700,carbazole,73.9
701,melatonin,88.9
701,caffeine,85.3
701,phenylquinoline,76.6
701,tryptophol,84.6
701,thiophene_ethanol,90.5
701,ethyl_benzofuran_carboxylate,88.3
701,indoline,87.9
701,carbazole,63.1
702,melatonin,86.6
702,caffeine,85.5
702,phenylquinoline,74.3
702,tryptophol,89.5
702,thiophene_ethanol,87.0
702,ethyl_benzofuran_carboxylate,86.9
702,indoline,90.6
702,carbazole,73.3
703,melatonin,86.6
703,caffeine,87.9
703,phenylquinoline,72.4
703,tryptophol,89.3
703,thiophene_ethanol,89.1
703,ethyl_benzofuran_carboxylate,91.7
703,indoline,88.2
703,carbazole,68.6
704,melatonin,88.8
704,caffeine,87.6
704,phenylquinoline,71.2
704,tryptophol,82.1
704,thiophene_ethanol,88.0
704,ethyl_benzofuran_carboxylate,85.8
704,indoline,85.9
704,carbazole,65.6
705,melatonin,90.3
705,caffeine,88.7
705,phenylquinoline,76.2
705,tryptophol,87.3
705,thiophene_ethanol,88.6
705,ethyl_benzofuran_carboxylate,84.4
705,indoline,87.8
705,carbazole,70.3
706,melatonin,80.9
706,caffeine,86.0
706,phenylquinoline,72.4
706,tryptophol,91.5
706,thiophene_ethanol,87.7
706,ethyl_benzofuran_carboxylate,87.6
706,indoline,89.5
706,carbazole,67.3
707,melatonin,86.7
707,caffeine,84.0
707,phenylquinoline,73.6
707,tryptophol,84.9
707,thiophene_ethanol,84.3
707,ethyl_benzofuran_carboxylate,86.3
707,indoline,88.7
707,carbazole,71.2
708,melatonin,86.7
708,caffeine,89.3
708,phenylquinoline,73.4
708,tryptophol,87.5
708,thiophene_ethanol,83.5
708,ethyl_benzofuran_carboxylate,91.9
708,indoline,91.0
708,carbazole,72.3
709,melatonin,88.8
709,caffeine,92.9
709,phenylquinoline,71.9
709,tryptophol,87.5
709,thiophene_ethanol,94.0
709,ethyl_benzofuran_carboxylate,83.8
709,indoline,88.4
709,carbazole,68.8
710,melatonin,89.4
710,caffeine,90.4
710,phenylquinoline,73.7
710,tryptophol,82.1
710,thiophene_ethanol,90.2
710,ethyl_benzofuran_carboxylate,88.3
710,indoline,93.5
710,carbazole,76.1
711,melatonin,93.9
711,caffeine,90.1
711,phenylquinoline,67.3
711,tryptophol,87.4
711,thiophene_ethanol,86.7
711,ethyl_benzofuran_carboxylate,84.3
711,indoline,88.4
711,carbazole,67.7
712,melatonin,85.8
712,caffeine,88.9
712,phenylquinoline,71.8
712,tryptophol,89.4
712,thiophene_ethanol,82.0
712,ethyl_benzofuran_carboxylate,85.7
712,indoline,90.0
712,carbazole,72.6
713,melatonin,93.2
713,caffeine,92.5
713,phenylquinoline,70.6
713,tryptophol,92.7
713,thiophene_ethanol,90.7
713,ethyl_benzofuran_carboxylate,82.5
713,indoline,90.0
713,carbazole,76.1
714,melatonin,81.7
714,caffeine,88.7
714,phenylquinoline,71.6
714,tryptophol,84.7
714,thiophene_ethanol,89.3
714,ethyl_benzofuran_carboxylate,85.3
714,indoline,93.3
714,carbazole,69.9
715,melatonin,83.1
715,caffeine,84.9
715,phenylquinoline,74.2
715,tryptophol,87.7
715,thiophene_ethanol,93.1
715,ethyl_benzofuran_carboxylate,89.3
715,indoline,85.7
715,carbazole,73.9
716,melatonin,84.1
716,caffeine,85.2
716,phenylquinoline,68.8
716,tryptophol,90.8
716,thiophene_ethanol,86.4
716,ethyl_benzofuran_carboxylate,84.4
716,indoline,88.6
716,carbazole,70.2
717,melatonin,91.9
717,caffeine,90.5
717,phenylquinoline,72.4
717,tryptophol,83.8
717,thiophene_ethanol,91.1
717,ethyl_benzofuran_carboxylate,89.8
717,indoline,90.7
717,carbazole,72.3
718,melatonin,89.2
718,caffeine,86.4
718,phenylquinoline,68.7
718,tryptophol,87.9
718,thiophene_ethanol,87.4
718,ethyl_benzofuran_carboxylate,83.0
718,indoline,91.2
718,carbazole,70.8
719,melatonin,91.7
719,caffeine,85.1
719,phenylquinoline,74.7
719,tryptophol,88.1
719,thiophene_ethanol,90.0
719,ethyl_benzofuran_carboxylate,87.5
719,indoline,86.3
719,carbazole,73.6
720,melatonin,92.8
720,caffeine,91.1
720,phenylquinoline,74.1
720,tryptophol,84.5
720,thiophene_ethanol,92.9
720,ethyl_benzofuran_carboxylate,86.6
720,indoline,92.7
720,carbazole,67.7
721,melatonin,87.5
721,caffeine,85.8
721,phenylquinoline,71.5
721,tryptophol,87.4
721,thiophene_ethanol,82.8
721,ethyl_benzofuran_carboxylate,92.4
721,indoline,86.7
721,carbazole,71.7
722,melatonin,88.2
722,caffeine,84.6
722,phenylquinoline,68.9
722,tryptophol,97.3
722,thiophene_ethanol,88.3
722,ethyl_benzofuran_carboxylate,84.6
722,indoline,89.8
722,carbazole,71.3
723,melatonin,87.9
723,caffeine,83.4
723,phenylquinoline,73.4
723,tryptophol,88.4
723,thiophene_ethanol,86.3
723,ethyl_benzofuran_carboxylate,89.4
723,indoline,86.1
723,carbazole,73.9
724,melatonin,89.0
724,caffeine,90.0
724,phenylquinoline,67.0
724,tryptophol,80.3
724,thiophene_ethanol,82.4
724,ethyl_benzofuran_carboxylate,87.8
724,indoline,84.5
724,carbazole,70.0
725,melatonin,91.2
725,caffeine,88.0
725,phenylquinoline,74.7
725,tryptophol,94.3
725,thiophene_ethanol,88.2
725,ethyl_benzofuran_carboxylate,82.0
725,indoline,88.7
725,carbazole,73.4
726,melatonin,87.5
726,caffeine,88.3
726,phenylquinoline,72.8
726,tryptophol,87.2
726,thiophene_ethanol,90.4
726,ethyl_benzofuran_carboxylate,86.2
726,indoline,87.5
726,carbazole,64.4
727,melatonin,90.6
727,caffeine,86.9
727,phenylquinoline,63.7
727,tryptophol,88.0
727,thiophene_ethanol,85.8
727,ethyl_benzofuran_carboxylate,88.6
727,indoline,86.7
727,carbazole,65.4
728,melatonin,88.9
728,caffeine,87.0
728,phenylquinoline,64.3
728,tryptophol,86.8
728,thiophene_ethanol,87.7
728,ethyl_benzofuran_carboxylate,86.4
728,indoline,85.3
728,carbazole,74.5
729,melatonin,92.3
729,caffeine,89.9
729,phenylquinoline,72.2
729,tryptophol,91.0
729,thiophene_ethanol,89.0
729,ethyl_benzofuran_carboxylate,88.9
729,indoline,89.6
729,carbazole,70.7
730,melatonin,84.7
730,caffeine,84.8
730,phenylquinoline,67.4
730,tryptophol,86.1
730,thiophene_ethanol,85.1
730,ethyl_benzofuran_carboxylate,85.3
730,indoline,85.0
730,carbazole,69.1
731,melatonin,89.8
731,caffeine,87.7
731,phenylquinoline,71.9
731,tryptophol,83.4
731,thiophene_ethanol,87.6
731,ethyl_benzofuran_carboxylate,82.5
731,indoline,84.4
731,carbazole,67.3
732,melatonin,82.1
732,caffeine,93.6
732,phenylquinoline,72.9
732,tryptophol,88.7
732,thiophene_ethanol,88.5
732,ethyl_benzofuran_carboxylate,85.1
732,indoline,87.9
732,carbazole,71.3
733,melatonin,85.3
733,caffeine,89.9
733,phenylquinoline,73.1
733,tryptophol,88.4
733,thiophene_ethanol,87.5
733,ethyl_benzofuran_carboxylate,87.5
733,indoline,83.8
733,carbazole,71.8
734,melatonin,86.0
734,caffeine,91.1
734,phenylquinoline,66.5
734,tryptophol,83.5
734,thiophene_ethanol,88.8
734,ethyl_benzofuran_carboxylate,88.6
734,indoline,86.2
734,carbazole,67.6
735,melatonin,87.8
735,caffeine,93.6
735,phenylquinoline,79.6
735,tryptophol,86.5
735,thiophene_ethanol,86.6
735,ethyl_benzofuran_carboxylate,88.3
735,indoline,89.3
735,carbazole,67.8
736,melatonin,92.1
736,caffeine,86.7
736,phenylquinoline,75.9
736,tryptophol,88.0
736,thiophene_ethanol,87.6
736,ethyl_benzofuran_carboxylate,86.4
736,indoline,87.2
736,carbazole,67.4
737,melatonin,87.2
737,caffeine,87.7
737,phenylquinoline,73.2
737,tryptophol,92.3
737,thiophene_ethanol,85.0
737,ethyl_benzofuran_carboxylate,90.5
737,indoline,92.0
737,carbazole,69.7
738,melatonin,84.2
738,caffeine,84.1
738,phenylquinoline,72.6
738,tryptophol,85.6
738,thiophene_ethanol,89.0
738,ethyl_benzofuran_carboxylate,87.9
738,indoline,94.6
738,carbazole,65.4
739,melatonin,92.3
739,caffeine,88.2
739,phenylquinoline,65.9
739,tryptophol,87.8
739,thiophene_ethanol,87.0
739,ethyl_benzofuran_carboxylate,89.7
739,indoline,89.4
739,carbazole,69.3
740,melatonin,84.5
740,caffeine,95.0
740,phenylquinoline,69.2
740,tryptophol,92.9
740,thiophene_ethanol,87.6
740,ethyl_benzofuran_carboxylate,87.9
740,indoline,91.4
740,carbazole,73.6
741,melatonin,90.8
741,caffeine,88.7
741,phenylquinoline,78.3
741,tryptophol,87.4
741,thiophene_ethanol,88.6
741,ethyl_benzofuran_carboxylate,85.6
741,indoline,91.0
741,carbazole,73.5
742,melatonin,82.5
742,caffeine,86.6
742,phenylquinoline,75.3
742,tryptophol,90.3
742,thiophene_ethanol,83.9
742,ethyl_benzofuran_carboxylate,92.9
742,indoline,81.1
742,carbazole,73.9
743,melatonin,85.5
743,caffeine,88.5
743,phenylquinoline,71.5
743,tryptophol,85.5
743,thiophene_ethanol,86.0
743,ethyl_benzofuran_carboxylate,87.0
743,indoline,89.5
743,carbazole,70.9
744,melatonin,86.6
744,caffeine,87.3
744,phenylquinoline,74.7
744,tryptophol,87.6
744,thiophene_ethanol,90.3
744,ethyl_benzofuran_carboxylate,87.9
744,indoline,84.0
744,carbazole,68.7
745,melatonin,85.4
745,caffeine,86.8
745,phenylquinoline,71.8
745,tryptophol,90.9
745,thiophene_ethanol,91.7
745,ethyl_benzofuran_carboxylate,86.6
745,indoline,84.5
745,carbazole,81.4
746,melatonin,90.5
746,caffeine,88.3
746,phenylquinoline,74.5
746,tryptophol,92.3
746,thiophene_ethanol,81.9
746,ethyl_benzofuran_carboxylate,89.5
746,indoline,88.4
746,carbazole,79.0
747,melatonin,82.4
747,caffeine,85.4
747,phenylquinoline,71.4
747,tryptophol,83.8
747,thiophene_ethanol,82.0
747,ethyl_benzofuran_carboxylate,90.1
747,indoline,94.6
747,carbazole,63.3
748,melatonin,87.9
748,caffeine,90.5
748,phenylquinoline,65.9
748,tryptophol,84.0
748,thiophene_ethanol,91.8
748,ethyl_benzofuran_carboxylate,84.9
748,indoline,82.4
748,carbazole,71.6
749,melatonin,87.1
749,caffeine,92.5
749,phenylquinoline,69.6
749,tryptophol,87.1
749,thiophene_ethanol,82.7
749,ethyl_benzofuran_carboxylate,93.1
749,indoline,87.2
749,carbazole,72.6
750,melatonin,88.2
750,caffeine,89.7
750,phenylquinoline,65.1
750,tryptophol,87.8
750,thiophene_ethanol,92.1
750,ethyl_benzofuran_carboxylate,94.2
750,indoline,88.5
750,carbazole,73.3
751,melatonin,87.0
751,caffeine,87.7
751,phenylquinoline,71.2
751,tryptophol,88.5
751,thiophene_ethanol,88.8
751,ethyl_benzofuran_carboxylate,92.3
751,indoline,89.7
751,carbazole,74.5
752,melatonin,88.1
752,caffeine,86.9
752,phenylquinoline,72.5
752,tryptophol,87.3
752,thiophene_ethanol,87.6
752,ethyl_benzofuran_carboxylate,87.7
752,indoline,87.6
752,carbazole,70.1
753,melatonin,85.2
753,caffeine,83.9
753,phenylquinoline,68.7
753,tryptophol,89.1
753,thiophene_ethanol,87.4
753,ethyl_benzofuran_carboxylate,84.4
753,indoline,88.5
753,carbazole,66.5
754,melatonin,87.1
754,caffeine,94.0
754,phenylquinoline,69.4
754,tryptophol,89.1
754,thiophene_ethanol,89.2
754,ethyl_benzofuran_carboxylate,91.9
754,indoline,90.3
754,carbazole,81.4
755,melatonin,88.1
755,caffeine,91.1
755,phenylquinoline,72.8
755,tryptophol,93.9
755,thiophene_ethanol,86.3
755,ethyl_benzofuran_carboxylate,87.3
755,indoline,86.9
755,carbazole,75.7
756,melatonin,89.3
756,caffeine,86.3
756,phenylquinoline,73.0
756,tryptophol,84.7
756,thiophene_ethanol,82.1
756,ethyl_benzofuran_carboxylate,87.9
756,indoline,87.6
756,carbazole,68.1
757,melatonin,93.5
757,caffeine,88.2
757,phenylquinoline,71.1
757,tryptophol,85.8
757,thiophene_ethanol,85.9
757,ethyl_benzofuran_carboxylate,93.1
757,indoline,90.3
757,carbazole,73.8
758,melatonin,88.6
758,caffeine,82.2
758,phenylquinoline,64.1
758,tryptophol,82.9
758,thiophene_ethanol,90.6
758,ethyl_benzofuran_carboxylate,86.3
758,indoline,89.1
758,carbazole,70.6
759,melatonin,93.2
759,caffeine,80.6
759,phenylquinoline,73.7
759,tryptophol,92.1
759,thiophene_ethanol,91.0
759,ethyl_benzofuran_carboxylate,88.5
759,indoline,90.3
759,carbazole,72.2
760,melatonin,86.9
760,caffeine,83.9
760,phenylquinoline,76.6
760,tryptophol,88.0
760,thiophene_ethanol,90.2
760,ethyl_benzofuran_carboxylate,88.8
760,indoline,82.7
760,carbazole,70.0
761,melatonin,86.1
761,caffeine,83.4
761,phenylquinoline,70.2
761,tryptophol,92.2
761,thiophene_ethanol,89.8
761,ethyl_benzofuran_carboxylate,86.7
761,indoline,89.7
761,carbazole,79.5
762,melatonin,85.2
762,caffeine,88.6
762,phenylquinoline,83.7
762,tryptophol,91.6
762,thiophene_ethanol,84.0
762,ethyl_benzofuran_carboxylate,88.5
762,indoline,90.7
762,carbazole,69.1
763,melatonin,86.1
763,caffeine,85.5
763,phenylquinoline,73.1
763,tryptophol,90.6
763,thiophene_ethanol,89.2
763,ethyl_benzofuran_carboxylate,91.2
763,indoline,90.6
763,carbazole,74.2
764,melatonin,84.4
764,caffeine,87.6
764,phenylquinoline,72.5
764,tryptophol,88.8
764,thiophene_ethanol,89.8
764,ethyl_benzofuran_carboxylate,84.9
764,indoline,88.8
764,carbazole,76.1
765,melatonin,80.2
765,caffeine,82.9
765,phenylquinoline,73.0
765,tryptophol,87.6
765,thiophene_ethanol,90.6
765,ethyl_benzofuran_carboxylate,85.3
765,indoline,89.8
765,carbazole,73.3
766,melatonin,86.6
766,caffeine,95.7
766,phenylquinoline,70.9
766,tryptophol,88.1
766,thiophene_ethanol,88.1
766,ethyl_benzofuran_carboxylate,88.0
766,indoline,86.4
766,carbazole,72.4
767,melatonin,91.0
767,caffeine,88.6
767,phenylquinoline,77.1
767,tryptophol,84.3
767,thiophene_ethanol,84.1
767,ethyl_benzofuran_carboxylate,91.0
767,indoline,81.2
767,carbazole,69.4
768,melatonin,92.6
768,caffeine,90.5
768,phenylquinoline,72.1
768,tryptophol,85.9
768,thiophene_ethanol,89.5
768,ethyl_benzofuran_carboxylate,85.8
768,indoline,89.7
768,carbazole,76.4
769,melatonin,89.5
769,caffeine,86.5
769,phenylquinoline,70.9
769,tryptophol,84.8
769,thiophene_ethanol,90.2
769,ethyl_benzofuran_carboxylate,84.6
769,indoline,83.3
769,carbazole,61.3
770,melatonin,84.5
770,caffeine,89.6
770,phenylquinoline,67.4
770,tryptophol,90.8
770,thiophene_ethanol,84.2
770,ethyl_benzofuran_carboxylate,87.9
770,indoline,78.6
770,carbazole,75.1
771,melatonin,84.7
771,caffeine,86.8
771,phenylquinoline,67.2
771,tryptophol,90.7
771,thiophene_ethanol,85.6
771,ethyl_benzofuran_carboxylate,90.1
771,indoline,84.9
771,carbazole,67.9
772,melatonin,87.6
772,caffeine,82.8
772,phenylquinoline,75.2
772,tryptophol,90.4
772,thiophene_ethanol,86.4
772,ethyl_benzofuran_carboxylate,86.1
772,indoline,84.6
772,carbazole,71.4
773,melatonin,88.1
773,caffeine,88.1
773,phenylquinoline,71.2
773,tryptophol,88.6
773,thiophene_ethanol,93.7
773,ethyl_benzofuran_carboxylate,91.0
773,indoline,88.3
773,carbazole,72.5
774,melatonin,89.1
774,caffeine,89.7
774,phenylquinoline,67.7
774,tryptophol,88.5
774,thiophene_ethanol,92.6
774,ethyl_benzofuran_carboxylate,89.4
774,indoline,90.0
774,carbazole,67.1
775,melatonin,83.9
775,caffeine,86.0
775,phenylquinoline,69.4
775,tryptophol,83.9
775,thiophene_ethanol,85.3
775,ethyl_benzofuran_carboxylate,89.7
775,indoline,90.9
775,carbazole,77.3
776,melatonin,86.2
776,caffeine,89.3
776,phenylquinoline,74.0
776,tryptophol,89.6
776,thiophene_ethanol,83.3
776,ethyl_benzofuran_carboxylate,87.9
776,indoline,88.4
776,carbazole,74.0
777,melatonin,86.6
777,caffeine,85.5
777,phenylquinoline,71.7
777,tryptophol,85.9
777,thiophene_ethanol,90.7
777,ethyl_benzofuran_carboxylate,90.3
777,indoline,90.5
777,carbazole,66.7
778,melatonin,88.6
778,caffeine,89.0
778,phenylquinoline,67.5
778,tryptophol,92.5
778,thiophene_ethanol,89.6
778,ethyl_benzofuran_carboxylate,84.2
778,indoline,87.1
778,carbazole,74.2
779,melatonin,89.5
779,caffeine,85.7
779,phenylquinoline,71.1
779,tryptophol,89.5
779,thiophene_ethanol,88.4
779,ethyl_benzofuran_carboxylate,91.7
779,indoline,90.8
779,carbazole,66.7
780,melatonin,90.3
780,caffeine,89.6
780,phenylquinoline,75.7
780,tryptophol,85.9
780,thiophene_ethanol,92.7
780,ethyl_benzofuran_carboxylate,82.6
780,indoline,89.5
780,carbazole,70.4
781,melatonin,90.6
781,caffeine,89.5
781,phenylquinoline,78.9
781,tryptophol,90.3
781,thiophene_ethanol,89.4
781,ethyl_benzofuran_carboxylate,87.6
781,indoline,92.2
781,carbazole,68.5
782,melatonin,87.7
782,caffeine,89.3
782,phenylquinoline,80.7
782,tryptophol,90.2
782,thiophene_ethanol,90.0
782,ethyl_benzofuran_carboxylate,87.8
782,indoline,84.8
782,carbazole,72.9
783,melatonin,86.3
783,caffeine,87.7
783,phenylquinoline,78.5
783,tryptophol,90.7
783,thiophene_ethanol,80.9
783,ethyl_benzofuran_carboxylate,90.5
783,indoline,87.4
783,carbazole,69.3
784,melatonin,90.9
784,caffeine,87.5
784,phenylquinoline,76.5
784,tryptophol,89.5
784,thiophene_ethanol,88.9
784,ethyl_benzofuran_carboxylate,87.2
784,indoline,90.1
784,carbazole,72.7
785,melatonin,88.4
785,caffeine,86.1
785,phenylquinoline,76.6
785,tryptophol,87.7
785,thiophene_ethanol,83.7
785,ethyl_benzofuran_carboxylate,86.4
785,indoline,83.6
785,carbazole,68.7
786,melatonin,85.6
786,caffeine,91.2
786,phenylquinoline,71.0
786,tryptophol,90.6
786,thiophene_ethanol,83.5
786,ethyl_benzofuran_carboxylate,84.8
786,indoline,87.9
786,carbazole,74.8
787,melatonin,92.8
787,caffeine,90.8
787,phenylquinoline,71.6
787,tryptophol,92.2
787,thiophene_ethanol,86.4
787,ethyl_benzofuran_carboxylate,88.4
787,indoline,87.8
787,carbazole,75.8
788,melatonin,89.3
788,caffeine,91.4
788,phenylquinoline,73.9
788,tryptophol,86.7
788,thiophene_ethanol,85.2
788,ethyl_benzofuran_carboxylate,90.3
788,indoline,91.5
788,carbazole,72.3
789,melatonin,84.7
789,caffeine,85.8
789,phenylquinoline,74.1
789,tryptophol,91.7
789,thiophene_ethanol,88.3
789,ethyl_benzofuran_carboxylate,85.0
789,indoline,88.2
789,carbazole,69.6
790,melatonin,91.1
790,caffeine,88.3
790,phenylquinoline,73.2
790,tryptophol,90.9
790,thiophene_ethanol,86.5
790,ethyl_benzofuran_carboxylate,85.9
790,indoline,88.4
790,carbazole,74.9
791,melatonin,87.2
791,caffeine,93.5
791,phenylquinoline,72.2
791,tryptophol,93.0
791,thiophene_ethanol,83.5
791,ethyl_benzofuran_carboxylate,86.3
791,indoline,86.6
791,carbazole,73.4
792,melatonin,87.8
792,caffeine,89.8
792,phenylquinoline,73.5
792,tryptophol,87.2
792,thiophene_ethanol,90.2
792,ethyl_benzofuran_carboxylate,92.1
792,indoline,84.8
792,carbazole,68.4
793,melatonin,85.9
793,caffeine,90.5
793,phenylquinoline,68.8
793,tryptophol,84.0
793,thiophene_ethanol,92.6
793,ethyl_benzofuran_carboxylate,89.2
793,indoline,88.0
793,carbazole,66.9
794,melatonin,91.7
794,caffeine,88.9
794,phenylquinoline,74.7
794,tryptophol,90.4
794,thiophene_ethanol,87.9
794,ethyl_benzofuran_carboxylate,83.9
794,indoline,90.0
794,carbazole,74.3
795,melatonin,87.4
795,caffeine,91.4
795,phenylquinoline,68.1
795,tryptophol,85.8
795,thiophene_ethanol,88.8
795,ethyl_benzofuran_carboxylate,88.7
795,indoline,83.8
795,carbazole,73.7
796,melatonin,88.2
796,caffeine,82.0
796,phenylquinoline,67.7
796,tryptophol,82.0
796,thiophene_ethanol,86.9
796,ethyl_benzofuran_carboxylate,92.8
796,indoline,87.9
796,carbazole,71.5
797,melatonin,90.0
797,caffeine,85.0
797,phenylquinoline,80.3
797,tryptophol,90.9
797,thiophene_ethanol,90.9
797,ethyl_benzofuran_carboxylate,84.2
797,indoline,93.4
797,carbazole,69.6
798,melatonin,85.3
798,caffeine,93.4
798,phenylquinoline,71.0
798,tryptophol,86.0
798,thiophene_ethanol,86.1
798,ethyl_benzofuran_carboxylate,88.0
798,indoline,88.4
798,carbazole,80.5
799,melatonin,86.2
799,caffeine,84.8
799,phenylquinoline,70.0
799,tryptophol,89.9
799,thiophene_ethanol,86.3
799,ethyl_benzofuran_carboxylate,87.7
799,indoline,84.8
799,carbazole,74.1
800,melatonin,87.4
800,caffeine,85.8
800,phenylquinoline,68.0
800,tryptophol,86.7
800,thiophene_ethanol,90.8
800,ethyl_benzofuran_carboxylate,85.9
800,indoline,78.1
800,carbazole,69.4
801,melatonin,82.4
801,caffeine,88.2
801,phenylquinoline,66.5
801,tryptophol,88.5
801,thiophene_ethanol,91.8
801,ethyl_benzofuran_carboxylate,90.7
801,indoline,87.1
801,carbazole,74.0
802,melatonin,95.6
802,caffeine,83.3
802,phenylquinoline,71.8
802,tryptophol,85.7
802,thiophene_ethanol,89.8
802,ethyl_benzofuran_carboxylate,92.4
802,indoline,90.2
802,carbazole,72.9
803,melatonin,86.4
803,caffeine,89.4
803,phenylquinoline,66.3
803,tryptophol,92.0
803,thiophene_ethanol,84.6
803,ethyl_benzofuran_carboxylate,92.6
803,indoline,89.2
803,carbazole,67.9
804,melatonin,85.9
804,caffeine,85.9
804,phenylquinoline,68.0
804,tryptophol,96.7
804,thiophene_ethanol,83.6
804,ethyl_benzofuran_carboxylate,86.9
804,indoline,86.5
804,carbazole,66.6
805,melatonin,88.2
805,caffeine,87.1
805,phenylquinoline,67.5
805,tryptophol,87.0
805,thiophene_ethanol,82.2
805,ethyl_benzofuran_carboxylate,85.8
805,indoline,88.6
805,carbazole,67.2
806,melatonin,89.5
806,caffeine,86.1
806,phenylquinoline,71.7
806,tryptophol,84.5
806,thiophene_ethanol,86.9
806,ethyl_benzofuran_carboxylate,89.7
806,indoline,87.2
806,carbazole,70.4
807,melatonin,87.3
807,caffeine,89.0
807,phenylquinoline,70.0
807,tryptophol,85.4
807,thiophene_ethanol,90.6
807,ethyl_benzofuran_carboxylate,84.4
807,indoline,84.6
807,carbazole,78.4
808,melatonin,88.4
808,caffeine,85.1
808,phenylquinoline,72.5
808,tryptophol,93.7
808,thiophene_ethanol,83.3
808,ethyl_benzofuran_carboxylate,88.6
808,indoline,84.3
808,carbazole,78.3
809,melatonin,88.2
809,caffeine,87.6
809,phenylquinoline,74.5
809,tryptophol,88.2
809,thiophene_ethanol,85.3
809,ethyl_benzofuran_carboxylate,90.2
809,indoline,89.1
809,carbazole,68.5
810,melatonin,88.4
810,caffeine,86.8
810,phenylquinoline,72.0
810,tryptophol,87.4
810,thiophene_ethanol,89.4
810,ethyl_benzofuran_carboxylate,88.7
810,indoline,89.1
810,carbazole,69.4
811,melatonin,89.3
811,caffeine,95.6
811,phenylquinoline,71.4
811,tryptophol,89.1
811,thiophene_ethanol,89.0
811,ethyl_benzofuran_carboxylate,83.5
811,indoline,86.1
811,carbazole,72.4
812,melatonin,95.5
812,caffeine,88.4
812,phenylquinoline,64.1
812,tryptophol,86.6
812,thiophene_ethanol,83.5
812,ethyl_benzofuran_carboxylate,89.7
812,indoline,87.4
812,carbazole,73.7
813,melatonin,93.2
813,caffeine,89.5
813,phenylquinoline,67.2
813,tryptophol,87.0
813,thiophene_ethanol,89.1
813,ethyl_benzofuran_carboxylate,84.7
813,indoline,95.7
813,carbazole,73.6
814,melatonin,89.7
814,caffeine,85.3
814,phenylquinoline,70.7
814,tryptophol,90.0
814,thiophene_ethanol,85.2
814,ethyl_benzofuran_carboxylate,90.4
814,indoline,87.8
814,carbazole,72.7
815,melatonin,89.1
815,caffeine,82.8
815,phenylquinoline,66.7
815,tryptophol,83.1
815,thiophene_ethanol,86.8
815,ethyl_benzofuran_carboxylate,90.8
815,indoline,86.4
815,carbazole,73.5
816,melatonin,85.7
816,caffeine,86.2
816,phenylquinoline,70.4
816,tryptophol,90.4
816,thiophene_ethanol,84.8
816,ethyl_benzofuran_carboxylate,87.4
816,indoline,87.5
816,carbazole,69.6
817,melatonin,82.9
817,caffeine,88.0
817,phenylquinoline,70.5
817,tryptophol,86.4
817,thiophene_ethanol,90.5
817,ethyl_benzofuran_carboxylate,92.1
817,indoline,82.8
817,carbazole,78.2
818,melatonin,89.6
818,caffeine,91.8
818,phenylquinoline,69.8
818,tryptophol,87.7
818,thiophene_ethanol,85.8
818,ethyl_benzofuran_carboxylate,86.4
818,indoline,89.7
818,carbazole,72.7
819,melatonin,90.1
819,caffeine,85.2
819,phenylquinoline,67.0
819,tryptophol,87.0
819,thiophene_ethanol,91.4
819,ethyl_benzofuran_carboxylate,86.6
819,indoline,90.7
819,carbazole,72.5
820,melatonin,88.3
820,caffeine,86.4
820,phenylquinoline,78.2
820,tryptophol,88.4
820,thiophene_ethanol,94.3
820,ethyl_benzofuran_carboxylate,84.4
820,indoline,90.9
820,carbazole,76.4
821,melatonin,79.5
821,caffeine,89.7
821,phenylquinoline,75.3
821,tryptophol,90.0
821,thiophene_ethanol,86.7
821,ethyl_benzofuran_carboxylate,86.1
821,indoline,85.5
821,carbazole,76.6
822,melatonin,86.1
822,caffeine,85.4
822,phenylquinoline,72.8
822,tryptophol,90.0
822,thiophene_ethanol,85.8
822,ethyl_benzofuran_carboxylate,89.9
822,indoline,90.6
822,carbazole,69.7
823,melatonin,88.4
823,caffeine,86.6
823,phenylquinoline,65.9
823,tryptophol,88.5
823,thiophene_ethanol,91.1
823,ethyl_benzofuran_carboxylate,92.4
823,indoline,85.9
823,carbazole,70.1
824,melatonin,83.4
824,caffeine,86.8
824,phenylquinoline,69.1
824,tryptophol,92.3
824,thiophene_ethanol,88.1
824,ethyl_benzofuran_carboxylate,84.5
824,indoline,86.5
824,carbazole,74.6
825,melatonin,90.7
825,caffeine,91.0
825,phenylquinoline,76.3
825,tryptophol,89.1
825,thiophene_ethanol,83.6
825,ethyl_benzofuran_carboxylate,87.8
825,indoline,82.0
825,carbazole,77.5
826,melatonin,88.0
826,caffeine,88.4
826,phenylquinoline,79.9
826,tryptophol,85.1
826,thiophene_ethanol,89.9
826,ethyl_benzofuran_carboxylate,87.9
826,indoline,88.0
826,carbazole,72.0
827,melatonin,84.6
827,caffeine,85.5
827,phenylquinoline,71.0
827,tryptophol,89.4
827,thiophene_ethanol,86.9
827,ethyl_benzofuran_carboxylate,88.3
827,indoline,84.6
827,carbazole,71.9
828,melatonin,83.4
828,caffeine,88.9
828,phenylquinoline,74.2
828,tryptophol,85.4
828,thiophene_ethanol,92.4
828,ethyl_benzofuran_carboxylate,88.2
828,indoline,89.5
828,carbazole,78.6
829,melatonin,87.9
829,caffeine,86.2
829,phenylquinoline,73.5
829,tryptophol,86.5
829,thiophene_ethanol,88.2
829,ethyl_benzofuran_carboxylate,91.3
829,indoline,84.8
829,carbazole,65.0
830,melatonin,89.4
830,caffeine,87.9
830,phenylquinoline,73.0
830,tryptophol,88.2
830,thiophene_ethanol,82.8
830,ethyl_benzofuran_carboxylate,91.1
830,indoline,85.6
830,carbazole,72.4
831,melatonin,83.4
831,caffeine,89.5
831,phenylquinoline,61.6
831,tryptophol,84.4
831,thiophene_ethanol,82.2
831,ethyl_benzofuran_carboxylate,90.5
831,indoline,86.1
831,carbazole,76.0
832,melatonin,86.7
832,caffeine,93.0
832,phenylquinoline,73.3
832,tryptophol,94.7
832,thiophene_ethanol,83.7
832,ethyl_benzofuran_carboxylate,91.7
832,indoline,93.7
832,carbazole,73.9
833,melatonin,89.2
833,caffeine,89.1
833,phenylquinoline,69.6
833,tryptophol,89.8
833,thiophene_ethanol,85.2
833,ethyl_benzofuran_carboxylate,85.2
833,indoline,87.7
833,carbazole,70.8
834,melatonin,84.2
834,caffeine,89.4
834,phenylquinoline,66.3
834,tryptophol,89.7
834,thiophene_ethanol,92.0
834,ethyl_benzofuran_carboxylate,89.1
834,indoline,81.5
834,carbazole,74.7
835,melatonin,90.7
835,caffeine,85.0
835,phenylquinoline,66.9
835,tryptophol,93.9
835,thiophene_ethanol,87.2
835,ethyl_benzofuran_carboxylate,91.0
835,indoline,88.8
835,carbazole,72.2
836,melatonin,87.8
836,caffeine,88.2
836,phenylquinoline,71.4
836,tryptophol,89.9
836,thiophene_ethanol,84.7
836,ethyl_benzofuran_carboxylate,82.7
836,indoline,84.2
836,carbazole,75.3
837,melatonin,87.3
837,caffeine,90.7
837,phenylquinoline,71.3
837,tryptophol,88.0
837,thiophene_ethanol,85.0
837,ethyl_benzofuran_carboxylate,89.6
837,indoline,86.4
837,carbazole,60.5
838,melatonin,90.6
838,caffeine,93.6
838,phenylquinoline,73.7
838,tryptophol,89.1
838,thiophene_ethanol,86.0
838,ethyl_benzofuran_carboxylate,92.2
838,indoline,85.7
838,carbazole,67.6
839,melatonin,91.3
839,caffeine,91.0
839,phenylquinoline,72.6
839,tryptophol,91.9
839,thiophene_ethanol,86.8
839,ethyl_benzofuran_carboxylate,85.6
839,indoline,78.2
839,carbazole,75.2
840,melatonin,84.3
840,caffeine,85.7
840,phenylquinoline,68.6
840,tryptophol,91.9
840,thiophene_ethanol,83.7
840,ethyl_benzofuran_carboxylate,91.4
840,indoline,89.2
840,carbazole,71.1
841,melatonin,91.2
841,caffeine,80.9
841,phenylquinoline,73.1
841,tryptophol,91.7
841,thiophene_ethanol,88.2
841,ethyl_benzofuran_carboxylate,89.3
841,indoline,89.4
841,carbazole,75.8
842,melatonin,92.3
842,caffeine,91.9
842,phenylquinoline,71.2
842,tryptophol,91.4
842,thiophene_ethanol,99.9
842,ethyl_benzofuran_carboxylate,91.3
842,indoline,90.5
842,carbazole,75.5
843,melatonin,85.6
843,caffeine,87.0
843,phenylquinoline,71.8
843,tryptophol,86.8
843,thiophene_ethanol,92.1
843,ethyl_benzofuran_carboxylate,85.6
843,indoline,90.0
843,carbazole,72.7
844,melatonin,89.7
844,caffeine,88.7
844,phenylquinoline,74.1
844,tryptophol,86.0
844,thiophene_ethanol,87.5
844,ethyl_benzofuran_carboxylate,92.4
844,indoline,87.2
844,carbazole,70.8
845,melatonin,87.1
845,caffeine,87.5
845,phenylquinoline,75.3
845,tryptophol,90.7
845,thiophene_ethanol,89.2
845,ethyl_benzofuran_carboxylate,89.3
845,indoline,90.7
845,carbazole,69.4
846,melatonin,87.6
846,caffeine,86.4
846,phenylquinoline,73.4
846,tryptophol,89.6
846,thiophene_ethanol,88.8
846,ethyl_benzofuran_carboxylate,87.7
846,indoline,91.4
846,carbazole,72.8
847,melatonin,88.5
847,caffeine,89.6
847,phenylquinoline,68.3
847,tryptophol,85.8
847,thiophene_ethanol,90.2
847,ethyl_benzofuran_carboxylate,93.0
847,indoline,90.1
847,carbazole,71.8
848,melatonin,82.4
848,caffeine,86.6
848,phenylquinoline,71.0
848,tryptophol,89.6
848,thiophene_ethanol,80.6
848,ethyl_benzofuran_carboxylate,87.0
848,indoline,88.9
848,carbazole,73.3
849,melatonin,82.2
849,caffeine,87.4
849,phenylquinoline,68.0
849,tryptophol,85.4
849,thiophene_ethanol,89.6
849,ethyl_benzofuran_carboxylate,87.8
849,indoline,90.1
849,carbazole,65.4
850,melatonin,82.6
850,caffeine,91.9
850,phenylquinoline,70.1
850,tryptophol,86.9
850,thiophene_ethanol,85.6
850,ethyl_benzofuran_carboxylate,87.0
850,indoline,85.9
850,carbazole,73.7
851,melatonin,91.6
851,caffeine,85.1
851,phenylquinoline,67.7
851,tryptophol,82.5
851,thiophene_ethanol,86.1
851,ethyl_benzofuran_carboxylate,87.1
851,indoline,86.6
851,carbazole,69.5
852,melatonin,88.9
852,caffeine,87.4
852,phenylquinoline,73.9
852,tryptophol,86.3
852,thiophene_ethanol,87.3
852,ethyl_benzofuran_carboxylate,89.8
852,indoline,86.4
852,carbazole,75.4
853,melatonin,86.6
853,caffeine,87.7
853,phenylquinoline,69.4
853,tryptophol,88.2
853,thiophene_ethanol,92.6
853,ethyl_benzofuran_carboxylate,86.7
853,indoline,89.3
853,carbazole,76.9
854,melatonin,92.1
854,caffeine,88.2
854,phenylquinoline,72.1
854,tryptophol,86.4
854,thiophene_ethanol,83.0
854,ethyl_benzofuran_carboxylate,91.1
854,indoline,89.9
854,carbazole,69.3
855,melatonin,89.6
855,caffeine,86.9
855,phenylquinoline,68.6
855,tryptophol,89.0
855,thiophene_ethanol,81.8
855,ethyl_benzofuran_carboxylate,88.3
855,indoline,94.1
855,carbazole,74.1
856,melatonin,90.5
856,caffeine,87.2
856,phenylquinoline,71.9
856,tryptophol,93.8
856,thiophene_ethanol,88.1
856,ethyl_benzofuran_carboxylate,87.1
856,indoline,89.5
856,carbazole,75.0
857,melatonin,92.4
857,caffeine,88.0
857,phenylquinoline,66.3
857,tryptophol,85.2
857,thiophene_ethanol,91.7
857,ethyl_benzofuran_carboxylate,84.3
857,indoline,84.8
857,carbazole,69.3
858,melatonin,79.4
858,caffeine,89.7
858,phenylquinoline,73.5
858,tryptophol,86.8
858,thiophene_ethanol,87.2
858,ethyl_benzofuran_carboxylate,89.6
858,indoline,88.9
858,carbazole,76.1
859,melatonin,87.1
859,caffeine,84.6
859,phenylquinoline,71.9
859,tryptophol,88.2
859,thiophene_ethanol,84.6
859,ethyl_benzofuran_carboxylate,86.0
859,indoline,86.0
859,carbazole,65.3
860,melatonin,91.1
860,caffeine,82.0
860,phenylquinoline,71.0
860,tryptophol,89.5
860,thiophene_ethanol,88.3
860,ethyl_benzofuran_carboxylate,91.3
860,indoline,84.9
860,carbazole,71.2
861,melatonin,90.6
861,caffeine,91.2
861,phenylquinoline,64.9
861,tryptophol,83.7
861,thiophene_ethanol,87.0
861,ethyl_benzofuran_carboxylate,86.2
861,indoline,86.2
861,carbazole,71.7
862,melatonin,85.0
862,caffeine,82.0
862,phenylquinoline,73.3
862,tryptophol,78.8
862,thiophene_ethanol,87.4
862,ethyl_benzofuran_carboxylate,86.7
862,indoline,91.3
862,carbazole,72.0
863,melatonin,86.5
863,caffeine,92.1
863,phenylquinoline,65.2
863,tryptophol,91.6
863,thiophene_ethanol,90.2
863,ethyl_benzofuran_carboxylate,82.2
863,indoline,88.6
863,carbazole,78.6
864,melatonin,88.3
864,caffeine,88.1
864,phenylquinoline,74.2
864,tryptophol,82.8
864,thiophene_ethanol,86.9
864,ethyl_benzofuran_carboxylate,88.2
864,indoline,85.7
864,carbazole,68.8
865,melatonin,89.0
865,caffeine,85.1
865,phenylquinoline,79.2
865,tryptophol,90.3
865,thiophene_ethanol,89.7
865,ethyl_benzofuran_carboxylate,93.4
865,indoline,85.4
865,carbazole,69.9
866,melatonin,89.2
866,caffeine,88.0
866,phenylquinoline,60.5
866,tryptophol,87.8
866,thiophene_ethanol,87.6
866,ethyl_benzofuran_carboxylate,97.3
866,indoline,84.1
866,carbazole,78.9
867,melatonin,87.5
867,caffeine,84.8
867,phenylquinoline,72.6
867,tryptophol,88.1
867,thiophene_ethanol,84.8
867,ethyl_benzofuran_carboxylate,88.6
867,indoline,85.4
867,carbazole,72.6
868,melatonin,86.4
868,caffeine,85.3
868,phenylquinoline,68.6
868,tryptophol,90.5
868,thiophene_ethanol,84.5
868,ethyl_benzofuran_carboxylate,87.1
868,indoline,86.3
868,carbazole,69.4
869,melatonin,86.9
869,caffeine,85.3
869,phenylquinoline,72.9
869,tryptophol,87.8
869,thiophene_ethanol,87.3
869,ethyl_benzofuran_carboxylate,84.5
869,indoline,91.0
869,carbazole,67.1
870,melatonin,94.7
870,caffeine,86.8
870,phenylquinoline,74.0
870,tryptophol,84.9
870,thiophene_ethanol,87.8
870,ethyl_benzofuran_carboxylate,86.2
870,indoline,84.3
870,carbazole,73.9
871,melatonin,85.1
871,caffeine,89.2
871,phenylquinoline,75.4
871,tryptophol,88.2
871,thiophene_ethanol,87.5
871,ethyl_benzofuran_carboxylate,84.1
871,indoline,88.2
871,carbazole,77.3
872,melatonin,86.5
872,caffeine,87.1
872,phenylquinoline,75.5
872,tryptophol,88.4
872,thiophene_ethanol,92.4
872,ethyl_benzofuran_carboxylate,90.2
872,indoline,93.6
872,carbazole,68.5
873,melatonin,90.9
873,caffeine,85.8
873,phenylquinoline,70.0
873,tryptophol,86.9
873,thiophene_ethanol,87.8
873,ethyl_benzofuran_carboxylate,85.3
873,indoline,86.5
873,carbazole,70.2
874,melatonin,87.4
874,caffeine,89.5
874,phenylquinoline,71.7
874,tryptophol,89.4
874,thiophene_ethanol,92.8
874,ethyl_benzofuran_carboxylate,89.0
874,indoline,83.8
874,carbazole,69.4
875,melatonin,86.7
875,caffeine,88.1
875,phenylquinoline,71.1
875,tryptophol,89.1
875,thiophene_ethanol,91.5
875,ethyl_benzofuran_carboxylate,87.7
875,indoline,88.1
875,carbazole,77.5
876,melatonin,86.0
876,caffeine,89.1
876,phenylquinoline,69.8
876,tryptophol,82.9
876,thiophene_ethanol,89.5
876,ethyl_benzofuran_carboxylate,84.5
876,indoline,89.1
876,carbazole,72.7
877,melatonin,90.8
877,caffeine,83.5
877,phenylquinoline,78.6
877,tryptophol,91.2
877,thiophene_ethanol,86.4
877,ethyl_benzofuran_carboxylate,83.5
877,indoline,81.8
877,carbazole,79.1
878,melatonin,89.2
878,caffeine,86.0
878,phenylquinoline,73.8
878,tryptophol,82.2
878,thiophene_ethanol,83.3
878,ethyl_benzofuran_carboxylate,92.8
878,indoline,88.5
878,carbazole,65.9
879,melatonin,91.3
879,caffeine,87.3
879,phenylquinoline,68.7
879,tryptophol,90.6
879,thiophene_ethanol,85.1
879,ethyl_benzofuran_carboxylate,90.7
879,indoline,92.4
879,carbazole,70.1
880,melatonin,86.8
880,caffeine,86.8
880,phenylquinoline,71.6
880,tryptophol,84.4
880,thiophene_ethanol,87.6
880,ethyl_benzofuran_carboxylate,84.1
880,indoline,89.2
880,carbazole,76.7
881,melatonin,93.7
881,caffeine,84.7
881,phenylquinoline,64.9
881,tryptophol,83.5
881,thiophene_ethanol,84.4
881,ethyl_benzofuran_carboxylate,85.8
881,indoline,85.0
881,carbazole,72.1
882,melatonin,86.6
882,caffeine,94.6
882,phenylquinoline,63.3
882,tryptophol,88.1
882,thiophene_ethanol,83.7
882,ethyl_benzofuran_carboxylate,84.5
882,indoline,86.6
882,carbazole,75.7
883,melatonin,87.3
883,caffeine,87.0
883,phenylquinoline,71.3
883,tryptophol,91.5
883,thiophene_ethanol,87.4
883,ethyl_benzofuran_carboxylate,88.7
883,indoline,91.0
883,carbazole,73.3
884,melatonin,93.2
884,caffeine,92.9
884,phenylquinoline,72.0
884,tryptophol,88.9
884,thiophene_ethanol,83.7
884,ethyl_benzofuran_carboxylate,86.5
884,indoline,89.7
884,carbazole,65.1
885,melatonin,88.2
885,caffeine,87.9
885,phenylquinoline,73.3
885,tryptophol,87.6
885,thiophene_ethanol,81.8
885,ethyl_benzofuran_carboxylate,85.6
885,indoline,94.5
885,carbazole,66.7
886,melatonin,87.8
886,caffeine,85.2
886,phenylquinoline,70.2
886,tryptophol,90.3
886,thiophene_ethanol,93.8
886,ethyl_benzofuran_carboxylate,90.4
886,indoline,87.5
886,carbazole,76.7
887,melatonin,83.2
887,caffeine,90.4
887,phenylquinoline,69.8
887,tryptophol,91.6
887,thiophene_ethanol,86.9
887,ethyl_benzofuran_carboxylate,90.0
887,indoline,90.2
887,carbazole,64.6
888,melatonin,87.5
888,caffeine,88.6
888,phenylquinoline,75.3
888,tryptophol,87.9
888,thiophene_ethanol,86.0
888,ethyl_benzofuran_carboxylate,87.7
888,indoline,88.7
888,carbazole,74.3
889,melatonin,92.0
889,caffeine,87.1
889,phenylquinoline,69.8
889,tryptophol,92.4
889,thiophene_ethanol,86.0
889,ethyl_benzofuran_carboxylate,83.4
889,indoline,89.1
889,carbazole,72.0
890,melatonin,85.1
890,caffeine,93.2
890,phenylquinoline,79.3
890,tryptophol,91.6
890,thiophene_ethanol,89.6
890,ethyl_benzofuran_carboxylate,87.3
890,indoline,91.9
890,carbazole,77.9
891,melatonin,81.3
891,caffeine,85.6
891,phenylquinoline,75.1
891,tryptophol,84.3
891,thiophene_ethanol,83.5
891,ethyl_benzofuran_carboxylate,89.1
891,indoline,91.7
891,carbazole,64.9
892,melatonin,88.0
892,caffeine,89.4
892,phenylquinoline,79.1
892,tryptophol,92.2
892,thiophene_ethanol,90.3
892,ethyl_benzofuran_carboxylate,88.3
892,indoline,84.7
892,carbazole,67.2
893,melatonin,82.1
893,caffeine,84.1
893,phenylquinoline,70.3
893,tryptophol,83.2
893,thiophene_ethanol,90.8
893,ethyl_benzofuran_carboxylate,88.9
893,indoline,87.8
893,carbazole,69.6
894,melatonin,90.1
894,caffeine,86.8
894,phenylquinoline,68.9
894,tryptophol,83.1
894,thiophene_ethanol,88.1
894,ethyl_benzofuran_carboxylate,87.7
894,indoline,90.0
894,carbazole,71.1
895,melatonin,90.2
895,caffeine,95.5
895,phenylquinoline,75.9
895,tryptophol,80.1
895,thiophene_ethanol,91.8
895,ethyl_benzofuran_carboxylate,82.4
895,indoline,86.4
895,carbazole,71.8
896,melatonin,94.3
896,caffeine,85.8
896,phenylquinoline,69.3
896,tryptophol,85.4
896,thiophene_ethanol,88.4
896,ethyl_benzofuran_carboxylate,91.1
896,indoline,94.3
896,carbazole,70.1
897,melatonin,90.0
897,caffeine,85.1
897,phenylquinoline,75.0
897,tryptophol,92.8
897,thiophene_ethanol,90.2
897,ethyl_benzofuran_carboxylate,89.8
897,indoline,87.7
897,carbazole,75.9
898,melatonin,89.7
898,caffeine,92.6
898,phenylquinoline,68.6
898,tryptophol,85.0
898,thiophene_ethanol,86.2
898,ethyl_benzofuran_carboxylate,81.9
898,indoline,90.9
898,carbazole,76.6
899,melatonin,85.7
899,caffeine,80.3
899,phenylquinoline,76.3
899,tryptophol,90.8
899,thiophene_ethanol,89.3
899,ethyl_benzofuran_carboxylate,86.5
899,indoline,87.9
899,carbazole,69.3
900,melatonin,82.6
900,caffeine,86.1
900,phenylquinoline,67.3
900,tryptophol,88.4
900,thiophene_ethanol,90.7
900,ethyl_benzofuran_carboxylate,83.3
900,indoline,87.1
900,carbazole,71.4
901,melatonin,86.4
901,caffeine,89.2
901,phenylquinoline,69.9
901,tryptophol,91.4
901,thiophene_ethanol,88.7
901,ethyl_benzofuran_carboxylate,86.6
901,indoline,85.2
901,carbazole,76.3
902,melatonin,89.5
902,caffeine,90.1
902,phenylquinoline,70.6
902,tryptophol,90.8
902,thiophene_ethanol,87.0
902,ethyl_benzofuran_carboxylate,88.0
902,indoline,90.6
902,carbazole,69.1
903,melatonin,91.2
903,caffeine,89.8
903,phenylquinoline,71.5
903,tryptophol,86.6
903,thiophene_ethanol,86.8
903,ethyl_benzofuran_carboxylate,90.2
903,indoline,86.0
903,carbazole,73.6
904,melatonin,89.5
904,caffeine,84.3
904,phenylquinoline,76.7
904,tryptophol,87.4
904,thiophene_ethanol,88.4
904,ethyl_benzofuran_carboxylate,85.9
904,indoline,92.3
904,carbazole,72.8
905,melatonin,88.7
905,caffeine,85.6
905,phenylquinoline,71.3
905,tryptophol,89.1
905,thiophene_ethanol,92.6
905,ethyl_benzofuran_carboxylate,88.7
905,indoline,90.5
905,carbazole,77.5
906,melatonin,92.1
906,caffeine,89.7
906,phenylquinoline,74.9
906,tryptophol,91.2
906,thiophene_ethanol,87.3
906,ethyl_benzofuran_carboxylate,88.9
906,indoline,86.5
906,carbazole,75.8
907,melatonin,87.5
907,caffeine,87.4
907,phenylquinoline,66.3
907,tryptophol,91.7
907,thiophene_ethanol,85.9
907,ethyl_benzofuran_carboxylate,91.1
907,indoline,88.8
907,carbazole,65.3
908,melatonin,90.9
908,caffeine,85.3
908,phenylquinoline,70.1
908,tryptophol,93.6
908,thiophene_ethanol,92.0
908,ethyl_benzofuran_carboxylate,90.6
908,indoline,87.5
908,carbazole,75.4
909,melatonin,85.7
909,caffeine,87.8
909,phenylquinoline,69.3
909,tryptophol,84.3
909,thiophene_ethanol,87.1
909,ethyl_benzofuran_carboxylate,84.1
909,indoline,85.9
909,carbazole,76.5
910,melatonin,90.7
910,caffeine,86.2
910,phenylquinoline,76.2
910,tryptophol,88.8
910,thiophene_ethanol,91.8
910,ethyl_benzofuran_carboxylate,85.2
910,indoline,83.7
910,carbazole,76.0
911,melatonin,86.7
911,caffeine,91.5
911,phenylquinoline,69.6
911,tryptophol,86.7
911,thiophene_ethanol,94.7
911,ethyl_benzofuran_carboxylate,89.3
911,indoline,80.6
911,carbazole,67.7
912,melatonin,87.4
912,caffeine,93.7
912,phenylquinoline,69.3
912,tryptophol,88.8
912,thiophene_ethanol,84.6
912,ethyl_benzofuran_carboxylate,88.4
912,indoline,84.3
912,carbazole,72.8
913,melatonin,89.3
913,caffeine,89.8
913,phenylquinoline,75.5
913,tryptophol,84.0
913,thiophene_ethanol,86.3
913,ethyl_benzofuran_carboxylate,90.0
913,indoline,83.2
913,carbazole,66.1
914,melatonin,91.2
914,caffeine,83.9
914,phenylquinoline,70.6
914,tryptophol,85.5
914,thiophene_ethanol,92.6
914,ethyl_benzofuran_carboxylate,86.4
914,indoline,87.4
914,carbazole,74.3
915,melatonin,89.8
915,caffeine,84.0
915,phenylquinoline,64.5
915,tryptophol,89.8
915,thiophene_ethanol,85.5
915,ethyl_benzofuran_carboxylate,90.9
915,indoline,90.6
915,carbazole,64.9
916,melatonin,89.7
916,caffeine,89.4
916,phenylquinoline,73.1
916,tryptophol,88.4
916,thiophene_ethanol,88.4
916,ethyl_benzofuran_carboxylate,89.8
916,indoline,84.8
916,carbazole,73.1
917,melatonin,87.9
917,caffeine,83.8
917,phenylquinoline,68.4
917,tryptophol,88.3
917,thiophene_ethanol,88.3
917,ethyl_benzofuran_carboxylate,89.0
917,indoline,87.8
917,carbazole,74.9
918,melatonin,89.1
918,caffeine,88.7
918,phenylquinoline,73.9
918,tryptophol,90.2
918,thiophene_ethanol,87.6
918,ethyl_benzofuran_carboxylate,92.6
918,indoline,92.2
918,carbazole,65.8
919,melatonin,84.2
919,caffeine,85.4
919,phenylquinoline,78.0
919,tryptophol,88.6
919,thiophene_ethanol,89.4
919,ethyl_benzofuran_carboxylate,89.7
919,indoline,86.8
919,carbazole,70.1
920,melatonin,89.8
920,caffeine,88.8
920,phenylquinoline,64.1
920,tryptophol,92.4
920,thiophene_ethanol,90.9
920,ethyl_benzofuran_carboxylate,91.8
920,indoline,81.4
920,carbazole,68.9
921,melatonin,88.3
921,caffeine,86.7
921,phenylquinoline,68.3
921,tryptophol,91.5
921,thiophene_ethanol,90.0
921,ethyl_benzofuran_carboxylate,90.8
921,indoline,87.2
921,carbazole,73.9
922,melatonin,83.9
922,caffeine,85.2
922,phenylquinoline,72.2
922,tryptophol,90.8
922,thiophene_ethanol,86.2
922,ethyl_benzofuran_carboxylate,82.6
922,indoline,85.9
922,carbazole,69.5
923,melatonin,84.0
923,caffeine,92.1
923,phenylquinoline,70.3
923,tryptophol,88.7
923,thiophene_ethanol,89.8
923,ethyl_benzofuran_carboxylate,86.7
923,indoline,86.4
923,carbazole,73.2
924,melatonin,93.8
924,caffeine,84.8
924,phenylquinoline,71.3
924,tryptophol,92.1
924,thiophene_ethanol,83.2
924,ethyl_benzofuran_carboxylate,91.0
924,indoline,85.0
924,carbazole,71.3
925,melatonin,90.2
925,caffeine,92.1
925,phenylquinoline,67.2
925,tryptophol,89.7
925,thiophene_ethanol,95.5
925,ethyl_benzofuran_carboxylate,88.2
925,indoline,86.9
925,carbazole,71.8
926,melatonin,89.4
926,caffeine,88.0
926,phenylquinoline,68.9
926,tryptophol,90.0
926,thiophene_ethanol,85.9
926,ethyl_benzofuran_carboxylate,87.5
926,indoline,86.2
926,carbazole,78.2
927,melatonin,85.1
927,caffeine,89.1
927,phenylquinoline,76.4
927,tryptophol,88.7
927,thiophene_ethanol,81.6
927,ethyl_benzofuran_carboxylate,87.5
927,indoline,89.6
927,carbazole,72.5
928,melatonin,93.0
928,caffeine,90.1
928,phenylquinoline,71.6
928,tryptophol,87.0
928,thiophene_ethanol,86.3
928,ethyl_benzofuran_carboxylate,90.1
928,indoline,89.3
928,carbazole,68.9
929,melatonin,85.0
929,caffeine,88.4
929,phenylquinoline,72.1
929,tryptophol,88.2
929,thiophene_ethanol,84.8
929,ethyl_benzofuran_carboxylate,83.0
929,indoline,86.0
929,carbazole,68.3
930,melatonin,88.1
930,caffeine,88.0
930,phenylquinoline,65.6
930,tryptophol,83.9
930,thiophene_ethanol,88.8
930,ethyl_benzofuran_carboxylate,89.5
930,indoline,87.6
930,carbazole,70.8
931,melatonin,88.3
931,caffeine,91.4
931,phenylquinoline,72.4
931,tryptophol,86.8
931,thiophene_ethanol,88.3
931,ethyl_benzofuran_carboxylate,88.1
931,indoline,89.3
931,carbazole,73.4
932,melatonin,79.7
932,caffeine,84.7
932,phenylquinoline,71.3
932,tryptophol,89.7
932,thiophene_ethanol,82.7
932,ethyl_benzofuran_carboxylate,88.7
932,indoline,89.9
932,carbazole,81.7
933,melatonin,87.0
933,caffeine,90.6
933,phenylquinoline,76.6
933,tryptophol,93.4
933,thiophene_ethanol,88.7
933,ethyl_benzofuran_carboxylate,87.3
933,indoline,86.1
933,carbazole,70.7
934,melatonin,90.2
934,caffeine,85.6
934,phenylquinoline,74.5
934,tryptophol,88.3
934,thiophene_ethanol,90.8
934,ethyl_benzofuran_carboxylate,84.7
934,indoline,90.3
934,carbazole,74.9
935,melatonin,89.8
935,caffeine,89.1
935,phenylquinoline,77.0
935,tryptophol,90.2
935,thiophene_ethanol,88.8
935,ethyl_benzofuran_carboxylate,93.7
935,indoline,87.4
935,carbazole,76.3
936,melatonin,86.8
936,caffeine,93.1
936,phenylquinoline,75.7
936,tryptophol,93.0
936,thiophene_ethanol,86.9
936,ethyl_benzofuran_carboxylate,91.5
936,indoline,85.8
936,carbazole,65.7
937,melatonin,86.8
937,caffeine,87.3
937,phenylquinoline,71.8
937,tryptophol,90.6
937,thiophene_ethanol,86.1
937,ethyl_benzofuran_carboxylate,87.3
937,indoline,88.5
937,carbazole,69.0
938,melatonin,87.3
938,caffeine,83.0
938,phenylquinoline,69.7
938,tryptophol,86.8
938,thiophene_ethanol,89.6
938,ethyl_benzofuran_carboxylate,90.8
938,indoline,83.9
938,carbazole,64.8
939,melatonin,88.0
939,caffeine,90.4
939,phenylquinoline,77.1
939,tryptophol,84.6
939,thiophene_ethanol,89.1
939,ethyl_benzofuran_carboxylate,92.1
939,indoline,87.0
939,carbazole,69.6
940,melatonin,86.5
940,caffeine,87.8
940,phenylquinoline,69.8
940,tryptophol,85.6
940,thiophene_ethanol,92.3
940,ethyl_benzofuran_carboxylate,89.5
940,indoline,90.5
940,carbazole,68.8
941,melatonin,89.1
941,caffeine,89.4
941,phenylquinoline,64.3
941,tryptophol,88.4
941,thiophene_ethanol,86.7
941,ethyl_benzofuran_carboxylate,85.1
941,indoline,89.4
941,carbazole,69.3
942,melatonin,89.5
942,caffeine,89.4
942,phenylquinoline,69.8
942,tryptophol,85.8
942,thiophene_ethanol,87.2
942,ethyl_benzofuran_carboxylate,88.2
942,indoline,85.8
942,carbazole,71.7
943,melatonin,90.5
943,caffeine,91.7
943,phenylquinoline,69.6
943,tryptophol,92.4
943,thiophene_ethanol,88.9
943,ethyl_benzofuran_carboxylate,88.9
943,indoline,83.8
943,carbazole,73.3
944,melatonin,90.1
944,caffeine,86.9
944,phenylquinoline,70.9
944,tryptophol,87.2
944,thiophene_ethanol,85.4
944,ethyl_benzofuran_carboxylate,86.0
944,indoline,91.4
944,carbazole,75.4
945,melatonin,92.5
945,caffeine,78.6
945,phenylquinoline,74.7
945,tryptophol,87.2
945,thiophene_ethanol,83.2
945,ethyl_benzofuran_carboxylate,85.2
945,indoline,87.5
945,carbazole,71.0
946,melatonin,86.2
946,caffeine,90.2
946,phenylquinoline,73.1
946,tryptophol,86.7
946,thiophene_ethanol,88.0
946,ethyl_benzofuran_carboxylate,83.3
946,indoline,88.6
946,carbazole,73.9
947,melatonin,88.6
947,caffeine,88.8
947,phenylquinoline,73.1
947,tryptophol,84.0
947,thiophene_ethanol,85.6
947,ethyl_benzofuran_carboxylate,87.3
947,indoline,87.9
947,carbazole,69.3
948,melatonin,85.7
948,caffeine,86.3
948,phenylquinoline,68.4
948,tryptophol,85.2
948,thiophene_ethanol,86.0
948,ethyl_benzofuran_carboxylate,88.2
948,indoline,87.0
948,carbazole,66.8
949,melatonin,86.9
949,caffeine,89.4
949,phenylquinoline,79.3
949,tryptophol,86.2
949,thiophene_ethanol,90.0
949,ethyl_benzofuran_carboxylate,92.1
949,indoline,88.4
949,carbazole,70.1
950,melatonin,87.4
950,caffeine,88.5
950,phenylquinoline,72.8
950,tryptophol,86.5
950,thiophene_ethanol,85.3
950,ethyl_benzofuran_carboxylate,83.9
950,indoline,87.1
950,carbazole,73.4
951,melatonin,86.2
951,caffeine,88.3
951,phenylquinoline,66.8
951,tryptophol,91.1
951,thiophene_ethanol,88.9
951,ethyl_benzofuran_carboxylate,83.9
951,indoline,90.5
951,carbazole,73.5
952,melatonin,91.1
952,caffeine,85.6
952,phenylquinoline,76.5
952,tryptophol,85.7
952,thiophene_ethanol,90.1
952,ethyl_benzofuran_carboxylate,91.1
952,indoline,90.8
952,carbazole,71.9
953,melatonin,88.2
953,caffeine,90.3
953,phenylquinoline,72.1
953,tryptophol,88.1
953,thiophene_ethanol,81.2
953,ethyl_benzofuran_carboxylate,93.4
953,indoline,87.4
953,carbazole,68.9
954,melatonin,88.0
954,caffeine,87.3
954,phenylquinoline,64.5
954,tryptophol,91.1
954,thiophene_ethanol,88.4
954,ethyl_benzofuran_carboxylate,82.7
954,indoline,86.5
954,carbazole,71.8
955,melatonin,89.8
955,caffeine,87.3
955,phenylquinoline,73.8
955,tryptophol,83.7
955,thiophene_ethanol,87.7
955,ethyl_benzofuran_carboxylate,90.8
955,indoline,86.3
955,carbazole,69.8
956,melatonin,89.6
956,caffeine,85.5
956,phenylquinoline,75.2
956,tryptophol,95.4
956,thiophene_ethanol,87.5
956,ethyl_benzofuran_carboxylate,85.6
956,indoline,89.1
956,carbazole,77.9
957,melatonin,87.6
957,caffeine,90.7
957,phenylquinoline,77.5
957,tryptophol,88.6
957,thiophene_ethanol,89.8
957,ethyl_benzofuran_carboxylate,83.2
957,indoline,87.6
957,carbazole,77.5
958,melatonin,87.9
958,caffeine,87.4
958,phenylquinoline,73.8
958,tryptophol,92.2
958,thiophene_ethanol,90.2
958,ethyl_benzofuran_carboxylate,95.7
958,indoline,89.4
958,carbazole,65.8
959,melatonin,95.1
959,caffeine,84.2
959,phenylquinoline,67.0
959,tryptophol,83.7
959,thiophene_ethanol,83.9
959,ethyl_benzofuran_carboxylate,90.6
959,indoline,88.6
959,carbazole,69.8
960,melatonin,86.4
960,caffeine,90.7
960,phenylquinoline,73.5
960,tryptophol,89.7
960,thiophene_ethanol,93.4
960,ethyl_benzofuran_carboxylate,91.3
960,indoline,89.5
960,carbazole,74.3
961,melatonin,87.1
961,caffeine,87.9
961,phenylquinoline,71.5
961,tryptophol,89.2
961,thiophene_ethanol,89.1
961,ethyl_benzofuran_carboxylate,83.3
961,indoline,91.2
961,carbazole,70.8
962,melatonin,85.0
962,caffeine,86.4
962,phenylquinoline,72.2
962,tryptophol,88.0
962,thiophene_ethanol,91.5
962,ethyl_benzofuran_carboxylate,86.4
962,indoline,90.4
962,carbazole,76.0
963,melatonin,91.1
963,caffeine,89.7
963,phenylquinoline,72.4
963,tryptophol,90.3
963,thiophene_ethanol,92.5
963,ethyl_benzofuran_carboxylate,90.4
963,indoline,87.1
963,carbazole,69.7
964,melatonin,84.0
964,caffeine,88.2
964,phenylquinoline,70.0
964,tryptophol,90.2
964,thiophene_ethanol,92.0
964,ethyl_benzofuran_carboxylate,87.7
964,indoline,87.4
964,carbazole,71.2
965,melatonin,88.9
965,caffeine,92.3
965,phenylquinoline,70.7
965,tryptophol,88.4
965,thiophene_ethanol,88.1
965,ethyl_benzofuran_carboxylate,88.3
965,indoline,86.8
965,carbazole,75.9
966,melatonin,84.4
966,caffeine,88.2
966,phenylquinoline,71.6
966,tryptophol,89.4
966,thiophene_ethanol,88.3
966,ethyl_benzofuran_carboxylate,80.4
966,indoline,89.2
966,carbazole,75.2
967,melatonin,93.6
967,caffeine,91.0
967,phenylquinoline,63.7
967,tryptophol,89.4
967,thiophene_ethanol,85.0
967,ethyl_benzofuran_carboxylate,89.4
967,indoline,90.6
967,carbazole,76.2
968,melatonin,82.0
968,caffeine,89.1
968,phenylquinoline,69.7
968,tryptophol,87.4
968,thiophene_ethanol,90.1
968,ethyl_benzofuran_carboxylate,87.2
968,indoline,85.5
968,carbazole,79.8
969,melatonin,85.4
969,caffeine,84.0
969,phenylquinoline,74.2
969,tryptophol,85.2
969,thiophene_ethanol,90.0
969,ethyl_benzofuran_carboxylate,82.7
969,indoline,90.0
969,carbazole,80.3
970,melatonin,87.2
970,caffeine,88.7
970,phenylquinoline,74.0
970,tryptophol,89.1
970,thiophene_ethanol,88.8
970,ethyl_benzofuran_carboxylate,83.8
970,indoline,85.5
970,carbazole,78.6
971,melatonin,91.7
971,caffeine,89.9
971,phenylquinoline,67.6
971,tryptophol,85.6
971,thiophene_ethanol,87.3
971,ethyl_benzofuran_carboxylate,83.7
971,indoline,91.8
971,carbazole,71.9
972,melatonin,82.4
972,caffeine,89.3
972,phenylquinoline,77.5
972,tryptophol,87.1
972,thiophene_ethanol,89.1
972,ethyl_benzofuran_carboxylate,87.4
972,indoline,88.1
972,carbazole,73.2
973,melatonin,87.7
973,caffeine,90.3
973,phenylquinoline,64.4
973,tryptophol,86.1
973,thiophene_ethanol,88.6
973,ethyl_benzofuran_carboxylate,89.1
973,indoline,87.4
973,carbazole,71.2
974,melatonin,85.3
974,caffeine,84.0
974,phenylquinoline,77.4
974,tryptophol,83.9
974,thiophene_ethanol,88.1
974,ethyl_benzofuran_carboxylate,90.0
974,indoline,85.8
974,carbazole,65.9
975,melatonin,88.9
975,caffeine,92.5
975,phenylquinoline,72.0
975,tryptophol,84.5
975,thiophene_ethanol,86.5
975,ethyl_benzofuran_carboxylate,87.3
975,indoline,91.6
975,carbazole,65.5
976,melatonin,88.0
976,caffeine,89.0
976,phenylquinoline,70.0
976,tryptophol,84.0
976,thiophene_ethanol,91.4
976,ethyl_benzofuran_carboxylate,91.0
976,indoline,89.3
976,carbazole,74.1
977,melatonin,87.6
977,caffeine,86.2
977,phenylquinoline,71.8
977,tryptophol,85.8
977,thiophene_ethanol,84.1
977,ethyl_benzofuran_carboxylate,86.9
977,indoline,87.7
977,carbazole,71.9
978,melatonin,87.2
978,caffeine,85.6
978,phenylquinoline,73.0
978,tryptophol,87.0
978,thiophene_ethanol,91.5
978,ethyl_benzofuran_carboxylate,84.1
978,indoline,87.7
978,carbazole,67.5
979,melatonin,87.1
979,caffeine,82.1
979,phenylquinoline,66.2
979,tryptophol,85.8
979,thiophene_ethanol,91.9
979,ethyl_benzofuran_carboxylate,93.4
979,indoline,92.0
979,carbazole,67.8
980,melatonin,84.4
980,caffeine,87.1
980,phenylquinoline,69.0
980,tryptophol,91.6
980,thiophene_ethanol,91.5
980,ethyl_benzofuran_carboxylate,84.0
980,indoline,93.9
980,carbazole,68.9
981,melatonin,80.8
981,caffeine,90.8
981,phenylquinoline,74.8
981,tryptophol,86.8
981,thiophene_ethanol,89.3
981,ethyl_benzofuran_carboxylate,84.8
981,indoline,90.4
981,carbazole,67.9
982,melatonin,86.6
982,caffeine,88.7
982,phenylquinoline,66.3
982,tryptophol,90.2
982,thiophene_ethanol,83.7
982,ethyl_benzofuran_carboxylate,86.5
982,indoline,83.1
982,carbazole,70.5
983,melatonin,88.7
983,caffeine,85.2
983,phenylquinoline,71.2
983,tryptophol,88.7
983,thiophene_ethanol,91.5
983,ethyl_benzofuran_carboxylate,88.1
983,indoline,87.7
983,carbazole,70.5
984,melatonin,89.8
984,caffeine,84.1
984,phenylquinoline,67.3
984,tryptophol,88.0
984,thiophene_ethanol,86.7
984,ethyl_benzofuran_carboxylate,89.5
984,indoline,93.2
984,carbazole,75.6
985,melatonin,85.9
985,caffeine,86.7
985,phenylquinoline,71.7
985,tryptophol,95.5
985,thiophene_ethanol,90.6
985,ethyl_benzofuran_carboxylate,85.3
985,indoline,88.4
985,carbazole,73.6
986,melatonin,90.7
986,caffeine,93.6
986,phenylquinoline,76.1
986,tryptophol,89.6
986,thiophene_ethanol,83.4
986,ethyl_benzofuran_carboxylate,88.0
986,indoline,90.0
986,carbazole,66.7
987,melatonin,82.9
987,caffeine,83.6
987,phenylquinoline,71.6
987,tryptophol,91.1
987,thiophene_ethanol,90.0
987,ethyl_benzofuran_carboxylate,90.6
987,indoline,84.8
987,carbazole,68.6
988,melatonin,89.1
988,caffeine,87.8
988,phenylquinoline,69.6
988,tryptophol,87.6
988,thiophene_ethanol,86.0
988,ethyl_benzofuran_carboxylate,87.5
988,indoline,82.9
988,carbazole,72.9
989,melatonin,91.1
989,caffeine,90.5
989,phenylquinoline,74.5
989,tryptophol,86.1
989,thiophene_ethanol,90.7
989,ethyl_benzofuran_carboxylate,84.8
989,indoline,87.8
989,carbazole,72.3
990,melatonin,87.5
990,caffeine,85.3
990,phenylquinoline,73.1
990,tryptophol,85.4
990,thiophene_ethanol,88.5
990,ethyl_benzofuran_carboxylate,91.1
990,indoline,87.3
990,carbazole,67.4
991,melatonin,87.3
991,caffeine,86.9
991,phenylquinoline,72.1
991,tryptophol,90.0
991,thiophene_ethanol,87.3
991,ethyl_benzofuran_carboxylate,91.7
991,indoline,87.2
991,carbazole,75.3
992,melatonin,88.4
992,caffeine,86.1
992,phenylquinoline,67.1
992,tryptophol,87.3
992,thiophene_ethanol,89.6
992,ethyl_benzofuran_carboxylate,90.2
992,indoline,85.7
992,carbazole,62.1
993,melatonin,86.0
993,caffeine,86.5
993,phenylquinoline,67.6
993,tryptophol,87.7
993,thiophene_ethanol,85.2
993,ethyl_benzofuran_carboxylate,82.6
993,indoline,89.8
993,carbazole,72.8
994,melatonin,92.7
994,caffeine,85.3
994,phenylquinoline,75.1
994,tryptophol,86.7
994,thiophene_ethanol,89.9
994,ethyl_benzofuran_carboxylate,90.5
994,indoline,89.3
994,carbazole,73.8
995,melatonin,86.0
995,caffeine,82.6
995,phenylquinoline,72.6
995,tryptophol,85.9
995,thiophene_ethanol,90.0
995,ethyl_benzofuran_carboxylate,83.5
995,indoline,89.0
995,carbazole,72.5
996,melatonin,86.2
996,caffeine,85.0
996,phenylquinoline,71.4
996,tryptophol,88.9
996,thiophene_ethanol,85.7
996,ethyl_benzofuran_carboxylate,82.6
996,indoline,98.2
996,carbazole,74.6
997,melatonin,90.6
997,caffeine,87.7
997,phenylquinoline,77.7
997,tryptophol,88.2
997,thiophene_ethanol,87.8
997,ethyl_benzofuran_carboxylate,84.1
997,indoline,81.9
997,carbazole,74.2
998,melatonin,88.4
998,caffeine,89.0
998,phenylquinoline,66.8
998,tryptophol,86.5
998,thiophene_ethanol,90.7
998,ethyl_benzofuran_carboxylate,89.7
998,indoline,90.2
998,carbazole,75.7
999,melatonin,88.4
999,caffeine,92.2
999,phenylquinoline,73.3
999,tryptophol,85.4
999,thiophene_ethanol,87.2
999,ethyl_benzofuran_carboxylate,86.1
999,indoline,92.7
999,carbazole,63.6
