model,shape_id,split,noise_sigma,coordinate_RMSE,pair_distance_RMSE,centroid_RMS_error
identity,train_0000,train,0.08,0.06989205442869552,0.09183990447159071,2.3445522066282157e-17
identity,train_0001,train,0.16,0.14269314036290462,0.21471462324076127,3.357784222186849e-17
identity,train_0002,train,0.24,0.16908563317623784,0.2991658655056046,4.890156453817012e-17
identity,train_0003,train,0.08,0.05734140970837798,0.0862591916647933,2.212480947259032e-17
identity,train_0004,train,0.16,0.09986396146422176,0.13106347259209758,1.791614702062191e-17
identity,train_0005,train,0.24,0.1998897060017914,0.33684201098279676,1.614939668540092e-17
identity,train_0006,train,0.08,0.06425560407098195,0.09185916480904256,3.482433074527546e-17
identity,train_0007,train,0.16,0.10174214573960262,0.1679209264291575,2.509859729101725e-17
identity,train_0008,train,0.24,0.24530716760371835,0.49222458658334617,2.4037033579794548e-17
identity,train_0009,train,0.08,0.06789654407330385,0.11789490948404963,1.8027775184845912e-17
identity,train_0010,train,0.16,0.12023138390424923,0.19171678219985494,2.445078226908506e-17
identity,train_0011,train,0.24,0.19133834986625559,0.23435113811463323,2.6874220530932865e-17
identity,train_0012,train,0.08,0.06923288511622454,0.13007199760433696,2.2595841497168407e-17
identity,train_0013,train,0.16,0.12824515447265517,0.21018581015798685,2.013076648147012e-17
identity,train_0014,train,0.24,0.20776054129511146,0.33211507304741134,2.804320584309364e-17
identity,train_0015,train,0.08,0.06877390046233453,0.10238757259191493,4.424961894518064e-17
identity,train_0016,train,0.16,0.16631385635855245,0.23718900859905873,5.833074862441007e-17
identity,train_0017,train,0.24,0.21621181785345578,0.3414237161660652,1.238840354700144e-17
identity,train_0018,train,0.08,0.08284119057107736,0.1301468190910126,2.3013707539344673e-17
identity,train_0019,train,0.16,0.15023432601441167,0.24463126948245453,2.4037033579794548e-17
identity,train_0020,train,0.24,0.30586073681353254,0.4296425804646874,4.840676363558234e-17
identity,train_0021,train,0.08,0.07949514298753566,0.09650756392448567,8.958073510310954e-18
identity,train_0022,train,0.16,0.18109198335951074,0.3170084064474322,9.813077866773595e-18
identity,train_0023,train,0.24,0.2315592837659349,0.35362893786260724,2.2662332591841973e-17
identity,train_0024,train,0.08,0.08623814286182567,0.13819898194487137,2.832791573980247e-17
identity,train_0025,train,0.16,0.12330395525770331,0.1849764312950292,4.483513554628978e-17
identity,train_0026,train,0.24,0.26762910316446664,0.3403813293735423,2.436859453311573e-17
identity,train_0027,train,0.08,0.07026132861188865,0.0771310230227239,2.839864722503794e-17
identity,train_0028,train,0.16,0.15455137028870972,0.2521597022779479,1.614939668540092e-17
identity,train_0029,train,0.24,0.2687310385113098,0.40868276643389395,1.2668629051016912e-17
identity,train_0030,train,0.08,0.07285035356544031,0.1001894845338731,2.940940444954689e-17
identity,train_0031,train,0.16,0.13625953165863391,0.23377544916856446,2.420338181779117e-17
identity,train_0032,train,0.24,0.18245835198084312,0.289589611841362,1.2826009359230811e-17
identity,train_0033,train,0.08,0.060154826233260454,0.07639583540730989,1.2826009359230811e-17
identity,train_0034,train,0.16,0.17754879741614507,0.2459183361167563,2.3013707539344673e-17
identity,train_0035,train,0.24,0.1879617608619421,0.29444541126383594,1.4989724041661926e-17
identity,train_0036,train,0.08,0.07964975734282347,0.12958936512337327,2.5337258102033824e-17
identity,train_0037,train,0.16,0.12422069827999146,0.1801474977223335,2.3359797749760525e-17
identity,train_0038,train,0.24,0.22903329097965533,0.376035505284191,4.479036755155477e-17
identity,train_0039,train,0.08,0.06464496264656304,0.1041754731363247,1.791614702062191e-17
identity,train_0040,train,0.16,0.1328849016477761,0.20732972923600462,2.6874220530932865e-17
identity,train_0041,train,0.24,0.25179789208999365,0.34944799742031085,2.5416313701634337e-17
identity,train_0042,train,0.08,0.0705136388784832,0.12326755388953091,1.1331166295920986e-17
identity,train_0043,train,0.16,0.15756672045716116,0.27511449150324074,2.157389788363665e-17
identity,train_0044,train,0.24,0.1441545800666542,0.20878311330124996,8.958073510310954e-18
identity,train_0045,train,0.08,0.06070492479150744,0.09952276519381682,1.9549340739251082e-17
identity,train_0046,train,0.16,0.13702981032436853,0.19449994335330525,4.12946784900048e-17
identity,train_0047,train,0.24,0.23413912194500044,0.37452430622134164,8.012344526598183e-18
identity,train_0048,train,0.08,0.0951971405191082,0.16670502448267327,1.9002943576525368e-17
identity,train_0049,train,0.16,0.17134929910203778,0.2756580919537168,3.229879337080184e-17
identity,train_0050,train,0.24,0.21374866324400085,0.30168813678384687,8.958073510310954e-18
identity,train_0051,train,0.08,0.08524926841915073,0.14685712511130128,4.12946784900048e-18
identity,train_0052,train,0.16,0.17999368886853967,0.20790477903460874,1.001543065824773e-17
identity,train_0053,train,0.24,0.15412944331743125,0.23697808431088488,3.231431790588275e-17
identity,train_0054,train,0.08,0.10140579434069363,0.16414548375992266,1.564460281052898e-17
identity,train_0055,train,0.16,0.10934880382293899,0.156750059591433,1.7114375411007323e-17
identity,train_0056,train,0.24,0.24683679252898538,0.36236249451386365,8.958073510310954e-18
identity,train_0057,train,0.08,0.0812678690290752,0.11964632029869261,1.723119844235156e-17
identity,train_0058,train,0.16,0.14050257161711519,0.22656996287014758,1.9317063097816575e-17
identity,train_0059,train,0.24,0.21274905597370425,0.34938804845320676,3.154463194586476e-17
identity,train_0060,train,0.08,0.06950988120654575,0.1000245442574395,1.9323552956255285e-17
identity,train_0061,train,0.16,0.1631858233682544,0.3015573381280439,1.2018516789897274e-17
identity,train_0062,train,0.24,0.2057998274165922,0.33303209994141797,1.6759020960559477e-17
identity,train_0063,train,0.08,0.05258853938480634,0.08170139989492575,2.3890528745242514e-17
identity,train_0064,train,0.16,0.13387296088565281,0.19375193889285164,2.5652018718461623e-17
identity,train_0065,train,0.24,0.20127297156737117,0.263289829328419,2.275068510076278e-17
identity,train_0066,train,0.08,0.06003078364819528,0.09792917933259691,3.357784222186849e-17
identity,train_0067,train,0.16,0.15312982103342035,0.224491797282187,1.1331166295920986e-17
identity,train_0068,train,0.24,0.24007001679512865,0.30680707226308035,2.2662332591841973e-17
identity,train_0069,train,0.08,0.07840851290790513,0.12932831471808356,1.001543065824773e-17
identity,train_0070,train,0.16,0.1346208181901858,0.21459771373167907,2.436859453311573e-17
identity,train_0071,train,0.24,0.1645337137893509,0.23705854567047407,2.042755054537624e-17
identity,train_0072,train,0.08,0.06000332673197925,0.06528154824384887,1.975351693853415e-17
identity,train_0073,train,0.16,0.11784511801292706,0.19814035911053357,1.4989724041661926e-17
identity,train_0074,train,0.24,0.21610478715681852,0.27231902954954046,2.7244916946088258e-17
identity,train_0075,train,0.08,0.07298183102528791,0.10341159680496563,2.157389788363665e-17
identity,train_0076,train,0.16,0.13165485968811638,0.22020768702338067,2.3445522066282157e-17
identity,train_0077,train,0.24,0.23821691107740145,0.2793657466118208,1.791614702062191e-17
identity,train_0078,train,0.08,0.07393163660121269,0.12430816881742895,1.824898315569828e-17
identity,train_0079,train,0.16,0.0973027656721201,0.16537600507893818,1.7469678874824453e-17
identity,train_0080,train,0.24,0.27621358102858545,0.43515871668597655,3.5154018940207626e-17
identity,train_0081,train,0.08,0.06698119549315955,0.11437711567870928,1.7114375411007323e-17
identity,train_0082,train,0.16,0.13873717942515842,0.2195078653126184,2.5962963631595152e-17
identity,train_0083,train,0.24,0.1620701779162761,0.203562436926735,1.6273148661314594e-17
identity,train_0084,train,0.08,0.07636925362760799,0.12406222797252553,2.41203511037252e-17
identity,train_0085,train,0.16,0.17538589627129736,0.25996084072155284,2.2662332591841973e-17
identity,train_0086,train,0.24,0.28246287230186273,0.3625467140115586,1.2018516789897274e-17
identity,train_0087,train,0.08,0.08031033988463876,0.11568114888504855,3.0378305280011106e-17
identity,train_0088,train,0.16,0.14611343681123665,0.2104686929970519,3.303574279200384e-17
identity,train_0089,train,0.24,0.22418016643662514,0.29868940281381706,1.4582687156102517e-17
identity,train_0090,train,0.08,0.08926055919678144,0.14031647980242104,2.2860645553386678e-17
identity,train_0091,train,0.16,0.1468412359294854,0.264305296393889,2.003086131649546e-17
identity,train_0092,train,0.24,0.2181309069552055,0.32095961334307305,3.63326916524969e-17
identity,train_0093,train,0.08,0.0878457234112713,0.1102508922432343,1.614939668540092e-17
identity,train_0094,train,0.16,0.09517294914455202,0.16894075384589272,3.63326916524969e-17
identity,train_0095,train,0.24,0.19909954811449623,0.2940864261628136,5.833074862441007e-17
identity,train_0096,train,0.08,0.07117381086222177,0.11792116240458508,1.6024689053196365e-17
identity,train_0097,train,0.16,0.1720703861310577,0.25199241348334606,2.6040119711444095e-17
identity,train_0098,train,0.24,0.23775755895147038,0.36079440720615047,2.2662332591841973e-17
identity,train_0099,train,0.08,0.0751513693121587,0.10065333474779822,2.6573940485783934e-17
identity,train_0100,train,0.16,0.1478037083056408,0.2333707319210667,1.3437110265466432e-17
identity,train_0101,train,0.24,0.16318910059925165,0.2812748744869624,1.9002943576525368e-17
identity,train_0102,train,0.08,0.0752200250641809,0.09734560822474907,1.614939668540092e-17
identity,train_0103,train,0.16,0.1694682092607202,0.20175415132190452,5.067451620406765e-17
identity,train_0104,train,0.24,0.20911621235554623,0.3055940378090165,3.20023963394684e-17
identity,train_0105,train,0.08,0.07070855710904296,0.10206047888962563,3.779415354373213e-17
identity,train_0106,train,0.16,0.13541230026737464,0.1537933498600864,1.2668629051016912e-17
identity,train_0107,train,0.24,0.21335860882258856,0.23193667275292046,2.6649327702454206e-17
identity,train_0108,train,0.08,0.0681509859093729,0.09619119252257916,1.6426527628100632e-17
identity,train_0109,train,0.16,0.20278605862601215,0.30952223373750753,1.8897076771866065e-17
identity,train_0110,train,0.24,0.17653283617633303,0.24285306398173923,8.958073510310954e-18
identity,train_0111,train,0.08,0.07745738279203622,0.11644752023452407,1.6996749443881478e-17
identity,train_0112,train,0.16,0.13589711914776434,0.17640113476972655,9.813077866773595e-18
identity,train_0113,train,0.24,0.2092159811227457,0.2638228214067343,3.128920562105796e-17
identity,train_0114,train,0.08,0.06644849338091881,0.11043965181833747,1.8138716386948466e-17
identity,train_0115,train,0.16,0.16132640053787847,0.3050924492309487,1.9728110475366207e-17
identity,train_0116,train,0.24,0.18416938848076825,0.2710123933318274,2.003086131649546e-17
identity,train_0117,train,0.08,0.08687077942893569,0.154286493011454,2.2395183775777385e-17
identity,train_0118,train,0.16,0.14427814138370257,0.19219702422143656,1.525504949014558e-17
identity,train_0119,train,0.24,0.24770681636401656,0.4235224451245816,2.9165374312205035e-17
identity,train_0120,train,0.08,0.0815181863257177,0.1486757226679338,8.012344526598183e-18
identity,train_0121,train,0.16,0.15376705711090566,0.2831950102109712,2.3700834734518186e-17
identity,train_0122,train,0.24,0.23862556703842075,0.43587299960251835,4.006172263299092e-17
identity,train_0123,train,0.08,0.06806588374459717,0.10567370333109992,1.8790613520345556e-17
identity,train_0124,train,0.16,0.131428111144787,0.1813158339617407,8.012344526598183e-18
identity,train_0125,train,0.24,0.16990305005509454,0.2402766688080116,3.091833360006173e-17
identity,train_0126,train,0.08,0.0953484645219041,0.13874918382395687,2.2860645553386678e-17
identity,train_0127,train,0.16,0.16806632404650573,0.2701258398517001,5.665583147960493e-18
identity,train_0128,train,0.24,0.2009897524353872,0.2592599279882141,2.4695704398186837e-17
identity,train_0129,train,0.08,0.06177345445655482,0.09976067912726397,2.124593680485185e-17
identity,train_0130,train,0.16,0.19048579170821303,0.23130743354067826,9.61950701942311e-18
identity,train_0131,train,0.24,0.2555156853781744,0.4207869413137378,2.157389788363665e-17
identity,train_0132,train,0.08,0.07362958467041662,0.09634078351730042,1.4787606154106465e-17
identity,train_0133,train,0.16,0.15310987087474273,0.21048789839364543,1.8790613520345556e-17
identity,train_0134,train,0.24,0.1884771549727822,0.31026626633360166,3.550890396035927e-17
identity,train_0135,train,0.08,0.07198007943261905,0.11093245554581267,1.923901403884622e-17
identity,train_0136,train,0.16,0.17199316504510306,0.23078046727765292,2.157389788363665e-17
identity,train_0137,train,0.24,0.23047269537609605,0.3502391678179771,8.25893569800096e-18
identity,train_0138,train,0.08,0.07270339879416844,0.11405676465012685,2.895828027729908e-17
identity,train_0139,train,0.16,0.12947110965060182,0.14627458879934246,6.938893903907228e-18
identity,train_0140,train,0.24,0.22228554515013524,0.3373794910371038,3.779415354373213e-17
identity,train_0141,train,0.08,0.09433158492640224,0.14404693319919326,1.651787139600192e-17
identity,train_0142,train,0.16,0.15338546834010386,0.2546022240239922,2.3013707539344673e-17
identity,train_0143,train,0.24,0.21415135712576291,0.38029606737218263,2.2662332591841973e-17
identity,train_0144,train,0.08,0.06582363246644614,0.10237437765626663,4.1051049941978724e-17
identity,train_0145,train,0.16,0.14856550264843074,0.23559380013402229,1.962615573354719e-17
identity,train_0146,train,0.24,0.23710747291856424,0.3367518770645634,2.275068510076278e-17
identity,train_0147,train,0.08,0.07817436629775379,0.0989008354001277,1.8602836796630814e-17
identity,train_0148,train,0.16,0.13086643435957376,0.22049835499512066,1.1506853769672337e-17
identity,train_0149,train,0.24,0.19571776350154943,0.2883519138008695,2.6874220530932865e-17
identity,train_0150,train,0.08,0.06349170553533891,0.09778315569673002,2.6874220530932865e-17
identity,train_0151,train,0.16,0.11286729696581381,0.1931692622994113,1.651787139600192e-17
identity,train_0152,train,0.24,0.14174928824096303,0.20846779953497174,2.895828027729908e-17
identity,train_0153,train,0.08,0.07597303473720281,0.13732948496553718,3.26693461445832e-17
identity,train_0154,train,0.16,0.14367147555815896,0.26613784963011944,1.8897076771866065e-17
identity,train_0155,train,0.24,0.24131527261943636,0.4445578470714143,3.0771993045468976e-17
identity,train_0156,train,0.08,0.07082475658452969,0.1057027805783596,2.4037033579794548e-17
identity,train_0157,train,0.16,0.15257390487374498,0.27077336342315655,2.1293097654901264e-17
identity,train_0158,train,0.24,0.2687166393050448,0.38285673590396446,2.2662332591841973e-17
identity,train_0159,train,0.08,0.06821788013858175,0.12225365679517,4.5324665183683945e-17
identity,train_0160,train,0.16,0.12746835343054008,0.18713649254369782,1.8027775184845912e-17
identity,train_0161,train,0.24,0.2464734951049305,0.37731279525454886,1.1506853769672337e-17
identity,train_0162,train,0.08,0.0820454472435319,0.11526559677292007,2.1942709178604383e-17
identity,train_0163,train,0.16,0.14928908100514576,0.21875714136159358,1.8358587643600646e-17
identity,train_0164,train,0.24,0.21555319515246946,0.3887026991415082,3.303574279200384e-17
identity,train_0165,train,0.08,0.07861743374541516,0.10066802075035579,2.4634702153355123e-17
identity,train_0166,train,0.16,0.15383521025007788,0.24914816314220872,2.157389788363665e-17
identity,train_0167,train,0.24,0.2614258450203298,0.38127426029709777,3.925231146709438e-17
identity,train_0168,train,0.08,0.06319796264225136,0.10741251017880353,1.913445340573164e-17
identity,train_0169,train,0.16,0.12401727052799366,0.16954022514290232,2.888891902733299e-17
identity,train_0170,train,0.24,0.18089980249645218,0.27540094662145825,1.8027775184845912e-17
identity,train_0171,train,0.08,0.06205571573014092,0.09656835925134409,6.610373917908666e-18
identity,train_0172,train,0.16,0.17007704963006473,0.2648415394926798,1.651787139600192e-17
identity,train_0173,train,0.24,0.22755148749525517,0.36458169516268824,2.2662332591841973e-17
identity,train_0174,train,0.08,0.07399357885901806,0.1278798748108771,4.333337854099949e-17
identity,train_0175,train,0.16,0.1738201469546844,0.26372888269789146,6.413004679615406e-18
identity,train_0176,train,0.24,0.23261348966146866,0.3616733843858343,2.3013707539344673e-17
identity,train_0177,train,0.08,0.0902250706856479,0.13746623544062592,1.614939668540092e-17
identity,train_0178,train,0.16,0.155440706688795,0.2278697162158575,1.8790613520345556e-17
identity,train_0179,train,0.24,0.17866198167162844,0.24370322987689427,2.5337258102033824e-17
identity,train_0180,train,0.08,0.05525269561807635,0.08646799552928479,1.4163957869901234e-17
identity,train_0181,train,0.16,0.17939010393335122,0.23785296018550017,1.651787139600192e-17
identity,train_0182,train,0.24,0.23108919952512566,0.3916211433089619,8.958073510310954e-18
identity,train_0183,train,0.08,0.06142118697043415,0.07798167242078778,4.1825666356338417e-17
identity,train_0184,train,0.16,0.18635283774034345,0.3200622062593563,2.003086131649546e-17
identity,train_0185,train,0.24,0.18441848412579553,0.2705900771008071,3.763457160557005e-17
identity,train_0186,train,0.08,0.07998414638714026,0.12121269910800817,9.658531548908287e-18
identity,train_0187,train,0.16,0.12017051079605962,0.2081384948233268,1.723119844235156e-17
identity,train_0188,train,0.24,0.22885366979685837,0.3577861720403438,1.1331166295920986e-17
identity,train_0189,train,0.08,0.07688956783471951,0.06747553126802057,1.8358587643600646e-17
identity,train_0190,train,0.16,0.16540984011601154,0.19472230041481017,1.4989724041661926e-17
identity,train_0191,train,0.24,0.178816500307986,0.24844443055666457,2.9165374312205035e-17
identity,validation_0000,validation,0.08,0.07393440162163889,0.11465778943294175,8.958073510310954e-18
identity,validation_0001,validation,0.16,0.11287499610945365,0.13362499681099077,9.813077866773595e-18
identity,validation_0002,validation,0.24,0.2696261000973749,0.48714137698026094,2.832791573980247e-17
identity,validation_0003,validation,0.08,0.07493389649248289,0.1161216560546564,1.021377527268812e-17
identity,validation_0004,validation,0.16,0.19966126898078163,0.37102998340800103,1.962615573354719e-17
identity,validation_0005,validation,0.24,0.2210065222909636,0.2838395617874501,1.8358587643600646e-17
identity,validation_0006,validation,0.08,0.09372395436390843,0.13987734104259583,8.958073510310954e-18
identity,validation_0007,validation,0.16,0.13312595890953163,0.22461308869724605,8.557187705503662e-18
identity,validation_0008,validation,0.24,0.2455410666832581,0.35729767228598525,3.303574279200384e-17
identity,validation_0009,validation,0.08,0.0706866367030335,0.10752007920026224,1.7944119164150718e-17
identity,validation_0010,validation,0.16,0.1525842185203935,0.22672879966156761,3.2607879775658313e-17
identity,validation_0011,validation,0.24,0.23812902938803365,0.3266712378307978,1.8897076771866065e-17
identity,validation_0012,validation,0.08,0.07343962630659163,0.11302735335977328,3.4896267055658636e-17
identity,validation_0013,validation,0.16,0.14566033537344134,0.21990212434894027,4.550137020152556e-17
identity,validation_0014,validation,0.24,0.24117128688658346,0.3251018208610032,4.006172263299091e-18
identity,validation_0015,validation,0.08,0.08411544779410768,0.13906261751584048,1.2826009359230811e-17
identity,validation_0016,validation,0.16,0.12855517157016969,0.16826151438566292,1.4582687156102517e-17
identity,validation_0017,validation,0.24,0.18425607705376462,0.2785994653940177,9.179293821800323e-18
identity,validation_0018,validation,0.08,0.07924319970275066,0.11884623872124815,1.001543065824773e-17
identity,validation_0019,validation,0.16,0.16116844890313684,0.18985705867770777,3.671717528720129e-17
identity,validation_0020,validation,0.24,0.2224286486587168,0.31883558168175025,2.804320584309364e-17
identity,validation_0021,validation,0.08,0.07735068989162897,0.1307688834097135,2.0525524970989362e-17
identity,validation_0022,validation,0.16,0.15667497171011188,0.2883402475158047,5.1304037436923246e-17
identity,validation_0023,validation,0.24,0.23356037420529535,0.3674375191550033,2.477680709400288e-17
identity,validation_0024,validation,0.08,0.05495293791849064,0.0867954359418403,4.006172263299091e-18
identity,validation_0025,validation,0.16,0.12966594572430143,0.19379179467909216,9.179293821800323e-18
identity,validation_0026,validation,0.24,0.261463777047708,0.4294514711916889,5.1925927263190304e-17
identity,validation_0027,validation,0.08,0.08145679441237651,0.1254848802431105,2.804320584309364e-17
identity,validation_0028,validation,0.16,0.20195309290469243,0.3077734482774815,1.6024689053196365e-17
identity,validation_0029,validation,0.24,0.2565863634457769,0.4304000007093003,1.791614702062191e-17
identity,validation_0030,validation,0.08,0.08971837848170738,0.13113370143273936,3.779415354373213e-17
identity,validation_0031,validation,0.16,0.12177180031076228,0.19752778586635114,2.1666689270499745e-17
identity,validation_0032,validation,0.24,0.23040942164852105,0.4185246678941324,3.303574279200384e-17
identity,validation_0033,validation,0.08,0.07556131762454249,0.12400100663694272,2.5198314001936058e-17
identity,validation_0034,validation,0.16,0.1364544132586412,0.22568992103787067,1.6273148661314594e-17
identity,validation_0035,validation,0.24,0.21946811742867808,0.2963798690206998,2.436859453311573e-17
identity,validation_0036,validation,0.08,0.07851564487119538,0.09162648546955766,3.024593730708204e-17
identity,validation_0037,validation,0.16,0.13594773417277733,0.16349766074455738,1.6273148661314594e-17
identity,validation_0038,validation,0.24,0.2808866324568079,0.3000414584962647,2.6040119711444095e-17
identity,validation_0039,validation,0.08,0.08086912817404182,0.11876885997337322,3.2240509786402593e-17
identity,validation_0040,validation,0.16,0.15229699814962733,0.21605531099290495,3.873784215727202e-17
identity,validation_0041,validation,0.24,0.2469226976123808,0.39139551412645573,2.6874220530932865e-17
identity,validation_0042,validation,0.08,0.07413719736783152,0.13137446957390347,3.6989359704178426e-17
identity,validation_0043,validation,0.16,0.16587264577808755,0.2431102074043905,8.25893569800096e-18
identity,validation_0044,validation,0.24,0.2252819014387913,0.39191450732086686,1.512296865354102e-17
identity,validation_0045,validation,0.08,0.08047768848914125,0.11543551844167059,1.8358587643600646e-17
identity,validation_0046,validation,0.16,0.12602656306296317,0.2073724551757635,3.5154018940207626e-17
identity,validation_0047,validation,0.24,0.17203024321379823,0.24958594486686408,8.958073510310954e-18
identity,test_0000,test,0.08,0.08440172410287729,0.1281418507955126,2.013076648147012e-17
identity,test_0001,test,0.16,0.1442732218818955,0.19928291691406855,4.550137020152556e-17
identity,test_0002,test,0.24,0.20825985372742675,0.40848144494474736,2.157389788363665e-17
identity,test_0003,test,0.08,0.06879583248438607,0.10372857269935327,1.9343009466929614e-17
identity,test_0004,test,0.16,0.14943653111419106,0.21638672239866893,3.303574279200384e-17
identity,test_0005,test,0.24,0.2102751651357652,0.3632334006438297,3.5211040906216945e-17
identity,test_0006,test,0.08,0.0649588244391137,0.108569427435775,1.515609677353262e-17
identity,test_0007,test,0.16,0.15174419459717992,0.22863676456451093,2.1597133106185267e-17
identity,test_0008,test,0.24,0.2896848722558897,0.4547785263131248,2.804320584309364e-17
identity,test_0009,test,0.08,0.08920081748502376,0.12044493673838601,1.9002943576525368e-17
identity,test_0010,test,0.16,0.15219682897087333,0.21642796982573287,3.446239688470312e-17
identity,test_0011,test,0.24,0.2563503613451214,0.4700086580264547,2.997944808332385e-17
identity,test_0012,test,0.08,0.07537425641445351,0.11438827181444815,3.1624029584535556e-17
identity,test_0013,test,0.16,0.12229147715045043,0.15223733057406233,2.485764517858114e-17
identity,test_0014,test,0.24,0.18501543075561747,0.28775039676519887,2.042755054537624e-17
identity,test_0015,test,0.08,0.07098234016122347,0.092241735847993,8.07469834270046e-18
identity,test_0016,test,0.16,0.1624077036345051,0.2514285286815073,5.314788097156787e-17
identity,test_0017,test,0.24,0.17865367333495435,0.2275423264067932,4.740166946903637e-17
identity,test_0018,test,0.08,0.07110014448950747,0.07930272641587129,3.0262514966483514e-17
identity,test_0019,test,0.16,0.14923496438391037,0.19994201320403546,1.6024689053196365e-17
identity,test_0020,test,0.24,0.22805359083765553,0.363543487282191,1.1331166295920986e-17
identity,test_0021,test,0.08,0.0786941783156578,0.12117535929830583,3.031219354706524e-17
identity,test_0022,test,0.16,0.1478897844594039,0.2372156618987781,1.8897076771866065e-17
identity,test_0023,test,0.24,0.2773445728820441,0.39485819967795455,2.5416313701634337e-17
identity,test_0024,test,0.08,0.06817909758448844,0.11838624259312812,1.8358587643600646e-17
identity,test_0025,test,0.16,0.1384463446564852,0.20674589145911706,2.4141135554892176e-17
identity,test_0026,test,0.24,0.2071900363387488,0.2456785055777212,2.888891902733299e-17
identity,test_0027,test,0.08,0.06561287734409403,0.08187897415406184,3.671717528720129e-17
identity,test_0028,test,0.16,0.1801978936993334,0.29582828951370577,3.6055550369691825e-17
identity,test_0029,test,0.24,0.2291803299319678,0.3821323852023085,1.3877787807814457e-17
identity,test_0030,test,0.08,0.07619525575360162,0.08393690046406747,8.319441530320186e-18
identity,test_0031,test,0.16,0.16393305265297278,0.26530127319735164,3.3277766121280743e-17
identity,test_0032,test,0.24,0.2722622797023607,0.41731958891564563,1.791614702062191e-17
identity,test_0033,test,0.08,0.06517334056639418,0.10965710340070761,8.07469834270046e-18
identity,test_0034,test,0.16,0.12788359774750477,0.18514901976662215,2.3890528745242514e-17
identity,test_0035,test,0.24,0.2541799167676505,0.4146820712899887,1.8602836796630814e-17
identity,test_0036,test,0.08,0.06573074325887755,0.10338265351414062,2.7263319458788376e-17
identity,test_0037,test,0.16,0.14723538648129297,0.1908027568938046,3.2853055256201264e-17
identity,test_0038,test,0.24,0.18952817168940106,0.28274763748323734,3.784719799586234e-17
identity,test_0039,test,0.08,0.074842594250549,0.1316876586675534,2.003086131649546e-17
identity,test_0040,test,0.16,0.17852725574759018,0.1627584634700123,1.7462500046136358e-17
identity,test_0041,test,0.24,0.1940568451691425,0.24628163005842219,1.2018516789897274e-17
identity,test_0042,test,0.08,0.08859301404003697,0.13534602739520002,1.4582687156102517e-17
identity,test_0043,test,0.16,0.12388079677163996,0.1998639356601144,4.2017089170419293e-17
identity,test_0044,test,0.24,0.19803320613583622,0.30276307870525854,4.1051049941978724e-17
identity,test_0045,test,0.08,0.07903672163674226,0.13494572893788365,8.012344526598183e-18
identity,test_0046,test,0.16,0.16666731096590182,0.2708713170485091,3.206502339807703e-17
identity,test_0047,test,0.24,0.23303353232250804,0.31964754403045437,1.4989724041661926e-17
identity,test_0048,test,0.08,0.09372662816204512,0.1327846404782825,1.447914013864954e-17
identity,test_0049,test,0.16,0.17052853761848094,0.28036969515665777,1.2668629051016912e-17
identity,test_0050,test,0.24,0.18869537602919836,0.2806661329984532,1.962615573354719e-17
identity,test_0051,test,0.08,0.07641316024236469,0.09565091679502088,2.4716005021753138e-17
identity,test_0052,test,0.16,0.1172875306105234,0.21013760781950797,3.3277766121280743e-17
identity,test_0053,test,0.24,0.2618279834785037,0.41320783223593255,2.804320584309364e-17
identity,test_0054,test,0.08,0.0750020412673777,0.11754388834473739,1.2018516789897274e-17
identity,test_0055,test,0.16,0.1391902424740543,0.225129028509379,3.229879337080184e-17
identity,test_0056,test,0.24,0.19660556869726128,0.32976853651726834,2.3013707539344673e-17
identity,test_0057,test,0.08,0.06994142022776778,0.0968773053122316,1.892359899793117e-17
identity,test_0058,test,0.16,0.13697905811957473,0.22304995228126895,1.6273148661314594e-17
identity,test_0059,test,0.24,0.21590034420809057,0.381095612576061,1.6024689053196365e-17
identity,test_0060,test,0.08,0.0763507267941989,0.09466722681051234,2.0525524970989362e-17
identity,test_0061,test,0.16,0.15958359646712428,0.2255557098555303,1.564460281052898e-17
identity,test_0062,test,0.24,0.2662647417235076,0.3922213269619515,1.962615573354719e-17
identity,test_0063,test,0.08,0.0630529242850616,0.10728872515616165,3.428731160190859e-17
identity,ood_warped_0000,ood_warped,0.08,0.07188156485426617,0.10806011636852562,2.1293097654901264e-17
identity,ood_warped_0001,ood_warped,0.16,0.169721787949354,0.23931076783336544,2.5337258102033824e-17
identity,ood_warped_0002,ood_warped,0.24,0.18958490509339757,0.3231677637692287,2.997944808332385e-17
identity,ood_warped_0003,ood_warped,0.08,0.07944449806530401,0.12655161945252694,1.4582687156102517e-17
identity,ood_warped_0004,ood_warped,0.16,0.178819963441133,0.23117503304173073,1.8358587643600646e-17
identity,ood_warped_0005,ood_warped,0.24,0.24834982435341665,0.30323485095358566,1.4444459513666495e-17
identity,ood_warped_0006,ood_warped,0.08,0.06438730868234012,0.09167512594315226,3.280722441976627e-17
identity,ood_warped_0007,ood_warped,0.16,0.12706313097528266,0.14890387372241873,1.1331166295920986e-17
identity,ood_warped_0008,ood_warped,0.24,0.23399790797971484,0.3577501803820927,2.6346484600218797e-17
identity,ood_warped_0009,ood_warped,0.08,0.0837382031113777,0.10892951439067287,1.8817285802785026e-17
identity,ood_warped_0010,ood_warped,0.16,0.16255538380915918,0.23129028176420036,6.938893903907228e-18
identity,ood_warped_0011,ood_warped,0.24,0.15228350240276617,0.24462591159234753,2.3359797749760525e-17
identity,ood_warped_0012,ood_warped,0.08,0.07048600287347435,0.11781453782718078,2.495832459096056e-17
identity,ood_warped_0013,ood_warped,0.16,0.12404266730995996,0.176219710059145,2.895828027729908e-17
identity,ood_warped_0014,ood_warped,0.24,0.2672959903869092,0.31079536927777446,1.2826009359230811e-17
identity,ood_warped_0015,ood_warped,0.08,0.05861332801409064,0.09690120155851699,8.25893569800096e-18
identity,ood_warped_0016,ood_warped,0.16,0.1129869793669223,0.14754370972486455,1.525504949014558e-17
identity,ood_warped_0017,ood_warped,0.24,0.23148565950106517,0.367986168771295,4.026153296294024e-17
identity,ood_warped_0018,ood_warped,0.08,0.08926872630474308,0.12745256364896554,1.614939668540092e-17
identity,ood_warped_0019,ood_warped,0.16,0.15294227148598072,0.21306319642710078,1.6638883060640372e-17
identity,ood_warped_0020,ood_warped,0.24,0.2476973551239832,0.33589999047837826,1.6996749443881478e-17
identity,ood_warped_0021,ood_warped,0.08,0.07819956767935231,0.12183543688856846,2.3785329957008175e-17
identity,ood_warped_0022,ood_warped,0.16,0.18141185063352788,0.28170162954755945,3.6055550369691825e-17
identity,ood_warped_0023,ood_warped,0.24,0.24700232891123622,0.38382249404235697,1.2018516789897274e-17
identity,ood_warped_0024,ood_warped,0.08,0.07082694272255034,0.10768346851143543,1.816634582624845e-17
identity,ood_warped_0025,ood_warped,0.16,0.1385889961268712,0.23558944348267014,1.1679898874880263e-17
identity,ood_warped_0026,ood_warped,0.24,0.18795134935703067,0.27394153319112785,1.564460281052898e-17
identity,ood_warped_0027,ood_warped,0.08,0.06995662227515882,0.06941803138780994,6.092148633278932e-18
identity,ood_warped_0028,ood_warped,0.16,0.12871994482984633,0.10713387565591609,1.2184297266557865e-17
identity,ood_warped_0029,ood_warped,0.24,0.2805831652329786,0.4223813487233035,1.994470372386526e-17
identity,ood_warped_0030,ood_warped,0.08,0.05624561743277951,0.08519449627481285,3.5611159096315665e-17
identity,ood_warped_0031,ood_warped,0.16,0.13983947931020538,0.21409312695332208,3.925231146709438e-17
identity,ood_warped_0032,ood_warped,0.24,0.2555181119954309,0.4076819179601197,2.6040119711444095e-17
identity,ood_warped_0033,ood_warped,0.08,0.08294480378938882,0.13933507671350473,4.6027415078689346e-17
identity,ood_warped_0034,ood_warped,0.16,0.167969424792503,0.23378918963746237,1.723119844235156e-17
identity,ood_warped_0035,ood_warped,0.24,0.195441949515993,0.23713881271069148,1.2826009359230811e-17
identity,ood_warped_0036,ood_warped,0.08,0.07992903120368659,0.10885223178932499,3.763457160557005e-17
identity,ood_warped_0037,ood_warped,0.16,0.1480889825530741,0.22623386735683187,2.839864722503794e-17
identity,ood_warped_0038,ood_warped,0.24,0.19298302118472857,0.2791026988764129,2.7171182258938244e-17
identity,ood_warped_0039,ood_warped,0.08,0.06951696616228059,0.11143665723398127,2.997944808332385e-17
identity,ood_warped_0040,ood_warped,0.16,0.1608507274161558,0.2536497374560068,3.231431790588275e-17
identity,ood_warped_0041,ood_warped,0.24,0.2068007658357485,0.3711066205771784,2.6346484600218797e-17
identity,ood_warped_0042,ood_warped,0.08,0.0674260830098646,0.08307246215718492,2.0030861316495456e-18
identity,ood_warped_0043,ood_warped,0.16,0.13831431490140433,0.19513275957095197,1.0786948941818325e-17
identity,ood_warped_0044,ood_warped,0.24,0.24876075866686212,0.3312636447928293,3.2853055256201264e-17
identity,ood_warped_0045,ood_warped,0.08,0.06993339327055659,0.1124609201275934,8.394460555467122e-18
identity,ood_warped_0046,ood_warped,0.16,0.14931381557915213,0.23611207517548086,4.9391408796373674e-17
identity,ood_warped_0047,ood_warped,0.24,0.2349101679093894,0.32578043485883723,8.958073510310954e-18
identity,ood_warped_0048,ood_warped,0.08,0.08440373282093419,0.14657747708142735,2.6573940485783934e-17
identity,ood_warped_0049,ood_warped,0.16,0.18439818168680158,0.3278133005055592,1.021377527268812e-17
identity,ood_warped_0050,ood_warped,0.24,0.16050692670844413,0.21697848619087495,1.651787139600192e-17
identity,ood_warped_0051,ood_warped,0.08,0.06182206110227223,0.09857768173584548,1.2018516789897274e-17
identity,ood_warped_0052,ood_warped,0.16,0.17969565866270149,0.27514899375860513,1.6996749443881478e-17
identity,ood_warped_0053,ood_warped,0.24,0.2766807171175488,0.3830195533052309,4.82407022074504e-17
identity,ood_warped_0054,ood_warped,0.08,0.07958339207331143,0.11239811155768409,1.2347852199093419e-17
identity,ood_warped_0055,ood_warped,0.16,0.18389137093057414,0.1643979725535817,3.2853055256201264e-17
identity,ood_warped_0056,ood_warped,0.24,0.19529891863156745,0.30393996979171944,1.8358587643600646e-17
identity,ood_warped_0057,ood_warped,0.08,0.06777805224624783,0.1130536220308425,1.4444459513666495e-17
identity,ood_warped_0058,ood_warped,0.16,0.14159652195915837,0.19211013614204464,8.958073510310954e-18
identity,ood_warped_0059,ood_warped,0.24,0.2491698622307874,0.415531770780017,3.303574279200384e-17
identity,ood_warped_0060,ood_warped,0.08,0.07474952720180082,0.11871178942716985,1.001543065824773e-17
identity,ood_warped_0061,ood_warped,0.16,0.2004235975563625,0.32324763854032745,2.2662332591841973e-17
identity,ood_warped_0062,ood_warped,0.24,0.23251726117821547,0.3416270822499571,8.07469834270046e-18
identity,ood_warped_0063,ood_warped,0.08,0.09605582175529984,0.14081076600103312,4.9391408796373674e-17
PCA_plane_projection,train_0000,train,0.08,0.05643260876833755,0.0921772471767808,6.2610461646902e-17
PCA_plane_projection,train_0001,train,0.16,0.12325132802367551,0.21258644704636465,2.3785329957008175e-17
PCA_plane_projection,train_0002,train,0.24,0.16041428385550205,0.2984663533087043,5.348652576327244e-17
PCA_plane_projection,train_0003,train,0.08,0.04900875634903637,0.0866212284915814,6.451212474565764e-17
PCA_plane_projection,train_0004,train,0.16,0.08555519774251298,0.13611123861698257,3.671717528720129e-17
PCA_plane_projection,train_0005,train,0.24,0.18745308479925543,0.34153555914205064,3.3993498887762956e-17
PCA_plane_projection,train_0006,train,0.08,0.05439626542473643,0.09390770374331313,9.172734840025485e-17
PCA_plane_projection,train_0007,train,0.16,0.08589224109044115,0.16447024218426684,1.4306298617450003e-16
PCA_plane_projection,train_0008,train,0.24,0.23054017909327318,0.4855218448511841,2.4037033579794548e-17
PCA_plane_projection,train_0009,train,0.08,0.0666719413134951,0.11805979075856414,6.589666282510515e-17
PCA_plane_projection,train_0010,train,0.16,0.10171630148850164,0.18649784978382536,9.274959344886453e-17
PCA_plane_projection,train_0011,train,0.24,0.1735249983411945,0.2437816186767262,4.757065991401635e-17
PCA_plane_projection,train_0012,train,0.08,0.0664201112073012,0.1294628106033026,1.2018516789897276e-16
PCA_plane_projection,train_0013,train,0.16,0.11491248526667382,0.21197002150024036,3.4939357749648905e-17
PCA_plane_projection,train_0014,train,0.24,0.16456930385588603,0.32151927839582206,8.024854049479542e-17
PCA_plane_projection,train_0015,train,0.08,0.054695563018132796,0.10186124499571336,8.369928418277285e-17
PCA_plane_projection,train_0016,train,0.16,0.1434332721219735,0.2465418697389623,1.4444459513666495e-16
PCA_plane_projection,train_0017,train,0.24,0.20070239081742666,0.33411667916232723,1.4989724041661926e-17
PCA_plane_projection,train_0018,train,0.08,0.07826560829420204,0.1295678892086278,4.6027415078689346e-17
PCA_plane_projection,train_0019,train,0.16,0.14135593698060717,0.24963205057543758,4.671959549952105e-17
PCA_plane_projection,train_0020,train,0.24,0.2909392053524599,0.4292876725939897,1.3293008402823226e-16
PCA_plane_projection,train_0021,train,0.08,0.06112612313353103,0.09668821139907892,4.761281380790059e-17
PCA_plane_projection,train_0022,train,0.16,0.16941249279535836,0.3220456502931267,1.791614702062191e-17
PCA_plane_projection,train_0023,train,0.24,0.19698230961576388,0.34021689864422483,3.303574279200384e-17
PCA_plane_projection,train_0024,train,0.08,0.07606752256892274,0.13844379670607895,7.098955337099443e-17
PCA_plane_projection,train_0025,train,0.16,0.11346965783904821,0.188930167886571,7.680601241568665e-17
PCA_plane_projection,train_0026,train,0.24,0.20387812897570357,0.35362795153126886,1.1359458890015176e-16
PCA_plane_projection,train_0027,train,0.08,0.06277172817721911,0.07715121948747553,1.3213632893422501e-16
PCA_plane_projection,train_0028,train,0.16,0.14426971002617645,0.2561639224448565,2.7755575615628914e-17
PCA_plane_projection,train_0029,train,0.24,0.24125791119634032,0.3895512156017273,5.374844106186573e-17
PCA_plane_projection,train_0030,train,0.08,0.05846383538678582,0.10121045359700283,5.2003140580581704e-17
PCA_plane_projection,train_0031,train,0.16,0.11891225508483547,0.22686726019532746,1.021377527268812e-17
PCA_plane_projection,train_0032,train,0.24,0.1783267933467943,0.28893800417726445,3.9557781533026204e-17
PCA_plane_projection,train_0033,train,0.08,0.04902130216840618,0.07702205529824006,1.962615573354719e-17
PCA_plane_projection,train_0034,train,0.16,0.15776174136994822,0.25947138575414164,3.303574279200384e-17
PCA_plane_projection,train_0035,train,0.24,0.14517396685084444,0.2778608919955014,3.3337997421462906e-17
PCA_plane_projection,train_0036,train,0.08,0.07180912604713252,0.13020489672662375,4.411339609054453e-17
PCA_plane_projection,train_0037,train,0.16,0.1022649949514608,0.18233449699703216,1.0637122930226486e-16
PCA_plane_projection,train_0038,train,0.24,0.20555415058111476,0.3934839669219874,7.26653833049938e-17
PCA_plane_projection,train_0039,train,0.08,0.054166197362530366,0.10347866097294026,1.0416047884577638e-16
PCA_plane_projection,train_0040,train,0.16,0.12607455941861806,0.20829658875007317,6.987871549929781e-17
PCA_plane_projection,train_0041,train,0.24,0.24511007830212075,0.35388602334875013,2.9165374312205035e-17
PCA_plane_projection,train_0042,train,0.08,0.06862905697930183,0.1233170749649094,1.8027775184845912e-17
PCA_plane_projection,train_0043,train,0.16,0.1497527796973564,0.27737949930662825,7.903945380065639e-17
PCA_plane_projection,train_0044,train,0.24,0.13085901265598235,0.21942602499953798,4.026153296294024e-17
PCA_plane_projection,train_0045,train,0.08,0.05775565670424533,0.09921872117775218,2.0525524970989362e-17
PCA_plane_projection,train_0046,train,0.16,0.13168739812197466,0.19412896251895218,9.813077866773594e-17
PCA_plane_projection,train_0047,train,0.24,0.2132783747582538,0.38405391857079463,9.454906041414383e-17
PCA_plane_projection,train_0048,train,0.08,0.08871080630140993,0.16625959906050541,2.445078226908506e-17
PCA_plane_projection,train_0049,train,0.16,0.15218729590153154,0.27489706376664946,9.144258221354671e-17
PCA_plane_projection,train_0050,train,0.24,0.17098090309537117,0.3140024826535594,6.180421552263257e-17
PCA_plane_projection,train_0051,train,0.08,0.08107437334569378,0.1470974324294204,3.167157262754228e-17
PCA_plane_projection,train_0052,train,0.16,0.16358481819182127,0.20868589938431936,1.2547699906901524e-16
PCA_plane_projection,train_0053,train,0.24,0.13683816692683337,0.23616081590142896,3.541343548718879e-17
PCA_plane_projection,train_0054,train,0.08,0.0987355871290178,0.16465099604893754,2.791773225692247e-17
PCA_plane_projection,train_0055,train,0.16,0.10708419952551883,0.15681259035518397,5.071409021728696e-17
PCA_plane_projection,train_0056,train,0.24,0.2303586170860032,0.37109052724893177,5.242578110817823e-17
PCA_plane_projection,train_0057,train,0.08,0.06796063590193475,0.12537255922573062,1.4366471117623102e-16
PCA_plane_projection,train_0058,train,0.16,0.12631457146644762,0.23277924060082744,2.762879581462034e-17
PCA_plane_projection,train_0059,train,0.24,0.18053083351292934,0.3446591018452987,7.962109896424848e-17
PCA_plane_projection,train_0060,train,0.08,0.058386736128469965,0.10132363989866171,1.6895010355003437e-17
PCA_plane_projection,train_0061,train,0.16,0.15847528373915082,0.2980137090884486,6.938893903907228e-17
PCA_plane_projection,train_0062,train,0.24,0.17098132787815198,0.31312266559838187,2.0030861316495456e-18
PCA_plane_projection,train_0063,train,0.08,0.04552646794579711,0.08197605619743757,3.08371190295267e-17
PCA_plane_projection,train_0064,train,0.16,0.11332478218842443,0.1898352374506574,6.610184234443501e-17
PCA_plane_projection,train_0065,train,0.24,0.15749652947589038,0.2781330150070716,6.47526832115322e-17
PCA_plane_projection,train_0066,train,0.08,0.05188327013213999,0.09779935213339686,3.9098681478502165e-17
PCA_plane_projection,train_0067,train,0.16,0.1269906811004732,0.2254899325920346,1.574175931012237e-16
PCA_plane_projection,train_0068,train,0.24,0.21654837380632322,0.3191242236473523,3.024593730708204e-17
PCA_plane_projection,train_0069,train,0.08,0.06647948734102656,0.12777591500200322,6.491513569160724e-17
PCA_plane_projection,train_0070,train,0.16,0.10675183017876148,0.20637085261689864,1.0198049666328888e-16
PCA_plane_projection,train_0071,train,0.24,0.1389400005639156,0.2331345260952222,3.693508328505964e-17
PCA_plane_projection,train_0072,train,0.08,0.03836009304406904,0.06771098950258116,2.2484586062492888e-17
PCA_plane_projection,train_0073,train,0.16,0.11213134293896454,0.198435008147815,4.0509909982372923e-17
PCA_plane_projection,train_0074,train,0.24,0.19956077316154075,0.2758157546506738,9.6979162169463e-17
PCA_plane_projection,train_0075,train,0.08,0.06308100428930692,0.10436042990222773,3.0575782800084954e-17
PCA_plane_projection,train_0076,train,0.16,0.12760804942501813,0.22228872994936838,5.288299134326933e-17
PCA_plane_projection,train_0077,train,0.24,0.1989783193109918,0.3023113116307342,1.962615573354719e-17
PCA_plane_projection,train_0078,train,0.08,0.0668024714065935,0.12535757219558252,3.369712445266373e-17
PCA_plane_projection,train_0079,train,0.16,0.0923320595031792,0.16451638154604203,5.52212737865863e-17
PCA_plane_projection,train_0080,train,0.24,0.24525451068839654,0.4109655748636931,3.229879337080184e-17
PCA_plane_projection,train_0081,train,0.08,0.061093120744610104,0.11419780664981855,7.603816270276731e-17
PCA_plane_projection,train_0082,train,0.16,0.13312597209559338,0.21770433903685493,1.3585591129469121e-16
PCA_plane_projection,train_0083,train,0.24,0.15175852476279575,0.20814670091755896,4.163336342344337e-17
PCA_plane_projection,train_0084,train,0.08,0.05596494151223325,0.11960711095523573,7.86322935713641e-17
PCA_plane_projection,train_0085,train,0.16,0.14452177563077032,0.2527630602029682,2.6136244511211777e-17
PCA_plane_projection,train_0086,train,0.24,0.2686292788945529,0.3606204176372924,4.82407022074504e-17
PCA_plane_projection,train_0087,train,0.08,0.06572348887520356,0.11714201938782384,3.758122704069111e-17
PCA_plane_projection,train_0088,train,0.16,0.1402646370197127,0.210608548744756,9.983329836384224e-17
PCA_plane_projection,train_0089,train,0.24,0.17605464230436288,0.310606452309603,3.671717528720129e-17
PCA_plane_projection,train_0090,train,0.08,0.0803428994193653,0.1427053881111291,4.411339609054453e-17
PCA_plane_projection,train_0091,train,0.16,0.12612631352041526,0.2545527132023128,3.3277766121280743e-17
PCA_plane_projection,train_0092,train,0.24,0.17307263795343678,0.31241467352811564,8.849923789036128e-17
PCA_plane_projection,train_0093,train,0.08,0.070124190627963,0.11191550196068345,6.219251807876651e-17
PCA_plane_projection,train_0094,train,0.16,0.08520910991404747,0.17153435574815865,2.208510333462795e-17
PCA_plane_projection,train_0095,train,0.24,0.1814111360152114,0.2908503143876434,7.166458808248763e-17
PCA_plane_projection,train_0096,train,0.08,0.058304096661330754,0.11660556953328437,2.5730107236137053e-17
PCA_plane_projection,train_0097,train,0.16,0.13812105523793497,0.2556830168855823,4.424961894518064e-17
PCA_plane_projection,train_0098,train,0.24,0.18956836436695038,0.3360635467960324,5.067451620406765e-17
PCA_plane_projection,train_0099,train,0.08,0.06310723606378682,0.10010867688552053,4.3008083163771757e-17
PCA_plane_projection,train_0100,train,0.16,0.12236915872320266,0.22288679264142505,6.065746998177373e-17
PCA_plane_projection,train_0101,train,0.24,0.15615994656816692,0.28144981088584375,4.628819572127218e-17
PCA_plane_projection,train_0102,train,0.08,0.0644244138218418,0.09792848235972312,1.614939668540092e-17
PCA_plane_projection,train_0103,train,0.16,0.1457666192401171,0.22199084860373436,1.3714924640763436e-16
PCA_plane_projection,train_0104,train,0.24,0.1781404641987316,0.3137274254999407,6.055816709938769e-17
PCA_plane_projection,train_0105,train,0.08,0.059460548834583245,0.10212799259945692,1.196665851745142e-16
PCA_plane_projection,train_0106,train,0.16,0.11452367005194913,0.14916385010393182,3.63326916524969e-17
PCA_plane_projection,train_0107,train,0.24,0.17411401722641473,0.23899846329590738,5.2731028410311436e-17
PCA_plane_projection,train_0108,train,0.08,0.05496095356537677,0.09639789614698906,3.0934550928006174e-17
PCA_plane_projection,train_0109,train,0.16,0.15444548601353775,0.298145043169752,2.7755575615628914e-17
PCA_plane_projection,train_0110,train,0.24,0.13910482658526954,0.244459032085459,1.6638883060640372e-17
PCA_plane_projection,train_0111,train,0.08,0.06890090473103587,0.11809837998454788,5.1304037436923246e-17
PCA_plane_projection,train_0112,train,0.16,0.11672483227476921,0.1730875741611667,4.620143239153075e-17
PCA_plane_projection,train_0113,train,0.24,0.16390098576946413,0.24870360671155067,1.2975298685265432e-16
PCA_plane_projection,train_0114,train,0.08,0.06461977314549494,0.11065351919943153,4.621228671621745e-17
PCA_plane_projection,train_0115,train,0.16,0.15090957917219922,0.29918562346662403,6.286627665167263e-17
PCA_plane_projection,train_0116,train,0.24,0.16004899999805247,0.2629046117569566,8.822679218108905e-17
PCA_plane_projection,train_0117,train,0.08,0.08608430742086971,0.15426362199293056,5.329865540490841e-17
PCA_plane_projection,train_0118,train,0.16,0.11272713892804202,0.18872071702135004,1.0786948941818325e-17
PCA_plane_projection,train_0119,train,0.24,0.2359126571800344,0.4216813558821306,5.833074862441007e-17
PCA_plane_projection,train_0120,train,0.08,0.07651570480084188,0.14790093981787267,2.9727444890036964e-17
PCA_plane_projection,train_0121,train,0.16,0.1409463805603536,0.27964053070313555,2.943923360032078e-17
PCA_plane_projection,train_0122,train,0.24,0.23167996308335287,0.4308521865441027,3.303574279200384e-17
PCA_plane_projection,train_0123,train,0.08,0.05674028642503751,0.10428718634459626,6.362755092932621e-17
PCA_plane_projection,train_0124,train,0.16,0.12674041394231894,0.1831933919912681,3.229879337080184e-17
PCA_plane_projection,train_0125,train,0.24,0.15213062449067602,0.24501293177765712,2.5416313701634337e-17
PCA_plane_projection,train_0126,train,0.08,0.08497964999937814,0.13859522057240836,1.3046227762660822e-16
PCA_plane_projection,train_0127,train,0.16,0.16704883503059248,0.27137040526072215,3.4228750822014647e-17
PCA_plane_projection,train_0128,train,0.24,0.18096929823443572,0.26067850358139544,2.3700834734518186e-17
PCA_plane_projection,train_0129,train,0.08,0.05694687568138692,0.10018763255205927,2.2395183775777386e-18
PCA_plane_projection,train_0130,train,0.16,0.12929604035964246,0.220542465454784,4.5721291106773356e-17
PCA_plane_projection,train_0131,train,0.24,0.22611000313830462,0.41761847589363177,5.378575341697521e-17
PCA_plane_projection,train_0132,train,0.08,0.06249491379746845,0.09725899794546766,2.2838695816637088e-17
PCA_plane_projection,train_0133,train,0.16,0.12367201435400488,0.19435883584813493,1.6996749443881478e-17
PCA_plane_projection,train_0134,train,0.24,0.16265500650800566,0.30732642927520754,7.133490046909472e-17
PCA_plane_projection,train_0135,train,0.08,0.060940874776182125,0.11080115726883467,4.7316947918797145e-17
PCA_plane_projection,train_0136,train,0.16,0.15202054925503458,0.2345194352629199,3.4925000092272717e-17
PCA_plane_projection,train_0137,train,0.24,0.1976861326385893,0.35411827664691137,2.0525524970989362e-17
PCA_plane_projection,train_0138,train,0.08,0.06256390928427115,0.11407771361779026,4.0509909982372923e-17
PCA_plane_projection,train_0139,train,0.16,0.11475058088980834,0.14746615615945613,2.157389788363665e-17
PCA_plane_projection,train_0140,train,0.24,0.20535399720765002,0.3452739111888624,6.257841124211592e-17
PCA_plane_projection,train_0141,train,0.08,0.08830617617288472,0.14381130369200112,3.303574279200384e-17
PCA_plane_projection,train_0142,train,0.16,0.14330621322963844,0.25446399893679605,2.436859453311573e-17
PCA_plane_projection,train_0143,train,0.24,0.2110406106687448,0.3799912884665242,3.779415354373213e-17
PCA_plane_projection,train_0144,train,0.08,0.05423407413599519,0.10547349589823199,1.5223454600536546e-16
PCA_plane_projection,train_0145,train,0.16,0.13445770706697915,0.23154237025052304,9.699984664493964e-17
PCA_plane_projection,train_0146,train,0.24,0.23190597952177278,0.34511395504618997,1.3437110265466432e-17
PCA_plane_projection,train_0147,train,0.08,0.05820019276223387,0.10052691025269817,1.5513575566339158e-16
PCA_plane_projection,train_0148,train,0.16,0.12412465551992904,0.2223452109178354,2.789976139425762e-17
PCA_plane_projection,train_0149,train,0.24,0.16683047377923363,0.2879590293790906,4.006172263299092e-17
PCA_plane_projection,train_0150,train,0.08,0.054231079809970634,0.09853362274361785,3.254629732262919e-17
PCA_plane_projection,train_0151,train,0.16,0.10891568474559464,0.19181957611674602,1.2826009359230811e-17
PCA_plane_projection,train_0152,train,0.24,0.11899664208859856,0.20707249730611144,1.0623912624320365e-16
PCA_plane_projection,train_0153,train,0.08,0.07283201969277188,0.13696557985738533,5.051839217989091e-17
PCA_plane_projection,train_0154,train,0.16,0.139168765743924,0.26780180437399614,2.0525524970989362e-17
PCA_plane_projection,train_0155,train,0.24,0.22704611202962047,0.4354936326878017,9.100274040305112e-17
PCA_plane_projection,train_0156,train,0.08,0.06229239799294705,0.10698531625812933,2.9165374312205035e-17
PCA_plane_projection,train_0157,train,0.16,0.14192599612451126,0.2675703849608019,6.577477293980094e-17
PCA_plane_projection,train_0158,train,0.24,0.27059856309295244,0.3953175996350552,2.003086131649546e-17
PCA_plane_projection,train_0159,train,0.08,0.06563365166560665,0.12231000660625654,3.7019855219580176e-17
PCA_plane_projection,train_0160,train,0.16,0.12425920306182855,0.18604543573086454,6.706600398826783e-17
PCA_plane_projection,train_0161,train,0.24,0.2109147289227111,0.3759049759485124,3.229879337080184e-17
PCA_plane_projection,train_0162,train,0.08,0.06979987404606258,0.11462991477739629,1.2459453367853375e-16
PCA_plane_projection,train_0163,train,0.16,0.1205752081035587,0.22636202724835394,4.026153296294024e-17
PCA_plane_projection,train_0164,train,0.24,0.1916262985348625,0.38514142429231235,1.415829115318317e-16
PCA_plane_projection,train_0165,train,0.08,0.06444670225784739,0.10415854300575918,5.179052696163949e-17
PCA_plane_projection,train_0166,train,0.16,0.1274541022454266,0.25368970019040255,2.8767134424180844e-17
PCA_plane_projection,train_0167,train,0.24,0.23358258781488772,0.4175741260749637,6.459758674160368e-17
PCA_plane_projection,train_0168,train,0.08,0.055988540116547345,0.10624057710962548,6.35013056642206e-17
PCA_plane_projection,train_0169,train,0.16,0.10942603259035734,0.1716534374790752,2.3445522066282157e-17
PCA_plane_projection,train_0170,train,0.24,0.17342705965244826,0.2777234019074908,2.6948767749120184e-17
PCA_plane_projection,train_0171,train,0.08,0.054563336532280925,0.09799485640179253,3.400824981008348e-17
PCA_plane_projection,train_0172,train,0.16,0.15229892970720016,0.2615125546253164,4.3008083163771757e-17
PCA_plane_projection,train_0173,train,0.24,0.18147650510135127,0.3398559267729959,5.99588961666477e-17
PCA_plane_projection,train_0174,train,0.08,0.06999652293907287,0.12775310410435664,5.363634825776671e-17
PCA_plane_projection,train_0175,train,0.16,0.14214895420881923,0.2947934409247756,4.277421474636178e-17
PCA_plane_projection,train_0176,train,0.24,0.17388957864251942,0.326922346391981,1.3526394372366472e-16
PCA_plane_projection,train_0177,train,0.08,0.07881566412794888,0.1370513405599619,1.402160292154682e-17
PCA_plane_projection,train_0178,train,0.16,0.131871251702073,0.23697800375683756,3.671717528720129e-17
PCA_plane_projection,train_0179,train,0.24,0.11925006338892456,0.21403560857709764,5.1304037436923246e-17
PCA_plane_projection,train_0180,train,0.08,0.048555731501247666,0.08714438472741383,5.359893189586549e-17
PCA_plane_projection,train_0181,train,0.16,0.14174189577750806,0.22213010498757718,5.1925927263190304e-17
PCA_plane_projection,train_0182,train,0.24,0.224500344449986,0.392367914261281,3.98609107286759e-17
PCA_plane_projection,train_0183,train,0.08,0.05860038138420128,0.07807101184447407,4.2612685671267254e-17
PCA_plane_projection,train_0184,train,0.16,0.1783508146454056,0.3179997538903231,4.706186817419514e-17
PCA_plane_projection,train_0185,train,0.24,0.1631069645174052,0.27298180642598374,1.6273148661314594e-17
PCA_plane_projection,train_0186,train,0.08,0.07592143599145246,0.12135204297139841,5.837426120028989e-17
PCA_plane_projection,train_0187,train,0.16,0.10237992056608806,0.2053104343771507,1.3126329030874111e-16
PCA_plane_projection,train_0188,train,0.24,0.1848991408462721,0.32942733516798456,3.671717528720129e-17
PCA_plane_projection,train_0189,train,0.08,0.05501437989365344,0.06755861210466145,4.1825666356338417e-17
PCA_plane_projection,train_0190,train,0.16,0.12818041329843916,0.22417411469894677,3.6989359704178426e-17
PCA_plane_projection,train_0191,train,0.24,0.15487243025366804,0.2486684835850895,9.34391909990421e-17
PCA_plane_projection,validation_0000,validation,0.08,0.06282338210085765,0.11245994170300942,1.0971354589302191e-17
PCA_plane_projection,validation_0001,validation,0.16,0.10700720470869092,0.13257420008585613,1.465986745664285e-17
PCA_plane_projection,validation_0002,validation,0.24,0.2643940624776225,0.48554359752778914,7.22500700352572e-17
PCA_plane_projection,validation_0003,validation,0.08,0.06331677285806227,0.11777493914810702,2.895828027729908e-17
PCA_plane_projection,validation_0004,validation,0.16,0.16580143876471215,0.35464885794935513,9.813077866773595e-18
PCA_plane_projection,validation_0005,validation,0.24,0.18518214638163052,0.3032143569473286,1.1116676875975466e-16
PCA_plane_projection,validation_0006,validation,0.08,0.08239016821706639,0.13700388509798508,1.6525460586108752e-17
PCA_plane_projection,validation_0007,validation,0.16,0.1299881930593515,0.22630755247102596,2.4224095028101378e-17
PCA_plane_projection,validation_0008,validation,0.24,0.22820256034499728,0.3589998188944376,9.352503317699864e-17
PCA_plane_projection,validation_0009,validation,0.08,0.059588751635169704,0.1069576007290446,2.0525524970989362e-17
PCA_plane_projection,validation_0010,validation,0.16,0.1222661283872278,0.2122317250394048,3.5494776685497215e-17
PCA_plane_projection,validation_0011,validation,0.24,0.2130213621777742,0.33694746675158116,3.2607879775658313e-17
PCA_plane_projection,validation_0012,validation,0.08,0.0678592283852489,0.11397744686694349,4.51722570496915e-17
PCA_plane_projection,validation_0013,validation,0.16,0.12865522301277227,0.22028304502569718,9.926903620354817e-17
PCA_plane_projection,validation_0014,validation,0.24,0.21532490537869703,0.34913030986243515,8.958073510310954e-18
PCA_plane_projection,validation_0015,validation,0.08,0.07719856027122339,0.13979496086737395,5.4966376997738136e-17
PCA_plane_projection,validation_0016,validation,0.16,0.09691637249862353,0.1651183273806546,3.2853055256201264e-17
PCA_plane_projection,validation_0017,validation,0.24,0.16064471843932365,0.28412318839513945,4.006172263299091e-18
PCA_plane_projection,validation_0018,validation,0.08,0.057041199055137166,0.11391127127854571,5.833074862441007e-17
PCA_plane_projection,validation_0019,validation,0.16,0.14611284860226434,0.19115067046852444,3.863412619563315e-17
PCA_plane_projection,validation_0020,validation,0.24,0.18238201053344896,0.29724694081248415,4.1051049941978724e-17
PCA_plane_projection,validation_0021,validation,0.08,0.0716137881880004,0.1298215960283021,3.257710310077284e-17
PCA_plane_projection,validation_0022,validation,0.16,0.12785275824734854,0.27049819141965803,9.560933854101521e-17
PCA_plane_projection,validation_0023,validation,0.24,0.21969878362801182,0.3740936326962338,5.437926935372126e-17
PCA_plane_projection,validation_0024,validation,0.08,0.04843920088980732,0.086401463251241,4.624483440428772e-17
PCA_plane_projection,validation_0025,validation,0.16,0.10560462762575508,0.19143943151173423,2.042755054537624e-17
PCA_plane_projection,validation_0026,validation,0.24,0.24403538956498474,0.4271805465422679,1.0166525480653735e-16
PCA_plane_projection,validation_0027,validation,0.08,0.06866249948199352,0.126847132615715,2.943923360032078e-17
PCA_plane_projection,validation_0028,validation,0.16,0.1816143630346823,0.3091067894989086,2.997944808332385e-17
PCA_plane_projection,validation_0029,validation,0.24,0.2016891258751629,0.412974091208473,4.31477957672733e-17
PCA_plane_projection,validation_0030,validation,0.08,0.07768491280905666,0.13156374377121413,4.955361418800576e-17
PCA_plane_projection,validation_0031,validation,0.16,0.11236630791895638,0.19805792094295602,3.671717528720129e-17
PCA_plane_projection,validation_0032,validation,0.24,0.2229815363128254,0.42783926107981324,4.82407022074504e-17
PCA_plane_projection,validation_0033,validation,0.08,0.07184324895150465,0.12412899927269286,1.7377565904028169e-16
PCA_plane_projection,validation_0034,validation,0.16,0.12477101859545435,0.2272582593762097,1.9002943576525368e-17
PCA_plane_projection,validation_0035,validation,0.24,0.18021153744914775,0.28794045760101394,1.651787139600192e-17
PCA_plane_projection,validation_0036,validation,0.08,0.06632282605631419,0.09249120806266371,2.477680709400288e-17
PCA_plane_projection,validation_0037,validation,0.16,0.1195562254772071,0.15818631769019786,6.804598867406499e-17
PCA_plane_projection,validation_0038,validation,0.24,0.2484686454204806,0.31083744748746245,2.6948767749120184e-17
PCA_plane_projection,validation_0039,validation,0.08,0.07205895635036719,0.11900681433903763,2.4048767548557773e-17
PCA_plane_projection,validation_0040,validation,0.16,0.12218483456577557,0.21554839287544877,1.0667256483317497e-16
PCA_plane_projection,validation_0041,validation,0.24,0.2356944935819655,0.3939539902562659,7.601177430610147e-17
PCA_plane_projection,validation_0042,validation,0.08,0.06760043518650341,0.13209253167523535,5.375777157856858e-17
PCA_plane_projection,validation_0043,validation,0.16,0.14824431881492633,0.24342685440924391,2.1666689270499745e-17
PCA_plane_projection,validation_0044,validation,0.24,0.21491255246539712,0.395034681737316,7.030803788041525e-17
PCA_plane_projection,validation_0045,validation,0.08,0.06668360762649952,0.11510820845257089,4.828227110978435e-17
PCA_plane_projection,validation_0046,validation,0.16,0.11495864284626763,0.21041397047595822,7.350432301259194e-17
PCA_plane_projection,validation_0047,validation,0.24,0.14446432185875932,0.26197753416080777,4.026153296294024e-17
PCA_plane_projection,test_0000,test,0.08,0.0691814449718964,0.12900050325070755,3.357784222186849e-17
PCA_plane_projection,test_0001,test,0.16,0.11523724947046225,0.19674912651115112,1.1331166295920986e-17
PCA_plane_projection,test_0002,test,0.24,0.1971888376233655,0.40671800400273384,1.791614702062191e-17
PCA_plane_projection,test_0003,test,0.08,0.06251177904735938,0.10399792398451661,2.4943248585603688e-17
PCA_plane_projection,test_0004,test,0.16,0.11428208583442717,0.22143328586644095,4.5324665183683945e-17
PCA_plane_projection,test_0005,test,0.24,0.1994197769599931,0.36335805198543875,3.173485255602257e-17
PCA_plane_projection,test_0006,test,0.08,0.062490257825186545,0.10854708017835975,2.702310931863369e-17
PCA_plane_projection,test_0007,test,0.16,0.1355433634423029,0.23220010347079797,5.0832627403268674e-17
PCA_plane_projection,test_0008,test,0.24,0.25544712536664993,0.4495956788795528,3.052653318508123e-17
PCA_plane_projection,test_0009,test,0.08,0.07739144200409638,0.12049267299787136,4.9106260135901733e-17
PCA_plane_projection,test_0010,test,0.16,0.14122423706650267,0.21564990175869453,1.5828183311181766e-16
PCA_plane_projection,test_0011,test,0.24,0.2290488447842692,0.46041840498310777,2.888891902733299e-17
PCA_plane_projection,test_0012,test,0.08,0.060847015566843646,0.11303019565794795,2.4471286073333093e-17
PCA_plane_projection,test_0013,test,0.16,0.10961594880452695,0.15259473949775051,1.3994391777418448e-16
PCA_plane_projection,test_0014,test,0.24,0.16976894496159745,0.29717082686325835,1.381439790731017e-17
PCA_plane_projection,test_0015,test,0.08,0.05460542206605312,0.0954446447315277,1.7577009470103813e-17
PCA_plane_projection,test_0016,test,0.16,0.15293240923247114,0.2499755716502979,2.3714374201337736e-16
PCA_plane_projection,test_0017,test,0.24,0.129626381692405,0.21779481038680146,1.1583312110919632e-16
PCA_plane_projection,test_0018,test,0.08,0.05730290265164464,0.083792912318291,3.353300199413392e-17
PCA_plane_projection,test_0019,test,0.16,0.1118881525884791,0.20025591717090366,3.863412619563315e-17
PCA_plane_projection,test_0020,test,0.24,0.1794212248167946,0.3420448904664807,9.038336598867363e-17
PCA_plane_projection,test_0021,test,0.08,0.07357370510956479,0.12226056728779908,3.847802807769244e-17
PCA_plane_projection,test_0022,test,0.16,0.13092060143684062,0.24208246431239802,2.997944808332385e-17
PCA_plane_projection,test_0023,test,0.24,0.23262798328757903,0.3790198717240688,2.959216571304931e-17
PCA_plane_projection,test_0024,test,0.08,0.0636657191604766,0.1183007801591873,3.229879337080184e-17
PCA_plane_projection,test_0025,test,0.16,0.1174472111601146,0.20421541907567983,4.286791521953788e-17
PCA_plane_projection,test_0026,test,0.24,0.2016521482096678,0.24486102201974505,3.303574279200384e-17
PCA_plane_projection,test_0027,test,0.08,0.052810326958456236,0.08278685233481545,3.236084682545498e-17
PCA_plane_projection,test_0028,test,0.16,0.15953976663193845,0.2950936267190847,3.9456220950732415e-17
PCA_plane_projection,test_0029,test,0.24,0.218293372117464,0.38576728851056596,2.6874220530932865e-17
PCA_plane_projection,test_0030,test,0.08,0.07491983644188847,0.08396986242159012,4.3610271956070115e-17
PCA_plane_projection,test_0031,test,0.16,0.158768261030301,0.2664503883105303,5.999234604158806e-17
PCA_plane_projection,test_0032,test,0.24,0.2694910330283736,0.41991447659736264,1.651787139600192e-17
PCA_plane_projection,test_0033,test,0.08,0.06308244174282433,0.11011135782111738,6.273849953450762e-17
PCA_plane_projection,test_0034,test,0.16,0.10234472610173352,0.1875747910776625,1.5804083006069022e-17
PCA_plane_projection,test_0035,test,0.24,0.22834218295374228,0.4124057988550634,3.758122704069111e-17
PCA_plane_projection,test_0036,test,0.08,0.060699194947477005,0.1035259286067572,3.1876773101535975e-17
PCA_plane_projection,test_0037,test,0.16,0.132681019682923,0.20326690723264187,5.654950201808123e-17
PCA_plane_projection,test_0038,test,0.24,0.16547560942533696,0.29348008428158034,1.2643266404855218e-16
PCA_plane_projection,test_0039,test,0.08,0.06681114779666131,0.13327042906370745,5.389753549824037e-17
PCA_plane_projection,test_0040,test,0.16,0.16121098925712019,0.16289248225802022,2.9165374312205035e-17
PCA_plane_projection,test_0041,test,0.24,0.1779687393303892,0.2520557144462471,2.1293097654901264e-17
PCA_plane_projection,test_0042,test,0.08,0.08405470800572527,0.13575083921735256,4.026153296294024e-17
PCA_plane_projection,test_0043,test,0.16,0.11434467393910822,0.20127533213551257,5.2920913894821446e-17
PCA_plane_projection,test_0044,test,0.24,0.17469960793595124,0.3019211162066546,3.8005887153050735e-17
PCA_plane_projection,test_0045,test,0.08,0.07294000132246857,0.13390829553576875,1.0200139619568968e-16
PCA_plane_projection,test_0046,test,0.16,0.15508918643026706,0.272935385436485,3.638786661465913e-17
PCA_plane_projection,test_0047,test,0.24,0.2074124144331794,0.3274211346117893,4.206480876464046e-17
PCA_plane_projection,test_0048,test,0.08,0.07981300448891111,0.13326008152228444,3.217432742277823e-17
PCA_plane_projection,test_0049,test,0.16,0.1676749852161631,0.28057064211996136,1.0719786379173098e-16
PCA_plane_projection,test_0050,test,0.24,0.16121921572003728,0.28480700304662887,5.363634825776671e-17
PCA_plane_projection,test_0051,test,0.08,0.06242381777479688,0.09819327508256531,6.974221245480008e-17
PCA_plane_projection,test_0052,test,0.16,0.11324922677902054,0.20933687926811403,3.3993498887762956e-17
PCA_plane_projection,test_0053,test,0.24,0.24114852012663018,0.41965466054211836,6.509259464525837e-17
PCA_plane_projection,test_0054,test,0.08,0.0661489727737961,0.11656154994392269,1.2078459888882073e-16
PCA_plane_projection,test_0055,test,0.16,0.13464753978070063,0.22514155074713157,1.190615255298714e-16
PCA_plane_projection,test_0056,test,0.24,0.17258377992263385,0.32666854128895906,3.779415354373213e-17
PCA_plane_projection,test_0057,test,0.08,0.05308243219567411,0.09407090905525205,6.570611051240253e-17
PCA_plane_projection,test_0058,test,0.16,0.11615103921948079,0.2189467722413283,2.895828027729908e-17
PCA_plane_projection,test_0059,test,0.24,0.20947936077841317,0.39846867186072993,1.446666469128526e-16
PCA_plane_projection,test_0060,test,0.08,0.05659488767422611,0.09560625045651257,1.6788921110934245e-17
PCA_plane_projection,test_0061,test,0.16,0.13157836610928675,0.22587131183283288,5.0832627403268674e-17
PCA_plane_projection,test_0062,test,0.24,0.25999217204391334,0.39629618783567866,2.832791573980247e-17
PCA_plane_projection,test_0063,test,0.08,0.05318741504260961,0.10572947235405022,6.157657491296809e-17
PCA_plane_projection,ood_warped_0000,ood_warped,0.08,0.1309850239107306,0.11104205770033818,6.16742380590534e-17
PCA_plane_projection,ood_warped_0001,ood_warped,0.16,0.18877421830949526,0.2648641987870364,4.955361418800576e-17
PCA_plane_projection,ood_warped_0002,ood_warped,0.24,0.22134612280936514,0.3139389507351399,9.53098608278622e-17
PCA_plane_projection,ood_warped_0003,ood_warped,0.08,0.18558641957247773,0.16073438176608074,5.1460214472274106e-17
PCA_plane_projection,ood_warped_0004,ood_warped,0.16,0.2060786570112287,0.22706623114946117,3.758122704069111e-17
PCA_plane_projection,ood_warped_0005,ood_warped,0.24,0.2501590514514048,0.31015574842639376,1.2018516789897274e-17
PCA_plane_projection,ood_warped_0006,ood_warped,0.08,0.140417013663537,0.1336263655002814,3.61805266555878e-17
PCA_plane_projection,ood_warped_0007,ood_warped,0.16,0.19789406456499914,0.14601461846869093,3.08371190295267e-17
PCA_plane_projection,ood_warped_0008,ood_warped,0.24,0.2551448604150225,0.3769925693316216,7.611727300268273e-17
PCA_plane_projection,ood_warped_0009,ood_warped,0.08,0.12733687389841358,0.09866595054923591,4.374806146830755e-17
PCA_plane_projection,ood_warped_0010,ood_warped,0.16,0.2147931105400647,0.28470139941546474,1.6024689053196365e-17
PCA_plane_projection,ood_warped_0011,ood_warped,0.24,0.21207835240048103,0.24272855413376618,2.943923360032078e-17
PCA_plane_projection,ood_warped_0012,ood_warped,0.08,0.17073290183876302,0.12146480863922537,3.3518041921118955e-17
PCA_plane_projection,ood_warped_0013,ood_warped,0.16,0.1790389831727641,0.18836246616056576,1.1331166295920986e-17
PCA_plane_projection,ood_warped_0014,ood_warped,0.24,0.2554424999686544,0.31166802639449903,5.901460256665507e-17
PCA_plane_projection,ood_warped_0015,ood_warped,0.08,0.1359763178113576,0.11325139863703579,1.651787139600192e-17
PCA_plane_projection,ood_warped_0016,ood_warped,0.16,0.177346162517646,0.1583371223754061,3.031219354706524e-17
PCA_plane_projection,ood_warped_0017,ood_warped,0.24,0.2492811711914244,0.3664517237810944,5.565552377996998e-17
PCA_plane_projection,ood_warped_0018,ood_warped,0.08,0.1866911075955964,0.17349650086065235,4.1051049941978724e-17
PCA_plane_projection,ood_warped_0019,ood_warped,0.16,0.18250097283622227,0.22986477069386013,6.196630396128246e-17
PCA_plane_projection,ood_warped_0020,ood_warped,0.24,0.2514452081273725,0.3217472362584281,5.434236451787649e-17
PCA_plane_projection,ood_warped_0021,ood_warped,0.08,0.14905314518874777,0.1332164863647596,5.669123031559819e-17
PCA_plane_projection,ood_warped_0022,ood_warped,0.16,0.1994257675296835,0.2542805990976043,4.8942572146666186e-17
PCA_plane_projection,ood_warped_0023,ood_warped,0.24,0.2948536036183177,0.3885314494093764,2.003086131649546e-17
PCA_plane_projection,ood_warped_0024,ood_warped,0.08,0.19241902432836044,0.168716626142417,4.3008083163771757e-17
PCA_plane_projection,ood_warped_0025,ood_warped,0.16,0.1742865247816864,0.22555580904047168,3.1096259039383255e-17
PCA_plane_projection,ood_warped_0026,ood_warped,0.24,0.21296204113436745,0.2657646930547494,1.2018516789897274e-17
PCA_plane_projection,ood_warped_0027,ood_warped,0.08,0.12645815226484725,0.08177662638111645,4.611450581896734e-17
PCA_plane_projection,ood_warped_0028,ood_warped,0.16,0.14357487662759438,0.10648812994951122,5.389753549824037e-17
PCA_plane_projection,ood_warped_0029,ood_warped,0.24,0.2752660407601122,0.41281907205432844,6.393619054485138e-17
PCA_plane_projection,ood_warped_0030,ood_warped,0.08,0.14542738794201834,0.12573122051663388,4.3885418357208765e-17
PCA_plane_projection,ood_warped_0031,ood_warped,0.16,0.1860750726994388,0.23548508705003757,4.258619530980253e-17
PCA_plane_projection,ood_warped_0032,ood_warped,0.24,0.2598653731940467,0.42525466943212564,1.0041437013534139e-16
PCA_plane_projection,ood_warped_0033,ood_warped,0.08,0.1697362294172616,0.14288082547960249,7.056437753605687e-17
PCA_plane_projection,ood_warped_0034,ood_warped,0.16,0.19255940683383693,0.2501979054968143,1.4444459513666495e-17
PCA_plane_projection,ood_warped_0035,ood_warped,0.24,0.16822087514909612,0.21312005194375044,3.9098681478502165e-17
PCA_plane_projection,ood_warped_0036,ood_warped,0.08,0.18572069174524086,0.16956286590597588,5.4673611256720755e-17
PCA_plane_projection,ood_warped_0037,ood_warped,0.16,0.20547546022091062,0.2576177918809839,4.955361418800576e-17
PCA_plane_projection,ood_warped_0038,ood_warped,0.24,0.21320291049860704,0.29167013272367887,4.906538933386797e-17
PCA_plane_projection,ood_warped_0039,ood_warped,0.08,0.15528190658899166,0.141158775064083,1.2668629051016912e-17
PCA_plane_projection,ood_warped_0040,ood_warped,0.16,0.17705837266723498,0.22652140691291803,4.840676363558234e-17
PCA_plane_projection,ood_warped_0041,ood_warped,0.24,0.2436688247073266,0.37551951134855777,7.177647665660287e-17
PCA_plane_projection,ood_warped_0042,ood_warped,0.08,0.13386428757899835,0.09080125946790331,3.303574279200384e-17
PCA_plane_projection,ood_warped_0043,ood_warped,0.16,0.17953258599158875,0.198705918904705,4.026153296294024e-17
PCA_plane_projection,ood_warped_0044,ood_warped,0.24,0.2780242991698066,0.3881629703499058,6.154398609093795e-17
PCA_plane_projection,ood_warped_0045,ood_warped,0.08,0.17665842105614185,0.12862910660821936,2.1942709178604383e-17
PCA_plane_projection,ood_warped_0046,ood_warped,0.16,0.2306935689759894,0.31688538020053286,1.5186510818498484e-16
PCA_plane_projection,ood_warped_0047,ood_warped,0.24,0.2537931780425945,0.3602424515521362,2.997944808332385e-17
PCA_plane_projection,ood_warped_0048,ood_warped,0.08,0.18213818798201656,0.15015399149585776,9.910722837601153e-17
PCA_plane_projection,ood_warped_0049,ood_warped,0.16,0.23151302181132702,0.30048478634225,2.275068510076278e-17
PCA_plane_projection,ood_warped_0050,ood_warped,0.24,0.20430080993314975,0.22672351170460076,2.997944808332385e-17
PCA_plane_projection,ood_warped_0051,ood_warped,0.08,0.16798925213739796,0.13136490986392682,4.82407022074504e-17
PCA_plane_projection,ood_warped_0052,ood_warped,0.16,0.18831244311708886,0.27214752120906205,2.6346484600218797e-17
PCA_plane_projection,ood_warped_0053,ood_warped,0.24,0.2529886362807132,0.37237861475021816,1.1457932821517003e-16
PCA_plane_projection,ood_warped_0054,ood_warped,0.08,0.18306013467435434,0.17610319564092933,1.6996749443881478e-17
PCA_plane_projection,ood_warped_0055,ood_warped,0.16,0.22741873140416577,0.20301229778333138,3.128920562105796e-17
PCA_plane_projection,ood_warped_0056,ood_warped,0.24,0.21872282440184898,0.3103747441272964,1.8358587643600646e-17
PCA_plane_projection,ood_warped_0057,ood_warped,0.08,0.15803880725067984,0.13089943489201628,8.958073510310954e-18
PCA_plane_projection,ood_warped_0058,ood_warped,0.16,0.2407197798576415,0.32601462113102886,1.8358587643600646e-17
PCA_plane_projection,ood_warped_0059,ood_warped,0.24,0.25945547462332663,0.3952915825326826,1.2643266404855218e-16
PCA_plane_projection,ood_warped_0060,ood_warped,0.08,0.19239199498659781,0.1414003435708285,1.6024689053196365e-17
PCA_plane_projection,ood_warped_0061,ood_warped,0.16,0.24419139711302734,0.32338183277645904,7.778579503107599e-17
PCA_plane_projection,ood_warped_0062,ood_warped,0.24,0.23608549913477778,0.33630363767311006,2.811465361708958e-17
PCA_plane_projection,ood_warped_0063,ood_warped,0.08,0.13223322809675306,0.13909031810680741,8.171020218150495e-17
training_fitted_cycle_smoother,train_0000,train,0.08,0.06505367772184383,0.10058515183541408,2.6040119711444095e-17
training_fitted_cycle_smoother,train_0001,train,0.16,0.10207698112405783,0.16279525391372698,2.9165374312205035e-17
training_fitted_cycle_smoother,train_0002,train,0.24,0.1270235763042437,0.24808879415898585,4.9391408796373674e-17
training_fitted_cycle_smoother,train_0003,train,0.08,0.06602009281223453,0.13776876443780772,3.863412619563315e-17
training_fitted_cycle_smoother,train_0004,train,0.16,0.0924350812624127,0.18391434641652807,3.925231146709438e-17
training_fitted_cycle_smoother,train_0005,train,0.24,0.17727779990828085,0.4119362593859507,2.5416313701634337e-17
training_fitted_cycle_smoother,train_0006,train,0.08,0.06443802162388942,0.1150678024363394,3.064132581806436e-17
training_fitted_cycle_smoother,train_0007,train,0.16,0.07428673060175049,0.12321682738194172,2.1293097654901264e-17
training_fitted_cycle_smoother,train_0008,train,0.24,0.12250434287980377,0.1769204697342838,1.962615573354719e-17
training_fitted_cycle_smoother,train_0009,train,0.08,0.06465099577648048,0.12582644587305591,1.1331166295920986e-17
training_fitted_cycle_smoother,train_0010,train,0.16,0.07955388348178363,0.11948324283809851,2.5198314001936058e-17
training_fitted_cycle_smoother,train_0011,train,0.24,0.18392621503676493,0.36743915345350614,3.3518041921118955e-17
training_fitted_cycle_smoother,train_0012,train,0.08,0.05198853979980491,0.08580216369948453,2.8327915739802466e-18
training_fitted_cycle_smoother,train_0013,train,0.16,0.09583016000344904,0.1567090702260653,1.723119844235156e-17
training_fitted_cycle_smoother,train_0014,train,0.24,0.11159610480003686,0.15321921162403032,1.564460281052898e-17
training_fitted_cycle_smoother,train_0015,train,0.08,0.055500679651055755,0.07281410596738164,6.733468702987798e-17
training_fitted_cycle_smoother,train_0016,train,0.16,0.1525021726940161,0.3048274950734534,3.303574279200384e-17
training_fitted_cycle_smoother,train_0017,train,0.24,0.14273410070451403,0.19308025932271575,2.091882797066103e-17
training_fitted_cycle_smoother,train_0018,train,0.08,0.07137412364623084,0.12063641304177114,5.791656055459816e-17
training_fitted_cycle_smoother,train_0019,train,0.16,0.13763770176043258,0.2953086979916873,2.895828027729908e-17
training_fitted_cycle_smoother,train_0020,train,0.24,0.21949632448488743,0.23195503332650763,5.781254988600672e-17
training_fitted_cycle_smoother,train_0021,train,0.08,0.07031850955349937,0.09887502142704069,3.357784222186849e-17
training_fitted_cycle_smoother,train_0022,train,0.16,0.10190557001078314,0.16759119584728235,3.738050692798919e-17
training_fitted_cycle_smoother,train_0023,train,0.24,0.12491311615659717,0.20950427292086313,5.452663891757675e-17
training_fitted_cycle_smoother,train_0024,train,0.08,0.07675406200807387,0.13357405178801393,1.614939668540092e-17
training_fitted_cycle_smoother,train_0025,train,0.16,0.12755580768543714,0.26926557514748733,3.693508328505964e-17
training_fitted_cycle_smoother,train_0026,train,0.24,0.17717924991752174,0.36514575867276294,4.9269404306710247e-17
training_fitted_cycle_smoother,train_0027,train,0.08,0.06808843415257348,0.09078540304571124,2.7483188498869068e-17
training_fitted_cycle_smoother,train_0028,train,0.16,0.1346177920133897,0.289121418480773,2.3445522066282157e-17
training_fitted_cycle_smoother,train_0029,train,0.24,0.15967547694535233,0.16079350058534983,2.4037033579794548e-17
training_fitted_cycle_smoother,train_0030,train,0.08,0.06857586730512526,0.1175390981249471,2.1718710207974312e-17
training_fitted_cycle_smoother,train_0031,train,0.16,0.0928134029310315,0.15639466141455835,3.4184764403129406e-17
training_fitted_cycle_smoother,train_0032,train,0.24,0.13923198689682872,0.26220813152952965,3.6111148784166237e-17
training_fitted_cycle_smoother,train_0033,train,0.08,0.05668439656236256,0.08842733735194107,4.006172263299091e-18
training_fitted_cycle_smoother,train_0034,train,0.16,0.17456384323402757,0.35137211971099136,3.863412619563315e-17
training_fitted_cycle_smoother,train_0035,train,0.24,0.09747235312002278,0.13613239738438287,3.064132581806436e-17
training_fitted_cycle_smoother,train_0036,train,0.08,0.07259227289684694,0.13096070197266305,3.08371190295267e-17
training_fitted_cycle_smoother,train_0037,train,0.16,0.11110349641939092,0.22839369329707285,4.333337854099949e-17
training_fitted_cycle_smoother,train_0038,train,0.24,0.17618381822337598,0.42469711835039575,3.6055550369691825e-17
training_fitted_cycle_smoother,train_0039,train,0.08,0.052941151025860736,0.07684010877798872,2.888891902733299e-17
training_fitted_cycle_smoother,train_0040,train,0.16,0.13244447113277844,0.27426953571635426,2.0525524970989362e-17
training_fitted_cycle_smoother,train_0041,train,0.24,0.21876560480483756,0.3931333664072214,1.4444459513666495e-17
training_fitted_cycle_smoother,train_0042,train,0.08,0.06484662274655113,0.1169892616821119,1.2668629051016912e-17
training_fitted_cycle_smoother,train_0043,train,0.16,0.16589642331009385,0.37911024511665853,3.4228750822014647e-17
training_fitted_cycle_smoother,train_0044,train,0.24,0.10417675658367462,0.22119370271598707,2.003086131649546e-17
training_fitted_cycle_smoother,train_0045,train,0.08,0.05020180101829104,0.06704633326293742,1.9317063097816575e-17
training_fitted_cycle_smoother,train_0046,train,0.16,0.13636782522088606,0.26933784785576903,4.7274530207071914e-17
training_fitted_cycle_smoother,train_0047,train,0.24,0.1705738338290877,0.35531773241880876,4.6027415078689346e-17
training_fitted_cycle_smoother,train_0048,train,0.08,0.08405235773501951,0.14400524609651688,1.1506853769672337e-17
training_fitted_cycle_smoother,train_0049,train,0.16,0.12426049982023886,0.2183830337859764,3.925231146709438e-17
training_fitted_cycle_smoother,train_0050,train,0.24,0.15794887088019735,0.3488647137646359,3.128920562105796e-17
training_fitted_cycle_smoother,train_0051,train,0.08,0.08053620697092666,0.15898599609812808,2.1666689270499745e-17
training_fitted_cycle_smoother,train_0052,train,0.16,0.15956652233600305,0.20640501334235645,1.791614702062191e-17
training_fitted_cycle_smoother,train_0053,train,0.24,0.12639257887943028,0.2548839726073794,2.997944808332385e-17
training_fitted_cycle_smoother,train_0054,train,0.08,0.08635489092672934,0.12815483319577933,2.353093408709757e-17
training_fitted_cycle_smoother,train_0055,train,0.16,0.10094576947186376,0.17491189486250103,3.0575782800084954e-17
training_fitted_cycle_smoother,train_0056,train,0.24,0.19295833020312275,0.3894268321178438,3.128920562105796e-17
training_fitted_cycle_smoother,train_0057,train,0.08,0.07564364435008078,0.13734282988812063,1.3437110265466432e-17
training_fitted_cycle_smoother,train_0058,train,0.16,0.15061535758076205,0.32997155642534604,1.3877787807814457e-17
training_fitted_cycle_smoother,train_0059,train,0.24,0.11703467912051269,0.1882878013142304,1.614939668540092e-17
training_fitted_cycle_smoother,train_0060,train,0.08,0.06786394836448432,0.12183693476807438,2.138710737318089e-17
training_fitted_cycle_smoother,train_0061,train,0.16,0.1058843461119468,0.15640985902788088,3.4228750822014647e-17
training_fitted_cycle_smoother,train_0062,train,0.24,0.12085453332137451,0.2061737240347354,3.506831214319084e-17
training_fitted_cycle_smoother,train_0063,train,0.08,0.053021573524561716,0.09871894093554671,1.7577009470103813e-17
training_fitted_cycle_smoother,train_0064,train,0.16,0.0865248301399591,0.13952389079794372,2.2662332591841973e-17
training_fitted_cycle_smoother,train_0065,train,0.24,0.1572563463732776,0.3082593982952695,2.3445522066282157e-17
training_fitted_cycle_smoother,train_0066,train,0.08,0.055706950869943074,0.09875179141919077,2.5337258102033824e-17
training_fitted_cycle_smoother,train_0067,train,0.16,0.10823203806484294,0.1830579814698797,2.4037033579794548e-17
training_fitted_cycle_smoother,train_0068,train,0.24,0.23213218904043734,0.4682120452650414,9.813077866773595e-18
training_fitted_cycle_smoother,train_0069,train,0.08,0.06248660614079416,0.09071486014731132,2.275068510076278e-17
training_fitted_cycle_smoother,train_0070,train,0.16,0.09023305011185534,0.15975047492539593,2.888891902733299e-17
training_fitted_cycle_smoother,train_0071,train,0.24,0.09545394464613552,0.18242949378931933,2.832791573980247e-17
training_fitted_cycle_smoother,train_0072,train,0.08,0.05790059464602747,0.09414853301958878,2.3445522066282157e-17
training_fitted_cycle_smoother,train_0073,train,0.16,0.10806401002198038,0.2384353086125417,3.763457160557005e-17
training_fitted_cycle_smoother,train_0074,train,0.24,0.16812072109026874,0.23421040861815484,2.3359797749760525e-17
training_fitted_cycle_smoother,train_0075,train,0.08,0.06729707831388095,0.102566117562416,2.4037033579794548e-17
training_fitted_cycle_smoother,train_0076,train,0.16,0.10345431551064907,0.21692880825758812,3.3277766121280743e-17
training_fitted_cycle_smoother,train_0077,train,0.24,0.18418273211885158,0.3296054390521715,2.4037033579794548e-17
training_fitted_cycle_smoother,train_0078,train,0.08,0.07647586168179117,0.15355105813852726,1.0408340855860843e-17
training_fitted_cycle_smoother,train_0079,train,0.16,0.11189486405935047,0.2599511170696726,3.2623257225122206e-17
training_fitted_cycle_smoother,train_0080,train,0.24,0.13770086719059044,0.12896589695936947,2.5652018718461623e-17
training_fitted_cycle_smoother,train_0081,train,0.08,0.06575209897716118,0.12797177822628486,3.715171319707234e-17
training_fitted_cycle_smoother,train_0082,train,0.16,0.12683415638049797,0.24301270940279884,2.6573940485783934e-17
training_fitted_cycle_smoother,train_0083,train,0.24,0.17084299115486418,0.3396197728027241,3.128920562105796e-17
training_fitted_cycle_smoother,train_0084,train,0.08,0.05827701415735622,0.07694276695849672,1.5287891400042477e-17
training_fitted_cycle_smoother,train_0085,train,0.16,0.12706693201920893,0.19773874486094709,3.4228750822014647e-17
training_fitted_cycle_smoother,train_0086,train,0.24,0.1917628566171496,0.21215330274779437,1.7114375411007323e-17
training_fitted_cycle_smoother,train_0087,train,0.08,0.07071792443505853,0.10960838273648359,3.900878457179173e-17
training_fitted_cycle_smoother,train_0088,train,0.16,0.14770500393282276,0.2875186358647331,4.4969172124985776e-17
training_fitted_cycle_smoother,train_0089,train,0.24,0.15985231329076463,0.31449022819867944,1.6638883060640372e-17
training_fitted_cycle_smoother,train_0090,train,0.08,0.094598407540398,0.18123750045626172,4.6933808431586937e-17
training_fitted_cycle_smoother,train_0091,train,0.16,0.0858171133695804,0.09607351268301555,4.374806146830755e-17
training_fitted_cycle_smoother,train_0092,train,0.24,0.1403094091581245,0.2714027683428788,4.006172263299092e-17
training_fitted_cycle_smoother,train_0093,train,0.08,0.08038785863797608,0.12549836647441776,2.0030861316495456e-18
training_fitted_cycle_smoother,train_0094,train,0.16,0.11982521242068071,0.2864304757287198,4.681611261364171e-17
training_fitted_cycle_smoother,train_0095,train,0.24,0.11435677233852085,0.13104371727615885,5.314788097156787e-17
training_fitted_cycle_smoother,train_0096,train,0.08,0.05613086480938641,0.08418968630670429,1.8897076771866065e-17
training_fitted_cycle_smoother,train_0097,train,0.16,0.14534574624974841,0.28377972178448924,2.7537881465400968e-17
training_fitted_cycle_smoother,train_0098,train,0.24,0.15633281705104732,0.2286739904385293,3.8005887153050735e-17
training_fitted_cycle_smoother,train_0099,train,0.08,0.0749070490179303,0.12789926175562968,3.1096259039383255e-17
training_fitted_cycle_smoother,train_0100,train,0.16,0.09494546758949005,0.14072843745696434,3.024593730708204e-17
training_fitted_cycle_smoother,train_0101,train,0.24,0.13353727916912395,0.2685005510911004,1.651787139600192e-17
training_fitted_cycle_smoother,train_0102,train,0.08,0.06531653895606594,0.07915751623473193,3.677177334752666e-17
training_fitted_cycle_smoother,train_0103,train,0.16,0.14016445272683384,0.20838472839770067,6.619282909410174e-17
training_fitted_cycle_smoother,train_0104,train,0.24,0.15934643374944815,0.3342773092510402,3.9098681478502165e-17
training_fitted_cycle_smoother,train_0105,train,0.08,0.06523583137708536,0.10172974067227222,5.1071331538863925e-17
training_fitted_cycle_smoother,train_0106,train,0.16,0.12004563770033003,0.16884904716213583,1.8897076771866065e-17
training_fitted_cycle_smoother,train_0107,train,0.24,0.18311126641000394,0.3393409696344593,1.3877787807814457e-17
training_fitted_cycle_smoother,train_0108,train,0.08,0.06321068777548108,0.10497044819832597,2.438916743212239e-17
training_fitted_cycle_smoother,train_0109,train,0.16,0.13158577514731004,0.20207936801535126,2.888891902733299e-17
training_fitted_cycle_smoother,train_0110,train,0.24,0.17516319983396753,0.4122265846933996,2.41203511037252e-17
training_fitted_cycle_smoother,train_0111,train,0.08,0.07154649636147008,0.12131366048651607,1.0786948941818325e-17
training_fitted_cycle_smoother,train_0112,train,0.16,0.11643821643928665,0.1741440386560313,3.0062979724974346e-17
training_fitted_cycle_smoother,train_0113,train,0.24,0.14252811666174406,0.21423314226564136,3.229879337080184e-17
training_fitted_cycle_smoother,train_0114,train,0.08,0.06577827067202908,0.12573490569417464,5.389753549824037e-17
training_fitted_cycle_smoother,train_0115,train,0.16,0.10054241635577006,0.14367607736853222,4.124606790400824e-17
training_fitted_cycle_smoother,train_0116,train,0.24,0.14879252433311582,0.26730003147202885,2.5652018718461623e-17
training_fitted_cycle_smoother,train_0117,train,0.08,0.07934623603087519,0.1435250175048416,3.3277766121280743e-17
training_fitted_cycle_smoother,train_0118,train,0.16,0.1050026113156069,0.141429628331747,2.445078226908506e-17
training_fitted_cycle_smoother,train_0119,train,0.24,0.14640284412565568,0.22410530556017313,4.1051049941978724e-17
training_fitted_cycle_smoother,train_0120,train,0.08,0.06427105171594291,0.10063201374910742,4.095625428875782e-17
training_fitted_cycle_smoother,train_0121,train,0.16,0.08134226983901406,0.1360624934881616,2.0030861316495456e-18
training_fitted_cycle_smoother,train_0122,train,0.24,0.14589446195759345,0.19579134249514943,3.2607879775658313e-17
training_fitted_cycle_smoother,train_0123,train,0.08,0.05963735202116188,0.09388722222144096,1.2826009359230811e-17
training_fitted_cycle_smoother,train_0124,train,0.16,0.14522266841441597,0.29648661009969113,1.962615573354719e-17
training_fitted_cycle_smoother,train_0125,train,0.24,0.14081191729817427,0.3079744775423518,4.4969172124985776e-17
training_fitted_cycle_smoother,train_0126,train,0.08,0.0809874266654884,0.10967549722638309,3.6111148784166237e-17
training_fitted_cycle_smoother,train_0127,train,0.16,0.13618025448538076,0.2532202661117593,1.8358587643600646e-17
training_fitted_cycle_smoother,train_0128,train,0.24,0.15819804626624973,0.26617294421858884,2.6874220530932865e-17
training_fitted_cycle_smoother,train_0129,train,0.08,0.071602826384342,0.1519057271004442,4.82407022074504e-17
training_fitted_cycle_smoother,train_0130,train,0.16,0.11238179205434912,0.17362456762367331,1.9317063097816575e-17
training_fitted_cycle_smoother,train_0131,train,0.24,0.13926971577084102,0.20567982883620461,2.1942709178604383e-17
training_fitted_cycle_smoother,train_0132,train,0.08,0.06725438981294447,0.09903313879517074,1.791614702062191e-17
training_fitted_cycle_smoother,train_0133,train,0.16,0.10305233023627294,0.13292863689777581,2.0580430619602853e-17
training_fitted_cycle_smoother,train_0134,train,0.24,0.1346189957776709,0.30731875402325365,4.15489510139498e-17
training_fitted_cycle_smoother,train_0135,train,0.08,0.0712246936563309,0.13868430420546887,2.832791573980247e-17
training_fitted_cycle_smoother,train_0136,train,0.16,0.1455076971074679,0.23875057930307253,1.9317063097816575e-17
training_fitted_cycle_smoother,train_0137,train,0.24,0.09467663137609607,0.14450605346117446,1.1331166295920986e-17
training_fitted_cycle_smoother,train_0138,train,0.08,0.07559002503070805,0.15087883208136232,4.263327790606129e-17
training_fitted_cycle_smoother,train_0139,train,0.16,0.1086542022560006,0.1361991006546864,2.3700834734518186e-17
training_fitted_cycle_smoother,train_0140,train,0.24,0.1806025351391789,0.3917629701227213,2.997944808332385e-17
training_fitted_cycle_smoother,train_0141,train,0.08,0.09040560576968164,0.15759818050905774,4.006172263299091e-18
training_fitted_cycle_smoother,train_0142,train,0.16,0.1250188867677992,0.2508357332778883,1.8358587643600646e-17
training_fitted_cycle_smoother,train_0143,train,0.24,0.1507066944788634,0.2591410140006544,2.4037033579794548e-17
training_fitted_cycle_smoother,train_0144,train,0.08,0.06708319807741427,0.13322862978209735,4.006172263299092e-17
training_fitted_cycle_smoother,train_0145,train,0.16,0.1045273671866095,0.1624034685032339,1.7114375411007323e-17
training_fitted_cycle_smoother,train_0146,train,0.24,0.20796207326275562,0.427303160155035,1.791614702062191e-17
training_fitted_cycle_smoother,train_0147,train,0.08,0.07018676435766777,0.09628004123862662,1.1506853769672337e-17
training_fitted_cycle_smoother,train_0148,train,0.16,0.12028355774991717,0.2573742257669621,1.6273148661314594e-17
training_fitted_cycle_smoother,train_0149,train,0.24,0.15488872921054928,0.3326041987548908,3.693508328505964e-17
training_fitted_cycle_smoother,train_0150,train,0.08,0.05370882609115652,0.08389147198601848,2.9165374312205035e-17
training_fitted_cycle_smoother,train_0151,train,0.16,0.08273016998382482,0.12041931978239707,9.179293821800323e-18
training_fitted_cycle_smoother,train_0152,train,0.24,0.11857314738013178,0.26398429378531413,4.148855128581971e-17
training_fitted_cycle_smoother,train_0153,train,0.08,0.06428657272922594,0.11117577508817962,5.82274778170212e-17
training_fitted_cycle_smoother,train_0154,train,0.16,0.16189214715537328,0.3647841712558109,1.7577009470103813e-17
training_fitted_cycle_smoother,train_0155,train,0.24,0.15393026907582377,0.20884420609710436,6.938893903907228e-17
training_fitted_cycle_smoother,train_0156,train,0.08,0.07068926028454273,0.12722111038564018,6.655553224256149e-17
training_fitted_cycle_smoother,train_0157,train,0.16,0.12205851659032844,0.20532362835384527,3.6989359704178426e-17
training_fitted_cycle_smoother,train_0158,train,0.24,0.20184888667566514,0.3761932547789475,2.042755054537624e-17
training_fitted_cycle_smoother,train_0159,train,0.08,0.05982519124437679,0.1038556800778202,8.633190847827759e-17
training_fitted_cycle_smoother,train_0160,train,0.16,0.10582133788316567,0.17527453797042417,1.791614702062191e-17
training_fitted_cycle_smoother,train_0161,train,0.24,0.1536362897204732,0.2961900265459415,2.5652018718461623e-17
training_fitted_cycle_smoother,train_0162,train,0.08,0.0711756192098647,0.10319823895602277,3.452056130901701e-17
training_fitted_cycle_smoother,train_0163,train,0.16,0.09960007861823693,0.17621107634651667,1.4444459513666495e-17
training_fitted_cycle_smoother,train_0164,train,0.24,0.1200442640967247,0.197657301407298,5.2845041577819695e-17
training_fitted_cycle_smoother,train_0165,train,0.08,0.07179198392558155,0.1049192471026921,4.8170473342154046e-17
training_fitted_cycle_smoother,train_0166,train,0.16,0.14413346452739575,0.32163234594130674,4.31477957672733e-17
training_fitted_cycle_smoother,train_0167,train,0.24,0.20995307316763348,0.46589134922080905,4.026153296294024e-17
training_fitted_cycle_smoother,train_0168,train,0.08,0.04903189164399331,0.056480621021210785,3.254629732262919e-17
training_fitted_cycle_smoother,train_0169,train,0.16,0.1159202263999276,0.22309483592322266,6.270651457217668e-17
training_fitted_cycle_smoother,train_0170,train,0.24,0.12703507567713584,0.2316051928672684,1.0262762485494681e-17
training_fitted_cycle_smoother,train_0171,train,0.08,0.06153688586316842,0.11557202295273522,8.745598841331765e-18
training_fitted_cycle_smoother,train_0172,train,0.16,0.14405791132678997,0.24445986016868024,8.958073510310954e-18
training_fitted_cycle_smoother,train_0173,train,0.24,0.10818398101861768,0.1545114839245001,2.157389788363665e-17
training_fitted_cycle_smoother,train_0174,train,0.08,0.06880489639960255,0.12681629247658904,4.3885418357208765e-17
training_fitted_cycle_smoother,train_0175,train,0.16,0.16802616501812354,0.3639452841259114,1.3437110265466432e-17
training_fitted_cycle_smoother,train_0176,train,0.24,0.13182842929905406,0.1987097908590618,5.329865540490841e-17
training_fitted_cycle_smoother,train_0177,train,0.08,0.07749016957845761,0.10418058287126807,1.6055956768885907e-17
training_fitted_cycle_smoother,train_0178,train,0.16,0.12892531911993485,0.28534287580948675,4.026153296294024e-17
training_fitted_cycle_smoother,train_0179,train,0.24,0.10891629675510826,0.15096498031925715,3.4228750822014647e-17
training_fitted_cycle_smoother,train_0180,train,0.08,0.06589557831348539,0.14212115541489181,4.258619530980253e-17
training_fitted_cycle_smoother,train_0181,train,0.16,0.11707867021331578,0.162081496988411,2.4037033579794548e-17
training_fitted_cycle_smoother,train_0182,train,0.24,0.2087578465807485,0.43426297171193184,2.3013707539344673e-17
training_fitted_cycle_smoother,train_0183,train,0.08,0.05859211409432762,0.07914808561408997,3.552655515395344e-17
training_fitted_cycle_smoother,train_0184,train,0.16,0.12010516460655973,0.17909278538467532,4.1051049941978724e-17
training_fitted_cycle_smoother,train_0185,train,0.24,0.16093527861407772,0.3385680626375014,3.135325728608834e-17
training_fitted_cycle_smoother,train_0186,train,0.08,0.07512163859229147,0.12499582126468209,1.7143655800954295e-17
training_fitted_cycle_smoother,train_0187,train,0.16,0.08994021505045986,0.1621590332583341,1.7114375411007323e-17
training_fitted_cycle_smoother,train_0188,train,0.24,0.12398316951047425,0.13331075612407176,3.763457160557005e-17
training_fitted_cycle_smoother,train_0189,train,0.08,0.07203438318161737,0.08581035410505058,3.243824671316358e-17
training_fitted_cycle_smoother,train_0190,train,0.16,0.14283676110313262,0.27086922729248997,1.962615573354719e-17
training_fitted_cycle_smoother,train_0191,train,0.24,0.13914282078085294,0.22151938664330104,1.962615573354719e-17
training_fitted_cycle_smoother,validation_0000,validation,0.08,0.06047696617354981,0.07851677952698527,1.2347852199093419e-17
training_fitted_cycle_smoother,validation_0001,validation,0.16,0.09781950964769985,0.11289847159811149,9.813077866773595e-18
training_fitted_cycle_smoother,validation_0002,validation,0.24,0.15350743358657842,0.2412200206297196,2.4695704398186837e-17
training_fitted_cycle_smoother,validation_0003,validation,0.08,0.06168844913906851,0.09261612419259911,9.723224378884498e-18
training_fitted_cycle_smoother,validation_0004,validation,0.16,0.1224044597882564,0.18832210142420766,3.2111913537771814e-17
training_fitted_cycle_smoother,validation_0005,validation,0.24,0.16949173867854186,0.35498187512967255,8.958073510310954e-18
training_fitted_cycle_smoother,validation_0006,validation,0.08,0.08185150963595138,0.12669909444766753,1.0693553686590446e-17
training_fitted_cycle_smoother,validation_0007,validation,0.16,0.11849286140638987,0.23357923738347286,2.157389788363665e-17
training_fitted_cycle_smoother,validation_0008,validation,0.24,0.16894245333143504,0.32084024975175324,4.31477957672733e-17
training_fitted_cycle_smoother,validation_0009,validation,0.08,0.06423536346549354,0.10384913874580548,2.232789714264954e-17
training_fitted_cycle_smoother,validation_0010,validation,0.16,0.09995978707036189,0.1159942204509797,5.823609071224131e-17
training_fitted_cycle_smoother,validation_0011,validation,0.24,0.16869207972988437,0.32807186050086645,3.5888238328301435e-17
training_fitted_cycle_smoother,validation_0012,validation,0.08,0.07715821901465159,0.1513280657133404,3.8970193843889865e-17
training_fitted_cycle_smoother,validation_0013,validation,0.16,0.11921942906837768,0.23190556170131688,4.026153296294024e-17
training_fitted_cycle_smoother,validation_0014,validation,0.24,0.18031897147111525,0.31776324348247087,1.3877787807814457e-17
training_fitted_cycle_smoother,validation_0015,validation,0.08,0.08921506991784113,0.1772977826415852,1.962615573354719e-17
training_fitted_cycle_smoother,validation_0016,validation,0.16,0.11367008831338657,0.23354781743744124,6.009258394948637e-18
training_fitted_cycle_smoother,validation_0017,validation,0.24,0.12860381967274287,0.2645777324885394,1.512296865354102e-17
training_fitted_cycle_smoother,validation_0018,validation,0.08,0.060734989145913305,0.08133594159123295,1.8027775184845912e-17
training_fitted_cycle_smoother,validation_0019,validation,0.16,0.15010804269370312,0.23597392291568245,8.42487644768582e-17
training_fitted_cycle_smoother,validation_0020,validation,0.24,0.13267683496398391,0.13812599365032388,4.163336342344337e-17
training_fitted_cycle_smoother,validation_0021,validation,0.08,0.06245383675208125,0.0987881874234458,2.704166277726887e-17
training_fitted_cycle_smoother,validation_0022,validation,0.16,0.09173520113254703,0.13756419208633724,2.6649327702454206e-17
training_fitted_cycle_smoother,validation_0023,validation,0.24,0.15810173554295767,0.2840862119035213,3.583229404124382e-17
training_fitted_cycle_smoother,validation_0024,validation,0.08,0.04680177215677461,0.0717781442143644,1.8358587643600646e-17
training_fitted_cycle_smoother,validation_0025,validation,0.16,0.09926109513685061,0.20643501422165048,1.1331166295920986e-17
training_fitted_cycle_smoother,validation_0026,validation,0.24,0.17023298683614949,0.3298275030122921,9.48879470217916e-17
training_fitted_cycle_smoother,validation_0027,validation,0.08,0.09086830501088322,0.1835460997232626,4.277421474636178e-17
training_fitted_cycle_smoother,validation_0028,validation,0.16,0.14280525930934843,0.24124816256628104,1.791614702062191e-17
training_fitted_cycle_smoother,validation_0029,validation,0.24,0.13849070294819785,0.20763435845542175,7.72682523912663e-17
training_fitted_cycle_smoother,validation_0030,validation,0.08,0.07714163946669313,0.10788762373151951,6.607148558400768e-17
training_fitted_cycle_smoother,validation_0031,validation,0.16,0.09535877350700638,0.19019739121952775,2.5416313701634337e-17
training_fitted_cycle_smoother,validation_0032,validation,0.24,0.13321684461647823,0.21151998974471062,3.452056130901701e-17
training_fitted_cycle_smoother,validation_0033,validation,0.08,0.07660514169761204,0.1514206775375981,4.259797083755691e-17
training_fitted_cycle_smoother,validation_0034,validation,0.16,0.10503373378072095,0.21048761166138188,2.2484586062492888e-17
training_fitted_cycle_smoother,validation_0035,validation,0.24,0.12844063366614342,0.16858319523233256,4.8074067159589095e-17
training_fitted_cycle_smoother,validation_0036,validation,0.08,0.08265693179446519,0.14075251579718445,4.2017089170419293e-17
training_fitted_cycle_smoother,validation_0037,validation,0.16,0.12076905517682446,0.20023041767941832,1.8897076771866065e-17
training_fitted_cycle_smoother,validation_0038,validation,0.24,0.20083609124224575,0.22318823449742323,3.411132766008903e-17
training_fitted_cycle_smoother,validation_0039,validation,0.08,0.07277726534552699,0.1166386827544609,8.151969943914578e-18
training_fitted_cycle_smoother,validation_0040,validation,0.16,0.11773179499183921,0.19867914871493825,3.2853055256201264e-17
training_fitted_cycle_smoother,validation_0041,validation,0.24,0.15278663038712129,0.24391483342981335,3.051009898029116e-17
training_fitted_cycle_smoother,validation_0042,validation,0.08,0.08985164712773722,0.20078098973194783,3.671717528720129e-17
training_fitted_cycle_smoother,validation_0043,validation,0.16,0.1311317003842606,0.23437191488833825,2.477680709400288e-17
training_fitted_cycle_smoother,validation_0044,validation,0.24,0.20654850408088268,0.4209339253579933,2.013076648147012e-17
training_fitted_cycle_smoother,validation_0045,validation,0.08,0.07327135275778686,0.11466862635815388,1.2826009359230811e-17
training_fitted_cycle_smoother,validation_0046,validation,0.16,0.0824635733716643,0.13369255022093002,5.922668764094269e-17
training_fitted_cycle_smoother,validation_0047,validation,0.24,0.1846287469154793,0.43112694612244806,1.791614702062191e-17
training_fitted_cycle_smoother,test_0000,test,0.08,0.06820821139155113,0.09052482800439933,1.001543065824773e-17
training_fitted_cycle_smoother,test_0001,test,0.16,0.11401678566480951,0.18248079920974689,9.631491351532838e-17
training_fitted_cycle_smoother,test_0002,test,0.24,0.10011268743617736,0.16785434990332082,4.0509909982372923e-17
training_fitted_cycle_smoother,test_0003,test,0.08,0.06896588365000693,0.1255518099431212,2.7318452618149036e-17
training_fitted_cycle_smoother,test_0004,test,0.16,0.14051339822117528,0.30123037199584884,2.4037033579794548e-17
training_fitted_cycle_smoother,test_0005,test,0.24,0.17260698496660468,0.3730935403743191,5.791656055459816e-17
training_fitted_cycle_smoother,test_0006,test,0.08,0.06097233253655124,0.10909902965005254,2.8609792490763984e-17
training_fitted_cycle_smoother,test_0007,test,0.16,0.1595450468948044,0.3354102257821014,1.6996749443881478e-17
training_fitted_cycle_smoother,test_0008,test,0.24,0.17423638768973382,0.3368165298281645,2.5416313701634337e-17
training_fitted_cycle_smoother,test_0009,test,0.08,0.07982745172533609,0.11033430022319902,5.0832627403268674e-17
training_fitted_cycle_smoother,test_0010,test,0.16,0.11984622029745085,0.16941613049080362,3.254629732262919e-17
training_fitted_cycle_smoother,test_0011,test,0.24,0.1423326098436914,0.24812248264867842,4.026153296294024e-17
training_fitted_cycle_smoother,test_0012,test,0.08,0.06305399082908221,0.09096560032664953,2.3187398362216133e-17
training_fitted_cycle_smoother,test_0013,test,0.16,0.10509559297866888,0.16508801631746675,2.5652018718461623e-17
training_fitted_cycle_smoother,test_0014,test,0.24,0.1621383290551738,0.36907396495685374,4.641803663753154e-17
training_fitted_cycle_smoother,test_0015,test,0.08,0.07141815822083696,0.12115870303420229,3.4228750822014647e-17
training_fitted_cycle_smoother,test_0016,test,0.16,0.120501846914991,0.15519929266561652,9.747437813246292e-17
training_fitted_cycle_smoother,test_0017,test,0.24,0.12264371993592009,0.2512015852131535,7.030803788041525e-17
training_fitted_cycle_smoother,test_0018,test,0.08,0.06339166309402398,0.0817764711002902,1.9446448757768997e-17
training_fitted_cycle_smoother,test_0019,test,0.16,0.1279412623984885,0.22468065498261927,3.3156975283053895e-17
training_fitted_cycle_smoother,test_0020,test,0.24,0.1328968207602354,0.18699753355705317,3.5154018940207626e-17
training_fitted_cycle_smoother,test_0021,test,0.08,0.06913263242769414,0.11237904621100883,1.0786948941818325e-17
training_fitted_cycle_smoother,test_0022,test,0.16,0.12560026626660042,0.2631001317124982,3.812447055245151e-17
training_fitted_cycle_smoother,test_0023,test,0.24,0.22132883028567046,0.3884404721430156,2.7537881465400968e-17
training_fitted_cycle_smoother,test_0024,test,0.08,0.0649326283598185,0.120964567905793,4.9391408796373674e-17
training_fitted_cycle_smoother,test_0025,test,0.16,0.11567011818602863,0.22460810838809223,2.41203511037252e-17
training_fitted_cycle_smoother,test_0026,test,0.24,0.1623446747673893,0.21549609270779133,3.758122704069111e-17
training_fitted_cycle_smoother,test_0027,test,0.08,0.06997984088672045,0.12770373358793183,4.6891044132564314e-17
training_fitted_cycle_smoother,test_0028,test,0.16,0.12966879070679244,0.24789284254537206,4.31477957672733e-17
training_fitted_cycle_smoother,test_0029,test,0.24,0.17389213896389485,0.3549956171442783,4.31477957672733e-17
training_fitted_cycle_smoother,test_0030,test,0.08,0.07547828120927923,0.09602827196769512,2.4716005021753138e-17
training_fitted_cycle_smoother,test_0031,test,0.16,0.13703645967681438,0.21393821895146617,8.958073510310954e-18
training_fitted_cycle_smoother,test_0032,test,0.24,0.19631920614708265,0.3620532025688153,3.5888238328301435e-17
training_fitted_cycle_smoother,test_0033,test,0.08,0.05560154614343527,0.09823615389876521,1.4163957869901234e-17
training_fitted_cycle_smoother,test_0034,test,0.16,0.12644029360049325,0.2649968473127212,4.585273735146826e-17
training_fitted_cycle_smoother,test_0035,test,0.24,0.16499382260515755,0.27665171762231683,1.6055956768885907e-17
training_fitted_cycle_smoother,test_0036,test,0.08,0.06335275741436734,0.1137614107455349,1.2865053618068526e-17
training_fitted_cycle_smoother,test_0037,test,0.16,0.12045457047244434,0.19197481543430242,4.3252284057476585e-17
training_fitted_cycle_smoother,test_0038,test,0.24,0.14187362347461285,0.29996316541644713,2.997944808332385e-17
training_fitted_cycle_smoother,test_0039,test,0.08,0.08763474386954587,0.1907711662231143,4.026153296294024e-17
training_fitted_cycle_smoother,test_0040,test,0.16,0.15664428589942572,0.18512372148664774,4.12946784900048e-17
training_fitted_cycle_smoother,test_0041,test,0.24,0.18308159444835387,0.3535773598369687,2.5416313701634337e-17
training_fitted_cycle_smoother,test_0042,test,0.08,0.08125039983872623,0.12981068800726372,1.6024689053196365e-17
training_fitted_cycle_smoother,test_0043,test,0.16,0.1402609854066095,0.30782649693476,3.779415354373213e-17
training_fitted_cycle_smoother,test_0044,test,0.24,0.13746433701024774,0.2411857441963215,6.222476724768446e-17
training_fitted_cycle_smoother,test_0045,test,0.08,0.06602463070181971,0.10770893608028298,4.026153296294024e-17
training_fitted_cycle_smoother,test_0046,test,0.16,0.1467098373232308,0.3020906829648568,4.906538933386797e-17
training_fitted_cycle_smoother,test_0047,test,0.24,0.16538171981687583,0.25256161997122467,5.1547856115911986e-17
training_fitted_cycle_smoother,test_0048,test,0.08,0.08327582858916373,0.11670013172768998,2.005588426356155e-17
training_fitted_cycle_smoother,test_0049,test,0.16,0.13075139739050562,0.2149903923281141,3.428731160190859e-17
training_fitted_cycle_smoother,test_0050,test,0.24,0.16783698796488508,0.3758018371793685,4.3885418357208765e-17
training_fitted_cycle_smoother,test_0051,test,0.08,0.07877569833375125,0.1385619430757206,4.0784452015290943e-17
training_fitted_cycle_smoother,test_0052,test,0.16,0.07409383848278468,0.12398767118822082,1.001543065824773e-17
training_fitted_cycle_smoother,test_0053,test,0.24,0.17966461366648112,0.31332848373812316,1.791614702062191e-17
training_fitted_cycle_smoother,test_0054,test,0.08,0.06645480996151878,0.10961244656675243,2.042755054537624e-17
training_fitted_cycle_smoother,test_0055,test,0.16,0.09481764728342383,0.14210406931333966,3.363753621072003e-17
training_fitted_cycle_smoother,test_0056,test,0.24,0.12121074759346652,0.241330456891231,4.026153296294024e-17
training_fitted_cycle_smoother,test_0057,test,0.08,0.05851899007583321,0.07143336502649626,3.6055550369691825e-17
training_fitted_cycle_smoother,test_0058,test,0.16,0.09718554719118819,0.1667792984995139,3.309641454705087e-17
training_fitted_cycle_smoother,test_0059,test,0.24,0.18766449904859941,0.42955378345659245,1.651787139600192e-17
training_fitted_cycle_smoother,test_0060,test,0.08,0.07009473982979347,0.11005932872406475,2.2056698045272264e-17
training_fitted_cycle_smoother,test_0061,test,0.16,0.11694352613289354,0.20885323384647103,3.63326916524969e-17
training_fitted_cycle_smoother,test_0062,test,0.24,0.23573251681220142,0.45231220886843904,3.303574279200384e-17
training_fitted_cycle_smoother,test_0063,test,0.08,0.0498273321213842,0.0752635231241347,7.299593262279312e-17
training_fitted_cycle_smoother,ood_warped_0000,ood_warped,0.08,0.0708615971946086,0.11943307597024873,3.2111913537771814e-17
training_fitted_cycle_smoother,ood_warped_0001,ood_warped,0.16,0.16530117219498758,0.3538055253386275,4.31477957672733e-17
training_fitted_cycle_smoother,ood_warped_0002,ood_warped,0.24,0.14356477898714812,0.19662698234262574,2.9507301283327534e-17
training_fitted_cycle_smoother,ood_warped_0003,ood_warped,0.08,0.07549463499534426,0.11251658422776822,1.791614702062191e-17
training_fitted_cycle_smoother,ood_warped_0004,ood_warped,0.16,0.15337970654462862,0.18518708602705275,1.651787139600192e-17
training_fitted_cycle_smoother,ood_warped_0005,ood_warped,0.24,0.16049531688198806,0.2987125851035416,3.3277766121280743e-17
training_fitted_cycle_smoother,ood_warped_0006,ood_warped,0.08,0.06516745024273884,0.10523334753481624,3.641886579672414e-17
training_fitted_cycle_smoother,ood_warped_0007,ood_warped,0.16,0.10997449723407596,0.12255920785427722,1.4582687156102517e-17
training_fitted_cycle_smoother,ood_warped_0008,ood_warped,0.24,0.19505155000261928,0.4021579460891677,2.5652018718461623e-17
training_fitted_cycle_smoother,ood_warped_0009,ood_warped,0.08,0.0678964917792071,0.06774099979876766,3.2607879775658313e-17
training_fitted_cycle_smoother,ood_warped_0010,ood_warped,0.16,0.1426468482309598,0.2817978646273231,2.003086131649546e-17
training_fitted_cycle_smoother,ood_warped_0011,ood_warped,0.24,0.1227737794573044,0.24372204193758462,3.3993498887762956e-17
training_fitted_cycle_smoother,ood_warped_0012,ood_warped,0.08,0.06152390894842444,0.08811014830506454,3.627743277389693e-17
training_fitted_cycle_smoother,ood_warped_0013,ood_warped,0.16,0.14608491634673126,0.2809330677769757,2.888891902733299e-17
training_fitted_cycle_smoother,ood_warped_0014,ood_warped,0.24,0.18483647824284113,0.2804094314845374,3.309641454705087e-17
training_fitted_cycle_smoother,ood_warped_0015,ood_warped,0.08,0.05751731814835797,0.10559956586619555,3.303574279200384e-17
training_fitted_cycle_smoother,ood_warped_0016,ood_warped,0.16,0.12297203043915396,0.22570729015094063,1.4582687156102517e-17
training_fitted_cycle_smoother,ood_warped_0017,ood_warped,0.24,0.15356677311511516,0.30042855664769696,5.721958498152797e-17
training_fitted_cycle_smoother,ood_warped_0018,ood_warped,0.08,0.07896845189066967,0.13105993140491545,1.614939668540092e-17
training_fitted_cycle_smoother,ood_warped_0019,ood_warped,0.16,0.15502401670772384,0.28884157905979524,2.2662332591841973e-17
training_fitted_cycle_smoother,ood_warped_0020,ood_warped,0.24,0.19151867435727776,0.33624898534994735,5.791656055459816e-17
training_fitted_cycle_smoother,ood_warped_0021,ood_warped,0.08,0.07400617082918594,0.1296844446078197,2.4532694666933986e-17
training_fitted_cycle_smoother,ood_warped_0022,ood_warped,0.16,0.12533456398992537,0.172890020224389,5.5075762930801937e-17
training_fitted_cycle_smoother,ood_warped_0023,ood_warped,0.24,0.16991917589380157,0.2146904835235206,2.9234079647251356e-17
training_fitted_cycle_smoother,ood_warped_0024,ood_warped,0.08,0.07212933614254327,0.13062784460027077,2.241756777314489e-17
training_fitted_cycle_smoother,ood_warped_0025,ood_warped,0.16,0.09670517712584356,0.1562660542545111,1.651787139600192e-17
training_fitted_cycle_smoother,ood_warped_0026,ood_warped,0.24,0.1514642650159509,0.262425664837733,1.4163957869901234e-17
training_fitted_cycle_smoother,ood_warped_0027,ood_warped,0.08,0.06274606713624159,0.06859277085003732,2.105623714280747e-17
training_fitted_cycle_smoother,ood_warped_0028,ood_warped,0.16,0.12666606595765292,0.21293442323004105,1.962615573354719e-17
training_fitted_cycle_smoother,ood_warped_0029,ood_warped,0.24,0.1899621635007972,0.2898231926965969,2.0254954991186462e-17
training_fitted_cycle_smoother,ood_warped_0030,ood_warped,0.08,0.06352084334999807,0.12881736766352975,4.465579428529908e-17
training_fitted_cycle_smoother,ood_warped_0031,ood_warped,0.16,0.11587900593906049,0.23823316674143016,6.985000018454543e-17
training_fitted_cycle_smoother,ood_warped_0032,ood_warped,0.24,0.22387041835746835,0.4428911225608161,1.9317063097816575e-17
training_fitted_cycle_smoother,ood_warped_0033,ood_warped,0.08,0.07231265782281351,0.11440630129915595,2.4037033579794548e-17
training_fitted_cycle_smoother,ood_warped_0034,ood_warped,0.16,0.12164792614505675,0.22784998043026744,3.446239688470312e-17
training_fitted_cycle_smoother,ood_warped_0035,ood_warped,0.24,0.14182539157015817,0.29931716045791174,8.958073510310954e-18
training_fitted_cycle_smoother,ood_warped_0036,ood_warped,0.08,0.07566040351244056,0.11245053522019792,5.2904326123350987e-17
training_fitted_cycle_smoother,ood_warped_0037,ood_warped,0.16,0.15923377017284657,0.3364835720730566,4.3518169906152786e-17
training_fitted_cycle_smoother,ood_warped_0038,ood_warped,0.24,0.17961189856164628,0.38499434881279493,2.1293097654901264e-17
training_fitted_cycle_smoother,ood_warped_0039,ood_warped,0.08,0.07672297791181164,0.1655117008496887,5.1304037436923246e-17
training_fitted_cycle_smoother,ood_warped_0040,ood_warped,0.16,0.09906475026217366,0.10750526423833336,2.7171182258938244e-17
training_fitted_cycle_smoother,ood_warped_0041,ood_warped,0.24,0.12909720190722726,0.20514436512462075,4.026153296294024e-17
training_fitted_cycle_smoother,ood_warped_0042,ood_warped,0.08,0.0718010170661064,0.11132093605050222,3.68262904617432e-17
training_fitted_cycle_smoother,ood_warped_0043,ood_warped,0.16,0.13392729382793447,0.22346066191728253,1.2826009359230811e-17
training_fitted_cycle_smoother,ood_warped_0044,ood_warped,0.24,0.20216725992791862,0.3976992923344913,3.884128117226998e-17
training_fitted_cycle_smoother,ood_warped_0045,ood_warped,0.08,0.06544730277300595,0.12513413142020682,3.2607879775658313e-17
training_fitted_cycle_smoother,ood_warped_0046,ood_warped,0.16,0.14315129066613713,0.29475159499354686,6.51234077095381e-17
training_fitted_cycle_smoother,ood_warped_0047,ood_warped,0.24,0.17878456804514098,0.3552628221645898,1.7114375411007323e-17
training_fitted_cycle_smoother,ood_warped_0048,ood_warped,0.08,0.07407286518219351,0.11521536396409063,4.671959549952105e-17
training_fitted_cycle_smoother,ood_warped_0049,ood_warped,0.16,0.12457670851007047,0.13837845142791422,1.6996749443881478e-17
training_fitted_cycle_smoother,ood_warped_0050,ood_warped,0.24,0.15439637600579925,0.34489393719764233,1.8358587643600646e-17
training_fitted_cycle_smoother,ood_warped_0051,ood_warped,0.08,0.0656023734382332,0.12670321452416222,1.9317063097816575e-17
training_fitted_cycle_smoother,ood_warped_0052,ood_warped,0.16,0.13377834184298076,0.15543931041600118,2.477680709400288e-17
training_fitted_cycle_smoother,ood_warped_0053,ood_warped,0.24,0.18298297795800586,0.2326430468367604,9.689638011240551e-17
training_fitted_cycle_smoother,ood_warped_0054,ood_warped,0.08,0.08034213881895357,0.15450700278058568,2.292636867573413e-17
training_fitted_cycle_smoother,ood_warped_0055,ood_warped,0.16,0.1731817567358345,0.22031346792083206,5.30345188496655e-17
training_fitted_cycle_smoother,ood_warped_0056,ood_warped,0.24,0.14199688240603225,0.2558956810356686,1.9317063097816575e-17
training_fitted_cycle_smoother,ood_warped_0057,ood_warped,0.08,0.06342709988554601,0.10969381543854652,1.402160292154682e-17
training_fitted_cycle_smoother,ood_warped_0058,ood_warped,0.16,0.12611358166512984,0.22395786149603933,1.2668629051016912e-17
training_fitted_cycle_smoother,ood_warped_0059,ood_warped,0.24,0.1530761349157888,0.18592231401521644,3.4925000092272717e-17
training_fitted_cycle_smoother,ood_warped_0060,ood_warped,0.08,0.06436167030471347,0.10010010912532262,2.6649327702454206e-17
training_fitted_cycle_smoother,ood_warped_0061,ood_warped,0.16,0.1803136069078421,0.33520111345625525,2.275068510076278e-17
training_fitted_cycle_smoother,ood_warped_0062,ood_warped,0.24,0.19106542107047778,0.3326821534173986,3.583229404124382e-17
training_fitted_cycle_smoother,ood_warped_0063,ood_warped,0.08,0.0840829898908435,0.1127632755372137,3.482433074527546e-17
EGNN_seed4441,train_0000,train,0.08,0.06799297847594059,0.09005482381985676,1.1237949292743965e-08
EGNN_seed4441,train_0001,train,0.16,0.1361720837146503,0.19863313099724342,3.310494874581179e-08
EGNN_seed4441,train_0002,train,0.24,0.16256017329914643,0.2833493409431252,3.838652967551611e-08
EGNN_seed4441,train_0003,train,0.08,0.05748755999982497,0.09194298380213445,2.220665891493845e-08
EGNN_seed4441,train_0004,train,0.16,0.09761629722322594,0.13304522840836172,2.3841762192804895e-08
EGNN_seed4441,train_0005,train,0.24,0.19377890905653838,0.3317854583922238,1.5389898527868826e-08
EGNN_seed4441,train_0006,train,0.08,0.06359867110243414,0.09479589586544607,1.1551763757052821e-08
EGNN_seed4441,train_0007,train,0.16,0.09668592442748622,0.15443337324242956,2.246518486017856e-08
EGNN_seed4441,train_0008,train,0.24,0.23414283990173398,0.4647085698117309,1.110186421498954e-08
EGNN_seed4441,train_0009,train,0.08,0.06654198252317804,0.11762901733788068,3.5293695521428027e-08
EGNN_seed4441,train_0010,train,0.16,0.11441509292976793,0.1778616984379562,1.25576391194193e-08
EGNN_seed4441,train_0011,train,0.24,0.18716959039163228,0.23357974971923043,2.7541658656933045e-08
EGNN_seed4441,train_0012,train,0.08,0.06468019062895912,0.11771603515524329,1.5592080977979692e-08
EGNN_seed4441,train_0013,train,0.16,0.1235665899537819,0.19996399830493755,2.5854997692719398e-08
EGNN_seed4441,train_0014,train,0.24,0.1982528204523383,0.311384320564757,1.3864740108340856e-08
EGNN_seed4441,train_0015,train,0.08,0.06448826336753039,0.08947905194829767,5.936643719701031e-08
EGNN_seed4441,train_0016,train,0.16,0.16266669587895777,0.23751147243109905,4.590366940536557e-08
EGNN_seed4441,train_0017,train,0.24,0.2081383112183585,0.32185617649213316,2.1753690824651168e-08
EGNN_seed4441,train_0018,train,0.08,0.07969481900945467,0.12591836053585734,1.1913865347686724e-08
EGNN_seed4441,train_0019,train,0.16,0.14711752359353128,0.24478129453386596,2.8998819944545656e-08
EGNN_seed4441,train_0020,train,0.24,0.2965503515084486,0.40623658717385647,1.2799222079630958e-08
EGNN_seed4441,train_0021,train,0.08,0.076242615179205,0.09012643892533857,1.6847164575295247e-08
EGNN_seed4441,train_0022,train,0.16,0.17176760522681525,0.2959636697140543,7.254156726865416e-08
EGNN_seed4441,train_0023,train,0.24,0.22133712934736052,0.3335979609952172,4.2676012639858444e-08
EGNN_seed4441,train_0024,train,0.08,0.08321518275498331,0.13346678467647866,2.952334193914747e-08
EGNN_seed4441,train_0025,train,0.16,0.1218779478213242,0.18910551989186378,1.4743504906655904e-08
EGNN_seed4441,train_0026,train,0.24,0.2565198738270268,0.32867859063991917,1.5048767658795578e-08
EGNN_seed4441,train_0027,train,0.08,0.06854756092787403,0.07304115277119098,1.5438312849091064e-08
EGNN_seed4441,train_0028,train,0.16,0.1498670544629473,0.24807907016145347,2.4693404969256944e-08
EGNN_seed4441,train_0029,train,0.24,0.25800848177417857,0.38393988527684175,8.07411859983653e-09
EGNN_seed4441,train_0030,train,0.08,0.07066465191687074,0.09849864016958648,1.455682526615881e-08
EGNN_seed4441,train_0031,train,0.16,0.13034182495173505,0.22071515219641483,8.604012776350113e-09
EGNN_seed4441,train_0032,train,0.24,0.17550071284803992,0.27393632345583957,1.36478569738186e-08
EGNN_seed4441,train_0033,train,0.08,0.05869483022466214,0.07624853292638696,4.6128525355093106e-08
EGNN_seed4441,train_0034,train,0.16,0.1751046587553341,0.2515910529273586,1.0752315471889204e-08
EGNN_seed4441,train_0035,train,0.24,0.17758073908331365,0.2688810360312287,1.6274698056671135e-08
EGNN_seed4441,train_0036,train,0.08,0.07722227538618155,0.1264123132205548,1.6641735603184708e-08
EGNN_seed4441,train_0037,train,0.16,0.12036665448617716,0.17616286018824096,2.959893737421756e-08
EGNN_seed4441,train_0038,train,0.24,0.21961689557244204,0.36446375654833174,1.8897179418463755e-08
EGNN_seed4441,train_0039,train,0.08,0.06147932233525521,0.09594686085277654,2.8914308538012037e-08
EGNN_seed4441,train_0040,train,0.16,0.13012627842098407,0.204065033459843,2.4056849555099733e-08
EGNN_seed4441,train_0041,train,0.24,0.2464578269803632,0.34293818783593605,1.0171486820739076e-08
EGNN_seed4441,train_0042,train,0.08,0.06864832867722283,0.11967814965917019,2.6698062079688716e-08
EGNN_seed4441,train_0043,train,0.16,0.15612177087111465,0.2796530330360612,1.541666346914059e-08
EGNN_seed4441,train_0044,train,0.24,0.13736785676885133,0.1989042235969285,2.0516971043807216e-08
EGNN_seed4441,train_0045,train,0.08,0.05760483438322971,0.08943027881865276,2.079335766752497e-08
EGNN_seed4441,train_0046,train,0.16,0.13418287796774886,0.19081530046200068,1.5146377882784606e-08
EGNN_seed4441,train_0047,train,0.24,0.22628686105018023,0.3646639652827488,1.6894966613731826e-08
EGNN_seed4441,train_0048,train,0.08,0.09212729918832031,0.15932231158276583,9.353163594145936e-09
EGNN_seed4441,train_0049,train,0.16,0.16492476733632921,0.2642454579105453,3.816757173554803e-08
EGNN_seed4441,train_0050,train,0.24,0.2048331137752361,0.2903866758965722,1.5184494110860808e-08
EGNN_seed4441,train_0051,train,0.08,0.08337369606490254,0.14631492405743843,3.461973718140604e-08
EGNN_seed4441,train_0052,train,0.16,0.1764881231511558,0.20096581720635026,9.426277809614468e-09
EGNN_seed4441,train_0053,train,0.24,0.14870939700320918,0.22639983428618288,3.5512145824904315e-08
EGNN_seed4441,train_0054,train,0.08,0.09758810392548778,0.15429195781255134,1.0632127815557512e-08
EGNN_seed4441,train_0055,train,0.16,0.10612908396916546,0.14873401983869725,2.667125053715625e-08
EGNN_seed4441,train_0056,train,0.24,0.23913608949640155,0.35336695777185123,3.2140974790720015e-08
EGNN_seed4441,train_0057,train,0.08,0.07939482892744555,0.12196483740534572,2.2035640733310864e-08
EGNN_seed4441,train_0058,train,0.16,0.14001078641985562,0.23458928790979558,1.9295854245498407e-08
EGNN_seed4441,train_0059,train,0.24,0.20218254824958126,0.3241661601002026,1.0770707887426577e-08
EGNN_seed4441,train_0060,train,0.08,0.06768785034559012,0.09877269830675561,1.0643251815893123e-08
EGNN_seed4441,train_0061,train,0.16,0.15626098561403307,0.2840248595782319,1.372673643858669e-08
EGNN_seed4441,train_0062,train,0.24,0.1960700165009934,0.3117337150071772,2.261410846301043e-08
EGNN_seed4441,train_0063,train,0.08,0.05182026000530515,0.08238972310258366,2.1907439852811303e-08
EGNN_seed4441,train_0064,train,0.16,0.12739644717199233,0.1821123688864081,2.0400562371269286e-08
EGNN_seed4441,train_0065,train,0.24,0.19478072426866747,0.257791203610902,1.1027830591119118e-08
EGNN_seed4441,train_0066,train,0.08,0.05746526018214551,0.09130949044408644,1.2949412461293206e-08
EGNN_seed4441,train_0067,train,0.16,0.14659928406040587,0.21305395108440603,3.507886671176733e-08
EGNN_seed4441,train_0068,train,0.24,0.23557952628522869,0.3101473854555571,6.6829504028628656e-09
EGNN_seed4441,train_0069,train,0.08,0.07406685045765433,0.11748014142686646,1.6620151780923516e-08
EGNN_seed4441,train_0070,train,0.16,0.12786677838235472,0.20037982324363518,1.663504232029485e-08
EGNN_seed4441,train_0071,train,0.24,0.1560542591551226,0.22353845971961359,2.469052481250719e-08
EGNN_seed4441,train_0072,train,0.08,0.058782368962674525,0.06945299601004354,1.182604653458769e-08
EGNN_seed4441,train_0073,train,0.16,0.11408445808694555,0.1927342063327007,3.267374859291528e-08
EGNN_seed4441,train_0074,train,0.24,0.20909870226627109,0.254996486121247,5.525233064987786e-09
EGNN_seed4441,train_0075,train,0.08,0.07109228100997671,0.10058365492963985,5.7010721989465263e-08
EGNN_seed4441,train_0076,train,0.16,0.12610425957833393,0.20995659787001603,1.9906367729724778e-08
EGNN_seed4441,train_0077,train,0.24,0.23063497013702608,0.27453266915042684,1.9021089000126195e-08
EGNN_seed4441,train_0078,train,0.08,0.07372444965554614,0.12875588627331047,1.763335233222879e-08
EGNN_seed4441,train_0079,train,0.16,0.09576697362568871,0.1662121350052895,3.905194355325537e-08
EGNN_seed4441,train_0080,train,0.24,0.26305832676561036,0.40484295388003394,1.669080464924292e-08
EGNN_seed4441,train_0081,train,0.08,0.06604178471916528,0.11531100777943676,1.0329914857181833e-08
EGNN_seed4441,train_0082,train,0.16,0.1353534143573605,0.21391849864261947,5.219794793401236e-08
EGNN_seed4441,train_0083,train,0.24,0.16042014747248684,0.2081588843746856,4.573557583494778e-08
EGNN_seed4441,train_0084,train,0.08,0.07173667131908705,0.11153936028243287,2.076528303975487e-08
EGNN_seed4441,train_0085,train,0.16,0.16891396195737984,0.24837852922685857,3.1300612958516604e-08
EGNN_seed4441,train_0086,train,0.24,0.2728076337251806,0.3417712680571777,8.737722134429263e-09
EGNN_seed4441,train_0087,train,0.08,0.07723165228541967,0.10990758885480108,1.735765166619122e-08
EGNN_seed4441,train_0088,train,0.16,0.14367041076577441,0.20796469253003677,1.5173369239324886e-08
EGNN_seed4441,train_0089,train,0.24,0.21570527660168395,0.28849947782202034,1.977598722792273e-08
EGNN_seed4441,train_0090,train,0.08,0.08987297027710052,0.14814673857823246,2.3713906986633956e-08
EGNN_seed4441,train_0091,train,0.16,0.1390990041340432,0.24383037361118673,6.313515414797043e-09
EGNN_seed4441,train_0092,train,0.24,0.2084825321766781,0.3053785916799828,2.4414933331983115e-08
EGNN_seed4441,train_0093,train,0.08,0.08530049899832795,0.10965823646883746,1.159400900707068e-08
EGNN_seed4441,train_0094,train,0.16,0.09586140074396282,0.17801569480239587,4.072425701051023e-08
EGNN_seed4441,train_0095,train,0.24,0.18984624191395635,0.27307638390191036,2.0392853642814775e-08
EGNN_seed4441,train_0096,train,0.08,0.06640823568481251,0.10374561616185354,1.498085597551963e-08
EGNN_seed4441,train_0097,train,0.16,0.16702853479620816,0.24789717964017471,3.345272753776291e-08
EGNN_seed4441,train_0098,train,0.24,0.22864238545643809,0.34132996949742267,3.0867204626284574e-08
EGNN_seed4441,train_0099,train,0.08,0.07372983854349324,0.10052098856768023,2.553701087444407e-08
EGNN_seed4441,train_0100,train,0.16,0.14062003647295065,0.21567491301240577,1.6622616523169453e-08
EGNN_seed4441,train_0101,train,0.24,0.1563424480001971,0.2630315973674713,1.7550245606020254e-08
EGNN_seed4441,train_0102,train,0.08,0.07245057842300268,0.09069356476565457,1.3266079109690773e-08
EGNN_seed4441,train_0103,train,0.16,0.16503806236756752,0.19781591849465774,1.1097480812322984e-08
EGNN_seed4441,train_0104,train,0.24,0.2009677710539763,0.29342669115383935,1.108150450310279e-08
EGNN_seed4441,train_0105,train,0.08,0.06867966500010164,0.09834246126903706,1.9469361149411837e-08
EGNN_seed4441,train_0106,train,0.16,0.13143101549374506,0.14196363013397614,2.5714623927492036e-08
EGNN_seed4441,train_0107,train,0.24,0.20697964018896525,0.2264429054947213,3.501801586337116e-08
EGNN_seed4441,train_0108,train,0.08,0.06569712924167535,0.09166589259208535,1.5316870692133884e-08
EGNN_seed4441,train_0109,train,0.16,0.19384769416331474,0.29212872824275365,6.574381194408012e-08
EGNN_seed4441,train_0110,train,0.24,0.171240041441085,0.24225324443794682,2.1783378949436546e-08
EGNN_seed4441,train_0111,train,0.08,0.07566161032090667,0.11600196355548621,1.87615743713741e-08
EGNN_seed4441,train_0112,train,0.16,0.13095339993911204,0.16161015724055466,2.2203025916310275e-08
EGNN_seed4441,train_0113,train,0.24,0.20045037934123533,0.24332552498534976,1.0450883438344974e-08
EGNN_seed4441,train_0114,train,0.08,0.06534432033415857,0.11036939582257156,5.0426555558603325e-08
EGNN_seed4441,train_0115,train,0.16,0.15410767147849191,0.2868039398065954,1.6871844454579865e-08
EGNN_seed4441,train_0116,train,0.24,0.1779453936487645,0.2567987157620764,2.9871320352655126e-08
EGNN_seed4441,train_0117,train,0.08,0.08453736268517112,0.1495048995752591,3.135218509488987e-09
EGNN_seed4441,train_0118,train,0.16,0.1378510321946834,0.17521193602379978,1.4365006855253554e-08
EGNN_seed4441,train_0119,train,0.24,0.23775606896944929,0.3986171238121238,3.8772614678778834e-08
EGNN_seed4441,train_0120,train,0.08,0.07693561285001986,0.13555384116864053,2.3116140974043577e-08
EGNN_seed4441,train_0121,train,0.16,0.14504464357442814,0.2622114842518707,1.852296329869751e-08
EGNN_seed4441,train_0122,train,0.24,0.2292349573395313,0.41111521083783314,2.0264340076082188e-08
EGNN_seed4441,train_0123,train,0.08,0.06502521362719114,0.09778772249536438,1.958536260975427e-08
EGNN_seed4441,train_0124,train,0.16,0.13071972491854414,0.18689590534437986,2.7147042453416222e-08
EGNN_seed4441,train_0125,train,0.24,0.16374975963965407,0.23435817999345018,1.4984466822554218e-08
EGNN_seed4441,train_0126,train,0.08,0.09153080337826835,0.12943313145167318,2.432145833366598e-08
EGNN_seed4441,train_0127,train,0.16,0.16308472700704665,0.26263621179554103,1.5750835994330412e-08
EGNN_seed4441,train_0128,train,0.24,0.19418510487120563,0.24589802361363727,1.9696364666766247e-08
EGNN_seed4441,train_0129,train,0.08,0.06259859973115921,0.10765123931613,6.072800720251072e-09
EGNN_seed4441,train_0130,train,0.16,0.18049606914119165,0.2163891113575975,5.012274884441263e-09
EGNN_seed4441,train_0131,train,0.24,0.24396777929208668,0.39361013856046584,2.5965714980840268e-08
EGNN_seed4441,train_0132,train,0.08,0.07143819413404183,0.09348025093110157,1.0784517421011152e-08
EGNN_seed4441,train_0133,train,0.16,0.14623052207095957,0.19555161952493685,1.0411353826157307e-08
EGNN_seed4441,train_0134,train,0.24,0.18017508455747322,0.2957465753739718,2.5448565794036616e-08
EGNN_seed4441,train_0135,train,0.08,0.07062125996098119,0.11286118740827704,1.6148143125151357e-08
EGNN_seed4441,train_0136,train,0.16,0.1677321838630409,0.22673943091926457,1.8833652544248017e-08
EGNN_seed4441,train_0137,train,0.24,0.21753767619866815,0.325253760583935,1.195542997554392e-08
EGNN_seed4441,train_0138,train,0.08,0.07198911649820176,0.11775319219140881,3.079400517442422e-08
EGNN_seed4441,train_0139,train,0.16,0.12578554133423084,0.13783625489020054,2.1228335177520994e-08
EGNN_seed4441,train_0140,train,0.24,0.21453266528227363,0.3274533196088055,2.3278056714440176e-08
EGNN_seed4441,train_0141,train,0.08,0.09232247653110962,0.14232441022027165,1.5522970795168928e-08
EGNN_seed4441,train_0142,train,0.16,0.14827087826697227,0.24628331597287,2.472770158211071e-08
EGNN_seed4441,train_0143,train,0.24,0.2063970241068308,0.3610675929050529,1.0427511330898118e-08
EGNN_seed4441,train_0144,train,0.08,0.06531212272968183,0.10732672145355847,3.1239542376660775e-08
EGNN_seed4441,train_0145,train,0.16,0.14243933105927276,0.2221294070482621,1.4174327131430858e-08
EGNN_seed4441,train_0146,train,0.24,0.2317650220794244,0.3351058493323144,1.5786012210039574e-08
EGNN_seed4441,train_0147,train,0.08,0.07549063854544394,0.0934145861104978,2.9740956355848716e-08
EGNN_seed4441,train_0148,train,0.16,0.12717032580140047,0.21579784983691677,2.174864828864881e-08
EGNN_seed4441,train_0149,train,0.24,0.18810916901196773,0.2763840363900353,1.5683940100631892e-08
EGNN_seed4441,train_0150,train,0.08,0.060707769157656834,0.09230129985849067,1.6696029809173667e-08
EGNN_seed4441,train_0151,train,0.16,0.10785662672679633,0.17836431031359787,1.5940349850965587e-08
EGNN_seed4441,train_0152,train,0.24,0.135725583919889,0.19849645155774506,1.219207220496331e-08
EGNN_seed4441,train_0153,train,0.08,0.0723769434730532,0.12744706290615074,4.577156915843944e-08
EGNN_seed4441,train_0154,train,0.16,0.14423086748001268,0.2737144892919308,4.925104356048883e-08
EGNN_seed4441,train_0155,train,0.24,0.23279157326423833,0.42164726764105126,3.631598246178077e-08
EGNN_seed4441,train_0156,train,0.08,0.07003712057290117,0.10783139564374701,2.3845374200620693e-08
EGNN_seed4441,train_0157,train,0.16,0.14774741188936813,0.2580720047763169,1.2011737031828743e-08
EGNN_seed4441,train_0158,train,0.24,0.26055348035391934,0.3751719759584296,9.344062509086937e-09
EGNN_seed4441,train_0159,train,0.08,0.06582545549035933,0.11622109952449637,9.719851443758238e-09
EGNN_seed4441,train_0160,train,0.16,0.12374810589725314,0.18069590600680843,2.1758074252692215e-08
EGNN_seed4441,train_0161,train,0.24,0.23576269647575493,0.3583019399476103,1.9387835665125354e-08
EGNN_seed4441,train_0162,train,0.08,0.07889990588882098,0.10911944983887273,1.739435251389374e-08
EGNN_seed4441,train_0163,train,0.16,0.14240232523872057,0.20778662124279454,2.0940689495924048e-08
EGNN_seed4441,train_0164,train,0.24,0.20535282613022213,0.3625507906147245,3.9649648821337436e-08
EGNN_seed4441,train_0165,train,0.08,0.07659558928061742,0.09970804188363175,1.2559268793690532e-08
EGNN_seed4441,train_0166,train,0.16,0.15079750101641662,0.25251451878280295,2.175623697630349e-08
EGNN_seed4441,train_0167,train,0.24,0.25349413774964136,0.3773870642962563,4.514402256946833e-08
EGNN_seed4441,train_0168,train,0.08,0.05901443785962282,0.09290255045356245,1.1482414960269984e-08
EGNN_seed4441,train_0169,train,0.16,0.12132663215324589,0.16928631145817982,2.217644750869356e-08
EGNN_seed4441,train_0170,train,0.24,0.17316289030700543,0.2593354997067897,1.0722586029636217e-08
EGNN_seed4441,train_0171,train,0.08,0.06098148213789564,0.09730443763308524,7.450372638570288e-09
EGNN_seed4441,train_0172,train,0.16,0.16551773621001759,0.2553102018151909,9.440016359163044e-09
EGNN_seed4441,train_0173,train,0.24,0.2153641404034287,0.3394098367837402,4.9572535372869115e-08
EGNN_seed4441,train_0174,train,0.08,0.07161216589288409,0.12271850047717249,3.609853861784596e-08
EGNN_seed4441,train_0175,train,0.16,0.17161975676526517,0.27258242593184534,1.4782232579905213e-08
EGNN_seed4441,train_0176,train,0.24,0.22212640493233043,0.3397949100105189,1.064225153781089e-08
EGNN_seed4441,train_0177,train,0.08,0.08679148615344613,0.1276236764310174,1.177925350200833e-08
EGNN_seed4441,train_0178,train,0.16,0.1497540937284975,0.22524601461160104,2.612841026450224e-08
EGNN_seed4441,train_0179,train,0.24,0.17088963461934437,0.2258670475473184,2.1722422924298078e-08
EGNN_seed4441,train_0180,train,0.08,0.05600490200984688,0.09455022826361986,1.812961987962827e-08
EGNN_seed4441,train_0181,train,0.16,0.1714713855137136,0.22377772317745667,2.5692035137616646e-08
EGNN_seed4441,train_0182,train,0.24,0.226511834737983,0.3848224857708811,7.76689338012691e-09
EGNN_seed4441,train_0183,train,0.08,0.059819270662044684,0.07306693931500433,4.159877807700445e-08
EGNN_seed4441,train_0184,train,0.16,0.1780055079884779,0.3006430209960104,2.7179166993530324e-08
EGNN_seed4441,train_0185,train,0.24,0.17888990028357832,0.26445890050940507,1.5420917365428628e-08
EGNN_seed4441,train_0186,train,0.08,0.07771909305874179,0.11652062739084419,2.8216977205017955e-08
EGNN_seed4441,train_0187,train,0.16,0.11425621068266653,0.19230508310954647,3.785380132884726e-08
EGNN_seed4441,train_0188,train,0.24,0.21809670481043594,0.33396663863307957,2.4747561212453277e-08
EGNN_seed4441,train_0189,train,0.08,0.07517379645741572,0.06824359905614147,2.4117398980654017e-08
EGNN_seed4441,train_0190,train,0.16,0.161089188568322,0.19751046965316973,4.3199818975043895e-09
EGNN_seed4441,train_0191,train,0.24,0.17265957570158563,0.23272318543312762,6.24302154398034e-09
EGNN_seed4441,validation_0000,validation,0.08,0.0703349054850312,0.10442242860996305,2.6627079333560578e-08
EGNN_seed4441,validation_0001,validation,0.16,0.10897488853560848,0.11803025777904158,4.3825103155621704e-08
EGNN_seed4441,validation_0002,validation,0.24,0.2589245369704232,0.46183707369903476,1.0034870132054913e-08
EGNN_seed4441,validation_0003,validation,0.08,0.07111651875529562,0.1071488718482592,4.36788214475644e-08
EGNN_seed4441,validation_0004,validation,0.16,0.1907970564769036,0.350218995096085,9.872756925558141e-09
EGNN_seed4441,validation_0005,validation,0.24,0.2131319960544112,0.2772926137156903,1.9271615480698548e-08
EGNN_seed4441,validation_0006,validation,0.08,0.09057793886870157,0.13500716334954568,3.5903181740317014e-09
EGNN_seed4441,validation_0007,validation,0.16,0.12970458236150242,0.2189786482847979,2.8749589737672656e-08
EGNN_seed4441,validation_0008,validation,0.24,0.235655213459865,0.33943197227536365,5.020358041959766e-08
EGNN_seed4441,validation_0009,validation,0.08,0.0681217872444824,0.1017380736368892,1.2432952576132702e-08
EGNN_seed4441,validation_0010,validation,0.16,0.14563983391771448,0.2103358315465407,1.198310915776963e-08
EGNN_seed4441,validation_0011,validation,0.24,0.22882015654568827,0.31176323594206085,3.366063105678381e-08
EGNN_seed4441,validation_0012,validation,0.08,0.0729401244202498,0.11673925476387825,1.5466431716773732e-08
EGNN_seed4441,validation_0013,validation,0.16,0.1399765488336273,0.20830824408276918,1.8877143221805308e-08
EGNN_seed4441,validation_0014,validation,0.24,0.23320938493192336,0.3142117194530622,2.5428087691868064e-08
EGNN_seed4441,validation_0015,validation,0.08,0.08447949030718943,0.14550267287989632,7.810551615035802e-09
EGNN_seed4441,validation_0016,validation,0.16,0.12398073812430942,0.16372439896750465,2.0595421770664816e-08
EGNN_seed4441,validation_0017,validation,0.24,0.17619390849086303,0.2655957034755969,7.656048837589545e-09
EGNN_seed4441,validation_0018,validation,0.08,0.07447706391525045,0.10781334988239558,1.5296834833304857e-08
EGNN_seed4441,validation_0019,validation,0.16,0.15789030750750715,0.18447453373138145,2.748121553867503e-08
EGNN_seed4441,validation_0020,validation,0.24,0.21283653561052968,0.295229157063918,2.8111339864487138e-08
EGNN_seed4441,validation_0021,validation,0.08,0.07345913420714324,0.12143045114321162,1.1270385381441405e-08
EGNN_seed4441,validation_0022,validation,0.16,0.14904070537979539,0.27057713770021,4.498499029809379e-08
EGNN_seed4441,validation_0023,validation,0.24,0.22493879779151746,0.35278760061455194,2.5381356065167616e-08
EGNN_seed4441,validation_0024,validation,0.08,0.05234615277423957,0.08012622647917318,2.0789056736452395e-08
EGNN_seed4441,validation_0025,validation,0.16,0.12365207750321416,0.1839237704133233,3.618411359513423e-08
EGNN_seed4441,validation_0026,validation,0.24,0.2508433627037542,0.4090908927404208,1.8450733565239894e-08
EGNN_seed4441,validation_0027,validation,0.08,0.08255058205966923,0.1361298299562696,3.251267575876967e-08
EGNN_seed4441,validation_0028,validation,0.16,0.1944510880871932,0.29562806671730374,4.25690323760179e-08
EGNN_seed4441,validation_0029,validation,0.24,0.2450601689407821,0.4057792075866803,3.8939507286530224e-08
EGNN_seed4441,validation_0030,validation,0.08,0.08641721820605183,0.12394237495368628,1.8478732278109428e-08
EGNN_seed4441,validation_0031,validation,0.16,0.11658871753212872,0.1871716668990232,3.170876413263748e-08
EGNN_seed4441,validation_0032,validation,0.24,0.2204839907700685,0.3965543500667575,3.950631695668744e-08
EGNN_seed4441,validation_0033,validation,0.08,0.07444709613862739,0.12472442149605416,1.574175293964059e-08
EGNN_seed4441,validation_0034,validation,0.16,0.1303245767936093,0.21317797715438686,1.8214971503049743e-08
EGNN_seed4441,validation_0035,validation,0.24,0.20942987177157482,0.2754810541848783,2.1114096024033657e-08
EGNN_seed4441,validation_0036,validation,0.08,0.07802643700414527,0.09693472106010247,1.1121842398712799e-08
EGNN_seed4441,validation_0037,validation,0.16,0.13150645362374402,0.1526033458114083,3.894345203715725e-08
EGNN_seed4441,validation_0038,validation,0.24,0.2722132881509283,0.28226380720834815,2.3664262243676003e-08
EGNN_seed4441,validation_0039,validation,0.08,0.0785168634833798,0.11599484845057069,1.7066671962387017e-08
EGNN_seed4441,validation_0040,validation,0.16,0.1462034760333145,0.20223340850134724,2.300717446851138e-08
EGNN_seed4441,validation_0041,validation,0.24,0.23694494397860028,0.3697025195997305,1.711463373234287e-08
EGNN_seed4441,validation_0042,validation,0.08,0.0764132096592516,0.14434168927527302,1.84937267620828e-08
EGNN_seed4441,validation_0043,validation,0.16,0.15962940234116557,0.23091066308923083,1.7310637479838724e-08
EGNN_seed4441,validation_0044,validation,0.24,0.2206490602938998,0.3834279417831708,2.694248985427474e-08
EGNN_seed4441,validation_0045,validation,0.08,0.07805181413331966,0.11169692848010432,2.5098561818580112e-08
EGNN_seed4441,validation_0046,validation,0.16,0.11993405628725878,0.19328092065943223,4.8744907600555383e-08
EGNN_seed4441,validation_0047,validation,0.24,0.16896768393216485,0.25462943742381267,1.5191649365238743e-08
EGNN_seed4441,test_0000,test,0.08,0.07992270311404842,0.11571632223611018,2.614743791647552e-08
EGNN_seed4441,test_0001,test,0.16,0.13901751513202773,0.18660718771890666,2.2504097464012545e-08
EGNN_seed4441,test_0002,test,0.24,0.1980606522338192,0.38377969569407117,1.5482932723097467e-08
EGNN_seed4441,test_0003,test,0.08,0.06781791988539891,0.10466295733045382,1.0571848756810334e-08
EGNN_seed4441,test_0004,test,0.16,0.14650925262252307,0.2205992984444253,3.712914611428809e-08
EGNN_seed4441,test_0005,test,0.24,0.20448254554502582,0.3536223577956076,2.7023717797201642e-08
EGNN_seed4441,test_0006,test,0.08,0.06271325899443529,0.10297066427224189,7.659011799859632e-09
EGNN_seed4441,test_0007,test,0.16,0.14974589377362993,0.23083532694195025,7.490235537561989e-09
EGNN_seed4441,test_0008,test,0.24,0.2766768749231772,0.4343806560038091,2.12247108337545e-08
EGNN_seed4441,test_0009,test,0.08,0.08654612521366836,0.11566570463409621,2.068369364500036e-08
EGNN_seed4441,test_0010,test,0.16,0.14698124373006258,0.2038860460916232,3.4769336981200974e-08
EGNN_seed4441,test_0011,test,0.24,0.24543012361055117,0.4474316043932008,1.4754612333932291e-08
EGNN_seed4441,test_0012,test,0.08,0.07150201947731703,0.10379255952895788,1.051598042799434e-08
EGNN_seed4441,test_0013,test,0.16,0.11824426643612926,0.14281609528174527,9.436735399911598e-09
EGNN_seed4441,test_0014,test,0.24,0.17952406046643998,0.28495517016645444,3.697969780516854e-08
EGNN_seed4441,test_0015,test,0.08,0.07044480011875465,0.09683052021380757,5.7256048677705465e-08
EGNN_seed4441,test_0016,test,0.16,0.156768986171645,0.23720872274517946,3.2033458561235455e-08
EGNN_seed4441,test_0017,test,0.24,0.17054108784875505,0.21887626916557326,2.7428707434550874e-08
EGNN_seed4441,test_0018,test,0.08,0.0687531907861944,0.07680685514559113,1.5943046069213667e-08
EGNN_seed4441,test_0019,test,0.16,0.14446465376877426,0.19065261475847187,1.623825071456709e-08
EGNN_seed4441,test_0020,test,0.24,0.21879646343535525,0.342313197483176,5.803504769083141e-08
EGNN_seed4441,test_0021,test,0.08,0.0759004681919608,0.11649566266789267,2.3740753820635332e-08
EGNN_seed4441,test_0022,test,0.16,0.1434007727447405,0.23299633965178754,1.8129022552276758e-08
EGNN_seed4441,test_0023,test,0.24,0.270323679362979,0.3840793269517847,1.9797352780229105e-08
EGNN_seed4441,test_0024,test,0.08,0.06599995355036395,0.11314471617629064,8.878968355580257e-09
EGNN_seed4441,test_0025,test,0.16,0.1333554088764912,0.1971572007016043,1.3788762128408053e-08
EGNN_seed4441,test_0026,test,0.24,0.20104087290427283,0.23390184716025955,4.378102726209709e-08
EGNN_seed4441,test_0027,test,0.08,0.06527715771542582,0.08767315438975148,2.5159852523393557e-08
EGNN_seed4441,test_0028,test,0.16,0.17284515917550575,0.28214824807794564,2.791030077399186e-08
EGNN_seed4441,test_0029,test,0.24,0.22213509157500427,0.36880215032000724,2.247028316022746e-08
EGNN_seed4441,test_0030,test,0.08,0.07475665225065009,0.07869832397031151,9.883348807682278e-09
EGNN_seed4441,test_0031,test,0.16,0.15982372363866768,0.25546724328466897,1.0180616407614785e-08
EGNN_seed4441,test_0032,test,0.24,0.2636090156233842,0.4045327344239068,3.1683822464771965e-08
EGNN_seed4441,test_0033,test,0.08,0.06230502442905977,0.10411656240547432,1.4630196572559928e-08
EGNN_seed4441,test_0034,test,0.16,0.12585693621364363,0.188658522970131,1.7558170701701567e-08
EGNN_seed4441,test_0035,test,0.24,0.24418560865095826,0.39248921431374656,2.011162191419886e-08
EGNN_seed4441,test_0036,test,0.08,0.06438093546499493,0.10257787252943222,1.741166470434427e-08
EGNN_seed4441,test_0037,test,0.16,0.1428390807136651,0.18527355342770493,1.6675729571942602e-08
EGNN_seed4441,test_0038,test,0.24,0.18262326909015014,0.2767747497839947,3.214245151947111e-08
EGNN_seed4441,test_0039,test,0.08,0.07681087166998797,0.14323401469313124,1.2362009981590786e-08
EGNN_seed4441,test_0040,test,0.16,0.17476367715864785,0.1586442450953741,1.658731455435848e-08
EGNN_seed4441,test_0041,test,0.24,0.18960763621385074,0.24263160597666972,6.722223803742275e-09
EGNN_seed4441,test_0042,test,0.08,0.08627323873216201,0.1310940718719422,1.4698528165295146e-08
EGNN_seed4441,test_0043,test,0.16,0.12229366315564306,0.2010248872727458,2.336661292548501e-08
EGNN_seed4441,test_0044,test,0.24,0.19013207192144196,0.2853154692103794,9.857043772287371e-09
EGNN_seed4441,test_0045,test,0.08,0.0754183534174285,0.12595821618985936,1.6005423007038046e-08
EGNN_seed4441,test_0046,test,0.16,0.16228064614243704,0.2657924611232187,2.598973586192907e-08
EGNN_seed4441,test_0047,test,0.24,0.22484669816314834,0.3026309621717286,1.678713432640298e-08
EGNN_seed4441,test_0048,test,0.08,0.09077531013520794,0.12626566445175527,1.022934574013393e-08
EGNN_seed4441,test_0049,test,0.16,0.16467715601626218,0.2672635798990652,4.424695659346699e-09
EGNN_seed4441,test_0050,test,0.24,0.18306320352626412,0.27625879586446317,2.7537843440806833e-08
EGNN_seed4441,test_0051,test,0.08,0.07568106067937799,0.10086089837463269,2.156407682413327e-08
EGNN_seed4441,test_0052,test,0.16,0.11130364610407588,0.19633346430783158,4.587547062264364e-08
EGNN_seed4441,test_0053,test,0.24,0.2530814616297164,0.397262958451731,4.76598623027819e-08
EGNN_seed4441,test_0054,test,0.08,0.07206998409055522,0.1112798742818925,2.770820267813625e-08
EGNN_seed4441,test_0055,test,0.16,0.1330521796928086,0.21127932262872406,1.8314914895475848e-08
EGNN_seed4441,test_0056,test,0.24,0.1876767179546815,0.30951200488343306,1.971794374573028e-08
EGNN_seed4441,test_0057,test,0.08,0.06684425474528921,0.08882872786130122,1.1648272206065079e-08
EGNN_seed4441,test_0058,test,0.16,0.13119719616132497,0.21092063368062486,3.1060139226542253e-08
EGNN_seed4441,test_0059,test,0.24,0.21154734042149176,0.3806556327307453,4.174607270252268e-08
EGNN_seed4441,test_0060,test,0.08,0.07411809399943667,0.09471396571909721,3.107029507048339e-08
EGNN_seed4441,test_0061,test,0.16,0.1532769698968364,0.21677617921161388,3.290805792905296e-08
EGNN_seed4441,test_0062,test,0.24,0.2610293056378645,0.3889899460022627,4.246639914552542e-08
EGNN_seed4441,test_0063,test,0.08,0.059438881682070475,0.09765905701542879,2.12113941433273e-08
EGNN_seed4441,ood_warped_0000,ood_warped,0.08,0.0701182540943986,0.10439798516129209,1.6199635594496346e-08
EGNN_seed4441,ood_warped_0001,ood_warped,0.16,0.16618085927995013,0.24214386166802548,2.1603565660347825e-08
EGNN_seed4441,ood_warped_0002,ood_warped,0.24,0.1824605596936327,0.30006413011805383,9.106767375835342e-09
EGNN_seed4441,ood_warped_0003,ood_warped,0.08,0.07757191511285963,0.12024165404362518,1.143266022830413e-08
EGNN_seed4441,ood_warped_0004,ood_warped,0.16,0.1739442530682167,0.21616570493380308,4.881178934656688e-08
EGNN_seed4441,ood_warped_0005,ood_warped,0.24,0.23728928166578037,0.2895813709012919,8.732799981514198e-09
EGNN_seed4441,ood_warped_0006,ood_warped,0.08,0.06382682451260561,0.0923575270017001,2.596626995074985e-08
EGNN_seed4441,ood_warped_0007,ood_warped,0.16,0.12267892823008651,0.13469808189532495,1.6962128390307843e-08
EGNN_seed4441,ood_warped_0008,ood_warped,0.24,0.22658915232339097,0.3480608984304693,2.919939498125793e-08
EGNN_seed4441,ood_warped_0009,ood_warped,0.08,0.07938906850468097,0.09677882491475018,2.2110937340987163e-08
EGNN_seed4441,ood_warped_0010,ood_warped,0.16,0.15744861450946576,0.2276248320715596,2.164623594777586e-08
EGNN_seed4441,ood_warped_0011,ood_warped,0.24,0.14479695356762964,0.22926082914015167,1.9986915350536583e-08
EGNN_seed4441,ood_warped_0012,ood_warped,0.08,0.06730085377452386,0.10753642605506841,2.6467713645704055e-08
EGNN_seed4441,ood_warped_0013,ood_warped,0.16,0.12399439018874307,0.18005793098019834,2.7833590355859146e-08
EGNN_seed4441,ood_warped_0014,ood_warped,0.24,0.2571774043364324,0.29453883118937835,2.2750892641907807e-08
EGNN_seed4441,ood_warped_0015,ood_warped,0.08,0.05692672524210809,0.09388973396888453,4.488234219469251e-09
EGNN_seed4441,ood_warped_0016,ood_warped,0.16,0.11007465413980869,0.13929700215356405,1.1212204467774908e-08
EGNN_seed4441,ood_warped_0017,ood_warped,0.24,0.22137056275957692,0.3498029692852236,2.9534319983497086e-08
EGNN_seed4441,ood_warped_0018,ood_warped,0.08,0.08556946515020686,0.12294339016349333,1.7441533262923714e-08
EGNN_seed4441,ood_warped_0019,ood_warped,0.16,0.15135006329459927,0.21623804954284612,2.3044966001427437e-08
EGNN_seed4441,ood_warped_0020,ood_warped,0.24,0.2394963569611355,0.319239005140687,2.8607207687904804e-08
EGNN_seed4441,ood_warped_0021,ood_warped,0.08,0.07582487716040713,0.1181365871641505,2.4810146698931144e-08
EGNN_seed4441,ood_warped_0022,ood_warped,0.16,0.1735610345103876,0.2625841719880177,2.7787239075194823e-08
EGNN_seed4441,ood_warped_0023,ood_warped,0.24,0.23757917782634927,0.3596022146198374,2.4593872512002132e-08
EGNN_seed4441,ood_warped_0024,ood_warped,0.08,0.06965091255712588,0.10825584618672404,1.6545830669308418e-08
EGNN_seed4441,ood_warped_0025,ood_warped,0.16,0.13220516733811097,0.22097990372114987,6.6657423436596256e-09
EGNN_seed4441,ood_warped_0026,ood_warped,0.24,0.18113989411585693,0.26082960143385625,3.3790071366691594e-08
EGNN_seed4441,ood_warped_0027,ood_warped,0.08,0.06737095376915224,0.06396836939689379,1.5939780912322348e-08
EGNN_seed4441,ood_warped_0028,ood_warped,0.16,0.124715480015136,0.0975078022897246,2.2523828758984506e-08
EGNN_seed4441,ood_warped_0029,ood_warped,0.24,0.270328180642687,0.40060964617411077,1.3051329811711848e-08
EGNN_seed4441,ood_warped_0030,ood_warped,0.08,0.05665480737971487,0.09248490644867984,1.2881613503590358e-08
EGNN_seed4441,ood_warped_0031,ood_warped,0.16,0.13465166450982013,0.20808763837382305,2.485628719820796e-08
EGNN_seed4441,ood_warped_0032,ood_warped,0.24,0.24971445904085082,0.3992509192281687,1.8756130982712413e-08
EGNN_seed4441,ood_warped_0033,ood_warped,0.08,0.07907906494745635,0.12853720809687985,1.7920108907240597e-08
EGNN_seed4441,ood_warped_0034,ood_warped,0.16,0.16086318625390855,0.22553908470354667,2.387179230744963e-08
EGNN_seed4441,ood_warped_0035,ood_warped,0.24,0.18649603099912784,0.2254606703920647,1.8154988492080597e-08
EGNN_seed4441,ood_warped_0036,ood_warped,0.08,0.07789361057447328,0.10574116167630573,1.7585172043492154e-08
EGNN_seed4441,ood_warped_0037,ood_warped,0.16,0.14653866495194776,0.2313902734458968,3.729028319483384e-08
EGNN_seed4441,ood_warped_0038,ood_warped,0.24,0.18694048710705843,0.27289056579537535,1.533050906740522e-08
EGNN_seed4441,ood_warped_0039,ood_warped,0.08,0.06938101269182877,0.11931575851598787,9.514974612802458e-09
EGNN_seed4441,ood_warped_0040,ood_warped,0.16,0.15193208827447843,0.22945957177693546,4.179023681665572e-08
EGNN_seed4441,ood_warped_0041,ood_warped,0.24,0.19697627800138293,0.3474849820603929,1.589243353196519e-08
EGNN_seed4441,ood_warped_0042,ood_warped,0.08,0.06650685027504107,0.08048490951680405,1.2910393386783865e-08
EGNN_seed4441,ood_warped_0043,ood_warped,0.16,0.1355911242922894,0.1897402538447471,2.1903901860481088e-08
EGNN_seed4441,ood_warped_0044,ood_warped,0.24,0.24063668099180943,0.32007448875704964,1.3193481068037166e-08
EGNN_seed4441,ood_warped_0045,ood_warped,0.08,0.067259316445262,0.10917176239224283,4.221401044739191e-08
EGNN_seed4441,ood_warped_0046,ood_warped,0.16,0.1463187903923559,0.23691478394655602,1.0113360663845641e-08
EGNN_seed4441,ood_warped_0047,ood_warped,0.24,0.22677704233292498,0.3162982855850334,1.2977284164729645e-08
EGNN_seed4441,ood_warped_0048,ood_warped,0.08,0.08114141069698715,0.13672858359234158,1.755006865969834e-08
EGNN_seed4441,ood_warped_0049,ood_warped,0.16,0.17672036344353526,0.3044168581047437,1.9902837340679173e-08
EGNN_seed4441,ood_warped_0050,ood_warped,0.24,0.154885230928393,0.21384269810804374,3.2157842536459865e-08
EGNN_seed4441,ood_warped_0051,ood_warped,0.08,0.06085373969195761,0.09888232056024945,3.743417412471732e-08
EGNN_seed4441,ood_warped_0052,ood_warped,0.16,0.17320671797632164,0.2558739645421879,3.0628250344227435e-08
EGNN_seed4441,ood_warped_0053,ood_warped,0.24,0.2653454220299908,0.35605317565331673,2.665944653238275e-08
EGNN_seed4441,ood_warped_0054,ood_warped,0.08,0.07825270763646346,0.1177954338668453,1.2301281152231632e-08
EGNN_seed4441,ood_warped_0055,ood_warped,0.16,0.1806199345223531,0.1602954169023686,2.2587722113954834e-08
EGNN_seed4441,ood_warped_0056,ood_warped,0.24,0.1877721899280027,0.290114543861166,6.5124641282108415e-09
EGNN_seed4441,ood_warped_0057,ood_warped,0.08,0.0653227853424165,0.10704626357112489,2.312488050022534e-08
EGNN_seed4441,ood_warped_0058,ood_warped,0.16,0.1374215673706265,0.18695004983331096,2.1347415702083093e-08
EGNN_seed4441,ood_warped_0059,ood_warped,0.24,0.23852984282232237,0.38964810498994834,1.2517153064352608e-08
EGNN_seed4441,ood_warped_0060,ood_warped,0.08,0.07085450068153186,0.10899048059682218,2.6615325194423087e-08
EGNN_seed4441,ood_warped_0061,ood_warped,0.16,0.19565910148334895,0.31462787677189985,2.248262803836957e-08
EGNN_seed4441,ood_warped_0062,ood_warped,0.24,0.22607278656840366,0.3322321743887815,3.308345438153958e-08
EGNN_seed4441,ood_warped_0063,ood_warped,0.08,0.09244545552634591,0.13044748206983342,9.935912459815975e-09
