id,smiles,genes,mw_g_mol,clogp,tpsa_A2,hbd,pka_assumed,logd74_proxy,cns_mpo_proxy,qed,sa_score,rotatable_bonds,fsp3,pocket_geometry_score,steric_overlap_per_atom_A2,pharmacophore_contact_proxy,mmff_status,predicted_kd_nM,confirmed_novel,synthetic_route_validated
G942029b5c20b,CNS(=O)(=O)c1ncc(Cl)cn1,"[3, 15, 1]",207.642,0.03810000000000008,71.95,1,5.0,0.03637447497120727,5.833333333333333,0.6954010460975434,2.712626176792453,2,0.2,16.757038108679907,0.1370838358420577,0.9999931036869731,0,,,False
Gd10e71ed4147,c1ccc(-c2cc(N3CCOCC3)ccn2)cc1,"[2, 11, 12]",240.30599999999998,2.5852000000000004,25.360000000000003,0,9.0,0.9744257744880436,4.768,0.8064270758580957,1.8066564516329393,2,0.26666666666666666,12.33709300056238,0.052123467539242886,3.670586560498497e-05,0,,,False
Gbfe23490eee3,CCOC1CCN(CO)CC1,"[6, 10, 7]",159.22899999999998,0.4371000000000001,32.7,1,9.0,-1.1736742255119568,4.968333333333334,0.6481818781663408,2.3813373090019443,3,1.0,18.870848973000506,0.21583181026922074,1.2218569268936568,0,,,False
G8bf9607bfe8b,COc1cc(CCNC(C)=O)ccn1,"[2, 16, 5]",194.23399999999998,0.7687999999999999,51.22,1,5.0,0.7670744749712072,5.833333333333333,0.7698000040082503,1.959674668532374,4,0.4,14.106977782188935,0.3585495120412029,1.8627977675652376,0,,,False
Gc836e4a33172,NC(=O)c1csc(C(=O)NCCO)c1,"[4, 4, 8]",214.24599999999995,-0.4309,92.42,3,0.0,-0.43090001728957433,5.086,0.6345726871385046,2.3112546747609652,4,0.25,13.917956563872718,0.327457871285862,1.7020454942961805,0,,,False
G101216590b77,O=C(Nc1ccc(F)cc1)C1CC1,"[0, 7, 0]",179.19399999999996,2.1742,29.1,1,0.0,2.1741999827104257,5.201233341978121,0.7402175022712268,1.3423474423165196,2,0.3,15.209905565383542,0.23030293908971872,0.740028346321336,0,,,False
Gcac50f1e6048,CCc1cnc(NC(=O)CO)nc1,"[3, 19, 3]",181.19499999999996,-0.03020000000000045,75.11,2,5.0,-0.031925525028793256,5.5,0.686225972288751,2.2792551346242114,3,0.375,17.134557040851615,0.3899767748388782,1.61286951719774,0,,,False
Gb2d6b66f5ec3,CNC(=O)c1coc(-c2ccncc2)c1,"[5, 13, 9]",202.213,1.7011999999999994,55.13,1,5.0,1.6994744749712065,5.833333333333333,0.8059199145548174,2.3248358021670654,2,0.09090909090909091,14.083568196009974,0.11087419366082282,0.877812944826465,0,,,False
G65b1b1ce2da7,Cc1cc(C(=O)NCCO)ccn1,"[2, 4, 2]",180.20699999999997,0.11211999999999989,62.22,2,5.0,0.11039447497120708,5.5,0.6937245124808937,1.926555134624211,3,0.3333333333333333,14.393565540746533,0.1815275607856692,0.9032564610164563,0,,,False
G814623cb6684,NC(=O)c1coc(-c2ccncc2)c1,"[5, 13, 8]",188.18599999999998,1.4404999999999994,69.12,1,5.0,1.4387744749712066,5.833333333333333,0.7747274411888913,2.3566052010767535,2,0.0,9.354206597794917,0.2942568532641175,0.6255637530049578,0,,,False
G9420c03501db,O=C(NC1CC1)c1ccnc(N2CCOCC2)c1,"[2, 3, 14]",247.29799999999992,0.8104,54.46000000000001,1,9.0,-0.8003742255119568,5.333333333333333,0.8585176724185674,1.9935071419682444,3,0.5384615384615384,11.566168975982539,0.21009375465117242,0.9435153018437944,0,,,False
G63e5e7c5ac82,CCOc1cc(C2CC2)cs1,"[4, 10, 11]",168.26099999999997,3.0242000000000013,9.23,0,0.0,3.024199982710427,4.475800008644786,0.6737552724723604,2.854362122897726,3,0.5555555555555556,16.14494116226445,0.09337119825574915,0.6390111935380327,0,,,False
G3b19af11cd41,NC(=O)c1coc(NC(=O)c2ccncc2)c1,"[5, 6, 8]",231.211,1.0258,98.22,2,5.0,1.0240744749712072,5.226,0.8234743354863422,2.5422031203020943,3,0.0,11.841421066715863,0.3623872364780851,0.678894577549254,0,,,False
Gbe5c0fb4bcec,CC(=O)NCCc1ccnc(F)c1,"[2, 16, 0]",182.19799999999998,0.8993,41.99,1,5.0,0.8975744749712072,5.833333333333333,0.7054942332831166,2.085043596162672,3,0.3333333333333333,13.609058985949614,0.14640297963031138,0.5200395410920374,0,,,False
G7c910ecae95f,CNC(=O)c1ncc(NC(C)=O)cn1,"[3, 0, 10]",194.194,-0.20540000000000003,83.97999999999999,2,5.0,-0.20712552502879283,5.5,0.6821342801445341,2.328456699052463,2,0.25,12.70964362180508,0.03603799249031491,1.0003620760171295,0,,,False
G73768606e6d4,c1sc(N2CCOCC2)cc1N1CCOCC1,"[4, 11, 14]",254.35499999999993,1.4213000000000002,24.94,0,9.0,-0.18947422551195658,4.747,0.7967393485883169,2.6372756316143118,2,0.6666666666666666,10.328835238547889,0.23093049888619777,0.3329270571151216,0,,,False
G9505e426f8f6,CC(=O)NCCc1cccc(C(F)(F)F)c1,"[1, 16, 15]",231.21699999999996,2.3840000000000003,29.1,1,0.0,2.383999982710426,5.09633334197812,0.8497706466978062,1.7578991014663998,3,0.36363636363636365,12.504112538626822,0.15607226274566363,2.599016665021886e-34,0,,,False
Gd33677b29b1e,CCc1cnc(-c2ccccc2)nc1,"[3, 14, 3]",184.242,2.7060000000000013,25.78,0,5.0,2.7042744749712084,4.936862762514396,0.7167456468218655,1.6815076025776907,2,0.16666666666666666,6.324709987045491,1.051713589545798,0.07900498156004931,0,,,False
G55552082baa6,CNC(=O)c1coc(CO)c1,"[5, 8, 9]",155.153,0.13150000000000006,62.470000000000006,2,0.0,0.1314999827104257,5.5,0.6377488825851633,2.4969911055279983,2,0.2857142857142857,15.478035921233971,0.14416764520452874,1.0074215822526116,0,,,False
Gf4d65b23e412,FC(F)(F)c1cc(N2CCCCC2)ccn1,"[2, 12, 15]",230.23299999999992,3.090700000000002,16.130000000000003,0,9.0,1.479925774488045,4.454649999999999,0.7365799393002123,2.142754629194485,1,0.5454545454545454,12.47990279894182,0.0723586279812488,0.0023087360917111886,0,,,False
Gccd46a2d2472,O=C(NC1CCN(F)CC1)c1ccncc1,"[6, 6, 0]",223.251,1.1602999999999999,45.230000000000004,1,9.0,-0.4504742255119569,5.333333333333333,0.7651559494278519,2.5188417863851207,2,0.45454545454545453,11.171995041467767,0.35320186411449683,1.3598286851183373e-10,0,,,False
G251055311ae7,NC(=O)c1cnc(NC(=O)C2CC2)nc1,"[3, 7, 8]",206.20499999999996,-0.07600000000000018,97.97,2,5.0,-0.07772552502879299,5.234333333333334,0.7223839475741322,2.1204880906613273,3,0.3333333333333333,16.717521517708867,0.06986977134092151,1.0005458552080297,0,,,False
Gc94496fa83ce,CNC(=O)c1cccc(OC)c1,"[1, 0, 5]",165.19199999999998,1.0547999999999997,38.33,1,0.0,1.0547999827104253,5.749833333333333,0.711045127218606,1.3884660369323143,2,0.2222222222222222,15.218284220800637,0.14842356933601522,0.18614056268780882,0,,,False
G323812115dcb,CCOc1ncc(CO)cn1,"[3, 10, 7]",154.16899999999998,0.3676,55.24000000000001,1,5.0,0.3658744749712072,5.833333333333333,0.6828720066741002,2.3265110062724155,3,0.42857142857142855,16.548956074818882,0.09806177010250051,0.9522630706189,0,,,False
Gefd172022989,O=C(c1ccc(Cl)cc1)N1CCOCC1,"[0, 17, 1]",225.67499999999995,1.8124000000000002,29.540000000000003,0,0.0,1.8123999827104258,5.477,0.7297641130721476,1.5380071796268133,1,0.36363636363636365,10.986323453153975,0.08960668047921591,0.9954697089845903,0,,,False
Gb6c37345a340,NC(=O)c1ccc(C(=O)NC2CC2)cc1,"[0, 3, 8]",204.22899999999996,0.6777000000000002,72.19,2,0.0,0.6776999827104259,5.5,0.7594120760379112,1.505306852387406,3,0.2727272727272727,16.198525685685556,0.2691346628180375,0.46804698399431705,0,,,False
Gcccadae3a144,C1CN(C2CCN(N3CCOCC3)CC2)CCO1,"[6, 11, 14]",255.36199999999994,0.030200000000001337,28.180000000000003,0,9.0,-1.5805742255119555,4.909,0.6940917014050856,2.653510297786786,2,1.0,8.079299105911836,0.06864172912601314,7.058818562431995e-19,0,,,False
G964ead1e4de7,CNS(=O)(=O)N1CCN(F)CC1,"[7, 15, 0]",197.23499999999999,-1.0472999999999997,52.650000000000006,1,9.0,-2.6580742255119567,5.333333333333333,0.5748319516926922,3.198825215253991,2,1.0,13.79048002212423,0.14914102558212594,0.07933559574290965,0,,,False
Gba65fdd86a47,CNS(=O)(=O)c1ccc(N2CCOCC2)cc1,"[0, 15, 14]",256.32699999999994,0.4312999999999998,58.64,1,9.0,-1.179474225511957,5.333333333333333,0.8518620059651298,1.8391704279944037,3,0.45454545454545453,12.867469925553081,0.08660566441547682,0.9012167054046454,0,,,False
G6c66bb5a9699,CCN1CCC(C(=O)NCCO)CC1,"[6, 4, 3]",200.28199999999995,-0.17320000000000002,52.57000000000001,2,9.0,-1.7839742255119568,5.0,0.6620751554882365,1.8302024791832618,4,0.9,14.099424648788958,0.11226920169720246,1.600798111177687e-11,0,,,False
G7347a76ee2b2,CCOC1CCN(Cl)CC1,"[6, 10, 1]",163.648,1.6411,12.47,0,9.0,0.03032577448804319,4.5,0.5743395589646149,2.8169353007414486,2,1.0,15.493761098341842,0.05881548951274447,0.9414193722370428,0,,,False
Gb88a2d7658d2,COc1cnc(CCNC(C)=O)nc1,"[3, 16, 5]",195.22199999999998,0.16379999999999972,64.11,1,5.0,0.16207447497120692,5.833333333333333,0.7431195953556202,2.271074668532375,4,0.4444444444444444,13.010870869167686,0.2394556889426329,0.9760661062430447,0,,,False
G02d7aef9063e,c1ccc(-c2cccc(-c3ccncc3)c2)cc1,"[1, 13, 12]",231.298,4.415600000000003,12.89,0,5.0,4.413874474971211,3.2921999999999985,0.6360270902193325,1.499574400350891,2,0.0,10.031832413846454,0.4073801189426859,0.002460594782621726,0,,,False
Gfd8bf6018a2b,O=C(NN1CCN(c2ccccc2)CC1)c1ccncc1,"[7, 6, 12]",282.34700000000004,1.5486000000000002,48.47,1,9.0,-0.062174225511956616,5.333333333333333,0.9276794915806268,1.9768448611269598,3,0.25,13.28897268666613,0.5540297404607709,0.5065816503184595,0,,,False
G06eb28926a48,COc1coc(C(=O)N2CCOCC2)c1,"[5, 17, 5]",211.21699999999996,0.7605999999999999,51.91000000000001,0,0.0,0.7605999827104256,6.0,0.7243253570080017,2.4017656769434517,2,0.5,15.810591437319031,0.14726802310481493,1.9000270222328945,0,,,False
G5d484ed18aad,COc1cccc(N2CCCCC2)c1,"[1, 12, 5]",191.27399999999997,2.6855,12.47,0,9.0,1.0747257744880434,4.5,0.712284283973087,1.5001500040786304,2,0.5,13.096793363945118,0.06647639983799965,1.275439696926498e-19,0,,,False
G7bf9f5509da1,CNS(=O)(=O)c1ccc(-c2ccccc2)cc1,"[0, 15, 12]",247.31900000000002,2.2617000000000003,46.17,1,0.0,2.261699982710426,5.7024833419781205,0.9039416300756861,1.4808636972251712,3,0.07692307692307693,13.271244080812188,0.33501595287277836,0.9328519470791431,0,,,False
G228794458fee,CCOc1coc(-c2ccccc2)c1,"[5, 14, 6]",188.22599999999997,3.3453000000000026,22.37,0,0.0,3.3452999827104284,4.2732000086447846,0.7365787267563606,2.13095037931315,3,0.16666666666666666,12.925423703616154,0.1895177842537477,9.256659102485977e-26,0,,,False
G4fdae39e0103,CC(=O)NCCc1ncc(-c2ccncc2)cn1,"[3, 16, 13]",242.282,1.2171999999999998,67.77000000000001,1,5.0,1.215474474971207,5.833333333333333,0.8748467830693597,2.215889686346946,4,0.23076923076923078,8.816921484609226,0.16541900184194966,1.8229067345671582e-06,0,,,False
G62d83f1ba12d,CC(=O)NCCc1ncc(F)cn1,"[3, 16, 0]",183.18599999999998,0.2942999999999996,54.88,1,5.0,0.2925744749712068,5.833333333333333,0.7325517512886499,2.3399128269319025,3,0.375,13.832062140380067,0.05778830986662931,0.9986104657708412,0,,,False
Gdccfa9a87bab,O=C(N1CCOCC1)N1CCN(c2ccncc2)CC1,"[7, 17, 13]",276.34,0.6557999999999997,48.91,0,9.0,-0.9549742255119571,5.5,0.7557250978905393,2.0971496936965224,1,0.5714285714285714,13.703026974349488,0.1784862131221466,0.7301851759776457,0,,,False
Gf1a004aa364d,CNS(=O)(=O)c1ccnc(F)c1,"[2, 15, 0]",190.19899999999998,0.12879999999999997,59.06,1,5.0,0.12707447497120716,5.833333333333333,0.6741295753957095,2.3703189652539915,2,0.16666666666666666,14.790852864013951,0.06098762475191899,1.3459434004402877,0,,,False
G43cedeb3fedc,CC(=O)NCCc1ccc(C(F)(F)F)cc1,"[0, 16, 15]",231.21699999999996,2.3840000000000003,29.1,1,0.0,2.383999982710426,5.09633334197812,0.8497706466978062,1.703016811663181,3,0.36363636363636365,15.931427297589758,0.3309197795491886,0.017708222859446347,0,,,False
G248c766f7c47,OCN1CCN(N2CCCCC2)CC1,"[7, 12, 7]",199.29799999999997,-0.045300000000000284,29.950000000000003,1,9.0,-1.6560742255119572,4.8308333333333335,0.6754473729284018,2.7042318052043335,2,1.0,15.126664740679958,0.11003732347696725,0.9814519173074014,0,,,False
G3d945991e404,CC(=O)NCCc1cc(-c2ccccc2)cs1,"[4, 16, 12]",245.347,3.093700000000001,29.1,1,0.0,3.093699982710427,4.694633341978119,0.8808018978090293,1.9318405221859258,4,0.21428571428571427,14.01698176935762,0.43585191762255576,1.8685483921856506e-07,0,,,False
G3473b69d0918,OCc1cccc(-c2ccncc2)c1,"[1, 8, 13]",185.22600000000003,2.2409,33.120000000000005,1,5.0,2.239174474971207,5.36974609584773,0.7779163470882696,1.678316232971687,2,0.08333333333333333,13.432794128843312,0.2507340378333552,0.8570687146161128,0,,,False
Gef83940f5823,O=C(Nc1ccccc1)c1ccc(N2CCOCC2)cc1,"[0, 2, 14]",282.3430000000001,2.775500000000001,41.57000000000001,1,9.0,1.1647257744880442,5.333333333333333,0.9408937686794925,1.5423413871815495,3,0.23529411764705882,8.921630211882928,0.1477590211374602,2.5728056528341722e-05,0,,,False
Gf97671302bed,CCc1csc(N2CCCCC2)c1,"[4, 12, 3]",195.33099999999996,3.3008000000000015,3.24,0,9.0,1.6900257744880447,4.349599999999999,0.6996009361644934,2.4757838795634814,2,0.6363636363636364,10.975677462901379,0.14694835413589272,0.0,0,,,False
G7f33444dc91f,O=C(NN1CCN(CO)CC1)C1CC1,"[7, 7, 7]",199.25399999999996,-1.0049999999999997,55.81,2,9.0,-2.6157742255119567,5.0,0.6116403476780199,2.5422143135027877,3,0.8888888888888888,15.509735814345234,0.2343387792072429,0.9719020926072826,0,,,False
G213c53711e2a,Cc1ccc(NC(=O)c2ccncc2)cc1,"[0, 6, 2]",212.252,2.6423200000000007,41.99,1,5.0,2.640594474971208,5.513036095847729,0.8310305534150516,1.443540448592481,2,0.07692307692307693,16.28029866608022,0.12629739982961055,1.0403941874848268,0,,,False
G1f192cc568db,CC(=O)Nc1cc(C(=O)NCCO)ccn1,"[2, 4, 10]",223.23199999999997,-0.23790000000000022,91.32,3,5.0,-0.23962552502879303,5.1226666666666665,0.6567229709017893,1.9696918319916872,4,0.3,10.177688955986904,0.18212734264189948,0.9778119919669708,0,,,False
G69b5bcbe25da,CCOc1cccc(C(=O)NC)c1,"[1, 10, 9]",179.219,1.4448999999999999,38.33,1,0.0,1.4448999827104254,5.749833333333333,0.7621476456446835,1.4770089807780558,3,0.3,15.758726507432009,0.06551439054618999,0.016328958848138786,0,,,False
G0365c468c1a3,CON1CCN(N2CCOCC2)CC1,"[7, 11, 5]",201.26999999999998,-0.5873999999999988,28.180000000000003,0,9.0,-2.1981742255119556,4.909,0.5954470413383718,2.9965747695570535,2,1.0,16.521333420635806,0.17093911921254645,0.944215139752116,0,,,False
G26b300eb17ce,COc1cnc(NC(=O)C2CC2)nc1,"[3, 7, 5]",193.20599999999996,0.8336999999999999,64.11,1,5.0,0.8319744749712071,5.833333333333333,0.7719094542233591,2.0773243726743864,3,0.4444444444444444,13.634831371605726,0.07175301514434998,0.9781278905008034,0,,,False
Gb69560b02bd4,O=C(NCCO)C1CCN(C2CC2)CC1,"[6, 4, 11]",212.29299999999995,-0.03070000000000017,52.57000000000001,2,9.0,-1.641474225511957,5.0,0.6878119716475196,1.9642364155072123,4,0.9090909090909091,11.99353762224891,0.08805204554514344,6.604448790289808e-09,0,,,False
Gaaff5e758d09,CCNC(=O)c1cc(-c2ccccc2)cs1,"[4, 1, 12]",231.32,3.1648000000000014,29.1,1,0.0,3.164799982710427,4.623533341978119,0.8633714421755619,1.8567307495958243,3,0.15384615384615385,9.141454738746578,0.3122320198339488,6.468018100404219e-28,0,,,False
Gf4109a5d4fd9,Cc1cnc(NC(=O)c2ccncc2)nc1,"[3, 6, 2]",214.228,1.4323199999999998,67.77000000000001,1,5.0,1.430594474971207,5.833333333333333,0.8207090853414805,2.0203591776894694,2,0.09090909090909091,13.010232686805194,0.020962615228682084,0.9763798810848744,0,,,False
Ga51e2049e205,CCOc1ccc(C2CC2)cc1,"[0, 10, 11]",162.23199999999997,2.9627000000000017,9.23,0,0.0,2.9626999827104274,4.518650008644786,0.6635697767752864,1.4413456338060264,3,0.45454545454545453,19.09296977667731,0.12267246264196156,0.8341090933671738,0,,,False
Gee4a668f476e,OCN1CCN(N2CCOCC2)CC1,"[7, 8, 14]",201.26999999999992,-1.1989999999999987,39.18000000000001,1,9.0,-2.8097742255119558,5.292333333333334,0.6075096347606169,2.8104453136471097,2,1.0,13.207420224236941,0.10264629726729405,2.2066309377985395e-06,0,,,False
G0c5371cc43e0,Cc1cnc(C(=O)N2CCOCC2)nc1,"[3, 17, 2]",207.23299999999995,0.25741999999999976,55.32000000000001,0,5.0,0.25569447497120695,6.0,0.6623939852772722,2.2926225642421993,1,0.5,13.784673637102069,0.08318387886439374,0.9110323880504628,0,,,False
G9f56b4795ffb,CCc1ccc(-c2ccccc2)cc1,"[0, 14, 3]",182.26599999999996,3.916000000000002,0.0,0,0.0,3.915999982710428,3.584000008644785,0.6600721960270076,1.1697267395382909,2,0.14285714285714285,9.85300707239875,0.06521812412889225,0.0,0,,,False
Gcab1bf35db6b,ClN1CCN(c2ccncc2)CC1,"[7, 13, 1]",197.66899999999998,1.3574,19.37,0,9.0,-0.2533742255119569,4.5,0.6341901807841165,2.4226437985918228,1,0.4444444444444444,15.67656720715708,0.06554982800319907,0.9067555490433146,0,,,False
G41de9cec544e,O=C(c1cc(F)co1)N1CCOCC1,"[5, 17, 0]",199.18099999999995,0.8911000000000001,42.68000000000001,0,0.0,0.8910999827104258,6.0,0.6741876519009862,2.6064002010767524,1,0.4444444444444444,14.993268892352525,0.12349091082484052,0.9969027996270523,0,,,False
G53b3ced2ae30,CCON1CCN(CCNC(C)=O)CC1,"[7, 16, 6]",215.29699999999997,-0.3083999999999991,44.81,1,9.0,-1.919174225511956,5.333333333333333,0.6832063624442887,2.429124327595126,5,0.9,12.841803967001635,0.07998887754730657,0.98583020333315,0,,,False
G857a733bcdba,CCNC(=O)c1cccc(CC)c1,"[1, 1, 3]",177.24699999999996,1.9987000000000001,29.1,1,0.0,1.9986999827104257,5.288333333333333,0.7513286957982908,1.4887012884703665,3,0.36363636363636365,12.65337935521947,0.32419466419178744,6.709077448943356e-05,0,,,False
G67633475796b,CC(=O)Nc1coc(-c2ccccc2)c1,"[5, 14, 10]",201.225,2.9050000000000002,42.24,1,0.0,2.904999982710426,5.3808333419781205,0.8112297767074333,2.1408944783745785,2,0.08333333333333333,14.223934842833879,0.17616017472760084,2.0893842636587618e-15,0,,,False
G6335a7e2a899,N#Cc1csc(C(=O)NCCO)c1,"[4, 4, 4]",196.23099999999997,0.34188,73.12,2,0.0,0.3418799827104257,5.5,0.7318397171399117,2.4947359038549806,3,0.25,11.724994494168055,0.23066718682400617,1.7973242803975317e-12,0,,,False
Gef72ed435239,Cc1ccc(C(=O)NC2CCCC2)cc1,"[0, 18, 2]",203.28499999999994,2.667420000000001,29.1,1,0.0,2.6674199827104266,4.95462334197812,0.7862734883746749,1.4296433155838795,2,0.46153846153846156,12.44662147657574,0.2519995590441724,1.4857731673006155e-05,0,,,False
G2d7bc47af0da,O=C(CO)NN1CCN(F)CC1,"[7, 19, 0]",177.17899999999997,-1.4879999999999993,55.81,2,9.0,-3.0987742255119564,5.0,0.5046057862850704,3.349895407561683,2,0.8333333333333334,13.064988878849242,0.09095063819170383,2.3975975052056202e-11,0,,,False
G0f29c6b40981,ClN1CCC(N2CCOCC2)CC1,"[6, 11, 1]",204.701,0.9368000000000001,15.71,0,9.0,-0.6739742255119567,4.5,0.5916747952624558,2.639252300616114,1,1.0,14.47590905922616,0.12540216608127827,0.9064952235953757,0,,,False
G02af3d78bff3,O=C(NC1CC1)c1cc(-c2ccccc2)co1,"[5, 3, 12]",227.26299999999998,2.838800000000001,42.24,1,0.0,2.8387999827104267,5.41393334197812,0.8756134928721947,2.035525608528154,3,0.21428571428571427,8.309977155168387,0.4535294915811831,0.00015494282433403195,0,,,False
G889dabbe2458,CNC(=O)c1ccc(NC(=O)CO)cc1,"[0, 19, 9]",208.21699999999998,-0.023000000000000298,78.43,3,0.0,-0.023000017289574643,5.166666666666667,0.6526877135390531,1.6496276779033536,3,0.2,9.61375064906779,0.2742236944718103,0.9549328708659632,0,,,False
G52c8ac4097cf,O=C(CO)Nc1ccc(-c2ccncc2)cc1,"[0, 19, 13]",228.251,1.6793999999999996,62.22,2,5.0,1.6776744749712067,5.5,0.8397201321268868,1.7279657969111994,3,0.07692307692307693,10.82369237081022,0.18754572025202185,8.172686136684507e-07,0,,,False
Gc2cd234228e9,O=C(Nc1cccc(N2CCOCC2)c1)C1CC1,"[1, 7, 14]",246.30999999999992,1.8717,41.57000000000001,1,9.0,0.2609257744880431,5.333333333333333,0.8849374053706688,1.7488003372345169,3,0.5,10.4405728793635,0.09824334838966081,0.007254102453349819,0,,,False
G4146cd8235e8,CC(=O)Nc1cccc(-c2ccccc2)c1,"[1, 14, 10]",211.26399999999998,3.312000000000001,29.1,1,0.0,3.311999982710427,4.476333341978119,0.8107896420472547,1.3246952980908056,2,0.07142857142857142,11.561962934015892,0.04473956378875001,2.882505002678326e-14,0,,,False
Gda93ca1abe84,O=C(Nc1ccccc1)c1ncc(CO)cn1,"[3, 2, 7]",229.239,1.2211999999999998,75.11,2,5.0,1.219474474971207,5.5,0.8293852334425083,1.9838540229708546,3,0.08333333333333333,9.977421891466664,0.08672949998127617,6.557220229675888e-11,0,,,False
G0de6fc8506fa,Clc1cnc(-c2ccncc2)nc1,"[3, 13, 1]",191.62099999999998,2.192,38.67,0,5.0,2.1902744749712073,5.838362762514397,0.6937831433945066,2.0330057419116603,1,0.0,17.048418219642986,0.11304517926215531,0.943835856122785,0,,,False
G40d1e50e1054,CNC(=O)N1CCC(NC(=O)c2ccncc2)CC1,"[6, 6, 9]",262.31300000000005,0.6151999999999999,74.33,2,5.0,0.6134744749712071,5.5,0.8199890398184397,2.042072020447595,2,0.46153846153846156,8.406027708490194,0.5626134135982778,0.005344150818798599,0,,,False
Gc509b6a93d24,CNC(=O)c1csc(C(=O)NC2CC2)c1,"[4, 3, 9]",224.28499999999997,0.9999,58.2,2,0.0,0.9998999827104257,5.5,0.8043730854629588,2.193541749197914,3,0.4,11.329132006541819,0.1462054592894953,0.0005457047051578522,0,,,False
G6150c6daefb9,O=C(NCCO)c1ccc(C(F)(F)F)cc1,"[0, 4, 15]",233.18899999999994,1.4275000000000002,49.33,2,0.0,1.4274999827104258,5.5,0.8292109206126312,1.6934500853662193,3,0.3,17.35986605915531,0.06230939057713433,1.0010086149931108,0,,,False
Gfad19d0b9307,CC(=O)Nc1ccc(N2CCOCC2)cc1,"[0, 5, 14]",220.27199999999993,1.4815999999999998,41.57000000000001,1,9.0,-0.129174225511957,5.333333333333333,0.8204896849184754,1.6265685422379654,2,0.4166666666666667,12.992179419033747,0.20801781314786544,0.9871270316193194,0,,,False
G5c68e1894ad1,C1CCN(N2CCN(N3CCOCC3)CC2)CC1,"[7, 12, 14]",254.37799999999993,0.25210000000000066,22.19,0,9.0,-1.3586742255119562,4.6095,0.7025435399773993,2.8374605038708296,2,1.0,12.861885205675783,0.06377963078392322,0.991113347629873,0,,,False
Gfcf5498e300b,CC(=O)NCCc1cc(-c2ccccc2)co1,"[5, 16, 12]",229.27900000000002,2.6252000000000013,42.24,1,0.0,2.625199982710427,5.5207333419781195,0.8752592744499534,2.126192484509316,4,0.21428571428571427,13.461909757093316,0.070295256526779,6.500963192378223e-31,0,,,False
G499dc1af15bc,COc1csc(C(=O)NCCO)c1,"[4, 4, 5]",201.24699999999996,0.4788000000000001,58.56,2,0.0,0.4787999827104258,5.5,0.7445252752328174,2.288328211547288,4,0.375,13.813541912168608,0.048901738760390105,0.9867349512633576,0,,,False
G633f462ae400,CNC(=O)c1ccc(NC(C)=O)cc1,"[0, 5, 9]",192.218,1.0046,58.2,2,0.0,1.0045999827104255,5.5,0.7341261767949913,1.430322286096997,2,0.2,16.3216432032078,0.09221634523103481,0.9908041369790189,0,,,False
G13d0cd841d8d,O=C(NN1CCN(c2ccccc2)CC1)C1CC1,"[7, 7, 12]",245.326,1.2497999999999994,35.58,1,9.0,-0.36097422551195746,5.112333333333333,0.8702851625198875,1.9633864319090755,3,0.5,13.436821586065268,0.08252132167608774,0.9805885775053071,1,,,False
Ge4c66cde6287,CCc1ccc(CCNC(C)=O)cc1,"[0, 16, 3]",191.27399999999997,1.9276,29.1,1,0.0,1.9275999827104255,5.288333333333333,0.7737466495660362,1.5041752602483527,4,0.4166666666666667,12.953615409640825,0.09604044044057992,0.6077839025636445,0,,,False
Gde6428f2bbeb,CCNC(=O)c1ncc(CC)cn1,"[3, 1, 3]",179.22299999999996,0.7887,54.88,1,5.0,0.7869744749712072,5.833333333333333,0.7458962552268491,2.287805134624211,3,0.4444444444444444,14.09188437452683,0.19510832686410542,0.9970555789817691,0,,,False
Ge0b1e9abe273,CNC(=O)c1ccc(C(F)(F)F)cc1,"[0, 0, 15]",203.16299999999995,2.065,29.1,1,0.0,2.0649999827104257,5.2558333419781205,0.7432301954639378,1.605671022282575,1,0.2222222222222222,15.597805208837718,0.10783189026356786,0.1761006614345422,0,,,False
G0ebed7191c27,NC(=O)c1cc(-c2ccncc2)ccn1,"[2, 13, 8]",199.21299999999997,1.2425,68.87,1,5.0,1.240774474971207,5.833333333333333,0.7906836971187668,1.9868318665677815,2,0.0,12.700647197493115,0.09177363813204006,0.9989220398525598,0,,,False
Gf3c1f63d5227,NC(=O)N1CCN(C(=O)NC2CC2)CC1,"[7, 3, 8]",212.25299999999996,-0.44529999999999953,78.67,2,0.0,-0.44530001728957386,5.5,0.6174229290216903,2.0162805859708968,1,0.7777777777777778,10.285180807614845,0.15501969635313612,5.121788569119521e-17,0,,,False
Gd7e3a75b2ebb,O=C(NCCO)c1cc(CO)cs1,"[4, 4, 7]",201.24699999999996,-0.03749999999999992,69.56,3,0.0,-0.03750001728957427,5.166666666666667,0.6400371123784588,2.2987705192395946,4,0.375,13.775887543018898,0.23214605422015108,1.156527366888809,0,,,False
G4d3319319738,CCOc1cccc(-c2ccccc2)c1,"[1, 14, 6]",198.26499999999996,3.7523000000000026,9.23,0,0.0,3.7522999827104284,3.7477000086447845,0.7293888181785249,1.2767191327899319,3,0.14285714285714285,13.819313033121794,0.19025440016696546,0.8768600070203405,0,,,False
Gf15f9417399e,O=C(CO)Nc1cc(F)co1,"[5, 19, 0]",159.11599999999999,0.3495,62.47,2,0.0,0.34949998271042565,5.5,0.6539695903598065,3.2986372593741518,2,0.16666666666666666,11.739348796052017,0.06526039228292901,0.9909343787792713,0,,,False
Ge4c9267ef6fd,O=C(Nc1cc(Cl)co1)C1CC1,"[5, 7, 1]",185.60999999999996,2.2815000000000003,42.24,1,0.0,2.281499982710426,5.69258334197812,0.7683092503416478,2.8245891138553905,2,0.375,11.250176372946594,0.15942132986859414,0.00015010689670277738,0,,,False
Gffc16dd50cb9,OCN1CCN(c2ccncc2)CC1,"[7, 8, 13]",193.25000000000003,0.1533999999999996,39.6,1,9.0,-1.4573742255119573,5.3133333333333335,0.725666400176475,2.1099852761236573,2,0.5,17.947524441756933,0.23925664545275752,1.0387426765164725,0,,,False
G578a4993475f,NC(=O)c1cc(N2CCOCC2)ccn1,"[2, 11, 8]",207.23299999999995,0.017100000000000226,68.45,1,9.0,-1.5936742255119567,5.333333333333333,0.7417691438155859,2.0925263209506078,2,0.4,11.196192144181309,0.16931712668508261,0.6340679659660676,0,,,False
Gb197b815dd85,CCc1csc(NC(=O)C2CC2)c1,"[4, 7, 3]",195.28699999999995,2.6590000000000007,29.1,1,0.0,2.6589999827104265,4.95883334197812,0.7889562395267513,2.392082057701135,3,0.5,12.508505989613532,0.25594167335322876,0.6383246646676951,0,,,False
Ge9698582623f,CC(=O)NN1CCN(C(=O)NC2CC2)CC1,"[7, 3, 10]",226.27999999999997,-0.47289999999999943,64.68,2,9.0,-2.083674225511956,5.0,0.6686264729933519,2.34032190192176,2,0.8,9.115989192393243,0.10486593443658587,6.149408126628696e-07,0,,,False
G1d9b14b756b3,Clc1cccc(N2CCOCC2)c1,"[1, 11, 1]",197.665,2.1765999999999996,12.47,0,9.0,0.5658257744880428,4.5,0.6844899707937704,1.6328919767294732,1,0.4,13.965300716254998,0.18429180230637068,2.2123160177435706e-23,0,,,False
Gdf72c03753b6,N#CN1CCC(NC(=O)c2ccncc2)CC1,"[6, 6, 4]",230.27100000000002,0.7568799999999998,69.02000000000001,1,9.0,-0.853894225511957,5.333333333333333,0.7613494943771227,2.4379796116678705,2,0.4166666666666667,11.061529646036893,0.20821211701727163,0.9994599218658392,0,,,False
Ge371ee4b0ab3,FC(F)(F)N1CCC(N2CCOCC2)CC1,"[6, 11, 15]",238.25299999999996,1.3028,15.71,0,9.0,-0.30797422551195686,4.5,0.6404195699228062,2.5884746291944865,1,1.0,11.167473420165326,0.05102005563576611,1.7154919798771307e-14,0,,,False
G526d554cb2ba,NC(=O)N1CCC(NC(=O)C2CC2)CC1,"[6, 7, 8]",211.26499999999996,0.05570000000000086,75.43,2,0.0,0.05569998271042651,5.5,0.6771377030675807,2.017604413363017,2,0.8,12.836507216228247,0.13384431750441264,0.6294202666237712,0,,,False
G15370782e926,CCc1cccc(NC(=O)CO)c1,"[1, 19, 3]",179.21899999999997,1.1798,49.33,2,0.0,1.1797999827104255,5.5,0.7315967831711089,1.661597442316518,3,0.3,17.151203760614738,0.2838666890876015,1.0255580197796215,0,,,False
G676f6a146c99,CCc1cc(C(=O)NC2CC2)ccn1,"[2, 3, 3]",190.24599999999995,1.5362,41.99,1,5.0,1.5344744749712071,5.833333333333333,0.7850780001877142,1.9131977454554523,3,0.45454545454545453,13.007752489140389,0.08603370176735638,0.9830148007911134,0,,,False
Gf0c8a52680d4,CC(=O)NCCc1cc(C(N)=O)co1,"[5, 16, 8]",196.206,0.05710000000000004,85.33,2,0.0,0.05709998271042569,5.5,0.713410114254888,2.458996780024121,4,0.3333333333333333,11.837676356564053,0.11670974265297862,0.9862204637605223,0,,,False
G26a43ce73f44,CCOc1cc(C(=O)NCCO)ccn1,"[2, 4, 6]",210.23299999999995,0.20239999999999997,71.45,2,5.0,0.20067447497120716,5.5,0.7280259328852516,1.9961221297929281,5,0.4,14.792517941252346,0.11476874009380825,1.0518569482270312,0,,,False
Ga3067be0559f,O=C(Nc1ccccc1)N1CCN(F)CC1,"[7, 2, 0]",223.251,1.7206,35.58,1,9.0,0.10982577448804309,5.112333333333333,0.7357101846113691,2.1626675388934817,1,0.36363636363636365,15.865945918760094,0.48845726814836343,0.9913938976835482,0,,,False
Gee007b1aa915,O=C(NC1CC1)c1cc(F)cs1,"[4, 3, 0]",185.22299999999996,1.7794,29.1,1,0.0,1.7793999827104257,5.288333333333333,0.7472156796457977,2.419790512456787,2,0.375,10.923597569148026,0.05128065056583598,0.9967544469466979,0,,,False
G86ee96510e13,CC(=O)NCCc1ccc(CO)cc1,"[0, 16, 7]",193.24599999999998,0.8574999999999999,49.33,2,0.0,0.8574999827104256,5.5,0.7446801584259131,1.6028805856921373,4,0.36363636363636365,11.842583842317104,0.20024546961062878,0.6842541613107112,0,,,False
Gc1a78e9d7ae4,CNC(=O)N1CCC(C(=O)NC2CCCC2)CC1,"[6, 18, 9]",253.34599999999995,1.0965999999999994,61.440000000000005,2,0.0,1.096599982710425,5.5,0.7737832893300337,2.013760222372005,2,0.8461538461538461,12.11752193153428,0.21636897739347496,0.925616577878505,0,,,False
Ga8ec3ff237f5,CC(=O)NCCc1ccc(-c2ccccc2)cc1,"[0, 16, 12]",239.318,3.0322000000000013,29.1,1,0.0,3.032199982710427,4.756133341978119,0.872637629965109,1.4328737100155848,4,0.1875,10.774897459795456,0.6506113027191854,2.5520649641197907e-08,0,,,False
Gc6ead5f4e10f,Cc1cccc(N2CCCCC2)c1,"[1, 12, 2]",175.27499999999998,2.9853200000000015,3.24,0,9.0,1.3745457744880447,4.5,0.6339360634128471,1.4926887378630767,1,0.5,9.119315650589646,0.6249301070555716,0.0,0,,,False
Ge69f1345014a,CCNC(=O)c1ccnc(-c2ccccc2)c1,"[2, 1, 12]",226.279,2.4983000000000004,41.99,1,5.0,2.4965744749712075,5.58504609584773,0.8732665780015971,1.6462452317620624,3,0.14285714285714285,9.617439479092456,0.24881881827901295,3.2334017981216266e-08,0,,,False
Gd4a898fe9462,CNC(=O)N1CCN(N2CCOCC2)CC1,"[7, 0, 14]",228.29599999999994,-0.8093999999999988,48.05,1,9.0,-2.4201742255119556,5.333333333333333,0.6375661064178776,2.6324645288600372,1,0.9,11.402282292299482,0.17592009636119663,0.03929513666714046,0,,,False
G20fed231588d,CNC(=O)c1cc(Cl)co1,"[5, 0, 1]",159.572,1.2926,42.24,1,0.0,1.2925999827104255,5.833333333333333,0.6711899124883978,2.7589155205216667,1,0.16666666666666666,15.028552947835747,0.0625632871097491,0.00032874514268429485,0,,,False
G9671fe3703a7,CNC(=O)N1CCN(N2CCCCC2)CC1,"[7, 12, 9]",226.32399999999998,0.3443000000000001,38.82,1,9.0,-1.2664742255119568,5.274333333333334,0.7007633476307269,2.5377959669871277,1,0.9090909090909091,13.143906587555257,0.10595420664402087,0.9508801743395868,0,,,False
Gde247b9509d3,COC1CCN(C2CC2)CC1,"[6, 9, 11]",155.24099999999996,1.2596,12.47,0,9.0,-0.35117422551195676,4.5,0.5949749366693132,2.104776018679363,2,1.0,14.387928629951325,0.14062198805285206,0.6580866457167796,0,,,False
Gab67dc39e1f1,CCOc1coc(NC(=O)CO)c1,"[5, 19, 6]",185.17899999999997,0.6090999999999999,71.7,2,0.0,0.6090999827104255,5.5,0.7204189992927994,2.9832012884703634,4,0.375,12.390795855492643,0.09439003525132086,0.9502515172632143,0,,,False
G723fe468c7dc,O=C(NC1CCCC1)c1ccnc(N2CCOCC2)c1,"[2, 18, 14]",275.352,1.5906,54.46000000000001,1,9.0,-0.0201742255119568,5.333333333333333,0.9099295041494571,2.0180388723145146,3,0.6,15.255114241273743,0.3225394957650507,0.9994559359128331,0,,,False
G4b28a1f3e204,NC(=O)c1cccc(N2CCOCC2)c1,"[1, 11, 8]",206.24499999999998,0.6221,55.56,1,9.0,-0.9886742255119568,5.333333333333333,0.7714599429891242,1.7443953728289614,2,0.36363636363636365,12.857277020597937,0.05263236182299331,0.984144673809265,0,,,False
Gcbf6258f1fa8,CC(=O)Nc1ncc(-c2ccccc2)cn1,"[3, 5, 12]",213.24,2.102,54.88,1,5.0,2.100274474971207,5.78319609584773,0.8306816356491282,1.7776421208332813,2,0.08333333333333333,15.411178745460633,0.11476442565465098,0.9225657331767251,0,,,False
Gd340677d3988,CC(=O)Nc1cc(-c2ccccc2)ccn1,"[2, 14, 10]",212.25199999999998,2.7070000000000007,41.99,1,5.0,2.705274474971208,5.48069609584773,0.831151515237137,1.6556996459168936,2,0.07692307692307693,13.376808170066667,0.23277650673684297,0.9462374065430821,0,,,False
G8caf98b57466,N#Cc1cccc(NC(=O)CO)c1,"[1, 19, 4]",176.17499999999998,0.48908,73.12,2,0.0,0.4890799827104257,5.5,0.6882341510629175,1.87153590385498,2,0.1111111111111111,14.744908843252933,0.21066568716516676,1.9988090855438914,0,,,False
Gba9e4f1e3073,CNC(=O)c1cc(C)cs1,"[4, 0, 2]",155.22199999999998,1.41612,29.1,1,0.0,1.4161199827104256,5.288333333333333,0.6525031601092032,2.3043155205216674,1,0.2857142857142857,15.702164170988485,0.09583737629122262,0.9564657976653461,0,,,False
G27da91377c6a,CCNC(=O)c1cc(C(F)(F)F)co1,"[5, 1, 15]",207.15099999999995,2.0481,42.24,1,0.0,2.0480999827104256,5.80928334197812,0.8058391017067672,2.59686852748008,2,0.375,17.639284407420927,0.1593545698509007,0.9893886832911559,0,,,False
Gb0cb3c9f68d5,O=C(NCCO)c1ncc(-c2ccccc2)cn1,"[3, 4, 12]",243.266,0.8656999999999999,75.11,2,5.0,0.8639744749712072,5.5,0.8349844169935903,2.024043236642802,4,0.15384615384615385,10.4687363565522,0.29788344981655246,0.6329690875196604,0,,,False
G057089d64405,CC(=O)Nc1ncc(C)cn1,"[3, 5, 2]",151.16899999999998,0.7434199999999997,54.88,1,5.0,0.741694474971207,5.833333333333333,0.6437342220873744,2.10088956706646,1,0.2857142857142857,19.212957594362205,0.235966876221723,1.8309268881333687,0,,,False
Gdbef8c250dc4,CC(=O)Nc1cc(N2CCCCC2)ccn1,"[2, 12, 10]",219.28799999999995,2.0302999999999995,45.230000000000004,1,9.0,0.41952577448804274,5.333333333333333,0.8274143925381949,1.9619615188265929,2,0.5,13.497658446150401,0.1648545572225137,0.06409361307505902,0,,,False
G91ea4fbee922,O=C(Nc1cccc(Cl)c1)c1ccncc1,"[1, 6, 1]",232.67000000000002,2.987300000000001,41.99,1,5.0,2.9855744749712083,5.3405460958477295,0.8650313700391321,1.5391902813683984,2,0.0,14.981113014791557,0.15070802878570191,0.00012937030882362934,0,,,False
G44d013f051b9,CCOc1cccc(N2CCOCC2)c1,"[1, 11, 6]",207.27299999999997,1.9218999999999997,21.700000000000003,0,9.0,0.3111257744880429,4.585,0.7555282268143969,1.6753058460766432,3,0.5,17.343485379201738,0.06301073297882133,0.9060445192474091,0,,,False
G2557e02abcc2,NC(=O)c1cccc(C(=O)NC2CC2)c1,"[1, 3, 8]",204.22899999999996,0.6777000000000002,72.19,2,0.0,0.6776999827104259,5.5,0.7594120760379112,1.596380773588157,3,0.2727272727272727,13.412919163872841,0.08403178746237,0.0073686896556608315,0,,,False
Ga166f79d23e9,CCN1CCN(N2CCCCC2)CC1,"[7, 12, 3]",197.32599999999996,1.0247999999999997,9.72,0,9.0,-0.5859742255119571,4.5,0.6543492559169409,2.409227677624596,2,1.0,10.524957726451822,0.10752283819741962,3.378076840454113e-27,0,,,False
G7280516e5b3b,CCNC(=O)c1ncc(NC(C)=O)cn1,"[3, 1, 10]",208.22099999999998,0.18469999999999992,83.97999999999999,2,5.0,0.1829744749712071,5.5,0.7419665789278551,2.266872330811422,3,0.3333333333333333,14.387363276102896,0.20509948507196357,0.9989225357510464,0,,,False
G9b1abe86124a,C1CCN(C2CCN(N3CCOCC3)CC2)CC1,"[6, 12, 14]",253.38999999999993,1.1839,18.950000000000003,0,9.0,-0.42687422551195686,4.5,0.7354646225515656,2.540128246504734,2,1.0,15.400889463812845,0.24382878013505524,0.6866668048127302,0,,,False
G911e05252e24,CCNC(=O)c1cc(C(=O)NC)co1,"[5, 1, 9]",196.206,0.3889000000000001,71.34,2,0.0,0.38889998271042575,5.5,0.7341156844804249,2.441889492574729,3,0.3333333333333333,10.998637074015926,0.10739074401584546,0.8448093140995719,0,,,False
G973db60faad5,CNS(=O)(=O)c1ccnc(OC)c1,"[2, 15, 5]",202.23499999999999,-0.0017000000000002569,68.29,1,5.0,-0.0034255250287930613,5.833333333333333,0.7486320158467841,2.1999874423165178,3,0.2857142857142857,16.237317216562182,0.22035720390164626,1.9647701956686578,0,,,False
G9b2e50f1b78b,CCOc1cc(C(=O)Nc2ccccc2)ccn1,"[2, 2, 6]",242.278,2.7326000000000006,51.22,1,5.0,2.7308744749712077,5.467896095847729,0.8964126244028501,1.6606216390096673,4,0.14285714285714285,10.5535402853709,0.5724704671562739,1.0368731922929417,0,,,False
Gc95bc9323543,O=C(Nc1cc(N2CCOCC2)co1)C1CC1,"[5, 7, 14]",236.2709999999999,1.4647,54.71000000000001,1,9.0,-0.14607422551195692,5.333333333333333,0.8629672893555184,2.7144110088421254,3,0.5833333333333334,15.585407197045162,0.2092379114876637,0.41250761716715456,0,,,False
Gee942c0a0e6a,CCNC(=O)c1ccc(C#N)cc1,"[0, 1, 4]",174.20299999999997,1.3079800000000001,52.89,1,0.0,1.3079799827104257,5.833333333333333,0.7344327353323216,1.6198897500088254,2,0.2,13.106732409796852,0.12573496980710566,0.06273309696741586,0,,,False
G03339fd6ba0a,CC(=O)Nc1coc(NC(=O)c2ccncc2)c1,"[5, 6, 10]",245.23800000000003,1.8852999999999995,84.22999999999999,2,5.0,1.8835744749712067,5.5,0.8642554548602517,2.5716923490688384,3,0.08333333333333333,11.97995520224104,0.05566462393364181,9.74637171582062e-09,0,,,False
G9aa6de077f6e,CCN1CCN(N2CCOCC2)CC1,"[7, 11, 3]",199.29799999999997,-0.1288999999999989,18.950000000000003,0,9.0,-1.7396742255119557,4.5,0.6165050087254804,2.515441186067372,2,1.0,8.27455680536401,0.23370176838418769,7.823068424768638e-07,0,,,False
G3948d03f4610,N#CN1CCC(N2CCOCC2)CC1,"[6, 11, 4]",195.266,0.2640800000000001,39.5,0,9.0,-1.3466942255119567,5.475,0.562796545605609,2.736077959050487,1,0.9,16.49553191895278,0.13921447128002537,0.0018488929373348985,0,,,False
G95be036e2899,O=C(NN1CCN(C2CC2)CC1)c1ccncc1,"[7, 6, 11]",246.314,0.5063999999999995,48.47,1,9.0,-1.1043742255119573,5.333333333333333,0.8438189925094493,2.2429695680037494,3,0.5384615384615384,13.007105545886553,0.25412830231263445,3.6269905597092225e-18,0,,,False
Gd63a5d10fdd2,CNS(=O)(=O)C1CCN(OC)CC1,"[6, 15, 5]",208.283,-0.438599999999999,58.64,1,9.0,-2.049374225511956,5.333333333333333,0.682966813922667,2.993763706052782,3,1.0,15.007101341803708,0.16493761151846292,0.8931788397091838,0,,,False
Gd32c161c4db9,CNS(=O)(=O)c1cccc(-c2ccccc2)c1,"[1, 15, 12]",247.31900000000002,2.2617000000000003,46.17,1,0.0,2.261699982710426,5.7024833419781205,0.9039416300756861,1.5661329279944027,3,0.07692307692307693,13.820774547888327,0.17076776881864375,1.9720611682456242,0,,,False
G89ec4c921d74,CC(=O)NCCC1CCN(Cl)CC1,"[6, 16, 1]",204.701,1.3783999999999998,32.34,1,9.0,-0.23237422551195697,4.950333333333334,0.7049738203398483,2.5932089807780567,3,0.8888888888888888,12.835308622741794,0.10356341376456703,0.03114365337610209,0,,,False
Gfe0592965b07,c1sc(N2CCOCC2)cc1C1CC1,"[4, 11, 11]",209.31399999999996,2.4621000000000004,12.47,0,9.0,0.8513257744880436,4.5,0.7416013706455912,2.772172518149926,2,0.6363636363636364,12.758238104572463,0.08182016976546369,2.435316491913406e-40,0,,,False
Gdd294be8f557,CN1CCC(C(=O)NCCO)CC1,"[6, 4, 2]",186.25499999999997,-0.5632999999999997,52.57000000000001,2,9.0,-2.1740742255119567,5.0,0.6207977452534478,1.8681859038549788,3,0.8888888888888888,13.858119959438335,0.23036969653016753,0.7820952810047127,0,,,False
G1818deadea2e,CNC(=O)N1CCN(F)CC1,"[7, 0, 0]",161.17999999999998,-0.17210000000000014,35.58,1,9.0,-1.782874225511957,5.112333333333333,0.5004765657660086,2.916068028604922,0,0.8333333333333334,15.620322290037777,0.055383240517178293,2.843750701609498e-09,0,,,False
Gb2976beb90ba,O=C(NC1CC1)c1ccc(F)cc1,"[0, 3, 0]",179.19399999999996,1.7179,29.1,1,0.0,1.7178999827104255,5.288333333333333,0.7353816829598251,1.3718820577011357,2,0.3,12.125681760264829,0.29725782243961874,0.016793727400220754,0,,,False
G2b8b379edf3d,CCOC1CCN(OCC)CC1,"[6, 10, 6]",173.25599999999997,1.4387999999999999,21.700000000000003,0,9.0,-0.17197422551195696,4.585,0.6417938002125116,2.7116976700051225,4,1.0,14.882792551138142,0.33423402623794546,0.8289893648390039,0,,,False
Ga5fce8e8ba5e,CON1CCN(C(=O)NC2CCCC2)CC1,"[7, 18, 5]",227.30799999999994,0.8175999999999997,44.81,1,9.0,-0.7931742255119572,5.333333333333333,0.7592845098300782,2.302823726184453,2,0.9090909090909091,13.162698996048722,0.15678294430563436,0.9686587584766042,0,,,False
Gd3eca6662929,CNC(=O)c1ccnc(NC(C)=O)c1,"[2, 0, 10]",193.206,0.3995999999999998,71.09,2,5.0,0.397874474971207,5.5,0.7137331157505736,1.9264773468257417,2,0.2222222222222222,12.878643018500862,0.1739262678059548,0.9716503232141138,0,,,False
G54774f6041c3,CNC(=O)N1CCN(CO)CC1,"[7, 0, 7]",173.21599999999998,-1.1067999999999993,55.81,2,9.0,-2.717574225511956,5.0,0.5286113075004044,2.303163939030215,1,0.8571428571428571,13.00821652618021,0.30180327234044874,0.1041380197523892,0,,,False
Gaaf52f8fd511,N#Cc1csc(NC(=O)CO)c1,"[4, 19, 4]",182.20399999999998,0.5505800000000001,73.12,2,0.0,0.5505799827104257,5.5,0.701074589798467,2.9398646383309153,2,0.14285714285714285,17.713723067910117,0.0770971289580102,0.9587099609125086,0,,,False
G48f44b71fdfc,N#Cc1cnc(NC(=O)CO)nc1,"[3, 19, 4]",178.15099999999998,-0.7209200000000002,98.9,2,5.0,-0.722645525028793,5.203333333333333,0.6221088754854576,2.512358980778057,2,0.14285714285714285,14.150002623574025,0.15894983086218126,0.7578055367864055,0,,,False
G4897785a7c90,CCNC(=O)c1cccc(OCC)c1,"[1, 1, 6]",193.24599999999995,1.8349999999999997,38.33,1,0.0,1.8349999827104253,5.749833333333333,0.7918926477093975,1.4828663845087071,4,0.36363636363636365,16.447817657520392,0.17388086715314535,0.9259070911350713,0,,,False
Gcb47c61d0d3c,CNC(=O)c1csc(CCNC(C)=O)c1,"[4, 16, 9]",226.301,0.7862999999999999,58.2,2,0.0,0.7862999827104256,5.5,0.7970185879383006,2.27550084863506,4,0.4,14.161652658385346,0.18222155849663038,0.829361984931552,0,,,False
G992946361c03,O=C(NC1CC1)c1cc(-c2ccccc2)cs1,"[4, 3, 12]",243.331,3.3073000000000015,29.1,1,0.0,3.3072999827104272,4.481033341978119,0.880066161229946,1.867077256879801,3,0.21428571428571427,12.592121027048767,0.0471974511508689,0.9927326126571074,0,,,False
G2f4bc221dc65,CCNC(=O)c1ccnc(C)c1,"[2, 1, 2]",164.20799999999997,1.1397199999999998,41.99,1,5.0,1.137994474971207,5.833333333333333,0.7117783816129922,1.854284218750493,2,0.3333333333333333,17.950355417812656,0.23382351704178736,0.49281555026205265,0,,,False
G55ea65ef35e9,CC(=O)Nc1csc(NC(=O)C2CC2)c1,"[4, 7, 10]",224.28499999999997,2.0549999999999997,58.2,2,0.0,2.0549999827104255,5.472500008644787,0.8251896910657569,2.4409860268714585,3,0.4,11.470849798533544,0.27671056223914964,0.6913449483833717,0,,,False
G8ee98d283bbc,O=C(NC1CC1)c1cc(-c2ccncc2)cs1,"[4, 3, 13]",244.319,2.702300000000001,41.99,1,5.0,2.700574474971208,5.48304609584773,0.9016035567079235,2.1397136776019376,3,0.23076923076923078,12.471048715411428,0.2044269952504823,0.5969407482374898,0,,,False
G0e02f2ab65a6,CC(=O)NN1CCC(C(=O)NC2CCCC2)CC1,"[6, 18, 10]",253.34599999999995,0.8082999999999991,61.440000000000005,2,9.0,-0.8024742255119577,5.0,0.7821445181630496,2.293322213322231,3,0.8461538461538461,13.995068203461882,0.19371841202382278,0.12275257775185498,0,,,False
G8dfc9da22ded,NC(=O)N1CCC(c2ccncc2)CC1,"[6, 13, 8]",205.26099999999997,1.3397000000000001,59.22,1,5.0,1.3379744749712073,5.833333333333333,0.7516987111026324,2.099655480163486,1,0.45454545454545453,14.704861583230672,0.11572995838998375,0.9031379355555404,0,,,False
G3d0f5dc975ec,CCOc1cccc(Cl)c1,"[1, 10, 1]",156.612,2.7387000000000015,9.23,0,0.0,2.7386999827104272,4.630650008644786,0.6400132914341574,1.337839696345842,2,0.25,15.502035042322989,0.10139799027831264,0.8640045450664222,0,,,False
G297bf2f2f1a8,O=C(NCCO)c1ccnc(C2CC2)c1,"[2, 4, 11]",206.24499999999995,0.6810999999999999,62.22,2,5.0,0.6793744749712072,5.5,0.7611753108573031,2.114717734188531,4,0.45454545454545453,15.015298219248969,0.41051644316963043,1.2536474922403282,0,,,False
Gcbda87784dea,COc1cccc(-c2ccncc2)c1,"[1, 9, 13]",185.22600000000003,2.757200000000001,22.12,0,5.0,2.755474474971208,4.728262762514396,0.7172913864129739,1.5070663267803184,2,0.08333333333333333,10.725585077439824,0.1004069640967485,0.3915769652138721,0,,,False
G5836d2869bb9,CCNC(=O)c1cc(NC(C)=O)co1,"[5, 1, 10]",196.206,0.9877,71.34,2,0.0,0.9876999827104257,5.5,0.7567303949265389,2.518702852898617,3,0.3333333333333333,10.911931552890653,0.1131722328850058,0.995175367755044,0,,,False
Ga8a9c73e9b78,CNC(=O)c1cc(-c2ccccc2)co1,"[5, 0, 12]",201.22500000000002,2.3062000000000005,42.24,1,0.0,2.3061999827104263,5.68023334197812,0.8096289499200382,2.0937273942958683,2,0.08333333333333333,13.259434292913483,0.17679543138846485,0.001008516100104937,0,,,False
Gf2ff59e027a4,CCON1CCN(NC(C)=O)CC1,"[7, 10, 10]",187.243,-0.39339999999999975,44.81,1,9.0,-2.0041742255119566,5.333333333333333,0.6531293606025705,2.9812012884703645,3,0.875,14.84475852951875,0.12716421246775209,0.8037281163386696,0,,,False
G67cfcab9b924,CCOc1ncc(C(F)(F)F)cn1,"[3, 10, 15]",192.13999999999996,1.8941000000000001,35.010000000000005,0,5.0,1.8923744749712073,5.750500000000001,0.7172160392636305,2.31483535440443,2,0.42857142857142855,12.569047086370148,0.10752210031785775,2.529535678154099e-08,0,,,False
Gfdf8bf0704d5,O=C(NC1CC1)c1ccc(-c2ccncc2)cc1,"[0, 3, 13]",238.29,2.6408000000000014,41.99,1,5.0,2.6390744749712085,5.513796095847729,0.8927553324030185,1.6253086212581884,3,0.2,12.057390804764111,0.14677592968523986,0.9936048231156493,0,,,False
G60a3d78d520c,CC(=O)NCCc1cc(CO)co1,"[5, 16, 7]",183.207,0.4505000000000002,62.47,2,0.0,0.45049998271042585,5.5,0.7120238770682301,2.5779935961626705,4,0.4444444444444444,12.99563680328618,0.15677146628320127,0.9400606622697246,0,,,False
Gb2f8e341387c,N#CN1CCN(C(=O)NC2CCCC2)CC1,"[7, 18, 4]",222.29199999999994,0.7372799999999997,59.37,1,9.0,-0.8734942255119571,5.333333333333333,0.6655527781719143,2.505426067321576,1,0.8181818181818182,12.408230551293222,0.06398870582253416,0.0012327200315699366,0,,,False
G2f3fc2b45758,C1CCN(C2CCN(C3CC3)CC2)CC1,"[6, 12, 11]",208.34899999999996,2.0991,6.48,0,9.0,0.48832577448804315,4.5,0.6854948407912105,2.0162453565661558,2,1.0,13.382422388159606,0.09443051224790219,1.662347557714993e-06,0,,,False
Gde037ec22114,O=C(NCCO)N1CCN(C(F)(F)F)CC1,"[7, 4, 15]",241.21299999999994,-0.1743,55.81,2,9.0,-1.785074225511957,5.0,0.6596730183172815,2.4942633232910865,2,0.875,17.552210782239936,0.17227696141509286,0.8765636201263793,0,,,False
Gd5f17a7facc6,NC(=O)N1CCN(c2ccccc2)CC1,"[7, 14, 8]",205.261,0.8873,49.57,1,9.0,-0.7234742255119568,5.333333333333333,0.7397797830977754,1.624436159948818,1,0.36363636363636365,13.90048976447612,0.22258084627571237,5.295829549893022e-11,0,,,False
Gaba629b763d5,Cc1csc(-c2ccncc2)c1,"[4, 13, 2]",175.25599999999997,3.118520000000001,12.89,0,5.0,3.116794474971208,4.382342762514395,0.6485792934902889,2.1696888141550907,1,0.1,12.552992064030484,0.11600346491928133,5.3410141079599e-26,0,,,False
Gf21378acb4aa,CCN1CCN(C(=O)Nc2ccccc2)CC1,"[7, 2, 3]",233.315,1.8559999999999999,35.58,1,9.0,0.24522577448804306,5.112333333333333,0.8459266727314038,1.567257162688282,2,0.46153846153846156,12.723174846821708,0.4941394408613295,0.9460725705972494,0,,,False
Gd9b30f284614,NC(=O)c1cccc(C(=O)Nc2ccccc2)c1,"[1, 2, 8]",240.262,2.0378,72.19,2,0.0,2.0377999827104256,5.481100008644788,0.8612074968491681,1.3887909916027752,3,0.0,11.975929640342233,0.17781224648342944,2.927195727156439e-17,0,,,False
G6db9ff0ffdd8,CCOc1cc(C(N)=O)co1,"[5, 10, 8]",155.153,0.7772000000000001,65.46,1,0.0,0.7771999827104258,5.833333333333333,0.700838528733567,2.814644951681844,3,0.2857142857142857,17.208895912652757,0.24695390116653818,0.7831837227432201,0,,,False
Gf4ee34d22142,O=C(Nc1ncc(-c2ccccc2)cn1)C1CC1,"[3, 7, 12]",239.278,2.4921000000000006,54.88,1,5.0,2.490374474971208,5.58814609584773,0.8948371791740198,1.8136695680037498,3,0.21428571428571427,11.490152885435485,0.48779573311831825,0.9552347988756429,0,,,False
G64c79def6c1e,CC(=O)Nc1csc(-c2ccncc2)c1,"[4, 13, 10]",218.28099999999998,2.7685000000000013,41.99,1,5.0,2.7667744749712084,5.4499460958477295,0.8417245157446246,2.2603127252439883,2,0.09090909090909091,9.827018828835968,0.8867394528193312,0.9670469209676414,0,,,False
G60b7b765b10b,CC(=O)Nc1cnc(C(=O)Nc2ccccc2)nc1,"[3, 2, 10]",256.265,1.6872999999999998,83.97999999999999,2,5.0,1.685574474971207,5.5,0.8747589787085581,1.9413899691655452,3,0.07692307692307693,12.472644812569854,0.4201702501007001,0.9988045662353556,0,,,False
G8e81be93cc64,CCOc1ccc(C(=O)Nc2ccccc2)cc1,"[0, 2, 6]",241.29,3.337600000000001,38.33,1,0.0,3.337599982710427,4.912233341978119,0.8911262883056099,1.2529349526191353,4,0.13333333333333333,9.61927837883447,0.06648867280802212,4.8800765526718475e-15,0,,,False
G12cf58e02b6b,O=C(CO)NN1CCN(Cl)CC1,"[7, 19, 1]",193.634,-1.2186999999999995,55.81,2,9.0,-2.829474225511956,5.0,0.5403285987864648,3.1819499530162307,2,0.8333333333333334,14.140730444862875,0.09096743781369271,0.11881736834799835,0,,,False
G820973d776d1,CNC(=O)C1CCN(Cl)CC1,"[6, 0, 1]",176.647,0.5981999999999998,32.34,1,9.0,-1.012574225511957,4.950333333333334,0.5938606723659592,2.572701874758769,1,0.8571428571428571,17.49109304732454,0.21231600985390953,0.6230362112021345,0,,,False
Ga7a5c3eda2a0,CNS(=O)(=O)c1ncc(C(N)=O)cn1,"[3, 15, 8]",216.22199999999998,-1.5163999999999993,115.04,2,5.0,-1.5181255250287922,4.665333333333333,0.5954333162521125,2.6654219578335105,3,0.16666666666666666,12.917370509443954,0.24072212977420504,0.7285925365099875,0,,,False
G7e470589b6f9,O=C(Nc1ccc(-c2ccncc2)cc1)C1CC1,"[0, 7, 13]",238.29,3.097100000000001,41.99,1,5.0,3.095374474971208,5.237096095847729,0.8923341763737973,1.6048615798380688,3,0.2,13.429473177000768,0.14403019965005856,1.904073936811122,0,,,False
Gfec9363bbe85,OCC1CCN(c2ccncc2)CC1,"[6, 8, 13]",192.26200000000003,1.2903,36.36,1,9.0,-0.3204742255119568,5.1513333333333335,0.7667329501610693,2.006341748919155,2,0.5454545454545454,13.167958547621797,0.10337681468237679,0.013378941566616374,0,,,False
G6d41ebaf6981,CCOc1cc(OC)cs1,"[4, 10, 5]",158.22199999999998,2.1554,18.46,0,0.0,2.155399982710426,4.922300008644787,0.6707189867104135,2.7160265095326572,3,0.42857142857142855,9.476756370972495,0.037107432245999314,9.506343212245285e-05,0,,,False
Gdc10cbc72244,CNC(=O)c1ccc(N2CCOCC2)cc1,"[0, 11, 9]",220.272,0.8827999999999998,41.57,1,9.0,-0.727974225511957,5.333333333333333,0.8042228919850538,1.6743407830406394,2,0.4166666666666667,14.826297782093198,0.1308295993985014,0.4852751124377021,0,,,False
G838a4b9085bd,O=C(Nc1cc(CO)co1)c1ccncc1,"[5, 6, 7]",218.21200000000002,1.4192,75.36,2,5.0,1.4174744749712072,5.5,0.8164365661611646,2.6355979736760915,3,0.09090909090909091,11.605247346990327,0.13752736670268806,0.009544304376348726,0,,,False
G9b25905caa6a,CC(=O)NCCc1ncc(CO)cn1,"[3, 16, 7]",195.22199999999998,-0.3525000000000002,75.11,2,5.0,-0.354225525028793,5.5,0.6880932436066755,2.3496249643903617,4,0.4444444444444444,15.802157481419435,0.02452297930661645,1.8665547229825539,0,,,False
Gd336af9f93c6,CNC(=O)c1cccc(C(=O)Nc2ccccc2)c1,"[1, 2, 9]",254.28900000000002,2.2984999999999998,58.2,2,0.0,2.2984999827104255,5.350750008644788,0.8825669960380353,1.4232515076270822,3,0.06666666666666667,13.309984647519371,0.27961768915899654,0.952865415545003,0,,,False
Ga4ac926670cd,c1ccc(-c2cc(-c3ccncc3)ccn2)cc1,"[2, 13, 12]",232.286,3.8106000000000018,25.78,0,5.0,3.808874474971209,3.9792627625143946,0.671055384617961,1.7042974772739647,2,0.0,12.839594484585735,0.09954052022549484,3.8383623507816925e-05,0,,,False
G1d43aef4c386,CC(=O)NN1CCN(C#N)CC1,"[7, 5, 4]",168.2,-0.8638199999999996,59.37,1,9.0,-2.4745942255119564,5.333333333333333,0.5173086497451839,3.20193876420504,1,0.7142857142857143,13.962911881195867,0.11259644786615537,5.8304804903889844e-08,0,,,False
Ge1de8282f5c8,O=C(Nc1cc(CO)co1)C1CC1,"[5, 7, 7]",181.19099999999995,1.1204,62.47,2,0.0,1.1203999827104256,5.5,0.7340419883118412,2.8431205192395943,3,0.4444444444444444,10.673629093655673,0.04768112936154355,0.8300582888402674,0,,,False
Ga6a6221985bf,CC(=O)NC1CCN(NC(C)=O)CC1,"[6, 5, 10]",199.254,-0.36199999999999966,61.440000000000005,2,9.0,-1.9727742255119565,5.0,0.6380667696424911,2.4460907071496276,2,0.7777777777777778,16.00881466751162,0.3053219053745825,0.6822200371400279,0,,,False
G864082798a2e,Fc1coc(N2CCCCC2)c1,"[5, 12, 0]",169.19899999999998,2.4090000000000007,16.380000000000003,0,9.0,0.7982257744880439,4.5,0.6414749492113367,2.8290980449243204,1,0.5555555555555556,13.482000446034466,0.10197382724367698,9.04803957545055e-45,0,,,False
G5fcd9cefc11c,CNS(=O)(=O)N1CCN(c2ccccc2)CC1,"[7, 15, 12]",255.34300000000002,0.2728000000000004,52.650000000000006,1,9.0,-1.3379742255119564,5.333333333333333,0.8434431267647287,1.9403973510713257,3,0.45454545454545453,10.480970675185304,0.19613513127642163,6.03761575274637e-12,0,,,False
Gd2a1aa0f7780,OCc1ccc(-c2ccccc2)cc1,"[0, 14, 7]",184.23799999999997,2.8459000000000017,20.23,1,0.0,2.8458999827104274,4.42188334197812,0.7604868520880415,1.2636171710579909,2,0.07692307692307693,11.705848268806804,0.21594614606543638,0.2530821948125498,0,,,False
G28fb2b8a36c5,O=C(NC1CCCC1)c1cc(C2CC2)co1,"[5, 18, 11]",219.2839999999999,2.8294000000000015,42.24,1,0.0,2.8293999827104273,5.418633341978119,0.8489461507997351,2.4467845957496692,3,0.6153846153846154,9.974793158167154,0.11019233892666912,1.5682706967253252e-14,1,,,False
G03a3e791fa3c,CNC(=O)c1cnc(OC)nc1,"[3, 9, 9]",167.168,-0.15520000000000023,64.11,1,5.0,-0.15692552502879303,5.833333333333333,0.6646034864370668,2.1948114914777683,2,0.2857142857142857,13.079862480824666,0.7858114441170795,0.99793636977925,0,,,False
Gcd4f5f89a242,CN1CCN(C(=O)NC2CC2)CC1,"[7, 3, 2]",183.25499999999997,0.1057999999999999,35.58,1,9.0,-1.504974225511957,5.112333333333333,0.6258457643276165,1.87032436539344,1,0.8888888888888888,14.618780918551655,0.0704730024639865,0.9583295119783849,0,,,False
Gb5f00e5c86c7,CNS(=O)(=O)c1cc(CO)co1,"[5, 15, 7]",191.208,-0.32,79.54,2,0.0,-0.32000001728957433,5.5,0.685846925713492,2.9969223306386077,3,0.3333333333333333,12.373214353153474,0.026012360517588647,0.8024492831929071,0,,,False
G0bf0821edd9f,FC(F)(F)c1ccc(-c2ccncc2)cc1,"[0, 13, 15]",223.19699999999995,3.767400000000001,12.89,0,5.0,3.7656744749712083,3.733462762514395,0.7166892473597637,1.68863155227141,1,0.08333333333333333,13.680205828604594,0.11892162146436927,7.271747123189704e-33,0,,,False
G67084d7640db,CCc1cnc(S(=O)(=O)NC)nc1,"[3, 15, 3]",201.25099999999998,-0.05290000000000017,71.95,1,5.0,-0.054625525028792976,5.833333333333333,0.695701777994542,2.617346123635201,3,0.42857142857142855,18.020518690265977,0.07262851623185697,1.7720749437778816,0,,,False
G36e6520fb077,FC(F)(F)c1cnc(N2CCOCC2)nc1,"[3, 11, 15]",233.19299999999996,1.3319999999999999,38.25,0,9.0,-0.27877422551195696,5.4125,0.7331126106071607,2.2295730907329485,1,0.5555555555555556,6.619866468762795,0.04200372597647234,2.774664293728715e-13,0,,,False
G2981292dd596,CCNC(=O)N1CCN(C2CC2)CC1,"[7, 1, 11]",197.28199999999995,0.4958999999999998,35.58,1,9.0,-1.114874225511957,5.112333333333333,0.6992871523239117,1.9777882779998297,2,0.9,11.084702991124814,0.07042269363454519,0.9106904895785612,0,,,False
Gf3718e445626,CC(=O)Nc1coc(C(=O)NCCO)c1,"[5, 4, 10]",212.20499999999998,-0.03989999999999999,91.57,3,0.0,-0.03990001728957434,5.114333333333334,0.6526377621003904,2.5412321807176124,4,0.3333333333333333,11.657990783971874,0.24908411209451017,0.7510994129498376,0,,,False
G99fdd8b6c6a7,CNC(=O)c1csc(C(=O)Nc2ccccc2)c1,"[4, 2, 9]",260.31800000000004,2.3599999999999994,58.2,2,0.0,2.359999982710425,5.320000008644787,0.8896873148925938,1.8676507201095625,3,0.07692307692307693,10.795754700808462,0.4545819488568113,0.9960590281901863,0,,,False
G6fc744b9512b,CNC(=O)c1csc(C(=O)NC2CCCC2)c1,"[4, 18, 9]",252.33899999999994,1.7801,58.2,2,0.0,1.7800999827104256,5.5,0.8611884508265655,2.1678463895328637,3,0.5,14.309302973132828,0.1333312453442651,0.9908988921690279,0,,,False
G9068513942ba,CC(=O)Nc1ccc(C(=O)NCCO)cc1,"[0, 4, 10]",222.24399999999997,0.3670999999999997,78.43,3,0.0,0.3670999827104254,5.166666666666667,0.6882101349400959,1.5411942795441362,4,0.2727272727272727,12.618581937730019,0.13958280014639718,0.9683923178824154,0,,,False
G1a0770303e68,O=C(Nc1ccc(Cl)cc1)c1ccncc1,"[0, 6, 1]",232.67000000000002,2.987300000000001,41.99,1,5.0,2.9855744749712083,5.3405460958477295,0.8650313700391321,1.4647762345456563,2,0.0,15.659119498182315,0.16852463825358519,0.9183323214785752,0,,,False
G37ecfd627f7c,CNC(=O)N1CCC(C(=O)NCCO)CC1,"[6, 4, 9]",229.27999999999997,-0.8536999999999988,81.67000000000002,3,0.0,-0.8537000172895731,5.166666666666667,0.5891406665854447,2.0375757480756036,3,0.8,14.822242465733986,0.4109896153420068,0.9888105408165736,0,,,False
G17b99e8967fb,COc1ncc(-c2ccccc2)cn1,"[3, 9, 12]",186.21400000000003,2.1521999999999997,35.010000000000005,0,5.0,2.150474474971207,5.6752627625143965,0.7203902948836506,1.786343249857243,2,0.09090909090909091,14.192437838644818,0.13373951324169847,5.8519415335675414e-09,0,,,False
G1ca438e891ca,c1ccc(-c2cccc(C3CC3)c2)cc1,"[1, 14, 11]",194.27699999999996,4.2310000000000025,0.0,0,0.0,4.230999982710428,3.3844999999999987,0.6707178964362431,1.430115636286434,2,0.2,10.091687847000905,0.07116899281824622,0.0,0,,,False
Gbe8fdfd0e7ae,CNS(=O)(=O)c1cccc(C2CC2)c1,"[1, 15, 11]",211.28599999999997,1.4721,46.17,1,0.0,1.4720999827104255,5.833333333333333,0.8226237493763021,1.9194558893358629,3,0.4,12.423183500629232,0.19598267023427812,0.40121483595453566,0,,,False
G5be31421fd3c,FC(F)(F)c1cc(-c2ccncc2)ccn1,"[2, 13, 15]",224.18499999999995,3.1624000000000008,25.78,0,5.0,3.160674474971208,4.627462762514396,0.7430611307361044,2.1181053984252554,1,0.09090909090909091,15.839262003016218,0.14689686748283412,0.4526658411738166,0,,,False
Gba93ce19ff2d,CNC(=O)c1cc(N2CCOCC2)ccn1,"[2, 11, 9]",221.25999999999996,0.2778000000000001,54.46000000000001,1,9.0,-1.3329742255119568,5.333333333333333,0.7789454939941953,2.0797922880573623,2,0.45454545454545453,14.510870314855005,0.21182865431747483,0.9587805389767593,0,,,False
Gcf496f30479f,CNC(=O)c1ccc(C(=O)NCCO)cc1,"[0, 4, 9]",222.24399999999997,-0.23170000000000002,78.43,3,0.0,-0.23170001728957437,5.166666666666667,0.6580448296688156,1.5911379858378432,4,0.2727272727272727,11.766639848160082,0.12263527264492462,1.013838724171868,0,,,False
G51d914991212,O=C(CO)Nc1ccnc(C2CC2)c1,"[2, 19, 11]",192.21799999999996,0.8897999999999999,62.22,2,5.0,0.8880744749712072,5.5,0.7471853145933799,2.2951527750412506,3,0.4,12.124345027092634,0.031967391261385605,0.9995041435487012,0,,,False
G97770c18835f,O=C(N1CCOCC1)N1CCN(Cl)CC1,"[7, 17, 1]",233.69899999999996,0.2100000000000002,36.019999999999996,0,9.0,-1.4007742255119566,5.301,0.5615646534680996,2.547195372828961,0,0.8888888888888888,15.242914047695034,0.05372018593687165,0.8553384990535976,0,,,False
Gba525cdaf090,NC(=O)c1ccc(C(=O)NCCO)cc1,"[0, 4, 8]",208.21699999999996,-0.4923999999999999,92.42,3,0.0,-0.4924000172895742,5.086,0.6228540776200654,1.577043437753261,4,0.2,19.152009852172963,0.2873157574405327,1.958886396194081,0,,,False
Gd9c21364d8df,CNS(=O)(=O)c1cccc(CO)c1,"[1, 15, 7]",201.24699999999999,0.08700000000000008,66.4,2,0.0,0.08699998271042574,5.5,0.727853105990309,1.8480340357231118,3,0.25,14.767279334108256,0.12264815385870366,1.6810958972704226,0,,,False
Gd6591153c66a,CC(=O)Nc1cccc(C(=O)NC2CC2)c1,"[1, 3, 10]",218.25599999999997,1.5372,58.2,2,0.0,1.5371999827104255,5.5,0.808034292072554,1.539293580243438,3,0.3333333333333333,13.240632400168382,0.23555058759601638,0.7623637853722378,0,,,False
Ga3e7fb1edc3a,CNC(=O)c1cc(CCNC(C)=O)ccn1,"[2, 16, 9]",221.26,0.11979999999999974,71.09,2,5.0,0.11807447497120693,5.5,0.7582614169999025,2.027908615208471,4,0.36363636363636365,12.59324119451991,0.28139074321077706,0.9972922269997174,0,,,False
Gfbdba6fae5c9,O=C(NC1CCCC1)c1cccc(-c2ccncc2)c1,"[1, 18, 13]",266.34399999999994,3.421000000000002,41.99,1,5.0,3.419274474971209,4.913196095847728,0.9245092638165693,1.7535397849611911,3,0.29411764705882354,9.628889102084386,0.46723257081559577,0.30904822259913123,1,,,False
G2dd1da62c6b1,CC(=O)NN1CCC(C(=O)NCCO)CC1,"[6, 4, 10]",229.27999999999997,-1.1419999999999988,81.67000000000002,3,9.0,-2.7527742255119554,4.666666666666667,0.568837937493582,2.361613510313365,4,0.8,16.876501698642308,0.10091811345786629,1.6560620986175283,0,,,False
G7290fd72c5a8,COC1CCN(c2ccccc2)CC1,"[6, 9, 12]",191.27400000000003,2.3018,12.47,0,9.0,0.6910257744880433,4.5,0.7108980689585912,1.6685192348478601,2,0.5,13.168664056894928,0.07002880230825378,7.585749097820985e-08,0,,,False
G6eaba0715e31,N#CN1CCN(C(=O)Nc2ccccc2)CC1,"[7, 2, 4]",230.27100000000002,1.3171799999999998,59.37,1,9.0,-0.293594225511957,5.333333333333333,0.7400364322537369,2.1600364405532737,1,0.3333333333333333,13.916399254710274,0.14885856512168305,0.0014361981061220641,0,,,False
G3c9108fb2f8a,CCOc1csc(-c2ccncc2)c1,"[4, 13, 6]",205.28199999999995,3.2088000000000028,22.12,0,5.0,3.20707447497121,4.398062762514394,0.7672323247699374,2.2363297414144636,3,0.18181818181818182,14.982980825983807,0.11423141030609073,0.9706121175940886,0,,,False
Gbfb738fe87ba,CCON1CCC(CCNC(C)=O)CC1,"[6, 16, 6]",214.30899999999997,1.1760999999999997,41.57000000000001,1,9.0,-0.4346742255119571,5.333333333333333,0.7468271597198908,2.562696855067653,5,0.9090909090909091,12.629225435145225,0.16463435588514658,0.9646153673189752,0,,,False
Gf6ce03de9fa6,CCOc1csc(NC(=O)CO)c1,"[4, 19, 6]",201.24699999999996,1.0775999999999997,58.56,2,0.0,1.0775999827104252,5.5,0.76591106325296,2.6843551346242105,4,0.375,17.058771373709668,0.05780923977134434,1.9598537225563775,0,,,False
G19a070eb0d1b,NC(=O)c1coc(C(=O)NC2CCCC2)c1,"[5, 18, 8]",222.24399999999991,1.0509,85.33,2,0.0,1.0508999827104255,5.5,0.8010890864801866,2.3745515522714093,3,0.45454545454545453,15.066632762541241,0.23861488938541264,0.1793605903150012,0,,,False
Gdf8adc0b6909,CCc1cccc(NC(=O)c2ccncc2)c1,"[1, 6, 3]",226.279,2.896300000000001,41.99,1,5.0,2.894574474971208,5.386046095847729,0.8739126498576675,1.588402217633334,3,0.14285714285714285,13.663261145526164,0.08144080087852494,0.9920715780737236,0,,,False
Geab0f0d96ab5,CNS(=O)(=O)c1cc(C#N)cs1,"[4, 15, 4]",202.26,0.5278800000000001,69.96000000000001,1,0.0,0.5278799827104258,5.833333333333333,0.7600132244217853,2.7994848306386064,2,0.16666666666666666,8.436698799706944,0.5680410427030657,5.075518746489199e-07,0,,,False
G15dd9911a1bf,CCN1CCC(C(=O)NC2CC2)CC1,"[6, 3, 3]",196.29399999999995,0.9968999999999995,32.34,1,9.0,-0.6138742255119574,4.950333333333334,0.7300012820404567,1.7928285146862208,3,0.9090909090909091,12.929888139584937,0.3807604775480047,0.03209372200835695,0,,,False
G838b010caa7f,CCN1CCC(N2CCOCC2)CC1,"[6, 11, 3]",198.30999999999997,0.8029000000000002,15.71,0,9.0,-0.8078742255119566,4.5,0.6526464184565945,2.040636308018591,2,1.0,9.165104644306098,0.16531519823272997,7.70654780555339e-13,0,,,False
G2108373830b6,CNC(=O)c1ccc(OC)cc1,"[0, 9, 9]",165.192,1.0547999999999997,38.33,1,0.0,1.0547999827104253,5.749833333333333,0.7110451272186061,1.28590799497427,2,0.2222222222222222,9.753815797559028,0.03837977152597453,0.08150787329960035,0,,,False
G856385b5b609,COc1ccnc(-c2ccccc2)c1,"[2, 9, 12]",185.226,2.757200000000001,22.12,0,5.0,2.755474474971208,4.728262762514396,0.7172913864129737,1.4954659515457962,2,0.08333333333333333,9.346167097266068,0.06642895066494951,0.001499147478558853,0,,,False
G24640c10ca50,CCNC(=O)C1CCN(C(F)(F)F)CC1,"[6, 1, 15]",224.22599999999994,1.3543,32.34,1,9.0,-0.25647422551195675,4.950333333333334,0.718059764424588,2.389727734188533,2,0.8888888888888888,13.810181562094257,0.03537145146545527,0.9858336551729295,0,,,False
Gaab331207fe5,O=C(NCCO)c1ncc(F)cn1,"[3, 4, 0]",185.15799999999996,-0.6622000000000003,75.11,2,5.0,-0.6639255250287931,5.5,0.6549712316991217,2.4338897500088272,3,0.2857142857142857,17.128964021373687,0.1995209560704798,0.9607132980321226,0,,,False
G9df8abe68947,CNC(=O)N1CCN(OC)CC1,"[7, 0, 5]",173.21599999999998,-0.4951999999999994,44.81,1,9.0,-2.1059742255119565,5.333333333333333,0.5814082342591111,2.534415687281964,1,0.8571428571428571,10.619179398599181,0.16784093499114952,0.07485651814549776,0,,,False
G911e0f5f9805,CCc1cc(-c2ccncc2)ccn1,"[2, 13, 3]",184.24199999999996,2.7060000000000013,25.78,0,5.0,2.7042744749712084,4.936862762514396,0.7167456468218654,1.937418296761555,2,0.16666666666666666,16.07159459625283,0.08650430679982458,0.9964461602357414,0,,,False
G7f0dfb7a53ec,O=C(Nc1ncc(N2CCOCC2)cn1)C1CC1,"[3, 7, 14]",248.28599999999992,0.6616999999999997,67.35000000000001,1,9.0,-0.9490742255119571,5.333333333333333,0.8508508534898329,2.208913354985997,3,0.5833333333333334,14.725079923126131,0.3639082545505714,1.3141050023313383,0,,,False
G5927bdc93daa,COc1cccc(NC(=O)C2CC2)c1,"[1, 7, 5]",191.22999999999996,2.0436999999999994,38.33,1,0.0,2.043699982710425,5.7279833419781205,0.7935643081762243,1.4015149052187645,3,0.36363636363636365,16.912033486780683,0.07780636342903373,0.9605138636745723,0,,,False
G58685eb9a06a,CNC(=O)c1coc(C(=O)Nc2ccccc2)c1,"[5, 2, 9]",244.25000000000003,1.8914999999999997,71.34,2,0.0,1.8914999827104253,5.5,0.8656339058572963,2.0314154259919164,3,0.07692307692307693,9.845249054010846,0.14689832566978767,6.647887384499969e-10,0,,,False
Ge8c144efd754,OCc1ccc(-c2ccncc2)cc1,"[0, 13, 7]",185.22599999999997,2.2409000000000003,33.120000000000005,1,5.0,2.2391744749712075,5.36974609584773,0.7779163470882695,1.5894509421649339,2,0.08333333333333333,12.946550786876458,0.045971689372154415,0.9559032271676973,0,,,False
G1f5a1949f6d8,CNC(=O)c1ccc(S(=O)(=O)NC)cc1,"[0, 15, 9]",228.273,-0.04570000000000002,75.27,2,0.0,-0.04570001728957437,5.5,0.7615655093443402,1.6864435034193015,3,0.2222222222222222,15.77536985505083,0.39689528948029396,0.8152785327864894,0,,,False
Gd44375a41eb7,Fc1cccc(N2CCOCC2)c1,"[1, 11, 0]",181.20999999999998,1.6623,12.47,0,9.0,0.0515257744880433,4.5,0.6529803792557574,1.6627741629642916,1,0.4,10.604684722414973,0.22259124795227278,0.9783795958233322,0,,,False
G22ba5a08d1e8,FC(F)(F)c1coc(-c2ccncc2)c1,"[5, 13, 15]",213.15799999999996,3.3604000000000003,26.03,0,5.0,3.3586744749712074,4.441962762514397,0.7254064817858517,2.5569474045182012,1,0.1,19.943935167998664,0.1295295584967689,0.993985348918101,0,,,False
G7a75e933c0a4,FC(F)(F)c1ccc(N2CCOCC2)cc1,"[0, 11, 15]",231.21699999999996,2.5420000000000007,12.47,0,9.0,0.9312257744880439,4.5,0.7360472527459221,1.7739546291944848,1,0.45454545454545453,14.070397098785788,0.20357181608962824,0.7664550168927547,0,,,False
Gcc0b14b5648e,NC(=O)c1cnc(-c2ccccc2)nc1,"[3, 14, 8]",199.213,1.2425,68.87,1,5.0,1.240774474971207,5.833333333333333,0.7906836971187668,1.771585354939873,2,0.0,17.22186231887615,0.39522209928083757,1.5263583410292865,0,,,False
G19ac492f8eb9,O=C(NC1CCCC1)c1ccnc(C(F)(F)F)c1,"[2, 18, 15]",258.24299999999994,2.772800000000001,41.99,1,5.0,2.771074474971208,5.447796095847729,0.8858319226388999,2.0840603490688387,2,0.5,9.81389323742187,0.08593453304820436,0.0017984407173329033,1,,,False
G968499c608f1,O=C(CO)NC1CCN(C2CC2)CC1,"[6, 19, 11]",198.26599999999996,-0.2783,52.57000000000001,2,9.0,-1.8890742255119568,5.0,0.6556525952607571,2.1413823608400673,3,0.9,7.745821677391855,0.17674391161901365,1.0017422061473213e-07,0,,,False
G2c52b056d52c,CCON1CCC(NC(=O)CO)CC1,"[6, 19, 6]",202.25399999999996,-0.4892000000000001,61.80000000000001,2,9.0,-2.099974225511957,5.0,0.6455804502972218,2.649933840130009,4,0.8888888888888888,16.349898804539592,0.15937961140393497,0.8757175392369716,0,,,False
Gdd82c44411db,N#Cc1cc(-c2ccccc2)ccn1,"[2, 14, 4]",180.20999999999998,2.620280000000001,36.68,0,5.0,2.618554474971208,5.524722762514396,0.675947637875966,1.8232348070805067,1,0.0,12.361996586749132,0.17076839778319125,0.9079946818064312,0,,,False
Gdb4bfb01d429,CC(=O)Nc1csc(N2CCOCC2)c1,"[4, 11, 10]",226.301,1.5431,41.57,1,9.0,-0.0676742255119569,5.333333333333333,0.8314339108490105,2.6091198808790512,2,0.5,16.61939399335463,0.08303838025225194,1.9991773496516334,0,,,False
Gdc9b0a21ba6d,CCON1CCC(NC(=O)c2ccncc2)CC1,"[6, 6, 6]",249.314,1.2272999999999996,54.46000000000001,1,9.0,-0.3834742255119572,5.333333333333333,0.8716355188647276,2.355038207057003,4,0.5384615384615384,12.027196973083711,0.1998623964505741,1.2596913493255063e-07,0,,,False
Gbdb8511835ea,CCOc1ccc(N2CCOCC2)cc1,"[0, 10, 14]",207.27299999999994,1.9219,21.700000000000003,0,9.0,0.3111257744880431,4.585,0.7555282268143969,1.5816995523703525,3,0.5,12.030908364039337,0.08175738329348882,0.9627642309822476,0,,,False
Gbebbe7b9b929,COc1cc(-c2ccccc2)ccn1,"[2, 14, 5]",185.22599999999997,2.757200000000001,22.12,0,5.0,2.755474474971208,4.728262762514396,0.7172913864129737,1.6030944693694362,2,0.08333333333333333,15.813564058639244,0.1378579516979049,0.9768452681026233,0,,,False
G78bc2b407c4e,N#CN1CCN(NC(=O)C2CC2)CC1,"[7, 7, 4]",194.23799999999997,-0.4737199999999999,59.37,1,9.0,-2.084494225511957,5.333333333333333,0.6034814698936911,2.9768557336211323,2,0.7777777777777778,11.570723235122644,0.34854124567334105,0.8492290282201093,0,,,False
G98442895ef3c,O=C(CO)Nc1ncc(Cl)cn1,"[3, 19, 1]",187.58599999999998,0.060799999999999854,75.11,2,5.0,0.05907447497120705,5.5,0.6867930500117432,2.3401667362330123,2,0.16666666666666666,12.231544507014533,0.16550945497156333,1.003625851659894,0,,,False
G3c3a2a9890a1,CCc1cccc(NC(=O)C2CC2)c1,"[1, 7, 3]",189.25799999999995,2.597500000000001,29.1,1,0.0,2.597499982710427,4.98958334197812,0.7776064073316993,1.4837788105442087,3,0.4166666666666667,11.9059333502206,0.42259308070457496,2.28843298621978e-08,0,,,False
G71de092a9876,O=C(NC1CCN(c2ccccc2)CC1)C1CC1,"[6, 7, 12]",244.338,2.1816000000000004,32.34,1,9.0,0.5708257744880436,4.950333333333334,0.8835947891542504,1.700730218891323,3,0.5333333333333333,9.75240838723937,0.07223474242973327,2.6590229670222576e-11,0,,,False
G1feff3e217fa,c1cc(N2CCN(N3CCCCC3)CC2)ccn1,"[7, 12, 13]",246.358,1.6044999999999994,22.61,0,9.0,-0.006274225511957443,4.6305,0.7903520294388786,2.387171836248326,2,0.6428571428571429,8.932803069202164,0.5731153169035212,2.1599754798545417e-05,0,,,False
G5da334384e52,CCc1coc(N2CCCCC2)c1,"[5, 12, 3]",179.26299999999998,2.832300000000001,16.380000000000003,0,9.0,1.2215257744880441,4.5,0.6937555253633985,2.579389547579675,2,0.6363636363636364,14.632843779193676,0.1942868520832053,0.0,0,,,False
G061e3763f733,O=C(CO)Nc1cc(CO)cs1,"[4, 19, 7]",187.21999999999997,0.17120000000000002,69.56,3,0.0,0.17119998271042566,5.166666666666667,0.6314917255948084,2.7732576453239215,3,0.2857142857142857,14.405904859031107,0.425814759617215,0.8872742497122879,0,,,False
G32a3c18f9579,CCNC(=O)c1ncc(C#N)cn1,"[3, 1, 4]",176.17899999999997,0.09797999999999996,78.67,1,5.0,0.09625447497120715,5.833333333333333,0.6925659083021157,2.5209089807780583,2,0.25,13.824004336332887,0.1456531162027035,0.016274693121556216,0,,,False
Ge0b34bdce08c,N#Cc1coc(NC(=O)C2CC2)c1,"[5, 7, 4]",176.17499999999995,1.4997800000000001,66.03,1,0.0,1.4997799827104257,5.833333333333333,0.7420071916982763,2.9403935961626715,2,0.3333333333333333,12.259194589235978,0.04044312062776463,0.23494371422973512,0,,,False
G3f4da95b97c9,CCOc1cnc(-c2ccncc2)nc1,"[3, 13, 6]",201.22899999999996,1.9372999999999998,47.900000000000006,0,5.0,1.935574474971207,6.0,0.7609388638024753,2.0246380139088114,3,0.18181818181818182,16.2219548598909,0.3630947540171333,1.6722837593415838,0,,,False
G11592614f1a0,CNC(=O)c1coc(C(=O)NC)c1,"[5, 0, 9]",182.179,-0.0012000000000000344,71.34,2,0.0,-0.0012000172895743802,5.5,0.6757715754079515,2.567361508250583,2,0.25,13.225771845771055,0.06264657940321232,8.517872870748638e-09,0,,,False
G7fa57c3441f5,N#CN1CCN(N2CCCCC2)CC1,"[7, 12, 4]",194.28199999999998,0.48597999999999986,33.51,0,9.0,-1.124794225511957,5.1754999999999995,0.5687204227699589,3.117671204829098,1,0.9,16.403232383080336,0.07755218438463023,0.9698147796379392,0,,,False
G5e0c0e1038f6,O=C(c1cc(Cl)co1)N1CCOCC1,"[5, 17, 1]",215.63599999999997,1.4054,42.68000000000001,0,0.0,1.4053999827104255,6.0,0.7114662683232249,2.460693662615215,1,0.4444444444444444,15.643953717081981,0.11094448263321599,0.8445854854981887,0,,,False
G2047ef6e0caa,CC(=O)NN1CCN(C(F)(F)F)CC1,"[7, 5, 15]",211.18699999999995,0.17489999999999944,35.58,1,9.0,-1.4358742255119574,5.112333333333333,0.6281220241047443,2.910689733301286,1,0.8571428571428571,15.707199508558842,0.19666111780622833,0.996753271587031,0,,,False
G326cccaad028,COc1ccnc(C(F)(F)F)c1,"[2, 9, 15]",177.12499999999994,2.109,22.12,0,5.0,2.107274474971207,5.052362762514397,0.6549024600856734,2.08545598448476,1,0.2857142857142857,17.340203408207966,0.1667958707210806,0.9114441885378011,0,,,False
G2294c1adea72,CCON1CCN(C(=O)NC2CC2)CC1,"[7, 3, 6]",213.28099999999995,0.42749999999999977,44.81,1,9.0,-1.183274225511957,5.333333333333333,0.7390459355645085,2.4632188330896305,3,0.9,12.96479399153143,0.14654581176359388,0.9941860760549592,0,,,False
G4d4a1e0c707b,CC(=O)Nc1cc(NC(=O)c2ccncc2)ccn1,"[2, 6, 10]",256.265,1.6872999999999998,83.97999999999999,2,5.0,1.685574474971207,5.5,0.8747589787085581,1.952987405062979,3,0.07692307692307693,13.069368192844262,0.41631741105491565,0.7300934991541603,0,,,False
Ge0d61a5b1d8f,CCON1CCC(C(=O)Nc2ccccc2)CC1,"[6, 2, 6]",248.326,2.2886000000000006,41.57000000000001,1,9.0,0.6778257744880438,5.333333333333333,0.8885319655646724,2.0244106922641034,4,0.5,9.796011026995771,0.6334369685572068,0.8938820499710642,0,,,False
G4155a4e705b6,O=C(Nc1ccnc(C(F)(F)F)c1)C1CC1,"[2, 7, 15]",230.18899999999994,2.448900000000001,41.99,1,5.0,2.447174474971208,5.609746095847729,0.8473714800288772,2.0812196739172055,2,0.4,12.672962766249707,0.18390954773256982,0.9519566440951673,0,,,False
Ge631e731aa04,COc1coc(NC(=O)c2ccncc2)c1,"[5, 6, 5]",218.21200000000002,1.9354999999999993,64.36,1,5.0,1.9337744749712065,5.833333333333333,0.8544688652040083,2.534310348258032,3,0.09090909090909091,12.611566309741608,0.2328467300471802,0.362432917232698,0,,,False
G5e4a48644f0d,CNC(=O)N1CCN(CCNC(C)=O)CC1,"[7, 16, 9]",228.296,-0.9204999999999983,64.67999999999999,2,9.0,-2.531274225511955,5.0,0.6563843939620015,2.018946377446234,3,0.8,14.706477946434754,0.17279900311976365,0.9991581399868046,1,,,False
G7d4d31d42582,CCOc1cccc(C(=O)N2CCOCC2)c1,"[1, 17, 6]",235.28299999999993,1.5576999999999999,38.77,0,0.0,1.5576999827104254,5.9385,0.7976877081236475,1.6574012757181062,3,0.46153846153846156,15.489860937010409,0.19624763379578086,0.9687091691728082,0,,,False
Gd011e932c9ca,Cc1coc(-c2ccccc2)c1,"[5, 14, 2]",158.2,3.255020000000002,13.14,0,0.0,3.2550199827104276,4.244980008644785,0.6204760024300537,1.9828211218473974,1,0.09090909090909091,12.991786566241457,0.16053509082801593,0.0,0,,,False
Ga2ea069c4fcc,Clc1ccc(-c2ccncc2)cc1,"[0, 13, 1]",189.64499999999998,3.402000000000001,12.89,0,5.0,3.400274474971208,4.098862762514395,0.6702292196215794,1.447043798591821,1,0.0,15.151750847150833,0.11246558153662978,6.127809254349745e-07,0,,,False
Ge84790cebdf9,ClN1CCC(c2ccccc2)CC1,"[6, 14, 1]",195.693,3.019800000000002,3.24,0,9.0,1.409025774488045,4.490099999999999,0.6231356803061245,2.1513320577011346,1,0.45454545454545453,14.187466474645426,0.053020307324746135,0.0,0,,,False
Gb571cc45d38d,CCOc1ccc(OCC)cc1,"[0, 10, 6]",166.21999999999997,2.484000000000001,18.46,0,0.0,2.4839999827104267,4.758000008644787,0.6837453348529229,1.250419389462138,4,0.4,13.674050544657211,0.18971279266789276,0.5690961395583696,0,,,False
G7d130db7593f,CC(=O)Nc1cc(C(=O)Nc2ccccc2)ccn1,"[2, 2, 10]",255.27700000000002,2.2923,71.09,2,5.0,2.290574474971207,5.354712762514397,0.8835163384904553,1.6605489435245175,3,0.07142857142857142,12.103991124606209,0.4062191272723674,1.0700305553671214,0,,,False
G0cb4617edbb9,CN1CCN(C(=O)NCCO)CC1,"[7, 4, 2]",187.24299999999997,-1.0642999999999991,55.81,2,9.0,-2.675074225511956,5.0,0.5789077221458825,1.958720519239595,2,0.875,17.577448209253614,0.11006509349996718,1.0238395000549567,0,,,False
G457ff6e89608,CNC(=O)c1cc(C(=O)Nc2ccccc2)ccn1,"[2, 2, 9]",255.27700000000002,1.6935,71.09,2,5.0,1.6917744749712071,5.5,0.8763797381306596,1.7116053537809286,3,0.07142857142857142,7.400473545305259,0.09005322826378925,1.1664108703052364e-07,0,,,False
G03522544bb08,O=C(NC1CC1)N1CCN(Cl)CC1,"[7, 3, 1]",203.67299999999997,0.6297999999999999,35.58,1,9.0,-0.9809742255119569,5.112333333333333,0.6349984732454824,2.502928211547289,1,0.875,14.171994119352096,0.09751479235017103,0.7949278678996357,0,,,False
G6c1443c8d080,CCOc1ccc(NC(C)=O)cc1,"[0, 10, 10]",179.219,2.0437,38.33,1,0.0,2.0436999827104256,5.7279833419781205,0.7706788668096719,1.313193596162673,3,0.3,11.914973175828226,0.08436384520040845,0.0032562187737717203,0,,,False
G9ce534840e8a,O=C(Nc1ccnc(N2CCOCC2)c1)C1CC1,"[2, 7, 14]",247.29799999999992,1.2666999999999997,54.46000000000001,1,9.0,-0.3440742255119571,5.333333333333333,0.8735278448977346,2.007156254394282,3,0.5384615384615384,11.984261013335093,0.14320677212115,0.9997039273785301,0,,,False
Gc3fa0b537b3b,COc1ncc(-c2ccncc2)cn1,"[3, 9, 13]",187.20200000000003,1.5471999999999997,47.900000000000006,0,5.0,1.5454744749712068,6.0,0.715185460237745,2.112177020964184,2,0.1,13.175690345528679,0.032685760680677675,0.9996181565070651,0,,,False
G0a7feb5b97f5,CCc1ccc(NC(=O)C2CC2)cc1,"[0, 7, 3]",189.25799999999995,2.597500000000001,29.1,1,0.0,2.597499982710427,4.98958334197812,0.7776064073316993,1.3909492247453947,3,0.4166666666666667,14.15891373524657,0.14565529891493392,0.057667708651998294,0,,,False
G1717dd4959e4,CC(=O)Nc1ccnc(C(F)(F)F)c1,"[2, 5, 15]",204.15099999999995,2.0588,41.99,1,5.0,2.0570744749712073,5.804796095847729,0.7602066168749652,2.105157924569477,1,0.25,12.082443783620352,0.06275967458206845,0.9270352863320006,0,,,False
G561d73eab44f,O=C(NCCO)c1cccc(-c2ccncc2)c1,"[1, 4, 13]",242.278,1.4707,62.22,2,5.0,1.468974474971207,5.5,0.853070022541828,1.7499639467019747,4,0.14285714285714285,14.489556703148827,0.3637147660270001,1.20862302142443,0,,,False
Gf9e510294ac2,O=C(NCCO)c1ncc(-c2ccncc2)cn1,"[3, 4, 13]",244.254,0.26069999999999993,88.0,2,5.0,0.2589744749712071,5.5,0.8050863764567017,2.280950633092507,4,0.16666666666666666,7.127112995114469,0.7616604410592519,0.6210308320656159,0,,,False
G0962b409cc2a,NC(=O)c1cccc(-c2ccccc2)c1,"[1, 14, 8]",197.23699999999997,2.4524999999999997,43.09,1,0.0,2.4524999827104255,5.607083341978121,0.7890687326247524,1.3453492189828076,2,0.0,15.687939378975937,0.1109245138315619,0.9119669299919781,0,,,False
Gba371ed44714,CCOc1cnc(C(=O)NC)nc1,"[3, 0, 6]",181.19499999999996,0.23489999999999966,64.11,1,5.0,0.23317447497120686,5.833333333333333,0.7248082055613005,2.35018590385498,3,0.375,13.667164245797366,0.17416171052303037,1.1803485566974967,0,,,False
G153d12c24d2a,CC(=O)NCCc1cc(N2CCOCC2)cs1,"[4, 16, 14]",254.35499999999993,1.2632999999999999,41.57000000000001,1,9.0,-0.34747422551195695,5.333333333333333,0.8793688589211364,2.4109598314480927,4,0.5833333333333334,11.953354075251834,0.3732060245450785,0.9934466657888004,0,,,False
G4ec5cf324580,O=C(NC1CC1)c1ncc(Cl)cn1,"[3, 3, 1]",197.62499999999997,1.0221999999999998,54.88,1,5.0,1.020474474971207,5.833333333333333,0.7704656515555164,2.309805134624211,2,0.375,12.435031912445153,0.15316882459777556,0.0010897888798374895,0,,,False
G36bc958db7af,CC(=O)NN1CCN(NC(=O)c2ccncc2)CC1,"[7, 6, 10]",263.30100000000004,-0.6048999999999989,77.57,2,9.0,-2.2156742255119557,5.0,0.7608782021823097,2.532584840960416,3,0.4166666666666667,14.55370483580704,0.08024631223972194,1.8788709801622754,0,,,False
Gc132c019fa8f,CCNC(=O)c1ncc(C(F)(F)F)cn1,"[3, 1, 15]",219.16599999999994,1.2451,54.88,1,5.0,1.2433744749712072,5.833333333333333,0.8137719967919524,2.4026808111116083,2,0.375,15.616702629349899,0.16538500505398498,0.9848191174656978,0,,,False
G15846fe597f6,CCc1cccc(C(=O)NC)c1,"[1, 0, 3]",163.21999999999997,1.6086,29.1,1,0.0,1.6085999827104256,5.288333333333333,0.7046971118168425,1.487956946023223,2,0.3,19.71033662975253,0.20337505251884183,0.8356742002345066,0,,,False
G6f7f0c1fe095,O=C(NC1CC1)N1CCN(N2CCOCC2)CC1,"[7, 3, 14]",254.33399999999992,-0.27679999999999905,48.05,1,9.0,-1.8875742255119559,5.333333333333333,0.7363665908205981,2.520116313565879,2,0.9166666666666666,9.863667825013334,0.32241700064515055,0.00011243862831500113,0,,,False
G967a97812c43,OCc1csc(-c2ccccc2)c1,"[4, 14, 7]",190.267,2.907400000000002,20.23,1,0.0,2.907399982710428,4.3911333419781196,0.7716126523826171,1.936662017215303,2,0.09090909090909091,13.157298967308913,0.13406415742505245,0.9912916784507052,0,,,False
G794e7bd6793d,CNS(=O)(=O)c1ccnc(CO)c1,"[2, 15, 7]",202.23499999999999,-0.5180000000000002,79.29,2,5.0,-0.519725525028793,5.5,0.6910279203304193,2.3299553544044294,3,0.2857142857142857,15.012184411478668,0.2850701019501099,1.8107369630490948,0,,,False
Gf1183a8704df,O=C(Nc1ccccc1)N1CCN(Cl)CC1,"[7, 2, 1]",239.70600000000002,1.9898999999999998,35.58,1,9.0,0.37912577448804297,5.112333333333333,0.7611860780945842,2.0421849301978305,1,0.36363636363636365,13.88613387389245,0.15003043921252218,2.4403359338366707e-06,0,,,False
Gadec165373f1,CCc1coc(NC(=O)CO)c1,"[5, 19, 3]",169.17999999999998,0.7728000000000002,62.47,2,0.0,0.7727999827104258,5.5,0.702155722923328,2.9985597432260196,3,0.375,15.567560397387178,0.07253413480438721,0.9992066430388543,0,,,False
G66f510dd82d9,CNS(=O)(=O)c1cc(C#N)co1,"[5, 15, 4]",186.192,0.059380000000000044,83.1,1,0.0,0.059379982710425695,5.833333333333333,0.7074061875472236,3.106354542177069,2,0.16666666666666666,14.304729749867903,0.09950535106803342,0.9756888755721981,0,,,False
G406d827400ae,O=C(Nc1ccccc1)c1ccc(CO)cc1,"[0, 2, 7]",227.263,2.431200000000001,49.33,2,0.0,2.4311999827104267,5.284400008644787,0.8456405495345317,1.3072574766600233,3,0.07142857142857142,16.779505500669117,0.17317210410599804,0.9620077693173136,0,,,False
G8de4dee56602,OCN1CCN(C(F)(F)F)CC1,"[7, 8, 15]",184.16099999999997,0.07360000000000005,26.71,1,9.0,-1.5371742255119567,4.668833333333334,0.5842211973882213,2.8097309844847604,1,1.0,16.15772499380097,0.13180367464687218,2.8047323644653326e-09,0,,,False
G62ef1fe428bf,OCc1coc(N2CCCCC2)c1,"[5, 12, 7]",181.23499999999999,1.7622,36.61,1,9.0,0.15142577448804317,5.163833333333334,0.7549244724195907,2.6942178876606473,2,0.6,16.13269413434437,0.06806080926064323,0.9870668025709779,0,,,False
G3167849f6eed,CCOc1cccc(C2CC2)c1,"[1, 10, 11]",162.23199999999997,2.9627000000000017,9.23,0,0.0,2.9626999827104274,4.518650008644786,0.6635697767752864,1.556610792177068,3,0.45454545454545453,15.136277928494351,0.19946127128111135,0.5571142351277782,0,,,False
Gc3d2d781ef1a,c1ccc(N2CCN(C3CC3)CC2)cc1,"[7, 14, 11]",202.301,1.971,6.48,0,9.0,0.36022577448804327,4.5,0.7231955701106831,1.6027331188039167,2,0.5384615384615384,13.212457968467486,0.1911529127823385,0.9981343385349983,0,,,False
G1321640ab054,O=C(c1ccc(CO)cc1)N1CCOCC1,"[0, 17, 7]",221.25599999999994,0.6513000000000002,49.77,1,0.0,0.6512999827104259,5.833333333333333,0.7974316302939674,1.666024060632612,2,0.4166666666666667,12.737420658499184,0.06928193117003242,1.903823100048732,0,,,False
G99ca013854da,c1cc(N2CCCCC2)cc(N2CCOCC2)n1,"[2, 12, 14]",247.3419999999999,1.9084999999999999,28.600000000000005,0,9.0,0.29772577448804305,4.930000000000001,0.7979328732170045,2.042035938812427,2,0.6428571428571429,12.677675661099574,0.18510579255093734,3.4299214219774136e-15,0,,,False
G2c509334efec,CC(=O)NCCc1cccc(-c2ccncc2)c1,"[1, 16, 13]",240.306,2.4272,41.99,1,5.0,2.425474474971207,5.62059609584773,0.8914158204003845,1.762662467412035,4,0.2,10.266677562472138,0.11698697382743924,9.038239013643497e-09,0,,,False
G095f58713c7c,CCNC(=O)c1cc(N2CCOCC2)co1,"[5, 1, 14]",224.25999999999993,0.8659000000000001,54.71000000000001,1,9.0,-0.7448742255119567,5.333333333333333,0.8272137429413468,2.545065197756358,3,0.5454545454545454,6.746544208142758,0.05925288340918329,1.3058365367961032e-05,0,,,False
Gead33f1a8b9c,CC(=O)Nc1coc(C(=O)NC2CCCC2)c1,"[5, 18, 10]",236.27099999999993,1.9103999999999999,71.34,2,0.0,1.9103999827104254,5.5,0.8416592600785915,2.4126002356867104,3,0.5,13.11206388155943,0.1338562698058223,1.7361377514406753,0,,,False
Gfa991c50c5b6,O=C(NC1CCCC1)c1cccc(-c2ccccc2)c1,"[1, 18, 12]",265.35599999999994,4.0260000000000025,29.1,1,0.0,4.025999982710428,3.7753333333333323,0.8917000371495367,1.5271129270733148,3,0.2777777777777778,14.556659004637734,0.16070196753958785,0.9907229299069458,0,,,False
Gb83fac3ccd4e,COc1ncc(C(F)(F)F)cn1,"[3, 9, 15]",178.11299999999997,1.504,35.010000000000005,0,5.0,1.5022744749712071,5.750500000000001,0.653188550756826,2.3244838691001455,1,0.3333333333333333,14.69037847110765,0.17846198390959397,0.041225312943066285,0,,,False
G8ff97029da42,COc1coc(NC(C)=O)c1,"[5, 5, 5]",155.153,1.2466,51.47,1,0.0,1.2465999827104255,5.833333333333333,0.6986970372859969,2.888795720912613,2,0.2857142857142857,15.203075666444313,0.12632719208919924,0.7455489043469775,0,,,False
G4b0ad4b5c462,CNC(=O)N1CCN(c2ccncc2)CC1,"[7, 13, 9]",220.27599999999998,0.5429999999999999,48.47,1,9.0,-1.0677742255119569,5.333333333333333,0.75129865744862,2.008141451936961,1,0.45454545454545453,12.248695736424565,0.07260555805836247,0.985294264903994,0,,,False
Ga3c85733564b,CNC(=O)C1CCN(F)CC1,"[6, 0, 0]",160.19199999999998,0.3289,32.34,1,9.0,-1.2818742255119568,4.950333333333334,0.5604874879454432,2.8658572593741525,1,0.8571428571428571,14.229809453855385,0.1985592189995277,3.6806123736744064e-09,0,,,False
G0778964577b8,COc1cccc(C(=O)NC2CC2)c1,"[1, 3, 5]",191.22999999999996,1.5873999999999997,38.33,1,0.0,1.5873999827104253,5.749833333333333,0.787440637708078,1.4282628342128483,3,0.36363636363636365,13.712441394214014,0.2802066909186246,0.8863128761271,0,,,False
G451671595601,c1ccc(-c2coc(N3CCOCC3)c2)cc1,"[5, 11, 12]",229.279,2.783200000000001,25.610000000000003,0,9.0,1.172425774488044,4.7805,0.7914857879267615,2.2860231429265294,2,0.2857142857142857,11.890453202017223,0.046195812497457224,0.8771470939461987,0,,,False
Gdc3b28ba0916,NC(=O)c1csc(NC(=O)CO)c1,"[4, 19, 8]",200.21899999999997,-0.22219999999999984,92.42,3,0.0,-0.2222000172895742,5.086,0.6292750665657518,2.6954344752835517,3,0.14285714285714285,13.118772936130496,0.15859389944712377,0.929507732818919,0,,,False
G314e2b7fee9e,CCOc1cc(N2CCOCC2)cs1,"[4, 10, 14]",213.30199999999994,1.9834,21.700000000000003,0,9.0,0.37262577448804324,4.585,0.7660831088866494,2.6248494412268464,3,0.6,14.144170199425709,0.11815566196451022,0.923238914658628,0,,,False
G2516d0c385d0,CCOc1ccnc(C2CC2)c1,"[2, 10, 11]",163.21999999999997,2.3577000000000004,22.12,0,5.0,2.3559744749712075,4.928012762514396,0.6820185566255037,2.0937519686476573,3,0.5,12.139241773253653,0.21923554240647514,0.9897180051937475,0,,,False
G7af35b6fa97d,CCON1CCN(C(=O)NC)CC1,"[7, 10, 9]",187.243,-0.1050999999999997,44.81,1,9.0,-1.7158742255119566,5.333333333333333,0.6560340595843961,2.6281859038549804,2,0.875,12.78021823775629,0.17805078916026856,0.9404568747627454,0,,,False
G5a03e06ff4c5,Clc1ccc(N2CCOCC2)cc1,"[0, 11, 1]",197.665,2.1765999999999996,12.47,0,9.0,0.5658257744880428,4.5,0.6844899707937704,1.5480842844217833,1,0.4,14.206156292775312,0.07344248855272252,4.042274791511681e-36,0,,,False
Gd2fa826e6f45,CCNC(=O)c1ncc(OC)cn1,"[3, 1, 5]",181.19499999999996,0.23489999999999966,64.11,1,5.0,0.23317447497120686,5.833333333333333,0.7248082055613005,2.3228243653934406,3,0.375,13.487213644493679,0.6780175424585888,1.7532806199895568,0,,,False
Ga18e0638c776,CNS(=O)(=O)c1cc(F)co1,"[5, 15, 0]",179.172,0.32680000000000003,59.31,1,0.0,0.3267999827104257,5.833333333333333,0.7111078076917863,3.157541450355584,2,0.2,18.290542098355218,0.0698681534978335,1.0036453189970076,0,,,False
Ge57b6f4f6792,CCNC(=O)N1CCN(OC)CC1,"[7, 1, 5]",187.24299999999997,-0.10509999999999975,44.81,1,9.0,-1.7158742255119566,5.333333333333333,0.656034059584396,2.3917820577011337,2,0.875,14.173475931607479,0.18708683323971156,0.313076030168589,0,,,False
G508183dc4b36,CCOc1cc(OC)ccn1,"[2, 9, 6]",153.18099999999995,1.4889,31.35,0,5.0,1.487174474971207,5.5675,0.6588328417215151,1.8935015769920192,3,0.375,16.52582650181716,0.2152180810958582,0.9863325542613981,0,,,False
G8696f79b4243,CC(=O)Nc1ccc(C(=O)NC2CCCC2)cc1,"[0, 18, 10]",246.30999999999995,2.3174,58.2,2,0.0,2.317399982710426,5.341300008644787,0.8594953340188429,1.5564190459014178,3,0.42857142857142855,11.57181844258584,0.11094046091983183,0.9829120104559067,0,,,False
G84915a61cebb,CCON1CCC(C(=O)NC2CC2)CC1,"[6, 3, 6]",212.29299999999995,0.9284999999999994,41.57000000000001,1,9.0,-0.6822742255119574,5.333333333333333,0.7534222926724037,2.4017583935291924,4,0.9090909090909091,10.756431723465536,0.22446851169014767,0.9826124374721106,0,,,False
G3b2b3f022eb8,N#Cc1cccc(C(=O)NC2CCCC2)c1,"[1, 18, 4]",214.26799999999994,2.2306800000000004,52.89,1,0.0,2.2306799827104262,5.71799334197812,0.8203183509642634,1.7559457997630492,2,0.38461538461538464,12.888059399427457,0.08455198695765079,6.279590729169679e-11,0,,,False
G91bb62c566b6,CCNC(=O)c1cc(CC)cs1,"[4, 1, 3]",183.27599999999995,2.0602,29.1,1,0.0,2.060199982710426,5.25823334197812,0.7632245064321674,2.1773947082609837,3,0.4444444444444444,15.18050957796326,0.1447978359593425,1.9881162989994143e-06,0,,,False
Ge95c0216a539,O=C(NC1CC1)N1CCN(c2ccccc2)CC1,"[7, 3, 12]",245.326,1.6805999999999996,35.58,1,9.0,0.06982577448804284,5.112333333333333,0.8601835070195444,1.6818035916723897,2,0.5,13.802198178077342,0.07831063668457078,1.4520327585724003e-08,0,,,False
G316c74e63cad,O=C(NCCO)c1ccc(F)cc1,"[0, 4, 0]",183.18199999999996,0.5478000000000001,49.33,2,0.0,0.5477999827104257,5.5,0.7184446936900459,1.4535820577011336,3,0.2222222222222222,12.767825560628586,0.03558066935719064,1.9581144704286415,0,,,False
G79c594681ebb,O=C(Nc1ccccc1)c1cc(-c2ccccc2)cs1,"[4, 2, 12]",279.36400000000003,4.667400000000002,29.1,1,0.0,4.667399982710428,3.4546333333333323,0.741474442293237,1.6628685985205127,3,0.0,15.431084774974233,0.17021038179615752,0.8048938981101126,0,,,False
G43f4d966db63,COc1cccc(NC(C)=O)c1,"[1, 9, 10]",165.19199999999998,1.6535999999999995,38.33,1,0.0,1.653599982710425,5.749833333333333,0.7232129256008615,1.322482820149098,2,0.2222222222222222,15.272922824248514,0.05771344705796332,0.9767284019050329,0,,,False
G710e35e0c5e4,NC(=O)c1csc(C(=O)NC2CCCC2)c1,"[4, 18, 8]",238.31199999999993,1.5194,72.19,2,0.0,1.5193999827104256,5.5,0.8376070288652679,2.194723859963716,3,0.45454545454545453,11.535144003623738,0.16521678779547957,0.008690171746111641,0,,,False
G0709eba12974,O=C(Nc1cc(F)cs1)c1ccncc1,"[4, 6, 0]",222.244,2.5345000000000004,41.99,1,5.0,2.5327744749712076,5.5669460958477295,0.8479227030162717,2.434291258338801,2,0.0,11.464205843161244,0.27203204760271227,0.0014742396277141476,0,,,False
G8d4826f890ae,CCc1ccc(C(=O)NC2CC2)cc1,"[0, 3, 3]",189.25799999999995,2.1412000000000004,29.1,1,0.0,2.141199982710426,5.21773334197812,0.7751114651069231,1.4182119466388858,3,0.4166666666666667,17.100168750986104,0.10650037916381709,1.0985820373469233e-05,0,,,False
G4f1072de8eee,COc1cnc(C(=O)N2CCOCC2)nc1,"[3, 17, 5]",223.23199999999994,-0.04239999999999999,64.55000000000001,0,5.0,-0.0441255250287928,6.0,0.7034094881969385,2.308539779696158,2,0.5,13.90313743056933,0.1487139309594676,0.9558162520475861,0,,,False
G105192a37a41,CC(=O)Nc1cc(C(N)=O)co1,"[5, 5, 8]",168.152,0.33690000000000014,85.33,2,0.0,0.3368999827104258,5.5,0.6670413647144223,2.854804542177069,2,0.14285714285714285,12.755678022819957,0.2002637700585265,0.05572340021514743,0,,,False
Gcae281e8c3d1,CC(=O)NN1CCC(NC(=O)c2ccncc2)CC1,"[6, 6, 10]",262.31300000000005,0.3268999999999998,74.33000000000001,2,9.0,-1.283874225511957,5.0,0.8228101123373601,2.3061027896783646,3,0.46153846153846156,12.353900167269007,0.2337805306356388,0.46520170676388306,1,,,False
G732f2f698d1f,CCOc1coc(C(=O)NC2CC2)c1,"[5, 3, 6]",195.21799999999993,1.5705,51.47,1,0.0,1.5704999827104256,5.833333333333333,0.7929254417908661,2.457326739538292,4,0.5,11.930002380181145,0.13703667340494466,0.00530111338492063,0,,,False
G12a7c93ada8b,Clc1coc(N2CCOCC2)c1,"[5, 11, 1]",187.62599999999998,1.7695999999999998,25.610000000000003,0,9.0,0.15882577448804303,4.7805,0.6703306831010958,2.824623759210036,1,0.5,18.066616390294193,0.09584848972807038,0.9998600978820694,0,,,False
G70c07e8a3619,c1ccc(-c2ccc(-c3ccncc3)cc2)cc1,"[0, 13, 12]",231.298,4.415600000000003,12.89,0,5.0,4.413874474971211,3.2921999999999985,0.6360270902193325,1.3513322987426228,2,0.0,12.525922088638415,0.1785005202742632,2.0440124426425307e-43,0,,,False
G46ce17a01e25,CCOC1CCN(c2ccccc2)CC1,"[6, 10, 12]",205.30100000000002,2.6919000000000013,12.47,0,9.0,1.0811257744880445,4.5,0.7519436928420612,1.7286103915311877,3,0.5384615384615384,14.771226420827507,0.13378534208884607,0.9804672580884501,0,,,False
Gc3d1705ebb69,CNC(=O)c1cc(C2CC2)co1,"[5, 0, 11]",165.19199999999998,1.5166,42.24,1,0.0,1.5165999827104255,5.833333333333333,0.7214144143226008,2.731538764205041,2,0.4444444444444444,15.031215411145885,0.03204813237142925,2.0137024416235916e-15,0,,,False
G3b701b745cde,CC(=O)Nc1ccc(C(=O)NC2CC2)cc1,"[0, 3, 10]",218.25599999999997,1.5372,58.2,2,0.0,1.5371999827104255,5.5,0.808034292072554,1.4743488249986818,3,0.3333333333333333,11.134680520456019,0.10172986512423954,1.0082520734219451,0,,,False
Gbf0ea6adc4ec,COc1cc(NC(C)=O)co1,"[5, 9, 10]",155.153,1.2465999999999997,51.47,1,0.0,1.2465999827104253,5.833333333333333,0.6986970372859969,2.909984951681844,2,0.2857142857142857,17.585013999068174,0.06125676634881532,1.6089404590643925,0,,,False
G7db62be8e9ea,c1cc(-c2cc(N3CCOCC3)co2)ccn1,"[5, 13, 14]",230.26699999999994,2.1781999999999995,38.5,0,9.0,0.5674257744880427,5.425,0.7922279340815407,2.4640032334242683,2,0.3076923076923077,9.959248357109505,0.08643355531538813,3.1456193504271063e-14,0,,,False
G1f00e69c1806,O=C(CO)Nc1ccnc(Cl)c1,"[2, 19, 1]",186.59799999999998,0.6658,62.22,2,5.0,0.6640744749712072,5.5,0.6676340698375971,2.1262478551141317,2,0.14285714285714285,14.5951175902718,0.11447874574950635,0.9651708797570064,0,,,False
G349bc24ae8d8,c1cc(-c2cnc(N3CCOCC3)nc2)ccn1,"[3, 11, 13]",242.282,1.3752,51.14,0,9.0,-0.23557422551195684,5.5,0.7958571379694614,2.1168846567611457,2,0.3076923076923077,11.954347935596486,0.07848253888834786,0.9750110594483126,0,,,False
G256009345f1e,O=C(Nc1ccccc1)c1ccnc(-c2ccncc2)c1,"[2, 2, 13]",275.31100000000004,3.395900000000001,54.88,1,5.0,3.394174474971208,4.938296095847729,0.7967084930001207,1.7325741415239797,3,0.0,9.81595807627209,0.25062180356413744,0.8431491137298689,0,,,False
G7b4aec21f955,COc1cc(-c2ccccc2)co1,"[5, 9, 12]",174.199,2.9552000000000014,22.37,0,0.0,2.955199982710427,4.6409000086447865,0.6979356383264002,2.2424251751100392,2,0.09090909090909091,11.637947308387634,0.0735659562906855,7.1685768063577105e-28,0,,,False
G44fe832ed0f8,CNC(=O)N1CCC(C(=O)NC2CC2)CC1,"[6, 3, 9]",225.29199999999997,0.31639999999999985,61.440000000000005,2,0.0,0.3163999827104255,5.5,0.710529244677336,2.0044488249986827,2,0.8181818181818182,9.062296524083555,0.12924712245473383,0.0006823080061806409,0,,,False
G22fee0644427,CN1CCC(C(=O)NC2CCCC2)CC1,"[6, 18, 2]",210.32099999999994,1.3869999999999993,32.34,1,9.0,-0.22377422551195747,4.950333333333334,0.7466871787098281,1.8422876805212685,2,0.9166666666666666,10.253677715086418,0.17307313903813218,2.2629579431956503e-05,1,,,False
G6c00db138d2e,c1cc(N2CCC(N3CCCCC3)CC2)ccn1,"[6, 12, 13]",245.37,2.5363000000000007,19.37,0,9.0,0.9255257744880439,4.5,0.797945542835031,2.018907733684223,2,0.6666666666666666,10.17878396704294,0.39999907892667896,7.347335992701121e-14,0,,,False
G2e70d0daca8e,NC(=O)c1csc(N2CCOCC2)c1,"[4, 11, 8]",212.27399999999997,0.6836000000000001,55.56,1,9.0,-0.9271742255119567,5.333333333333333,0.7841235368159374,2.6514036626152144,2,0.4444444444444444,11.125557191453202,0.03788126548112144,0.7840386193568741,0,,,False
G454f7861a41c,Cc1cnc(-c2ccncc2)nc1,"[3, 13, 2]",171.20299999999997,1.8470199999999999,38.67,0,5.0,1.845294474971207,5.9335,0.6568044358398074,2.007226389684938,1,0.1,11.694905362042272,0.19172418279926767,5.546228284648068e-31,0,,,False
Gb9c246cde961,FN1CCC(N2CCCCC2)CC1,"[6, 12, 0]",186.27399999999997,1.8212000000000002,6.48,0,9.0,0.21042577448804334,4.5,0.5763217569331637,2.7095688998063974,1,1.0,14.984043312630156,0.2214792389185381,1.0254331297163101e-32,0,,,False
Ge0cf7b232e44,COc1cccc(-c2ccccc2)c1,"[1, 9, 12]",184.23800000000003,3.3622000000000014,9.23,0,0.0,3.362199982710427,4.137800008644786,0.6949649441287624,1.1812325556733771,2,0.07692307692307693,15.37566601035257,0.04273658790715113,2.8046070628514275e-11,0,,,False
G880e2c403efa,CNC(=O)c1ccnc(C(N)=O)c1,"[2, 0, 8]",179.17899999999997,-0.45990000000000014,85.08,2,5.0,-0.46162552502879295,5.5,0.6437705795959874,2.019136892865969,2,0.125,14.26168991202696,0.24175249438900676,0.8452749463310623,0,,,False
Gf06e4777960b,NC(=O)c1cnc(-c2ccncc2)nc1,"[3, 13, 8]",200.20099999999996,0.6375,81.76,1,5.0,0.6357744749712072,5.833333333333333,0.7706221215488437,2.0822640669255623,2,0.0,12.514778327310543,0.14518909062266833,0.8723497910153529,0,,,False
Gf670f0f86eda,CON1CCC(N2CCCCC2)CC1,"[6, 12, 5]",198.30999999999997,1.4981000000000002,15.71,0,9.0,-0.1126742255119566,4.5,0.6685004328482546,2.370174769557053,2,1.0,7.390458260418654,0.9650815026701804,0.9982922802668619,0,,,False
G2d4552793121,c1cc(-c2ccnc(-c3ccncc3)c2)ccn1,"[2, 13, 13]",233.274,3.2056000000000004,38.67,0,5.0,3.2038744749712076,5.228762762514396,0.6818492617177718,1.951689784966275,2,0.0,17.28975982464748,0.16203604066731148,1.8830299509806567,0,,,False
Ge5c92f364237,CCNC(=O)c1ncc(C)cn1,"[3, 1, 2]",165.19599999999997,0.5347199999999999,54.88,1,5.0,0.5329944749712071,5.833333333333333,0.6952451476987049,2.31980869427497,2,0.375,16.335869111223445,0.25248900420572196,0.6819367517714287,0,,,False
Gdfb633cff815,NC(=O)c1coc(C(=O)Nc2ccccc2)c1,"[5, 2, 8]",230.223,1.6307999999999998,85.33,2,0.0,1.6307999827104254,5.5,0.8397771445104115,2.0289694664559406,3,0.0,9.703385002895097,0.08351820926106987,1.013338060993408,0,,,False
G5f25842531b9,O=C(NCCO)N1CCN(c2ccccc2)CC1,"[7, 4, 12]",249.314,0.5105000000000001,55.81,2,9.0,-1.1002742255119569,5.0,0.8204451770006649,1.7430009289504937,3,0.46153846153846156,11.934184089545052,0.13712900151850954,0.8693179553970984,0,,,False
G30f81e6de7e1,O=C(NC1CCCC1)c1ncc(-c2ccncc2)cn1,"[3, 18, 13]",268.31999999999994,2.2109999999999994,67.77000000000001,1,5.0,2.2092744749712065,5.72869609584773,0.9263436240420934,2.22824460895076,3,0.3333333333333333,10.619261581863633,0.14241089121341197,0.9349095735708529,0,,,False
G582de0ec5be3,O=C(Nc1ccnc(Cl)c1)C1CC1,"[2, 7, 1]",196.63699999999997,2.0835,41.99,1,5.0,2.081774474971207,5.79244609584773,0.7363755541062639,1.8902012884703652,2,0.3333333333333333,10.286330430471903,0.16841120265018536,0.001589837284191447,0,,,False
Gaa47e0d67cde,CNS(=O)(=O)N1CCN(c2ccncc2)CC1,"[7, 15, 13]",256.331,-0.3321999999999994,65.54,1,9.0,-1.9429742255119562,5.333333333333333,0.8038781139430452,2.250259851071325,3,0.5,14.368272162816474,0.09051610074773031,1.922925439764067,0,,,False
G551b78890df1,CC(=O)NCCN1CCN(C(F)(F)F)CC1,"[7, 16, 15]",239.24099999999996,0.2598999999999994,35.58,1,9.0,-1.3508742255119575,5.112333333333333,0.7175632187160261,2.386955630983394,3,0.8888888888888888,13.65197205411134,0.14987538011684656,0.5789036196263027,0,,,False
G54d42989f751,Clc1cccc(N2CCCCC2)c1,"[1, 12, 1]",195.69299999999998,3.330300000000002,3.24,0,9.0,1.7195257744880452,4.334849999999999,0.6646879287576738,1.5154656609400003,1,0.45454545454545453,14.775320673143325,0.11628388719254784,0.0,0,,,False
Ge401f812c58d,O=C(CO)Nc1ncc(C(F)(F)F)cn1,"[3, 19, 15]",221.13799999999995,0.42619999999999997,75.11,2,5.0,0.42447447497120716,5.5,0.7586949440915023,2.3949858111116082,2,0.2857142857142857,18.312411833917224,0.12382191528275595,1.6951253798010086,0,,,False
G1e7fa85609f3,CCOc1csc(C(=O)NC)c1,"[4, 0, 6]",185.24799999999996,1.5064000000000002,38.33,1,0.0,1.5063999827104257,5.749833333333333,0.7747212945153169,2.2965261767924527,3,0.375,16.826975838927883,0.08573901877362766,0.9466878828336736,0,,,False
G92de88ccd017,COc1cc(N2CCOCC2)co1,"[5, 9, 14]",183.20699999999997,1.1247999999999998,34.84,0,9.0,-0.485974225511957,5.242,0.6879429288932406,2.8299393451505264,2,0.5555555555555556,11.70460542353809,0.09074442675617364,9.008625891690801e-07,0,,,False
Gd574751ac33b,CCOC1CCN(C(N)=O)CC1,"[6, 10, 8]",172.22799999999998,0.5660000000000002,55.56,1,0.0,0.5659999827104258,5.833333333333333,0.6615360855284566,2.1817247781910556,2,0.875,13.450584783160618,0.13334101594033387,0.7584709369879384,0,,,False
G369d029cd9d2,c1ccc(-c2ncc(N3CCOCC3)cn2)cc1,"[3, 14, 14]",241.29399999999995,1.9801999999999995,38.25,0,9.0,0.3694257744880427,5.4125,0.8055085426890174,1.9307590157355037,2,0.2857142857142857,9.939603812429242,0.1392532004172659,0.048539278141080354,0,,,False
G8b145a5b3771,CCc1cc(N2CCCCC2)ccn1,"[2, 12, 3]",190.28999999999994,2.6343000000000014,16.130000000000003,0,9.0,1.0235257744880446,4.5,0.7123747589008079,1.9397147320336021,2,0.5833333333333334,15.486657168042573,0.09658631655789009,0.936136963214142,0,,,False
Gff1928105a8e,CCOc1ccnc(N2CCOCC2)c1,"[2, 10, 14]",208.2609999999999,1.3169,34.59,0,9.0,-0.29387422551195685,5.2295,0.7499594341678042,1.9892799719507703,3,0.5454545454545454,15.985833876713091,0.2500754675772167,0.9698862274119259,0,,,False
G44b3b8cab118,O=C(Nc1cccc(-c2ccccc2)c1)c1ccncc1,"[1, 6, 12]",274.32300000000004,4.000900000000002,41.99,1,5.0,3.9991744749712095,4.333296095847728,0.783969990233976,1.5442619827150477,3,0.0,8.241764907047084,0.08459292536686029,0.9702896932784657,0,,,False
G56754662c759,O=C(Nc1ccccc1)c1cc(C2CC2)co1,"[5, 2, 11]",227.263,3.4093000000000018,42.24,1,0.0,3.4092999827104276,4.924033341978118,0.8725974566964445,2.1043749020917346,3,0.21428571428571427,8.90539118504544,0.13487147377586534,0.8874142084822939,0,,,False
G7a9833330d0c,CCON1CCN(Cl)CC1,"[7, 10, 1]",164.636,0.7092999999999998,15.71,0,9.0,-0.901474225511957,4.5,0.559533246752306,3.4222545315106787,2,1.0,10.630050099674207,0.061765751621448095,2.2056813773917425e-07,0,,,False
Gf44d85182659,CC(=O)Nc1cnc(N2CCCCC2)nc1,"[3, 12, 10]",220.27599999999998,1.4252999999999998,58.120000000000005,1,9.0,-0.18547422551195702,5.333333333333333,0.8186506534910398,2.0158531576225798,2,0.5454545454545454,12.502163747505833,0.47276385954166344,0.9804398185914334,0,,,False
Gd9780db118d3,CCOc1ncc(-c2ccccc2)cn1,"[3, 10, 12]",200.241,2.542300000000001,35.010000000000005,0,5.0,2.540574474971208,5.480212762514396,0.7632667757769466,1.8248317202025177,3,0.16666666666666666,12.354466507350462,0.09376476019338265,6.764733082544051e-07,0,,,False
Ga1b5abda2065,O=C(Nc1ncc(N2CCOCC2)cn1)c1ccncc1,"[3, 6, 14]",285.3070000000001,0.9604999999999997,80.24000000000001,1,9.0,-0.6502742255119571,5.333333333333333,0.9044718947854001,2.2088148363130635,3,0.2857142857142857,11.328413653655227,0.10379255651695199,0.9710850368409211,0,,,False
G806a5a36c1f6,CCOc1coc(C(=O)Nc2ccccc2)c1,"[5, 2, 6]",231.251,2.930600000000001,51.47,1,0.0,2.9305999827104268,5.36803334197812,0.879670080780421,2.0447460166914198,4,0.15384615384615385,15.995310060732038,0.12882673405900033,0.1291896661216801,0,,,False
Gc70e01cede2b,COc1cc(C(N)=O)cs1,"[4, 9, 8]",157.194,0.8556000000000001,52.32,1,0.0,0.8555999827104258,5.833333333333333,0.6916673271868079,2.7547257769319238,2,0.16666666666666666,12.715722960525307,0.7185909351471431,0.8827913002194557,0,,,False
Ge06c5c1d33b0,CN1CCN(N2CCCCC2)CC1,"[7, 12, 2]",183.29899999999998,0.6346999999999998,9.72,0,9.0,-0.976074225511957,4.5,0.5903434292213938,2.4644956204541693,1,1.0,14.903710206977827,0.15255187919452706,4.628594323784511e-73,0,,,False
Gbfaee7904a50,FC(F)(F)N1CCC(c2ccncc2)CC1,"[6, 13, 15]",230.23299999999995,2.780800000000001,16.130000000000003,0,9.0,1.1700257744880442,4.5,0.6895051252800507,2.4971515522714096,1,0.5454545454545454,13.402943369965957,0.16493255735509255,0.00438605504583686,0,,,False
G6901805c3e87,CCON1CCN(OC)CC1,"[7, 10, 5]",160.21699999999998,0.11689999999999978,24.94,0,9.0,-1.493874225511957,4.747,0.5850712943513686,3.141321428108644,3,1.0,14.688531937982233,0.23904423207256106,0.6873126153545871,0,,,False
G6463f961673a,CON1CCN(C(=O)NC2CC2)CC1,"[7, 3, 5]",199.25399999999996,0.0374000000000001,44.81,1,9.0,-1.5733742255119567,5.333333333333333,0.6825386795678801,2.362445082733558,2,0.8888888888888888,13.904309895468176,0.05510728608293034,0.9360063769318883,0,,,False
G30855559ee69,CON1CCN(c2ccncc2)CC1,"[7, 9, 13]",193.25000000000003,0.7649999999999995,28.6,0,9.0,-0.8457742255119574,4.93,0.6932019686700652,2.296114732033601,2,0.5,14.383622880155142,0.07953980042081799,0.9210199996377905,0,,,False
G140c1d9e5dc4,CC(=O)NCCc1cccc(CO)c1,"[1, 16, 7]",193.24599999999998,0.8574999999999999,49.33,2,0.0,0.8574999827104256,5.5,0.7446801584259131,1.7124320649820781,4,0.36363636363636365,16.906193216470008,0.2561130510826336,0.6325389767919624,0,,,False
G6b47eb9a94af,O=C(Nc1ccccc1)c1ccnc(-c2ccccc2)c1,"[2, 2, 12]",274.32300000000004,4.000900000000002,41.99,1,5.0,3.9991744749712095,4.333296095847728,0.783969990233976,1.5171034219210036,3,0.0,11.073421316462303,0.19872514847969772,0.9997448097246991,0,,,False
G56fab3419cc2,COc1cnc(NC(=O)c2ccncc2)nc1,"[3, 6, 5]",230.227,1.1325,77.00000000000001,1,5.0,1.1307744749712072,5.833333333333333,0.8548372360861619,2.055611008842126,3,0.09090909090909091,11.950671163816391,0.25186124529324694,0.9991460531045898,0,,,False
G38ac11f68c2d,O=C(Nc1ccccc1)c1cc(F)cs1,"[4, 2, 0]",221.256,3.139500000000001,29.1,1,0.0,3.1394999827104266,4.648833341978119,0.8288703492137504,1.9440343710400523,2,0.0,13.959530543757154,0.26875684244835263,0.8427892544595759,0,,,False
Gbc8ad8ee565e,CNS(=O)(=O)N1CCN(C#N)CC1,"[7, 15, 4]",204.255,-1.4507199999999985,76.44,1,9.0,-3.0614942255119555,5.333333333333333,0.5582211784084073,3.085041508250584,2,0.8333333333333334,12.971860294748987,0.1411377278044911,0.011154610702231053,0,,,False
G6ddbdaf3e18f,NC(=O)N1CCC(CO)CC1,"[6, 8, 8]",158.201,-0.23060000000000003,66.56,2,0.0,-0.23060001728957438,5.5,0.5532114732338121,2.129403413220306,1,0.8571428571428571,15.039054361171605,0.32139195456021813,0.15730851776067295,0,,,False
G075c8ad2c311,CNC(=O)c1cnc(C(=O)NC2CC2)nc1,"[3, 3, 9]",220.23199999999997,-0.2716000000000003,83.98,2,5.0,-0.2733255250287931,5.5,0.7339417807050349,2.280396377446234,3,0.4,17.029923584867454,0.2156217295242807,1.1835732910072874,0,,,False
Ga61be4dbc571,CNC(=O)c1cnc(N2CCOCC2)nc1,"[3, 11, 9]",222.248,-0.3272000000000004,67.35,1,9.0,-1.9379742255119572,5.333333333333333,0.7420001050014056,2.140817706117561,2,0.5,20.040726542104743,0.15735473224967766,1.925230436103494,0,,,False
Gd9500523e986,CC(=O)Nc1ccc(F)cc1,"[0, 5, 0]",153.15599999999998,1.7841,29.1,1,0.0,1.7840999827104256,5.288333333333333,0.6542396201198041,1.2547141824510746,1,0.125,14.47533691546431,0.18775255750412187,0.9878369269556185,0,,,False
Gbdfb30db3f93,CC(=O)NN1CCN(N2CCOCC2)CC1,"[7, 11, 10]",228.296,-1.0976999999999975,48.050000000000004,1,9.0,-2.7084742255119543,5.333333333333333,0.650122530121212,2.908737438559033,2,0.9,14.711588767753705,0.3018609959290598,1.193419123433587,0,,,False
G3583b4c52bb4,CCOc1cc(NC(=O)CO)ccn1,"[2, 19, 6]",196.20599999999996,0.4110999999999999,71.45,2,5.0,0.4093744749712071,5.5,0.7312839618270933,2.130884135987996,4,0.3333333333333333,14.229418544825332,0.43118544561460664,1.1909882366111058,0,,,False
G06185082863b,c1ccc(-c2csc(-c3ccccc3)c2)cc1,"[4, 14, 12]",236.33900000000003,5.082100000000003,0.0,0,0.0,5.082099982710429,3.0,0.5816047445925169,1.6650828714333148,2,0.0,10.21782954769636,0.3299893739900561,0.0,0,,,False
Gf3641fc7097d,CCNC(=O)c1cc(C(N)=O)co1,"[5, 1, 8]",182.17899999999997,0.12819999999999998,85.33,2,0.0,0.12819998271042563,5.5,0.6961247363548599,2.494597991767069,3,0.25,14.384883158444168,0.13091222733831107,0.5988343032698784,0,,,False
Ga7fe394a253e,CC(=O)Nc1ccc(Cl)cc1,"[0, 5, 1]",169.611,2.2984,29.1,1,0.0,2.298399982710426,5.139133341978121,0.6869443648513704,1.2427972593741536,1,0.125,14.255761861147425,0.20464960785787223,0.5813046834219154,0,,,False
G8c930e04c4dc,O=C(NC1CCCC1)c1cccc(Cl)c1,"[1, 18, 1]",223.70299999999995,3.0124000000000013,29.1,1,0.0,3.012399982710427,4.775933341978119,0.8206971811832318,1.5385964461742212,2,0.4166666666666667,11.04765192028786,0.13949737857434313,8.83159109979421e-06,0,,,False
Gbecf427a426e,CC(=O)NN1CCN(Cl)CC1,"[7, 5, 1]",177.635,-0.1911000000000005,35.58,1,9.0,-1.8018742255119573,5.112333333333333,0.5643719083315502,3.1549464901433826,1,0.8333333333333334,13.555312498136624,0.0879151316520162,1.7646098996431648e-07,0,,,False
Gc015be1a294f,CC(=O)Nc1ncc(F)cn1,"[3, 5, 0]",155.13199999999998,0.5740999999999998,54.88,1,5.0,0.5723744749712071,5.833333333333333,0.6447111565107068,2.1976141824510744,1,0.16666666666666666,19.933058566446313,0.09876907005744827,1.705277930383142,0,,,False
G0dd0034ce52a,CON1CCN(c2ccccc2)CC1,"[7, 9, 12]",192.26200000000003,1.3699999999999999,15.71,0,9.0,-0.24077422551195693,4.5,0.7035650603548604,1.9333488783750656,2,0.45454545454545453,11.26290387150872,0.3751031194597515,4.886413548366227e-09,0,,,False
G71bd3d71b57c,Cc1cc(-c2ccncc2)ccn1,"[2, 13, 2]",170.21499999999997,2.45202,25.78,0,5.0,2.4502944749712072,5.063852762514396,0.6565711477527443,1.8688705192395965,1,0.09090909090909091,13.942734646771159,0.0801934102271736,0.9799320787526162,0,,,False
G2ada1f7dc851,O=C(CO)NC1CCN(F)CC1,"[6, 19, 0]",176.19099999999997,-0.5562000000000002,52.57000000000001,2,9.0,-2.1669742255119573,5.0,0.5546430306080714,2.9759149879812643,2,0.8571428571428571,12.170761652506332,0.10202128051736316,1.530915769840634e-08,0,,,False
Gc577125a9080,CNS(=O)(=O)c1ccnc(NC(C)=O)c1,"[2, 15, 10]",229.261,-0.0519,88.16,2,5.0,-0.05362552502879281,5.5,0.7601223160098788,2.1413277341885326,3,0.25,11.38155550027967,0.08715560105830669,0.9976978512018849,0,,,False
G3624d2c549e2,CC(=O)NC1CCN(C(F)(F)F)CC1,"[6, 5, 15]",210.19899999999996,1.1067000000000002,32.34,1,9.0,-0.5040742255119566,4.950333333333334,0.6573169731058405,2.518428194839748,1,0.875,15.264943980577808,0.09580833828363448,0.8268454101389202,0,,,False
G83941d9653f4,c1nc(N2CCCCC2)ncc1N1CCOCC1,"[3, 12, 14]",248.32999999999993,1.3034999999999999,41.49000000000001,0,9.0,-0.30727422551195693,5.5,0.7889269490948513,2.1674641439406326,2,0.6923076923076923,9.932211628009405,0.1092783910241702,1.4089220540924483e-06,0,,,False
Gf70abb70791f,COc1ncc(C2CC2)cn1,"[3, 9, 11]",150.18099999999995,1.3626,35.010000000000005,0,5.0,1.3608744749712072,5.750500000000001,0.6381236459667816,2.361081725875394,2,0.5,13.671407447182286,0.0516993579804279,3.653344223038111e-11,0,,,False
G410da2f5b8fa,CNC(=O)c1cccc(C(=O)N2CCOCC2)c1,"[1, 17, 9]",248.28199999999995,0.5186,58.64,1,0.0,0.5185999827104256,5.833333333333333,0.8297084675858226,1.7462688196570735,2,0.38461538461538464,13.366483912955271,0.15675469954781168,0.8602043431075298,0,,,False
G853a85cba236,CCOc1coc(NC(=O)c2ccncc2)c1,"[5, 6, 6]",232.239,2.3255999999999997,64.36,1,5.0,2.323874474971207,5.67139609584773,0.8781380568333529,2.572188402876664,4,0.16666666666666666,12.215282060666775,0.23368493049921135,0.9328298949824756,0,,,False
Ge22a711f9fbd,CC(=O)NCCc1ncc(C2CC2)cn1,"[3, 16, 11]",205.26099999999997,1.0325999999999997,54.88,1,5.0,1.0308744749712069,5.833333333333333,0.7984389532183039,2.3740067451775424,4,0.5454545454545454,12.82691977388509,0.10099835768679115,0.994922343608592,0,,,False
G3ec73704e5eb,CNC(=O)c1cccc(C(F)(F)F)c1,"[1, 0, 15]",203.16299999999995,2.065,29.1,1,0.0,2.0649999827104257,5.2558333419781205,0.7432301954639378,1.670605741617294,1,0.2222222222222222,14.254130252787045,0.10293406033294737,1.497141773036895e-07,0,,,False
G3bf14a5abb3d,O=C(NCCO)c1cc(N2CCOCC2)cs1,"[4, 4, 14]",256.32699999999994,0.30679999999999996,61.8,2,9.0,-1.3039742255119569,5.0,0.8135343058198911,2.40294601669142,4,0.5454545454545454,10.10691906498257,0.6344103753880747,0.5945215920934557,0,,,False
G6cf12e50a4f7,O=C(NN1CCN(N2CCOCC2)CC1)c1ccncc1,"[7, 6, 14]",291.3550000000001,-0.4087999999999985,60.94,1,9.0,-2.0195742255119553,5.333333333333333,0.8169418018159014,2.6799458536827903,3,0.5714285714285714,11.164764989350104,0.20726290178260734,0.021606433767419376,0,,,False
G714d47c0ad19,CCOc1cc(Cl)cs1,"[4, 10, 1]",162.641,2.800200000000001,9.23,0,0.0,2.800199982710427,4.599900008644786,0.650065582212268,2.894694468764019,2,0.3333333333333333,15.08991250630522,0.08265353786817584,1.2128936453808127e-05,0,,,False
G73362641ce56,CC(=O)NCCc1ncc(-c2ccccc2)cn1,"[3, 16, 12]",241.294,1.8221999999999998,54.88,1,5.0,1.820474474971207,5.833333333333333,0.8879687688829224,1.958982289897241,4,0.21428571428571427,10.89654742943646,0.3677238083368901,0.5444471356304773,0,,,False
Gf24f63d6ac5a,CNC(=O)C1CCN(C(=O)NC)CC1,"[6, 0, 9]",199.254,-0.21619999999999973,61.440000000000005,2,0.0,-0.21620001728957408,5.5,0.6132490456151414,2.0476421241536755,1,0.7777777777777778,12.881281177894625,0.1675286492945689,0.019057576177620446,0,,,False
G34837e719fde,CNC(=O)N1CCN(C(=O)NC2CC2)CC1,"[7, 3, 9]",226.27999999999997,-0.18459999999999965,64.67999999999999,2,0.0,-0.184600017289574,5.5,0.6509286404157998,2.0514911326909893,1,0.8,12.29557465460328,0.25141083463132496,0.9865216411900419,0,,,False
G5d5ca20cf7ba,c1cc(C2CCN(C3CC3)CC2)ccn1,"[6, 13, 11]",202.30099999999996,2.423400000000001,16.130000000000003,0,9.0,0.8126257744880441,4.5,0.7318952315825801,2.0619974544682513,2,0.6153846153846154,15.289859644434994,0.08939073347237815,0.011244690738218594,0,,,False
G2cdeb6a8e0df,CCN1CCC(NC(C)=O)CC1,"[6, 5, 3]",170.25599999999997,0.6068,32.34,1,9.0,-1.0039742255119568,4.950333333333334,0.6581668023019783,1.8501387642050418,2,0.8888888888888888,15.482395269007679,0.10380308599034706,0.8287882921933866,0,,,False
Gb7e58eb907ba,N#Cc1cccc(N2CCOCC2)c1,"[1, 11, 4]",188.23,1.39488,36.26,0,9.0,-0.21589422551195692,5.313,0.6679200947896815,1.8882644506077106,1,0.36363636363636365,16.849905194695417,0.12799381475573587,0.3538266860094166,0,,,False
Ga79aef0d6f95,OCc1ncc(-c2ccccc2)cn1,"[3, 8, 12]",186.21400000000003,1.6359,46.010000000000005,1,5.0,1.634174474971207,5.833333333333333,0.7749988555500941,1.9422306795007689,2,0.09090909090909091,15.506187403182388,0.08763608494027511,0.9992302613127083,0,,,False
G6de6286234f8,N#CN1CCN(C(=O)NC2CC2)CC1,"[7, 3, 4]",194.23799999999997,-0.04292000000000007,59.37,1,9.0,-1.6536942255119569,5.333333333333333,0.5956258864072144,2.6014119466388834,1,0.7777777777777778,11.395701332813292,0.048583346997660516,0.945500483611409,0,,,False
G21f59390d7f5,CCOc1csc(S(=O)(=O)NC)c1,"[4, 15, 6]",221.30299999999997,1.0549,55.400000000000006,1,0.0,1.0548999827104255,5.833333333333333,0.8266366899186016,2.513448541217617,4,0.42857142857142855,14.63292092488546,0.04012714354598489,1.0466288336258407,0,,,False
G4ff959d8090b,N#Cc1csc(-c2ccncc2)c1,"[4, 13, 4]",186.23899999999998,2.6817800000000007,36.68,0,5.0,2.680054474971208,5.493972762514396,0.6861315802401726,2.4170834747051817,1,0.0,16.424354314071245,0.05342641984463529,1.4389559154218275e-21,0,,,False
G49a43a1da8dc,CNS(=O)(=O)C1CCN(NC(C)=O)CC1,"[6, 15, 10]",235.309,-0.9488999999999987,78.51,2,9.0,-2.5596742255119556,5.0,0.6609624619303661,2.9327323495731488,3,0.875,11.992883903152098,0.22253887310287715,0.035672420176341556,0,,,False
G9a9e53eb331a,CCOc1cc(-c2ccccc2)ccn1,"[2, 14, 6]",199.25299999999996,3.1473000000000013,22.12,0,5.0,3.1455744749712085,4.459562762514395,0.7571620193074656,1.6643359160067135,3,0.15384615384615385,14.685504531020639,0.2891509965907762,0.9250099081138401,0,,,False
G3521ac502f37,Clc1cnc(N2CCOCC2)nc1,"[3, 11, 1]",199.641,0.9665999999999999,38.25,0,9.0,-0.6441742255119569,5.4125,0.6757193671418718,2.1352450131667204,1,0.5,15.169482427035813,0.08186232835493884,0.9523264053893817,0,,,False
G8dab45aeda82,O=C(c1ncc(-c2ccccc2)cn1)N1CCOCC1,"[3, 17, 12]",269.304,1.6160000000000003,55.32000000000001,0,5.0,1.6142744749712075,6.0,0.830941606889339,2.0524641656652314,2,0.26666666666666666,13.858077511611587,0.0952520075459319,0.9962970911523344,0,,,False
Gbf55a0885371,N#Cc1coc(-c2ccccc2)c1,"[5, 14, 4]",169.183,2.8182800000000006,36.93,0,0.0,2.8182799827104263,5.437360008644787,0.6577130626452439,2.278221126527045,1,0.0,14.126769151079172,0.16563693987913775,0.0,0,,,False
Gd65fe388ecca,CCNC(=O)c1cc(CC)co1,"[5, 1, 3]",167.20799999999997,1.5917,42.24,1,0.0,1.5916999827104255,5.833333333333333,0.7423935594695225,2.459084218750494,3,0.4444444444444444,12.917629546497292,0.12370855981108524,7.877934048754128e-15,0,,,False
G57328464f177,c1cc(C2CC2)cc(N2CCCCC2)c1,"[1, 12, 11]",201.31299999999996,3.5543000000000022,3.24,0,9.0,1.9435257744880454,4.222849999999999,0.7069305602685777,1.7443006013214006,2,0.5714285714285714,14.206969815035034,0.19374212702239596,0.0,0,,,False
G01036054648d,Cc1cnc(C(=O)NC2CC2)nc1,"[3, 3, 2]",177.20699999999997,0.6772199999999999,54.88,1,5.0,0.6754944749712072,5.833333333333333,0.722213254319475,2.2825935961626715,2,0.4444444444444444,14.602067759644056,0.2886809374694545,0.986890871837457,0,,,False
G91de08ce222f,NC(=O)c1cnc(NC(=O)c2ccncc2)nc1,"[3, 6, 8]",243.226,0.22279999999999978,110.86,2,5.0,0.22107447497120697,4.804666666666667,0.8006900199259762,2.10059189658015,3,0.0,12.2674572158496,0.14880208217860327,0.8014736295456868,0,,,False
Gcedb5d41be83,O=C(NC1CCCC1)N1CCN(Cl)CC1,"[7, 18, 1]",231.72699999999995,1.4099999999999997,35.58,1,9.0,-0.20077422551195712,5.112333333333333,0.6930897335253382,2.4075971617377263,1,0.9,13.53548141460541,0.09998270921415113,0.8929450462696051,0,,,False
G96a142d8c7df,NC(=O)c1cccc(N2CCCCC2)c1,"[1, 12, 8]",204.27299999999997,1.7758,46.33,1,9.0,0.16502577448804323,5.333333333333333,0.7977261201003171,1.6406232798057072,2,0.4166666666666667,14.240704454093075,0.11593440981233231,4.368618195325031e-06,0,,,False
Gd8cef891fb80,O=C(NC1CCN(c2ccncc2)CC1)C1CC1,"[6, 7, 13]",245.326,1.5766,45.230000000000004,1,9.0,-0.03417422551195681,5.333333333333333,0.8790139772788556,1.986757141968246,3,0.5714285714285714,14.05264548233383,0.060701076995770126,0.9981230691374695,0,,,False
Gb1b333f7086b,CC(=O)NCCc1ccc(C)cc1,"[0, 16, 2]",177.24699999999999,1.67362,29.1,1,0.0,1.6736199827104257,5.288333333333333,0.747311246458708,1.4279435961626703,3,0.36363636363636365,11.795781490612429,0.18245375802663322,4.812337152890297e-07,0,,,False
G2a50acac6b07,CNC(=O)C1CCN(C2CC2)CC1,"[6, 0, 11]",182.26699999999997,0.6067999999999996,32.34,1,9.0,-1.0039742255119573,4.950333333333334,0.67824545833383,1.9708435961626734,2,0.9,18.29005796611263,0.12395457692151418,0.05399967462187692,0,,,False
Gd6af203fbbdf,CNC(=O)c1cccc(N2CCOCC2)c1,"[1, 0, 14]",220.27199999999993,0.8827999999999998,41.57000000000001,1,9.0,-0.727974225511957,5.333333333333333,0.8042228919850537,1.7504524887262587,2,0.4166666666666667,11.289980809137049,0.12918694677773934,1.3953419175194616e-05,0,,,False
G2537a5088631,O=C(C1CCN(CO)CC1)N1CCOCC1,"[6, 17, 7]",228.29199999999994,-0.4929999999999996,53.010000000000005,1,9.0,-2.1037742255119563,5.333333333333333,0.6925491477289927,2.1555488097964925,2,0.9090909090909091,14.241602200279058,0.07403049959414455,0.8857463649118258,0,,,False
G72a3d6613d4d,CNS(=O)(=O)c1cc(-c2ccncc2)co1,"[5, 15, 13]",238.26800000000003,1.2497,72.2,1,5.0,1.2479744749712072,5.833333333333333,0.8730384510844588,2.5762961676560234,3,0.1,11.965871590307335,0.03270081210646485,0.6946660707784547,0,,,False
Gc1f313684ae9,COc1ccc(C(=O)NC2CCCC2)cc1,"[0, 18, 5]",219.28399999999993,2.3676000000000004,38.33,1,0.0,2.367599982710426,5.5660333419781205,0.8471549105562555,1.4372253984252552,3,0.46153846153846156,8.061953388800955,0.1564138292660756,0.00012101561016033139,0,,,False
G8d44edf5759c,O=C(Nc1cc(C2CC2)cs1)c1ccncc1,"[4, 6, 11]",244.319,3.272800000000001,41.99,1,5.0,3.271074474971208,5.061396095847729,0.8999231456124429,2.477056848716538,3,0.23076923076923078,13.314365431798928,0.2726904074867176,0.0032607754382103656,0,,,False
Gf1295033f49e,CON1CCC(C(=O)Nc2ccccc2)CC1,"[6, 2, 5]",234.299,1.8985,41.57000000000001,1,9.0,0.28772577448804326,5.333333333333333,0.868116670401339,1.9058973510713262,3,0.46153846153846156,11.718012404981549,0.28667069697181535,0.9880346989003118,0,,,False
G76915a799b2f,CCNC(=O)c1ccnc(N2CCOCC2)c1,"[2, 1, 14]",235.28699999999992,0.6678999999999999,54.46000000000001,1,9.0,-0.9428742255119569,5.333333333333333,0.8362470005573461,1.9905623432220327,3,0.5,9.543707508229964,0.15201157623230704,0.9821467013887861,0,,,False
Gb85fb0331087,CCc1cccc(C(=O)NCCO)c1,"[1, 4, 3]",193.24599999999995,0.9711000000000001,49.33,2,0.0,0.9710999827104257,5.5,0.7482548647327637,1.5878628342128476,4,0.36363636363636365,15.562907407746849,0.09556203636584477,0.0065099722431678,0,,,False
G5ca47f9d0ab2,OCN1CCC(c2ccncc2)CC1,"[6, 13, 7]",192.26199999999997,1.2108,36.36,1,9.0,-0.3999742255119567,5.1513333333333335,0.7648398024263259,2.2354077901949516,2,0.5454545454545454,10.652093182106036,0.13186140467507432,5.2587790232166784e-09,0,,,False
G80d37b923431,CNC(=O)c1coc(S(=O)(=O)NC)c1,"[5, 15, 9]",218.234,-0.4527000000000001,88.41,2,0.0,-0.45270001728957443,5.5,0.7186327720720597,2.743349608561161,3,0.2857142857142857,13.71724773759745,0.1045826872137274,0.9168588847145595,0,,,False
G92ae5eccf348,CNC(=O)c1ccnc(-c2ccccc2)c1,"[2, 0, 12]",212.252,2.1082,41.99,1,5.0,2.106474474971207,5.78009609584773,0.8279473601291555,1.640324395080773,2,0.07692307692307693,14.299691483336769,0.21169640513838178,1.5092142942649234,0,,,False
G1821c874272a,Fc1ccc(-c2ccccc2)cc1,"[0, 14, 0]",172.20199999999997,3.492700000000001,0.0,0,0.0,3.492699982710427,4.007300008644786,0.6172445494970527,1.1048944058792731,1,0.0,16.827691697246472,0.13348096717086078,0.13409016746362545,0,,,False
G59a0656a7a7d,CNC(=O)c1ccc(CO)cc1,"[0, 8, 9]",165.192,0.5385000000000001,49.33,2,0.0,0.5384999827104258,5.5,0.671528716464949,1.4932394635057413,2,0.2222222222222222,15.7256270252838,0.09161819789217895,0.0001297734947039002,0,,,False
G264a04f494e4,CNC(=O)N1CCC(CCNC(C)=O)CC1,"[6, 16, 9]",227.308,0.5639999999999997,61.440000000000005,2,0.0,0.5639999827104254,5.5,0.7399435673719696,2.1580719019217582,3,0.8181818181818182,12.271102688465916,0.09784927009899197,0.9988071800272377,0,,,False
Gf5ac9a6d0a11,Cc1coc(NC(=O)c2ccncc2)c1,"[5, 6, 2]",202.21300000000002,2.2353200000000006,55.13,1,5.0,2.2335944749712078,5.716536095847729,0.8119586920717646,2.5375803459953303,2,0.09090909090909091,15.143650445178094,0.08518525257158964,1.6445497911541274e-07,1,,,False
G40cc4d126cdf,c1ccc(-c2cc(N3CCCCC3)ccn2)cc1,"[2, 12, 12]",238.33399999999997,3.7389000000000028,16.130000000000003,0,9.0,2.128125774488046,4.066487112755976,0.7919986607117906,1.7240231182996073,2,0.3125,9.825820558631913,0.03655109826505709,7.300068061546576e-07,0,,,False
G41d8ffc02d58,CNS(=O)(=O)c1cc(OC)co1,"[5, 15, 5]",191.208,0.19629999999999992,68.54,1,0.0,0.19629998271042556,5.833333333333333,0.7404092095257416,2.8513213691001447,3,0.3333333333333333,14.618970965047707,0.08702694409513333,0.9237186914151723,0,,,False
G1dd805a8cac7,CNS(=O)(=O)c1ccnc(C2CC2)c1,"[2, 15, 11]",212.27399999999997,0.8670999999999998,59.06,1,5.0,0.865374474971207,5.833333333333333,0.8083012518335436,2.3614506261779677,3,0.4444444444444444,13.971704303851723,0.20310651901746107,1.3499679968686624,0,,,False
G94215f7f1cef,CCON1CCC(CO)CC1,"[6, 8, 6]",159.22899999999998,0.6421999999999999,32.7,1,9.0,-0.9685742255119569,4.968333333333334,0.6557143024531155,2.711577011235196,3,1.0,14.309163331297064,0.10362619450240147,0.0010761335393248501,0,,,False
G95c58fdee03f,CC(=O)NCCc1cccc(C)c1,"[1, 16, 2]",177.24699999999999,1.67362,29.1,1,0.0,1.6736199827104257,5.288333333333333,0.747311246458708,1.529874365393443,3,0.36363636363636365,15.224126465962453,0.11284902032959845,0.0031476412988901037,0,,,False
G5d8fac8d6ae9,NC(=O)c1ccc(NC(=O)c2ccncc2)cc1,"[0, 6, 8]",241.25,1.4327999999999999,85.08,2,5.0,1.431074474971207,5.5,0.8519843783101788,1.590187371693272,3,0.0,12.142709852427753,0.12609159035572068,0.30695572858661546,0,,,False
G071d71e53d02,CNS(=O)(=O)c1ccc(C)cc1,"[0, 15, 2]",185.248,0.9031200000000001,46.17,1,0.0,0.9031199827104258,5.833333333333333,0.7438256049128792,1.5314843498693769,2,0.25,14.868775674955058,0.14052811055746298,0.0002818700850775712,0,,,False
G157a0a7bac76,CC(=O)Nc1cnc(-c2ccncc2)nc1,"[3, 13, 10]",214.22799999999998,1.4969999999999997,67.77000000000001,1,5.0,1.4952744749712068,5.833333333333333,0.8220410536248102,2.028398977020572,2,0.09090909090909091,11.094152400156048,0.09960950267125339,1.0824038545955748,0,,,False
G05fa279cac05,O=C(Nc1ccccc1)c1cccc(CO)c1,"[1, 2, 7]",227.263,2.431200000000001,49.33,2,0.0,2.4311999827104267,5.284400008644787,0.8456405495345317,1.3814898157495037,3,0.07142857142857142,11.71802481569193,0.051672842054828146,1.4422366425810696e-09,0,,,False
G602b7a49cc80,O=C(NC1CCN(Cl)CC1)C1CC1,"[6, 7, 1]",202.68499999999997,1.1308,32.34,1,9.0,-0.4799742255119568,4.950333333333334,0.6814025497849849,2.4644512884703644,2,0.8888888888888888,14.450961944327506,0.02981942387099623,0.9276355599144716,0,,,False
G80e56458662f,N#Cc1cnc(C(=O)NC2CC2)nc1,"[3, 3, 4]",188.18999999999997,0.24047999999999986,78.67,1,5.0,0.23875447497120705,5.833333333333333,0.7206001239662819,2.475415496934742,2,0.3333333333333333,13.617405828217054,0.11868476392109374,0.7324192884305426,0,,,False
G8684eb278542,c1ccc(-c2csc(N3CCOCC3)c2)cc1,"[4, 11, 12]",245.347,3.2517000000000014,12.47,0,9.0,1.6409257744880446,4.374149999999999,0.8049865154928422,2.224510925731959,2,0.2857142857142857,13.0981625148499,0.14450394864352656,3.2522925392898735e-58,0,,,False
Gf02953d547df,CCc1cccc(-c2ccncc2)c1,"[1, 13, 3]",183.25399999999996,3.3110000000000017,12.89,0,5.0,3.309274474971209,4.1898627625143945,0.6956704184773632,1.5853477526715025,2,0.15384615384615385,10.179523281145222,0.4076950029331838,0.9822462494020958,0,,,False
G71e87ec9a16d,O=C(Nc1ccnc(-c2ccncc2)c1)c1ccncc1,"[2, 6, 13]",276.29900000000004,2.7909000000000006,67.77000000000001,1,5.0,2.7891744749712077,5.43874609584773,0.7983508090679825,1.9814810894148014,3,0.0,10.669662472463202,0.1154287779054078,0.7709768109574667,0,,,False
G0e3b6bcc5c82,CCOc1coc(C(=O)N2CCOCC2)c1,"[5, 17, 6]",225.24399999999994,1.1506999999999998,51.91000000000001,0,0.0,1.1506999827104254,6.0,0.7739576115004617,2.4468809168199037,3,0.5454545454545454,11.577586898980492,0.09079690748360714,0.0009509276513154106,0,,,False
G0486a64ac799,N#Cc1cccc(NC(=O)c2ccncc2)c1,"[1, 6, 4]",223.235,2.2055800000000003,65.78,1,5.0,2.2038544749712075,5.7314060958477295,0.8482640514593933,1.7426427199881225,2,0.0,13.25435495372588,0.15187009381799912,0.9592286552463561,0,,,False
Gb223247cd051,CC(=O)NN1CCC(CO)CC1,"[6, 8, 10]",172.22799999999998,-0.2582,52.57,2,9.0,-1.8689742255119568,5.0,0.6032172294025722,2.5782660369323125,2,0.875,11.603420326775126,0.04885131970798684,0.9972505233928867,0,,,False
Ga36b6f4a15b6,Cc1ccc(C(=O)NC2CC2)cc1,"[0, 3, 2]",175.23099999999997,1.8872200000000001,29.1,1,0.0,1.8872199827104257,5.288333333333333,0.7302573676547366,1.334816673085749,2,0.36363636363636365,15.326268972386668,0.09841218710493455,0.00011798127064642039,0,,,False
Ge075d68ce27e,O=C(NC1CCCC1)c1cc(Cl)cs1,"[4, 18, 1]",229.73199999999994,3.073900000000002,29.1,1,0.0,3.0738999827104276,4.714433341978118,0.8299154008251319,2.256369431845984,2,0.5,12.912092000330919,0.07437719113550789,5.001713200398404e-06,0,,,False
G9dab3f3f6712,CCNC(=O)C1CCN(c2ccncc2)CC1,"[6, 1, 13]",233.315,1.4341,45.230000000000004,1,9.0,-0.17667422551195688,5.333333333333333,0.8587937617721273,1.9123796116678715,3,0.5384615384615384,10.860854601371962,0.12403256996290019,3.4021783762378254e-06,0,,,False
Gbd2d90711152,CNC(=O)C1CCN(c2ccccc2)CC1,"[6, 0, 12]",218.3,1.6489999999999998,32.34,1,9.0,0.038225774488042985,4.950333333333334,0.8182865802966289,1.6328625221710755,2,0.46153846153846156,13.508795461998991,0.2053223411827096,0.9992480079437881,0,,,False
G5ae4936aa5e5,CCON1CCC(C(=O)NC)CC1,"[6, 0, 6]",186.25499999999997,0.3958999999999999,41.57000000000001,1,9.0,-1.214874225511957,5.333333333333333,0.6932134743025393,2.5217743653934424,3,0.8888888888888888,12.248554599896565,0.09018890997232899,0.9980452432732184,0,,,False
G52e45977781b,N#CN1CCC(C(=O)Nc2ccccc2)CC1,"[6, 2, 4]",229.28300000000002,1.81818,56.13,1,9.0,0.2074057744880431,5.333333333333333,0.7868667628439345,2.0871095959692845,2,0.38461538461538464,16.530265543300047,0.14671943063421714,0.7336255592935779,0,,,False
G1a665df9dea2,O=C(NC1CCN(N2CCOCC2)CC1)c1ccncc1,"[6, 6, 14]",290.3670000000001,0.5229999999999999,57.7,1,9.0,-1.087774225511957,5.333333333333333,0.8795003767595831,2.4634590050475538,3,0.6,8.12186317255955,0.1445957204924952,5.651871665771112e-06,1,,,False
Gc27b1b96d3ec,O=C(NC1CCCC1)c1ccc(C(F)(F)F)cc1,"[0, 18, 15]",257.25499999999994,3.3778000000000015,29.1,1,0.0,3.3777999827104273,4.410533341978119,0.8641983169317874,1.686592656761146,2,0.46153846153846156,7.237372446769379,0.24225664622978182,0.00026731898818236293,0,,,False
G1ab291f51219,CCOC1CCN(N2CCOCC2)CC1,"[6, 10, 14]",214.30899999999994,0.7344999999999999,24.94,0,9.0,-0.8762742255119569,4.747,0.6914280343215818,2.7063219299927272,3,1.0,7.805342846223515,0.12835386852004899,0.9617293939240873,0,,,False
G428647dbfbb8,CC(=O)NCCc1ccnc(C2CC2)c1,"[2, 16, 11]",204.27299999999997,1.6376,41.99,1,5.0,1.635874474971207,5.833333333333333,0.8096948760222623,2.1527254264962252,4,0.5,12.413355750358981,0.6347515924490634,1.4497262770360888,0,,,False
G248c524bdc80,O=C(Nc1cc(C(F)(F)F)co1)c1ccncc1,"[5, 6, 15]",256.183,2.9457000000000013,55.13,1,5.0,2.9439744749712085,5.361346095847729,0.898211189153709,2.6610157336842217,2,0.09090909090909091,14.117311723281539,0.03489120342914845,0.9994764898296924,0,,,False
G6fa39b8b9015,CCNC(=O)c1cc(CO)cs1,"[4, 1, 7]",185.24799999999996,0.9901,49.33,2,0.0,0.9900999827104257,5.5,0.7374344456347306,2.2603373656036414,3,0.375,12.866219917924338,0.18046350944070066,1.9650536524122426,0,,,False
Gb79853c87dc4,c1cc(N2CCOCC2)cc(N2CCOCC2)c1,"[1, 11, 14]",248.32599999999994,1.3598,24.94,0,9.0,-0.2509742255119569,4.747,0.7887606408015211,1.906717990094478,2,0.5714285714285714,12.237050079713384,0.12028269910066368,0.8988582706288525,0,,,False
G20ea83704d90,CNC(=O)c1coc(NC(=O)CO)c1,"[5, 19, 9]",198.178,-0.42999999999999994,91.57,3,0.0,-0.43000001728957427,5.114333333333334,0.6141442454079304,2.867582205125336,3,0.25,12.537653925926337,0.09911426610066523,0.8332451671543576,0,,,False
G39b67eda0e87,Fc1coc(-c2ccncc2)c1,"[5, 13, 0]",163.15099999999998,2.4807000000000006,26.03,0,5.0,2.4789744749712077,5.062012762514396,0.6450048234271843,2.6245270559133314,1,0.0,16.347368068317955,0.016543971018193646,0.8507873266317314,0,,,False
Gba0fb6262f87,N#Cc1coc(C(=O)Nc2ccccc2)c1,"[5, 2, 4]",212.20800000000003,2.4035800000000007,66.03,1,0.0,2.4035799827104265,5.63154334197812,0.8306554217416807,2.1761765689938173,2,0.0,17.986637752431122,0.04498933968818862,0.9932647046369051,0,,,False
G901de59c7ba5,O=C(Nc1ccccc1)c1cc(CO)co1,"[5, 2, 7]",217.22400000000002,2.0242,62.47,2,0.0,2.024199982710426,5.487900008644787,0.826322834658276,2.0646939602981647,3,0.08333333333333333,16.41981011460676,0.5030001997105734,1.8414570437269078,0,,,False
G2e0b47b6ee64,COc1ccnc(NC(C)=O)c1,"[2, 9, 10]",166.17999999999998,1.0486,51.22,1,5.0,1.0468744749712071,5.833333333333333,0.7139432951783905,1.832680022946299,2,0.25,13.345446091961815,0.23695125768243583,0.5736953459216524,0,,,False
Gf6e5db82eb6e,O=C(NC1CC1)c1ccnc(CO)c1,"[2, 3, 7]",192.21799999999996,0.4661,62.22,2,5.0,0.4643744749712072,5.5,0.7312149927710648,2.0049480413134404,3,0.4,12.99981806109919,0.1135970266479894,0.906104050553715,0,,,False
Ga268e04fb957,CNC(=O)c1csc(N2CCOCC2)c1,"[4, 11, 9]",226.301,0.9442999999999999,41.57,1,9.0,-0.6664742255119569,5.333333333333333,0.8158697455158243,2.5819266787323603,2,0.5,15.991268273412608,0.04868210225134758,1.9222833956344598,0,,,False
G1d2097d6186c,CC(=O)NCCc1cc(C(F)(F)F)cs1,"[4, 16, 15]",237.24599999999995,2.4455,29.1,1,0.0,2.445499982710426,5.065583341978121,0.8591422966673548,2.48784504188084,3,0.4444444444444444,13.860097532202712,0.3543435873771328,0.999053454789683,0,,,False
G5739b8db17da,O=C(Nc1ccccc1)c1cc(C(F)(F)F)cs1,"[4, 2, 15]",271.263,4.0192000000000005,29.1,1,0.0,4.019199982710426,3.7787333333333333,0.8777895590178102,2.022633272145761,2,0.08333333333333333,9.40395586534801,0.08661126273455275,0.00267106903784239,0,,,False
Gcf5762fca661,N#Cc1csc(N2CCCCC2)c1,"[4, 12, 4]",192.28699999999998,2.610080000000001,27.03,0,9.0,0.999305774488044,4.8515,0.683555317636949,2.6496988593205675,1,0.5,13.810472498660905,0.12362109617038025,0.0,0,,,False
Ge0d0bd1e8149,CCON1CCN(c2ccccc2)CC1,"[7, 14, 6]",206.289,1.7601,15.71,0,9.0,0.14932577448804318,4.5,0.7491944495812293,2.0599645873353865,3,0.5,11.526365666765907,0.1427651123763998,0.017291317816069483,0,,,False
Ga5bfe50fa6f6,CCNC(=O)c1ccnc(NC(C)=O)c1,"[2, 1, 10]",207.23299999999998,0.7897000000000001,71.09,2,5.0,0.7879744749712073,5.5,0.7693244312007462,1.9027319931003532,3,0.3,11.547761143115824,0.40867518307423967,0.6536952969887015,0,,,False
G32e19d4e02fa,O=C(Nc1ccc(-c2ccncc2)cc1)c1ccncc1,"[0, 6, 13]",275.31100000000004,3.395900000000001,54.88,1,5.0,3.394174474971208,4.938296095847729,0.7967084930001207,1.7063044144768327,3,0.0,13.15579827654917,0.39716355400622255,1.8357578041509024,0,,,False
G97ee092d0750,Cc1cc(NC(=O)CO)ccn1,"[2, 19, 2]",166.17999999999998,0.3208200000000001,62.22,2,5.0,0.3190944749712073,5.5,0.6647220156941267,2.0657821208483984,2,0.25,15.596021999179836,0.21208118276988763,1.4661416211384368,0,,,False
Gdf03f012f226,c1ccc(-c2ncc(C3CC3)cn2)cc1,"[3, 14, 11]",196.253,3.0210000000000017,25.78,0,5.0,3.019274474971209,4.768862762514395,0.7374262619751619,1.8497768250976225,2,0.23076923076923078,16.61248488625042,0.30947699537412415,0.9068913075196504,0,,,False
G61bcedf3fc96,N#CN1CCC(C(=O)NC2CCCC2)CC1,"[6, 18, 4]",221.30399999999995,1.2382799999999994,56.13,1,9.0,-0.37249422551195743,5.333333333333333,0.7136634125000527,2.439738107455355,2,0.8333333333333334,10.669368887937024,0.09291619831412368,1.6830248559549877e-09,0,,,False
Gf13aa4c70088,CNC(=O)c1cc(C#N)cs1,"[4, 0, 4]",166.20499999999998,0.9793799999999999,52.89,1,0.0,0.9793799827104256,5.833333333333333,0.67569476443843,2.603334182451075,1,0.14285714285714285,16.200037480043807,0.1592011385127883,0.019385109055648036,0,,,False
Gdd603de5666e,CNC(=O)c1csc(C(=O)NC)c1,"[4, 0, 9]",198.24699999999999,0.46729999999999994,58.2,2,0.0,0.4672999827104256,5.5,0.7252845350198573,2.29738524451432,2,0.25,14.468778424298083,0.11381686477032778,0.9999986552965502,0,,,False
Gdbab20aa6250,NC(=O)c1csc(NC(=O)C2CC2)c1,"[4, 7, 8]",210.25799999999995,1.1955,72.19,2,0.0,1.1954999827104256,5.5,0.7862707198634177,2.416274107959344,3,0.3333333333333333,5.127938672674718,0.5976164500824351,4.014043948853176e-05,0,,,False
G06893eaa4a9d,CCOc1cccc(OC)c1,"[1, 10, 5]",152.19299999999998,2.0938999999999997,18.46,0,0.0,2.0938999827104254,4.953050008644787,0.6598906467530797,1.286709517438668,3,0.3333333333333333,13.822078031388912,0.23349354737358075,0.6731065743888045,0,,,False
Gdbf6dbdb2f67,CCOc1cnc(OC)nc1,"[3, 9, 6]",154.16899999999998,0.8838999999999998,44.24000000000001,0,5.0,0.882174474971207,6.0,0.6479601078667103,2.1783303611111258,3,0.42857142857142855,15.556995253315314,0.08858814578081377,0.9387808790138098,0,,,False
G6b565bee0027,CC(=O)NCCc1ccnc(Cl)c1,"[2, 16, 1]",198.653,1.4136,41.99,1,5.0,1.411874474971207,5.833333333333333,0.7467913105132039,1.99348590385498,3,0.3333333333333333,15.95747611450403,0.2154972100819021,0.9680973323707904,0,,,False
Gc16296814e1e,CC(=O)NCCN1CCN(C(N)=O)CC1,"[7, 16, 8]",214.26899999999998,-1.1811999999999985,78.67,2,9.0,-2.7919742255119555,5.0,0.6203621767437714,1.9813545071716483,3,0.7777777777777778,10.357647304801812,0.1280647422825645,0.005634728046415723,0,,,False
Gda8a5c3c8ec4,CCNC(=O)c1cccc(CO)c1,"[1, 1, 7]",179.21899999999997,0.9286000000000001,49.33,2,0.0,0.9285999827104258,5.5,0.7247623217018356,1.5945820577011336,3,0.3,15.228339941135088,0.3502511835545069,1.4307624274952804,0,,,False
Gd11e38ae22c9,NC(=O)c1ccc(CO)cc1,"[0, 8, 8]",151.165,0.2778000000000002,63.31999999999999,2,0.0,0.2777999827104259,5.5,0.6371664225199932,1.4860234132203072,2,0.125,15.390922531724799,0.04270383188888476,0.39013393818086095,0,,,False
Gfde9076549d7,OCc1ccc(C(F)(F)F)cc1,"[0, 8, 15]",176.13699999999997,2.1977000000000007,20.23,1,0.0,2.1976999827104264,4.74598334197812,0.6949375209663623,1.630834830638607,1,0.25,15.31290572957844,0.15419998141966804,0.9006764957746862,0,,,False
G129359b572a9,CON1CCN(CCNC(C)=O)CC1,"[7, 16, 5]",201.26999999999998,-0.6984999999999986,44.81,1,9.0,-2.309274225511955,5.333333333333333,0.6531818074733922,2.3257279229702448,4,0.8888888888888888,11.583033748137224,0.09119968770144672,0.7738056359034035,0,,,False
G25b161c5b917,CN1CCN(c2ccccc2)CC1,"[7, 14, 2]",176.263,1.4384,6.48,0,9.0,-0.1723742255119569,4.5,0.6385626154918538,1.4319296285513374,1,0.45454545454545453,11.09771018884595,0.16517151858915693,5.62477307202166e-23,0,,,False
Geee78afb54bb,c1ccc(-c2ccc(-c3ccccc3)cc2)cc1,"[0, 14, 12]",230.31,5.0206000000000035,0.0,0,0.0,5.020599982710429,3.0,0.5794896680157823,1.0,2,0.0,10.133273948084666,0.32387638964373505,0.0,0,,,False
Gfcb1862dec8c,CC(=O)NN1CCC(c2ccccc2)CC1,"[6, 14, 10]",218.3,1.9170999999999998,32.34,1,9.0,0.306325774488043,4.950333333333334,0.8221529320570408,2.1252558332078646,2,0.46153846153846156,8.62588665693603,0.30374421572964766,6.40421592082153e-10,0,,,False
G3c968659b57e,CC(=O)NN1CCC(NC(=O)CO)CC1,"[6, 19, 10]",215.253,-1.3895999999999986,81.67000000000002,3,9.0,-3.0003742255119557,4.666666666666667,0.5411924696865482,2.5555612613930343,3,0.7777777777777778,11.938542153501402,0.13532450601089696,0.9163297169067213,0,,,False
G6d6962a55572,CCc1coc(C(=O)NCCO)c1,"[5, 4, 3]",183.20699999999997,0.5641,62.47,2,0.0,0.5640999827104257,5.5,0.7166987629151252,2.4809551346242102,4,0.4444444444444444,14.709654820273922,0.11636046537853034,0.9910945818920556,0,,,False
Gcef4d233d02c,CC(=O)Nc1cccc(C(=O)NC2CCCC2)c1,"[1, 18, 10]",246.30999999999995,2.3174,58.2,2,0.0,2.317399982710426,5.341300008644787,0.8594953340188429,1.6124498151321855,3,0.42857142857142855,14.78086472575681,0.23091581929075364,0.9267268118516437,0,,,False
G699075069d32,CCNC(=O)c1cccc(C2CC2)c1,"[1, 1, 11]",189.25799999999995,2.3137000000000008,29.1,1,0.0,2.3136999827104265,5.13148334197812,0.7763562818800459,1.6818888697158059,3,0.4166666666666667,12.972166832173828,0.08339516816034671,1.5415598297536715e-09,0,,,False
Gf49083b97709,CC(=O)Nc1coc(N2CCCCC2)c1,"[5, 12, 10]",208.261,2.2283,45.480000000000004,1,9.0,0.6175257744880431,5.333333333333333,0.8101948630409169,2.618084460485491,2,0.5454545454545454,13.529692723581384,0.11473702104231677,0.9995878873094362,0,,,False
Gd949392e761e,CNS(=O)(=O)c1cccc(OC)c1,"[1, 15, 5]",201.24699999999999,0.6032999999999997,55.400000000000006,1,0.0,0.6032999827104254,5.833333333333333,0.7788890007549032,1.660529420338495,3,0.25,14.40941715959013,0.21963034677692578,0.6132411792344042,0,,,False
G912cc7d7de36,CNC(=O)c1ccnc(C#N)c1,"[2, 0, 4]",161.164,0.31288,65.78,1,5.0,0.3111544749712072,5.833333333333333,0.644292074159877,2.221794708260985,1,0.125,16.743189657318236,0.21823126933984208,0.9319886223100704,0,,,False
G1f280ae19dfd,CCNC(=O)c1ncc(F)cn1,"[3, 1, 0]",169.15899999999996,0.3654000000000001,54.88,1,5.0,0.3636744749712073,5.833333333333333,0.6952250128636439,2.407740162806439,2,0.2857142857142857,14.557729502435592,0.12907836066878228,1.0013486674811103,0,,,False
Gea6fca97f350,COc1ccc(C(=O)Nc2ccccc2)cc1,"[0, 2, 5]",227.263,2.9475000000000007,38.33,1,0.0,2.9474999827104265,5.27608334197812,0.875019434057867,1.1676260794857676,3,0.07142857142857142,12.606448297475652,0.17800715382925406,0.031102073465714294,0,,,False
G29328f3d4c4a,O=C(Nc1cc(-c2ccncc2)co1)c1ccncc1,"[5, 6, 13]",265.27200000000005,2.988900000000001,68.02000000000001,1,5.0,2.987174474971208,5.33974609584773,0.7900465559913051,2.482617229550499,3,0.0,11.810632668117549,0.4911861776194941,0.6959374046138767,0,,,False
Gd23de4bc2772,N#Cc1cnc(C(=O)NCCO)nc1,"[3, 4, 4]",192.17799999999997,-0.9296200000000001,98.9,2,5.0,-0.9313455250287929,5.203333333333333,0.6441842032426339,2.5406699348045656,3,0.25,17.710517228865967,0.18054424580640108,1.9082457048216432,0,,,False
Gaa2dfe20b576,N#Cc1cnc(C(=O)N2CCOCC2)nc1,"[3, 17, 4]",218.21599999999995,-0.17932000000000015,79.11000000000001,0,5.0,-0.18104552502879295,6.0,0.6529445216839509,2.463562522171074,1,0.4,15.436183642914882,0.14384511420353188,1.9003539618944951,0,,,False
G348e3496ea17,CCNC(=O)c1cccc(C(N)=O)c1,"[1, 1, 8]",192.21799999999996,0.5352,72.19,2,0.0,0.5351999827104257,5.5,0.7330106104296864,1.5766579136273595,3,0.2,13.456451859073853,0.23356028846125212,0.7001698471514077,0,,,False
G59a6ad4e25c5,NC(=O)c1cnc(C(=O)NC2CC2)nc1,"[3, 3, 8]",206.20499999999996,-0.5323,97.97,2,5.0,-0.5340255250287927,5.234333333333334,0.6939436007193435,2.325232180717613,3,0.3333333333333333,15.86339709605644,0.14774817574855248,0.9389434389998816,0,,,False
G72c4ae47083f,O=C(CO)Nc1ccnc(-c2ccccc2)c1,"[2, 19, 12]",228.251,1.6794,62.22,2,5.0,1.6776744749712071,5.5,0.8397201321268868,1.8035121077432255,3,0.07692307692307693,14.329267702765192,0.7387395846918788,1.3092279712427608,0,,,False
Ge0b6a3c2cbbe,Fc1cc(-c2ccccc2)ccn1,"[2, 14, 0]",173.18999999999997,2.8877000000000015,12.89,0,5.0,2.8859744749712086,4.557012762514396,0.6040486526917701,1.6582814504136856,1,0.0,16.89446539313202,0.21773237374913149,0.9275641593804174,0,,,False
Gc6e21ab73de9,CNC(=O)N1CCC(NC(=O)C2CC2)CC1,"[6, 7, 9]",225.29199999999997,0.31639999999999985,61.440000000000005,2,0.0,0.3163999827104255,5.5,0.710529244677336,2.052724699124557,2,0.8181818181818182,11.283052382378399,0.0633326944939529,8.16114165023217e-09,0,,,False
Gda5a4d008b12,c1ccc(-c2ccc(N3CCCCC3)cc2)cc1,"[0, 12, 12]",237.346,4.343900000000003,3.24,0,9.0,2.7331257744880464,3.461487112755975,0.7505034125314495,1.42134363112012,2,0.29411764705882354,10.551775983135098,0.10330283646005273,0.0,0,,,False
Gcd0d0d6377ae,c1cc(N2CCN(c3ccncc3)CC2)ccn1,"[7, 13, 13]",240.31,1.8032,32.260000000000005,0,9.0,0.1924257744880431,5.113,0.8009970996547764,1.8964134471796434,2,0.2857142857142857,14.838936693027286,0.32884779417160304,1.0053952417760745,0,,,False
Gb7d5b4c698ae,COc1coc(-c2ccccc2)c1,"[5, 14, 5]",174.19899999999998,2.9552000000000014,22.37,0,0.0,2.955199982710427,4.6409000086447865,0.6979356383264002,2.063456349199109,2,0.09090909090909091,13.305966893464918,0.06536203770168338,0.9594486397161077,0,,,False
G688c3369b119,O=C(NC1CCCC1)c1ccnc(F)c1,"[2, 18, 0]",208.23599999999993,1.8931,41.99,1,5.0,1.8913744749712071,5.833333333333333,0.7539899722122707,1.951459773544526,2,0.45454545454545453,13.238323577868712,0.226307572908457,0.8299846719279242,0,,,False
G21c9a4663ca1,c1cc(N2CCN(C3CC3)CC2)ccn1,"[7, 13, 11]",203.28899999999996,1.3659999999999999,19.37,0,9.0,-0.24477422551195693,4.5,0.7233392969458879,1.9407649369857367,2,0.5833333333333334,15.689763048869093,0.25137167578277536,0.6272050788227421,0,,,False
Gf4bd0c90851f,O=C(NC1CCCC1)c1ccc(-c2ccccc2)cc1,"[0, 18, 12]",265.35599999999994,4.0260000000000025,29.1,1,0.0,4.025999982710428,3.7753333333333323,0.8917000371495367,1.467098063970317,3,0.2777777777777778,8.466886950957807,0.5577096528299726,0.8149864904195421,0,,,False
Gada285e4e29a,CNC(=O)c1cc(N2CCOCC2)cs1,"[4, 0, 14]",226.30099999999993,0.9443000000000001,41.57000000000001,1,9.0,-0.6664742255119567,5.333333333333333,0.8158697455158241,2.4327005606643812,2,0.5,10.775550984028477,0.08324716533908533,0.9810743922070823,0,,,False
G139e5b290e54,CNS(=O)(=O)c1ccc(C(N)=O)cc1,"[0, 15, 8]",214.24599999999998,-0.30639999999999995,89.26,2,0.0,-0.3064000172895743,5.5,0.7230903218281417,1.6839654089769596,3,0.125,15.394847921689607,0.15306579921430963,0.9370361727554791,0,,,False
G67f3e4ca96ee,OCc1cc(N2CCCCC2)ccn1,"[2, 12, 7]",192.26199999999994,1.5642,36.36,1,9.0,-0.04657422551195678,5.1513333333333335,0.7722374765547987,2.0269894037033946,2,0.5454545454545454,14.062381920845567,0.2652505016468482,0.9381244721934132,0,,,False
Ga33fbed3989a,CC(=O)NC1CCN(N2CCOCC2)CC1,"[6, 5, 14]",227.30799999999994,-0.16589999999999838,44.81,1,9.0,-1.7766742255119552,5.333333333333333,0.7114633995163859,2.5872688766861245,2,0.9090909090909091,10.507191240186877,0.08079669216311763,0.8005530325587729,0,,,False
G1d5879889437,CNC(=O)c1cc(NC(C)=O)ccn1,"[2, 5, 9]",193.206,0.3996,71.09,2,5.0,0.3978744749712072,5.5,0.7137331157505736,1.912266820509954,2,0.2222222222222222,17.87437356499831,0.21835912789856057,1.2854227375357343,0,,,False
Ge6b15e895dc9,N#Cc1cc(N2CCOCC2)ccn1,"[2, 11, 4]",189.21799999999996,0.7898800000000001,49.150000000000006,0,9.0,-0.8208942255119567,5.5,0.6549858418098585,2.2548295537972027,1,0.4,14.098319110410214,0.08544329396797959,0.001039012883487851,0,,,False
G10a65cbb16a9,OCc1cc(C(F)(F)F)co1,"[5, 8, 15]",166.09799999999996,1.7907000000000002,33.370000000000005,1,0.0,1.7906999827104257,5.501833333333334,0.6894154648839226,2.8780735458463003,1,0.3333333333333333,17.50715891953244,0.08309383445658051,0.5982552878851881,0,,,False
Gcb3f700d058e,OCC1CCN(N2CCOCC2)CC1,"[6, 8, 14]",200.28199999999993,-0.062100000000000044,35.94,1,9.0,-1.6728742255119569,5.130333333333334,0.6771295778614375,2.6928273023900733,2,1.0,14.050113392938357,0.149863441029109,0.851519362589539,0,,,False
Gff9d4adbcbef,CCNC(=O)c1ccnc(CC)c1,"[2, 1, 3]",178.23499999999996,1.3937,41.99,1,5.0,1.391974474971207,5.833333333333333,0.7596439875162989,1.9228474423165167,3,0.4,12.757584159985779,0.08335166337480468,0.9906446961631233,0,,,False
G47960799c591,FC(F)(F)c1ccc(N2CCCCC2)cc1,"[0, 12, 15]",229.24499999999995,3.695700000000003,3.24,0,9.0,2.0849257744880463,4.109687112755975,0.7093915500228384,1.6747946291944853,1,0.5,10.57082514235742,0.058599684221990044,0.0,0,,,False
G74dda6eafb9b,CCNC(=O)N1CCN(F)CC1,"[7, 1, 0]",175.20699999999997,0.2179999999999998,35.58,1,9.0,-1.392774225511957,5.112333333333333,0.5784838474471367,2.720763939030215,1,0.8571428571428571,15.30199128836762,0.03933812706679334,8.295836458122104e-07,0,,,False
G94849cb7e0e3,O=C(c1ccc(N2CCOCC2)cc1)N1CCOCC1,"[0, 17, 14]",276.336,0.9955999999999998,42.010000000000005,0,9.0,-0.615174225511957,5.5,0.8078344447950717,1.8210221839181653,2,0.5333333333333333,13.806841758637871,0.05013380374238361,0.9620264177356103,0,,,False
Ga63c8171af5c,CNC(=O)c1ccc(C2CC2)cc1,"[0, 0, 11]",175.23099999999997,1.9236,29.1,1,0.0,1.9235999827104255,5.288333333333333,0.7306572717202313,1.554555134624211,2,0.36363636363636365,13.717382714386295,0.10574334891894556,3.060909585549307e-10,0,,,False
G0a5a9e3adaa5,N#Cc1csc(NC(=O)C2CC2)c1,"[4, 7, 4]",192.24299999999997,1.96828,52.89,1,0.0,1.9682799827104256,5.833333333333333,0.7783783732595606,2.6208359038549798,2,0.3333333333333333,14.780059754073976,0.14739985147228074,0.5391918686108732,0,,,False
Gd8557cbf7125,CNC(=O)c1cccc(S(=O)(=O)NC)c1,"[1, 15, 9]",228.273,-0.04570000000000002,75.27,2,0.0,-0.04570001728957437,5.5,0.7615655093443402,1.7690081188039173,3,0.2222222222222222,14.07367775502659,0.059458872863727856,0.9830740943749103,0,,,False
Gb607162c6160,CCc1csc(-c2ccncc2)c1,"[4, 13, 3]",189.28299999999996,3.3725000000000014,12.89,0,5.0,3.3707744749712085,4.128362762514395,0.7054576747597937,2.2161903572962753,2,0.18181818181818182,14.97696184737639,0.20555515757357862,0.4204357536578129,0,,,False
G211caea15531,CCNC(=O)c1ccnc(CO)c1,"[2, 1, 7]",180.20699999999997,0.32359999999999994,62.22,2,5.0,0.32187447497120714,5.5,0.7039426684834799,2.022243596162671,3,0.3333333333333333,17.540923843390946,0.119274692440964,0.9828175253592775,0,,,False
Gb17de00ea15f,O=C(NCCO)N1CCN(F)CC1,"[7, 4, 0]",191.20599999999996,-0.8095999999999999,55.81,2,9.0,-2.4203742255119565,5.0,0.561228954275171,2.745274365393442,2,0.8571428571428571,15.148787982858401,0.09187758104241829,2.296066089993233e-07,0,,,False
G3b21886a0f95,CC(=O)NCCc1ccc(C(N)=O)cc1,"[0, 16, 8]",206.24499999999998,0.4641000000000001,72.19,2,0.0,0.4640999827104258,5.5,0.7509767236288923,1.5870768336256802,4,0.2727272727272727,13.699402214427202,0.036902080596819695,0.9999736031707027,0,,,False
G6c236b826dc7,CC(=O)Nc1cc(C)cs1,"[4, 5, 2]",155.22199999999998,2.01492,29.1,1,0.0,2.014919982710426,5.28087334197812,0.6600589496402322,2.4857565461626923,1,0.2857142857142857,16.676142346496057,0.129596404281138,0.9710652627346257,1,,,False
G78150b475d04,NC(=O)N1CCN(N2CCOCC2)CC1,"[7, 11, 8]",214.26899999999998,-1.0700999999999976,62.040000000000006,1,9.0,-2.680874225511954,5.333333333333333,0.6035415215532105,2.6382096840990865,1,0.8888888888888888,15.409056031789909,0.10540862605125981,2.2346543204207796e-06,0,,,False
G4b4f0358acbb,COc1csc(C(=O)NC2CC2)c1,"[4, 3, 5]",197.25899999999996,1.6489,38.33,1,0.0,1.6488999827104256,5.749833333333333,0.7997350838102829,2.210332057701134,3,0.4444444444444444,11.970219788972207,0.16626970471753552,0.30305325621644913,0,,,False
Gf7154a5239f3,O=C(c1ncc(CO)cn1)N1CCOCC1,"[3, 17, 7]",223.23199999999994,-0.5587000000000004,75.55000000000001,1,5.0,-0.5604255250287932,5.833333333333333,0.7270977271501199,2.3751367696627135,2,0.5,12.915598579588865,0.23216908020504953,0.9715453699187551,0,,,False
G70fe27a279d2,CCc1ccc(N2CCCCC2)cc1,"[0, 12, 3]",189.30199999999996,3.239300000000002,3.24,0,9.0,1.628525774488045,4.380349999999999,0.6900504270732762,1.4803736438534898,2,0.5384615384615384,12.679377148729259,0.11092682954880143,0.0,0,,,False
G4aee0a2c39b9,N#Cc1cc(-c2ccncc2)ccn1,"[2, 13, 4]",181.19799999999998,2.0152799999999997,49.57,0,5.0,2.013554474971207,5.993222762514397,0.675741015541948,2.149068578187448,1,0.0,11.960208247812863,0.12690401611529578,0.9993323989025731,0,,,False
G5b84eff1ea32,CCc1csc(CCNC(C)=O)c1,"[4, 16, 3]",197.30299999999997,1.9890999999999999,29.1,1,0.0,1.9890999827104254,5.288333333333333,0.7854768087967916,2.277401288470365,4,0.5,13.044858264785754,0.06509773316822089,0.8461392102289874,0,,,False
G930cff27ed3d,CCc1ccc(C(=O)N2CCOCC2)cc1,"[0, 17, 3]",219.28399999999993,1.7214000000000003,29.540000000000003,0,0.0,1.7213999827104258,5.477,0.7576732688984317,1.582339110799838,2,0.46153846153846156,14.436106945528643,0.2063869547531946,1.8438359257138766,0,,,False
G3084d93904fa,NC(=O)c1cccc(C(=O)N2CCOCC2)c1,"[1, 17, 8]",234.25499999999994,0.25790000000000035,72.63,1,0.0,0.257899982710426,5.833333333333333,0.7972503373779263,1.7336569664559427,2,0.3333333333333333,12.551681743146286,0.18758662263758338,0.9681223463376888,0,,,False
G702c102ce253,COc1ccc(NC(=O)c2ccncc2)cc1,"[0, 6, 5]",228.251,2.3424999999999994,51.22,1,5.0,2.3407744749712065,5.6629460958477305,0.8767840859051041,1.453447429564262,3,0.07692307692307693,9.862912177122187,0.7751784030543535,0.5256524973189334,0,,,False
G1da7c8a6a342,O=C(NCCO)C1CCN(c2ccncc2)CC1,"[6, 4, 13]",249.314,0.40649999999999975,65.46000000000001,2,9.0,-1.204274225511957,5.0,0.810749585660315,1.9739387987729788,4,0.5384615384615384,13.209610119301079,0.15801905716392198,0.20504275638930616,1,,,False
Gba4b357f7586,CC(=O)Nc1cc(NC(=O)CO)ccn1,"[2, 19, 10]",209.20499999999998,-0.02920000000000028,91.32,3,5.0,-0.030925525028793085,5.1226666666666665,0.6515447953946343,2.099452068147256,3,0.2222222222222222,12.707180835291423,0.07320376210267446,1.0000034670308078,0,,,False
Gb01922af2a46,O=C(C1CCN(Cl)CC1)N1CCOCC1,"[6, 17, 1]",232.71099999999996,0.7109999999999999,32.78,0,9.0,-0.899774225511957,5.139,0.6247038915015558,2.4037814193405893,1,0.9,14.097938546967583,0.044520799474586835,0.9795087525827145,0,,,False
Gefb6e574218a,CCOc1cc(C(=O)NC2CC2)ccn1,"[2, 3, 6]",206.24499999999995,1.3725,51.22,1,5.0,1.3707744749712072,5.833333333333333,0.8091094026744864,1.9260935583643572,4,0.45454545454545453,14.105302541913645,0.0942425713209442,0.9998934504859016,0,,,False
Gf37878bdd449,CC(=O)NC1CCN(c2ccccc2)CC1,"[6, 5, 12]",218.3,1.7915,32.34,1,9.0,0.18072577448804328,4.950333333333334,0.8204948284638366,1.6520665355490003,2,0.46153846153846156,15.672840296669738,0.2060283423512765,0.6714804486360845,0,,,False
G029c8f32e52c,N#CN1CCC(C(=O)N2CCOCC2)CC1,"[6, 17, 4]",223.27599999999995,0.03828000000000009,56.57,0,9.0,-1.5724942255119567,5.5,0.5888440654470062,2.512460515482111,1,0.8181818181818182,13.223059050227501,0.08554460391974877,8.786082291219402e-05,0,,,False
G3c87cac54f00,NC(=O)N1CCN(c2ccncc2)CC1,"[7, 13, 8]",206.24899999999997,0.2823000000000001,62.459999999999994,1,9.0,-1.3284742255119566,5.333333333333333,0.7176343154889933,1.9703291832046315,1,0.4,14.421454674069382,0.09802972761863163,1.7476113616810645,0,,,False
G8a5d1d4ad8be,CCc1csc(C(=O)NC2CC2)c1,"[4, 3, 3]",195.28699999999995,2.2027,29.1,1,0.0,2.202699982710426,5.18698334197812,0.7867750954257634,2.1447435961626713,3,0.5,17.235467771376868,0.07354610246082262,0.9918326851344872,0,,,False
G4143cba008e7,CC(=O)Nc1cc(C(F)(F)F)co1,"[5, 5, 15]",193.12399999999997,2.2568,42.24,1,0.0,2.256799982710426,5.70493334197812,0.74269146797204,2.9885356776106367,1,0.2857142857142857,14.718545268630146,0.1823408646774654,1.335405705201042e-07,0,,,False
Gf536da1ae078,ClN1CCN(c2ccccc2)CC1,"[7, 14, 1]",196.681,1.9624,6.48,0,9.0,0.3516257744880431,4.5,0.6340992910428453,2.0312385354339266,1,0.4,10.240045261152583,0.05735412622349478,0.0,0,,,False
G05384304678d,Cc1ccc(C(=O)NCCO)cc1,"[0, 4, 2]",179.21899999999997,0.7171200000000002,49.33,2,0.0,0.7171199827104259,5.5,0.7178244028287531,1.4165166730857486,3,0.3,16.08071866250205,0.10206724621634383,0.8210965412487687,0,,,False
G93682129255d,CCc1cnc(C(=O)N2CCOCC2)nc1,"[3, 17, 3]",221.25999999999993,0.5113999999999999,55.32000000000001,0,5.0,0.5096744749712071,6.0,0.7298953042907617,2.2811334251811086,2,0.5454545454545454,13.14350246847494,0.17382851398280905,0.9960117793701803,0,,,False
G0aeeffec397f,CNC(=O)c1cc(CO)cs1,"[4, 0, 7]",171.22099999999998,0.5999999999999999,49.33,2,0.0,0.5999999827104255,5.5,0.6842357557662477,2.368175720912614,2,0.2857142857142857,15.594008385915819,0.23649005510189317,0.9258282362878113,0,,,False
G0e197b358e76,O=C(Nc1ccccc1)c1ncc(F)cn1,"[3, 2, 0]",217.203,1.8679999999999997,54.88,1,5.0,1.8662744749712068,5.833333333333333,0.834921233465721,1.940406669328265,2,0.0,10.908466409172673,0.07597303893400698,1.2113188911784804e-13,0,,,False
Gc79cf844cf53,Fc1csc(N2CCOCC2)c1,"[4, 11, 0]",187.23899999999998,1.7238,12.47,0,9.0,0.11302577448804318,4.5,0.6634750080331405,2.79862859437487,1,0.5,15.930948833302073,0.2257614032995311,1.2505225676000027,0,,,False
G3bcffb298cff,O=C(NC1CCCC1)c1ccc(N2CCOCC2)cc1,"[0, 18, 14]",274.364,2.1955999999999998,41.57000000000001,1,9.0,0.584825774488043,5.333333333333333,0.918429143360024,1.7586018449351144,3,0.5625,9.59858469358382,0.047635513872642234,1.7639517729684965e-07,0,,,False
G0b72753c2a12,CNC(=O)c1ncc(C2CC2)cn1,"[3, 0, 11]",177.20699999999997,0.7135999999999998,54.88,1,5.0,0.711874474971207,5.833333333333333,0.7235347938865275,2.507555134624212,2,0.4444444444444444,13.856810199436794,0.10963597474297833,0.9942930252758508,0,,,False
G68a4141fc88f,O=C(NCCO)c1cccc(CO)c1,"[1, 4, 7]",195.21799999999996,-0.09899999999999981,69.56,3,0.0,-0.09900001728957415,5.166666666666667,0.6280837750977885,1.685598928887405,4,0.3,10.864108265241605,0.041015681991172434,0.9959419293653009,0,,,False
G9cc904a86368,CCOc1cccc(C(=O)Nc2ccccc2)c1,"[1, 2, 6]",241.29,3.337600000000001,38.33,1,0.0,3.337599982710427,4.912233341978119,0.8911262883056099,1.3240855443351087,4,0.13333333333333333,10.514148435271842,0.2516032649713594,0.8014123424778161,0,,,False
Ge9e6a0110997,CNC(=O)c1cccc(C(N)=O)c1,"[1, 0, 8]",178.19099999999997,0.14510000000000012,72.19,2,0.0,0.14509998271042576,5.5,0.6759477429264729,1.5793909588000332,2,0.1111111111111111,13.37115818413878,0.08035976380856402,1.6271018129311874,0,,,False
G15c90e572479,CC(=O)Nc1cnc(NC(C)=O)nc1,"[3, 5, 10]",194.194,0.3933999999999998,83.97999999999999,2,5.0,0.391674474971207,5.5,0.7129774392175221,2.0772182375140016,2,0.25,16.97655781818205,0.08240657730723093,0.9996940340658179,0,,,False
G93a89fce9e53,OCc1cc(-c2ccccc2)cs1,"[4, 8, 12]",190.26700000000002,2.907400000000001,20.23,1,0.0,2.9073999827104267,4.39113334197812,0.7716126523826172,1.9129523006161122,2,0.09090909090909091,15.459036628274024,0.12539960340085007,3.5139830890316436e-20,0,,,False
Ga9b40f7a2dba,O=C(NCCO)C1CCN(F)CC1,"[6, 4, 0]",190.21799999999996,-0.3086000000000004,52.57000000000001,2,9.0,-1.9193742255119572,5.0,0.6002322813712779,2.6902320577011327,3,0.875,17.79407296523585,0.13306743646599756,1.9926141576937748,0,,,False
G21ebab0dbb06,N#CN1CCN(C(=O)N2CCOCC2)CC1,"[7, 17, 4]",224.26399999999995,-0.46271999999999935,59.809999999999995,0,9.0,-2.073494225511956,5.5,0.5222493544386374,2.6359200472546878,0,0.8,10.364444903859791,0.0877000678596854,0.0001254480284525665,0,,,False
G794b3baf455f,CCOc1ncc(OC)cn1,"[3, 10, 5]",154.16899999999998,0.8838999999999998,44.24000000000001,0,5.0,0.882174474971207,6.0,0.6479601078667103,2.2276896663220427,3,0.42857142857142855,13.227779514549677,0.5923052481806816,1.3254878133672758,0,,,False
Gab3f04f21bf1,FC(F)(F)c1cccc(-c2ccncc2)c1,"[1, 13, 15]",223.19699999999995,3.767400000000001,12.89,0,5.0,3.7656744749712083,3.733462762514395,0.7166892473597637,1.7351361676560249,1,0.08333333333333333,16.280127197036066,0.16673009437290873,0.9999487581966212,0,,,False
G02c029b5c612,O=C(CO)Nc1ncc(F)cn1,"[3, 19, 0]",171.13099999999997,-0.45350000000000024,75.11,2,5.0,-0.45522552502879304,5.5,0.631310113196796,2.3984128900791664,2,0.16666666666666666,17.78194416889793,0.12340099516905732,1.9058096935837026,0,,,False
G6855af58b4c4,CNC(=O)N1CCC(NC(=O)CO)CC1,"[6, 19, 9]",215.253,-1.1012999999999986,81.67000000000002,3,0.0,-1.101300017289573,5.166666666666667,0.546560756249693,2.2078134189915346,2,0.7777777777777778,11.664898051974886,0.0857777167946301,0.000184230506465861,0,,,False
G642486a8cb09,c1cc(-c2ccnc(N3CCOCC3)c2)ccn1,"[2, 13, 14]",241.29399999999993,1.9801999999999995,38.25,0,9.0,0.3694257744880427,5.4125,0.8055085426890174,2.0250744003508903,2,0.2857142857142857,15.277949229759878,0.17328172482500248,1.7330243769895037,0,,,False
G229150db0d98,O=C(CO)Nc1cccc(-c2ccncc2)c1,"[1, 19, 13]",228.251,1.6793999999999996,62.22,2,5.0,1.6776744749712067,5.5,0.8397201321268868,1.7955689366286265,3,0.07692307692307693,12.31646013807702,0.1123315940800341,0.9968056131079737,0,,,False
G06005187b7a9,CCNC(=O)C1CCN(Cl)CC1,"[6, 1, 1]",190.67399999999998,0.9883,32.34,1,9.0,-0.6224742255119569,4.950333333333334,0.6591298800901652,2.4247541488204263,2,0.875,17.047065505993707,0.09247117776296154,0.8242933267542205,0,,,False
G5ab61ecc58c0,O=C(Nc1cc(Cl)cs1)c1ccncc1,"[4, 6, 1]",238.699,3.048800000000001,41.99,1,5.0,3.047074474971208,5.285396095847729,0.8738862597785187,2.400719165315543,2,0.0,16.65315487103961,0.0937953466229688,1.8470090262786685,0,,,False
G828ec4d9416f,CNS(=O)(=O)C1CCN(CO)CC1,"[6, 15, 7]",208.283,-1.0501999999999991,69.64,2,9.0,-2.660974225511956,5.0,0.6207203573636689,2.7783768928659693,3,1.0,16.316625301020352,0.05962095685575785,0.7967608748822155,0,,,False
G55ef80405766,CCOc1cccc(C(=O)NC2CCCC2)c1,"[1, 18, 6]",233.31099999999992,2.7577000000000007,38.33,1,0.0,2.7576999827104265,5.37098334197812,0.8680238219294587,1.5830643840383587,4,0.5,12.774150555396206,0.27254853207382057,0.914626334268315,0,,,False
G250acf0f36d4,CNC(=O)c1csc(N2CCCCC2)c1,"[4, 12, 9]",224.32899999999998,2.098,32.34,1,9.0,0.48722577448804305,4.950333333333334,0.8340431644955201,2.478154585709106,2,0.5454545454545454,14.47877538736731,0.06791592845942625,0.9697798526416899,0,,,False
Gaaff24b02248,O=C(Nc1ccccc1)c1ccc(Cl)cc1,"[0, 2, 1]",231.68200000000002,3.5923000000000016,29.1,1,0.0,3.5922999827104274,4.196033341978119,0.8409326520489111,1.1603143616359564,2,0.0,18.021537957719644,0.13930117922133198,0.9577778395646962,0,,,False
G5359ae5f6319,CNS(=O)(=O)c1ccc(C2CC2)cc1,"[0, 15, 11]",211.28599999999997,1.4721,46.17,1,0.0,1.4720999827104255,5.833333333333333,0.8226237493763021,1.7566105452063088,3,0.4,15.191567853671955,0.1751731612237546,0.7998345499324075,0,,,False
G8dd21474cb48,CC(=O)Nc1cccc(F)c1,"[1, 5, 0]",153.15599999999998,1.7841,29.1,1,0.0,1.7840999827104256,5.288333333333333,0.6542396201198041,1.3768603362972307,1,0.125,18.06107528054582,0.10958821145761005,1.7878400129740308,0,,,False
G186a646c8619,O=C(NC1CCCC1)N1CCN(C2CC2)CC1,"[7, 18, 11]",237.34699999999992,1.4185999999999996,35.58,1,9.0,-0.19217422551195718,5.112333333333333,0.7881359990233742,1.9900226257966,2,0.9230769230769231,12.322180494615052,0.3003474772419226,0.8733411800344069,0,,,False
G7cea77bb2c3d,O=C(CO)Nc1cccc(CO)c1,"[1, 19, 7]",181.19099999999997,0.10969999999999985,69.56,3,0.0,0.10969998271042551,5.166666666666667,0.6194918474948988,1.767478211547287,3,0.2222222222222222,14.312111416372678,0.12240019605843394,0.9752846559804554,0,,,False
Geda4ef557b36,CCNC(=O)C1CCN(C(N)=O)CC1,"[6, 1, 8]",199.25399999999996,-0.08679999999999899,75.43,2,0.0,-0.08680001728957333,5.5,0.6519895581440754,1.939558318485659,2,0.7777777777777778,16.07194786841179,0.12596022267287194,1.9615273911970377,0,,,False
G8b35695d3103,c1ccc(-c2cc(-c3ccncc3)cs2)cc1,"[4, 14, 13]",237.32700000000003,4.477100000000003,12.89,0,5.0,4.47537447497121,3.2614499999999986,0.6401713504040037,1.9270276678134053,2,0.0,14.323838964893246,0.1359018087113,4.612020044407095e-05,0,,,False
G4cda4e0f1488,CCNC(=O)c1cc(OC)co1,"[5, 1, 5]",169.17999999999998,1.0379,51.47,1,0.0,1.0378999827104256,5.833333333333333,0.7349874873839001,2.462755547421823,3,0.375,14.020870408631998,0.06452580205291492,0.0002494966766433383,0,,,False
Gaee62b931bbb,CCOc1coc(NC(C)=O)c1,"[5, 5, 6]",169.17999999999998,1.6366999999999998,51.47,1,0.0,1.6366999827104254,5.833333333333333,0.7477795540501861,2.885973729240005,3,0.375,15.969067261628997,0.4937821497410168,0.8518364862884918,0,,,False
Gf7540be8efbf,CNC(=O)c1cccc(NC(C)=O)c1,"[1, 0, 10]",192.218,1.0046,58.2,2,0.0,1.0045999827104255,5.5,0.7341261767949913,1.5055214763803964,2,0.2,16.719682392419102,0.30821915566692304,1.6264879003647614,0,,,False
G965dacd5e4ff,O=C(c1cccc(F)c1)N1CCOCC1,"[1, 17, 0]",209.21999999999994,1.2981000000000003,29.540000000000003,0,0.0,1.2980999827104258,5.477,0.6973044301715492,1.6367399166572252,1,0.36363636363636365,13.649064052524112,0.23384237708832145,1.9146900348646239,0,,,False
G6b29c63e4cf6,CCc1cccc(CCNC(C)=O)c1,"[1, 16, 3]",191.27399999999997,1.9276,29.1,1,0.0,1.9275999827104255,5.288333333333333,0.7737466495660362,1.6146959703075243,4,0.4166666666666667,10.10031389615867,0.44820993703728707,4.0732921148307266e-13,0,,,False
Gaf83931bbe8e,CC(=O)NN1CCN(C(=O)Nc2ccccc2)CC1,"[7, 2, 10]",262.31300000000005,0.8871999999999997,64.68,2,9.0,-0.7235742255119572,5.0,0.8315512308238027,2.0075822768578515,2,0.38461538461538464,12.875624769099872,0.12268174408676172,1.3279542337764574,0,,,False
Ge4386f423d1c,CNC(=O)N1CCN(S(=O)(=O)NC)CC1,"[7, 15, 9]",236.297,-1.5923999999999976,81.75,2,0.0,-1.592400017289572,5.5,0.6061104460657698,2.410379272650072,2,0.8571428571428571,17.55673420602297,0.1474957345913044,1.912312968894542,0,,,False
G2e0477ac98a6,OCc1cc(N2CCOCC2)cs1,"[4, 8, 14]",199.27499999999995,1.077,32.7,1,9.0,-0.5337742255119569,4.968333333333334,0.7732536590137786,2.530764041506801,2,0.5555555555555556,12.222239932625888,0.0805461272998669,0.006697660381213298,0,,,False
G4dcb59914864,CCc1coc(C(=O)NC2CC2)c1,"[5, 3, 3]",179.21899999999994,1.7342,42.24,1,0.0,1.7341999827104255,5.833333333333333,0.7674155257574969,2.411312826931903,3,0.5,12.94382837901212,0.0768886174507744,8.812681428046124e-11,0,,,False
Gd1338ebdf439,CNC(=O)N1CCN(c2ccccc2)CC1,"[7, 14, 9]",219.288,1.148,35.58,1,9.0,-0.4627742255119569,5.112333333333333,0.768715732987595,1.6848066693282657,1,0.4166666666666667,14.122566644588508,0.09762794144549072,0.03600726245994012,0,,,False
G097e804c4549,NC(=O)c1coc(NC(=O)C2CC2)c1,"[5, 7, 8]",194.18999999999994,0.7270000000000003,85.33,2,0.0,0.726999982710426,5.5,0.7431483795963785,2.7017708690929485,3,0.3333333333333333,16.057617994255907,0.19258303424967185,0.9285428749278449,0,,,False
G5f02c6672059,CCNC(=O)c1ccc(F)cc1,"[0, 1, 0]",167.18299999999996,1.5754000000000001,29.1,1,0.0,1.5753999827104257,5.288333333333333,0.7113647830103595,1.3383135893798652,2,0.2222222222222222,16.519563124059818,0.11660794879068032,1.5100940989089144,0,,,False
G1524be811a73,CCOc1cccc(CC)c1,"[1, 10, 3]",150.22099999999998,2.6477000000000004,9.23,0,0.0,2.647699982710426,4.676150008644787,0.6432681116372203,1.3684732891508293,3,0.4,11.424695769410782,0.1459239415064263,0.22811633844031584,0,,,False
G66291b74f860,CCNC(=O)C1CCN(C)CC1,"[6, 1, 2]",170.25599999999997,0.46429999999999993,32.34,1,9.0,-1.1464742255119569,4.950333333333334,0.6528899679218383,1.7944814215476974,2,0.8888888888888888,17.42980247316471,0.14343493684992034,0.7230548475661448,0,,,False
Ge367b6cb27f2,N#Cc1cnc(N2CCCCC2)nc1,"[3, 12, 4]",188.23399999999998,1.3385799999999999,52.81,0,9.0,-0.27219422551195693,5.5,0.6669488975209796,2.197942124153677,1,0.5,11.014657763769515,0.32020926845722686,0.5851196626417775,0,,,False
Ga3bbb86aaff9,O=C(C1CCN(c2ccncc2)CC1)N1CCOCC1,"[6, 17, 13]",275.352,1.1567999999999994,45.67,0,9.0,-0.45397422551195743,5.5,0.8122450306805226,2.032786199563537,2,0.6,6.0305656265376975,1.073950305924553,0.6308157507531974,0,,,False
G3b6486c64f67,CC(=O)NCCC1CCN(C(F)(F)F)CC1,"[6, 16, 15]",238.25299999999996,1.7444,32.34,1,9.0,0.13362577448804314,4.950333333333334,0.7595528828961193,2.5439871157776697,3,0.9,7.374260945311486,0.1821841241330759,1.1898265846045536e-26,0,,,False
G57801cc3a249,CCNC(=O)c1cc(Cl)cs1,"[4, 1, 1]",189.66699999999997,2.1512000000000002,29.1,1,0.0,2.151199982710426,5.2127333419781205,0.7592211115821476,2.4002849516818454,2,0.2857142857142857,14.11398708873843,0.09390081801455938,0.003287982833711632,0,,,False
G48af621cce68,COc1coc(N2CCCCC2)c1,"[5, 12, 5]",181.23499999999999,2.2785,25.610000000000003,0,9.0,0.6677257744880434,4.7805,0.6995700362011572,2.603434486850931,2,0.6,19.264134827075203,0.16300105817442695,0.9870983689136036,0,,,False
G98ac42e2b110,COc1csc(-c2ccncc2)c1,"[4, 13, 5]",191.25499999999997,2.8187000000000015,22.12,0,5.0,2.8169744749712087,4.697512762514396,0.7278137841928596,2.2681352965675305,2,0.1,13.291528778786182,0.1277271832726026,0.0008454442369799276,0,,,False
G1507ab110db7,CCNC(=O)c1ccc(-c2ccccc2)cc1,"[0, 1, 12]",225.291,3.1033000000000017,29.1,1,0.0,3.1032999827104275,4.6850333419781185,0.8540259502372965,1.3271846352157546,3,0.13333333333333333,7.477988206025373,0.7593833648051425,0.000916700805131682,0,,,False
G8fa5cc7fb9c7,CCNC(=O)c1cccc(-c2ccncc2)c1,"[1, 1, 13]",226.279,2.4983000000000004,41.99,1,5.0,2.4965744749712075,5.58504609584773,0.8732665780015971,1.6720838502863948,3,0.14285714285714285,13.529299557798407,0.14273300381374962,0.9996853605949665,0,,,False
Ged7a8cbc3763,Cc1cccc(C(=O)NC2CCCC2)c1,"[1, 18, 2]",203.28499999999994,2.667420000000001,29.1,1,0.0,2.6674199827104266,4.95462334197812,0.7862734883746749,1.512250113437192,2,0.46153846153846156,17.297297968137737,0.18940583311138154,0.9401388702169812,0,,,False
G555ac97e748b,O=C(CO)NN1CCN(C2CC2)CC1,"[7, 19, 11]",199.25399999999996,-1.210099999999999,55.81,2,9.0,-2.8208742255119557,5.0,0.5986600285228949,2.5101302898341498,3,0.8888888888888888,7.949957643755461,0.09083753873402191,0.0017859398497102376,0,,,False
G61cebb81a306,Cc1csc(N2CCOCC2)c1,"[4, 11, 2]",183.27599999999998,1.89312,12.47,0,9.0,0.2823457744880431,4.5,0.6589940520325694,2.573185517451794,1,0.5555555555555556,15.442456328939556,0.06934301793177329,0.8649975082920697,0,,,False
G56ab3f9be23d,CNC(=O)c1cnc(S(=O)(=O)NC)nc1,"[3, 15, 9]",230.249,-1.2556999999999994,101.05000000000001,2,5.0,-1.2574255250287922,5.131666666666666,0.6313382738229443,2.585581580342378,3,0.2857142857142857,13.692287446993383,0.07441211698399558,0.0002769189129563203,0,,,False
G024376f75a4b,O=C(NC1CCCC1)c1cccc(F)c1,"[1, 18, 0]",207.24799999999993,2.498100000000001,29.1,1,0.0,2.4980999827104267,5.03928334197812,0.7927414108325879,1.5520304354407681,2,0.4166666666666667,14.529215457009412,0.35083973262292656,0.994602955480302,0,,,False
G2ad7dfe51ccd,CNC(=O)N1CCC(N2CCCCC2)CC1,"[6, 12, 9]",225.33599999999998,1.2761000000000002,35.58,1,9.0,-0.3346742255119566,5.112333333333333,0.7293630722424197,2.0852705489269265,1,0.9166666666666666,12.130215858144911,0.06185918784172554,1.168900993115973e-16,0,,,False
G3a05f97a6636,CC(=O)NCCc1ccnc(C)c1,"[2, 16, 2]",178.23499999999999,1.06862,41.99,1,5.0,1.066894474971207,5.833333333333333,0.7518427608273393,1.9519628269319043,3,0.4,13.507820425063723,0.13466931229309434,0.991740759899752,0,,,False
Gabc3d77b7cd9,c1cc(N2CCOCC2)ccc1N1CCCCC1,"[0, 12, 14]",246.35399999999993,2.5135000000000005,15.71,0,9.0,0.9027257744880437,4.5,0.7972082357666428,1.739838502914992,2,0.6,13.379452090012173,0.205546637756354,5.648643231200773e-10,0,,,False
G3054ae214390,CC(=O)Nc1cccc(C(N)=O)c1,"[1, 5, 8]",178.19099999999997,0.7439,72.19,2,0.0,0.7438999827104257,5.5,0.7007341992947292,1.4884692005582778,2,0.1111111111111111,13.581964745164765,0.40343705947746766,1.3932876259590854,0,,,False
Gcece1be262c6,NC(=O)c1csc(-c2ccncc2)c1,"[4, 13, 8]",204.25399999999996,1.9089999999999996,55.980000000000004,1,5.0,1.9072744749712067,5.833333333333333,0.8119127009782281,2.263697508769061,2,0.0,15.015855101948759,0.17124785309531937,0.3781947534616842,0,,,False
Gd49e2cac743f,OCN1CCN(c2ccccc2)CC1,"[7, 14, 7]",192.262,0.7584,26.71,1,9.0,-0.8523742255119569,4.668833333333334,0.7490693011697894,1.74721942246512,2,0.45454545454545453,14.691493604451928,0.18317723071773123,0.9291861617081821,0,,,False
Ga830435cf502,COc1ccc(NC(=O)C2CC2)cc1,"[0, 7, 5]",191.22999999999996,2.0436999999999994,38.33,1,0.0,2.043699982710425,5.7279833419781205,0.7935643081762243,1.3142202306625528,3,0.36363636363636365,16.031790538809226,0.2085798784779061,1.0023548097685047,0,,,False
Gcce0dc76f2c8,CNC(=O)c1cc(N2CCOCC2)co1,"[5, 0, 14]",210.23299999999992,0.4758,54.71000000000001,1,9.0,-1.1349742255119568,5.333333333333333,0.7708431331803893,2.645126320950606,2,0.5,13.003139422348692,0.1009930991353395,1.9254942132029735,0,,,False
Gc3cfe0d9ac3f,Cc1cccc(C(=O)N2CCOCC2)c1,"[1, 17, 2]",205.25699999999995,1.4674200000000002,29.540000000000003,0,0.0,1.4674199827104257,5.477,0.6944567272521135,1.5969595946536472,1,0.4166666666666667,14.408635586687836,0.13609011458114137,0.9664779321865492,0,,,False
Gda52edb6b512,O=C(NCCO)c1cc(C2CC2)cs1,"[4, 4, 11]",211.28599999999994,1.3476,49.33,2,0.0,1.3475999827104255,5.5,0.7894284504259417,2.519705437763145,4,0.5,12.444514387292376,0.047120899047521383,1.0025741694487342,0,,,False
G5fbfc516fee3,CCNC(=O)c1cccc(C(F)(F)F)c1,"[1, 1, 15]",217.18999999999994,2.4551000000000007,29.1,1,0.0,2.4550999827104265,5.06078334197812,0.809511520632857,1.664815811111609,2,0.3,14.394043799625104,0.18633534428982904,5.754903823656654e-08,0,,,False
G8a7dd7e78904,O=C(c1cc(C(F)(F)F)cs1)N1CCOCC1,"[4, 17, 15]",265.2559999999999,2.2393,29.540000000000003,0,0.0,2.239299982710426,5.357350008644787,0.7790321872592773,2.4184348306130605,1,0.5,12.244819581876751,0.2098661124791732,0.8867275378852274,0,,,False
Gd03f520d354b,FC(F)(F)c1cnc(-c2ccncc2)nc1,"[3, 13, 15]",225.17299999999994,2.5574000000000003,38.67,0,5.0,2.5556744749712075,5.655662762514396,0.7481434618217224,2.1432377061175636,1,0.1,16.88082115346917,0.08458275379267235,1.983927305700132,0,,,False
G1821aca69f04,FN1CCN(c2ccncc2)CC1,"[7, 13, 0]",181.21399999999997,1.0880999999999998,19.37,0,9.0,-0.522674225511957,4.5,0.6044239888259847,2.5684911670128745,1,0.4444444444444444,17.94619519544524,0.14424437994048117,0.9133972084657384,0,,,False
G851b4217d894,CC(=O)NCCc1cccc(C#N)c1,"[1, 16, 4]",188.23,1.23688,52.89,1,0.0,1.2368799827104255,5.833333333333333,0.7753746965675329,1.805946857881489,3,0.2727272727272727,13.649420728945113,0.18950211575303472,3.025448324878919e-17,0,,,False
G49efb771877f,CCOc1cnc(NC(=O)c2ccncc2)nc1,"[3, 6, 6]",244.254,1.5226,77.00000000000001,1,5.0,1.520874474971207,5.833333333333333,0.8819012342880036,2.053010988122093,4,0.16666666666666666,7.545671986537593,0.05906785897172939,5.4058284755645476e-17,0,,,False
G937a8356aa1b,CCN1CCN(C(=O)NC)CC1,"[7, 0, 3]",171.24399999999997,-0.0367000000000004,35.58,1,9.0,-1.6474742255119572,5.112333333333333,0.6007992732699612,1.9366436593099365,1,0.875,12.946865092696425,0.051964136567081896,0.9996894761895991,0,,,False
G4e29db644405,Fc1cccc(-c2ccccc2)c1,"[1, 14, 0]",172.20199999999997,3.492700000000001,0.0,0,0.0,3.492699982710427,4.007300008644786,0.6172445494970527,1.2037814504136843,1,0.0,13.601897573431119,0.43337431700384943,0.904929647281976,0,,,False
G9d5cd2e78544,FC(F)(F)N1CCN(N2CCOCC2)CC1,"[7, 11, 15]",239.24099999999996,0.371,18.950000000000003,0,9.0,-1.2397742255119568,4.5,0.6153446619459645,2.997751552271408,1,1.0,12.52819037406227,0.22146249537381896,1.2738159741921347e-06,0,,,False
Gaea72b467c02,O=C(NC1CC1)c1ccc(Cl)cc1,"[0, 3, 1]",195.64899999999997,2.2321999999999997,29.1,1,0.0,2.2321999827104255,5.172233341978121,0.7706749155741353,1.3619512884703635,2,0.3,10.017814174211866,0.134394878222739,4.328386450095553e-06,0,,,False
G257d1fc076ec,CC(=O)NN1CCN(C2CC2)CC1,"[7, 5, 11]",183.25499999999997,-0.18250000000000055,35.58,1,9.0,-1.7932742255119574,5.112333333333333,0.6447098764608354,2.422362826931904,2,0.8888888888888888,12.642510894380079,0.04976759966919564,0.0005390696205227911,0,,,False
Gd1dde8997c2f,O=C(Nc1ccnc(-c2ccncc2)c1)C1CC1,"[2, 7, 13]",239.278,2.4921000000000006,54.88,1,5.0,2.490374474971208,5.58814609584773,0.8948371791740198,1.9329568461102582,3,0.21428571428571427,16.217130254808716,0.1785329948014532,0.9499910329050779,0,,,False
G30bfe2f32b50,NC(=O)N1CCC(NC(=O)c2ccncc2)CC1,"[6, 6, 8]",248.286,0.3544999999999999,88.32000000000001,2,5.0,0.3527744749712071,5.5,0.7913596558766768,2.0020805843629557,2,0.4166666666666667,8.585016243059046,0.03951313837994416,1.1072762664781886e-07,0,,,False
G22c358605329,COc1cnc(N2CCCCC2)nc1,"[3, 12, 5]",193.24999999999997,1.4755,38.25,0,9.0,-0.13527422551195678,5.4125,0.7126570360469247,2.02401416918182,2,0.6,13.40508834322285,0.22326356980867393,1.8077218406038174,0,,,False
G191c9495c47a,COc1cnc(-c2ccncc2)nc1,"[3, 13, 5]",187.20199999999997,1.5472,47.900000000000006,0,5.0,1.545474474971207,6.0,0.7151854602377449,2.0380899665551766,2,0.1,17.602734369302443,0.10818050183690388,0.9658140880553095,0,,,False
G09dc4e313ca1,OCc1ccnc(N2CCOCC2)c1,"[2, 8, 14]",194.23399999999992,0.4105000000000001,45.59,1,9.0,-1.2002742255119567,5.333333333333333,0.7403771667872845,2.0458201729341656,2,0.5,15.054210684531544,0.01426435564296876,1.8219730997339054,0,,,False
Gf6b3b90d256a,O=C(NCCO)c1ncc(N2CCOCC2)cn1,"[3, 4, 14]",252.27399999999992,-0.9646999999999999,87.58,2,9.0,-2.5754742255119565,5.0,0.7170410749591744,2.419287023625051,4,0.5454545454545454,13.77867832018284,0.32095363872307453,0.9985638761326513,0,,,False
G3dd6d8faa4fe,O=C(NCCO)c1cccc(C2CC2)c1,"[1, 4, 11]",205.25699999999995,1.2861,49.33,2,0.0,1.2860999827104256,5.5,0.7777029948680055,1.7642649869357854,4,0.4166666666666667,9.625302143956134,0.21090183223173495,0.8465990048713646,0,,,False
Gaa59bf51cc45,O=C(Nc1ccccc1)c1ccnc(Cl)c1,"[2, 2, 1]",232.67000000000002,2.987300000000001,41.99,1,5.0,2.9855744749712083,5.3405460958477295,0.8092025571160665,1.557506334880106,2,0.0,10.889161486724984,0.061478249677575494,1.958707429376434e-12,0,,,False
G9b4a48c170bf,O=C(NC1CC1)c1cc(C(F)(F)F)cs1,"[4, 3, 15]",235.22999999999993,2.6591000000000005,29.1,1,0.0,2.6590999827104262,4.95878334197812,0.8384563844067547,2.397408888034686,2,0.4444444444444444,13.819159428642035,0.25613137605893466,0.9413664345862758,0,,,False
G286098416db1,N#Cc1ccc(C(=O)NC2CC2)cc1,"[0, 3, 4]",186.21399999999997,1.45048,52.89,1,0.0,1.4504799827104256,5.833333333333333,0.7595544360841688,1.633544491017581,2,0.2727272727272727,7.1853876226967595,0.12745048076510446,1.1798997288005693e-31,0,,,False
Gb6d4a724d434,CCOc1cc(-c2ccccc2)co1,"[5, 10, 12]",188.22600000000003,3.3453000000000017,22.37,0,0.0,3.3452999827104275,4.273200008644785,0.7365787267563607,2.2152970960110885,3,0.16666666666666666,10.791155223220457,0.0467898301333966,1.7872001995521958e-38,0,,,False
Gc3c8804fbbd1,CC(=O)NN1CCN(c2ccccc2)CC1,"[7, 14, 10]",219.288,0.8597000000000001,35.58,1,9.0,-0.7510742255119567,5.112333333333333,0.8010448035098242,1.9610795790272615,2,0.4166666666666667,9.134217162451815,0.19531822596453732,5.666962993534047e-06,0,,,False
Gff7550afac19,CCOc1ccnc(C(N)=O)c1,"[2, 10, 8]",166.17999999999998,0.5792000000000002,65.21,1,5.0,0.5774744749712074,5.833333333333333,0.7137936372571548,1.9201541488204263,3,0.25,15.864215254122223,0.18984417943328633,1.6395469678518768,0,,,False
Ge9fe7c9467f8,CCOc1ccc(S(=O)(=O)NC)cc1,"[0, 15, 6]",215.27399999999997,0.9933999999999996,55.400000000000006,1,0.0,0.9933999827104253,5.833333333333333,0.8146242476848298,1.5857818002670374,4,0.3333333333333333,17.454187230310634,0.15035553880604588,0.9049298716531375,0,,,False
Gdd91ad56bb98,O=C(NC1CCCC1)c1ncc(Cl)cn1,"[3, 18, 1]",225.67899999999995,1.8023999999999998,54.88,1,5.0,1.800674474971207,5.833333333333333,0.835264992328636,2.245912725243988,2,0.5,16.910943442068234,0.1578732881222298,0.9992112357355402,0,,,False
G88cbb0abf16e,CCc1coc(-c2ccccc2)c1,"[5, 14, 3]",172.22699999999998,3.509000000000002,13.14,0,0.0,3.508999982710428,3.991000008644785,0.6752183631624269,2.0394114099278546,2,0.16666666666666666,10.360072551371053,0.04969671325045223,0.0,0,,,False
Gdb40823eb75a,Cc1cnc(N2CCCCC2)nc1,"[3, 12, 2]",177.25099999999998,1.77532,29.020000000000003,0,9.0,0.1645457744880432,4.9510000000000005,0.6543695072470699,1.992039345150527,1,0.6,14.510852825603026,0.10893964121344056,0.0033152164867163913,0,,,False
Gae6394c3c124,CNC(=O)c1cc(C2CC2)cs1,"[4, 0, 11]",181.25999999999996,1.9850999999999999,29.1,1,0.0,1.9850999827104254,5.288333333333333,0.7423524455054312,2.612847855114131,2,0.4444444444444444,13.806561300338274,0.1857046449041736,0.9812149681976003,0,,,False
G42a5412abd16,CCON1CCC(C(=O)NCCO)CC1,"[6, 4, 6]",216.28099999999995,-0.24160000000000026,61.80000000000001,2,9.0,-1.852374225511957,5.0,0.6655175291604817,2.4364627891335875,5,0.9,14.042571090057281,0.1507630049832958,0.9072981320419369,0,,,False
G9b2261cda40d,CCNC(=O)c1ccc(C(F)(F)F)cc1,"[0, 1, 15]",217.18999999999994,2.4551000000000007,29.1,1,0.0,2.4550999827104265,5.06078334197812,0.809511520632857,1.604751195726994,2,0.3,11.057115976207296,0.16611582911671652,0.9996037147979446,0,,,False
G017050c68b61,CON1CCC(c2ccncc2)CC1,"[6, 13, 5]",192.26199999999997,1.8224,25.360000000000003,0,9.0,0.2116257744880432,4.768,0.7143835361797114,2.419274581939792,2,0.5454545454545454,10.263563228560107,0.12141801637770568,0.9796055119818013,0,,,False
G4a8ee1ff08f3,COc1coc(-c2ccncc2)c1,"[5, 13, 5]",175.18699999999998,2.3502,35.260000000000005,0,5.0,2.348474474971207,5.5887627625143965,0.7022961808689535,2.41501383907765,2,0.1,20.652330269204537,0.254175753170748,1.7667259924193157,0,,,False
Gce004207cf1b,O=C(CO)Nc1cccc(C2CC2)c1,"[1, 19, 11]",191.22999999999996,1.4948,49.33,2,0.0,1.4947999827104255,5.5,0.760145469083197,1.818891236579713,3,0.36363636363636365,15.60480914534163,0.24353440534742027,0.8238977366503546,0,,,False
Ge2faf4542e04,OCc1ccnc(-c2ccccc2)c1,"[2, 8, 12]",185.226,2.2409,33.120000000000005,1,5.0,2.239174474971207,5.36974609584773,0.7779163470882695,1.651684338037354,2,0.08333333333333333,14.173747404892573,0.1254270756151313,0.9726208735042189,0,,,False
G14ab54e08170,O=C(NCCO)c1cccc(Cl)c1,"[1, 4, 1]",199.63699999999997,1.0621,49.33,2,0.0,1.0620999827104256,5.5,0.765118256098453,1.54665513462421,3,0.2222222222222222,12.556617268782574,0.25802400207580783,0.05738963896428368,0,,,False
G518b52d0bfb9,CC(=O)NCCc1ncc(N2CCOCC2)cn1,"[3, 16, 14]",250.30199999999994,-0.008200000000000207,67.35000000000001,1,9.0,-1.618974225511957,5.333333333333333,0.8139135180062924,2.3542260768794883,4,0.5833333333333334,5.881697055332636,0.09176355804852936,0.020549662533835597,1,,,False
G22810fea67a2,CCc1coc(C(=O)Nc2ccccc2)c1,"[5, 2, 3]",215.252,3.0943000000000014,42.24,1,0.0,3.094299982710427,5.239033341978119,0.8543625945696796,1.9698357663182335,3,0.15384615384615385,13.728325401778122,0.09856335083760702,3.0923849275276015e-05,0,,,False
G976e5e785236,CNS(=O)(=O)c1ncc(C#N)cn1,"[3, 15, 4]",198.207,-0.74362,95.74000000000001,1,5.0,-0.7453455250287927,5.6419999999999995,0.6309772226786918,2.857110079679156,2,0.16666666666666666,13.80857972669546,0.12604226525476778,0.9212907744398868,0,,,False
G9570a2c3f91d,CCOc1cnc(C(=O)N2CCOCC2)nc1,"[3, 17, 6]",237.25899999999993,0.3476999999999999,64.55000000000001,0,5.0,0.3459744749712071,6.0,0.7585120003044459,2.286601589689848,3,0.5454545454545454,15.708339448969191,0.09214058837262618,1.9847280358097168,0,,,False
G7b457feac9c3,FC(F)(F)c1cccc(-c2ccccc2)c1,"[1, 14, 15]",222.20899999999995,4.372400000000002,0.0,0,0.0,4.372399982710427,3.313799999999999,0.6715410034007648,1.438265398425255,1,0.07692307692307693,11.078892693396531,0.061122468345707365,0.0,0,,,False
Gbbc25c688b61,c1ccc(N2CCC(c3ccncc3)CC2)cc1,"[6, 13, 12]",238.334,3.465600000000002,16.130000000000003,0,9.0,1.8548257744880452,4.267199999999999,0.7961284314840238,1.780753887530377,2,0.3125,12.896236173636884,0.14851303236605295,6.098480506134264e-67,0,,,False
G649f82f32a7c,CNS(=O)(=O)c1cc(C(F)(F)F)cs1,"[4, 15, 15]",245.24699999999996,1.675,46.17,1,0.0,1.6749999827104256,5.833333333333333,0.8611682087382656,2.7260536626152145,2,0.3333333333333333,15.35209720210191,0.04332003807907311,0.9612483153896584,0,,,False
G98c69a1fb629,CC(=O)Nc1ccc(CO)cc1,"[0, 5, 7]",165.19199999999998,1.1372999999999998,49.33,2,0.0,1.1372999827104253,5.5,0.6899117145419019,1.4266478551141315,2,0.2222222222222222,13.699743324195387,0.32309075257013165,0.0009016429955995209,0,,,False
Gf0bc5a3180e9,CCNC(=O)c1cc(-c2ccncc2)co1,"[5, 1, 13]",216.24,2.0913,55.13,1,5.0,2.089574474971207,5.78854609584773,0.8542284559567319,2.3200441275222445,3,0.16666666666666666,13.531095553396993,0.2085323433927691,0.0010204896952680908,0,,,False
Gbec4c40f3305,O=C(NCCO)c1ccnc(F)c1,"[2, 4, 0]",184.16999999999996,-0.05719999999999992,62.22,2,5.0,-0.058925525028792725,5.5,0.6468766613212259,2.0397974423165177,3,0.25,16.652760563594917,0.07106821949518888,1.9402607069108586,0,,,False
G41f95a9ebfe4,O=C(Nc1ccccc1)c1ncc(C2CC2)cn1,"[3, 2, 11]",239.278,2.606300000000001,54.88,1,5.0,2.604574474971208,5.53104609584773,0.8952677502926163,2.035429035459371,3,0.21428571428571427,13.841900919675986,0.10793371021411872,0.9365255110111902,0,,,False
G965df9527965,NC(=O)c1cc(C(=O)NCCO)ccn1,"[2, 4, 8]",209.20499999999996,-1.0974000000000002,105.30999999999999,3,5.0,-1.099125525028793,4.656333333333333,0.5850154392264312,2.0435102294981,4,0.2222222222222222,15.04609566862422,0.12876483626838744,1.7726429497231504,0,,,False
G53c70dd08010,Clc1coc(N2CCCCC2)c1,"[5, 12, 1]",185.654,2.923300000000001,16.380000000000003,0,9.0,1.3125257744880443,4.5,0.6691445375254997,2.697132330638606,1,0.5555555555555556,12.758431601719394,0.13948468736095876,0.0,0,,,False
Gb4b47d772fdd,c1cc(-c2ccncc2)cc(-c2ccncc2)c1,"[1, 13, 13]",232.286,3.8106000000000027,25.78,0,5.0,3.80887447497121,3.9792627625143937,0.6710553846179609,1.7073954984616933,2,0.0,12.95828356962696,0.20264707522363914,0.5795644305804537,0,,,False
G454d89eed66e,N#CN1CCN(c2ccncc2)CC1,"[7, 13, 4]",188.23399999999998,0.68468,43.16,0,9.0,-0.9260942255119569,5.5,0.607913521222438,2.523424675748423,1,0.4,13.424183701002747,0.20303905083166393,2.432840502248994e-06,0,,,False
G3cf3e703836d,Cc1cccc(C(=O)NCCO)c1,"[1, 4, 2]",179.21899999999997,0.7171200000000002,49.33,2,0.0,0.7171199827104259,5.5,0.7178244028287531,1.5151859038549809,3,0.3,17.245299762065414,0.23661015001480282,0.7513004760054306,0,,,False
G49c261fe5c8b,CC(=O)NCCC1CCN(c2ccncc2)CC1,"[6, 16, 13]",247.342,1.8241999999999998,45.230000000000004,1,9.0,0.213425774488043,5.333333333333333,0.8824900442011069,2.075897082796649,4,0.5714285714285714,8.927758910017321,0.12330407197302799,0.8773847851435724,0,,,False
Gdeb15fa4f80c,CC(=O)Nc1ccc(NC(=O)CO)cc1,"[0, 19, 10]",208.21699999999998,0.5757999999999996,78.43,3,0.0,0.5757999827104253,5.166666666666667,0.6793138018965318,1.5960295540759617,3,0.2,13.24884333352286,0.5499958002408516,0.9818979975901388,0,,,False
Gdef576a26a36,CCNC(=O)c1cc(OCC)cs1,"[4, 1, 6]",199.27499999999995,1.8965,38.33,1,0.0,1.8964999827104256,5.749833333333333,0.8038857076659328,2.2082359038549804,4,0.4444444444444444,12.597356706602682,0.1667437080043171,0.43565738449359503,0,,,False
G5d540475f23c,c1ccc(-c2ccnc(C3CC3)c2)cc1,"[2, 14, 11]",195.26499999999996,3.626000000000002,12.89,0,5.0,3.6242744749712092,3.874862762514394,0.7127286389033142,1.7655387132095104,2,0.21428571428571427,10.16082195354827,0.1355105591301151,9.390343545070136e-06,0,,,False
G70290768855c,OCc1cnc(-c2ccncc2)nc1,"[3, 13, 7]",187.20199999999997,1.0309,58.900000000000006,1,5.0,1.029174474971207,5.833333333333333,0.7624251145555428,2.1128085406639965,2,0.1,13.776722011170746,0.08742920524576668,0.028631181771300723,0,,,False
G28b2b0b318d9,CON1CCC(NC(C)=O)CC1,"[6, 5, 5]",172.22799999999998,0.1483000000000001,41.57000000000001,1,9.0,-1.4624742255119567,5.333333333333333,0.6442841337129112,2.445099603365879,2,0.875,13.250883684165833,0.5637086468115361,1.9042195745642476,0,,,False
Gaf24149d9744,O=C(NC1CCCC1)c1cc(-c2ccccc2)cs1,"[4, 18, 12]",271.38499999999993,4.087500000000002,29.1,1,0.0,4.087499982710428,3.7445833333333325,0.8948063422048192,1.901637679788255,3,0.3125,12.96652692812834,0.19066083414806181,2.0632746514095405e-14,0,,,False
Gc92571d79822,Cc1coc(N2CCOCC2)c1,"[5, 11, 2]",167.20799999999997,1.4246200000000002,25.610000000000003,0,9.0,-0.1861542255119566,4.7805,0.6322993356758532,2.7549499130561887,1,0.5555555555555556,15.26143342158779,0.07579719008067903,0.9964337339634567,0,,,False
G1405de9f56a8,CCOc1ccc(OC)cc1,"[0, 9, 6]",152.19299999999998,2.0938999999999997,18.46,0,0.0,2.0938999827104254,4.953050008644787,0.6598906467530797,1.1489670856768832,3,0.3333333333333333,13.468685508566386,0.09072242998615933,0.09899740664121791,0,,,False
G03ffa3680072,OCc1ccc(N2CCOCC2)cc1,"[0, 11, 7]",193.24599999999998,1.0154999999999998,32.7,1,9.0,-0.595274225511957,4.968333333333334,0.7606992461992096,1.683098221714653,2,0.45454545454545453,15.928288504033512,0.09358333130557782,0.9938735469323675,0,,,False
Gb5323672f7a0,N#Cc1coc(N2CCOCC2)c1,"[5, 11, 4]",178.19099999999997,0.9878800000000002,49.400000000000006,0,9.0,-0.6228942255119566,5.5,0.6430012616773558,2.93562557996834,1,0.4444444444444444,10.622474527958317,0.12017850586924565,7.568266628736296e-08,0,,,False
Gea565f0638ff,CCOc1ccnc(C(F)(F)F)c1,"[2, 10, 15]",191.15199999999996,2.4991000000000003,22.12,0,5.0,2.4973744749712075,4.857312762514397,0.7159922400772385,2.116083706052782,2,0.375,12.773767530171224,0.3359008394713363,0.816594223397077,0,,,False
G21363b0d9c81,NC(=O)c1cc(CO)ccn1,"[2, 8, 8]",152.15299999999996,-0.3272000000000001,76.21000000000001,2,5.0,-0.3289255250287929,5.5,0.6089478817514994,2.098420336297229,2,0.14285714285714285,19.264850082435437,0.06785233611400221,1.8914961816781921,0,,,False
Gf2a0ebc0106f,CNS(=O)(=O)C1CCN(C(F)(F)F)CC1,"[6, 15, 15]",246.25399999999996,0.5198,49.410000000000004,1,9.0,-1.0909742255119568,5.333333333333333,0.7226075980136543,3.013180456082024,2,1.0,14.502719095898295,0.21452068476676991,0.9916769679811682,0,,,False
G61dc765a3d5c,Cc1cccc(C(=O)Nc2ccccc2)c1,"[1, 2, 2]",211.264,3.247320000000001,29.1,1,0.0,3.247319982710427,4.541013341978119,0.8112788228538133,1.2162979736760917,2,0.07142857142857142,10.01346105766975,0.03487512769715509,2.928513122486688e-21,0,,,False
Ga910c0ff1ff8,OCc1cc(N2CCOCC2)co1,"[5, 8, 14]",183.20699999999997,0.6085,45.84,1,9.0,-1.0022742255119568,5.333333333333333,0.7292633033953789,2.674439750008826,2,0.5555555555555556,16.68823248307107,0.0633153544890005,0.9515252742993557,0,,,False
Gb4620688b2e7,c1ccc(-c2coc(-c3ccncc3)c2)cc1,"[5, 13, 12]",221.25900000000001,4.008600000000002,26.03,0,5.0,4.00687447497121,3.7971999999999992,0.653102996433261,2.0309878488088824,2,0.0,12.504999291626694,0.14638063093318696,4.4173087454334635e-41,0,,,False
G5662eabe0adb,N#Cc1csc(NC(=O)c2ccncc2)c1,"[4, 6, 4]",229.264,2.26708,65.78,1,5.0,2.265354474971207,5.70065609584773,0.8585361691029784,2.469034762973749,2,0.0,12.758898505746561,0.0774413691127338,1.7165063376689633e-10,0,,,False
Ged82e89a6b7b,CCNC(=O)c1cc(C(=O)NC)cs1,"[4, 1, 9]",212.27399999999997,0.8573999999999999,58.2,2,0.0,0.8573999827104256,5.5,0.7802954555723238,2.217454269902664,3,0.3333333333333333,13.833180694198413,0.4909629198572403,1.3295376673020922,0,,,False
G3aa9679ecc27,O=C(CO)Nc1cc(C2CC2)co1,"[5, 19, 11]",181.19099999999997,1.0878,62.47,2,0.0,1.0877999827104257,5.5,0.7331887714836747,3.0307666730857488,3,0.4444444444444444,11.764620502332848,0.11720609940380362,4.778878080210811e-09,0,,,False
Gb82912edf67c,OCc1cnc(-c2ccccc2)nc1,"[3, 14, 7]",186.214,1.6358999999999997,46.010000000000005,1,5.0,1.6341744749712068,5.833333333333333,0.774998855550094,1.7869747695570553,2,0.09090909090909091,17.64970626018431,0.1868436596255265,0.9604081289122088,0,,,False
Gb57b5eaeaaac,CCOc1coc(CCNC(C)=O)c1,"[5, 16, 6]",197.23399999999998,1.3569,51.47,1,0.0,1.3568999827104256,5.833333333333333,0.7749077610870123,2.5401728933844474,5,0.5,16.05060123216926,0.30786618415046646,0.827425766040454,0,,,False
Gbb61a0b83ac4,CNS(=O)(=O)c1cc(F)cs1,"[4, 15, 0]",195.23999999999998,0.7953000000000001,46.17,1,0.0,0.7952999827104258,5.833333333333333,0.7581721866335123,2.8073722195863535,2,0.2,17.95664482728487,0.17159058292277377,1.0431628911432855,0,,,False
Ge9a918848583,c1cc(-c2csc(N3CCOCC3)c2)ccn1,"[4, 11, 13]",246.335,2.646700000000001,25.36,0,9.0,1.0359257744880441,4.768,0.8142548929620799,2.4864557221120496,2,0.3076923076923077,13.848154705150353,0.304616068168986,0.9962191511240723,0,,,False
Gd13e5b77105e,O=C(Nc1ccccc1)C1CCN(CO)CC1,"[6, 2, 7]",234.299,1.2869,52.57000000000001,2,9.0,-0.3238742255119569,5.0,0.8282162347003181,1.7520496273664605,3,0.46153846153846156,14.141652821394693,0.23943128973798325,0.0772313636949051,0,,,False
G0966179680c8,CCc1cnc(C(=O)Nc2ccccc2)nc1,"[3, 2, 3]",227.267,2.2913000000000006,54.88,1,5.0,2.2895744749712077,5.688546095847729,0.8748158346644426,1.895605985294246,3,0.15384615384615385,9.885250730216665,0.5608265511403092,0.0003087915198032203,0,,,False
G685b39ec8ce4,c1cc(N2CCN(N3CCOCC3)CC2)ccn1,"[7, 13, 14]",248.32999999999993,0.4508000000000001,31.84,0,9.0,-1.1599742255119567,5.092,0.7585189018012432,2.4678154259919154,2,0.6153846153846154,9.911006884327845,0.18982746413432747,0.029256463068514423,0,,,False
G6a3a33a2d1f3,O=C(NC1CCCC1)c1cccc(CO)c1,"[1, 18, 7]",219.28399999999993,1.8512999999999997,49.33,2,0.0,1.8512999827104253,5.5,0.814737963036469,1.6650367696627146,3,0.46153846153846156,11.594267335562972,0.2724450730956326,0.9958607170746386,0,,,False
G568e7b5fcd7f,OCc1ccnc(C(F)(F)F)c1,"[2, 8, 15]",177.12499999999994,1.5927,33.120000000000005,1,5.0,1.5909744749712071,5.489333333333334,0.7061275085326987,2.2690949267924516,1,0.2857142857142857,13.894348714342168,0.1836875783298877,1.2167761189163966,0,,,False
G8e8a2735e46b,CCOc1cc(N2CCOCC2)co1,"[5, 10, 14]",197.23399999999995,1.5149,34.84,0,9.0,-0.0958742255119569,5.242,0.7354110995682133,2.7598224243412943,3,0.6,10.755345334566409,0.11053149528431241,0.041363319589602876,0,,,False
G2943f4ef0dbc,CC(=O)NCCc1cc(CO)cs1,"[4, 16, 7]",199.27499999999998,0.9189999999999998,49.33,2,0.0,0.9189999827104255,5.5,0.7572259222239591,2.3534320577011325,4,0.4444444444444444,12.500969428693491,0.12173682038355256,1.9523339136690359,0,,,False
G291dab5e50de,CC(=O)NCCC1CCN(c2ccccc2)CC1,"[6, 16, 12]",246.354,2.4292000000000007,32.34,1,9.0,0.8184257744880439,4.950333333333334,0.8846402475732349,1.789870159719726,4,0.5333333333333333,8.517889332973027,0.07488258528280071,1.8306225922266036e-07,0,,,False
G75669113b10c,CC(=O)NN1CCC(N2CCOCC2)CC1,"[6, 11, 10]",227.308,-0.16589999999999927,44.81,1,9.0,-1.776674225511956,5.333333333333333,0.7114633995163859,2.528320381702848,2,0.9090909090909091,11.56498353149088,0.1377573710068557,3.4179116717467894e-07,0,,,False
Gb2a0303938ba,NC(=O)c1ccc(N2CCCCC2)cc1,"[0, 12, 8]",204.27299999999997,1.7758,46.33,1,9.0,0.16502577448804323,5.333333333333333,0.7977261201003171,1.561719523097299,2,0.4166666666666667,12.914323847030479,0.3843885112780844,7.006669535282074e-28,0,,,False
G96f9f6494179,c1cc(-c2cnc(N3CCCCC3)nc2)ccn1,"[3, 12, 13]",240.31,2.528900000000001,41.910000000000004,0,9.0,0.9181257744880442,5.5,0.80858060235786,2.034251323427812,2,0.35714285714285715,13.445666252036236,0.23734927698950362,0.9513587143535519,0,,,False
G10ba7bc51433,CCOc1ccnc(CC)c1,"[2, 10, 3]",151.20899999999997,2.0427,22.12,0,5.0,2.040974474971207,5.085512762514396,0.6591568310267387,1.8798206836917721,3,0.4444444444444444,16.30939807580557,0.2916445603955562,1.248963270462078,0,,,False
G429b6f292caa,FC(F)(F)c1cccc(N2CCOCC2)c1,"[1, 11, 15]",231.21699999999996,2.5420000000000007,12.47,0,9.0,0.9312257744880439,4.5,0.7360472527459221,1.816936167656026,1,0.45454545454545453,12.878184394319405,0.2104065180723486,6.266769184897314e-37,0,,,False
G43839a6a7c2b,O=C(NCCO)c1cccc(F)c1,"[1, 4, 0]",183.18199999999996,0.5478000000000001,49.33,2,0.0,0.5477999827104257,5.5,0.7184446936900459,1.5627012884703628,3,0.2222222222222222,13.928133782157085,0.1624003253720638,0.8787535500182505,0,,,False
G8d89e56dc691,CCOc1ccc(C(F)(F)F)cc1,"[0, 10, 15]",190.16399999999996,3.1041000000000016,9.23,0,0.0,3.1040999827104274,4.3959000086447855,0.6957586768546463,1.4959342555033306,2,0.3333333333333333,14.755873593683408,0.1260705276731156,8.427675581283043e-14,0,,,False
G116b2d496f04,N#Cc1coc(N2CCCCC2)c1,"[5, 12, 4]",176.219,2.1415800000000003,40.17,0,9.0,0.5308057744880434,5.5,0.6577661623384556,2.818199264178867,1,0.5,14.867024722470742,0.0541235470555791,0.0,0,,,False
Gc4921a185f41,CCOc1cc(NC(=O)c2ccncc2)ccn1,"[2, 6, 6]",243.266,2.1276,64.11,1,5.0,2.1258744749712073,5.77039609584773,0.8929681134878281,1.9586787396013818,4,0.15384615384615385,14.242410950589544,0.6629457413816653,1.9104837953474363,0,,,False
Ge31860aebaad,CCOC1CCN(NC(C)=O)CC1,"[6, 10, 10]",186.255,0.5384,41.57,1,9.0,-1.0723742255119568,5.333333333333333,0.699086632448076,2.5934128269319032,3,0.8888888888888888,9.831087849050752,0.09092372251483441,0.9296007367756836,0,,,False
G24523437d069,CNC(=O)c1coc(C(=O)NC2CC2)c1,"[5, 3, 9]",208.21699999999996,0.5313999999999999,71.34,2,0.0,0.5313999827104255,5.5,0.7607554269994296,2.408889966833936,3,0.4,11.286167373330798,0.15204346551567696,0.9632247153760428,0,,,False
G6b3ce6334c0b,CC(=O)Nc1cccc(NC(=O)c2ccncc2)c1,"[1, 6, 10]",255.27700000000002,2.2923,71.09,2,5.0,2.290574474971207,5.354712762514397,0.8835163384904553,1.6355925332681078,3,0.07142857142857142,10.640677359392772,0.42495925853329103,0.15435200174612704,0,,,False
Gfd4f3ed2f27a,c1ccc(C2CCN(c3ccncc3)CC2)cc1,"[6, 14, 13]",238.33400000000003,3.465600000000002,16.130000000000003,0,9.0,1.8548257744880452,4.267199999999999,0.7961284314840239,1.7889385029149913,2,0.3125,16.193070271181945,0.14115744959064014,0.8920322097393433,0,,,False
G4b8a95928dda,O=C(NC1CC1)c1cc(Cl)co1,"[5, 3, 1]",185.60999999999996,1.8252,42.24,1,0.0,1.8251999827104255,5.833333333333333,0.763986425480318,2.498386316652594,2,0.375,13.790698431983873,0.23822838506339897,0.8548309155022659,0,,,False
Gb5869128c0e5,CNC(=O)c1ccnc(C(F)(F)F)c1,"[2, 0, 15]",204.15099999999995,1.46,41.99,1,5.0,1.458274474971207,5.833333333333333,0.7519397441845085,2.142789525401078,1,0.25,12.792568370800305,0.18539368536156148,0.9796127218527041,0,,,False
G953c8b677125,N#Cc1cnc(N2CCOCC2)nc1,"[3, 11, 4]",190.206,0.18487999999999993,62.04,0,9.0,-1.4258942255119569,5.5,0.6319838804579402,2.3067762704951402,1,0.4444444444444444,15.37361132095759,0.051991321657051705,0.9719068067499913,0,,,False
G5c0cb846b36e,O=C(CO)NN1CCN(c2ccccc2)CC1,"[7, 19, 12]",235.287,-0.1678999999999995,55.81,2,9.0,-1.7786742255119563,5.0,0.7636699707656553,2.070434870694559,3,0.4166666666666667,11.415197766665068,0.254016208207826,0.0006746859571946872,0,,,False
Ged5b8be2c3c2,c1cc(-c2ccncc2)cc(N2CCOCC2)c1,"[1, 11, 13]",240.306,2.5852000000000004,25.36,0,9.0,0.9744257744880436,4.768,0.8064270758580958,1.824846195222685,2,0.26666666666666666,14.602295454583722,0.21005290449106534,0.4925768459791937,0,,,False
G7f66b229e109,CC(=O)NCCc1ccc(F)cc1,"[0, 16, 0]",181.20999999999998,1.5043,29.1,1,0.0,1.5042999827104255,5.288333333333333,0.7519020743956231,1.465008980778057,3,0.3,15.378371592772469,0.08955089923363027,0.973067046980684,0,,,False
G95af236528e5,N#Cc1coc(NC(=O)CO)c1,"[5, 19, 4]",166.136,0.0820800000000001,86.25999999999999,2,0.0,0.08207998271042576,5.5,0.6510013493157168,3.2369024005686766,2,0.14285714285714285,14.0122300487116,0.05750420699568761,8.693698124567346e-07,0,,,False
G810ad1ddd161,NC(=O)N1CCN(NC(=O)c2ccncc2)CC1,"[7, 6, 8]",249.274,-0.577299999999999,91.55999999999999,2,9.0,-2.188074225511956,4.948,0.7334186759210912,2.272259769883318,2,0.36363636363636365,17.358580779545274,0.2582413485276093,2.5101333225017948,0,,,False
G2607b04a9e80,O=C(CO)NN1CCN(N2CCOCC2)CC1,"[7, 19, 14]",244.29499999999993,-2.1252999999999966,68.28,2,9.0,-3.7360742255119535,5.0,0.5912466548086098,2.960072861275407,3,0.9,16.509550141077703,0.16654642446376827,1.838917489309894,0,,,False
G59583e8f72cd,c1ccc(N2CCN(N3CCOCC3)CC2)cc1,"[7, 14, 14]",247.34199999999996,1.0558,18.950000000000003,0,9.0,-0.5549742255119567,4.5,0.7774670248681992,2.1923820926585815,2,0.5714285714285714,10.160843115994227,0.2022593179328086,7.111238741805814e-20,0,,,False
G9ff04799326f,CN1CCC(NC(=O)C2CC2)CC1,"[6, 7, 2]",182.26699999999997,0.6068,32.34,1,9.0,-1.0039742255119568,4.950333333333334,0.67824545833383,1.8867012884703627,2,0.9,12.421851662537646,0.1166309501486005,0.00019124043728743312,0,,,False
Ge19173d9f3ef,CC(=O)NCCc1cc(Cl)cs1,"[4, 16, 1]",203.694,2.0801,29.1,1,0.0,2.0800999827104256,5.24828334197812,0.801047282612743,2.428991911058187,3,0.375,12.380778612016691,0.11694293975993446,0.0005021218121683569,0,,,False
Ge542787b705d,CC(=O)NCCc1cc(-c2ccncc2)cs1,"[4, 16, 13]",246.335,2.4887000000000006,41.99,1,5.0,2.4869744749712077,5.589846095847729,0.9002044763086694,2.2044769429080606,4,0.23076923076923078,6.867136771508429,0.02207345285272237,1.1582550182416846e-15,0,,,False
G4a19844ecd0e,CCNC(=O)c1ccnc(C(F)(F)F)c1,"[2, 1, 15]",218.17799999999994,1.8501,41.99,1,5.0,1.8483744749712072,5.833333333333333,0.8225748469958191,2.101585811111608,2,0.3333333333333333,7.512628616331824,0.1705253371851708,0.0001239300312150756,0,,,False
Gdd627fe59131,CNC(=O)N1CCC(C(=O)N2CCOCC2)CC1,"[6, 17, 9]",255.31799999999996,-0.10339999999999921,61.88,1,0.0,-0.10340001728957356,5.833333333333333,0.7113059227622952,2.079352982553001,1,0.8333333333333334,11.739942623164229,0.2043718710129918,0.9238192983399426,0,,,False
G02a61f40e6c8,CC(=O)NCCc1ccnc(-c2ccncc2)c1,"[2, 16, 13]",241.294,1.8221999999999998,54.88,1,5.0,1.820474474971207,5.833333333333333,0.8879687688829224,1.9985716390096666,4,0.21428571428571427,8.6595159968629,0.042188937237867465,0.0007053294805405407,0,,,False
G0453ea8be7dd,CC(=O)Nc1ccc(-c2ccccc2)cc1,"[0, 14, 10]",211.26399999999998,3.312000000000001,29.1,1,0.0,3.311999982710427,4.476333341978119,0.8107896420472547,1.2526832579570275,2,0.07142857142857142,14.12579893839931,0.12443755006060922,0.9374756954383526,0,,,False
G7d0d0a6aaad2,OCN1CCN(C2CC2)CC1,"[7, 8, 11]",156.22899999999996,-0.28380000000000005,26.71,1,9.0,-1.8945742255119569,4.668833333333334,0.5952483203071761,2.2461765149572788,2,1.0,14.106122101645065,0.061942019162479586,0.9252180060099798,0,,,False
G2b0715b3a3bd,O=C(Nc1ccc(CO)cc1)C1CC1,"[0, 7, 7]",191.22999999999996,1.5273999999999999,49.33,2,0.0,1.5273999827104254,5.5,0.7607371755912199,1.4896545501891794,3,0.36363636363636365,14.918972593047874,0.1571049603990284,0.9433710043454901,0,,,False
G3fd1bb424c63,CNC(=O)N1CCN(C2CC2)CC1,"[7, 0, 11]",183.25499999999997,0.1057999999999999,35.58,1,9.0,-1.504974225511957,5.112333333333333,0.6258457643276165,2.069347442316518,1,0.8888888888888888,15.147232590821785,0.23099714846137342,0.9509736758339371,0,,,False
G536b46dfb177,Cc1csc(-c2ccccc2)c1,"[4, 14, 2]",174.268,3.7235200000000024,0.0,0,0.0,3.723519982710428,3.7764800086447847,0.6177241717629185,1.787997825144103,1,0.09090909090909091,12.07744815762381,0.09644860492045582,0.0,0,,,False
G4f817f7d1226,CC(=O)NCCc1cc(C#N)co1,"[5, 16, 4]",178.191,0.8298800000000002,66.03,1,0.0,0.8298799827104258,5.833333333333333,0.7450016582960262,2.7830743653934427,3,0.3333333333333333,11.726211662740102,0.26138370430420205,6.705041780717084e-16,0,,,False
Gaabbccc72c00,CCN1CCC(C(=O)NC2CCCC2)CC1,"[6, 18, 3]",224.34799999999993,1.7770999999999992,32.34,1,9.0,0.16632577448804242,4.950333333333334,0.7922473524077875,1.8198879402312755,3,0.9230769230769231,11.127977779239908,0.11154723164418658,0.01234406601883738,1,,,False
G291c7e3ea699,CC(=O)NCCN1CCN(N2CCOCC2)CC1,"[7, 16, 14]",256.34999999999997,-1.0126999999999973,48.05,1,9.0,-2.623474225511954,5.333333333333333,0.6981240757951116,2.492578443743394,4,0.9166666666666666,8.852744404009162,0.06474390545258785,6.459036153637959e-20,0,,,False
G14a2be76dcbb,CCc1coc(NC(C)=O)c1,"[5, 5, 3]",153.18099999999998,1.8004,42.24,1,0.0,1.8003999827104256,5.833333333333333,0.7034717083732865,2.898654182451075,2,0.375,15.425009911469521,0.12061456747589111,2.6519868951741307e-06,0,,,False
G9aec873f56a6,COc1ccc(NC(=O)CO)cc1,"[0, 19, 5]",181.19099999999997,0.6259999999999997,58.56,2,0.0,0.6259999827104253,5.5,0.7184667232021168,1.4779089807780572,3,0.2222222222222222,13.442073081353527,0.12263037187060363,0.9944444563596613,0,,,False
G1e45ca412ec0,OCc1cccc(N2CCOCC2)c1,"[1, 8, 14]",193.24599999999995,1.0154999999999998,32.7,1,9.0,-0.595274225511957,4.968333333333334,0.7606992461992095,1.7866640753731904,2,0.45454545454545453,12.928121053111123,0.08678503486427723,0.9993510329279731,0,,,False
Geae63ec4dc9f,CNC(=O)c1cccc(C(=O)NCCO)c1,"[1, 4, 9]",222.24399999999997,-0.23170000000000002,78.43,3,0.0,-0.23170001728957437,5.166666666666667,0.6580448296688156,1.6784631606630178,4,0.2727272727272727,14.262617948131062,0.10155900836707757,0.9613175026359391,0,,,False
Gf3e40825c92e,N#Cc1csc(-c2ccccc2)c1,"[4, 14, 4]",185.251,3.286780000000002,23.79,0,0.0,3.286779982710428,4.402720008644785,0.668415358916226,2.065525984826639,1,0.0,10.941129819766157,0.08150681624529706,0.0,0,,,False
Gc7315c830ec8,COc1cccc(C(F)(F)F)c1,"[1, 9, 15]",176.13699999999997,2.7140000000000004,9.23,0,0.0,2.713999982710426,4.643000008644787,0.6387622689270488,1.5085300229462995,1,0.25,13.15092987674317,0.08324011819839282,4.97819168710836e-09,0,,,False
Gb0a6ffe83032,O=C(NCCO)c1ccc(CO)cc1,"[0, 4, 7]",195.21799999999996,-0.09899999999999981,69.56,3,0.0,-0.09900001728957415,5.166666666666667,0.6280837750977885,1.592332656698055,4,0.3,15.276787375886476,0.20139243532485596,0.7887890906202805,0,,,False
G50330107dd14,CNC(=O)N1CCN(C(N)=O)CC1,"[7, 0, 8]",186.21499999999997,-0.9778999999999991,78.67,2,0.0,-0.9779000172895734,5.5,0.5098209564969405,2.1107944752835515,0,0.7142857142857143,13.766287393015357,0.06754302462543627,1.001257644062154,0,,,False
Gaf684c79054a,NC(=O)c1csc(-c2ccccc2)c1,"[4, 14, 8]",203.266,2.514,43.09,1,0.0,2.5139999827104256,5.5763333419781205,0.8002793603202745,1.9297178933844457,2,0.0,13.098039160576317,0.07487946391446725,0.999981244016857,0,,,False
Gb1378acb0d08,CNC(=O)N1CCN(Cl)CC1,"[7, 0, 1]",177.635,0.09720000000000001,35.58,1,9.0,-1.5135742255119569,5.112333333333333,0.5330395449323945,2.7313280286049224,0,0.8333333333333334,15.179493695819161,0.18967880770135803,0.0339175039246308,0,,,False
Gf90b2583a49c,Cc1coc(-c2ccncc2)c1,"[5, 13, 2]",159.188,2.6500200000000005,26.03,0,5.0,2.6482944749712076,4.977352762514396,0.6388887584190304,2.364512110858387,1,0.1,14.799299293198736,0.29813638716249324,0.939889268980121,0,,,False
G9213d914695f,O=C(c1cc(-c2ccccc2)co1)N1CCOCC1,"[5, 17, 12]",257.289,2.4190000000000005,42.68000000000001,0,0.0,2.4189999827104263,5.790500008644787,0.8294056343110386,2.1012843830849572,2,0.26666666666666666,13.368973728449598,0.34078455095757115,0.36390107730470483,0,,,False
Gfac45e669889,CCNC(=O)N1CCN(OCC)CC1,"[7, 1, 6]",201.26999999999995,0.2849999999999999,44.81,1,9.0,-1.325774225511957,5.333333333333333,0.7132995861328849,2.4936391655737946,3,0.8888888888888888,11.433886518517735,0.12475488557493133,0.00034887858386969684,0,,,False
Ge5f37a3ab340,Cc1coc(C(=O)N2CCOCC2)c1,"[5, 17, 2]",195.21799999999996,1.0604200000000001,42.68000000000001,0,0.0,1.0604199827104257,6.0,0.6725539671508944,2.3893063549229066,1,0.5,15.033955814527276,0.07041404960477857,0.7975144030222976,1,,,False
G532d9779b3cc,CC(=O)NN1CCC(C(=O)NC2CC2)CC1,"[6, 3, 10]",225.29199999999997,0.028099999999999847,61.440000000000005,2,9.0,-1.582674225511957,5.0,0.7120070260722536,2.328486587236444,3,0.8181818181818182,9.215752113223823,0.22033309760690545,0.7681315433122713,0,,,False
Gef2447b5367e,CNC(=O)N1CCN(C(=O)N2CCOCC2)CC1,"[7, 17, 9]",256.3059999999999,-0.6043999999999978,65.11999999999999,1,0.0,-0.6044000172895722,5.833333333333333,0.628956962490131,2.172046195222684,0,0.8181818181818182,14.287711324544901,0.35120771923473687,1.208546754253136,0,,,False
Gd4df147483a4,O=C(NCCO)c1cc(-c2ccccc2)cs1,"[4, 4, 12]",247.319,2.1372,49.33,2,0.0,2.1371999827104258,5.431400008644787,0.8692792736039637,1.9243805535830987,4,0.15384615384615385,13.301389520235633,0.07626293726899529,0.8604670084222275,0,,,False
Gefc578f897d6,Fc1ccc(N2CCOCC2)cc1,"[0, 11, 0]",181.20999999999998,1.6623,12.47,0,9.0,0.0515257744880433,4.5,0.6529803792557574,1.5574923815877746,1,0.4,16.202129657986745,0.1810997252516528,0.8462957032200572,0,,,False
Ga1642686e2b3,O=C(NC1CC1)C1CCN(CO)CC1,"[6, 3, 7]",198.26599999999996,-0.07320000000000032,52.57000000000001,2,9.0,-1.6839742255119572,5.0,0.6670340310392957,2.102961059064919,3,0.9,9.700160911587098,0.5043907498393458,0.10038554806749926,0,,,False
Gf7a008511200,Cc1cnc(NC(=O)C2CC2)nc1,"[3, 7, 2]",177.20699999999997,1.1335199999999996,54.88,1,5.0,1.1317944749712068,5.833333333333333,0.7363859546769949,2.0494128269319027,2,0.4444444444444444,10.855290802797994,0.09918670807645814,8.634289713098736e-08,0,,,False
G536f0caeb2a1,CCN1CCN(C(=O)N2CCOCC2)CC1,"[7, 17, 3]",227.30799999999994,0.07610000000000094,36.019999999999996,0,9.0,-1.5346742255119559,5.301,0.63611043621167,2.0044812512680643,1,0.9090909090909091,13.740477570757726,0.15004592430829602,0.9411961525211401,0,,,False
G5a2d16270ee6,CCc1coc(NC(=O)c2ccncc2)c1,"[5, 6, 3]",216.24,2.489300000000001,55.13,1,5.0,2.487574474971208,5.589546095847729,0.8570568895744848,2.5407397796961586,3,0.16666666666666666,17.91862452240048,0.07664866202035639,1.9032330437993472,0,,,False
Gc5a063c24761,NC(=O)c1cccc(NC(=O)CO)c1,"[1, 19, 8]",194.18999999999997,-0.28369999999999995,92.42,3,0.0,-0.2837000172895743,5.086,0.6172352404605765,1.7159830148419335,3,0.1111111111111111,10.965009984621236,0.4237910908856704,0.6519249803440532,0,,,False
G92094eb87096,CNS(=O)(=O)c1ccc(CO)cc1,"[0, 15, 7]",201.24699999999999,0.08700000000000008,66.4,2,0.0,0.08699998271042574,5.5,0.727853105990309,1.712013376382453,3,0.25,13.794727493993548,0.05653233874744617,0.9944166037570972,0,,,False
G00333f64389a,COc1ccc(N2CCCCC2)cc1,"[0, 12, 5]",191.27399999999997,2.685500000000001,12.47,0,9.0,1.0747257744880443,4.5,0.712284283973087,1.407387527530787,2,0.5,10.581275913803111,0.07450408649913161,1.1066978419834038e-45,0,,,False
G3605e88d1aaf,C1CN(N2CCN(N3CCOCC3)CC2)CCO1,"[7, 11, 14]",256.34999999999997,-0.9015999999999968,31.420000000000005,0,9.0,-2.5123742255119534,5.071000000000001,0.6363442954358527,2.718939581917031,2,1.0,12.8839290844513,0.2781105910268588,0.7960943444577451,0,,,False
G3036a623e0b0,CNS(=O)(=O)c1ncc(-c2ccncc2)cn1,"[3, 15, 13]",250.28300000000002,0.44670000000000004,84.84,1,5.0,0.44497447497120723,5.833333333333333,0.7991894599140715,2.4726261972251713,3,0.1,16.494914397808,0.1427160179444331,0.9845818094473356,0,,,False
G20ebb0476f06,Cc1cnc(C(=O)Nc2ccccc2)nc1,"[3, 2, 2]",213.24,2.0373200000000002,54.88,1,5.0,2.0355944749712074,5.81553609584773,0.8300376575246393,1.8773253984252563,2,0.08333333333333333,15.223063475774582,0.11433144282302574,0.8888557577526006,0,,,False
G029f26a2c073,CC(=O)NCCc1cccc(N2CCOCC2)c1,"[1, 16, 14]",248.32599999999994,1.2017999999999998,41.57000000000001,1,9.0,-0.40897422551195706,5.333333333333333,0.8703179000704958,1.8480905739209081,4,0.5,16.17402270707417,0.1496613410715584,1.9511035139476007,0,,,False
G9e45e8a2457a,OCc1cnc(N2CCCCC2)nc1,"[3, 12, 7]",193.24999999999997,0.9591999999999998,49.25,1,9.0,-0.651574225511957,5.333333333333333,0.7596674822526207,2.098732743290636,2,0.6,9.925554803343752,0.13891737651343206,2.1521075695462674e-12,0,,,False
G23264b63d2c8,CCOc1cc(C(F)(F)F)co1,"[5, 10, 15]",180.12499999999997,2.6971000000000007,22.37,0,0.0,2.6970999827104265,4.769950008644787,0.6976031099208161,2.9556175229462998,2,0.42857142857142855,16.09086805172967,0.16193636279455612,0.6401978171188755,0,,,False
G96e3a35df327,CCNC(=O)c1cc(-c2ccccc2)co1,"[5, 1, 12]",215.252,2.696300000000001,42.24,1,0.0,2.6962999827104266,5.48518334197812,0.8548647635744979,2.0296270706660575,3,0.15384615384615385,11.025308747235584,0.22638411616376714,0.9981223039447915,0,,,False
Ge70bd9215e9d,O=C(Nc1ncc(F)cn1)C1CC1,"[3, 7, 0]",181.16999999999996,0.9642,54.88,1,5.0,0.9624744749712072,5.833333333333333,0.7389606106004737,2.13001667308575,2,0.375,11.124071116558357,0.04764829775082913,1.2104043596673095e-09,0,,,False
G2f83f01b4aa8,CCN1CCC(NC(=O)C2CC2)CC1,"[6, 7, 3]",196.29399999999995,0.9968999999999999,32.34,1,9.0,-0.6138742255119569,4.950333333333334,0.7300012820404567,1.8472936034436174,3,0.9090909090909091,12.159965245828998,0.1186814077682891,5.328100098073187e-13,0,,,False
Gfde56a667cf5,CC(=O)NCCc1cc(-c2ccncc2)co1,"[5, 16, 13]",230.26700000000002,2.0202,55.13,1,5.0,2.018474474971207,5.82409609584773,0.8737956951361228,2.3988289052314524,4,0.23076923076923078,9.875775416338461,0.5678830263977116,0.6777184228353051,0,,,False
G6ca680aa855a,CC(=O)NCCc1ncc(C(N)=O)cn1,"[3, 16, 8]",208.22099999999998,-0.7458999999999991,97.97,2,5.0,-0.7476255250287919,5.234333333333334,0.6800252111157739,2.304787152575024,4,0.3333333333333333,13.11065732476006,0.11875485374545057,0.9574947673853653,1,,,False
Gc1d2e0be7913,O=C(NC1CCCC1)c1ccnc(-c2ccncc2)c1,"[2, 18, 13]",267.33199999999994,2.8160000000000016,54.88,1,5.0,2.8142744749712088,5.426196095847729,0.929969062134761,1.9585074511932632,3,0.3125,3.730148376730874,0.8687182800365469,5.735645344624716e-07,0,,,False
G605ca1853ffb,O=C(c1cc(F)cs1)N1CCOCC1,"[4, 17, 0]",215.24899999999994,1.3596000000000001,29.540000000000003,0,0.0,1.3595999827104257,5.477,0.7075648833878944,2.415229816461368,1,0.4444444444444444,16.77538029153396,0.1598151882981553,1.9211545469013391,0,,,False
G782aaba763ee,FC(F)(F)c1csc(N2CCCCC2)c1,"[4, 12, 15]",235.27399999999994,3.757200000000002,3.24,0,9.0,2.146425774488045,4.0481871127559765,0.7160585093606444,2.6403177341885318,1,0.6,15.330513789993093,0.1581536440530787,0.0,0,,,False
Ge0ad6d618109,CNC(=O)c1cc(C(N)=O)cs1,"[4, 0, 8]",184.21999999999997,0.2066,72.19,2,0.0,0.20659998271042565,5.5,0.6890790905422302,2.369778099869377,2,0.14285714285714285,14.9110151012798,0.10056460624357226,0.15180357283170884,0,,,False
G9fcf2285ebe3,c1ccc(-c2cc(C3CC3)co2)cc1,"[5, 14, 11]",184.23799999999997,3.8240000000000016,13.14,0,0.0,3.8239999827104274,3.6760000086447855,0.6910238198108245,2.1727151072681234,2,0.23076923076923078,15.582680645596959,0.09819140502197707,0.0,0,,,False
G4c65610d75b8,O=C(C1CCN(C2CC2)CC1)N1CCOCC1,"[6, 17, 11]",238.33099999999993,0.7195999999999998,32.78,0,9.0,-0.891174225511957,5.139,0.7104361425708932,2.011421997853116,2,0.9230769230769231,13.159020372482154,0.2660511959257868,1.4070963255230537,0,,,False
Gd0ccdc06a03c,CC(=O)NN1CCC(N2CCCCC2)CC1,"[6, 12, 10]",225.33599999999998,0.9878,35.58,1,9.0,-0.6229742255119568,5.112333333333333,0.7609674508390358,2.395219712806526,2,0.9166666666666666,12.414055695862793,0.08603143684311407,0.9999901248279874,0,,,False
G6e8d8c2fbe1f,O=C(NCCO)c1ccc(C2CC2)cc1,"[0, 4, 11]",205.25699999999995,1.2861,49.33,2,0.0,1.2860999827104256,5.5,0.7777029948680055,1.6459265253973232,4,0.4166666666666667,14.21337235761911,0.06421596816220816,7.510731390206077e-06,0,,,False
Gbcf84e50f073,CN1CCN(NC(=O)c2ccncc2)CC1,"[7, 6, 2]",220.276,-0.0262,48.47,1,9.0,-1.6369742255119568,5.333333333333333,0.760355630708627,2.163411017154351,2,0.45454545454545453,12.951872582821286,0.10496368043424446,0.9962645105298727,0,,,False
Ga6323095e4c7,CCc1coc(NC(=O)C2CC2)c1,"[5, 7, 3]",179.21899999999994,2.1905,42.24,1,0.0,2.190499982710426,5.73808334197812,0.7723521196307708,2.721912826931904,3,0.5,13.12932504803364,0.08333726343945834,1.3241615345487263e-06,0,,,False
G128b91146c58,CCOc1cc(C(=O)N2CCOCC2)ccn1,"[2, 17, 6]",236.2709999999999,0.9527000000000001,51.66000000000001,0,5.0,0.9509744749712074,6.0,0.7838178500820138,2.014541621087023,3,0.5,13.581269545471256,0.15899652103867637,0.9655651003087977,0,,,False
G25cf2f50a7cb,CC(=O)Nc1ccc(C(F)(F)F)cc1,"[0, 5, 15]",203.16299999999995,2.6638,29.1,1,0.0,2.663799982710426,4.95643334197812,0.746416298605068,1.5462785066900597,1,0.2222222222222222,14.524658221266638,0.04456914039084027,0.9597089732190012,0,,,False
Ge5722c70e636,CC(=O)Nc1cccc(Cl)c1,"[1, 5, 1]",169.611,2.2984,29.1,1,0.0,2.298399982710426,5.139133341978121,0.6869443648513704,1.356898797835692,1,0.125,13.210924723132536,0.166307069792578,0.9884374080038804,0,,,False
G2c16e82ecfe2,CCOc1cccc(NC(=O)c2ccncc2)c1,"[1, 6, 6]",242.278,2.7326000000000006,51.22,1,5.0,2.7308744749712077,5.467896095847729,0.8964126244028501,1.5938032958144,4,0.14285714285714285,11.333699685165357,0.13149217973313798,0.845714777726607,0,,,False
G5e0885fee64e,O=C(NC1CCCC1)c1cccc(C2CC2)c1,"[1, 18, 11]",229.32299999999992,3.2364000000000024,29.1,1,0.0,3.236399982710428,4.551933341978118,0.8466783597269111,1.7414700355297246,3,0.5333333333333333,14.054622445253656,0.20337983194537745,0.9757796695747826,1,,,False
G162b31638121,CC(=O)Nc1cnc(-c2ccccc2)nc1,"[3, 14, 10]",213.24,2.1019999999999994,54.88,1,5.0,2.1002744749712066,5.78319609584773,0.8306816356491282,1.7379819201643851,2,0.08333333333333333,14.50521675969971,0.11691796586249256,0.9999686558484224,0,,,False
G86fcc3294c05,CCN1CCN(c2ccccc2)CC1,"[7, 14, 3]",190.29,1.8285,6.48,0,9.0,0.2177257744880432,4.5,0.701716777836467,1.4522152948853844,2,0.5,13.766222644450762,0.10604712242757063,3.9328777861293296e-08,0,,,False
Ge9e68a71a431,CNC(=O)N1CCC(CO)CC1,"[6, 8, 9]",172.228,0.03009999999999985,52.57,2,0.0,0.030099982710425504,5.5,0.5860311426056685,2.1462156872819627,1,0.875,13.829555340193371,0.16858119148947728,0.6933210976832394,0,,,False
Gcd72dcf95d1d,O=C(CO)Nc1cc(-c2ccccc2)co1,"[5, 19, 12]",217.22400000000002,1.8773999999999997,62.47,2,0.0,1.8773999827104253,5.5,0.8246042042238628,2.437679244579101,3,0.08333333333333333,13.303717477671697,0.07377418955559084,0.8317732519514182,0,,,False
Ga50eba462a80,CCNC(=O)c1cc(C#N)cs1,"[4, 1, 4]",180.23199999999997,1.3694799999999998,52.89,1,0.0,1.3694799827104254,5.833333333333333,0.7468806522355563,2.4741177851840614,2,0.25,13.542638011260191,0.20627410867732163,2.396196075744272e-14,0,,,False
G86cea2c90030,O=C(NC1CCCC1)c1cc(C(F)(F)F)cs1,"[4, 18, 15]",263.28399999999993,3.439300000000002,29.1,1,0.0,3.439299982710428,4.349033341978118,0.8697066694965513,2.339682621120426,2,0.5454545454545454,11.789660177163526,0.2777360377902777,0.7777830226988652,0,,,False
Gf2d106e9c936,COc1cc(C(=O)N2CCOCC2)ccn1,"[2, 17, 5]",222.24399999999991,0.5626,51.66000000000001,0,5.0,0.5608744749712072,6.0,0.7334435836452824,1.97566018103395,2,0.45454545454545453,12.650438485881537,0.05123416097694179,0.9097167056307262,0,,,False
Ge317cb1c6e9f,CNC(=O)N1CCN(C)CC1,"[7, 0, 2]",157.21699999999998,-0.42680000000000007,35.58,1,9.0,-2.037574225511957,5.112333333333333,0.5178267490780671,1.9722034132203063,0,0.8571428571428571,12.133717209655348,0.1419199348465475,0.9970793833224517,0,,,False
G9effa246722c,Fc1cnc(N2CCCCC2)nc1,"[3, 12, 0]",181.21399999999997,1.6059999999999999,29.020000000000003,0,9.0,-0.004774225511956942,4.9510000000000005,0.6586542878344175,2.068400883612064,1,0.5555555555555556,17.78608422628915,0.04878490320452182,1.80270273549996,0,,,False
Gfb23091bfd72,CC(=O)NCCc1cccc(C2CC2)c1,"[1, 16, 11]",203.28499999999997,2.2426000000000004,29.1,1,0.0,2.242599982710426,5.1670333419781205,0.7985564611882432,1.7807320199028176,4,0.46153846153846156,11.979071873915231,0.03659472596784787,0.016455353031294324,1,,,False
G9bed94a6578e,COc1ccc(N2CCOCC2)cc1,"[0, 9, 14]",193.24599999999995,1.5318,21.700000000000003,0,9.0,-0.07897422551195676,4.585,0.7106728856605659,1.5162216738722485,2,0.45454545454545453,17.167173244029787,0.05356372118794127,0.9965750046683445,0,,,False
G58090484f8a9,CCc1cccc(S(=O)(=O)NC)c1,"[1, 15, 3]",199.27499999999998,1.1571,46.17,1,0.0,1.1570999827104256,5.833333333333333,0.7935928577340566,1.7391281016571796,3,0.3333333333333333,11.944914362634428,0.5317045255032402,0.9806128976543668,0,,,False
G1654a16fa87d,CCOC1CCN(C(F)(F)F)CC1,"[6, 10, 15]",197.19999999999996,2.0071,12.47,0,9.0,0.39632577448804307,4.5,0.6276887709480807,2.6748116181406942,2,1.0,12.290992849988186,0.16453119150002987,0.002920200938517727,0,,,False
Gfd2eb52eb599,CCOc1ccc(CC)cc1,"[0, 10, 3]",150.22099999999998,2.6477000000000004,9.23,0,0.0,2.647699982710426,4.676150008644787,0.6432681116372203,1.2454971104907795,3,0.4,10.787053452137807,0.04522111612850272,1.0090594638257833e-28,0,,,False
G2a30c69817ca,CCNC(=O)c1cc(NC(C)=O)cs1,"[4, 1, 10]",212.27399999999997,1.4562,58.2,2,0.0,1.4561999827104255,5.5,0.7964580288925737,2.269140504720479,3,0.3333333333333333,16.31340961115564,0.17489296223492548,0.7279060148823779,0,,,False
Gd13af18ce411,O=C(NCCO)N1CCN(c2ccncc2)CC1,"[7, 4, 13]",250.302,-0.09449999999999958,68.7,2,9.0,-1.7052742255119564,5.0,0.7861634038527398,2.0290278520274185,3,0.5,7.317269190915399,0.7335527019583442,0.6986579436810688,0,,,False
G3eea60e45e56,CNS(=O)(=O)c1cc(C(F)(F)F)co1,"[5, 15, 15]",229.17899999999997,1.2065000000000001,59.31,1,0.0,1.2064999827104257,5.833333333333333,0.8286033064142385,2.9225882779998305,2,0.3333333333333333,17.4985995286451,0.1917339691386312,0.7372541427311513,0,,,False
G4066f673b030,CON1CCN(NC(C)=O)CC1,"[7, 5, 5]",173.21599999999998,-0.7834999999999994,44.81,1,9.0,-2.394274225511956,5.333333333333333,0.5945330101279286,2.9195233795896556,2,0.8571428571428571,12.95109090726708,0.3171855987471141,0.8389167648231826,0,,,False
G7cfa6363b8cc,Cc1ccc(N2CCCCC2)cc1,"[0, 12, 2]",175.27499999999998,2.9853200000000015,3.24,0,9.0,1.3745457744880447,4.5,0.6339360634128471,1.4049514908995135,1,0.5,14.560688484721654,0.15069571339288576,0.0,0,,,False
G06e2c3f8239a,CCOc1csc(OC)c1,"[4, 9, 6]",158.22199999999998,2.1554,18.46,0,0.0,2.155399982710426,4.922300008644787,0.6707189867104135,2.701225960082107,3,0.42857142857142855,15.067747142103645,0.363464122164396,0.9828400921072187,0,,,False
Ga04c22fceb4b,O=C(NC1CC1)c1ccc(-c2ccccc2)cc1,"[0, 3, 12]",237.302,3.245800000000002,29.1,1,0.0,3.2457999827104276,4.542533341978118,0.8719404830962176,1.3684012248084834,3,0.1875,4.782698909184617,0.45715839131227237,9.979397118048004e-27,0,,,False
G2a4666038667,FC(F)(F)c1ccc(-c2ccccc2)cc1,"[0, 14, 15]",222.20899999999995,4.372400000000002,0.0,0,0.0,4.372399982710427,3.313799999999999,0.6715410034007648,1.39176078304064,1,0.07692307692307693,12.441294487082061,0.12275554506093915,0.0,0,,,False
Gfd7a9538977e,O=C(Nc1cccc(F)c1)C1CC1,"[1, 7, 0]",179.19399999999996,2.1742,29.1,1,0.0,2.1741999827104257,5.201233341978121,0.7402175022712268,1.4441359038549813,2,0.3,14.038799025202751,0.19268831293390512,0.985593780524765,0,,,False
Gcce47b73bcd3,O=C(NCCO)c1cc(-c2ccncc2)cs1,"[4, 4, 13]",248.307,1.5321999999999998,62.22,2,5.0,1.530474474971207,5.5,0.8622407208330396,2.1970169743052352,4,0.16666666666666666,14.03276497826777,0.5247577958516355,0.9880101728835583,0,,,False
Gc031ba3f7ec5,NC(=O)c1cc(C(=O)NC2CC2)ccn1,"[2, 3, 8]",205.21699999999996,0.0727000000000001,85.08,2,5.0,0.07097447497120729,5.5,0.7319456565852784,1.9717736441322469,3,0.3,14.93453781407001,0.1577530659570579,0.9109667828104031,0,,,False
G3d6b0a381aea,CCON1CCC(N2CCOCC2)CC1,"[6, 11, 6]",214.30899999999997,0.7345000000000002,24.94,0,9.0,-0.8762742255119567,4.747,0.691428034321582,2.6061575943283923,3,1.0,12.553311771234254,0.14644894446696985,0.9971827862760161,0,,,False
G41997eea176d,c1cc(-c2cc(C3CC3)cs2)ccn1,"[4, 13, 11]",201.29399999999995,3.6875000000000018,12.89,0,5.0,3.685774474971209,3.8133627625143944,0.7217923311884831,2.468077208581443,2,0.25,15.594090382637818,0.056316436604144204,0.9984646357953361,0,,,False
G1012b444dc85,CCNC(=O)c1ccc(-c2ccncc2)cc1,"[0, 1, 13]",226.279,2.4983000000000004,41.99,1,5.0,2.4965744749712075,5.58504609584773,0.8732665780015971,1.5998210559378876,3,0.14285714285714285,12.097257158651406,0.03178503240946288,0.9970043324593337,0,,,False
G942a353aa68d,O=C(N1CCOCC1)N1CCN(C(F)(F)F)CC1,"[7, 17, 15]",267.2509999999999,0.5760000000000001,36.019999999999996,0,9.0,-1.0347742255119567,5.301,0.6022197635281581,2.490525272145762,0,0.9,12.041855263511266,0.04774126389757118,1.1825217066593359,0,,,False
Geaf0ed510d55,O=C(c1cccc(CO)c1)N1CCOCC1,"[1, 17, 7]",221.25599999999994,0.6513000000000002,49.77,1,0.0,0.6512999827104259,5.833333333333333,0.7974316302939674,1.7442217194954885,2,0.4166666666666667,12.792833202149408,0.05153038853369682,0.9962262649533288,0,,,False
G0d1350bdc76f,O=C(NCCO)c1ncc(Cl)cn1,"[3, 4, 1]",201.61299999999997,-0.14790000000000003,75.11,2,5.0,-0.14962552502879284,5.5,0.7135430017458421,2.3804974423165177,3,0.2857142857142857,13.146466081315829,0.12396041745847793,0.5929797596030731,0,,,False
G5a4efc2e33aa,CC(=O)NCCc1ccnc(-c2ccccc2)c1,"[2, 16, 12]",240.306,2.4272,41.99,1,5.0,2.425474474971207,5.62059609584773,0.8914158204003845,1.7416642425599633,4,0.2,14.26972972841371,0.12712681441701046,0.29328690813543035,0,,,False
G8d36b2a08497,CON1CCN(N2CCCCC2)CC1,"[7, 12, 5]",199.29799999999997,0.5662999999999998,18.950000000000003,0,9.0,-1.044474225511957,4.5,0.6468022018029698,2.8903612611142773,2,1.0,13.7146281353083,0.08119308440754003,0.9986229903329992,0,,,False
Gd9dc2ddf6e66,CCc1csc(C(=O)NCCO)c1,"[4, 4, 3]",199.27499999999995,1.0326,49.33,2,0.0,1.0325999827104255,5.5,0.7606742632198601,2.2227397500088273,4,0.4444444444444444,13.39637569441061,0.10009202009782833,4.297699312100816e-15,0,,,False
G32e5ab4ab989,CNC(=O)c1ccnc(Cl)c1,"[2, 0, 1]",170.599,1.0946,41.99,1,5.0,1.0928744749712072,5.833333333333333,0.6416350267267888,1.9250757209126146,1,0.14285714285714285,12.113636914644541,0.1871041669346977,1.0840069479337614e-12,0,,,False
Gcdea913a421e,O=C(NCCO)c1cc(-c2ccccc2)co1,"[5, 4, 12]",231.251,1.6687,62.47,2,0.0,1.6686999827104256,5.5,0.8409016796681005,2.086691385608219,4,0.15384615384615385,9.143036197605777,0.10731678429458079,7.614984056050525e-06,0,,,False
G5a9fa1b04659,CNS(=O)(=O)c1ccc(C(F)(F)F)cc1,"[0, 15, 15]",239.21799999999996,1.6135,46.17,1,0.0,1.6134999827104255,5.833333333333333,0.8518561698209736,1.8023627046027322,2,0.25,15.055989309579136,0.18796402665290507,1.874395853862668,0,,,False
G91096a8843b8,O=C(CO)Nc1ncc(CO)cn1,"[3, 19, 7]",183.16699999999997,-1.1003000000000003,95.34,3,5.0,-1.1020255250287931,4.988666666666666,0.5524703758436432,2.3993705192395964,3,0.2857142857142857,17.285306199286147,0.04926484631649879,1.1909284150134012,0,,,False
G46f73ff225c2,O=C(c1ccnc(N2CCOCC2)c1)N1CCOCC1,"[2, 17, 14]",277.32399999999996,0.39060000000000006,54.900000000000006,0,9.0,-1.2201742255119568,5.5,0.782558969577229,2.079776290828203,2,0.5714285714285714,12.14637769951956,0.13052115630704877,0.9567267225849195,0,,,False
Gfb5990b56b76,CNC(=O)c1cc(Cl)cs1,"[4, 0, 1]",175.64,1.7610999999999999,29.1,1,0.0,1.7610999827104254,5.288333333333333,0.6926883573679872,2.541633469239617,1,0.16666666666666666,12.433383800561396,0.2773387537871561,0.004154301364657417,0,,,False
G292380911c86,Cc1coc(C(=O)NCCO)c1,"[5, 4, 2]",169.17999999999998,0.31012000000000006,62.47,2,0.0,0.31011998271042573,5.5,0.6841011521380617,2.48782967329595,3,0.375,11.309066960490565,0.17988187580340972,6.460791560230408e-10,1,,,False
G1053917b3bb6,Cc1csc(C(=O)NC2CCCC2)c1,"[4, 18, 2]",209.31399999999994,2.7289200000000013,29.1,1,0.0,2.728919982710427,4.92387334197812,0.7969176788484781,2.096179816461369,2,0.5454545454545454,12.842840242997429,0.23907807028619862,9.861603033261692e-07,1,,,False
Gd01c76a51ed8,CCNC(=O)C1CCN(OCC)CC1,"[6, 1, 6]",200.28199999999995,0.7859999999999998,41.57000000000001,1,9.0,-0.824774225511957,5.333333333333333,0.729075751993908,2.4090711182365165,4,0.9,10.297757765555904,0.273509622624575,0.521800287402684,0,,,False
G45be74791b7c,c1cc(-c2cnc(-c3ccncc3)nc2)ccn1,"[3, 13, 13]",234.262,2.6006,51.56,0,5.0,2.598874474971207,5.700562762514396,0.6835141078749749,2.0449385029149916,2,0.0,12.877075423998473,0.34703860238052625,0.9997492961992829,0,,,False
G0fe77c34338a,COc1csc(C(=O)N2CCOCC2)c1,"[4, 17, 5]",227.28499999999994,1.2291,38.77,0,0.0,1.2290999827104256,5.9385,0.7624505788053197,2.2487109363352236,2,0.5,15.293047889990895,0.2632970347851421,1.9331722505499713,0,,,False
G16b672fa4047,c1ccc(-c2cc(N3CCOCC3)co2)cc1,"[5, 14, 14]",229.27899999999994,2.783200000000001,25.610000000000003,0,9.0,1.172425774488044,4.7805,0.7914857879267614,2.202058437044176,2,0.2857142857142857,11.261031503595142,0.03591509308671531,1.489515926253043e-55,0,,,False
Gcfd87460b759,O=C(c1cc(-c2ccncc2)cs1)N1CCOCC1,"[4, 17, 13]",274.34499999999997,2.2824999999999998,42.43000000000001,0,5.0,2.280774474971207,5.859612762514397,0.8434790722835254,2.2062901523157272,2,0.2857142857142857,11.300119808507125,0.2530119969187018,0.9953304129908477,0,,,False
G6f5da10c1d56,c1ccc(-c2csc(N3CCCCC3)c2)cc1,"[4, 12, 12]",243.375,4.405400000000003,3.24,0,9.0,2.794625774488046,3.3999871127559755,0.7550907351462566,2.1370168080848995,2,0.3333333333333333,10.723516454906683,0.3459506072159348,0.0,0,,,False
G6d120768f8f2,O=C(CO)Nc1ccc(C(F)(F)F)cc1,"[0, 19, 15]",219.16199999999995,1.6361999999999999,49.33,2,0.0,1.6361999827104254,5.5,0.7938203908931744,1.7617285034193007,2,0.2222222222222222,11.263078696476992,0.10067217357856259,0.8478820823297497,0,,,False
G4d376a046f6f,CON1CCN(C2CC2)CC1,"[7, 9, 11]",156.22899999999996,0.32779999999999987,15.71,0,9.0,-1.282974225511957,4.5,0.5726956948218787,2.4923477308381727,2,1.0,14.339784491646661,0.3750766563818439,0.02006881542142873,0,,,False
Gc1702b4b5ee6,COc1coc(C(=O)NC2CC2)c1,"[5, 3, 5]",181.19099999999995,1.1804000000000001,51.47,1,0.0,1.1803999827104257,5.833333333333333,0.7613146695619414,2.4146782115472867,3,0.4444444444444444,14.319613422137607,0.1993625222175129,0.9231195202292122,0,,,False
G14fbca6ae1c7,CC(=O)Nc1ncc(N2CCOCC2)cn1,"[3, 5, 14]",222.24799999999993,0.2715999999999996,67.35000000000001,1,9.0,-1.3391742255119572,5.333333333333333,0.777669161182601,2.224439445247997,2,0.5,12.233503604794592,0.02454029063339491,0.9563482207940012,0,,,False
Gce556d554588,CC(=O)Nc1cc(-c2ccncc2)cs1,"[4, 5, 13]",218.281,2.7685000000000004,41.99,1,5.0,2.7667744749712075,5.4499460958477295,0.8417245157446246,2.3323127252439875,2,0.09090909090909091,16.533735435847625,0.14414722635436175,1.94888666584827,0,,,False
Gdb4b59e4fe6c,NC(=O)c1cccc(C(=O)NC2CCCC2)c1,"[1, 18, 8]",232.28299999999993,1.4579,72.19,2,0.0,1.4578999827104255,5.5,0.8276502181271025,1.6577713895328632,3,0.38461538461538464,15.772221851749611,0.12705924156399417,1.6558857439399857,0,,,False
G1d5aedaada33,O=C(Nc1ccccc1)c1cccc(N2CCOCC2)c1,"[1, 2, 14]",282.3430000000001,2.775500000000001,41.57000000000001,1,9.0,1.1647257744880442,5.333333333333333,0.9408937686794925,1.5988113623676519,3,0.23529411764705882,12.452683205212844,0.06307716112315447,0.9401700552231149,0,,,False
Gfeb5445f023f,FC(F)(F)c1cc(-c2ccccc2)ccn1,"[2, 14, 15]",223.19699999999995,3.767400000000001,12.89,0,5.0,3.7656744749712083,3.733462762514395,0.7166892473597637,1.8212346291944854,1,0.08333333333333333,10.640608773987244,0.23874742267976778,0.9805673029073886,0,,,False
G4075f18953f6,O=C(NC1CCCC1)c1ccc(Cl)cc1,"[0, 18, 1]",223.70299999999995,3.0124000000000013,29.1,1,0.0,3.012399982710427,4.775933341978119,0.8206971811832318,1.4523606679989083,2,0.4166666666666667,16.26796474558051,0.10935230183648051,0.9510809039176402,0,,,False
G44a2c00ea6cb,COc1ccc(-c2ccncc2)cc1,"[0, 9, 13]",185.22600000000003,2.757200000000001,22.12,0,5.0,2.755474474971208,4.728262762514396,0.7172913864129739,1.422574394322531,2,0.08333333333333333,16.87191433189612,0.25514531121170464,1.9793729795548485,0,,,False
G8657dcd12167,Clc1cccc(-c2ccccc2)c1,"[1, 14, 1]",188.65699999999998,4.0070000000000014,0.0,0,0.0,4.006999982710427,3.4964999999999993,0.6346172430604236,1.1856466325999193,1,0.0,7.880687842017764,0.2991030348192174,0.0,0,,,False
Ge04701159bef,O=C(c1ncc(C(F)(F)F)cn1)N1CCOCC1,"[3, 17, 15]",261.2029999999999,0.9677999999999998,55.32000000000001,0,5.0,0.966074474971207,6.0,0.7554603990276779,2.3926246567611447,1,0.5,10.168694529247883,0.10502091865466039,1.0261421952512141e-11,0,,,False
Ga1ec4ea0eb39,CON1CCN(NC(=O)c2ccncc2)CC1,"[7, 6, 5]",236.275,-0.09460000000000024,57.7,1,9.0,-1.705374225511957,5.333333333333333,0.7942737844687704,2.548412578700839,3,0.45454545454545453,14.793005705963735,0.1745230879630391,0.9715346142201005,0,,,False
G7c1a3de0c9df,COc1csc(CCNC(C)=O)c1,"[4, 16, 5]",199.27499999999998,1.4353,38.33,1,0.0,1.4352999827104256,5.749833333333333,0.7964088295553969,2.3484205192395944,4,0.4444444444444444,14.32757199628716,0.14572349936461115,0.9992497655771135,0,,,False
Gfeb8b9a66fec,CC(=O)NN1CCN(CO)CC1,"[7, 5, 7]",173.21599999999998,-1.3950999999999993,55.81,2,9.0,-3.005874225511956,5.0,0.5393231175952732,2.6882716313379067,2,0.8571428571428571,13.336876972386943,0.45945822831067673,1.3256763045495095,0,,,False
G410dc9fecdec,CCc1cc(C(=O)NC)ccn1,"[2, 0, 3]",164.20799999999997,1.0036,41.99,1,5.0,1.0018744749712072,5.833333333333333,0.708226391304393,1.9615709320372083,2,0.3333333333333333,11.187536242286257,0.3554629118280237,0.9334253468347864,0,,,False
G792b4c675780,O=C(CO)Nc1cc(-c2ccncc2)co1,"[5, 19, 13]",218.21200000000002,1.2723999999999998,75.36,2,5.0,1.270674474971207,5.5,0.8130483634173148,2.728096301435288,3,0.09090909090909091,13.764448599233454,0.146749816578095,0.8931500605124781,0,,,False
Gb0075264a132,O=C(NCCO)c1ccnc(Cl)c1,"[2, 4, 1]",200.62499999999997,0.4570999999999999,62.22,2,5.0,0.4553744749712071,5.5,0.6971779548029143,1.9511743653934417,3,0.25,14.815811256912962,0.40930433728405546,1.396779758275653,0,,,False
G6a8d12479fe6,CNC(=O)c1ccc(Cl)cc1,"[0, 0, 1]",169.611,1.6996,29.1,1,0.0,1.6995999827104256,5.288333333333333,0.681442286214986,1.3160480286049232,1,0.125,11.111543033420629,0.2789436433574613,1.3137045110147983e-05,0,,,False
G223f55637f68,N#Cc1cccc(NC(=O)C2CC2)c1,"[1, 7, 4]",186.21399999999997,1.90678,52.89,1,0.0,1.9067799827104255,5.833333333333333,0.7665060626368362,1.6775681596566372,2,0.2727272727272727,12.005321894020362,0.20337530419616887,0.7127391155807945,0,,,False
Gf538fb9735fc,O=C(c1cccc(Cl)c1)N1CCOCC1,"[1, 17, 1]",225.67499999999995,1.8124000000000002,29.540000000000003,0,0.0,1.8123999827104258,5.477,0.7297641130721476,1.6233059273906782,1,0.36363636363636365,11.788511704014931,0.15583117149509557,2.7875637398872496e-05,0,,,False
Ga39ad28c1c7f,CNC(=O)c1ncc(CO)cn1,"[3, 0, 7]",167.16799999999998,-0.6715000000000002,75.11,2,5.0,-0.673225525028793,5.5,0.6120938660777986,2.5012100928763683,2,0.2857142857142857,15.336928467150363,0.033870788409344765,0.7956969908068247,0,,,False
G11341b872168,N#Cc1coc(NC(=O)c2ccncc2)c1,"[5, 6, 4]",213.19600000000003,1.79858,78.92,1,5.0,1.7968544749712072,5.833333333333333,0.8243489785009582,2.7117247295289335,2,0.0,9.549375243985233,0.39258320906430655,3.3682027549923234e-07,0,,,False
Ge8a12141d978,CNC(=O)c1cccc(C(=O)NC2CC2)c1,"[1, 3, 9]",218.25599999999997,0.9384,58.2,2,0.0,0.9383999827104257,5.5,0.7928236974544344,1.6116177061175634,3,0.3333333333333333,13.204218406638255,0.1429352436188734,0.9970430863873305,0,,,False
G56256604e2b0,N#CN1CCN(c2ccccc2)CC1,"[7, 14, 4]",187.246,1.28968,30.27,0,9.0,-0.3210942255119569,5.0135,0.6205176154775477,2.1606588220898857,1,0.36363636363636365,12.60211342071375,0.0707654993621963,7.571547628720168e-18,0,,,False
G7a436d26a11a,CCOc1cc(-c2ccncc2)co1,"[5, 10, 13]",189.21400000000003,2.7403000000000004,35.260000000000005,0,5.0,2.7385744749712075,5.393712762514396,0.744214272002962,2.5411308671180297,3,0.18181818181818182,16.493298556156386,0.09888159379583997,0.9994818271523263,0,,,False
G4d8d42c8e510,CCNC(=O)c1cccc(N2CCOCC2)c1,"[1, 1, 14]",234.29899999999992,1.2729,41.57000000000001,1,9.0,-0.3378742255119569,5.333333333333333,0.8561008979505714,1.7496307890619072,3,0.46153846153846156,16.8219584052035,0.08371974049318104,1.817421369081638,0,,,False
Gc27cb26209ad,O=C(Nc1ccc(N2CCOCC2)cc1)c1ccncc1,"[0, 6, 14]",283.3310000000001,2.1704999999999997,54.46000000000001,1,9.0,0.5597257744880428,5.333333333333333,0.9376910743869834,1.7682324541790688,3,0.25,15.306147464637416,0.2088119546636905,0.6835043743910681,0,,,False
Gcd9988b0e959,CC(=O)NCCN1CCN(CO)CC1,"[7, 16, 7]",201.26999999999998,-1.3100999999999987,55.81,2,9.0,-2.9208742255119553,5.0,0.5928152373979346,2.1300533667572275,4,0.8888888888888888,14.642991429277142,0.03807517125860286,1.0033263146927223,0,,,False
G0916a869051a,O=C(NCCO)c1ccnc(CO)c1,"[2, 4, 7]",196.20599999999996,-0.7040000000000004,82.45,3,5.0,-0.7057255250287932,5.166666666666667,0.5941371569915647,2.080363425928825,4,0.3333333333333333,12.098739177591838,0.3879974613479415,0.9818507788791883,0,,,False
G1b7adcd5b10d,O=C(c1ccnc(-c2ccccc2)c1)N1CCOCC1,"[2, 17, 12]",268.3159999999999,2.221,42.43000000000001,0,5.0,2.2192744749712072,5.890362762514396,0.8384104000116485,1.793818011819079,2,0.25,11.427559912369842,0.1265093825057949,0.873772832891156,0,,,False
G88fceecbd7a0,CCNC(=O)c1ccnc(OC)c1,"[2, 1, 5]",180.20699999999997,0.8398999999999999,51.22,1,5.0,0.8381744749712071,5.833333333333333,0.7494727311606092,1.8903089807780553,3,0.3333333333333333,12.615214812673168,0.24372550802785414,0.6989031292867954,0,,,False
G78a242871b05,O=C(NCCO)C1CCN(N2CCOCC2)CC1,"[6, 4, 14]",257.33399999999995,-0.9458999999999984,65.04,2,9.0,-2.556674225511955,5.0,0.6799674483442262,2.515206254394281,4,0.9166666666666666,14.563583707666236,0.22021657127280836,1.3046828311980798,0,,,False
G5849ce7b13c6,COc1cc(NC(=O)C2CC2)ccn1,"[2, 7, 5]",192.21799999999996,1.4386999999999999,51.22,1,5.0,1.436974474971207,5.833333333333333,0.7878964869354214,1.894200112319357,3,0.4,12.69497299859698,0.05718080586300067,1.0089978114264984,0,,,False
Gcf394fa17c6d,CNC(=O)c1ccc(CCNC(C)=O)cc1,"[0, 16, 9]",220.272,0.7248,58.2,2,0.0,0.7247999827104257,5.5,0.7853610271843378,1.6004872865371418,4,0.3333333333333333,12.145185024042398,0.05517275456633319,0.9868889037726302,0,,,False
Gc5bcbb0c3305,O=C(NC1CCCC1)c1ncc(CO)cn1,"[3, 18, 7]",221.25999999999993,0.6412999999999998,75.11,2,5.0,0.639574474971207,5.5,0.7851008437404308,2.310177237890139,3,0.5454545454545454,14.655072633934088,0.23457380188523702,1.9911230053598303,0,,,False
G859638ef83f2,O=C(NC1CCCC1)c1cc(Cl)co1,"[5, 18, 1]",213.66399999999993,2.6054000000000004,42.24,1,0.0,2.605399982710426,5.53063334197812,0.820764779704896,2.3875375087690607,2,0.5,12.487070623826405,0.06187366756265576,3.6210387133133416e-12,0,,,False
G0e139806a48c,NC(=O)c1cnc(C(=O)NCCO)nc1,"[3, 4, 8]",210.19299999999996,-1.702399999999999,118.2,3,5.0,-1.7041255250287919,4.226666666666667,0.5468761642706157,2.3873034752767115,4,0.25,14.818091167293636,0.6428185183629647,1.1022616222291695,0,,,False
G43e4067662cc,O=C(c1cccc(C2CC2)c1)N1CCOCC1,"[1, 17, 11]",231.29499999999993,2.0364000000000004,29.540000000000003,0,0.0,2.036399982710426,5.458800008644787,0.7791655125237757,1.815806927209474,2,0.5,11.93813240574709,0.12292695994558,1.2188129683403809e-05,0,,,False
Ge8435ddab96d,O=C(Nc1cccc(C2CC2)c1)C1CC1,"[1, 7, 11]",201.26899999999995,2.9125000000000014,29.1,1,0.0,2.912499982710427,4.8320833419781195,0.8000194543287177,1.6466353166061154,3,0.46153846153846156,12.313080954241983,0.3231921094880835,0.004712286781474091,0,,,False
Gccfdf6909561,CC(=O)Nc1cc(C(=O)NC2CC2)ccn1,"[2, 3, 10]",219.24399999999997,0.9321999999999999,71.09,2,5.0,0.9304744749712072,5.5,0.7940743530456388,1.9028463774462345,3,0.36363636363636365,12.405676162564653,0.30041555787142826,1.5964550877830055,0,,,False
Gce44067e251e,CCc1cc(NC(=O)C2CC2)ccn1,"[2, 7, 3]",190.24599999999995,1.9925,41.99,1,5.0,1.990774474971207,5.833333333333333,0.7915755715081435,1.9000865028519023,3,0.45454545454545453,11.56714287420617,0.2061686909314663,0.9172970801487472,0,,,False
Gd5aced8f1386,OCN1CCC(N2CCCCC2)CC1,"[6, 12, 7]",198.30999999999997,0.8865000000000001,26.71,1,9.0,-0.7242742255119567,4.668833333333334,0.7135252080165863,2.1863079778122145,2,1.0,12.482173924723426,0.092989029289457,0.04119288052302823,0,,,False
Gb371e0761a28,c1cc(N2CCCCC2)ccc1C1CC1,"[0, 12, 11]",201.31299999999996,3.5543000000000022,3.24,0,9.0,1.9435257744880454,4.222849999999999,0.7069305602685777,1.6278198320906316,2,0.5714285714285714,14.138964632240569,0.15698041703182794,0.0,0,,,False
Gd8d2fe74f494,CCNC(=O)N1CCN(NC(C)=O)CC1,"[7, 1, 10]",214.26899999999998,-0.6153999999999993,64.68,2,9.0,-2.226174225511956,5.0,0.6439356340079608,2.3566325559521353,2,0.7777777777777778,12.530109676258371,0.1031762249096622,0.002958954556602607,0,,,False
Gdb398c09da3d,c1ccc(-c2cnc(N3CCCCC3)nc2)cc1,"[3, 12, 12]",239.322,3.1339000000000015,29.020000000000003,0,9.0,1.5231257744880446,4.884049999999999,0.8058648800714858,1.786859015735505,2,0.3333333333333333,12.918526317870114,0.1217559708728351,0.9800203647403584,0,,,False
G11493f1ccb70,c1cc(N2CCC(N3CCOCC3)CC2)ccn1,"[6, 11, 13]",247.342,1.3825999999999994,28.6,0,9.0,-0.22817422551195743,4.93,0.7892625559154925,2.132289784966275,2,0.6428571428571429,14.566381100934843,0.06505916706754047,1.798176035067954,0,,,False
Gf49a9c3b1a32,CC(=O)Nc1cccc(N2CCOCC2)c1,"[1, 5, 14]",220.27199999999993,1.4815999999999998,41.57000000000001,1,9.0,-0.129174225511957,5.333333333333333,0.8204896849184754,1.7058136927396372,2,0.4166666666666667,13.981975221434281,0.12108850802925462,0.02496919236854487,0,,,False
G5a8dd56f4825,CNC(=O)c1cccc(F)c1,"[1, 0, 0]",153.15599999999998,1.1853,29.1,1,0.0,1.1852999827104256,5.288333333333333,0.6445959937960092,1.4589080286049239,1,0.125,17.47516633165896,0.17087325755573957,1.5965018983535624,0,,,False
G6701fe2bc054,CON1CCN(C(=O)Nc2ccccc2)CC1,"[7, 2, 5]",235.287,1.3974999999999997,44.81,1,9.0,-0.21327422551195707,5.333333333333333,0.8423442569054366,1.969838324383728,2,0.4166666666666667,11.12410043515786,0.06237976744367077,0.7640047368689605,0,,,False
Gedbaac6843d5,CC(=O)Nc1cccc(CO)c1,"[1, 8, 10]",165.19199999999998,1.1372999999999998,49.33,2,0.0,1.1372999827104253,5.5,0.6899117145419019,1.535210092876369,2,0.2222222222222222,17.445117406915926,0.3941672145122757,1.9560767337842162,0,,,False
G517a9fa84d4f,COc1cc(C(=O)NC2CCCC2)ccn1,"[2, 18, 5]",220.27199999999993,1.7626,51.22,1,5.0,1.760874474971207,5.833333333333333,0.844085822795918,1.8964752312011726,3,0.5,12.082964627908208,0.40220107568837293,0.9934258859009455,1,,,False
G0fbf0a67b491,O=C(c1cc(C2CC2)cs1)N1CCOCC1,"[4, 17, 11]",237.32399999999993,2.0979,29.540000000000003,0,0.0,2.097899982710426,5.428050008644787,0.7880291261802388,2.455576903441978,2,0.5833333333333334,16.49080617759753,0.06678171774098209,1.9935044280239496,0,,,False
G74d128461530,N#Cc1csc(C(=O)NC2CCCC2)c1,"[4, 18, 4]",220.29699999999994,2.29218,52.89,1,0.0,2.292179982710426,5.68724334197812,0.8309806801468097,2.3354393799845976,2,0.45454545454545453,11.303887791488602,0.10050323895355089,1.4229321364309636e-09,0,,,False
G602c942685a0,CCON1CCN(C(=O)NCCO)CC1,"[7, 4, 6]",217.26899999999995,-0.7425999999999988,65.04,2,9.0,-2.3533742255119554,5.0,0.6505825054971541,2.538986964957763,4,0.8888888888888888,15.797040812907474,0.5428154236136886,1.7651381608102228,0,,,False
G1a454b249b10,CCNC(=O)c1cc(Cl)co1,"[5, 1, 1]",173.599,1.6827,42.24,1,0.0,1.6826999827104256,5.833333333333333,0.7396505492120687,2.565151105527999,2,0.2857142857142857,13.699650551789615,0.16682229232168844,0.00020201416013936778,0,,,False
G37ce3938b93a,Clc1cccc(-c2ccncc2)c1,"[1, 13, 1]",189.64499999999998,3.402000000000001,12.89,0,5.0,3.400274474971208,4.098862762514395,0.6702292196215794,1.5372041224784603,1,0.0,13.368424257059385,0.12838843664485278,3.359041495184784e-08,0,,,False
Geb07e0edd4e3,O=C(Nc1cc(C(F)(F)F)co1)C1CC1,"[5, 7, 15]",219.16199999999992,2.6469000000000005,42.24,1,0.0,2.6468999827104263,5.50988334197812,0.8302467796283965,2.8303192726500708,2,0.4444444444444444,12.915469097664396,0.08607401797190703,3.524182218600174e-08,0,,,False
G6ccabd709d59,c1cc(N2CCCCC2)cc(C2CC2)n1,"[2, 12, 11]",202.30099999999993,2.949300000000002,16.130000000000003,0,9.0,1.338525774488045,4.5,0.732669686280573,2.1352624894332877,2,0.6153846153846154,14.007035723323435,0.13136315871575122,1.8328016684821387e-25,0,,,False
Gd777b93a6869,O=C(NC1CCCC1)C1CCN(F)CC1,"[6, 18, 0]",214.28399999999993,1.6416999999999995,32.34,1,9.0,0.03092577448804268,4.950333333333334,0.7087010926496031,2.5305123674622347,2,0.9090909090909091,16.416514411401486,0.08420308758487512,0.9857417931195531,1,,,False
G4b39f365d858,O=C(Nc1ccc(C2CC2)cc1)c1ccncc1,"[0, 6, 11]",238.29,3.2113000000000014,41.99,1,5.0,3.2095744749712085,5.122896095847729,0.8916788304399208,1.6471029999564113,3,0.2,10.427156505443017,0.15380104702886574,0.8679866270536689,0,,,False
G46343c2e5ec7,CC(=O)NCCc1ccc(-c2ccncc2)cc1,"[0, 16, 13]",240.306,2.4272,41.99,1,5.0,2.425474474971207,5.62059609584773,0.8914158204003845,1.68978110646529,4,0.2,7.993170724126284,0.3885806103497989,1.4197559083829673e-12,0,,,False
Ge4c6f3bfb7a5,CCOc1csc(C(=O)NC2CC2)c1,"[4, 3, 6]",211.28599999999994,2.039,38.33,1,0.0,2.038999982710426,5.73033334197812,0.8272757226501145,2.180052183325275,4,0.5,10.753635812759462,0.10329615118259763,0.011924050552002043,0,,,False
G510ca3e2d0a5,O=C(NCCO)C1CCN(C(F)(F)F)CC1,"[6, 4, 15]",240.22499999999994,0.3266999999999996,52.57000000000001,2,9.0,-1.2840742255119573,5.0,0.6987765125964259,2.420688725795559,3,0.8888888888888888,9.827917679258345,0.2769543188170744,0.04092758169532223,0,,,False
G09c4b53a1c45,CNC(=O)N1CCC(NC(C)=O)CC1,"[6, 5, 9]",199.254,-0.07369999999999982,61.440000000000005,2,0.0,-0.07370001728957416,5.5,0.6205322334904677,2.0708890877164308,1,0.7777777777777778,14.830854258873355,0.061448671551231536,0.9740380500012951,0,,,False
G9c1a266952fc,CC(=O)NCCc1ccc(C2CC2)cc1,"[0, 16, 11]",203.28499999999997,2.2426000000000004,29.1,1,0.0,2.242599982710426,5.1670333419781205,0.7985564611882432,1.6557210308918293,4,0.46153846153846156,11.598906606751807,0.08773876454012207,1.557269770485365e-21,0,,,False
G9e61473898fb,CCNC(=O)c1cc(OC)cs1,"[4, 1, 5]",185.24799999999996,1.5064000000000002,38.33,1,0.0,1.5063999827104257,5.749833333333333,0.7747212945153169,2.2489457572120326,3,0.375,16.384931118073368,0.5437877402169374,1.9382262901250695,0,,,False
G67e9234b30c0,c1ccc(-c2cc(N3CCOCC3)cs2)cc1,"[4, 14, 14]",245.34699999999995,3.2517000000000023,12.47,0,9.0,1.6409257744880454,4.374149999999998,0.8049865154928422,2.0941914687183854,2,0.2857142857142857,9.583283630227612,0.19052037421747073,4.141332731810845e-11,0,,,False
Gc65b67a97ec6,CC(=O)Nc1cc(-c2ccncc2)ccn1,"[2, 13, 10]",213.23999999999998,2.1019999999999994,54.88,1,5.0,2.1002744749712066,5.78319609584773,0.8306816356491281,1.9461167027730806,2,0.08333333333333333,13.608318463503863,0.47016430058281977,0.8951113706301884,0,,,False
G8c875207d2b3,CC(=O)NC1CCN(C)CC1,"[6, 5, 2]",156.22899999999998,0.21670000000000011,32.34,1,9.0,-1.3940742255119567,4.950333333333334,0.5886197135239408,1.9088480286049236,1,0.875,13.143593817037106,0.18014125913154022,0.04616426415111672,0,,,False
G1ceffe1345e5,O=C(NC1CCCC1)c1cc(F)cs1,"[4, 18, 0]",213.27699999999993,2.5596000000000005,29.1,1,0.0,2.5595999827104263,5.00853334197812,0.8033429193647537,2.3226959703075227,2,0.5,16.72528400441205,0.17344496770830573,0.6018641587857281,0,,,False
G556e654f8fc4,O=C(NN1CCN(N2CCOCC2)CC1)C1CC1,"[7, 7, 14]",254.33399999999992,-0.7075999999999991,48.05,1,9.0,-2.318374225511956,5.333333333333333,0.7210222413281591,2.8016991538025664,3,0.9166666666666666,13.868531153099168,0.256472341082511,0.9883280124109817,0,,,False
Ga009edbb72c3,O=C(Nc1cccc(C(F)(F)F)c1)c1ccncc1,"[1, 6, 15]",266.222,3.3527000000000013,41.99,1,5.0,3.3509744749712085,4.981496095847729,0.9052064149035117,1.7308286242211786,2,0.07692307692307693,9.074176959104157,0.8241694214943134,1.110668115641363,0,,,False
G9e8638b2ef98,O=C(Nc1ccccc1)c1ccnc(CO)c1,"[2, 2, 7]",228.251,1.8261999999999996,62.22,2,5.0,1.8244744749712067,5.5,0.841966754467146,1.695690129721246,3,0.07692307692307693,11.480799205824185,0.04277067965809199,3.9717349050646634e-08,0,,,False
Ge207856b0629,NC(=O)c1coc(-c2ccccc2)c1,"[5, 14, 8]",187.19799999999998,2.0454999999999997,56.230000000000004,1,0.0,2.0454999827104254,5.810583341978121,0.7816679690570896,2.02262558569214,2,0.0,15.371830251702537,0.3362418857293811,0.32604978773049936,0,,,False
Gd6edf3afbd24,CCc1ccc(C(=O)NC2CCCC2)cc1,"[0, 18, 3]",217.31199999999993,2.921400000000001,29.1,1,0.0,2.921399982710427,4.82763334197812,0.8283308034835702,1.5022782412346203,3,0.5,11.036378171736681,0.07955028009536808,0.08250639050588945,0,,,False
Geb9abae95eb8,CCNC(=O)N1CCN(C)CC1,"[7, 1, 2]",171.24399999999997,-0.0367000000000004,35.58,1,9.0,-1.6474742255119572,5.112333333333333,0.6007992732699612,1.8627051977714757,1,0.875,12.872145122472498,0.25988689960748995,0.0376080274612516,0,,,False
G4aba1bed8502,CCOc1cc(C(N)=O)cs1,"[4, 10, 8]",171.22099999999998,1.2457000000000003,52.32,1,0.0,1.2456999827104258,5.833333333333333,0.7435853450064794,2.65822033629723,3,0.2857142857142857,10.731149243533787,0.12122468218818923,0.8568396003979986,0,,,False
G5036c4eaf062,CNS(=O)(=O)c1ccc(Cl)cc1,"[0, 15, 1]",205.666,1.2481,46.17,1,0.0,1.2480999827104255,5.833333333333333,0.7901111999588265,1.5620107921770678,2,0.14285714285714285,13.682241320732377,0.21172330704703057,0.8787083508590134,0,,,False
Ga1a8b9b9b431,CN1CCC(C(=O)N2CCOCC2)CC1,"[6, 17, 2]",212.29299999999995,0.18699999999999983,32.78,0,9.0,-1.423774225511957,5.139,0.621707242991146,1.9200837449219854,1,0.9090909090909091,10.813403354502995,0.33107537917349733,0.010671367991236072,0,,,False
Gddb39d4c81b6,CCON1CCN(S(=O)(=O)NC)CC1,"[7, 15, 6]",223.29799999999997,-0.9802999999999988,61.88000000000001,1,9.0,-2.5910742255119557,5.333333333333333,0.6652249564598732,2.8889307881212876,4,1.0,13.47343038983818,0.5207707468912438,1.1152003207909926,0,,,False
Gedc4f446f2a8,c1ccc(-c2ncc(-c3ccncc3)cn2)cc1,"[3, 14, 13]",233.27400000000003,3.2056000000000013,38.67,0,5.0,3.2038744749712085,5.228762762514395,0.6818492617177718,1.797546195222683,2,0.0,9.87876417660477,0.2887929231899199,0.005930126009986599,0,,,False
G8d8cb2d12a39,CCN1CCN(c2ccncc2)CC1,"[7, 13, 3]",191.27799999999996,1.2234999999999998,19.37,0,9.0,-0.387274225511957,4.5,0.7004859114832449,1.8149811485439216,2,0.5454545454545454,15.15499856464233,0.15902292848673927,0.9570202436728724,0,,,False
G610607bf26bb,N#Cc1csc(C(=O)NC2CC2)c1,"[4, 3, 4]",192.24299999999997,1.5119799999999999,52.89,1,0.0,1.5119799827104254,5.833333333333333,0.771803596073852,2.4167397500088263,2,0.3333333333333333,11.56363287576262,0.20451613960212017,9.038326622289423e-05,0,,,False
Ge2aa217b5359,CNC(=O)c1ncc(C(N)=O)cn1,"[3, 0, 8]",180.16699999999997,-1.0648999999999995,97.97,2,5.0,-1.0666255250287924,5.234333333333334,0.6053171801071899,2.431736453305529,2,0.14285714285714285,10.014935329288411,0.33688292792205543,0.9998508336164214,0,,,False
G3a7b42fdf04d,O=C(NCCO)c1ccc(N2CCOCC2)cc1,"[0, 4, 14]",250.29799999999992,0.24529999999999985,61.8,2,9.0,-1.365474225511957,5.0,0.8036385997925606,1.755707437826235,4,0.46153846153846156,9.645216211420689,0.5158913184324928,0.016066434467144845,0,,,False
G33efe7710195,O=C(NN1CCN(C2CC2)CC1)C1CC1,"[7, 7, 11]",209.29299999999995,0.20759999999999912,35.58,1,9.0,-1.4031742255119577,5.112333333333333,0.7214041944638779,2.332840811111609,3,0.9090909090909091,11.425610243783975,0.21676067448999697,0.0034450259289022034,0,,,False
G73e9865dcea6,CCOC1CCN(C#N)CC1,"[6, 10, 4]",154.213,0.96838,36.26,0,9.0,-0.6423942255119568,5.313,0.5559005121417295,2.910948227116087,2,0.875,10.547476197373575,0.057982796834673174,1.7612673762134728e-08,0,,,False
G135e3c9a6e30,CCc1coc(C(=O)NC2CCCC2)c1,"[5, 18, 3]",207.2729999999999,2.514400000000001,42.24,1,0.0,2.514399982710427,5.57613334197812,0.8270806793135861,2.330895909501592,3,0.5833333333333334,13.188696955973757,0.1222751890839703,0.5499284606635526,0,,,False
G7c9fec3f3c67,COc1ccnc(N2CCOCC2)c1,"[2, 9, 14]",194.23399999999992,0.9268,34.59,0,9.0,-0.6839742255119569,5.2295,0.7010624745840243,1.9459319928215937,2,0.5,13.262582647636766,0.08931330221648558,0.962337851187269,0,,,False
G917264bc2a9e,CNS(=O)(=O)c1cc(NC(C)=O)co1,"[5, 15, 10]",218.234,0.14609999999999973,88.41,2,0.0,0.14609998271042537,5.5,0.7551999437102974,2.822239005650559,3,0.2857142857142857,11.323541726024377,0.20061803740168577,0.7251332031440544,1,,,False
G3aaa348c9bd0,NC(=O)N1CCN(NC(=O)CO)CC1,"[7, 19, 8]",202.21399999999997,-2.2937999999999987,98.89999999999999,3,9.0,-3.9045742255119555,4.37,0.4689085007080754,2.5592429338702747,2,0.7142857142857143,10.996135483621917,0.18244796537352512,0.6949842059906703,0,,,False
Ga4aa15ab5fd3,CC(=O)Nc1ccc(C2CC2)cc1,"[0, 5, 11]",175.23099999999997,2.5224,29.1,1,0.0,2.522399982710426,5.027133341978121,0.7348107100455948,1.4935128269319033,2,0.36363636363636365,14.206742187546702,0.19303299916190425,0.9998802869256015,0,,,False
G9e68446ca1be,CNS(=O)(=O)c1cc(C(N)=O)cs1,"[4, 15, 8]",220.27499999999998,-0.24489999999999978,89.26,2,0.0,-0.24490001728957414,5.5,0.7360380805332286,2.503508980778056,3,0.16666666666666666,15.291411097059104,0.23118941986816385,1.0146962886751878,0,,,False
Gb19c35f0be9d,COc1cc(C(=O)NC2CC2)ccn1,"[2, 3, 5]",192.21799999999996,0.9823999999999999,51.22,1,5.0,0.9806744749712072,5.833333333333333,0.776313421560549,1.8831622424968693,3,0.4,17.869569415019587,0.20399711188712308,1.0286024141110195,0,,,False
Gfcdb7fc43910,O=C(Nc1ncc(CO)cn1)C1CC1,"[3, 7, 7]",193.20599999999996,0.31739999999999974,75.11,2,5.0,0.31567447497120693,5.5,0.7243723299795585,2.155874668532375,3,0.4444444444444444,11.831403596369249,0.5127960054244568,1.5159545269522154,0,,,False
Gb5faf29c92f0,CC(=O)NCCc1cccc(NC(C)=O)c1,"[1, 16, 10]",220.272,1.3235999999999997,58.2,2,0.0,1.3235999827104252,5.5,0.8037094602890544,1.635291482341339,4,0.3333333333333333,15.740197568638063,0.10782156399699348,0.1791490295739423,1,,,False
G5ccd8f073058,O=C(NC1CC1)c1ncc(-c2ccncc2)cn1,"[3, 3, 13]",240.266,1.4307999999999998,67.77000000000001,1,5.0,1.429074474971207,5.833333333333333,0.8808349420280089,2.23200980469014,3,0.23076923076923078,7.808466325956797,0.9162840322590036,1.9582273271026658,0,,,False
Gf8352792e857,O=C(C1CCN(N2CCOCC2)CC1)N1CCOCC1,"[6, 17, 14]",283.372,-0.19559999999999866,45.25,0,9.0,-1.8063742255119555,5.5,0.7024573883295621,2.5098354824840072,2,0.9285714285714286,9.87469656628969,0.744900081547804,0.6993014749705528,0,,,False
Gbfb2da9eae7c,c1ccc(-c2ccnc(-c3ccncc3)c2)cc1,"[2, 14, 13]",232.286,3.8106000000000027,25.78,0,5.0,3.80887447497121,3.9792627625143937,0.6710553846179609,1.7042974772739647,2,0.0,12.102194431997095,0.35384739424724143,0.9958781894204424,0,,,False
G4cf1a3571f7e,CNC(=O)c1cccc(C#N)c1,"[1, 0, 4]",160.176,0.91788,52.89,1,0.0,0.9178799827104257,5.833333333333333,0.6636465023170645,1.7301849180511955,1,0.1111111111111111,14.110875857084025,0.14932379425536718,2.495874881570173e-10,0,,,False
G86df17a7f23d,O=C(CO)Nc1ccc(F)cc1,"[0, 19, 0]",169.15499999999997,0.7565,49.33,2,0.0,0.7564999827104256,5.5,0.6861038848506369,1.5285891138553893,2,0.125,10.29672695990905,0.20194146055997372,0.825651615731016,0,,,False
Gf531eaa1e7bc,NC(=O)c1cc(C(=O)Nc2ccccc2)ccn1,"[2, 2, 8]",241.25,1.4328,85.08,2,5.0,1.4310744749712072,5.5,0.8519843783101788,1.6905774169421406,3,0.0,16.22658075983727,0.10809360317331562,0.9641942261636406,0,,,False
G933a23a2d7c5,N#Cc1cccc(C(=O)N2CCOCC2)c1,"[1, 17, 4]",216.23999999999995,1.03068,53.33,0,0.0,1.0306799827104256,6.0,0.7041617357049904,1.835130749595825,1,0.3333333333333333,15.456708744975394,0.09479472776603796,0.9617829264611503,0,,,False
Gdb384cd1171e,COc1cnc(C(=O)Nc2ccccc2)nc1,"[3, 2, 5]",229.239,1.7374999999999998,64.11,1,5.0,1.735774474971207,5.833333333333333,0.8701820263076177,1.9213343997369474,3,0.08333333333333333,11.865180212625004,0.1648213815464634,0.4423812670255688,0,,,False
G49b15a9a2ec7,CCc1coc(C(=O)NC)c1,"[5, 0, 3]",153.18099999999998,1.2016,42.24,1,0.0,1.2015999827104256,5.833333333333333,0.6932774002477351,2.6174849516818455,2,0.375,11.594481300094891,0.07762120800078828,1.3095871602726265e-05,0,,,False
G0b6768c83b55,N#CN1CCC(NC(=O)CO)CC1,"[6, 19, 4]",183.21099999999998,-0.9596199999999999,76.36000000000001,2,9.0,-2.570394225511957,5.0,0.5405381114106282,2.8077512884703637,2,0.75,14.471661168822413,0.2651245483149519,0.6333345082963067,0,,,False
G862d3bbd76c2,CNC(=O)c1csc(C(=O)N2CCOCC2)c1,"[4, 17, 9]",254.31099999999995,0.5800999999999998,58.64,1,0.0,0.5800999827104255,5.833333333333333,0.8395961109009157,2.2449579279944007,2,0.45454545454545453,4.9129444088310255,0.8258445237974882,0.9995274981800523,0,,,False
G82cad6382a95,COc1cccc(C(=O)NC2CCCC2)c1,"[1, 18, 5]",219.28399999999993,2.3676000000000004,38.33,1,0.0,2.367599982710426,5.5660333419781205,0.8471549105562555,1.5107996459168938,3,0.46153846153846156,11.243695378060085,0.28750881502184106,0.8896233779432556,0,,,False
Gd7375523cfb5,NC(=O)N1CCN(C(=O)N2CCOCC2)CC1,"[7, 17, 8]",242.27899999999994,-0.8650999999999978,79.11,1,0.0,-0.8651000172895721,5.833333333333333,0.599739452881819,2.1414925433790177,0,0.8,13.45367384193183,0.25006619797633417,1.0048494752472048,0,,,False
G379945a93e86,O=C(NC1CCCC1)c1ncc(C(F)(F)F)cn1,"[3, 18, 15]",259.23099999999994,2.1677999999999997,54.88,1,5.0,2.166074474971207,5.75029609584773,0.8851048368954666,2.3328618875303757,2,0.5454545454545454,8.39861235180489,0.4357072389551513,7.336921478826705e-10,0,,,False
Gdae5168ac84a,O=C(c1ccc(-c2ccccc2)cc1)N1CCOCC1,"[0, 17, 12]",267.328,2.8260000000000014,29.540000000000003,0,0.0,2.825999982710427,5.064000008644786,0.8370564419477564,1.5295184029533662,2,0.23529411764705882,4.493888356189386,1.003524806031622,0.001996702235647056,0,,,False
G73c3e6bd49aa,O=C(NCCO)C1CCN(Cl)CC1,"[6, 4, 1]",206.67299999999997,-0.039300000000000224,52.57000000000001,2,9.0,-1.6500742255119571,5.0,0.6376703842910564,2.4459359038549806,3,0.875,14.090016756258526,0.13571976520776652,0.9973173511283447,0,,,False
G65005992fa3a,CCOc1ccnc(OC)c1,"[2, 10, 5]",153.18099999999998,1.4889,31.35,0,5.0,1.487174474971207,5.5675,0.6588328417215152,1.9012822221533092,3,0.375,14.33201503844775,0.14345475254745887,1.0019312417249018,0,,,False
G569bf1c75880,COc1cccc(N2CCOCC2)c1,"[1, 11, 5]",193.24599999999998,1.5317999999999996,21.700000000000003,0,9.0,-0.07897422551195721,4.585,0.7106728856605659,1.6089841504200937,2,0.45454545454545453,16.77430359619276,0.17677782010762094,1.7602051668162488,0,,,False
G024bc375b00d,c1cc(C2CCN(c3ccncc3)CC2)ccn1,"[6, 13, 13]",239.322,2.8606000000000016,29.020000000000003,0,9.0,1.2498257744880448,4.9510000000000005,0.8065920238059492,2.056187220863709,2,0.3333333333333333,6.46102239335797,0.14180940284352003,1.0525703901511722e-31,0,,,False
Gddbeced7de7f,CNC(=O)c1ccc(C(=O)NC2CC2)cc1,"[0, 3, 9]",218.25599999999997,0.9384,58.2,2,0.0,0.9383999827104257,5.5,0.7928236974544344,1.524292531292387,3,0.3333333333333333,14.844976847750402,0.2284019489493456,1.5733797750448884,0,,,False
Gaac229f07916,CNS(=O)(=O)N1CCN(Cl)CC1,"[7, 15, 1]",213.69,-0.7779999999999998,52.650000000000006,1,9.0,-2.3887742255119564,5.333333333333333,0.6128963474908808,3.0256314652539915,2,1.0,15.638561717654015,0.40925771911522785,0.8526546196828448,0,,,False
Gf3c378624764,O=C(NN1CCN(c2ccncc2)CC1)C1CC1,"[7, 7, 13]",246.314,0.6447999999999994,48.47,1,9.0,-0.9659742255119574,5.333333333333333,0.850256161731496,2.2494133549859985,3,0.5384615384615384,14.496676032957158,0.035072422047235804,0.9805053917287191,0,,,False
G6a8b168b4318,CC(=O)Nc1cccc(C#N)c1,"[1, 5, 4]",160.176,1.5166799999999998,52.89,1,0.0,1.5166799827104254,5.833333333333333,0.67663130061725,1.6487275753938508,1,0.1111111111111111,13.725630958481029,0.12208446082153289,1.2786110187405747e-09,0,,,False
Ge792f5a35411,CCc1csc(NC(C)=O)c1,"[4, 5, 3]",169.24899999999997,2.2689000000000004,29.1,1,0.0,2.268899982710426,5.15388334197812,0.7225770986902116,2.503674182451075,2,0.375,13.350036704505861,0.2801758227081944,2.7986866062200338e-05,0,,,False
G8e4d04744f3d,CNC(=O)N1CCN(C(=O)NC)CC1,"[7, 0, 9]",200.242,-0.717199999999999,64.67999999999999,2,0.0,-0.7172000172895733,5.5,0.5419023110361451,2.1349931362994248,0,0.75,14.887764310266558,0.13160847321801325,0.24310906987814399,0,,,False
G7685520e0369,NC(=O)N1CCC(N2CCCCC2)CC1,"[6, 12, 8]",211.30899999999997,1.0154000000000003,49.57,1,9.0,-0.5953742255119565,5.333333333333333,0.7035880509450538,2.052839379984597,1,0.9090909090909091,12.897535691074554,0.11751394260422435,1.560540133513051e-17,0,,,False
Gf54b0130b411,CN1CCC(C(=O)Nc2ccccc2)CC1,"[6, 2, 2]",218.3,1.9669,32.34,1,9.0,0.3561257744880433,4.950333333333334,0.8227403209582891,1.5017484753483323,2,0.46153846153846156,11.734619376121486,0.15977348654817314,0.4218392439592409,0,,,False
Gd2db91683d7b,CCON1CCC(NC(=O)C2CC2)CC1,"[6, 7, 6]",212.29299999999995,0.9284999999999999,41.57000000000001,1,9.0,-0.6822742255119569,5.333333333333333,0.7534222926724038,2.4523331188039172,4,0.9090909090909091,13.101566111573796,0.6138755561308464,1.9866384780232047,0,,,False
G0eb07aedecaa,CCNC(=O)c1cccc(OC)c1,"[1, 1, 5]",179.21899999999997,1.4448999999999999,38.33,1,0.0,1.4448999827104254,5.749833333333333,0.7621476456446834,1.397501288470366,3,0.3,14.671530744353872,0.20883936093313443,0.9865416820654843,0,,,False
G2efd8825d38e,Cc1ccc(NC(=O)C2CC2)cc1,"[0, 7, 2]",175.23099999999997,2.3435200000000007,29.1,1,0.0,2.3435199827104265,5.11657334197812,0.7340199298136661,1.3052820577011328,2,0.36363636363636365,11.148708071345876,0.07714026448350185,0.00013093556518062796,0,,,False
G49b98bbc2c54,COc1cc(-c2ccncc2)co1,"[5, 9, 13]",175.187,2.3502,35.260000000000005,0,5.0,2.348474474971207,5.5887627625143965,0.7022961808689535,2.593982664988582,2,0.1,11.790727707088948,0.05187346270295101,0.9539238790375659,0,,,False
Gac753ebc9ce2,CCNC(=O)c1ccc(C(=O)NC)cc1,"[0, 1, 9]",206.24499999999998,0.7959000000000002,58.2,2,0.0,0.7958999827104258,5.5,0.7680039598265842,1.4964790850328082,3,0.2727272727272727,13.19753031778002,0.21363569308947666,0.8593356387481013,0,,,False
Gb0f194b9b773,O=C(NC1CC1)c1cccc(-c2ccncc2)c1,"[1, 3, 13]",238.29,2.6408000000000014,41.99,1,5.0,2.6390744749712085,5.513796095847729,0.8927553324030185,1.6934024082404342,3,0.2,11.514228480814907,0.7887950120282248,0.9558153360564344,0,,,False
G6fdc9f7ede11,O=C(NCCO)N1CCN(Cl)CC1,"[7, 4, 1]",207.66099999999997,-0.5403,55.81,2,9.0,-2.151074225511957,5.0,0.5984330162768892,2.591324365393442,2,0.8571428571428571,13.189332959089487,0.27727000525215867,0.011025915617771337,0,,,False
G8cb7243c5659,CCNC(=O)c1ccnc(F)c1,"[2, 1, 0]",168.17099999999996,0.9703999999999999,41.99,1,5.0,0.9686744749712072,5.833333333333333,0.6683821224834928,1.977821281687559,2,0.25,11.222575675738389,0.09499332294285674,0.018603546151446583,0,,,False
G8bbdf943b127,CCNC(=O)c1ccc(N2CCOCC2)cc1,"[0, 1, 14]",234.29899999999992,1.2729,41.57000000000001,1,9.0,-0.3378742255119569,5.333333333333333,0.8561008979505714,1.6781789837243863,3,0.46153846153846156,12.098086726822917,0.037963074194884115,1.489452258274272e-07,0,,,False
G8d21c732144e,CC(=O)Nc1cc(C(=O)N2CCOCC2)ccn1,"[2, 17, 10]",249.26999999999992,0.5124,71.53,1,5.0,0.5106744749712072,5.833333333333333,0.8287237566138952,1.997524928254359,2,0.4166666666666667,14.71904310188802,0.21986610567616693,0.99586713701304,0,,,False
G7ad0d82d82e4,CC(=O)NN1CCN(C(=O)NC2CCCC2)CC1,"[7, 18, 10]",254.33399999999995,0.30729999999999974,64.68,2,9.0,-1.3034742255119571,5.0,0.7450605762951542,2.3035330730507386,2,0.8333333333333334,15.033276749128731,0.2313055187953819,1.0024780041160806,0,,,False
Gf862320277f7,CC(=O)Nc1cccc(C2CC2)c1,"[1, 5, 11]",175.23099999999997,2.5224,29.1,1,0.0,2.522399982710426,5.027133341978121,0.7348107100455948,1.6055743653934424,2,0.36363636363636365,14.486852331433479,0.17904841419037132,0.004319298596058197,0,,,False
Ge3c2e1c37b96,CCOc1coc(-c2ccncc2)c1,"[5, 13, 6]",189.21399999999997,2.7403000000000013,35.260000000000005,0,5.0,2.7385744749712084,5.393712762514396,0.7442142720029619,2.456784150420093,3,0.18181818181818182,13.19887137603789,0.10490043431597607,0.0739861275957418,0,,,False
G05cc1690fbc8,CCc1ccc(NC(C)=O)cc1,"[0, 5, 3]",163.21999999999997,2.2074,29.1,1,0.0,2.2073999827104256,5.18463334197812,0.711132160048186,1.3099961068623838,2,0.3,14.138515672523507,0.2739578002672403,0.9219922033982481,0,,,False
G477a8d54b8e2,NC(=O)N1CCN(CO)CC1,"[7, 8, 8]",159.189,-1.3674999999999993,69.8,2,9.0,-2.978274225511956,5.0,0.4957975905853346,2.3020464901433844,1,0.8333333333333334,16.249337316879046,0.1071055310167948,0.34070853896963355,0,,,False
G49c6212e3752,CCc1coc(C(=O)N2CCOCC2)c1,"[5, 17, 3]",209.24499999999995,1.3144,42.68000000000001,0,0.0,1.3143999827104256,6.0,0.7372578294037426,2.398948145637549,2,0.5454545454545454,17.985656343475373,0.15464675891671004,1.871195358276312,0,,,False
Ga9f85b76b68f,CNC(=O)c1cccc(C2CC2)c1,"[1, 0, 11]",175.23099999999997,1.9236,29.1,1,0.0,1.9235999827104255,5.288333333333333,0.7306572717202313,1.6926166730857481,2,0.36363636363636365,17.21987592907047,0.17053503889398242,0.9367071414795988,0,,,False
G66444241c1c8,CCNC(=O)N1CCN(Cl)CC1,"[7, 1, 1]",191.66199999999998,0.4872999999999999,35.58,1,9.0,-1.123474225511957,5.112333333333333,0.6127122401979016,2.552818484484762,1,0.8571428571428571,11.622454204064745,0.10158442913982617,0.003222185508422736,0,,,False
G5f034516b751,CNC(=O)c1coc(C(=O)N2CCOCC2)c1,"[5, 17, 9]",238.24299999999997,0.11159999999999998,71.78,1,0.0,0.11159998271042564,5.833333333333333,0.7934984605204509,2.412753120302094,2,0.45454545454545453,12.774935508964743,0.07175223098316019,0.8593452888733516,0,,,False
G8d99ddc18e3b,CNS(=O)(=O)c1ccc(NC(C)=O)cc1,"[0, 15, 10]",228.273,0.5530999999999998,75.27000000000001,2,0.0,0.5530999827104255,5.5,0.7930565445322583,1.6315054264962239,3,0.2222222222222222,11.406031872395825,0.08235137852579337,0.7826168982931824,0,,,False
Gb309e03932a7,Cc1csc(N2CCCCC2)c1,"[4, 12, 2]",181.30399999999997,3.046820000000001,3.24,0,9.0,1.4360457744880444,4.47659,0.6433803879031041,2.4456940888803658,1,0.6,12.854425967616933,0.15251672153750342,0.0,0,,,False
Gfcf16bdda764,O=C(NCCO)c1cc(CO)co1,"[5, 4, 7]",185.17899999999997,-0.5060000000000001,82.7,3,0.0,-0.5060000172895744,5.166666666666667,0.5898549654835233,2.6021628269319024,4,0.375,15.524920268159521,0.09294532530040488,0.9908759399792907,0,,,False
G5cbebf91d544,CCN1CCC(c2ccncc2)CC1,"[6, 13, 3]",190.28999999999996,2.2809,16.130000000000003,0,9.0,0.6701257744880431,4.5,0.7109561300031945,1.940403662615216,2,0.5833333333333334,15.830381038758151,0.18847760435562957,0.9426855558713673,0,,,False
G2300c98fd630,O=C(Nc1ccccc1)c1ncc(-c2ccncc2)cn1,"[3, 2, 13]",276.29900000000004,2.7909000000000006,67.77000000000001,1,5.0,2.7891744749712077,5.43874609584773,0.7983508090679825,1.9866689306058678,3,0.0,1.3395458214194242,1.6386885694426379,0.9717559135468591,0,,,False
