family,case,eta_V,seed,sites,requested_horizon_s,simulated_time_s,burn_in_s,observation_duration_s,stop_reason,censored_final_event,total_events,products_observed,electrons_observed,TOF_s_1,electrons_per_site_s,current_for_explicit_sites_A,electron_product_inventory_residual,occupancy_sum_error,final_counts_by_class,burn_in_counts_by_class,reaction_counts_observed_by_class,time_integrated_counts_by_class,final_empty,burn_in_empty,mean_empty,state_balance_empty,events_adsorption,final_substrate,burn_in_substrate,mean_substrate,state_balance_substrate,events_SET,final_radical,burn_in_radical,mean_radical,state_balance_radical,events_coupling,final_intermediate,burn_in_intermediate,mean_intermediate,state_balance_intermediate,events_PCET,final_product,burn_in_product,mean_product,state_balance_product,events_desorption
potential_scan,eta_0.2,0.2,20260928,256,1.0,1.0,0.2,0.8,horizon,True,33430,5380,10757,26.26953125,52.5244140625,2.1543267564922498e-15,0,2.1094237467877974e-15,"[[152,2,20,0,82]]","[[151,2,19,0,84]]","[[5379,5379,5378,5378,5380]]","[[120.2704432366408,0.9144498197251438,15.133519093970252,0.5574548753300573,67.92413297433333]]",152,151,0.5872580236164101,0,5379,2,2,0.004465087010376678,0,5379,20,19,0.07389413620102661,0,5378,0,0,0.0027219476334475455,0,5378,82,84,0.33166080553873695,0,5380
potential_scan,eta_0.2,0.2,20260929,256,1.0,1.0,0.2,0.8,horizon,True,33917,5421,10840,26.4697265625,52.9296875,2.1709493390699997e-15,0,4.440892098500626e-15,"[[148,0,22,1,85]]","[[150,0,16,1,89]]","[[5423,5423,5417,5417,5421]]","[[120.88912120460938,0.8996599028178699,15.34815754815823,0.5633048658354997,67.09975647857993]]",148,150,0.5902789121318817,0,5423,0,0,0.00439287061922788,0,5423,22,16,0.07494217552811636,0,5417,1,1,0.0027505120402124003,0,5417,85,89,0.3276355296805661,0,5421
potential_scan,eta_0.2,0.2,20260930,256,1.0,1.0,0.2,0.8,horizon,True,33852,5436,10906,26.54296875,53.251953125,2.1841672963004998e-15,0,2.886579864025407e-15,"[[146,1,19,2,88]]","[[164,1,19,0,72]]","[[5454,5454,5454,5452,5436]]","[[120.8873510422596,0.9173365655792558,15.562544861257141,0.5481130875520969,66.88465444335249]]",146,164,0.5902702687610332,0,5454,1,1,0.004479182449117459,0,5454,19,19,0.07598898858035713,0,5454,2,0,0.0026763334353129727,0,5452,88,72,0.32658522677418206,0,5436
potential_scan,eta_0.2,0.2,20260931,256,1.0,1.0,0.2,0.8,horizon,True,33949,5412,10839,26.42578125,52.9248046875,2.17074906699075e-15,0,2.886579864025407e-15,"[[139,2,23,2,90]]","[[147,4,20,0,85]]","[[5420,5422,5419,5417,5412]]","[[119.6463334119239,0.9268265569379187,15.429707303037363,0.5511823913259083,68.24595033677552]]",139,147,0.5842106123629096,0,5420,2,4,0.004525520297548431,0,5422,23,20,0.07534036769061211,0,5419,2,0,0.0026913202701460363,0,5417,90,85,0.3332321793787867,0,5412
potential_scan,eta_0.2,0.2,20260932,256,1.0,1.0,0.2,0.8,horizon,True,34109,5448,10920,26.6015625,53.3203125,2.1869711054099997e-15,0,0.0,"[[138,1,20,0,97]]","[[155,0,11,1,89]]","[[5465,5464,5455,5456,5448]]","[[119.66265679574677,0.9457690701220737,15.255561506403298,0.5546139323369264,68.38139869539097]]",138,155,0.5842903163854822,0,5465,1,0,0.0046180130377054375,0,5464,20,11,0.07449004641798485,0,5455,0,1,0.002708075841488898,0,5456,97,89,0.3338935483173387,0,5448
potential_scan,eta_0.2,0.2,20260933,256,1.0,1.0,0.2,0.8,horizon,True,33839,5390,10781,26.318359375,52.6416015625,2.1591332863942496e-15,0,1.5543122344752192e-15,"[[158,0,16,1,81]]","[[156,2,16,2,80]]","[[5388,5390,5390,5391,5390]]","[[120.39718834643531,0.9048330944590339,15.634045928694709,0.5407857786666569,67.32314685174458]]",158,156,0.5878768962228287,0,5388,0,2,0.004418130344038251,0,5390,16,16,0.07633811488620464,0,5390,1,2,0.0026405555598957853,0,5391,81,80,0.3287263029870341,0,5390
potential_scan,eta_0.2,0.2,20260934,256,1.0,1.0,0.2,0.8,horizon,True,34127,5433,10843,26.5283203125,52.9443359375,2.1715501553077496e-15,0,1.5543122344752192e-15,"[[158,3,10,1,84]]","[[146,0,16,2,92]]","[[5421,5418,5424,5425,5433]]","[[120.20482621683395,0.9242361150804315,15.333695069717448,0.5563158582983698,67.78092674007013]]",158,146,0.5869376280118845,0,5421,3,0,0.004512871655666169,0,5418,10,16,0.07487155795760472,0,5424,1,2,0.002716386026847509,0,5425,84,92,0.3309615563479987,0,5433
potential_scan,eta_0.2,0.2,20260935,256,1.0,1.0,0.2,0.8,horizon,True,33953,5423,10803,26.4794921875,52.7490234375,2.1635392721377497e-15,0,1.5543122344752192e-15,"[[170,1,19,0,66]]","[[146,2,20,2,86]]","[[5399,5400,5401,5403,5423]]","[[122.39085601945301,0.9120804887422413,15.421424620346187,0.546100011088623,65.52953886037028]]",170,146,0.5976116016574854,0,5399,1,2,0.004453518011436725,0,5400,19,20,0.07529992490403412,0,5401,0,2,0.002666503960393667,0,5403,66,86,0.31996845146665176,0,5423
potential_scan,eta_0.2,0.2,20260936,256,1.0,1.0,0.2,0.8,horizon,True,34080,5474,10922,26.728515625,53.330078125,2.1873716495684998e-15,0,6.217248937900877e-15,"[[165,0,14,1,76]]","[[146,0,25,2,83]]","[[5455,5455,5466,5467,5474]]","[[118.45839679861888,0.9315528901334935,15.710188063730456,0.549500114527785,69.15036213299067]]",165,146,0.5784101406182562,0,5455,0,0,0.004548598096354948,0,5455,14,25,0.07670990265493387,0,5466,1,2,0.0026831060279677,0,5467,76,83,0.3376482526024935,0,5474
potential_scan,eta_0.2,0.2,20260937,256,1.0,1.0,0.2,0.8,horizon,True,34007,5364,10767,26.19140625,52.5732421875,2.1563294772847496e-15,0,2.4424906541753444e-15,"[[134,0,30,1,91]]","[[156,2,21,1,76]]","[[5386,5388,5379,5379,5364]]","[[120.48234835098573,0.9272980263275359,15.514063590071533,0.5519392037473233,67.3243508288684]]",134,156,0.5882927165575474,0,5386,0,2,0.004527822394177421,0,5388,30,21,0.07575226362339615,0,5379,1,1,0.0026950156432974767,0,5379,91,76,0.328732181781584,0,5364
potential_scan,eta_0.2,0.2,20260938,256,1.0,1.0,0.2,0.8,horizon,True,33617,5344,10704,26.09375,52.265625,2.1437123362919998e-15,0,8.881784197001252e-16,"[[150,0,21,0,85]]","[[157,1,21,0,77]]","[[5351,5352,5352,5352,5344]]","[[119.99548665663627,0.9313118165196026,15.199741573482736,0.5508142314244475,68.12264572193678]]",150,157,0.5859154621906068,0,5351,0,1,0.004547420979099622,0,5352,21,21,0.07421748815177116,0,5352,0,0,0.002689522614377185,0,5352,85,77,0.3326301060641444,0,5344
potential_scan,eta_0.2,0.2,20260939,256,1.0,1.0,0.2,0.8,horizon,True,33895,5422,10837,26.474609375,52.9150390625,2.1703485228322498e-15,0,4.440892098500626e-15,"[[157,2,20,0,77]]","[[150,2,26,1,77]]","[[5415,5415,5421,5422,5422]]","[[121.9265940539758,0.9262846122933943,15.136464657109215,0.5481276607446726,66.26252901587785]]",157,150,0.5953446975291787,0,5415,2,2,0.004522874083463839,0,5415,20,26,0.07390851883354109,0,5421,0,1,0.0026764045934798463,0,5422,77,77,0.323547504960341,0,5422
potential_scan,eta_0.2,0.2,20260940,256,1.0,1.0,0.2,0.8,horizon,True,34250,5450,10893,26.611328125,53.1884765625,2.1815637592702496e-15,0,1.1102230246251565e-15,"[[160,1,18,0,77]]","[[155,1,18,3,79]]","[[5445,5445,5445,5448,5450]]","[[119.53660846607418,0.9419972478633535,15.75881944494248,0.5478134636540823,68.01476137746614]]",160,155,0.5836748460257528,0,5445,1,1,0.00459959593683278,0,5445,18,18,0.0769473605710082,0,5445,0,3,0.002674870427998449,0,5448,77,79,0.3321033270384089,0,5450
potential_scan,eta_0.2,0.2,20260941,256,1.0,1.0,0.2,0.8,horizon,True,33578,5346,10690,26.103515625,52.197265625,2.1409085271825e-15,0,4.440892098500626e-16,"[[141,4,15,0,96]]","[[141,1,18,1,95]]","[[5346,5343,5346,5347,5346]]","[[120.58202785744183,0.9052952599200377,15.319628112280071,0.5455731913002131,67.44747557905777]]",141,141,0.5887794328976651,0,5346,4,1,0.0044203870113283085,0,5343,15,18,0.07480287164199254,0,5346,0,1,0.0026639315981455717,0,5347,96,95,0.329333376850868,0,5346
potential_scan,eta_0.2,0.2,20260942,256,1.0,1.0,0.2,0.8,horizon,True,33897,5390,10787,26.318359375,52.6708984375,2.1603349188697497e-15,0,1.2212453270876722e-15,"[[150,2,18,0,86]]","[[153,2,19,0,82]]","[[5393,5393,5394,5394,5390]]","[[118.88296796125648,0.9120467668586736,15.297681362912389,0.5459537085694751,69.16135020040274]]",150,153,0.5804832419983227,0,5393,2,2,0.004453353353802117,0,5393,18,19,0.07469570977984565,0,5394,0,0,0.00266578959262439,0,5394,86,82,0.33770190527540395,0,5390
potential_scan,eta_0.2,0.2,20260943,256,1.0,1.0,0.2,0.8,horizon,True,33143,5316,10588,25.95703125,51.69921875,2.120480775099e-15,0,3.774758283725532e-15,"[[162,0,20,3,71]]","[[138,4,17,2,95]]","[[5292,5296,5293,5292,5316]]","[[121.72119388391033,0.9023766539096598,15.288555736696516,0.5531173772056996,66.3347563482786]]",162,138,0.5943417670112808,0,5292,0,4,0.00440613600541826,0,5296,20,17,0.07465115105808845,0,5293,3,2,0.002700768443387205,0,5292,71,95,0.3239001774818291,0,5316
potential_scan,eta_0.2,0.2,20260944,256,1.0,1.0,0.2,0.8,horizon,True,33729,5429,10855,26.5087890625,53.0029296875,2.17395342025875e-15,0,3.9968028886505635e-15,"[[156,4,19,1,76]]","[[158,0,21,0,77]]","[[5431,5427,5429,5428,5429]]","[[120.97816127021304,0.9311389605608165,15.428923290671865,0.5433970884453319,66.91837939010814]]",156,158,0.5907136780772121,0,5431,4,0,0.004546576955863362,0,5427,19,21,0.07533653950523371,0,5429,1,0,0.0026533060959244717,0,5428,76,77,0.3267498993657624,0,5429
potential_scan,eta_0.2,0.2,20260945,256,1.0,1.0,0.2,0.8,horizon,True,33239,5310,10609,25.927734375,51.8017578125,2.1246864887632496e-15,0,1.887379141862766e-15,"[[156,0,28,0,72]]","[[152,3,19,0,82]]","[[5306,5309,5300,5300,5310]]","[[121.3042576765132,0.88572523513441,15.198204265373336,0.5475095408331607,66.86430328214551]]",156,152,0.5923059456860996,0,5306,0,3,0.004324830249679736,0,5309,28,19,0.07420998176451823,0,5300,0,0,0.0026733864298494176,0,5300,72,82,0.3264858558698511,0,5310
potential_scan,eta_0.2,0.2,20260946,256,1.0,1.0,0.2,0.8,horizon,True,33503,5335,10691,26.0498046875,52.2021484375,2.1411087992617497e-15,0,7.327471962526033e-15,"[[139,2,19,1,95]]","[[152,1,16,1,86]]","[[5348,5347,5344,5344,5335]]","[[120.75276065431247,0.9106404570952414,15.306164940683445,0.53824929966427,67.2921846482431]]",139,152,0.5896130891323851,0,5348,2,1,0.004446486606910358,0,5347,19,16,0.07473713349943088,0,5344,1,1,0.0026281704085169433,0,5344,95,86,0.32857512035274944,0,5335
potential_scan,eta_0.2,0.2,20260947,256,1.0,1.0,0.2,0.8,horizon,True,34363,5434,10880,26.533203125,53.125,2.1789602222399995e-15,0,1.9984014443252818e-15,"[[146,1,24,1,84]]","[[155,0,21,0,80]]","[[5443,5442,5439,5438,5434]]","[[119.34946489549486,0.9182592848681962,15.547388845559777,0.5610433383932321,68.42384363568436]]",146,155,0.5827610590600335,0,5443,1,0,0.004483687914395489,0,5442,24,21,0.07591498459745984,0,5439,1,0,0.002739469425748203,0,5438,84,80,0.33410079900236506,0,5434
potential_scan,eta_0.2,0.2,20260948,256,1.0,1.0,0.2,0.8,horizon,True,33414,5330,10661,26.025390625,52.0556640625,2.1351006368842497e-15,0,1.7763568394002505e-15,"[[150,1,19,4,82]]","[[154,0,17,1,84]]","[[5334,5333,5331,5328,5330]]","[[120.15614048418368,0.9300154636565108,15.283388983585608,0.5282020218063973,67.90225304676746]]",150,154,0.5866999047079281,0,5334,1,0,0.004541091131135306,0,5333,19,17,0.0746259227714141,0,5331,4,1,0.002579111434601549,0,5328,82,84,0.3315539699549192,0,5330
potential_scan,eta_0.2,0.2,20260949,256,1.0,1.0,0.2,0.8,horizon,True,33792,5404,10820,26.38671875,52.83203125,2.1669438974849996e-15,0,2.220446049250313e-15,"[[147,0,21,2,86]]","[[155,0,18,1,82]]","[[5412,5412,5409,5408,5404]]","[[120.68773513879202,0.933497108348204,15.683181778616106,0.5462310237942106,66.94935495044903]]",147,155,0.5892955817323828,0,5412,0,0,0.004558091349356464,0,5412,21,18,0.07657803602839895,0,5409,2,1,0.0026671436708701687,0,5408,86,82,0.3269011472189894,0,5404
potential_scan,eta_0.2,0.2,20260950,256,1.0,1.0,0.2,0.8,horizon,True,34510,5498,11004,26.845703125,53.73046875,2.203793960067e-15,0,3.3306690738754696e-16,"[[145,1,23,0,87]]","[[152,0,19,0,85]]","[[5505,5504,5500,5500,5498]]","[[119.770753649872,0.9481351745355651,15.865492460152522,0.5674545247710726,67.6481641906688]]",145,152,0.5848181330560156,0,5505,1,0,0.004629566281911938,0,5504,23,19,0.07746822490308848,0,5500,0,0,0.002770774046733753,0,5500,87,85,0.33031330171224993,0,5498
potential_scan,eta_0.2,0.2,20260951,256,1.0,1.0,0.2,0.8,horizon,True,34223,5493,10964,26.8212890625,53.53515625,2.1957830768969996e-15,0,3.1086244689504383e-15,"[[155,4,17,0,80]]","[[146,0,21,0,89]]","[[5484,5480,5484,5484,5493]]","[[120.2259255637379,0.9588783586272656,15.133766341364243,0.5478661354770235,67.93356360079292]]",155,146,0.587040652166689,0,5484,4,0,0.004682023235484695,0,5480,17,21,0.07389534346369259,0,5484,0,0,0.0026751276146339035,0,5484,80,89,0.3317068535194967,0,5493
potential_scan,eta_0.2,0.2,20260952,256,1.0,1.0,0.2,0.8,horizon,True,33960,5441,10886,26.5673828125,53.154296875,2.1801618547154997e-15,0,1.5543122344752192e-15,"[[141,1,18,1,95]]","[[139,2,24,1,90]]","[[5439,5440,5446,5446,5441]]","[[119.56584558822424,0.9277600336779381,15.31944633626593,0.5520136013089895,68.43493444052324]]",141,139,0.5838176054112512,0,5439,1,2,0.004530078289443057,0,5440,18,24,0.07480198406379848,0,5446,1,1,0.00269537891264155,0,5446,95,90,0.3341549533228673,0,5441
potential_scan,eta_0.2,0.2,20260953,256,1.0,1.0,0.2,0.8,horizon,True,33470,5367,10729,26.2060546875,52.3876953125,2.14871913827325e-15,0,2.9976021664879227e-15,"[[155,2,23,2,74]]","[[157,0,20,0,79]]","[[5369,5367,5364,5362,5367]]","[[120.59768341107127,0.9102140343532668,15.21959337792645,0.5479708589154824,67.52453831773293]]",155,157,0.5888558760306214,0,5369,2,0,0.00444440446461556,0,5367,23,20,0.07431442079065649,0,5364,2,0,0.0026756389595482535,0,5362,74,79,0.3297096597545553,0,5367
potential_scan,eta_0.2,0.2,20260954,256,1.0,1.0,0.2,0.8,horizon,True,33867,5398,10828,26.357421875,52.87109375,2.1685460741189998e-15,0,8.43769498715119e-15,"[[151,0,19,0,86]]","[[164,1,23,0,68]]","[[5411,5412,5416,5416,5398]]","[[118.98135963790945,0.9272075247734982,15.367684894031612,0.5559216415030844,68.9678263017841]]",151,164,0.5809636701069797,0,5411,0,1,0.004527380492058097,0,5412,19,23,0.07503752389663873,0,5416,0,0,0.002714461140151779,0,5416,86,68,0.3367569643641802,0,5398
potential_scan,eta_0.2,0.2,20260955,256,1.0,1.0,0.2,0.8,horizon,True,33231,5298,10601,25.869140625,51.7626953125,2.1230843121292498e-15,0,2.886579864025407e-15,"[[149,0,16,0,91]]","[[145,2,23,2,84]]","[[5294,5296,5303,5305,5298]]","[[120.59829980776325,0.8667573603332859,15.262271955584994,0.5485556438233993,67.52411523249569]]",149,145,0.5888588857800939,0,5294,0,2,0.004232213673502372,0,5296,16,23,0.07452281228312985,0,5303,0,2,0.0026784943546064414,0,5305,91,84,0.3297075939086703,0,5298
potential_scan,eta_0.2,0.2,20260956,256,1.0,1.0,0.2,0.8,horizon,True,34343,5479,10987,26.7529296875,53.6474609375,2.2003893347197496e-15,0,2.6645352591003757e-15,"[[138,3,22,1,92]]","[[160,1,12,0,83]]","[[5501,5499,5489,5488,5479]]","[[119.02230887216979,0.9480446204422289,15.946646738713474,0.5496242079892856,68.33337556068467]]",138,160,0.5811636175398915,0,5501,3,1,0.004629124123253071,0,5499,22,12,0.07786448602887439,0,5489,1,0,0.0026837119530726834,0,5488,92,83,0.3336590603549056,0,5479
potential_scan,eta_0.2,0.2,20260957,256,1.0,1.0,0.2,0.8,horizon,True,34105,5485,10969,26.7822265625,53.5595703125,2.1967844372932496e-15,0,1.5543122344752192e-15,"[[155,1,15,1,84]]","[[154,1,16,1,84]]","[[5484,5484,5485,5485,5485]]","[[119.84564325402881,0.9169186296350438,15.54404761482179,0.5504193878996733,67.94297111361439]]",155,154,0.5851838049513125,0,5484,1,1,0.004477141746264862,0,5484,15,16,0.07589866999424702,0,5485,1,1,0.002687594667478873,0,5485,84,84,0.33175278864069524,0,5485
potential_scan,eta_0.2,0.2,20260958,256,1.0,1.0,0.2,0.8,horizon,True,34129,5467,10948,26.6943359375,53.45703125,2.1925787236289996e-15,0,2.220446049250313e-16,"[[165,0,20,0,71]]","[[175,0,14,0,67]]","[[5477,5477,5471,5471,5467]]","[[119.66396657137541,0.9162197122768939,15.202064114505106,0.5714767851334842,68.44627281670907]]",165,175,0.584296711774294,0,5477,0,0,0.004473729063852021,0,5477,20,14,0.07422882868410696,0,5471,0,0,0.0027904139899095908,0,5471,71,67,0.3342103164878372,0,5467
potential_scan,eta_0.2,0.2,20260959,256,1.0,1.0,0.2,0.8,horizon,True,34278,5488,11009,26.796875,53.7548828125,2.2047953204632498e-15,0,1.3322676295501878e-15,"[[141,0,23,1,91]]","[[158,1,20,1,76]]","[[5505,5506,5503,5503,5488]]","[[119.09643121841218,0.9336585135211601,15.518467096824432,0.5627510726359084,68.68869209860658]]",141,158,0.5815255430586532,0,5505,0,1,0.00455887946055254,0,5506,23,20,0.07577376512121305,0,5503,1,1,0.0027478079718550215,0,5503,91,76,0.33539400438772743,0,5488
potential_scan,eta_0.3,0.3,20261928,256,1.0,1.0,0.2,0.8,horizon,True,33875,5427,10853,26.4990234375,52.9931640625,2.17355287610025e-15,0,1.3322676295501878e-15,"[[151,0,15,0,90]]","[[149,0,18,0,89]]","[[5425,5425,5428,5428,5427]]","[[122.12650692671527,0.13200961750123932,15.42655234119472,0.07757151576194915,67.03735959882711]]",151,149,0.5963208346031018,0,5425,0,0,0.0006445782104552701,0,5425,15,18,0.07532496260348984,0,5428,0,0,0.00037876716680639234,0,5428,90,89,0.327330857416148,0,5427
potential_scan,eta_0.3,0.3,20261929,256,1.0,1.0,0.2,0.8,horizon,True,33859,5381,10782,26.2744140625,52.646484375,2.1593335584734998e-15,0,1.3322676295501878e-15,"[[155,0,15,0,86]]","[[160,0,25,0,71]]","[[5386,5386,5396,5396,5381]]","[[122.73503503099471,0.1290647852866793,15.454201287391308,0.07892814024965314,66.40277075607739]]",155,160,0.5992921632372789,0,5386,0,0,0.0006301991469076138,0,5386,15,25,0.07545996722359037,0,5396,0,0,0.00038539130981275944,0,5396,86,71,0.3242322790824091,0,5381
potential_scan,eta_0.3,0.3,20261930,256,1.0,1.0,0.2,0.8,horizon,True,34425,5518,11059,26.943359375,53.9990234375,2.21480892442575e-15,0,7.771561172376096e-16,"[[145,0,22,0,89]]","[[151,1,31,0,73]]","[[5524,5525,5534,5534,5518]]","[[120.28821082872781,0.1307649027108523,15.93149312424613,0.08130047146656091,68.3682306728485]]",145,151,0.5873447794371475,0,5524,0,1,0.0006385005015178335,0,5525,22,31,0.07779049377073305,0,5534,0,0,0.00039697495833281694,0,5534,89,73,0.33382925133226804,0,5518
potential_scan,eta_0.3,0.3,20261931,256,1.0,1.0,0.2,0.8,horizon,True,34412,5468,10958,26.69921875,53.505859375,2.1945814444215e-15,0,3.885780586188048e-15,"[[154,1,19,0,82]]","[[167,1,15,0,73]]","[[5481,5481,5477,5477,5468]]","[[120.90354102077768,0.13407248754307147,15.656308556660424,0.0796300942068994,68.02644784081114]]",154,167,0.590349321390516,0,5481,1,1,0.0006546508180814036,0,5481,19,15,0.07644681912431847,0,5477,0,0,0.00038881881936962594,0,5477,82,73,0.3321603898477106,0,5468
potential_scan,eta_0.3,0.3,20261932,256,1.0,1.0,0.2,0.8,horizon,True,34597,5494,11005,26.826171875,53.7353515625,2.2039942321462497e-15,0,2.220446049250313e-16,"[[152,0,17,0,87]]","[[159,0,20,0,77]]","[[5501,5501,5504,5504,5494]]","[[120.62868021510116,0.12920714568426528,16.096091162400043,0.08149077938895824,67.86453069742555]]",152,159,0.5890072276127986,0,5501,0,0,0.0006308942660364516,0,5501,17,20,0.07859419512890646,0,5504,0,0,0.00039790419623514763,0,5504,87,77,0.3313697787960232,0,5494
potential_scan,eta_0.3,0.3,20261933,256,1.0,1.0,0.2,0.8,horizon,True,34413,5520,11048,26.953125,53.9453125,2.2126059315539998e-15,0,4.551914400963142e-15,"[[152,0,19,0,85]]","[[157,0,17,0,82]]","[[5525,5525,5523,5523,5520]]","[[119.88491525397215,0.13688023725250376,15.773709408548854,0.08112512034786709,68.9233699798777]]",152,157,0.5853755627635359,0,5525,0,0,0.000668360533459491,0,5525,19,17,0.07702006547142995,0,5523,0,0,0.00039611875169856975,0,5523,85,82,0.3365398924798716,0,5520
potential_scan,eta_0.3,0.3,20261934,256,1.0,1.0,0.2,0.8,horizon,True,34090,5429,10845,26.5087890625,52.9541015625,2.1719506994662496e-15,0,3.1086244689504383e-15,"[[146,0,20,0,90]]","[[139,0,21,0,96]]","[[5422,5422,5423,5423,5429]]","[[121.07406326979788,0.13070929974930887,15.63269986177257,0.07863796773293166,67.88388960094669]]",146,139,0.5911819495595599,0,5422,0,0,0.0006382290026821721,0,5422,20,21,0.07633154229381138,0,5423,0,0,0.00038397445182095536,0,5423,90,96,0.33146430469212246,0,5429
potential_scan,eta_0.3,0.3,20261935,256,1.0,1.0,0.2,0.8,horizon,True,34354,5476,10993,26.73828125,53.6767578125,2.2015909671952498e-15,0,3.3306690738754696e-16,"[[131,0,28,0,97]]","[[156,0,19,0,81]]","[[5501,5501,5492,5492,5476]]","[[119.51879109891755,0.1351293552254189,15.694415289829891,0.08199467951542233,69.36966957651165]]",131,156,0.5835878471626833,0,5501,0,0,0.0006598113048116158,0,5501,28,19,0.07663288715737251,0,5492,0,0,0.0004003646460713981,0,5492,97,81,0.3387190897290608,0,5476
potential_scan,eta_0.3,0.3,20261936,256,1.0,1.0,0.2,0.8,horizon,True,34305,5479,10935,26.7529296875,53.3935546875,2.18997518659875e-15,0,1.887379141862766e-15,"[[154,1,25,0,76]]","[[147,0,18,0,91]]","[[5472,5471,5464,5464,5479]]","[[120.1873565845457,0.13292059581082258,15.46064170608627,0.07797745544699156,68.94110365810985]]",154,147,0.586852327072977,0,5472,1,0,0.000649026346732532,0,5471,25,18,0.07549141458049936,0,5464,0,0,0.00038074929417476343,0,5464,76,91,0.3366264827056145,0,5479
potential_scan,eta_0.3,0.3,20261937,256,1.0,1.0,0.2,0.8,horizon,True,34061,5412,10808,26.42578125,52.7734375,2.1645406325339997e-15,0,8.881784197001252e-16,"[[165,0,14,0,77]]","[[156,0,16,0,84]]","[[5403,5403,5405,5405,5412]]","[[120.32129722812195,0.13072565362670627,15.62536486322172,0.07968893218483855,68.642923322845]]",165,156,0.5875063341216892,0,5403,0,0,0.0006383088555991516,0,5403,14,16,0.0762957268711998,0,5405,0,0,0.00038910611418378196,0,5405,77,84,0.33517052403732905,0,5412
potential_scan,eta_0.3,0.3,20261938,256,1.0,1.0,0.2,0.8,horizon,True,34432,5468,10926,26.69921875,53.349609375,2.1881727378854995e-15,0,3.552713678800501e-15,"[[158,0,20,0,78]]","[[150,0,26,0,80]]","[[5460,5460,5466,5466,5468]]","[[119.68166762136626,0.13320616977775707,15.926336275952988,0.07857844522690086,68.98021148767539]]",158,150,0.5843831426824524,0,5460,0,0,0.0006504207508679544,0,5460,20,26,0.07776531384742669,0,5466,0,0,0.0003836838145844768,0,5466,78,80,0.336817438904665,0,5468
potential_scan,eta_0.3,0.3,20261939,256,1.0,1.0,0.2,0.8,horizon,True,34046,5474,10977,26.728515625,53.5986328125,2.1983866139272498e-15,0,5.10702591327572e-15,"[[140,0,14,0,102]]","[[152,0,19,0,85]]","[[5486,5486,5491,5491,5474]]","[[119.8665374155196,0.13534694854152182,15.667349449643147,0.08050163051765155,69.05026455577912]]",140,152,0.5852858272242167,0,5486,0,0,0.0006608737721753994,0,5486,14,19,0.07650072973458567,0,5491,0,0,0.00039307436776197044,0,5491,102,85,0.33715949490126523,0,5474
potential_scan,eta_0.3,0.3,20261940,256,1.0,1.0,0.2,0.8,horizon,True,33823,5420,10831,26.46484375,52.8857421875,2.1691468903567496e-15,0,1.9984014443252818e-15,"[[146,0,21,0,89]]","[[141,0,21,1,93]]","[[5415,5415,5415,5416,5420]]","[[121.69340485188175,0.13213388524760208,15.396166675431877,0.08239467645772541,67.49589991098146]]",146,141,0.5942060783783288,0,5415,0,0,0.000645184986560557,0,5415,21,21,0.07517659509488221,0,5415,0,1,0.00040231775614123737,0,5416,89,93,0.32956982378408917,0,5420
potential_scan,eta_0.3,0.3,20261941,256,1.0,1.0,0.2,0.8,horizon,True,33850,5406,10823,26.396484375,52.8466796875,2.1675447137227494e-15,0,7.549516567451064e-15,"[[148,0,26,0,82]]","[[156,0,21,0,79]]","[[5414,5414,5409,5409,5406]]","[[121.77866267758687,0.13009634542944243,15.499687816038975,0.07839228542375345,67.31316087552254]]",148,156,0.5946223763554046,0,5414,0,0,0.0006352360616671993,0,5414,26,21,0.0756820694142528,0,5409,0,0,0.00038277483117067114,0,5409,82,79,0.32867754333751237,0,5406
potential_scan,eta_0.3,0.3,20261942,256,1.0,1.0,0.2,0.8,horizon,True,34237,5461,10919,26.6650390625,53.3154296875,2.1867708333307495e-15,0,3.1086244689504383e-15,"[[136,0,29,0,91]]","[[139,0,19,1,97]]","[[5464,5464,5454,5455,5461]]","[[120.50091073296653,0.1330038981588189,15.304845625223049,0.08043681591718563,68.78080292773505]]",136,139,0.5883833531883131,0,5464,0,0,0.0006494330964786079,0,5464,29,19,0.07473069152940941,0,5454,0,1,0.0003927578902206329,0,5455,91,97,0.33584376429558127,0,5461
potential_scan,eta_0.3,0.3,20261943,256,1.0,1.0,0.2,0.8,horizon,True,34030,5431,10882,26.5185546875,53.134765625,2.1793607663985e-15,0,1.6653345369377348e-15,"[[154,0,24,0,78]]","[[163,1,24,0,68]]","[[5440,5441,5441,5441,5431]]","[[118.95637583746436,0.13235403494239392,15.228326877303385,0.07975470442290203,70.40318854586663]]",154,163,0.580841678893869,0,5440,0,1,0.0006462599362421577,0,5441,24,24,0.07435706483058292,0,5441,0,0,0.0003894272676899513,0,5441,78,68,0.3437655690716144,0,5431
potential_scan,eta_0.3,0.3,20261944,256,1.0,1.0,0.2,0.8,horizon,True,34365,5483,10990,26.7724609375,53.662109375,2.2009901509575e-15,0,1.1102230246251565e-15,"[[146,0,20,0,90]]","[[160,0,16,0,80]]","[[5497,5497,5493,5493,5483]]","[[121.42242692795342,0.13204454821708475,15.988558783992879,0.078469444918814,67.17850029491802]]",146,160,0.5928829439841475,0,5497,0,0,0.000644748770591234,0,5497,20,16,0.07806913468746522,0,5493,0,0,0.00038315158651764644,0,5493,90,80,0.3280200209712794,0,5483
potential_scan,eta_0.3,0.3,20261945,256,1.0,1.0,0.2,0.8,horizon,True,34038,5393,10777,26.3330078125,52.6220703125,2.1583321980772495e-15,0,1.5543122344752192e-15,"[[150,0,13,0,93]]","[[142,0,20,0,94]]","[[5385,5385,5392,5392,5393]]","[[120.50668092051217,0.12920998583370086,15.177163696585655,0.08052212325758562,68.90642327381123]]",150,142,0.5884115279321883,0,5385,0,0,0.0006309081339536174,0,5385,13,20,0.07410724461223464,0,5392,0,0,0.0003931744299686798,0,5392,93,94,0.33645714489165635,0,5393
potential_scan,eta_0.3,0.3,20261946,256,1.0,1.0,0.2,0.8,horizon,True,34246,5444,10902,26.58203125,53.232421875,2.1833662079834997e-15,0,1.2212453270876722e-15,"[[163,0,13,0,80]]","[[167,0,19,0,70]]","[[5448,5448,5454,5454,5444]]","[[120.95377243453495,0.13289609629681226,15.375252551713729,0.08166867709273579,68.25641024036153]]",163,167,0.5905945919655027,0,5448,0,0,0.0006489067201992786,0,5448,13,19,0.07507447535016469,0,5454,0,0,0.00039877283736687396,0,5454,80,70,0.33328325312676527,0,5444
potential_scan,eta_0.3,0.3,20261947,256,1.0,1.0,0.2,0.8,horizon,True,34421,5514,11032,26.923828125,53.8671875,2.2094015782859998e-15,0,7.771561172376096e-16,"[[151,0,17,0,88]]","[[152,0,19,0,85]]","[[5515,5515,5517,5517,5514]]","[[120.5576122547217,0.13125776786147916,15.776157311386944,0.07931717179223627,68.25565549423749]]",151,152,0.5886602160875083,0,5515,0,0,0.0006409070696361287,0,5515,17,19,0.07703201812200657,0,5517,0,0,0.00038729087789177863,0,5517,88,85,0.3332795678429565,0,5514
potential_scan,eta_0.3,0.3,20261948,256,1.0,1.0,0.2,0.8,horizon,True,34182,5470,10949,26.708984375,53.4619140625,2.1927789957082495e-15,0,6.439293542825908e-15,"[[147,0,27,0,82]]","[[153,0,24,0,79]]","[[5476,5476,5473,5473,5470]]","[[121.51713834305279,0.13121915807387124,16.343725021680918,0.08003584701550506,66.7278816301756]]",147,153,0.5933454020656874,0,5476,0,0,0.0006407185452825744,0,5476,27,24,0.07980334483242635,0,5473,0,0,0.0003908000342553958,0,5473,82,79,0.3258197345223418,0,5470
potential_scan,eta_0.3,0.3,20261949,256,1.0,1.0,0.2,0.8,horizon,True,34111,5475,10969,26.7333984375,53.5595703125,2.1967844372932496e-15,0,1.6653345369377348e-15,"[[151,1,18,0,86]]","[[158,0,25,0,73]]","[[5482,5481,5488,5488,5475]]","[[120.28693687669688,0.13224515995449354,15.493812521843322,0.0805044269684142,68.80650101453655]]",151,158,0.5873385589682465,0,5482,1,0,0.0006457283200903004,0,5481,18,25,0.07565338145431309,0,5488,0,0,0.00039308802230670996,0,5488,86,73,0.33596924323504174,0,5475
potential_scan,eta_0.3,0.3,20261950,256,1.0,1.0,0.2,0.8,horizon,True,34124,5408,10833,26.40625,52.8955078125,2.1695474345152497e-15,0,1.7763568394002505e-15,"[[144,0,27,0,85]]","[[155,0,22,0,79]]","[[5419,5419,5414,5414,5408]]","[[121.07455443648647,0.12973678844566447,15.179865729660916,0.0774194517002999,68.33842359370702]]",144,155,0.5911843478344065,0,5419,0,0,0.000633480412332346,0,5419,27,22,0.07412043813310994,0,5414,0,0,0.0003780246665053706,0,5414,85,79,0.3336837089536475,0,5408
potential_scan,eta_0.3,0.3,20261951,256,1.0,1.0,0.2,0.8,horizon,True,33946,5403,10803,26.3818359375,52.7490234375,2.1635392721377497e-15,0,2.886579864025407e-15,"[[144,0,21,0,91]]","[[148,0,10,0,98]]","[[5407,5407,5396,5396,5403]]","[[122.25473357961852,0.13059505911434965,15.218963737574958,0.0780854870650595,67.11762213662773]]",144,148,0.596946941306731,0,5407,0,0,0.0006376711870817854,0,5407,21,10,0.07431134637487773,0,5396,0,0,0.0003812767923098608,0,5396,91,98,0.32772276433900255,0,5403
potential_scan,eta_0.3,0.3,20261952,256,1.0,1.0,0.2,0.8,horizon,True,34047,5429,10830,26.5087890625,52.880859375,2.1689466182775e-15,0,2.220446049250313e-16,"[[161,0,21,1,73]]","[[150,0,16,0,90]]","[[5418,5418,5413,5412,5429]]","[[122.5356588919034,0.12898022782913265,15.304679795832854,0.07857398000201415,66.75210710443265]]",161,150,0.598318646933122,0,5418,0,0,0.0006297862686969368,0,5418,21,16,0.07472988181559011,0,5413,1,0,0.00038366201172858474,0,5412,73,90,0.32593802297086255,0,5429
potential_scan,eta_0.3,0.3,20261953,256,1.0,1.0,0.2,0.8,horizon,True,34456,5515,11065,26.9287109375,54.0283203125,2.2160105569012496e-15,0,8.881784197001252e-16,"[[144,0,16,0,96]]","[[159,0,21,0,76]]","[[5530,5530,5535,5535,5515]]","[[119.60729720698586,0.1340934575907929,15.575051763040701,0.07839445535557474,69.40516311702727]]",144,159,0.5840200058934856,0,5530,0,0,0.0006547532108925434,0,5530,16,21,0.07605005743672216,0,5535,0,0,0.00038278542654089225,0,5535,96,76,0.3388923980323597,0,5515
potential_scan,eta_0.3,0.3,20261954,256,1.0,1.0,0.2,0.8,horizon,True,34449,5505,11009,26.8798828125,53.7548828125,2.2047953204632498e-15,0,5.551115123125783e-15,"[[150,1,16,0,89]]","[[145,0,27,0,84]]","[[5500,5499,5510,5510,5505]]","[[119.49495187350622,0.1338682449298017,15.642969813506447,0.08079260666123803,69.44741746139518]]",150,145,0.5834714446948546,0,5500,1,0,0.0006536535396962973,0,5499,16,27,0.07638168854251194,0,5510,0,0,0.00039449514971307627,0,5510,89,84,0.3390987180732186,0,5505
potential_scan,eta_0.3,0.3,20261955,256,1.0,1.0,0.2,0.8,horizon,True,34386,5485,10952,26.7822265625,53.4765625,2.1933798119459997e-15,0,3.9968028886505635e-15,"[[156,0,17,0,83]]","[[149,1,11,0,95]]","[[5478,5479,5473,5473,5485]]","[[121.23847122096153,0.13561146891175807,15.508957670083557,0.07882706588738603,67.83813257415662]]",156,149,0.5919847227586011,0,5478,0,1,0.0006621653755456937,0,5479,17,11,0.07572733237345486,0,5473,0,0,0.0003848977826532521,0,5473,83,95,0.3312408817097491,0,5485
potential_scan,eta_0.3,0.3,20261956,256,1.0,1.0,0.2,0.8,horizon,True,34378,5510,11017,26.904296875,53.7939453125,2.2063974970972496e-15,0,8.881784197001252e-16,"[[149,0,27,1,79]]","[[151,1,19,0,85]]","[[5512,5513,5505,5504,5510]]","[[120.540774019152,0.1338574454052049,15.513736494952601,0.07990321031836073,68.53172883017204]]",149,151,0.5885779981403906,0,5512,0,1,0.0006536008076426019,0,5513,27,19,0.07575066647926075,0,5505,1,0,0.00039015239413262075,0,5504,79,85,0.3346275821785744,0,5510
potential_scan,eta_0.3,0.3,20261957,256,1.0,1.0,0.2,0.8,horizon,True,33708,5350,10695,26.123046875,52.2216796875,2.1419098875787498e-15,0,1.7763568394002505e-15,"[[151,0,21,0,84]]","[[149,0,20,0,87]]","[[5348,5348,5347,5347,5350]]","[[123.55697328649843,0.12769628672672106,15.29338140505604,0.07865881480278963,65.74329020691567]]",151,149,0.6033055336254806,0,5348,0,0,0.0006235170250328177,0,5348,21,20,0.07467471389187519,0,5347,0,0,0.00038407624415424626,0,5347,84,87,0.32101215921345544,0,5350
potential_scan,eta_0.3,0.3,20261958,256,1.0,1.0,0.2,0.8,horizon,True,33864,5417,10837,26.4501953125,52.9150390625,2.1703485228322498e-15,0,3.774758283725532e-15,"[[143,0,19,0,94]]","[[148,0,11,1,96]]","[[5422,5422,5414,5415,5417]]","[[121.41399146839429,0.12895986613388924,15.584932157367284,0.07978942966539052,67.59232707843992]]",143,148,0.592841755216769,0,5422,0,0,0.000629686846356881,0,5422,19,11,0.07609830154964493,0,5414,0,1,0.0003895968245380396,0,5415,94,96,0.3300406595626949,0,5417
potential_scan,eta_0.3,0.3,20261959,256,1.0,1.0,0.2,0.8,horizon,True,34057,5442,10914,26.572265625,53.291015625,2.1857694729344996e-15,0,6.439293542825908e-15,"[[132,0,22,0,102]]","[[147,0,22,0,87]]","[[5457,5457,5457,5457,5442]]","[[121.31555298996962,0.13278673982729208,15.28426833965326,0.07956966502615945,67.98782226552503]]",132,147,0.592361098583836,0,5457,0,0,0.0006483727530629496,0,5457,22,22,0.07463021650221317,0,5457,0,0,0.00038852375501054415,0,5457,102,87,0.33197178840588387,0,5442
potential_scan,eta_0.4,0.4,20262928,256,1.0,1.0,0.2,0.8,horizon,True,34570,5539,11107,27.0458984375,54.2333984375,2.2244219842297495e-15,0,1.1102230246251565e-15,"[[143,0,16,0,97]]","[[155,0,20,1,80]]","[[5551,5551,5555,5556,5539]]","[[119.82776422374526,0.01937989501636786,15.976796321454499,0.011522810848916987,68.96453674893475]]",143,155,0.5850965049987561,0,5551,0,0,9.462839363460869e-05,0,5551,16,20,0.07801170078835204,0,5555,0,1,5.6263724848227474e-05,0,5556,97,80,0.33674090209440793,0,5539
potential_scan,eta_0.4,0.4,20262929,256,1.0,1.0,0.2,0.8,horizon,True,34355,5467,10925,26.6943359375,53.3447265625,2.1879724658062497e-15,0,4.218847493575595e-15,"[[148,0,26,0,82]]","[[147,0,19,0,90]]","[[5466,5466,5459,5459,5467]]","[[121.09741036779315,0.019393761959511896,15.354893983435515,0.011153637623559615,68.31714824918915]]",148,147,0.59129594906149,0,5466,0,0,9.469610331792918e-05,0,5466,26,19,0.07497506827849372,0,5459,0,0,5.446112120878718e-05,0,5459,82,90,0.33357982543549386,0,5467
potential_scan,eta_0.4,0.4,20262930,256,1.0,1.0,0.2,0.8,horizon,True,33713,5396,10812,26.34765625,52.79296875,2.1653417208509998e-15,0,0.0,"[[152,0,14,0,90]]","[[160,0,18,0,78]]","[[5404,5404,5408,5408,5396]]","[[121.58633059975809,0.018325783665455564,15.47031845827156,0.011301481202386998,67.71372367710252]]",152,160,0.5936832548816312,0,5404,0,0,8.948136555398225e-05,0,5404,14,18,0.07553866434702909,0,5408,0,0,5.5183013683530264e-05,0,5408,90,78,0.33063341639210214,0,5396
potential_scan,eta_0.4,0.4,20262931,256,1.0,1.0,0.2,0.8,horizon,True,33919,5381,10783,26.2744140625,52.6513671875,2.15953383055275e-15,0,4.440892098500626e-16,"[[150,0,15,0,91]]","[[157,0,22,0,77]]","[[5388,5388,5395,5395,5381]]","[[120.49393872756431,0.018543936573541198,15.137694233278786,0.01125558189771883,69.13856752068574]]",150,157,0.588349310193185,0,5388,0,0,9.054656530049413e-05,0,5388,15,22,0.07391452262343157,0,5395,0,0,5.495889598495523e-05,0,5395,91,77,0.33759066172209834,0,5381
potential_scan,eta_0.4,0.4,20262932,256,1.0,1.0,0.2,0.8,horizon,True,34156,5469,10922,26.7041015625,53.330078125,2.1873716495684998e-15,0,1.5543122344752192e-15,"[[143,0,23,0,90]]","[[139,0,15,0,102]]","[[5465,5465,5457,5457,5469]]","[[119.17565324962455,0.018781723398473282,15.906387903834036,0.011256421077177725,69.68792070206611]]",143,139,0.5819123693829323,0,5465,0,0,9.170763378160782e-05,0,5465,23,15,0.07766790968668963,0,5457,0,0,5.496299354090686e-05,0,5457,90,102,0.34027305030305716,0,5469
potential_scan,eta_0.4,0.4,20262933,256,1.0,1.0,0.2,0.8,horizon,True,33995,5435,10901,26.5380859375,53.2275390625,2.18316593590425e-15,0,2.220446049250313e-15,"[[137,0,23,0,96]]","[[153,0,22,0,81]]","[[5451,5451,5450,5450,5435]]","[[121.58621082767988,0.01885119493593662,15.420624926468072,0.011253409540226217,67.76305964137634]]",137,153,0.5936826700570306,0,5451,0,0,9.204685027312803e-05,0,5451,23,22,0.07529602014876988,0,5450,0,0,5.4948288770635825e-05,0,5450,96,81,0.33087431465515793,0,5435
potential_scan,eta_0.4,0.4,20262934,256,1.0,1.0,0.2,0.8,horizon,True,34520,5503,11027,26.8701171875,53.8427734375,2.20840021788975e-15,0,1.887379141862766e-15,"[[135,0,22,0,99]]","[[147,0,19,0,90]]","[[5515,5515,5512,5512,5503]]","[[121.70895523099618,0.019391791307316025,15.459885062565329,0.011648051127334552,67.60011986400345]]",135,147,0.5942820079638486,0,5515,0,0,9.468648099275403e-05,0,5515,22,19,0.07548772003205727,0,5512,0,0,5.687524964518824e-05,0,5512,99,90,0.3300787102734543,0,5503
potential_scan,eta_0.4,0.4,20262935,256,1.0,1.0,0.2,0.8,horizon,True,34307,5454,10905,26.630859375,53.2470703125,2.18396702422125e-15,0,1.3322676295501878e-15,"[[154,0,18,0,84]]","[[155,0,13,0,88]]","[[5455,5455,5450,5450,5454]]","[[121.26741674154212,0.018731094291199374,15.593375700218285,0.011204791530872033,67.90927167241782]]",154,155,0.5921260583083111,0,5455,0,0,9.146042134374694e-05,0,5455,18,13,0.07613952978622208,0,5450,0,0,5.4710896146836096e-05,0,5450,84,88,0.3315882405879776,0,5454
potential_scan,eta_0.4,0.4,20262936,256,1.0,1.0,0.2,0.8,horizon,True,34228,5446,10908,26.591796875,53.26171875,2.184567840459e-15,0,2.1094237467877974e-15,"[[135,0,18,0,103]]","[[142,0,20,0,94]]","[[5453,5453,5455,5455,5446]]","[[122.5260619752412,0.018573530999925286,15.381547600173642,0.011370774608931766,66.86244611897588]]",135,142,0.5982717869884824,0,5453,0,0,9.069106933557269e-05,0,5453,18,20,0.07510521289147286,0,5455,0,0,5.552136039517464e-05,0,5455,103,94,0.3264767876903119,0,5446
potential_scan,eta_0.4,0.4,20262937,256,1.0,1.0,0.2,0.8,horizon,True,34226,5421,10847,26.4697265625,52.9638671875,2.1723512436247497e-15,0,2.7755575615628914e-15,"[[150,0,19,0,87]]","[[154,0,16,0,86]]","[[5425,5425,5422,5422,5421]]","[[120.82964883142759,0.01887771998396745,15.469738221947818,0.011367988772605725,68.47036723786746]]",150,154,0.589988519684705,0,5425,0,0,9.217636710921607e-05,0,5425,19,16,0.07553583116185457,0,5422,0,0,5.550775767873889e-05,0,5422,87,86,0.3343279650286497,0,5421
potential_scan,eta_0.4,0.4,20262938,256,1.0,1.0,0.2,0.8,horizon,True,33985,5416,10825,26.4453125,52.8564453125,2.16794525788125e-15,0,2.220446049250313e-15,"[[157,0,23,0,76]]","[[160,0,10,0,86]]","[[5419,5419,5406,5406,5416]]","[[122.71905251888757,0.01882077047339359,15.561821330360932,0.011333053915644153,66.48897232636202]]",157,160,0.5992141236273807,0,5419,0,0,9.189829332711713e-05,0,5419,23,10,0.07598545571465298,0,5406,0,0,5.533717732248122e-05,0,5406,76,86,0.3246531851873145,0,5416
potential_scan,eta_0.4,0.4,20262939,256,1.0,1.0,0.2,0.8,horizon,True,34478,5473,10960,26.7236328125,53.515625,2.1949819885799995e-15,0,2.886579864025407e-15,"[[144,0,20,0,92]]","[[151,0,20,0,85]]","[[5480,5480,5480,5480,5473]]","[[120.29442283870966,0.01886606456458831,15.762310729074175,0.01148969631219765,68.71291067133997]]",144,151,0.587375111517137,0,5480,0,0,9.211945588177885e-05,0,5480,20,20,0.07696440785680748,0,5480,0,0,5.610203277440259e-05,0,5480,92,85,0.3355122591374022,0,5473
potential_scan,eta_0.4,0.4,20262940,256,1.0,1.0,0.2,0.8,horizon,True,34321,5471,10949,26.7138671875,53.4619140625,2.1927789957082495e-15,0,3.219646771412954e-15,"[[161,0,17,0,78]]","[[163,0,20,0,73]]","[[5473,5473,5476,5476,5471]]","[[121.36265215810234,0.0190151794628845,15.791015418218013,0.011610441432133495,67.61570680278399]]",161,163,0.592591074990734,0,5473,0,0,9.284755597111573e-05,0,5473,17,20,0.07710456747176764,0,5476,0,0,5.669160855533933e-05,0,5476,78,73,0.3301548183729687,0,5471
potential_scan,eta_0.4,0.4,20262941,256,1.0,1.0,0.2,0.8,horizon,True,34185,5442,10888,26.572265625,53.1640625,2.1805623988739997e-15,0,2.4424906541753444e-15,"[[149,0,14,0,93]]","[[149,0,18,0,89]]","[[5442,5442,5446,5446,5442]]","[[121.07920584291612,0.01884328706081137,15.666316105638906,0.011210992299014205,68.02442377208567]]",149,149,0.5912070597798639,0,5442,0,0,9.200823760161802e-05,0,5442,14,18,0.07649568410956496,0,5446,0,0,5.47411733350303e-05,0,5446,93,89,0.332150506699637,0,5442
potential_scan,eta_0.4,0.4,20262942,256,1.0,1.0,0.2,0.8,horizon,True,34113,5440,10872,26.5625,53.0859375,2.1773580456059997e-15,0,1.1102230246251565e-15,"[[151,0,21,0,84]]","[[150,0,15,0,91]]","[[5439,5439,5433,5433,5440]]","[[121.95251859976402,0.019174291689369488,15.361398342570812,0.011219199770733157,67.45568956620532]]",151,150,0.5954712822254102,0,5439,0,0,9.362447113949945e-05,0,5439,21,15,0.07500682784458404,0,5433,0,0,5.478124888053299e-05,0,5433,84,91,0.3293734842099869,0,5440
potential_scan,eta_0.4,0.4,20262943,256,1.0,1.0,0.2,0.8,horizon,True,34050,5436,10864,26.54296875,53.046875,2.175755868972e-15,0,1.7763568394002505e-15,"[[148,0,21,0,87]]","[[147,0,15,0,94]]","[[5435,5435,5429,5429,5436]]","[[122.57342332709037,0.0189983261824484,15.308565493714827,0.01129517470885727,66.88771767830315]]",148,147,0.5985030435893084,0,5435,0,0,9.276526456273633e-05,0,5435,21,15,0.07474885494977943,0,5429,0,0,5.515222025809214e-05,0,5429,87,94,0.3266001839760896,0,5436
potential_scan,eta_0.4,0.4,20262944,256,1.0,1.0,0.2,0.8,horizon,True,34143,5474,10971,26.728515625,53.5693359375,2.1971849814517496e-15,0,6.661338147750939e-16,"[[141,0,26,0,89]]","[[155,0,21,0,80]]","[[5488,5488,5483,5483,5474]]","[[121.32248239594152,0.019229345471909742,15.786409464623707,0.011542526399256015,67.66033626756348]]",141,155,0.5923949335739331,0,5488,0,0,9.389328843705929e-05,0,5488,26,21,0.07708207746398295,0,5483,0,0,5.635999218386726e-05,0,5483,89,80,0.3303727356814623,0,5474
potential_scan,eta_0.4,0.4,20262945,256,1.0,1.0,0.2,0.8,horizon,True,33967,5414,10854,26.435546875,52.998046875,2.1737531481794996e-15,0,2.4424906541753444e-15,"[[156,0,19,0,81]]","[[167,0,23,0,66]]","[[5425,5425,5429,5429,5414]]","[[120.74032062377236,0.019004685587950626,15.276752859963366,0.011216253874532983,68.7527055768013]]",156,167,0.5895523467957634,0,5425,0,0,9.279631634741517e-05,0,5425,19,23,0.07459351982403988,0,5429,0,0,5.476686462174308e-05,0,5429,81,66,0.3357065701992251,0,5414
potential_scan,eta_0.4,0.4,20262946,256,1.0,1.0,0.2,0.8,horizon,True,33912,5465,10876,26.6845703125,53.10546875,2.1781591339229998e-15,0,1.3322676295501878e-15,"[[168,0,25,0,63]]","[[146,0,15,0,95]]","[[5443,5443,5433,5433,5465]]","[[121.29881560746644,0.0190850989776076,15.297414194255742,0.011262896743596568,68.17342220255634]]",168,146,0.5922793730833322,0,5443,0,0,9.318895985159961e-05,0,5443,25,15,0.07469440524538937,0,5433,0,0,5.4994613005842616e-05,0,5433,63,95,0.3328780380984196,0,5465
potential_scan,eta_0.4,0.4,20262947,256,1.0,1.0,0.2,0.8,horizon,True,34108,5425,10872,26.4892578125,53.0859375,2.1773580456059997e-15,0,1.3322676295501878e-15,"[[140,0,18,0,98]]","[[148,0,24,0,84]]","[[5433,5433,5439,5439,5425]]","[[120.78123063914036,0.019083010463131322,15.543865760151641,0.01116113836271157,68.44465945188244]]",140,148,0.5897521027301775,0,5433,0,0,9.317876202700841e-05,0,5433,18,24,0.07589778203199044,0,5439,0,0,5.449774591167759e-05,0,5439,98,84,0.33420243872989475,0,5425
potential_scan,eta_0.4,0.4,20262948,256,1.0,1.0,0.2,0.8,horizon,True,33670,5422,10831,26.474609375,52.8857421875,2.1691468903567496e-15,0,2.3314683517128287e-15,"[[161,0,25,0,70]]","[[159,0,16,0,81]]","[[5420,5420,5411,5411,5422]]","[[120.75200151339146,0.018517245038201208,15.56703807418221,0.011227630195705635,68.45121553719196]]",161,159,0.5896093823896067,0,5420,0,0,9.041623553809183e-05,0,5420,25,16,0.07601092809659282,0,5411,0,0,5.482241306496892e-05,0,5411,70,81,0.3342344508651951,0,5422
potential_scan,eta_0.4,0.4,20262949,256,1.0,1.0,0.2,0.8,horizon,True,34037,5414,10829,26.435546875,52.8759765625,2.16874634619825e-15,0,8.992806499463768e-15,"[[156,0,14,0,86]]","[[152,0,23,0,81]]","[[5410,5410,5419,5419,5414]]","[[121.56443507376343,0.018291736485199606,15.396151498637858,0.011105043780699542,67.81001664733097]]",156,152,0.5935763431336105,0,5410,0,0,8.93151195566387e-05,0,5410,14,23,0.07517652098944266,0,5419,0,0,5.422384658544698e-05,0,5419,86,81,0.3311035969107957,0,5414
potential_scan,eta_0.4,0.4,20262950,256,1.0,1.0,0.2,0.8,horizon,True,34870,5556,11089,27.12890625,54.1455078125,2.22081708680325e-15,0,2.6645352591003757e-15,"[[159,0,19,0,78]]","[[145,1,22,0,88]]","[[5542,5543,5546,5546,5556]]","[[120.96535752895798,0.019438217845798383,15.445194762365997,0.011789991096532004,68.35821949973317]]",159,145,0.5906511598093651,0,5542,0,1,9.491317307518742e-05,0,5543,19,22,0.07541599005061521,0,5546,0,0,5.756831590103518e-05,0,5546,78,88,0.3337803686510408,0,5556
potential_scan,eta_0.4,0.4,20262951,256,1.0,1.0,0.2,0.8,horizon,True,34280,5460,10930,26.66015625,53.369140625,2.1889738262024996e-15,0,2.220446049250313e-16,"[[147,0,18,0,91]]","[[149,0,24,0,83]]","[[5462,5462,5468,5468,5460]]","[[122.11451309997258,0.018917384645308566,15.698063305750498,0.011380091633220957,66.95712611799844]]",147,149,0.5962622709959599,0,5462,0,0,9.237004221342073e-05,0,5462,18,24,0.07665069973510985,0,5468,0,0,5.55668536778367e-05,0,5468,91,83,0.32693909237303925,0,5460
potential_scan,eta_0.4,0.4,20262952,256,1.0,1.0,0.2,0.8,horizon,True,34238,5472,10913,26.71875,53.2861328125,2.1855692008552497e-15,0,3.4416913763379853e-15,"[[158,0,17,0,81]]","[[141,0,20,0,95]]","[[5455,5455,5458,5458,5472]]","[[120.0892442427472,0.018849924812998214,15.409587270610556,0.011282693947709588,69.27103586788084]]",158,141,0.586373262904039,0,5455,0,0,9.204064850096784e-05,0,5455,17,20,0.0752421253447781,0,5458,0,0,5.509127904155072e-05,0,5458,81,95,0.3382374798236369,0,5472
potential_scan,eta_0.4,0.4,20262953,256,1.0,1.0,0.2,0.8,horizon,True,34243,5515,11012,26.9287109375,53.76953125,2.2053961367009997e-15,0,3.4416913763379853e-15,"[[162,0,19,0,75]]","[[154,0,17,0,85]]","[[5507,5507,5505,5505,5515]]","[[121.0485755589834,0.019133159540458355,15.441737450774657,0.0115272281514113,68.27902660254938]]",162,154,0.5910574978465986,0,5507,0,0,9.342363056864431e-05,0,5507,19,17,0.07539910864636062,0,5505,0,0,5.628529370806299e-05,0,5505,75,85,0.33339368458276064,0,5515
potential_scan,eta_0.4,0.4,20262954,256,1.0,1.0,0.2,0.8,horizon,True,34446,5534,11068,27.021484375,54.04296875,2.2166113731389995e-15,0,5.551115123125783e-16,"[[161,0,12,0,83]]","[[156,0,22,0,78]]","[[5529,5529,5539,5539,5534]]","[[119.88153885967635,0.019343879530126756,15.719355151821622,0.011821778764730673,69.16794033020706]]",161,156,0.5853590764632635,0,5529,0,0,9.445253676819705e-05,0,5529,12,22,0.07675466382725402,0,5539,0,0,5.772352912466149e-05,0,5539,83,78,0.33773408364358914,0,5534
potential_scan,eta_0.4,0.4,20262955,256,1.0,1.0,0.2,0.8,horizon,True,34225,5480,10948,26.7578125,53.45703125,2.1925787236289996e-15,0,3.219646771412954e-15,"[[164,0,19,0,73]]","[[157,0,21,0,78]]","[[5473,5473,5475,5475,5480]]","[[120.4158963411431,0.019016482709434873,15.75343424388573,0.011054636647794575,68.6005982956133]]",164,157,0.5879682438532378,0,5473,0,0,9.285391947966247e-05,0,5473,19,21,0.07692106564397329,0,5475,0,0,5.3977718006809446e-05,0,5475,73,78,0.3349638588652993,0,5480
potential_scan,eta_0.4,0.4,20262956,256,1.0,1.0,0.2,0.8,horizon,True,33607,5388,10777,26.30859375,52.6220703125,2.1583321980772495e-15,0,3.9968028886505635e-15,"[[151,0,24,0,81]]","[[152,0,23,0,81]]","[[5389,5389,5388,5388,5388]]","[[121.75096286097792,0.01866891940453594,15.312215399006323,0.011479871501240219,67.70667294911082]]",151,152,0.5944871233446187,0,5389,0,0,9.115683302996064e-05,0,5389,24,23,0.07476667675296056,0,5388,0,0,5.6054060064649505e-05,0,5388,81,81,0.33059898900933016,0,5388
potential_scan,eta_0.4,0.4,20262957,256,1.0,1.0,0.2,0.8,horizon,True,34819,5546,11107,27.080078125,54.2333984375,2.2244219842297495e-15,0,4.440892098500626e-16,"[[145,0,20,0,91]]","[[150,0,25,0,81]]","[[5551,5551,5556,5556,5546]]","[[120.58767106647002,0.019320428665469597,15.74473439469913,0.011604598741894956,68.4366695114236]]",145,150,0.5888069876292481,0,5551,0,0,9.433803059311327e-05,0,5551,20,25,0.07687858591161684,0,5556,0,0,5.6663079794408964e-05,0,5556,91,81,0.33416342534874804,0,5546
potential_scan,eta_0.4,0.4,20262958,256,1.0,1.0,0.2,0.8,horizon,True,34593,5529,11051,26.9970703125,53.9599609375,2.2132067477917497e-15,0,1.6653345369377348e-15,"[[137,0,29,0,90]]","[[139,0,18,0,99]]","[[5531,5531,5520,5520,5529]]","[[119.10420938597684,0.01900978562087305,16.187590223617104,0.011240705286537228,69.47794989949833]]",137,139,0.581563522392465,0,5531,0,0,9.282121885191918e-05,0,5531,29,18,0.07904096788875538,0,5520,0,0,5.488625628192006e-05,0,5520,90,99,0.33924780224364415,0,5529
potential_scan,eta_0.4,0.4,20262959,256,1.0,1.0,0.2,0.8,horizon,True,34198,5441,10878,26.5673828125,53.115234375,2.1785596780815e-15,0,1.9984014443252818e-15,"[[156,0,16,0,84]]","[[153,0,18,0,85]]","[[5438,5438,5440,5440,5441]]","[[121.98874072280759,0.018956912564670636,15.79955185550697,0.011097277944469214,66.98165323117674]]",156,153,0.5956481480605839,0,5438,0,0,9.256304963218084e-05,0,5438,16,18,0.07714624929446762,0,5440,0,0,5.418592746322858e-05,0,5440,84,85,0.32705885366785514,0,5441
potential_scan,eta_0.5,0.5,20263928,256,1.0,1.0,0.2,0.8,horizon,True,33815,5401,10798,26.3720703125,52.724609375,2.1625379117414998e-15,0,1.7763568394002505e-15,"[[156,0,20,0,80]]","[[154,0,20,0,82]]","[[5399,5399,5399,5399,5401]]","[[120.06587348352487,0.0026710805251669856,15.297945544437603,0.0015952311133466401,69.43191466039937]]",156,154,0.5862591478687738,0,5399,0,0,1.3042385376791922e-05,0,5399,20,20,0.07469699972869923,0,5399,0,0,7.789214420637891e-06,0,5399,80,82,0.3390230208027313,0,5401
potential_scan,eta_0.5,0.5,20263929,256,1.0,1.0,0.2,0.8,horizon,True,34196,5391,10805,26.3232421875,52.7587890625,2.1639398162962498e-15,0,5.329070518200751e-15,"[[144,0,21,0,91]]","[[156,0,20,0,80]]","[[5403,5403,5402,5402,5391]]","[[121.06063956424909,0.002643074764283021,15.461310324450734,0.0015654390974974008,68.27384159743734]]",144,156,0.5911164041223099,0,5403,0,0,1.2905638497475689e-05,0,5403,21,20,0.0754946793186071,0,5402,0,0,7.643745593249028e-06,0,5402,91,80,0.33336836717498697,0,5391
potential_scan,eta_0.5,0.5,20263930,256,1.0,1.0,0.2,0.8,horizon,True,33771,5390,10771,26.318359375,52.5927734375,2.1571305656017497e-15,0,1.5543122344752192e-15,"[[161,0,17,0,78]]","[[157,0,16,0,83]]","[[5386,5386,5385,5385,5390]]","[[121.42536883715707,0.0027050658067558353,15.353207763867612,0.00158908998766627,68.01712924318059]]",161,157,0.592897308775181,0,5386,0,0,1.3208329134549977e-05,0,5386,17,16,0.07496683478450981,0,5385,0,0,7.75922845540171e-06,0,5385,78,83,0.33211488888271773,0,5390
potential_scan,eta_0.5,0.5,20263931,256,1.0,1.0,0.2,0.8,horizon,True,34492,5550,11070,27.099609375,54.052734375,2.2170119172975e-15,0,1.5543122344752192e-15,"[[155,0,21,0,80]]","[[143,0,15,0,98]]","[[5538,5538,5532,5532,5550]]","[[121.72906669597963,0.002758796774521788,15.57475664731715,0.0016573472695191327,67.49176051265952]]",155,143,0.594380208476463,0,5538,0,0,1.3470687375594667e-05,0,5538,21,15,0.07604861644197827,0,5532,0,0,8.09251596444889e-06,0,5532,80,98,0.3295496118782203,0,5550
potential_scan,eta_0.5,0.5,20263932,256,1.0,1.0,0.2,0.8,horizon,True,34006,5469,10913,26.7041015625,53.2861328125,2.1855692008552497e-15,0,2.3314683517128287e-15,"[[149,0,16,0,91]]","[[132,0,25,0,99]]","[[5452,5452,5461,5461,5469]]","[[121.55978221726619,0.002721998240925172,15.82240353559625,0.0015880382491249567,67.41350421064705]]",149,132,0.593553624107745,0,5452,0,0,1.3291007035767441e-05,0,5452,16,25,0.07725782976365356,0,5461,0,0,7.754093013305453e-06,0,5461,91,99,0.32916750102855,0,5469
potential_scan,eta_0.5,0.5,20263933,256,1.0,1.0,0.2,0.8,horizon,True,34328,5521,11039,26.9580078125,53.9013671875,2.2108034828407498e-15,0,5.773159728050814e-15,"[[147,0,19,0,90]]","[[146,0,18,0,92]]","[[5520,5520,5519,5519,5521]]","[[120.37115076753558,0.002702831742731837,16.046238999128295,0.0016431943977514296,68.37826420719446]]",147,146,0.5877497596071073,0,5520,0,0,1.3197420618807798e-05,0,5520,19,18,0.07835077636293113,0,5519,0,0,8.023410145270652e-06,0,5519,90,92,0.3338782431991917,0,5521
potential_scan,eta_0.5,0.5,20263934,256,1.0,1.0,0.2,0.8,horizon,True,34263,5485,10992,26.7822265625,53.671875,2.2013906951159996e-15,0,0.0,"[[146,0,16,0,94]]","[[154,0,22,0,80]]","[[5493,5493,5499,5499,5485]]","[[119.76873051188318,0.002736166129792217,15.659347332976862,0.0016515535476746557,69.3675344354625]]",146,154,0.5848082544525546,0,5493,0,0,1.3360186180626059e-05,0,5493,16,22,0.07646165689930108,0,5499,0,0,8.064226307005155e-06,0,5499,94,80,0.3387086642356567,0,5485
potential_scan,eta_0.5,0.5,20263935,256,1.0,1.0,0.2,0.8,horizon,True,34687,5592,11169,27.3046875,54.5361328125,2.23683885314325e-15,0,1.1102230246251565e-15,"[[150,0,21,0,85]]","[[145,0,16,0,95]]","[[5587,5587,5582,5582,5592]]","[[120.20284733687548,0.002740103920586767,15.875412218041413,0.0016666828620630625,68.71733365830025]]",150,145,0.5869279655120873,0,5587,0,0,1.3379413674740074e-05,0,5587,21,16,0.07751666122090534,0,5582,0,0,8.138099912417297e-06,0,5582,85,95,0.33553385575341915,0,5592
potential_scan,eta_0.5,0.5,20263936,256,1.0,1.0,0.2,0.8,horizon,True,34471,5518,11038,26.943359375,53.896484375,2.2106032107614995e-15,0,3.1086244689504383e-15,"[[151,0,17,0,88]]","[[151,0,19,0,86]]","[[5518,5518,5520,5520,5518]]","[[120.79406527624981,0.002794947086327909,15.94406749770694,0.0016623014689758353,68.05740997748858]]",151,151,0.5898147718566885,0,5518,0,0,1.3647202569960494e-05,0,5518,17,19,0.07785189207864716,0,5520,0,0,8.11670639148357e-06,0,5520,88,86,0.3323115721557059,0,5518
potential_scan,eta_0.5,0.5,20263937,256,1.0,1.0,0.2,0.8,horizon,True,33773,5384,10750,26.2890625,52.490234375,2.1529248519374998e-15,0,3.1086244689504383e-15,"[[153,0,17,0,86]]","[[142,0,21,0,93]]","[[5373,5373,5377,5377,5384]]","[[120.8388759046819,0.002614933881937065,15.2823379106746,0.001588191914021042,68.67458305884692]]",153,142,0.5900335737533295,0,5373,0,0,1.2768231845395825e-05,0,5373,17,21,0.07462079057946581,0,5377,0,0,7.75484333018087e-06,0,5377,86,93,0.33532511259202596,0,5384
potential_scan,eta_0.5,0.5,20263938,256,1.0,1.0,0.2,0.8,horizon,True,34121,5457,10928,26.6455078125,53.359375,2.188573282044e-15,0,4.440892098500626e-15,"[[147,0,25,0,84]]","[[159,0,15,0,82]]","[[5469,5469,5459,5459,5457]]","[[122.56820103394918,0.002681254075285716,15.68595602287771,0.0016176768407457076,66.5415440122562]]",147,159,0.5984775441110799,0,5469,0,0,1.3092060914481036e-05,0,5469,25,15,0.07659158214295757,0,5459,0,0,7.89881269895365e-06,0,5459,84,82,0.3249098828723447,0,5457
potential_scan,eta_0.5,0.5,20263939,256,1.0,1.0,0.2,0.8,horizon,True,33592,5361,10744,26.1767578125,52.4609375,2.1517232194619996e-15,0,8.881784197001252e-16,"[[146,0,19,0,91]]","[[158,0,17,0,81]]","[[5373,5373,5371,5371,5361]]","[[121.45756928080887,0.002686130406568149,15.154699442914472,0.0015772617897878982,68.18346788408013]]",146,158,0.5930545375039495,0,5373,0,0,1.311587112582104e-05,0,5373,19,17,0.07399755587360582,0,5371,0,0,7.701473582948722e-06,0,5371,91,81,0.332927089277735,0,5361
potential_scan,eta_0.5,0.5,20263940,256,1.0,1.0,0.2,0.8,horizon,True,33810,5408,10827,26.40625,52.8662109375,2.1683458020397495e-15,0,7.771561172376096e-15,"[[155,0,17,0,84]]","[[156,0,26,0,74]]","[[5409,5409,5418,5418,5408]]","[[121.14128916862119,0.0026869113908807585,15.353987366863842,0.0016418771704730661,68.30039467595202]]",155,156,0.5915102010186581,0,5409,0,0,1.3119684525784953e-05,0,5409,17,26,0.07497064143976485,0,5418,0,0,8.016978371450518e-06,0,5418,84,74,0.333498020878672,0,5408
potential_scan,eta_0.5,0.5,20263941,256,1.0,1.0,0.2,0.8,horizon,True,33897,5420,10813,26.46484375,52.7978515625,2.1655419929302496e-15,0,4.218847493575595e-15,"[[159,0,18,0,79]]","[[146,0,17,0,93]]","[[5407,5407,5406,5406,5420]]","[[121.58724643043669,0.0027423436414730773,14.955555017160329,0.0016165310706470204,68.25283967769172]]",159,146,0.5936877267111166,0,5407,0,0,1.339034981188026e-05,0,5407,18,17,0.07302517098222816,0,5406,0,0,7.893218118393654e-06,0,5406,79,93,0.3332658187387291,0,5420
potential_scan,eta_0.5,0.5,20263942,256,1.0,1.0,0.2,0.8,horizon,True,34441,5535,11042,27.0263671875,53.916015625,2.2114042990784996e-15,0,3.9968028886505635e-15,"[[164,0,16,0,76]]","[[149,0,18,0,89]]","[[5520,5520,5522,5522,5535]]","[[118.53413560789097,0.002756554939276318,15.730400751289626,0.0016733691952101615,70.5310337166841]]",164,149,0.5787799590229051,0,5520,0,0,1.3459740914435145e-05,0,5520,16,18,0.07680859741840637,0,5522,0,0,8.170748023487117e-06,0,5522,76,89,0.3443898130697466,0,5535
potential_scan,eta_0.5,0.5,20263943,256,1.0,1.0,0.2,0.8,horizon,True,34340,5527,11051,26.9873046875,53.9599609375,2.2132067477917497e-15,0,8.881784197001252e-16,"[[144,0,24,0,88]]","[[141,0,27,0,88]]","[[5524,5524,5527,5527,5527]]","[[120.62366433131278,0.002690935441121922,15.644279495362674,0.0016121384639244674,68.52775309941967]]",144,141,0.5889827359927382,0,5524,0,0,1.3139333208603136e-05,0,5524,24,27,0.07638808347345055,0,5527,0,0,7.871769843381188e-06,0,5527,88,88,0.3346081694307601,0,5527
potential_scan,eta_0.5,0.5,20263944,256,1.0,1.0,0.2,0.8,horizon,True,34259,5523,11010,26.9677734375,53.759765625,2.2049955925424996e-15,0,1.1102230246251565e-16,"[[147,0,21,0,88]]","[[127,0,25,0,104]]","[[5503,5503,5507,5507,5523]]","[[121.52712543506183,0.0027398135204098895,15.93944651016419,0.0016651633989166192,67.32902307785464]]",147,127,0.5933941671633878,0,5503,0,0,1.3377995705126413e-05,0,5503,21,25,0.07782932866291108,0,5507,0,0,8.130680658772555e-06,0,5507,88,104,0.3287549954973371,0,5523
potential_scan,eta_0.5,0.5,20263945,256,1.0,1.0,0.2,0.8,horizon,True,33963,5423,10806,26.4794921875,52.763671875,2.1641400883755e-15,0,1.1102230246251565e-15,"[[165,0,23,0,68]]","[[146,0,21,0,89]]","[[5404,5404,5402,5402,5423]]","[[121.00727512572904,0.0026736046700079896,15.191357063121337,0.0015766808731998982,68.59711752560666]]",165,146,0.5908558355748488,0,5404,0,0,1.3054710302773387e-05,0,5404,23,21,0.07417654815977215,0,5402,0,0,7.698637076171378e-06,0,5402,68,89,0.33494686291800124,0,5423
potential_scan,eta_0.5,0.5,20263946,256,1.0,1.0,0.2,0.8,horizon,True,33603,5377,10732,26.2548828125,52.40234375,2.1493199545109997e-15,0,8.881784197001252e-16,"[[158,0,17,0,81]]","[[142,0,27,0,87]]","[[5361,5361,5371,5371,5377]]","[[122.04015333935064,0.0026399697939920863,15.291824332418006,0.0015774470606606805,67.46380491137691]]",158,142,0.595899186227298,0,5361,0,0,1.2890477509726984e-05,0,5361,17,27,0.07466711099813479,0,5371,0,0,7.702378225882229e-06,0,5371,81,87,0.32941310991883255,0,5377
potential_scan,eta_0.5,0.5,20263947,256,1.0,1.0,0.2,0.8,horizon,True,33764,5429,10829,26.5087890625,52.8759765625,2.16874634619825e-15,0,2.4424906541753444e-15,"[[153,0,19,0,84]]","[[142,0,12,0,102]]","[[5418,5418,5411,5411,5429]]","[[121.86540139443295,0.0026600576627015537,15.352907036988,0.0015806435386941653,67.57745086737816]]",153,142,0.5950459052462546,0,5418,0,0,1.298856280615993e-05,0,5418,19,12,0.07496536639154297,0,5411,0,0,7.717986028780104e-06,0,5411,84,102,0.3299680218133699,0,5429
potential_scan,eta_0.5,0.5,20263948,256,1.0,1.0,0.2,0.8,horizon,True,33969,5419,10805,26.4599609375,52.7587890625,2.1639398162962498e-15,0,2.220446049250313e-16,"[[163,0,14,0,79]]","[[144,0,19,0,93]]","[[5400,5400,5405,5405,5419]]","[[121.01100504538002,0.0026757818894803387,15.681973588199824,0.0016186978309120081,68.10272688669984]]",163,144,0.5908740480731446,0,5400,0,0,1.3065341257228216e-05,0,5400,14,19,0.07657213666113195,0,5405,0,0,7.90379800250004e-06,0,5405,79,93,0.33253284612646405,0,5419
potential_scan,eta_0.5,0.5,20263949,256,1.0,1.0,0.2,0.8,horizon,True,33735,5388,10760,26.30859375,52.5390625,2.15492757273e-15,0,0.0,"[[159,0,19,0,78]]","[[151,0,19,0,86]]","[[5380,5380,5380,5380,5388]]","[[121.75970727449209,0.0027071512731263736,15.72618379412878,0.0016080310518982455,67.30979374905412]]",159,151,0.5945298206762308,0,5380,0,0,1.3218512075812371e-05,0,5380,19,19,0.07678800680726942,0,5380,0,0,7.851714120596902e-06,0,5380,78,86,0.3286611022903033,0,5388
potential_scan,eta_0.5,0.5,20263950,256,1.0,1.0,0.2,0.8,horizon,True,34461,5511,11018,26.9091796875,53.798828125,2.2065977691765e-15,0,8.881784197001252e-16,"[[161,0,12,0,83]]","[[157,0,16,0,83]]","[[5507,5507,5511,5511,5511]]","[[121.59848156096317,0.0027180199547437445,15.81041048957189,0.0016190099340202824,67.38677091957635]]",161,157,0.5937425857468904,0,5507,0,0,1.327158181027219e-05,0,5507,12,16,0.07719926996861273,0,5511,0,0,7.90532194345841e-06,0,5511,83,83,0.3290369673807439,0,5511
potential_scan,eta_0.5,0.5,20263951,256,1.0,1.0,0.2,0.8,horizon,True,33570,5399,10802,26.3623046875,52.744140625,2.1633390000585e-15,0,3.774758283725532e-15,"[[153,0,21,0,82]]","[[157,0,17,0,82]]","[[5403,5403,5399,5399,5399]]","[[120.89988061447053,0.0026344992348941165,15.544385218318528,0.0015971636870290573,68.35150250428826]]",153,157,0.5903314483128443,0,5403,0,0,1.2863765795381428e-05,0,5403,21,17,0.07590031844882093,0,5399,0,0,7.798650815571569e-06,0,5399,82,82,0.33374757082172,0,5399
potential_scan,eta_0.5,0.5,20263952,256,1.0,1.0,0.2,0.8,horizon,True,34939,5579,11176,27.2412109375,54.5703125,2.2382407576979995e-15,0,2.55351295663786e-15,"[[142,0,26,0,88]]","[[156,0,16,0,84]]","[[5593,5593,5583,5583,5579]]","[[119.3634558766338,0.0028297739094539642,15.917071433530934,0.0016926647191004007,69.5149502512062]]",142,156,0.5828293743976259,0,5593,0,0,1.3817255417255685e-05,0,5593,26,16,0.07772007535903776,0,5583,0,0,8.264964448732425e-06,0,5583,88,84,0.33942846802346777,0,5579
potential_scan,eta_0.5,0.5,20263953,256,1.0,1.0,0.2,0.8,horizon,True,33915,5413,10837,26.4306640625,52.9150390625,2.1703485228322498e-15,0,6.661338147750939e-16,"[[151,0,20,0,85]]","[[158,0,17,0,81]]","[[5420,5420,5417,5417,5413]]","[[120.53964497461857,0.0027301878831322846,15.574505735619516,0.0016029867970870082,68.68151611508183]]",151,158,0.5885724852276297,0,5420,0,0,1.3330995523106858e-05,0,5420,20,17,0.07604739128720467,0,5417,0,0,7.827083970151407e-06,0,5417,85,81,0.335358965405673,0,5413
potential_scan,eta_0.5,0.5,20263954,256,1.0,1.0,0.2,0.8,horizon,True,33955,5429,10859,26.5087890625,53.0224609375,2.17475450857575e-15,0,4.440892098500626e-16,"[[150,0,17,0,89]]","[[153,0,12,0,91]]","[[5432,5432,5427,5427,5429]]","[[121.20530515569342,0.0026877882882228865,15.423446155750108,0.001590252422404792,68.16697064784577]]",150,153,0.5918227790805343,0,5432,0,0,1.3123966251088313e-05,0,5432,17,12,0.07530979568237357,0,5427,0,0,7.764904406273399e-06,0,5427,89,91,0.3328465363664344,0,5429
potential_scan,eta_0.5,0.5,20263955,256,1.0,1.0,0.2,0.8,horizon,True,33946,5419,10855,26.4599609375,53.0029296875,2.17395342025875e-15,0,5.551115123125783e-16,"[[152,0,10,0,94]]","[[158,0,15,0,83]]","[[5425,5425,5430,5430,5419]]","[[122.06398619184574,0.002687022166644709,15.419883753150616,0.001604022285067258,67.31183901055182]]",152,158,0.5960155575773718,0,5425,0,0,1.3120225423069869e-05,0,5425,10,15,0.07529240113843073,0,5430,0,0,7.832140063804971e-06,0,5430,94,83,0.32867108891871005,0,5419
potential_scan,eta_0.5,0.5,20263956,256,1.0,1.0,0.2,0.8,horizon,True,34008,5410,10847,26.416015625,52.9638671875,2.1723512436247497e-15,0,4.6629367034256575e-15,"[[147,0,24,0,85]]","[[167,0,11,0,78]]","[[5430,5430,5417,5417,5410]]","[[121.54919084913537,0.0026156898996795297,15.402035646917993,0.0016304563205176703,67.84452735772743]]",147,167,0.5935019084430437,0,5430,0,0,1.2771923338278954e-05,0,5430,24,11,0.07520525218221676,0,5417,0,0,7.961212502527687e-06,0,5417,85,78,0.33127210623890346,0,5410
potential_scan,eta_0.5,0.5,20263957,256,1.0,1.0,0.2,0.8,horizon,True,33917,5399,10802,26.3623046875,52.744140625,2.1633390000585e-15,0,3.3306690738754696e-15,"[[149,0,18,0,89]]","[[145,0,30,0,81]]","[[5395,5395,5407,5407,5399]]","[[120.8430479322988,0.0026707440778376834,15.430196910653224,0.0016444326522430663,68.52243998031722]]",149,145,0.5900539449819278,0,5395,0,0,1.3040742567566814e-05,0,5395,18,30,0.07534275835279894,0,5407,0,0,8.029456309780597e-06,0,5407,89,81,0.33458222646639263,0,5399
potential_scan,eta_0.5,0.5,20263958,256,1.0,1.0,0.2,0.8,horizon,True,34002,5462,10921,26.669921875,53.3251953125,2.18717137748925e-15,0,3.9968028886505635e-15,"[[146,0,14,0,96]]","[[142,0,19,0,95]]","[[5458,5458,5463,5463,5462]]","[[120.36153031747098,0.0026800168334645824,15.693712688504714,0.0016433056160022885,68.74043367157567]]",146,142,0.5877027847532762,0,5458,0,0,1.3086019694651281e-05,0,5458,14,19,0.07662945648683941,0,5463,0,0,8.023953203136174e-06,0,5463,96,95,0.3356466487869906,0,5462
potential_scan,eta_0.5,0.5,20263959,256,1.0,1.0,0.2,0.8,horizon,True,33994,5462,10934,26.669921875,53.388671875,2.1897749145194997e-15,0,5.551115123125783e-15,"[[152,0,21,0,83]]","[[158,0,19,0,79]]","[[5468,5468,5466,5466,5462]]","[[122.23274242339481,0.002669555508653998,15.771229634856287,0.0016224613273803923,66.79173592491402]]",152,158,0.5968395626142324,0,5468,0,0,1.30349390070996e-05,0,5468,21,19,0.07700795720144671,0,5466,0,0,7.922174450099572e-06,0,5466,83,79,0.32613152307086923,0,5462
potential_scan,eta_0.6,0.6,20264928,256,1.0,1.0,0.2,0.8,horizon,True,33749,5394,10798,26.337890625,52.724609375,2.1625379117414998e-15,0,3.885780586188048e-15,"[[151,0,13,0,92]]","[[155,0,15,0,86]]","[[5398,5398,5400,5400,5394]]","[[120.66527407102785,0.0003895786879046792,15.356348428005694,0.00022477572825482794,68.77776314654949]]",151,155,0.5891859085499407,0,5398,0,0,1.9022396870345664e-06,0,5398,13,15,0.07498217005862155,0,5400,0,0,1.097537735619277e-06,0,5400,92,86,0.3358289216140112,0,5394
potential_scan,eta_0.6,0.6,20264929,256,1.0,1.0,0.2,0.8,horizon,True,33851,5425,10869,26.4892578125,53.0712890625,2.17675722936825e-15,0,2.6645352591003757e-15,"[[145,0,24,0,87]]","[[158,0,17,0,81]]","[[5438,5438,5431,5431,5425]]","[[120.28088363169165,0.0003832487101219362,15.851505197573815,0.00023235015684452964,68.66699557186811]]",145,158,0.5873090021078694,0,5438,0,0,1.8713315923922665e-06,0,5438,24,17,0.07739992772252839,0,5431,0,0,1.13452225021743e-06,0,5431,87,81,0.33528806431576225,0,5425
potential_scan,eta_0.6,0.6,20264930,256,1.0,1.0,0.2,0.8,horizon,True,34381,5519,11059,26.9482421875,53.9990234375,2.21480892442575e-15,0,6.8833827526759706e-15,"[[152,0,20,0,84]]","[[162,0,21,0,73]]","[[5529,5529,5530,5530,5519]]","[[121.53410353202435,0.0003899093395426101,15.925008174664397,0.00023632812937571246,67.34026205584374]]",152,162,0.5934282399024626,0,5529,0,0,1.9038541969854008e-06,0,5529,20,21,0.0777588289778535,0,5530,0,0,1.153945944217346e-06,0,5530,84,73,0.3288098733195495,0,5519
potential_scan,eta_0.6,0.6,20264931,256,1.0,1.0,0.2,0.8,horizon,True,33919,5416,10856,26.4453125,53.0078125,2.1741536923379997e-15,0,1.9984014443252818e-15,"[[141,0,18,0,97]]","[[151,0,22,0,83]]","[[5426,5426,5430,5430,5416]]","[[120.89377139878049,0.00038259571548124316,15.734802355018573,0.00023290085540272898,68.17081074963046]]",141,151,0.5903016181581078,0,5426,0,0,1.8681431419982576e-06,0,5426,18,22,0.07683008962411413,0,5430,0,0,1.1372112080211376e-06,0,5430,97,83,0.33286528686343,0,5416
potential_scan,eta_0.6,0.6,20264932,256,1.0,1.0,0.2,0.8,horizon,True,34154,5426,10871,26.494140625,53.0810546875,2.17715777352675e-15,0,3.3306690738754696e-15,"[[148,0,14,0,94]]","[[152,0,25,0,79]]","[[5430,5430,5441,5441,5426]]","[[119.9525537426699,0.00038345464488709347,15.335072136818944,0.00022286573045207647,69.51176780013651]]",148,152,0.5857058288216304,0,5430,0,0,1.872337133237761e-06,0,5430,14,25,0.07487828191806124,0,5441,0,0,1.0882115744730296e-06,0,5441,94,79,0.33941292871160406,0,5426
potential_scan,eta_0.6,0.6,20264933,256,1.0,1.0,0.2,0.8,horizon,True,34751,5589,11184,27.2900390625,54.609375,2.2398429343319997e-15,0,2.6645352591003757e-15,"[[162,0,15,0,79]]","[[164,0,17,0,75]]","[[5591,5591,5593,5593,5589]]","[[118.87898854674917,0.00038825937922187803,15.760302122843076,0.00024045125554245095,70.16008061977357]]",162,164,0.5804638112634236,0,5591,0,0,1.8957977501068263e-06,0,5591,15,17,0.0769546002091947,0,5593,0,0,1.1740783962033738e-06,0,5593,79,75,0.3425785186512381,0,5589
potential_scan,eta_0.6,0.6,20264934,256,1.0,1.0,0.2,0.8,horizon,True,34032,5456,10894,26.640625,53.193359375,2.1817640313495e-15,0,2.220446049250313e-16,"[[158,0,20,0,78]]","[[147,0,24,0,85]]","[[5445,5445,5449,5449,5456]]","[[121.39597745779479,0.00038195737088994597,15.37640409418727,0.00023069133981787338,68.0270057993072]]",158,147,0.5927537961806386,0,5445,0,0,1.8650262250485643e-06,0,5445,20,24,0.07508009811614878,0,5449,0,0,1.1264225577044598e-06,0,5449,78,85,0.3321631142544297,0,5456
potential_scan,eta_0.6,0.6,20264935,256,1.0,1.0,0.2,0.8,horizon,True,33880,5417,10848,26.4501953125,52.96875,2.172551515704e-15,0,6.661338147750939e-16,"[[142,0,28,0,86]]","[[155,0,16,0,85]]","[[5430,5430,5418,5418,5417]]","[[121.58134443991649,0.0003793836116422755,15.666245946786866,0.0002311680473696398,67.5517990616378]]",142,155,0.5936589083980297,0,5430,0,0,1.8524590412220484e-06,0,5430,28,16,0.07649534153704524,0,5418,0,0,1.1287502312970694e-06,0,5418,86,85,0.3298427688556533,0,5417
potential_scan,eta_0.6,0.6,20264936,256,1.0,1.0,0.2,0.8,horizon,True,33749,5379,10790,26.2646484375,52.685546875,2.1609357351074996e-15,0,4.440892098500626e-16,"[[149,0,27,0,80]]","[[168,0,21,0,67]]","[[5398,5398,5392,5392,5379]]","[[121.57875647216144,0.00037600956221539583,15.476794101238987,0.0002281890707909462,67.74384522796666]]",149,168,0.5936462718367258,0,5398,0,0,1.8359841905048625e-06,0,5398,27,21,0.07557028369745598,0,5392,0,0,1.114204447221417e-06,0,5392,80,67,0.3307804942771809,0,5379
potential_scan,eta_0.6,0.6,20264937,256,1.0,1.0,0.2,0.8,horizon,True,34428,5522,11059,26.962890625,53.9990234375,2.21480892442575e-15,0,1.5543122344752192e-15,"[[140,0,23,0,93]]","[[148,0,22,0,86]]","[[5530,5530,5529,5529,5522]]","[[120.01308268259062,0.00039906048980595243,15.917554543046105,0.00022868779103835113,68.86873502608276]]",140,148,0.586001380286087,0,5530,0,0,1.948537547880627e-06,0,5530,23,22,0.0777224342922173,0,5529,0,0,1.1166396046794489e-06,0,5529,93,86,0.3362731202445447,0,5522
potential_scan,eta_0.6,0.6,20264938,256,1.0,1.0,0.2,0.8,horizon,True,33916,5380,10788,26.26953125,52.67578125,2.1605351909489995e-15,0,2.220446049250313e-15,"[[141,0,17,0,98]]","[[157,0,13,0,86]]","[[5396,5396,5392,5392,5380]]","[[121.65901114412641,0.00038517195334375476,15.380434699772882,0.0002281490317249668,67.7599408351152]]",141,157,0.5940381403521797,0,5396,0,0,1.8807224284363025e-06,0,5396,17,13,0.07509977880748478,0,5392,0,0,1.1140089439695645e-06,0,5392,98,86,0.3308590861089609,0,5380
potential_scan,eta_0.6,0.6,20264939,256,1.0,1.0,0.2,0.8,horizon,True,34295,5489,10973,26.8017578125,53.5791015625,2.1975855256102497e-15,0,1.9984014443252818e-15,"[[145,0,27,0,84]]","[[144,0,24,0,88]]","[[5488,5488,5485,5485,5489]]","[[119.07717715224796,0.00038953782564668527,15.540355707675472,0.0002327157212730635,70.18184488652926]]",145,144,0.5814315290637107,0,5488,0,0,1.9020401642904554e-06,0,5488,27,24,0.07588064310388414,0,5485,0,0,1.1363072327786304e-06,0,5485,84,88,0.34268478948500614,0,5489
potential_scan,eta_0.6,0.6,20264940,256,1.0,1.0,0.2,0.8,horizon,True,33886,5412,10771,26.42578125,52.5927734375,2.1571305656017497e-15,0,2.220446049250313e-15,"[[163,0,18,0,75]]","[[137,0,17,0,102]]","[[5386,5386,5385,5385,5412]]","[[120.33915787899124,0.0003852533444744788,15.326006320663938,0.00022442401607197793,69.13422612298385]]",163,137,0.5875935443310119,0,5386,0,0,1.881119846066791e-06,0,5386,18,17,0.07483401523761687,0,5385,0,0,1.0958203909764547e-06,0,5385,75,102,0.33756946349113204,0,5412
potential_scan,eta_0.6,0.6,20264941,256,1.0,1.0,0.2,0.8,horizon,True,34142,5483,11004,26.7724609375,53.73046875,2.203793960067e-15,0,1.1102230246251565e-16,"[[146,0,19,0,91]]","[[167,0,15,0,74]]","[[5504,5504,5500,5500,5483]]","[[123.04583412125594,0.0003977270618764628,15.642780801936674,0.00023263476367221814,66.11075471498182]]",146,167,0.600809736920195,0,5504,0,0,1.942026669318666e-06,0,5504,19,15,0.07638076563445641,0,5500,0,0,1.1359119319932526e-06,0,5500,91,74,0.32280641950674716,0,5483
potential_scan,eta_0.6,0.6,20264942,256,1.0,1.0,0.2,0.8,horizon,True,34195,5477,10939,26.7431640625,53.4130859375,2.1907762749157496e-15,0,1.7763568394002505e-15,"[[155,0,22,0,79]]","[[149,0,19,0,88]]","[[5471,5471,5468,5468,5477]]","[[119.39650400770388,0.0003898031892524134,15.5141079369213,0.00022931409511695033,69.8887689380901]]",155,149,0.5829907422251166,0,5471,0,0,1.9033358850215499e-06,0,5471,22,19,0.07575248016074854,0,5468,0,0,1.119697730063234e-06,0,5468,79,88,0.34125375458051804,0,5477
potential_scan,eta_0.6,0.6,20264943,256,1.0,1.0,0.2,0.8,horizon,True,33704,5394,10811,26.337890625,52.7880859375,2.1651414487717495e-15,0,6.661338147750939e-16,"[[137,0,26,0,93]]","[[151,0,21,0,84]]","[[5408,5408,5403,5403,5394]]","[[121.02711284575632,0.00038730398561853674,15.761595311393705,0.00022600754571175385,68.0106785313185]]",137,151,0.5909526994421695,0,5408,0,0,1.8911327422780114e-06,0,5408,26,21,0.07696091460641458,0,5403,0,0,1.1035524692956731e-06,0,5403,93,84,0.3320833912662036,0,5394
potential_scan,eta_0.6,0.6,20264944,256,1.0,1.0,0.2,0.8,horizon,True,33811,5396,10796,26.34765625,52.71484375,2.1621373675829997e-15,0,2.1094237467877974e-15,"[[151,0,22,0,83]]","[[157,0,14,0,85]]","[[5402,5402,5394,5394,5396]]","[[122.66154966734892,0.0003827746391866227,15.392848475518138,0.00023462785563732602,66.7449844546377]]",151,157,0.5989333479851021,0,5402,0,0,1.869016792903431e-06,0,5402,22,14,0.0751603929468659,0,5394,0,0,1.145643826354131e-06,0,5394,83,85,0.32590324440741064,0,5396
potential_scan,eta_0.6,0.6,20264945,256,1.0,1.0,0.2,0.8,horizon,True,34236,5470,10917,26.708984375,53.3056640625,2.18637028917225e-15,0,4.440892098500626e-15,"[[169,0,21,0,66]]","[[156,0,24,0,76]]","[[5457,5457,5460,5460,5470]]","[[121.42860777503728,0.0003882978520153568,15.500456149705284,0.0002285673535772914,67.87031921005095]]",169,156,0.5929131239015492,0,5457,0,0,1.8959856055437345e-06,0,5457,21,24,0.07568582104348283,0,5460,0,0,1.1160515311391182e-06,0,5460,66,76,0.3313980430178269,0,5470
potential_scan,eta_0.6,0.6,20264946,256,1.0,1.0,0.2,0.8,horizon,True,34249,5458,10964,26.650390625,53.53515625,2.1957830768969996e-15,0,1.5543122344752192e-15,"[[145,0,15,0,96]]","[[165,0,23,0,68]]","[[5478,5478,5486,5486,5458]]","[[121.71272251666149,0.0003893570966425064,15.71103828788343,0.00023581188225085814,67.37561402647589]]",145,165,0.5943004029133861,0,5478,0,0,1.9011576984497383e-06,0,5478,15,23,0.0767140541400558,0,5486,0,0,1.1514252063030183e-06,0,5486,96,68,0.3289824903636518,0,5458
potential_scan,eta_0.6,0.6,20264947,256,1.0,1.0,0.2,0.8,horizon,True,33936,5416,10819,26.4453125,52.8271484375,2.1667436254057497e-15,0,1.1102230246251565e-15,"[[144,0,26,0,86]]","[[142,0,17,0,97]]","[[5414,5414,5405,5405,5416]]","[[122.76050028057529,0.0003761199415400762,15.29669028044605,0.00022719315793753858,66.74220612587945]]",144,142,0.5994165052762465,0,5414,0,0,1.8365231520511534e-06,0,5414,26,17,0.07469087050999047,0,5405,0,0,1.1093415914918876e-06,0,5405,86,97,0.3258896783490207,0,5416
potential_scan,eta_0.6,0.6,20264948,256,1.0,1.0,0.2,0.8,horizon,True,34065,5435,10877,26.5380859375,53.1103515625,2.1783594060022496e-15,0,2.220446049250313e-16,"[[155,0,17,0,84]]","[[159,0,16,0,81]]","[[5439,5439,5438,5438,5435]]","[[122.14152362303354,0.0003780528124939786,15.093088842154177,0.00022923152329823449,67.56478025047657]]",155,159,0.5963941583155934,0,5439,0,0,1.8459609985057549e-06,0,5439,17,16,0.07369672286208094,0,5438,0,0,1.1192945473546606e-06,0,5438,84,81,0.3299061535667801,0,5435
potential_scan,eta_0.6,0.6,20264949,256,1.0,1.0,0.2,0.8,horizon,True,34545,5502,11014,26.865234375,53.779296875,2.2057966808594997e-15,0,1.1102230246251565e-15,"[[150,0,22,0,84]]","[[156,0,20,0,80]]","[[5508,5508,5506,5506,5502]]","[[119.83107727854582,0.00038827757436135646,15.787309375900199,0.0002396628441567461,69.18098540513526]]",150,156,0.5851126820241495,0,5508,0,0,1.8958865935613108e-06,0,5508,22,20,0.07708647156201269,0,5506,0,0,1.1702287312341118e-06,0,5506,84,80,0.337797780298512,0,5502
potential_scan,eta_0.6,0.6,20264950,256,1.0,1.0,0.2,0.8,horizon,True,33659,5374,10724,26.240234375,52.36328125,2.1477177778769995e-15,0,3.4416913763379853e-15,"[[156,0,18,0,82]]","[[143,0,20,0,93]]","[[5361,5361,5363,5363,5374]]","[[120.24496718473402,0.0003756374893044978,15.165741076692006,0.00022544744859576138,69.38869065363538]]",156,143,0.587133628831709,0,5361,0,0,1.8341674282446182e-06,0,5361,18,20,0.07405147010103519,0,5363,0,0,1.1008176200964911e-06,0,5363,82,93,0.338811966082204,0,5374
potential_scan,eta_0.6,0.6,20264951,256,1.0,1.0,0.2,0.8,horizon,True,33736,5386,10787,26.298828125,52.6708984375,2.1603349188697497e-15,0,1.6653345369377348e-15,"[[144,0,21,0,91]]","[[152,0,20,0,84]]","[[5394,5394,5393,5393,5386]]","[[122.4798983651358,0.0003767074577378515,15.445469458652912,0.00022912812215511447,66.87402634063106]]",144,152,0.5980463787360146,0,5394,0,0,1.8393918834856032e-06,0,5394,21,20,0.07541733134107867,0,5393,0,0,1.1187896589605199e-06,0,5393,91,84,0.32653333174136256,0,5386
potential_scan,eta_0.6,0.6,20264952,256,1.0,1.0,0.2,0.8,horizon,True,34054,5449,10873,26.6064453125,53.0908203125,2.1775583176852495e-15,0,3.3306690738754696e-15,"[[148,0,14,0,94]]","[[135,0,15,0,106]]","[[5436,5436,5437,5437,5449]]","[[120.05678176893791,0.000379716284484799,15.421799981267625,0.0002301813523477303,69.32080835215831]]",148,135,0.5862147547311422,0,5436,0,0,1.8540834203359326e-06,0,5436,14,15,0.07530175772103333,0,5437,0,0,1.1239323845104018e-06,0,5437,94,106,0.33848050953202297,0,5449
potential_scan,eta_0.6,0.6,20264953,256,1.0,1.0,0.2,0.8,horizon,True,34876,5551,11070,27.1044921875,54.052734375,2.2170119172975e-15,0,1.3322676295501878e-15,"[[164,0,21,0,71]]","[[150,0,17,0,89]]","[[5537,5537,5533,5533,5551]]","[[120.59029118854382,0.0003916217159515012,15.730316481727005,0.00023473217801986412,68.4787659758355]]",164,150,0.5888197811940615,0,5537,0,0,1.9122154099194394e-06,0,5537,21,17,0.07680818594593264,0,5533,0,0,1.1461532129876178e-06,0,5533,71,89,0.33436897449138425,0,5551
potential_scan,eta_0.6,0.6,20264954,256,1.0,1.0,0.2,0.8,horizon,True,34298,5463,10946,26.6748046875,53.447265625,2.1921781794704996e-15,0,2.220446049250313e-15,"[[145,0,23,0,88]]","[[156,0,21,0,79]]","[[5474,5474,5472,5472,5463]]","[[122.34895911788671,0.0003834267728957397,15.555530914305203,0.00022971257267381806,66.89489682846298]]",145,156,0.5974070269428061,0,5474,0,0,1.8722010395299789e-06,0,5474,23,21,0.07595474079250587,0,5472,0,0,1.1216434212588772e-06,0,5472,88,79,0.32663523842022935,0,5463
potential_scan,eta_0.6,0.6,20264955,256,1.0,1.0,0.2,0.8,horizon,True,33936,5456,10895,26.640625,53.1982421875,2.1819643034287497e-15,0,0.0,"[[162,0,15,0,79]]","[[155,0,12,0,89]]","[[5449,5449,5446,5446,5456]]","[[120.37916381396711,0.0003823264374986368,15.607019408853594,0.00022966392106285594,68.81320478682076]]",162,155,0.5877888858103862,0,5449,0,0,1.8668283080988126e-06,0,5449,15,12,0.07620614945729294,0,5446,0,0,1.1214058645647262e-06,0,5446,79,89,0.3360019764981482,0,5456
potential_scan,eta_0.6,0.6,20264956,256,1.0,1.0,0.2,0.8,horizon,True,34330,5488,10977,26.796875,53.5986328125,2.1983866139272498e-15,0,3.219646771412954e-15,"[[149,0,24,0,83]]","[[149,0,25,0,82]]","[[5488,5488,5489,5489,5488]]","[[119.53098737412982,0.00038866809097534705,15.985329167302538,0.00023604943600977202,69.28305874104001]]",149,149,0.5836473992877432,0,5488,0,0,1.8977934129655618e-06,0,5488,24,25,0.07805336507471942,0,5489,0,0,1.152585136766465e-06,0,5489,83,82,0.3382961852589844,0,5488
potential_scan,eta_0.6,0.6,20264957,256,1.0,1.0,0.2,0.8,horizon,True,34062,5397,10773,26.3525390625,52.6025390625,2.1575311097602498e-15,0,1.3322676295501878e-15,"[[161,0,14,0,81]]","[[149,0,17,0,90]]","[[5385,5385,5388,5388,5397]]","[[122.05136557289167,0.0003686689448840763,15.162669769497757,0.0002291021097772239,67.58536688655566]]",161,149,0.595953933461385,0,5385,0,0,1.8001413324417789e-06,0,5385,14,17,0.07403647348387576,0,5388,0,0,1.118662645396601e-06,0,5388,81,90,0.33000667425076,0,5397
potential_scan,eta_0.6,0.6,20264958,256,1.0,1.0,0.2,0.8,horizon,True,33758,5349,10689,26.1181640625,52.1923828125,2.1407082551032496e-15,0,1.1102230246251565e-15,"[[154,0,25,0,77]]","[[151,0,22,0,83]]","[[5346,5346,5343,5343,5349]]","[[122.74787801002044,0.00037990064421636327,15.140612662131419,0.00022951711840912825,66.91089991008577]]",154,151,0.5993548730958029,0,5346,0,0,1.8549836143377113e-06,0,5346,25,22,0.07392877276431356,0,5343,0,0,1.1206890547320715e-06,0,5343,77,83,0.32671337846721565,0,5349
potential_scan,eta_0.6,0.6,20264959,256,1.0,1.0,0.2,0.8,horizon,True,34267,5511,11013,26.9091796875,53.7744140625,2.20559640878025e-15,0,4.440892098500626e-16,"[[165,0,16,0,75]]","[[159,0,19,0,78]]","[[5505,5505,5508,5508,5511]]","[[120.23219014551925,0.0003895909071681969,15.836141598593162,0.00022932282881701904,68.73104934215168]]",165,159,0.5870712409449182,0,5505,0,0,1.9022993514072114e-06,0,5505,16,19,0.07732491014938067,0,5508,0,0,1.1197403750831008e-06,0,5508,75,78,0.335600826865975,0,5511
potential_scan,eta_0.7,0.7,20265928,256,1.0,1.0,0.2,0.8,horizon,True,33793,5420,10827,26.46484375,52.8662109375,2.1683458020397495e-15,0,3.552713678800501e-15,"[[156,0,21,0,79]]","[[149,0,22,0,85]]","[[5413,5413,5414,5414,5420]]","[[119.73401466344309,5.446399393504997e-05,15.711943175640188,3.275821313644678e-05,69.35395493871039]]",156,149,0.5846387434738431,0,5413,0,0,2.659374703859862e-07,0,5413,21,22,0.0767184725373056,0,5414,0,0,1.5995221258030654e-07,0,5414,79,85,0.3386423580991718,0,5420
potential_scan,eta_0.7,0.7,20265929,256,1.0,1.0,0.2,0.8,horizon,True,33922,5396,10791,26.34765625,52.6904296875,2.16113600718675e-15,0,2.4424906541753444e-15,"[[152,0,22,0,82]]","[[151,0,23,0,82]]","[[5395,5395,5396,5396,5396]]","[[121.02809521042002,5.326192577248534e-05,15.596960045366611,3.302193168464029e-05,68.17485846035541]]",152,151,0.590957496144629,0,5395,0,0,2.600679969359636e-07,0,5395,22,23,0.07615703147151665,0,5396,0,0,1.6123990080390768e-07,0,5396,82,82,0.3328850510759541,0,5396
potential_scan,eta_0.7,0.7,20265930,256,1.0,1.0,0.2,0.8,horizon,True,34369,5510,11015,26.904296875,53.7841796875,2.2059969529387496e-15,0,3.552713678800501e-15,"[[157,0,16,0,83]]","[[152,0,21,0,83]]","[[5505,5505,5510,5510,5510]]","[[119.3849638909049,5.503468345538498e-05,15.6445966566381,3.34516648226868e-05,69.77035096610948]]",157,152,0.5829343939985591,0,5505,0,0,2.68724040309497e-07,0,5505,16,21,0.07638963211249072,0,5510,0,0,1.633382071420254e-07,0,5510,83,83,0.3406755418267064,0,5510
potential_scan,eta_0.7,0.7,20265931,256,1.0,1.0,0.2,0.8,horizon,True,33841,5451,10898,26.6162109375,53.212890625,2.1825651196665e-15,0,2.886579864025407e-15,"[[157,0,15,0,84]]","[[152,0,21,0,83]]","[[5446,5446,5452,5452,5451]]","[[121.14209740718556,5.54977076974994e-05,15.572271132272958,3.317742802058654e-05,68.0855427854052]]",157,152,0.5915141474960232,0,5446,0,0,2.709849008666963e-07,0,5446,15,21,0.07603648013805155,0,5452,0,0,1.6199916025677022e-07,0,5452,84,83,0.33244893938186126,0,5451
potential_scan,eta_0.7,0.7,20265932,256,1.0,1.0,0.2,0.8,horizon,True,33942,5447,10879,26.5966796875,53.1201171875,2.1787599501607497e-15,0,3.1086244689504383e-15,"[[156,0,19,0,81]]","[[148,0,20,0,88]]","[[5439,5439,5440,5440,5447]]","[[120.71810708938418,5.4731000019458964e-05,15.060441923948598,3.352344993565182e-05,69.02136273221791]]",156,148,0.5894438822723836,0,5439,0,0,2.6724121103251447e-07,0,5439,19,20,0.07353731408178026,0,5440,0,0,1.6368872038892489e-07,0,5440,81,88,0.33701837271590773,0,5447
potential_scan,eta_0.7,0.7,20265933,256,1.0,1.0,0.2,0.8,horizon,True,33670,5401,10785,26.3720703125,52.6611328125,2.1599343747112497e-15,0,5.218048215738236e-15,"[[167,0,18,0,71]]","[[157,0,21,0,78]]","[[5391,5391,5394,5394,5401]]","[[122.33556329373381,5.3982894750947974e-05,14.814151579864498,3.256861838096814e-05,67.65019857488751]]",167,157,0.5973416176451846,0,5391,0,0,2.6358835327611315e-07,0,5391,18,21,0.07233472451105712,0,5394,0,0,1.59026456938321e-07,0,5394,71,78,0.3303232352289429,0,5401
potential_scan,eta_0.7,0.7,20265934,256,1.0,1.0,0.2,0.8,horizon,True,34154,5457,10916,26.6455078125,53.30078125,2.1861700170929996e-15,0,2.9976021664879227e-15,"[[146,0,28,0,82]]","[[150,0,22,0,84]]","[[5461,5461,5455,5455,5457]]","[[121.20738556902852,5.47098506361865e-05,16.031028865724757,3.369053263951871e-05,67.56149716486283]]",146,150,0.5918329373487721,0,5461,0,0,2.671379425595044e-07,0,5461,28,22,0.07827650813342166,0,5455,0,0,1.6450455390389996e-07,0,5455,82,84,0.3298901228753068,0,5457
potential_scan,eta_0.7,0.7,20265935,256,1.0,1.0,0.2,0.8,horizon,True,34072,5483,10971,26.7724609375,53.5693359375,2.1971849814517496e-15,0,3.3306690738754696e-16,"[[151,0,19,0,86]]","[[153,0,20,0,83]]","[[5485,5485,5486,5486,5483]]","[[122.32238542195846,5.6014214950689256e-05,15.497366433381917,3.314715252109024e-05,66.98015898329209]]",151,153,0.5972772725681565,0,5485,0,0,2.735069089389124e-07,0,5485,19,20,0.07567073453799764,0,5486,0,0,1.6185133066938594e-07,0,5486,86,83,0.3270515575356059,0,5483
potential_scan,eta_0.7,0.7,20265936,256,1.0,1.0,0.2,0.8,horizon,True,33555,5359,10697,26.1669921875,52.2314453125,2.14231043173725e-15,0,2.4424906541753444e-15,"[[155,0,17,0,84]]","[[144,0,18,0,94]]","[[5348,5348,5349,5349,5359]]","[[121.68024386769294,5.3809682108024726e-05,15.029285734828598,3.218811427682655e-05,68.0903843996826]]",155,144,0.5941418157602194,0,5348,0,0,2.627425884180895e-07,0,5348,17,18,0.07338518425209276,0,5349,0,0,1.5716852674231715e-07,0,5349,84,94,0.3324725800765752,0,5359
potential_scan,eta_0.7,0.7,20265937,256,1.0,1.0,0.2,0.8,horizon,True,33799,5397,10761,26.3525390625,52.5439453125,2.15512784480925e-15,0,2.3314683517128287e-15,"[[156,0,23,0,77]]","[[141,0,20,0,95]]","[[5382,5382,5379,5379,5397]]","[[120.69991611021106,5.407052133385437e-05,15.525454369611225,3.221291161914497e-05,68.57454323674429]]",156,141,0.5893550591318899,0,5382,0,0,2.640162174504608e-07,0,5382,23,20,0.07580788266411731,0,5379,0,0,1.572896075153563e-07,0,5379,77,95,0.33483663689816545,0,5397
potential_scan,eta_0.7,0.7,20265938,256,1.0,1.0,0.2,0.8,horizon,True,34055,5454,10899,26.630859375,53.2177734375,2.1827653917457498e-15,0,1.6653345369377348e-15,"[[150,0,22,0,84]]","[[153,0,7,0,96]]","[[5457,5457,5442,5442,5454]]","[[120.71317235119952,5.4848361805637236e-05,15.631410223604812,3.3474758212942435e-05,68.45532910207534]]",150,153,0.5894197868710913,0,5457,0,0,2.6781426662908807e-07,0,5457,22,7,0.07632524523244537,0,5442,0,0,1.6345096783663298e-07,0,5442,84,96,0.33425453663122723,0,5454
potential_scan,eta_0.7,0.7,20265939,256,1.0,1.0,0.2,0.8,horizon,True,34142,5475,10910,26.7333984375,53.271484375,2.1849683846175e-15,0,1.3322676295501878e-15,"[[161,0,14,0,81]]","[[137,0,22,0,97]]","[[5451,5451,5459,5459,5475]]","[[120.87020455458318,5.5888703060863465e-05,15.580820071317035,3.2613941018805326e-05,68.34888687145545]]",161,137,0.5901865456766756,0,5451,0,0,2.728940579143724e-07,0,5451,14,22,0.07607822300447771,0,5459,0,0,1.5924775888088538e-07,0,5459,81,97,0.33373479917702853,0,5475
potential_scan,eta_0.7,0.7,20265940,256,1.0,1.0,0.2,0.8,horizon,True,34332,5517,11061,26.9384765625,54.0087890625,2.21520946858425e-15,0,2.220446049250313e-16,"[[143,0,20,0,93]]","[[156,0,21,0,79]]","[[5530,5530,5531,5531,5517]]","[[119.60861919887934,5.640250090344079e-05,15.618583159277566,3.302543012806414e-05,69.57270821391211]]",143,156,0.584026460932028,0,5530,0,0,2.75402836442582e-07,0,5530,20,21,0.07626261308240999,0,5531,0,0,1.6125698304718817e-07,0,5531,93,79,0.3397104893257427,0,5517
potential_scan,eta_0.7,0.7,20265941,256,1.0,1.0,0.2,0.8,horizon,True,32956,5259,10529,25.6787109375,51.4111328125,2.1086647224232495e-15,0,1.4432899320127035e-15,"[[145,0,19,0,92]]","[[151,0,18,0,87]]","[[5265,5265,5264,5264,5259]]","[[122.41604994375997,5.3107811982672226e-05,14.900346795343987,3.3111298659793675e-05,67.48351704178512]]",145,151,0.5977346188660154,0,5265,0,0,2.5931548819664173e-07,0,5265,19,18,0.07275559958664056,0,5264,0,0,1.616762629872738e-07,0,5264,92,87,0.3295093605555914,0,5259
potential_scan,eta_0.7,0.7,20265942,256,1.0,1.0,0.2,0.8,horizon,True,34284,5476,10971,26.73828125,53.5693359375,2.1971849814517496e-15,0,2.6645352591003757e-15,"[[141,0,18,0,97]]","[[152,0,15,0,89]]","[[5487,5487,5484,5484,5476]]","[[121.15336818620534,5.668776105638429e-05,15.51057230598564,3.2786273842816405e-05,68.13597003377468]]",141,152,0.5915691805967057,0,5487,0,0,2.767957082831264e-07,0,5487,18,15,0.0757352163378205,0,5484,0,0,1.6008922774812698e-07,0,5484,97,89,0.3326951661805404,0,5476
potential_scan,eta_0.7,0.7,20265943,256,1.0,1.0,0.2,0.8,horizon,True,33696,5360,10698,26.171875,52.236328125,2.1425107038164996e-15,0,2.4424906541753444e-15,"[[160,0,19,0,77]]","[[146,0,25,0,85]]","[[5346,5346,5352,5352,5360]]","[[122.18404416003298,5.485336688823561e-05,15.688113785753407,3.2424167875549914e-05,66.92775477667934]]",160,146,0.596601778125161,0,5346,0,0,2.6783870550896294e-07,0,5346,19,25,0.07660211809449906,0,5352,0,0,1.5832113220483356e-07,0,5352,77,85,0.32679567762050454,0,5360
potential_scan,eta_0.7,0.7,20265944,256,1.0,1.0,0.2,0.8,horizon,True,34208,5444,10866,26.58203125,53.056640625,2.1761564131304995e-15,0,5.995204332975845e-15,"[[152,0,19,0,85]]","[[143,0,15,0,98]]","[[5435,5435,5431,5431,5444]]","[[121.13593397051869,5.435974194417659e-05,15.474041206658852,3.254940985655819e-05,68.1899379136719]]",152,143,0.5914840525904232,0,5435,0,0,2.6542842746179974e-07,0,5435,19,15,0.07555684182938892,0,5431,0,0,1.5893266531522552e-07,0,5431,85,98,0.33295868121910105,0,5444
potential_scan,eta_0.7,0.7,20265945,256,1.0,1.0,0.2,0.8,horizon,True,34030,5432,10893,26.5234375,53.1884765625,2.1815637592702496e-15,0,3.774758283725532e-15,"[[150,0,12,0,94]]","[[158,0,25,0,73]]","[[5440,5440,5453,5453,5432]]","[[119.18369669480546,5.5483133619249614e-05,15.846424868782094,3.2884844293396e-05,69.7697900684353]]",150,158,0.5819516440176048,0,5440,0,0,2.7091373837524226e-07,0,5440,12,25,0.07737512142960007,0,5453,0,0,1.6057052877634765e-07,0,5453,94,73,0.3406728030685317,0,5432
potential_scan,eta_0.7,0.7,20265946,256,1.0,1.0,0.2,0.8,horizon,True,34559,5480,10960,26.7578125,53.515625,2.1949819885799995e-15,0,2.220446049250313e-16,"[[153,0,14,0,89]]","[[151,0,18,0,87]]","[[5478,5478,5482,5482,5480]]","[[120.34570185510377,5.538903499061054e-05,15.58756480465482,3.281959358719666e-05,68.8666451316129]]",153,151,0.5876254973393739,0,5478,0,0,2.7045427241509054e-07,0,5478,14,18,0.0761111562727286,0,5482,0,0,1.602519218124837e-07,0,5482,89,87,0.3362629156817036,0,5480
potential_scan,eta_0.7,0.7,20265947,256,1.0,1.0,0.2,0.8,horizon,True,34258,5488,10972,26.796875,53.57421875,2.1973852535309995e-15,0,1.1102230246251565e-15,"[[151,0,21,0,84]]","[[147,0,25,0,84]]","[[5484,5484,5488,5488,5488]]","[[120.76679831436049,5.399867857300289e-05,15.559379785443443,3.295018943172412e-05,68.47373495132786]]",151,147,0.5896816323943382,0,5484,0,0,2.6366542271974067e-07,0,5484,21,25,0.07597353410861056,0,5488,0,0,1.6088959683459043e-07,0,5488,84,84,0.33434440894203055,0,5488
potential_scan,eta_0.7,0.7,20265948,256,1.0,1.0,0.2,0.8,horizon,True,34272,5465,10917,26.6845703125,53.3056640625,2.18637028917225e-15,0,7.771561172376096e-16,"[[160,0,21,0,75]]","[[154,0,20,0,82]]","[[5459,5459,5458,5458,5465]]","[[121.65198312450629,5.551088398045301e-05,15.628601102595647,3.30511603270911e-05,67.51932721085363]]",160,154,0.5940038238501283,0,5459,0,0,2.710492381858057e-07,0,5459,21,20,0.07631152882126781,0,5458,0,0,1.613826187846245e-07,0,5458,75,82,0.3296842148967462,0,5465
potential_scan,eta_0.7,0.7,20265949,256,1.0,1.0,0.2,0.8,horizon,True,34169,5463,10934,26.6748046875,53.388671875,2.1897749145194997e-15,0,1.1102230246251565e-16,"[[158,0,14,0,84]]","[[160,0,18,0,78]]","[[5465,5465,5469,5469,5463]]","[[121.06898699454527,5.513983538474321e-05,15.361534864010583,3.330095139972289e-05,68.36938970065735]]",158,160,0.591157163059303,0,5465,0,0,2.6923747746456644e-07,0,5465,14,18,0.07500749445317667,0,5469,0,0,1.6260230175645942e-07,0,5469,84,78,0.33383491064774096,0,5463
potential_scan,eta_0.7,0.7,20265950,256,1.0,1.0,0.2,0.8,horizon,True,34125,5469,10930,26.7041015625,53.369140625,2.1889738262024996e-15,0,1.4432899320127035e-15,"[[157,0,18,0,81]]","[[151,0,22,0,83]]","[[5463,5463,5467,5467,5469]]","[[121.00543079603024,5.704325217556483e-05,15.565360350681836,3.349012861347811e-05,68.22911831990686]]",157,151,0.5908468300587414,0,5463,0,0,2.7853150476350014e-07,0,5463,18,22,0.07600273608731364,0,5467,0,0,1.6352601862049858e-07,0,5467,81,83,0.3331499917964202,0,5469
potential_scan,eta_0.7,0.7,20265951,256,1.0,1.0,0.2,0.8,horizon,True,33915,5357,10709,26.1572265625,52.2900390625,2.1447136966882497e-15,0,1.2212453270876722e-15,"[[161,0,15,0,80]]","[[157,0,18,0,81]]","[[5353,5353,5356,5356,5357]]","[[123.03350847601709,5.429096222789309e-05,15.347716188333505,3.236255775870833e-05,66.41868868212919]]",161,157,0.6007495531055521,0,5353,0,0,2.6509258900338424e-07,0,5353,15,18,0.07494002045084719,0,5356,0,0,1.5802030155619303e-07,0,5356,80,81,0.3243100033307089,0,5357
potential_scan,eta_0.7,0.7,20265952,256,1.0,1.0,0.2,0.8,horizon,True,33563,5360,10688,26.171875,52.1875,2.1405079830239998e-15,0,5.218048215738236e-15,"[[165,0,18,0,73]]","[[149,0,18,0,89]]","[[5344,5344,5344,5344,5360]]","[[120.72219406016282,5.3608697761609037e-05,15.460476835295053,3.2779926982390295e-05,68.61724271591633]]",165,149,0.5894638381843887,0,5344,0,0,2.617612195391066e-07,0,5344,18,18,0.07549060954733912,0,5344,0,0,1.600582372187026e-07,0,5344,73,89,0.3350451304488102,0,5360
potential_scan,eta_0.7,0.7,20265953,256,1.0,1.0,0.2,0.8,horizon,True,34039,5404,10786,26.38671875,52.666015625,2.1601346467905e-15,0,1.3322676295501878e-15,"[[149,0,27,0,80]]","[[143,0,17,0,96]]","[[5398,5398,5388,5388,5404]]","[[122.0076579898256,5.346420205951108e-05,15.511122336380561,3.3221833423191516e-05,67.2811329877581]]",149,143,0.5957405175284453,0,5398,0,0,2.6105567411870644e-07,0,5398,27,17,0.0757379020331082,0,5388,0,0,1.6221598351167732e-07,0,5388,80,96,0.3285211571667876,0,5404
potential_scan,eta_0.7,0.7,20265954,256,1.0,1.0,0.2,0.8,horizon,True,34160,5476,10961,26.73828125,53.5205078125,2.1951822606592498e-15,0,1.9984014443252818e-15,"[[150,0,17,0,89]]","[[152,0,22,0,82]]","[[5478,5478,5483,5483,5476]]","[[122.03273569417212,5.548507173069872e-05,15.77841615671825,3.286781579545095e-05,66.98875979622171]]",150,152,0.5958629672566997,0,5478,0,0,2.7092320181005235e-07,0,5478,17,22,0.07704304764022583,0,5483,0,0,1.6048738181372534e-07,0,5483,89,82,0.3270935536924888,0,5476
potential_scan,eta_0.7,0.7,20265955,256,1.0,1.0,0.2,0.8,horizon,True,34478,5517,11041,26.9384765625,53.9111328125,2.21120402699925e-15,0,3.3306690738754696e-16,"[[150,0,18,0,88]]","[[153,0,19,0,84]]","[[5520,5520,5521,5521,5517]]","[[121.70545276441567,5.696322850592961e-05,15.872610323012168,3.2814362479927084e-05,67.2218471349811]]",150,153,0.5942649060762484,0,5520,0,0,2.781407641891094e-07,0,5520,18,19,0.07750298009283285,0,5521,0,0,1.6022637929651896e-07,0,5521,88,84,0.3282316754637749,0,5517
potential_scan,eta_0.7,0.7,20265956,256,1.0,1.0,0.2,0.8,horizon,True,34267,5483,10964,26.7724609375,53.53515625,2.1957830768969996e-15,0,3.774758283725532e-15,"[[158,0,15,0,83]]","[[158,0,13,0,85]]","[[5483,5483,5481,5481,5483]]","[[119.87646312164942,5.459874858609881e-05,15.342298097231412,3.358817733101205e-05,69.58115059419403]]",158,158,0.5853342925861788,0,5483,0,0,2.665954520805606e-07,0,5483,15,13,0.07491356492788775,0,5481,0,0,1.6400477212408227e-07,0,5481,83,85,0.339751711885713,0,5483
potential_scan,eta_0.7,0.7,20265957,256,1.0,1.0,0.2,0.8,horizon,True,34123,5457,10919,26.6455078125,53.3154296875,2.1867708333307495e-15,0,4.440892098500626e-16,"[[156,0,16,0,84]]","[[158,0,17,0,81]]","[[5459,5459,5460,5460,5457]]","[[120.96185384160246,5.4653865901310716e-05,15.853659248771347,3.327687763421405e-05,67.98439897888275]]",156,158,0.5906340519609495,0,5459,0,0,2.6686457959624373e-07,0,5459,16,17,0.07741044555064133,0,5460,0,0,1.624847540733108e-07,0,5460,84,81,0.3319550731390759,0,5457
potential_scan,eta_0.7,0.7,20265958,256,1.0,1.0,0.2,0.8,horizon,True,34321,5520,11080,26.953125,54.1015625,2.21901463809e-15,0,1.1102230246251565e-16,"[[153,0,13,0,90]]","[[170,0,19,0,67]]","[[5537,5537,5543,5543,5520]]","[[120.42083462708482,5.551975275039367e-05,15.805396998987945,3.371801601964597e-05,68.57367913615845]]",153,170,0.5879923565775625,0,5537,0,0,2.710925427265316e-07,0,5537,13,19,0.07717479003412082,0,5543,0,0,1.6463875009592758e-07,0,5543,90,67,0.33483241765702365,0,5520
potential_scan,eta_0.7,0.7,20265959,256,1.0,1.0,0.2,0.8,horizon,True,33901,5414,10801,26.435546875,52.7392578125,2.1631387279792497e-15,0,2.6645352591003757e-15,"[[159,0,16,0,81]]","[[141,0,25,0,90]]","[[5396,5396,5405,5405,5414]]","[[122.396404804005,5.4868574080463306e-05,15.612682162333687,3.3578878452955596e-05,66.79082458620934]]",159,141,0.5976386953320556,0,5396,0,0,2.6791295937726224e-07,0,5396,16,25,0.07623379962076995,0,5405,0,0,1.6395936744607225e-07,0,5405,81,90,0.3261270731748503,0,5414
baseline,all_event_trajectory,0.48,7101,256,1.0,1.0,0.2,0.8,horizon,True,33832,5363,10745,26.1865234375,52.4658203125,2.15192349154125e-15,0,1.9984014443252818e-15,"[[149,0,13,0,94]]","[[157,0,16,0,83]]","[[5371,5371,5374,5374,5363]]","[[121.21109477907147,0.0037535432805587132,15.501837661223162,0.002371329381155418,68.08094268704406]]",149,157,0.5918510487259349,0,5371,0,0,1.8327848049603092e-05,0,5371,13,16,0.07569256670519121,0,5374,0,0,1.157875674392294e-05,0,5374,94,83,0.3324264779640823,0,5363
site_scaling,sites_64,0.48,50064,64,1.0,1.0,0.2,0.8,horizon,True,8576,1370,2734,26.7578125,53.3984375,5.475438646694999e-16,0,2.220446049250313e-16,"[[39,0,7,0,18]]","[[35,0,9,0,20]]","[[1366,1366,1368,1368,1370]]","[[30.30613831658128,0.0010125828554233551,4.036465424723394,0.000604669820745446,16.85577900601917]]",39,35,0.5919167639957281,0,1366,0,0,1.9777008894987405e-05,0,1366,7,9,0.07883721532662878,0,1368,0,0,1.1809957436434491e-05,0,1368,18,20,0.32921443371131187,0,1370
site_scaling,sites_64,0.48,50065,64,1.0,1.0,0.2,0.8,horizon,True,8321,1334,2660,26.0546875,51.953125,5.327237308049999e-16,0,8.881784197001252e-16,"[[43,0,4,0,17]]","[[40,0,2,0,22]]","[[1331,1331,1329,1329,1334]]","[[29.79240965465299,0.0009779538366778973,3.5729402324329556,0.0005814964027524849,17.83309066267458]]",43,40,0.5818830010674412,0,1331,0,0,1.910066087261518e-05,0,1331,4,2,0.06978398891470616,0,1329,0,0,1.1357351616259471e-05,0,1329,17,22,0.34830255200536286,0,1334
site_scaling,sites_64,0.48,50066,64,1.0,1.0,0.2,0.8,horizon,True,8554,1355,2713,26.46484375,52.98828125,5.4333815100525e-16,0,1.7763568394002505e-15,"[[35,0,6,0,23]]","[[38,0,3,0,23]]","[[1358,1358,1355,1355,1355]]","[[29.737573827449463,0.0009884191326276492,3.890396266573121,0.0005678429634277671,17.570473643881453]]",35,38,0.5808119888173723,0,1358,0,0,1.9305061184133774e-05,0,1358,6,3,0.07598430208150626,0,1355,0,0,1.1090682879448576e-05,0,1355,23,23,0.3431733133570596,0,1355
site_scaling,sites_64,0.48,50067,64,1.0,1.0,0.2,0.8,horizon,True,8532,1358,2711,26.5234375,52.94921875,5.429376068467499e-16,0,1.7763568394002505e-15,"[[35,0,2,0,27]]","[[32,0,3,0,29]]","[[1355,1355,1356,1356,1358]]","[[30.413347114922736,0.0010321960648476403,3.8847889609146815,0.0005898862345790068,16.900241841863252]]",35,32,0.5940106858383346,0,1355,0,0,2.0160079391555474e-05,0,1355,2,3,0.07587478439286487,0,1356,0,0,1.1521215519121226e-05,0,1356,27,29,0.33008284847389163,0,1358
site_scaling,sites_64,0.48,50068,64,1.0,1.0,0.2,0.8,horizon,True,8734,1409,2812,27.51953125,54.921875,5.631650868509998e-16,0,2.9976021664879227e-15,"[[39,0,3,0,22]]","[[33,0,9,0,22]]","[[1403,1403,1409,1409,1409]]","[[30.151447874921935,0.0010237605268327288,3.986410760297586,0.0006070773653075734,17.060510526888187]]",39,33,0.588895466307069,0,1403,0,0,1.9995322789701734e-05,0,1403,3,9,0.07785958516206222,0,1409,0,0,1.1856979791163543e-05,0,1409,22,22,0.3332130962282849,0,1409
site_scaling,sites_64,0.48,50069,64,1.0,1.0,0.2,0.8,horizon,True,8531,1371,2731,26.77734375,53.33984375,5.4694304843175e-16,0,1.1102230246251565e-15,"[[40,0,5,0,19]]","[[35,0,4,0,25]]","[[1366,1366,1365,1365,1371]]","[[30.269112196744956,0.0010458587419096277,3.9040551006652935,0.0006227903738715013,17.025164053474032]]",40,35,0.5911935975926749,0,1366,0,0,2.0426928552922416e-05,0,1366,5,4,0.07625107618486901,0,1365,0,0,1.2163874489677759e-05,0,1365,19,25,0.3325227354194147,0,1371
site_scaling,sites_64,0.48,50070,64,1.0,1.0,0.2,0.8,horizon,True,8468,1363,2726,26.62109375,53.2421875,5.459416880354999e-16,0,6.661338147750939e-16,"[[38,0,3,0,23]]","[[37,0,5,0,22]]","[[1362,1362,1364,1364,1363]]","[[30.089836083296767,0.0010239279370827803,3.9242514972460727,0.0005974311343685257,17.184291060385753]]",38,37,0.5876921110018899,0,1362,0,0,1.9998592521148053e-05,0,1362,3,5,0.07664553705558735,0,1364,0,0,1.1668576843135267e-05,0,1364,23,22,0.3356306847731592,0,1363
site_scaling,sites_64,0.48,50071,64,1.0,1.0,0.2,0.8,horizon,True,8536,1376,2749,26.875,53.69140625,5.505479458582499e-16,0,1.1102230246251565e-15,"[[37,0,6,0,21]]","[[36,0,5,0,23]]","[[1375,1375,1374,1374,1376]]","[[30.140852042393753,0.0010117604556016124,3.9391833109997503,0.0005971388234172204,17.118355747327545]]",37,36,0.5886885164530029,0,1375,0,0,1.9760946398468993e-05,0,1375,6,5,0.07693717404296387,0,1374,0,0,1.1662867644867585e-05,0,1374,21,23,0.3343428856899911,0,1376
site_scaling,sites_64,0.48,50072,64,1.0,1.0,0.2,0.8,horizon,True,8619,1389,2760,27.12890625,53.90625,5.527509387299999e-16,0,2.7755575615628914e-15,"[[45,0,1,0,18]]","[[35,0,3,0,26]]","[[1379,1379,1381,1381,1389]]","[[30.233096773162824,0.0010124569038252873,3.824954383442301,0.0006058571243987287,17.14033052936651]]",45,35,0.5904901713508364,0,1379,0,0,1.9774548902837643e-05,0,1379,1,3,0.07470614030160744,0,1381,0,0,1.183314696091267e-05,0,1381,18,26,0.3347720806516896,0,1389
site_scaling,sites_64,0.48,50073,64,1.0,1.0,0.2,0.8,horizon,True,8427,1340,2689,26.171875,52.51953125,5.3853162110325e-16,0,1.4432899320127035e-15,"[[37,0,3,0,24]]","[[41,0,4,0,19]]","[[1344,1344,1345,1345,1340]]","[[30.09415667943751,0.0009251976712808807,3.893247314778793,0.0006003797688705348,17.211070428343476]]",37,41,0.5877764976452639,0,1344,0,0,1.80702670172047e-05,0,1344,3,4,0.07603998661677329,0,1345,0,0,1.1726167360752633e-05,0,1345,24,19,0.3361537193035835,0,1340
site_scaling,sites_64,0.48,50074,64,1.0,1.0,0.2,0.8,horizon,True,8477,1335,2670,26.07421875,52.1484375,5.347264515975e-16,0,1.9984014443252818e-15,"[[36,0,5,0,23]]","[[37,0,3,0,24]]","[[1336,1336,1334,1334,1335]]","[[29.92255434926178,0.0009739089260104861,3.896989272586756,0.0005904909374506162,17.37889197828811]]",36,37,0.5844248896340191,0,1336,0,0,1.9021658711142306e-05,0,1336,5,3,0.07611307173021008,0,1334,0,0,1.1533026122082348e-05,0,1334,23,24,0.33943148395093964,0,1335
site_scaling,sites_64,0.48,50075,64,1.0,1.0,0.2,0.8,horizon,True,8549,1374,2753,26.8359375,53.76953125,5.513490341752499e-16,0,2.886579864025407e-15,"[[38,0,5,0,21]]","[[41,0,4,0,19]]","[[1377,1377,1376,1376,1374]]","[[30.066594804658482,0.0010616539525178381,4.099672970174447,0.0005782943216330605,17.03209227689307]]",38,41,0.5872381797784859,0,1377,0,0,2.0735428760114026e-05,0,1377,5,4,0.08007173769871967,0,1376,0,0,1.1294810969395713e-05,0,1376,21,19,0.3326580522830678,0,1374
site_scaling,sites_64,0.48,50076,64,1.0,1.0,0.2,0.8,horizon,True,8571,1379,2762,26.93359375,53.9453125,5.531514828884999e-16,0,1.1102230246251565e-16,"[[34,0,7,0,23]]","[[36,0,7,0,21]]","[[1381,1381,1381,1381,1379]]","[[30.27232518759183,0.0010418473300788655,4.037713576060474,0.0005856735734607044,16.88833371544416]]",34,36,0.5912563513201529,0,1381,0,0,2.0348580665602843e-05,0,1381,7,7,0.07886159328243113,0,1381,0,0,1.1438936981654382e-05,0,1381,23,21,0.3298502678797687,0,1379
site_scaling,sites_64,0.48,50077,64,1.0,1.0,0.2,0.8,horizon,True,8526,1374,2727,26.8359375,53.26171875,5.4614196011475e-16,0,2.3314683517128287e-15,"[[41,0,3,0,20]]","[[29,0,6,0,29]]","[[1362,1362,1365,1365,1374]]","[[30.096657268446013,0.0009910456736340056,3.842605833123122,0.0006224657486094409,17.259123387008508]]",41,29,0.5878253372743362,0,1362,0,0,1.9356360813164173e-05,0,1362,3,6,0.07505089517818597,0,1365,0,0,1.2157534152528143e-05,0,1365,20,29,0.3370922536525099,0,1374
site_scaling,sites_64,0.48,50078,64,1.0,1.0,0.2,0.8,horizon,True,8736,1395,2800,27.24609375,54.6875,5.607618218999999e-16,0,1.1102230246251565e-15,"[[33,0,4,0,27]]","[[38,0,4,0,22]]","[[1400,1400,1400,1400,1395]]","[[29.882381986560507,0.0010104839596881687,4.002811817939344,0.0006451234092232916,17.313150588131297]]",33,38,0.5836402731750099,0,1400,0,0,1.9736014837659546e-05,0,1400,4,4,0.07817991831912781,0,1400,0,0,1.2600066586392414e-05,0,1400,27,22,0.3381474724244394,0,1395
site_scaling,sites_64,0.48,50079,64,1.0,1.0,0.2,0.8,horizon,True,8731,1395,2793,27.24609375,54.55078125,5.593599173452499e-16,0,1.1102230246251565e-16,"[[30,0,5,0,29]]","[[32,0,4,0,28]]","[[1397,1397,1396,1396,1395]]","[[30.15774847924041,0.0009957848800876967,3.8450458022056537,0.0006238397522498051,17.195586093921595]]",30,32,0.5890185249851643,0,1397,0,0,1.9448923439212827e-05,0,1397,5,4,0.07509855082432917,0,1396,0,0,1.2184370161129007e-05,0,1396,29,28,0.33585129089690613,0,1395
site_scaling,sites_256,0.48,50256,256,1.0,1.0,0.2,0.8,horizon,True,33582,5402,10768,26.376953125,52.578125,2.156529749364e-15,0,4.551914400963142e-15,"[[157,1,18,0,80]]","[[139,0,20,0,97]]","[[5384,5383,5385,5385,5402]]","[[120.67930251237621,0.004007427866068447,15.446382103254685,0.002383405103530578,68.6679245513986]]",157,139,0.5892544067987119,0,5384,1,0,1.956751887728734e-05,0,5383,18,20,0.07542178761354826,0,5385,0,0,1.1637720232082901e-05,0,5385,80,97,0.33529260034862596,0,5402
site_scaling,sites_256,0.48,50257,256,1.0,1.0,0.2,0.8,horizon,True,33955,5422,10841,26.474609375,52.9345703125,2.17114961114925e-15,0,3.552713678800501e-15,"[[148,0,21,0,87]]","[[148,0,18,0,90]]","[[5422,5422,5419,5419,5422]]","[[121.3810784331352,0.003936267465743992,15.174127552232333,0.0023822110911672634,68.23847553607484]]",148,148,0.5926810470367929,0,5422,0,0,1.9220055985078087e-05,0,5422,21,18,0.07409241968863443,0,5419,0,0,1.1631890093590153e-05,0,5419,87,90,0.3331956813284904,0,5422
site_scaling,sites_256,0.48,50258,256,1.0,1.0,0.2,0.8,horizon,True,33702,5418,10838,26.455078125,52.919921875,2.1705487949114996e-15,0,3.219646771412954e-15,"[[146,0,24,0,86]]","[[147,0,24,0,85]]","[[5419,5419,5419,5419,5418]]","[[121.48246170847574,0.003986658759058959,15.713394922313338,0.002389508900905668,67.59776720155031]]",146,147,0.5931760825609167,0,5419,0,0,1.946610722196757e-05,0,5419,24,24,0.07672556114410808,0,5419,0,0,1.1667523930203457e-05,0,5419,86,85,0.3300672226638199,0,5418
site_scaling,sites_256,0.48,50259,256,1.0,1.0,0.2,0.8,horizon,True,33950,5435,10846,26.5380859375,52.958984375,2.1721509715455e-15,0,1.3322676295501878e-15,"[[160,0,22,0,74]]","[[147,0,24,0,85]]","[[5422,5422,5424,5424,5435]]","[[121.99061480421199,0.003970902982229657,15.774852682000555,0.0023847846194146594,67.02817682618556]]",160,147,0.5956572988486913,0,5422,0,0,1.9389174717918248e-05,0,5422,22,24,0.07702564786133083,0,5424,0,0,1.1644456149485641e-05,0,5424,74,85,0.32728601965910914,0,5435
site_scaling,sites_256,0.48,50260,256,1.0,1.0,0.2,0.8,horizon,True,34010,5404,10816,26.38671875,52.8125,2.166142809168e-15,0,2.4424906541753444e-15,"[[153,0,21,0,82]]","[[158,0,19,0,79]]","[[5409,5409,5407,5407,5404]]","[[120.86610986941704,0.003927965890381968,15.206796348767766,0.0023517451589294136,68.72081407076641]]",153,158,0.5901665520967628,0,5409,0,0,1.9179520949130704e-05,0,5409,21,19,0.0742519352967176,0,5407,0,0,1.1483130658835027e-05,0,5407,82,79,0.3355508499549141,0,5404
site_scaling,sites_256,0.48,50261,256,1.0,1.0,0.2,0.8,horizon,True,33982,5451,10882,26.6162109375,53.134765625,2.1793607663985e-15,0,2.220446049250313e-15,"[[162,0,17,0,77]]","[[153,0,15,0,88]]","[[5442,5442,5440,5440,5451]]","[[120.66940457387977,0.003894850687741591,15.87243490837859,0.0024287175787696402,68.2518369494756]]",162,153,0.5892060770208973,0,5442,0,0,1.9017825623738238e-05,0,5442,17,15,0.07750212357606732,0,5440,0,0,1.1858972552586134e-05,0,5440,77,88,0.33326092260486134,0,5451
site_scaling,sites_256,0.48,50262,256,1.0,1.0,0.2,0.8,horizon,True,34749,5528,11065,26.9921875,54.0283203125,2.2160105569012496e-15,0,6.217248937900877e-15,"[[144,0,17,0,95]]","[[146,0,22,0,88]]","[[5530,5530,5535,5535,5528]]","[[122.70665032889879,0.0040426323009745135,15.34301275089912,0.0024299135658104876,66.74386437433658]]",144,146,0.5991535660590761,0,5530,0,0,1.9739415532102117e-05,0,5530,17,22,0.07491705444774961,0,5535,0,0,1.1864812333059021e-05,0,5535,95,88,0.3258977752653153,0,5528
site_scaling,sites_256,0.48,50263,256,1.0,1.0,0.2,0.8,horizon,True,34169,5430,10874,26.513671875,53.095703125,2.1777585897644997e-15,0,8.881784197001252e-16,"[[147,0,16,0,93]]","[[151,0,22,0,83]]","[[5434,5434,5440,5440,5430]]","[[121.04157344818506,0.00397172846050825,15.261164799464565,0.0024365086094804977,68.49085351528024]]",147,151,0.591023307852466,0,5434,0,0,1.939320537357544e-05,0,5434,16,22,0.07451740624738556,0,5440,0,0,1.1897014694728993e-05,0,5440,93,83,0.33442799568007925,0,5430
site_scaling,sites_256,0.48,50264,256,1.0,1.0,0.2,0.8,horizon,True,34235,5464,10938,26.6796875,53.408203125,2.1905760028364998e-15,0,2.4424906541753444e-15,"[[147,0,13,0,96]]","[[147,0,23,0,86]]","[[5464,5464,5474,5474,5464]]","[[120.86372506603706,0.004084047617519265,15.74645382686307,0.0023693241511834606,68.18336773533169]]",147,147,0.590154907549009,0,5464,0,0,1.9941638757418287e-05,0,5464,13,23,0.07688698157647983,0,5474,0,0,1.1568965581950491e-05,0,5474,96,86,0.33292660027017423,0,5464
site_scaling,sites_256,0.48,50265,256,1.0,1.0,0.2,0.8,horizon,True,34115,5448,10967,26.6015625,53.5498046875,2.19638389313475e-15,0,3.1086244689504383e-15,"[[137,0,28,0,91]]","[[174,0,25,0,57]]","[[5485,5485,5482,5482,5448]]","[[124.07218847515232,0.004048051865265662,15.733472659077433,0.0023841470460560232,64.98790666685831]]",137,174,0.6058212327888296,0,5485,0,0,1.976587824836749e-05,0,5485,28,25,0.07682359696815153,0,5482,0,0,1.1641342998320426e-05,0,5482,91,57,0.31732376302176907,0,5448
site_scaling,sites_256,0.48,50266,256,1.0,1.0,0.2,0.8,horizon,True,33830,5370,10718,26.220703125,52.333984375,2.1465161454014998e-15,0,1.5543122344752192e-15,"[[160,0,17,0,79]]","[[149,0,17,0,90]]","[[5359,5359,5359,5359,5370]]","[[120.54538599738814,0.003950545285130308,15.245838903581618,0.0023450875314456887,69.00247946621337]]",160,149,0.5886005175653717,0,5359,0,0,1.9289771900050332e-05,0,5359,17,17,0.07444257277139461,0,5359,0,0,1.1450622712137152e-05,0,5359,79,90,0.33692616926861996,0,5370
site_scaling,sites_256,0.48,50267,256,1.0,1.0,0.2,0.8,horizon,True,34225,5465,10891,26.6845703125,53.1787109375,2.1811632151117496e-15,0,2.886579864025407e-15,"[[160,0,22,0,74]]","[[146,0,11,0,99]]","[[5451,5451,5440,5440,5465]]","[[120.36700301568024,0.0040245954474330825,15.785853029783686,0.002368539048281132,68.64075082004096]]",160,146,0.5877295069125011,0,5451,0,0,1.9651344958169348e-05,0,5451,22,11,0.07707936049699066,0,5440,0,0,1.1565132071685215e-05,0,5440,74,99,0.3351599161134812,0,5465
site_scaling,sites_256,0.48,50268,256,1.0,1.0,0.2,0.8,horizon,True,33445,5330,10655,26.025390625,52.0263671875,2.1338990044087495e-15,0,5.10702591327572e-15,"[[149,0,19,0,88]]","[[148,0,16,0,92]]","[[5329,5329,5326,5326,5330]]","[[121.52761242682428,0.0039563399825710555,15.545086215482948,0.002354573785897096,67.72099044392537]]",149,148,0.5933965450528529,0,5329,0,0,1.9318066321147732e-05,0,5329,19,16,0.07590374128653783,0,5326,0,0,1.1496942313950665e-05,0,5326,88,92,0.33066889865197935,0,5330
site_scaling,sites_256,0.48,50269,256,1.0,1.0,0.2,0.8,horizon,True,33751,5417,10828,26.4501953125,52.87109375,2.1685460741189998e-15,0,4.440892098500626e-16,"[[145,0,19,0,92]]","[[144,0,15,0,97]]","[[5416,5416,5412,5412,5417]]","[[121.74238016555171,0.003949563234697945,15.313566460878599,0.0023860625311987738,67.73771774780371]]",145,144,0.594445215652108,0,5416,0,0,1.928497673192356e-05,0,5416,19,15,0.07477327373475878,0,5412,0,0,1.1650695953119013e-05,0,5412,92,97,0.3307505749404478,0,5417
site_scaling,sites_256,0.48,50270,256,1.0,1.0,0.2,0.8,horizon,True,34435,5494,10981,26.826171875,53.6181640625,2.19918770224425e-15,0,2.1094237467877974e-15,"[[155,0,22,0,79]]","[[150,0,25,0,81]]","[[5489,5489,5492,5492,5494]]","[[120.30926964984693,0.004037734379000513,15.664973919646528,0.002385112878936224,68.8193335832482]]",155,150,0.5874476057121432,0,5489,0,0,1.971549989746344e-05,0,5489,22,25,0.07648913046702406,0,5492,0,0,1.1646058979180782e-05,0,5492,79,81,0.33603190226195406,0,5494
site_scaling,sites_256,0.48,50271,256,1.0,1.0,0.2,0.8,horizon,True,33783,5418,10838,26.455078125,52.919921875,2.1705487949114996e-15,0,6.661338147750939e-16,"[[144,0,15,0,97]]","[[140,0,25,0,91]]","[[5414,5414,5424,5424,5418]]","[[119.74671260068955,0.004046110296752059,15.452299339678099,0.0023791408108213286,69.59456280852493]]",144,140,0.5847007451205544,0,5414,0,0,1.9756397933359663e-05,0,5414,15,25,0.07545068036952196,0,5424,0,0,1.1616898490338518e-05,0,5424,97,91,0.3398172012135006,0,5418
site_scaling,sites_1024,0.48,51024,1024,1.0,1.0,0.2,0.8,horizon,True,136611,21859,43618,26.683349609375,53.24462890625,8.735467552726499e-15,0,7.327471962526033e-15,"[[640,0,75,0,309]]","[[590,0,75,0,359]]","[[21809,21809,21809,21809,21859]]","[[482.4289019258946,0.01604360781598213,62.22041353376486,0.009535757996920052,274.52510517453373]]",640,590,0.588902468171258,0,21809,0,0,1.958448219724381e-05,0,21809,75,75,0.07595265323945906,0,21809,0,0,1.1640329586084048e-05,0,21809,309,359,0.33511365377750696,0,21859
site_scaling,sites_1024,0.48,51025,1024,1.0,1.0,0.2,0.8,horizon,True,136572,21726,43473,26.52099609375,53.067626953125,8.706428101235248e-15,0,2.886579864025407e-15,"[[591,0,75,0,358]]","[[599,0,80,0,345]]","[[21734,21734,21739,21739,21726]]","[[486.47516302749096,0.015864819516883316,61.932294406826415,0.009565474800381224,270.76711227136786]]",591,599,0.5938417517425426,0,21734,0,0,1.9366234761820454e-05,0,21734,75,80,0.07560094532083302,0,21739,0,0,1.1676604980934111e-05,0,21739,358,345,0.33052626009688457,0,21726
site_scaling,sites_1024,0.48,51026,1024,1.0,1.0,0.2,0.8,horizon,True,136381,21810,43597,26.62353515625,53.218994140625,8.731261839062249e-15,0,3.4416913763379853e-15,"[[596,0,78,0,350]]","[[574,0,99,0,351]]","[[21788,21788,21809,21809,21810]]","[[485.588278274576,0.015720228863767977,62.44852575460062,0.00946023467764856,271.1380155072792]]",596,574,0.5927591287531445,0,21788,0,0,1.9189732499716768e-05,0,21788,78,99,0.07623111054028395,0,21809,0,0,1.1548138034238965e-05,0,21809,350,351,0.33097902283603414,0,21810
site_scaling,sites_1024,0.48,51027,1024,1.0,1.0,0.2,0.8,horizon,True,135844,21713,43420,26.505126953125,53.0029296875,8.695813681035e-15,0,8.881784197001252e-16,"[[601,0,69,0,354]]","[[593,0,79,0,352]]","[[21705,21705,21715,21715,21713]]","[[483.99783559213216,0.016078597225237357,61.9090831833718,0.009483629802016669,273.26751899746813]]",601,593,0.5908176704005519,0,21705,0,0,1.962719387846357e-05,0,21705,69,79,0.0755726113078269,0,21715,0,0,1.1576696535664879e-05,0,21715,354,352,0.33357851440120617,0,21713
site_scaling,sites_1024,0.48,51028,1024,1.0,1.0,0.2,0.8,horizon,True,135887,21775,43481,26.580810546875,53.077392578125,8.708030277869248e-15,0,4.440892098500626e-16,"[[621,0,80,0,323]]","[[589,0,75,0,360]]","[[21743,21743,21738,21738,21775]]","[[484.2368528764884,0.015754706977513105,61.840356017109244,0.009494313471708787,273.0975420859528]]",621,589,0.5911094395464946,0,21743,0,0,1.9231820040909553e-05,0,21743,80,75,0.0754887158411978,0,21738,0,0,1.1589738124644516e-05,0,21738,323,360,0.33337102305414157,0,21775
site_scaling,sites_1024,0.48,51029,1024,1.0,1.0,0.2,0.8,horizon,True,136114,21811,43632,26.624755859375,53.26171875,8.738271361836e-15,0,4.218847493575595e-15,"[[580,0,91,0,353]]","[[594,0,73,0,357]]","[[21825,21825,21807,21807,21811]]","[[484.5379220154427,0.016056175182849408,61.96434653290968,0.00954514331099246,272.6721301331504]]",580,594,0.5914769555852571,0,21825,0,0,1.959982322125172e-05,0,21825,91,73,0.07564007145130576,0,21807,0,0,1.1651786268301343e-05,0,21807,353,357,0.33285172135394336,0,21811
site_scaling,sites_1024,0.48,51030,1024,1.0,1.0,0.2,0.8,horizon,True,136894,21893,43757,26.724853515625,53.414306640625,8.76330537174225e-15,0,5.440092820663267e-15,"[[591,0,79,0,354]]","[[574,0,84,0,366]]","[[21876,21876,21881,21881,21893]]","[[482.108863085788,0.016073371568272626,62.120703662006285,0.00960904753744804,274.94475083309555]]",591,574,0.5885117957590186,0,21876,0,0,1.9620814902676546e-05,0,21876,79,84,0.07583093708741001,0,21881,0,0,1.1729794357236377e-05,0,21881,354,366,0.33562591654430607,0,21893
site_scaling,sites_1024,0.48,51031,1024,1.0,1.0,0.2,0.8,horizon,True,136435,21883,43721,26.712646484375,53.370361328125,8.756095576889248e-15,0,5.329070518200751e-15,"[[616,0,71,0,337]]","[[578,0,102,0,344]]","[[21845,21845,21876,21876,21883]]","[[484.93470912598417,0.015944280065160688,62.43217731383205,0.009661167293640999,271.80750811282934]]",616,578,0.5919613148510549,0,21845,0,0,1.9463232501416855e-05,0,21845,71,102,0.07621115394754889,0,21876,0,0,1.179341710649536e-05,0,21876,337,344,0.3317962745517936,0,21883
site_scaling,sites_1024,0.48,51032,1024,1.0,1.0,0.2,0.8,horizon,True,136867,21920,43822,26.7578125,53.49365234375,8.7763230568935e-15,0,0.0,"[[616,0,75,0,333]]","[[602,0,85,0,337]]","[[21906,21906,21916,21916,21920]]","[[484.3014111143828,0.01588454128081168,63.42734035643071,0.009609561011234086,271.44575442689455]]",616,602,0.5911882459892368,0,21906,0,0,1.9390309180678322e-05,0,21906,75,85,0.07742595258353357,0,21916,0,0,1.1730421156291608e-05,0,21916,333,337,0.3313546806968927,0,21920
site_scaling,sites_1024,0.48,51033,1024,1.0,1.0,0.2,0.8,horizon,True,136613,21747,43500,26.546630859375,53.1005859375,8.711835447375e-15,0,9.325873406851315e-15,"[[605,0,69,0,350]]","[[608,0,69,0,347]]","[[21750,21750,21750,21750,21747]]","[[485.2926843127507,0.016045187885972978,61.96355879972644,0.009525396794437369,271.9181863028349]]",605,608,0.5923982962802132,0,21750,0,0,1.9586410993619358e-05,0,21750,69,69,0.0756391098629473,0,21750,0,0,1.1627681633834678e-05,0,21750,350,347,0.3319313797642027,0,21747
site_scaling,sites_1024,0.48,51034,1024,1.0,1.0,0.2,0.8,horizon,True,135594,21647,43311,26.424560546875,52.869873046875,8.67398402439675e-15,0,2.1094237467877974e-15,"[[592,0,87,0,345]]","[[603,0,82,0,339]]","[[21658,21658,21653,21653,21647]]","[[486.00388122920845,0.015903961498717062,62.001257338714844,0.009396872835130077,271.16956059774117]]",592,603,0.5932664565786235,0,21658,0,0,1.94140155013636e-05,0,21658,87,82,0.0756851285872984,0,21653,0,0,1.1470792035070894e-05,0,21653,345,339,0.3310175300265395,0,21647
site_scaling,sites_1024,0.48,51035,1024,1.0,1.0,0.2,0.8,horizon,True,137273,21955,43910,26.800537109375,53.60107421875,8.793946999867499e-15,0,2.3314683517128287e-15,"[[597,0,80,0,347]]","[[602,0,70,0,352]]","[[21960,21960,21950,21950,21955]]","[[485.08874151837927,0.01603140014174967,62.96465319310863,0.009579395207747032,271.1209944931607]]",597,602,0.5921493426738028,0,21960,0,0,1.9569580251159264e-05,0,21960,80,70,0.07686114891736893,0,21950,0,0,1.1693597665706827e-05,0,21950,347,352,0.33095824523090905,0,21955
site_scaling,sites_1024,0.48,51036,1024,1.0,1.0,0.2,0.8,horizon,True,135982,21659,43336,26.439208984375,52.900390625,8.678990826377998e-15,0,1.9984014443252818e-15,"[[591,0,75,0,358]]","[[596,0,83,0,345]]","[[21664,21664,21672,21672,21659]]","[[483.9353353424756,0.0157060458342686,61.814292692778736,0.009548074762960435,273.4251178441502]]",591,596,0.5907413761504828,0,21664,0,0,1.9172419231284913e-05,0,21664,75,83,0.07545690025973967,0,21672,0,0,1.1655364700879437e-05,0,21672,358,345,0.33377089580584735,0,21659
site_scaling,sites_1024,0.48,51037,1024,1.0,1.0,0.2,0.8,horizon,True,137016,21893,43797,26.724853515625,53.463134765625,8.77131625491225e-15,0,2.220446049250313e-16,"[[612,0,96,0,316]]","[[624,0,83,0,317]]","[[21905,21905,21892,21892,21893]]","[[483.87329565038505,0.01602127614264337,62.36001150383407,0.009686934714772888,272.94098463492367]]",612,624,0.5906656441044739,0,21905,0,0,1.9557221853812708e-05,0,21905,96,83,0.0761230609177662,0,21892,0,0,1.1824871477994248e-05,0,21892,316,317,0.3331799128844283,0,21893
site_scaling,sites_1024,0.48,51038,1024,1.0,1.0,0.2,0.8,horizon,True,137179,21899,43893,26.732177734375,53.580322265625,8.790542374520249e-15,0,1.2212453270876722e-15,"[[583,0,80,0,361]]","[[630,0,81,0,313]]","[[21946,21946,21947,21947,21899]]","[[483.37240272105504,0.015998860956835448,62.8059085869576,0.009717617376074239,272.99597221365354]]",583,630,0.5900542025403503,0,21946,0,0,1.952985956644952e-05,0,21946,80,81,0.07666736888056347,0,21947,0,0,1.1862325898528124e-05,0,21947,361,313,0.33324703639362,0,21899
site_scaling,sites_1024,0.48,51039,1024,1.0,1.0,0.2,0.8,horizon,True,136565,21838,43658,26.65771484375,53.29345703125,8.743478435896498e-15,0,3.3306690738754696e-15,"[[611,0,66,0,347]]","[[598,0,74,0,352]]","[[21825,21825,21833,21833,21838]]","[[485.569646124178,0.015917315900659257,61.90781823476147,0.009662138396716341,271.69695618676604]]",611,598,0.5927363844289282,0,21825,0,0,1.9430317261546944e-05,0,21825,66,74,0.0755710671811053,0,21833,0,0,1.1794602535054127e-05,0,21833,347,352,0.33166132347017335,0,21838
two_rate_classes,75pct_reference_25pct_slow,0.48,61000,256,1.0,1.0,0.2,0.8,horizon,True,28256,4503,9014,21.9873046875,44.013671875,1.8052525223594998e-15,0,2.220446049250313e-15,"[[116,0,14,0,62],[41,0,1,0,22]]","[[111,0,18,0,63],[47,0,3,0,14]]","[[4074,4074,4078,4078,4079],[430,430,432,432,424]]","[[90.66485906997382,0.003007797367933107,11.445153088959836,0.0017783877072997667,51.485201655990586],[38.632978750117076,0.0003171823879265234,1.1162391368534568,0.00018341299891172502,11.450281517642738]]",157,158,0.6313370987309125,0,4504,0,0,1.6235252714158352e-05,0,4504,15,21,0.06133492297760397,0,4510,0,0,9.5791050107983e-06,0,4510,84,77,0.3073021639337564,0,4503
two_rate_classes,75pct_reference_25pct_slow,0.48,61001,256,1.0,1.0,0.2,0.8,horizon,True,28675,4591,9177,22.4169921875,44.8095703125,1.8378968712772497e-15,0,1.4432899320127035e-15,"[[102,0,14,0,76],[52,0,0,0,12]]","[[101,0,18,0,73],[46,0,5,0,13]]","[[4134,4134,4138,4138,4135],[450,450,455,455,456]]","[[91.54677183954438,0.003026330413000572,11.994578574821581,0.001797208879716905,50.05382604634123],[37.966148233139364,0.0003372261209002858,1.1045355210130328,0.0002147723743606278,12.12876424735214]]",154,147,0.6323873050424011,0,4584,0,0,1.6423615888187782e-05,0,4584,14,23,0.06396051804606745,0,4593,0,0,9.824127217175453e-06,0,4593,88,86,0.3036259291684246,0,4591
two_rate_classes,75pct_reference_25pct_slow,0.48,61002,256,1.0,1.0,0.2,0.8,horizon,True,28560,4531,9067,22.1240234375,44.2724609375,1.8158669425597497e-15,0,6.661338147750939e-16,"[[106,0,18,0,68],[48,0,1,0,15]]","[[110,0,12,0,70],[49,0,2,0,13]]","[[4098,4098,4092,4092,4094],[438,438,439,439,437]]","[[91.79572086079534,0.002959146072666563,11.613669507008773,0.0018096196935955822,50.18584086642978],[38.451950350707634,0.00034302667056931857,1.1505115204446268,0.00020329113760850226,11.59699181103956]]",154,159,0.6359749570874168,0,4536,0,0,1.6123890347831453e-05,0,4536,19,14,0.0623251026731123,0,4531,0,0,9.828666167988693e-06,0,4531,83,83,0.3016739876829557,0,4531
two_rate_classes,75pct_reference_25pct_slow,0.48,61003,256,1.0,1.0,0.2,0.8,horizon,True,28267,4479,8991,21.8701171875,43.9013671875,1.8006462645367498e-15,0,5.551115123125783e-16,"[[109,0,14,0,69],[46,0,2,0,16]]","[[117,0,11,0,64],[57,0,0,0,7]]","[[4062,4062,4059,4059,4054],[436,436,434,434,425]]","[[90.50152224936679,0.002904463554320613,11.670512774727825,0.0017490571998061144,51.423311455151136],[39.25851946996547,0.0003141063628608609,1.2708561464324348,0.00017782388038406483,10.670132453358873]]",155,174,0.633593953707677,0,4498,0,0,1.5715673423737667e-05,0,4498,16,11,0.06319027793535283,0,4493,0,0,9.40859902436611e-06,0,4493,85,71,0.3031906440845215,0,4479
two_rate_classes,75pct_reference_25pct_slow,0.48,61004,256,1.0,1.0,0.2,0.8,horizon,True,28275,4544,9071,22.1875,44.2919921875,1.81666803087675e-15,0,8.881784197001252e-16,"[[113,0,19,0,60],[53,0,1,0,10]]","[[111,0,13,0,68],[50,0,0,0,14]]","[[4090,4090,4084,4084,4092],[449,449,448,448,452]]","[[90.88323317759881,0.0030467440993042494,11.679857354627861,0.0017644998099533016,51.03209822386374],[38.52426174064114,0.00029881701088949053,1.2687059746241207,0.0001999295674407764,11.406533538156577]]",166,161,0.6318725337804684,0,4539,0,0,1.633574760836787e-05,0,4539,20,13,0.0632254068811132,0,4532,0,0,9.591940319307021e-06,0,4532,70,82,0.3048761316504898,0,4544
two_rate_classes,75pct_reference_25pct_slow,0.48,61005,256,1.0,1.0,0.2,0.8,horizon,True,28624,4565,9129,22.2900390625,44.5751953125,1.8282838114732497e-15,0,7.771561172376096e-16,"[[115,0,13,0,64],[56,0,0,0,8]]","[[119,0,16,0,57],[48,0,4,0,12]]","[[4108,4108,4111,4111,4104],[453,453,457,457,461]]","[[90.35646189851879,0.00307286830213116,11.555981470623392,0.0018175260301022678,51.682666236525414],[38.58326190474587,0.00033283869547923173,1.3130425788748852,0.00019649114185474326,11.303166186541922]]",171,167,0.6295884951331282,0,4561,0,0,1.662942869926949e-05,0,4561,13,20,0.0628370314916908,0,4568,0,0,9.834068222446343e-06,0,4568,72,69,0.3075480098782585,0,4565
two_rate_classes,75pct_reference_25pct_slow,0.48,61006,256,1.0,1.0,0.2,0.8,horizon,True,27936,4461,8938,21.7822265625,43.642578125,1.7900318443365e-15,0,2.220446049250313e-15,"[[114,0,12,0,66],[48,0,3,0,13]]","[[114,0,18,0,60],[54,0,1,0,9]]","[[4033,4033,4039,4039,4033],[434,434,432,432,428]]","[[93.27249355013298,0.002981080807257286,11.330170664607099,0.0017346397650181977,48.99262006468811],[39.28491771634553,0.0003213667849084334,1.1680868323569094,0.00018465046173116173,10.746489434050927]]",162,168,0.647252984699602,0,4467,0,0,1.6125232383621676e-05,0,4467,15,19,0.06102664793439457,0,4471,0,0,9.371534310299607e-06,0,4471,79,69,0.2916948705993117,0,4461
two_rate_classes,75pct_reference_25pct_slow,0.48,61007,256,1.0,1.0,0.2,0.8,horizon,True,28766,4599,9180,22.4560546875,44.82421875,1.8384976875149996e-15,0,2.3314683517128287e-15,"[[118,0,15,0,59],[46,0,1,0,17]]","[[104,0,19,0,69],[49,0,1,0,14]]","[[4098,4098,4102,4102,4112],[490,490,490,490,487]]","[[91.09065847252946,0.003034641141269001,11.511028075905168,0.0017590694578563937,50.99351974096597],[38.15558079442494,0.00033080839596588696,1.4447874358358597,0.00020920968955578934,11.599091751653495]]",164,153,0.6310851526706758,0,4588,0,0,1.6432859068529727e-05,0,4588,16,20,0.06326081792842299,0,4592,0,0,9.61073802447355e-06,0,4592,76,83,0.30562798580380596,0,4599
two_rate_classes,75pct_reference_25pct_slow,0.48,61008,256,1.0,1.0,0.2,0.8,horizon,True,28411,4548,9089,22.20703125,44.3798828125,1.82027292830325e-15,0,3.1086244689504383e-15,"[[110,0,13,0,69],[46,0,4,0,14]]","[[111,0,17,0,64],[41,0,1,0,22]]","[[4087,4087,4091,4091,4086],[457,457,454,454,462]]","[[90.3883595249801,0.0030216444753679017,11.968361400973631,0.0018107298707140396,51.238446699700766],[37.71158829142421,0.00031392579088457273,1.2122342860695001,0.00018387027973021386,12.275679626435712]]",156,152,0.6254880264472867,0,4544,0,0,1.628696419068591e-05,0,4544,17,18,0.06435837737814028,0,4545,0,0,9.739258547091081e-06,0,4545,83,86,0.31012756995183827,0,4548
two_rate_classes,75pct_reference_25pct_slow,0.48,61009,256,1.0,1.0,0.2,0.8,horizon,True,29037,4635,9281,22.6318359375,45.3173828125,1.85872516751925e-15,0,2.6645352591003757e-15,"[[104,0,17,0,71],[52,0,2,0,10]]","[[116,0,10,0,66],[48,0,4,0,12]]","[[4183,4183,4176,4176,4171],[460,460,462,462,464]]","[[89.89533083294371,0.0030304856531101487,11.862004357540297,0.001844797964094952,51.837789525899154],[37.970417384063225,0.0003471753338805672,1.2900370733332747,0.00020083977099025208,11.938997527498843]]",156,164,0.6243444737158541,0,4643,0,0,1.6492485288040605e-05,0,4643,19,14,0.06421895229918737,0,4638,0,0,9.988465503345722e-06,0,4638,81,78,0.3114100930341699,0,4635
two_rate_classes,75pct_reference_25pct_slow,0.48,61010,256,1.0,1.0,0.2,0.8,horizon,True,28260,4530,9059,22.119140625,44.2333984375,1.81426476592575e-15,0,3.219646771412954e-15,"[[116,0,18,0,58],[42,0,3,0,19]]","[[112,0,13,0,67],[49,0,1,0,14]]","[[4130,4130,4125,4125,4134],[403,403,401,401,396]]","[[89.5109714459741,0.0029998061168298173,11.977456960534763,0.0017763539247302451,52.106795433449086],[40.26493767078793,0.00027581581022984025,1.2636108430062587,0.00018349893149946506,9.670992171463917]]",158,161,0.6336714312341896,0,4533,0,0,1.5994247690720984e-05,0,4533,21,14,0.06465365138447764,0,4526,0,0,9.569594024559132e-06,0,4526,77,81,0.30164935353961425,0,4530
two_rate_classes,75pct_reference_25pct_slow,0.48,61011,256,1.0,1.0,0.2,0.8,horizon,True,27704,4417,8873,21.5673828125,43.3251953125,1.7770141591852496e-15,0,1.2212453270876722e-15,"[[110,0,12,0,70],[50,0,3,0,11]]","[[128,0,10,0,54],[53,0,2,0,9]]","[[4017,4017,4015,4015,3999],[421,421,420,420,418]]","[[93.44409164008067,0.0029196295470973743,11.409638666423431,0.0017500838213661274,48.74159998012706],[39.77024740216827,0.00031388216090277865,1.3011729804660623,0.00017587567016669192,10.128089859534727]]",160,181,0.6504606398547311,0,4438,0,0,1.5788631386719497e-05,0,4438,15,12,0.0620645099945776,0,4435,0,0,9.404099079750094e-06,0,4435,81,63,0.28744965742022355,0,4417
two_rate_classes,75pct_reference_25pct_slow,0.48,61012,256,1.0,1.0,0.2,0.8,horizon,True,28789,4639,9293,22.6513671875,45.3759765625,1.86112843247025e-15,0,9.992007221626409e-16,"[[116,0,15,0,61],[49,0,0,0,15]]","[[123,0,13,0,56],[50,0,1,0,13]]","[[4193,4193,4191,4191,4186],[454,454,455,455,453]]","[[90.63798388172644,0.003040164301238074,12.000083275445073,0.001844763746998268,50.957047914780176],[38.10190652876176,0.00033803616373076495,1.3710057989984201,0.00019632446570044815,11.72655331161026]]",165,173,0.628612746144962,0,4647,0,0,1.649511945785566e-05,0,4647,15,14,0.06528852087130611,0,4646,0,0,9.96625103856795e-06,0,4646,76,69,0.3060722716132345,0,4639
two_rate_classes,75pct_reference_25pct_slow,0.48,61013,256,1.0,1.0,0.2,0.8,horizon,True,28140,4516,9018,22.05078125,44.033203125,1.8060536106765e-15,0,8.881784197001252e-16,"[[117,0,15,0,60],[42,0,4,0,18]]","[[106,0,18,0,68],[46,0,1,0,17]]","[[4048,4048,4051,4051,4059],[461,461,458,458,457]]","[[90.37174743228762,0.0029138472677267546,11.54651680150286,0.0017631560608797614,51.67705876288102],[38.10182620892875,0.00031263932511391146,1.4464898273197635,0.00021010719503264386,11.651161217231433]]",159,152,0.6273123712950018,0,4509,0,0,1.5754329066604815e-05,0,4509,19,19,0.06344241517979796,0,4509,0,0,9.635074491759791e-06,0,4509,78,85,0.3092198241216428,0,4516
two_rate_classes,75pct_reference_25pct_slow,0.48,61014,256,1.0,1.0,0.2,0.8,horizon,True,28270,4493,9002,21.9384765625,43.955078125,1.8028492574085e-15,0,6.661338147750939e-16,"[[109,0,15,0,68],[51,0,2,0,11]]","[[121,0,12,0,59],[49,0,1,0,14]]","[[4083,4083,4080,4080,4071],[420,420,419,419,422]]","[[90.84458753352668,0.0029764848051229142,11.65044934281377,0.0017627794560737264,51.100223859398675],[39.545172872434556,0.00031365508058947555,1.2166798487367134,0.00018609870461414046,10.437647525043351]]",160,170,0.6366687519822325,0,4503,0,0,1.606513616070503e-05,0,4503,17,13,0.0628277792556176,0,4499,0,0,9.516006643983725e-06,0,4499,79,73,0.3004778876193458,0,4493
two_rate_classes,75pct_reference_25pct_slow,0.48,61015,256,1.0,1.0,0.2,0.8,horizon,True,28383,4536,9089,22.1484375,44.3798828125,1.82027292830325e-15,0,8.881784197001252e-16,"[[108,0,22,0,62],[49,0,2,0,13]]","[[114,0,17,0,61],[54,0,2,0,8]]","[[4112,4112,4107,4107,4106],[435,435,435,435,430]]","[[91.33992323183313,0.0029984655419194595,11.603680983943587,0.001739412612915936,50.65165790606819],[38.9110572841479,0.0003424951617661265,1.2251291553155437,0.00018568653029349402,11.063285378844569]]",157,168,0.6359911158006887,0,4547,0,0,1.6313284685964775e-05,0,4547,24,19,0.06264067450810122,0,4542,0,0,9.399898160202295e-06,0,4542,75,69,0.30134249650836303,0,4536
fixed_event_transient,3500_events_all_empty_start,0.48,72000,256,1.0,0.0999556940564719,0.0,0.0999556940564719,event_limit,False,3500,620,1440,24.229485101986437,56.27493314009753,2.3081570036985986e-15,0,1.3322676295501878e-15,"[[145,0,22,0,89]]","[[256,0,0,0,0]]","[[731,731,709,709,620]]","[[15.615633404232446,0.0005531375273932711,2.0482136990394677,0.0003197267889084209,7.923937710868623]]",145,256,0.6102560595579545,0,731,0,0,2.161651206342722e-05,0,731,22,0,0.08004381178477632,0,709,0,0,1.249486365897185e-05,0,709,89,0,0.3096660172815481,0,620
fixed_event_transient,3500_events_all_empty_start,0.48,72001,256,1.0,0.10070370701456009,0.0,0.10070370701456009,event_limit,False,3500,626,1437,24.28224910972193,55.74056225346712,2.2862393960583014e-15,0,0.0,"[[153,0,21,0,82]]","[[256,0,0,0,0]]","[[729,729,708,708,626]]","[[16.435772137931032,0.0005092303613359554,1.9954428333033465,0.00031459910459436446,7.348110195027074]]",153,256,0.6375359638400453,0,729,0,0,1.9752809086570894e-05,0,729,21,0,0.07740230025955462,0,708,0,0,1.2203153079002912e-05,0,708,82,0,0.28502977993823453,0,626
fixed_event_transient,3500_events_all_empty_start,0.48,72002,256,1.0,0.09859237344769038,0.0,0.09859237344769038,event_limit,False,3500,632,1434,25.03996925593673,56.81537328008429,2.330323546146278e-15,0,1.1102230246251565e-15,"[[161,0,20,0,75]]","[[256,0,0,0,0]]","[[727,727,707,707,632]]","[[15.91228868753927,0.0005471314844043179,1.9728168792849874,0.0003061830737924405,7.353688721226311]]",161,256,0.6304481321638816,0,727,0,0,2.1677461310821437e-05,0,727,20,0,0.07816340823558407,0,707,0,0,1.2131036003878033e-05,0,707,75,0,0.29135465110322073,0,632
fixed_event_transient,3500_events_all_empty_start,0.48,72003,256,1.0,0.09929774494607835,0.0,0.09929774494607835,event_limit,False,3500,630,1435,24.783417804063554,56.4511183314781,2.3153833664988996e-15,0,5.551115123125783e-16,"[[160,0,17,0,79]]","[[256,0,0,0,0]]","[[726,726,709,709,630]]","[[15.592130979613168,0.0005358803559280703,1.9408646352335035,0.0003028166513250152,7.886388394342121]]",160,256,0.6133750738467236,0,726,0,0,2.108086786342167e-05,0,726,17,0,0.07635120500971956,0,709,0,0,1.1912431091770298e-05,0,709,79,0,0.3102407278446011,0,630
fixed_event_transient,3500_events_all_empty_start,0.48,72004,256,1.0,0.10293449581042212,0.0,0.10293449581042212,event_limit,False,3500,618,1441,23.452414868248436,54.68435246787378,2.2429181892978583e-15,0,6.661338147750939e-16,"[[145,0,17,0,94]]","[[256,0,0,0,0]]","[[729,729,712,712,618]]","[[16.21933235605745,0.0005423075468324328,1.974336979219069,0.0003014140194894738,8.156717870625206]]",145,256,0.6155056817156386,0,729,0,0,2.057997018526906e-05,0,729,17,0,0.074923899557233,0,712,0,0,1.1438327883775823e-05,0,712,94,0,0.3095384004290587,0,618
fixed_event_transient,3500_events_all_empty_start,0.48,72005,256,1.0,0.09974954759165226,0.0,0.09974954759165226,event_limit,False,3500,618,1441,24.201237582375015,56.43039378026278,2.3145333340711924e-15,0,2.55351295663786e-15,"[[143,0,21,0,92]]","[[256,0,0,0,0]]","[[731,731,710,710,618]]","[[15.745959007708013,0.0005098602657288962,1.9960982229050246,0.00031474313531705404,7.793002349448832]]",143,256,0.6166208655467307,0,731,0,0,1.9966423017342842e-05,0,731,21,0,0.07816836137585932,0,710,0,0,1.2325523293251834e-05,0,710,92,0,0.30517848113109686,0,618
fixed_event_transient,3500_events_all_empty_start,0.48,72006,256,1.0,0.10391095728316721,0.0,0.10391095728316721,event_limit,False,3500,628,1436,23.607953041131186,53.98251682653564,2.214131893862073e-15,0,6.661338147750939e-16,"[[156,0,20,0,80]]","[[256,0,0,0,0]]","[[728,728,708,708,628]]","[[16.680174747479636,0.00053202790367017,2.05489889750803,0.0002968479124377323,7.865302543687046]]",156,256,0.6270458314591744,0,728,0,0,2.00001429401542e-05,0,728,20,0,0.07724833865707295,0,708,0,0,1.1159190409534722e-05,0,708,80,0,0.2956746705504036,0,628
fixed_event_transient,3500_events_all_empty_start,0.48,72007,256,1.0,0.09986977282366831,0.0,0.09986977282366831,event_limit,False,3500,622,1439,24.328557393335576,56.28423486979082,2.3085385208562404e-15,0,2.220446049250313e-16,"[[149,0,19,0,88]]","[[256,0,0,0,0]]","[[729,729,710,710,622]]","[[15.656164853216806,0.0005364336952411288,1.96313109314937,0.0002990019062884807,7.94653046089139]]",149,256,0.6123664070594989,0,729,0,0,2.098176518069596e-05,0,729,19,0,0.07678480300695507,0,710,0,0,1.1694992022276604e-05,0,710,88,0,0.3108161131763434,0,622
fixed_event_transient,3500_events_all_empty_start,0.48,72008,256,1.0,0.09845553714308462,0.0,0.09845553714308462,event_limit,False,3500,626,1437,24.83671889826011,57.01336271054277,2.3384442255513225e-15,0,8.881784197001252e-16,"[[155,0,17,0,84]]","[[256,0,0,0,0]]","[[727,727,710,710,626]]","[[15.725295412394127,0.0005307757467248315,1.8116828160644023,0.00030555357675447265,7.666802950847633]]",155,256,0.6239053382583581,0,727,0,0,2.105867095753793e-05,0,727,17,0,0.0718790045293927,0,710,0,0,1.2122920597777607e-05,0,710,84,0,0.30418247562069295,0,626
fixed_event_transient,3500_events_all_empty_start,0.48,72009,256,1.0,0.10020153004394401,0.0,0.10020153004394401,event_limit,False,3500,623,1438,24.286991914521984,56.05889947525299,2.2992962269953333e-15,0,1.2212453270876722e-15,"[[149,0,21,1,85]]","[[256,0,0,0,0]]","[[730,730,709,708,623]]","[[15.863494974786084,0.0005367116517113034,1.966342643014589,0.0003086481751902421,7.820908713622059]]",149,256,0.6184214673975759,0,730,0,0,2.0923132496857408e-05,0,730,21,0,0.07665577507556198,0,709,1,0,1.2032320602371388e-05,0,708,85,0,0.30488980207376165,0,623
fixed_event_transient,3500_events_all_empty_start,0.48,72010,256,1.0,0.09921096178064467,0.0,0.09921096178064467,event_limit,False,3500,621,1439,24.45073816906845,56.65799070094928,2.3238683860595253e-15,0,2.220446049250313e-15,"[[146,1,21,0,88]]","[[256,0,0,0,0]]","[[731,730,709,709,621]]","[[15.787099923501733,0.0005003935504229466,2.1015578967116286,0.0003007382437957345,7.508547263837398]]",146,256,0.6215881589025144,0,731,1,0,1.9702080004640932e-05,0,730,21,0,0.0827449949752564,0,709,0,0,1.1841017804307535e-05,0,709,88,0,0.295635303024418,0,621
fixed_event_transient,3500_events_all_empty_start,0.48,72011,256,1.0,0.10286624827702191,0.0,0.10286624827702191,event_limit,False,3500,622,1439,23.619870858483903,54.644685153309226,2.24129120575792e-15,0,1.1102230246251565e-15,"[[149,0,19,0,88]]","[[256,0,0,0,0]]","[[729,729,710,710,622]]","[[16.4846499626359,0.0005372784646563537,2.0561745989104914,0.00031837852631152064,7.792079340380282]]",149,256,0.6259892335446486,0,729,0,0,2.0402649437664927e-05,0,729,19,0,0.07808131589832917,0,710,0,0,1.2090128095807939e-05,0,710,88,0,0.2958969577794899,0,622
fixed_event_transient,3500_events_all_empty_start,0.48,72012,256,1.0,0.10240187260234322,0.0,0.10240187260234322,event_limit,False,3500,629,1435,23.99400701920149,54.739904725841235,2.245196705257702e-15,0,4.440892098500626e-16,"[[158,0,18,1,79]]","[[256,0,0,0,0]]","[[727,727,709,708,629]]","[[16.450114306178904,0.0005416768518402926,2.191810082400313,0.00031158041187747765,7.572101740356939]]",158,256,0.6275105852609276,0,727,0,0,2.066295418949912e-05,0,727,18,0,0.08360939030503928,0,709,1,0,1.1885632097987107e-05,0,708,79,0,0.28884747584774595,0,629
fixed_event_transient,3500_events_all_empty_start,0.48,72013,256,1.0,0.0989941805200293,0.0,0.0989941805200293,event_limit,False,3500,620,1440,24.464821944861566,56.82152193645267,2.3305757377255137e-15,0,3.3306690738754696e-16,"[[146,0,20,0,90]]","[[256,0,0,0,0]]","[[730,730,710,710,620]]","[[15.556631186205193,0.0005498571756606192,1.928073108075532,0.000302708129831684,7.856953353541274]]",146,256,0.6138551806974042,0,730,0,0,2.1697028867163738e-05,0,730,20,0,0.07608058917055438,0,710,0,0,1.1944678221926106e-05,0,710,90,0,0.310030588424952,0,620
fixed_event_transient,3500_events_all_empty_start,0.48,72014,256,1.0,0.101310558445872,0.0,0.101310558445872,event_limit,False,3500,616,1442,23.75122629775658,55.599461560657446,2.280452049291943e-15,0,1.3322676295501878e-15,"[[142,0,18,0,96]]","[[256,0,0,0,0]]","[[730,730,712,712,616]]","[[15.982910827079674,0.0005613177564801942,1.9869329366930848,0.00029753373032196577,7.964800346883706]]",142,256,0.6162560583617421,0,730,0,0,2.1642832888165768e-05,0,730,18,0,0.07661054191211608,0,712,0,0,1.1472063246903714e-05,0,712,96,0,0.3071002848300081,0,616
fixed_event_transient,3500_events_all_empty_start,0.48,72015,256,1.0,0.10162227456787226,0.0,0.10162227456787226,event_limit,False,3500,624,1438,23.985883118292378,55.27516013478275,2.2671505922190646e-15,0,3.3306690738754696e-16,"[[152,0,18,0,86]]","[[256,0,0,0,0]]","[[728,728,710,710,624]]","[[16.362199838801956,0.0005549831158497089,1.8808444472922439,0.0003297071846971567,7.771373312980542]]",152,256,0.6289452129673816,0,728,0,0,2.1332948957366725e-05,0,728,18,0,0.07229762031480927,0,710,0,0,1.2673586531101342e-05,0,710,86,0,0.2987231601823203,0,624
